{"type":"Feature","id":286,"geometry":{"type":"Polygon","coordinates":[[[-117.21824615,51.06444398],[-117.21871529,51.06408757],[-117.21928967,51.06379846],[-117.21991144,51.06356453],[-117.22052411,51.06335766],[-117.22107718,51.06300197],[-117.2216288,51.06257008],[-117.22218257,51.06198152],[-117.22272705,51.06151616],[-117.223389,51.0612509],[-117.22416681,51.06118646],[-117.22438631,51.06100309],[-117.22474265,51.06090375],[-117.22523574,51.06088773],[-117.22565123,51.06086209],[-117.22609203,51.06095787],[-117.22663594,51.06089592],[-117.2269962,51.06070863],[-117.22717384,51.06039531],[-117.22731923,51.05996342],[-117.22767699,51.05944536],[-117.22811837,51.05896077],[-117.2286394,51.05849221],[-117.2289933,51.05797486],[-117.22917618,51.05745396],[-117.22907276,51.05672868],[-117.2291071,51.05598845],[-117.23007887,51.05623804],[-117.23099199,51.05626332],[-117.23164403,51.05667278],[-117.23223753,51.0571061],[-117.23222663,51.05775376],[-117.2330027,51.05796988],[-117.23378371,51.05814007],[-117.23457428,51.05831561],[-117.23536918,51.05844877],[-117.23608929,51.058792],[-117.23661935,51.05918971],[-117.23695904,51.05964155],[-117.23730698,51.06009551],[-117.23784237,51.06054699],[-117.23855062,51.06105329],[-117.23935229,51.06154927],[-117.24015197,51.06197511],[-117.24096199,51.06221331],[-117.24176753,51.06232938],[-117.24257313,51.06227882],[-117.24337059,51.06228701],[-117.24416964,51.06229449],[-117.24498419,51.06214993],[-117.24580648,51.06206235],[-117.24663025,51.0619655],[-117.24744976,51.06192491],[-117.24830567,51.06179602],[-117.24917368,51.06170344],[-117.24992953,51.06158381],[-117.25057136,51.06151759],[-117.25108302,51.06137267],[-117.25168926,51.06126443],[-117.25240018,51.06109709],[-117.25321952,51.06092939],[-117.2540652,51.06079266],[-117.25487628,51.06061499],[-117.2556024,51.06040065],[-117.25625205,51.06028137],[-117.25672654,51.0600916],[-117.25720216,51.06004139],[-117.2575768,51.05984485],[-117.25802783,51.05967288],[-117.25846653,51.05939516],[-117.25907129,51.0591801],[-117.25977727,51.05899673],[-117.26062838,51.05866489],[-117.26133808,51.0582298],[-117.26182798,51.05769002],[-117.26215792,51.05717588],[-117.26245632,51.05668239],[-117.26226825,51.0564652],[-117.2621113,51.05625157],[-117.26206818,51.05616185],[-117.26193784,51.05580259],[-117.26156277,51.05535966],[-117.26127614,51.05486866],[-117.26075758,51.05452721],[-117.26035881,51.05408855],[-117.26131125,51.05379339],[-117.2619974,51.05348611],[-117.26241725,51.05316673],[-117.26279623,51.05284486],[-117.26322025,51.05244146],[-117.26364929,51.05202594],[-117.26419225,51.05168271],[-117.26482064,51.05147477],[-117.26560817,51.0513968],[-117.26666485,51.05128464],[-117.26759884,51.05108668],[-117.2682073,51.05077335],[-117.26878906,51.05050026],[-117.2692468,51.05018266],[-117.26979861,51.04992951],[-117.27035497,51.0496144],[-117.2711161,51.04935377],[-117.2720602,51.04897707],[-117.27318103,51.0485288],[-117.27420563,51.04804991],[-117.27514692,51.04776471],[-117.27607317,51.04759772],[-117.27698462,51.04754858],[-117.27764317,51.0472025],[-117.27834907,51.04675993],[-117.27910186,51.04622158],[-117.28006875,51.04570672],[-117.28103605,51.04525489],[-117.28202749,51.04482692],[-117.28300001,51.04447692],[-117.28356234,51.04409666],[-117.28402237,51.04368292],[-117.28458,51.04387946],[-117.28500136,51.04359071],[-117.28546109,51.04333791],[-117.28583053,51.04315703],[-117.2861766,51.0429345],[-117.28647606,51.04267387],[-117.28675338,51.04239936],[-117.2869135,51.04221029],[-117.28703634,51.04208389],[-117.28739154,51.04178623],[-117.28767959,51.04147077],[-117.28790104,51.04116456],[-117.28808464,51.04090358],[-117.28825473,51.04070526],[-117.28842483,51.04050694],[-117.28861354,51.04029651],[-117.28883591,51.04010139],[-117.28906289,51.03993583],[-117.28929002,51.03974036],[-117.28959333,51.03955663],[-117.28991546,51.03939712],[-117.29010042,51.03930063],[-117.29028522,51.03918954],[-117.29055519,51.03901793],[-117.29084376,51.03886126],[-117.29133683,51.03860241],[-117.29203976,51.03825669],[-117.2927251,51.03789529],[-117.2932901,51.03748726],[-117.29379658,51.03716325],[-117.2941579,51.03688054],[-117.29447683,51.03667012],[-117.29476694,51.03674133],[-117.29511956,51.03681218],[-117.29553357,51.03686523],[-117.29602297,51.0368161],[-117.29641685,51.03673705],[-117.29685823,51.03661884],[-117.29725657,51.03648319],[-117.29761234,51.03635643],[-117.29802505,51.03624748],[-117.29860945,51.03614708],[-117.29910096,51.03610079],[-117.2994498,51.03598294],[-117.29976276,51.03583838],[-117.30013245,51.03570237],[-117.3005026,51.03553075],[-117.30086321,51.0354218],[-117.30125258,51.03534881],[-117.30169258,51.03533563],[-117.30216985,51.03536447],[-117.30261671,51.0353634],[-117.30307764,51.03531712],[-117.30355239,51.03522597],[-117.3039652,51.03510811],[-117.30442535,51.034981],[-117.30490509,51.0348717],[-117.30536896,51.0348514],[-117.30593005,51.03482612],[-117.30660473,51.03476452],[-117.30731362,51.03464062],[-117.30766659,51.03478945],[-117.30800466,51.03491763],[-117.3083019,51.0350337],[-117.30857218,51.03515903],[-117.30881095,51.03530501],[-117.30913236,51.03547022],[-117.30954672,51.03561086],[-117.31006088,51.03569631],[-117.3105867,51.03572017],[-117.31108136,51.03569168],[-117.31153271,51.03571162],[-117.31193355,51.03570557],[-117.31232485,51.0356575],[-117.31269377,51.03560552],[-117.31311497,51.03553929],[-117.31359483,51.03548126],[-117.31438253,51.03529433],[-117.3151604,51.03506931],[-117.31536061,51.03513161],[-117.31551489,51.03522632],[-117.315681,51.03534382],[-117.31581844,51.03553431],[-117.31592611,51.03574189],[-117.31598506,51.03603243],[-117.31616794,51.03640949],[-117.31656837,51.03678726],[-117.31718407,51.03712123],[-117.31791493,51.03738507],[-117.31828498,51.037478],[-117.3185377,51.03759906],[-117.31867343,51.0377486],[-117.3189014,51.03775679],[-117.3191296,51.03774717],[-117.31931839,51.03774682],[-117.31955281,51.0377372],[-117.31984719,51.03768843],[-117.32015586,51.03760974],[-117.3204306,51.0375371],[-117.32075572,51.03750114],[-117.32115309,51.03747515],[-117.32155222,51.03744382],[-117.32183703,51.03740715],[-117.32217585,51.03733522],[-117.32251122,51.03724941],[-117.32283359,51.0371077],[-117.32308974,51.03699911],[-117.32343105,51.0368631],[-117.32367271,51.03676376],[-117.32398525,51.03661884],[-117.3244697,51.03649173],[-117.32489145,51.03636178],[-117.32527572,51.03624072],[-117.32562227,51.03612892],[-117.32585407,51.03599326],[-117.32609563,51.03585476],[-117.32634664,51.03571305],[-117.32665814,51.03561513],[-117.32702387,51.03554535],[-117.3274435,51.03550333],[-117.32772872,51.03549657],[-117.32801369,51.03550155],[-117.32832726,51.03550084],[-117.32869814,51.03548161],[-117.32906595,51.03546274],[-117.32940208,51.03547877],[-117.3296937,51.03554072],[-117.32995893,51.03563116],[-117.33022158,51.03575613],[-117.33051266,51.03589926],[-117.33072752,51.03602459],[-117.33094895,51.03619657],[-117.33114519,51.03640913],[-117.33131637,51.03666121],[-117.33147492,51.03690048],[-117.331648,51.0371191],[-117.33179188,51.03728929],[-117.33192197,51.03751396],[-117.33200833,51.03766635],[-117.33213722,51.03771121],[-117.33240849,51.03780023],[-117.33269506,51.0379163],[-117.33298049,51.03800531],[-117.3332568,51.03804377],[-117.33356591,51.03806655],[-117.33376079,51.03809611],[-117.33402732,51.03813741],[-117.33436363,51.03813136],[-117.33469777,51.03808934],[-117.33503007,51.03801172],[-117.33533997,51.03796081],[-117.33566156,51.03792591],[-117.33593222,51.03788924],[-117.33628859,51.03782515],[-117.3365734,51.03778848],[-117.33685854,51.03774255],[-117.33710032,51.03770587],[-117.33745659,51.03767774],[-117.3378132,51.03764997],[-117.33810802,51.03763715],[-117.33841689,51.03763324],[-117.33874038,51.03763822],[-117.339225,51.03760689],[-117.33969529,51.03759941],[-117.34013715,51.03756416],[-117.34052193,51.03749117],[-117.34081093,51.0373694],[-117.34103325,51.03721772],[-117.34121786,51.03704646],[-117.34140052,51.03690618],[-117.34160072,51.03677551],[-117.34182804,51.03667902],[-117.34204173,51.03660353],[-117.34229274,51.03649494],[-117.34258181,51.03639489],[-117.3428489,51.03630516],[-117.34310006,51.03619372],[-117.34332128,51.03604809],[-117.34351933,51.03587968],[-117.34349991,51.03578996],[-117.34346102,51.03569097],[-117.34340284,51.03554748],[-117.34331612,51.03536768],[-117.34325834,51.03524804],[-117.34323832,51.03515227],[-117.34324243,51.03507429],[-117.34325598,51.03499311],[-117.34326968,51.03490908],[-117.34328309,51.0347923],[-117.34327721,51.0346424],[-117.34329505,51.03445939],[-117.3433181,51.03436966],[-117.34334149,51.03427068],[-117.34334062,51.0341838],[-117.34335876,51.03406061],[-117.34337655,51.03391961],[-117.34331933,51.03387511],[-117.34326057,51.03365044],[-117.34322218,51.03356641],[-117.34314473,51.03341687],[-117.34302913,51.03319255],[-117.34297121,51.03307577],[-117.34310531,51.03301738],[-117.34323625,51.03294901],[-117.34339688,51.03282261],[-117.34353525,51.0326834],[-117.34365056,51.03257801],[-117.34372404,51.03250395],[-117.34383489,51.0324395],[-117.34397515,51.03234016],[-117.34416278,51.03220878],[-117.34430942,51.03210659],[-117.3444416,51.0320101],[-117.34457869,51.03192002],[-117.34474431,51.03180252],[-117.34489574,51.03170603],[-117.34499993,51.03165797],[-117.34521241,51.03149525],[-117.34540156,51.03135105],[-117.34553841,51.03122465],[-117.3456517,51.03108045],[-117.3458348,51.03081021],[-117.34595759,51.03064785],[-117.34606067,51.03047659],[-117.3461591,51.03026972],[-117.34624362,51.03011662],[-117.34634161,51.0299183],[-117.34644074,51.02977409],[-117.34662478,51.02960283],[-117.34682287,51.02944047],[-117.3470068,51.02925105],[-117.34713904,51.02911255],[-117.34731842,51.0289712],[-117.34752116,51.02875187],[-117.34775676,51.02845741],[-117.34791248,51.02825909],[-117.34803877,51.02803371],[-117.3481234,51.02787171],[-117.34828837,51.02767659],[-117.34844392,51.02750212],[-117.34858982,51.02734867],[-117.3487457,51.02717456],[-117.34891542,51.02702715],[-117.34908056,51.02687369],[-117.34925532,51.02672023],[-117.34945344,51.02653687],[-117.34961327,51.02630864],[-117.34976405,51.02610747],[-117.34990545,51.025933],[-117.35003246,51.02575889],[-117.35014525,51.02557268],[-117.35040103,51.02549684],[-117.35059063,51.0254445],[-117.35074109,51.02538005],[-117.3508356,51.02529887],[-117.35089805,51.02520167],[-117.35100498,51.02491968],[-117.3511033,51.02469465],[-117.3511685,51.02452944],[-117.35121476,51.02435854],[-117.35129749,51.0241855],[-117.35141667,51.02400427],[-117.35158645,51.02384191],[-117.35175611,51.02366139],[-117.35186894,51.02350829],[-117.35199128,51.02333702],[-117.35212312,51.0231476],[-117.3522363,51.0230123],[-117.35232552,51.02288341],[-117.3524196,51.02274526],[-117.35250854,51.022574],[-117.35257328,51.02237283],[-117.35260076,51.02223789],[-117.35284325,51.02221047],[-117.3530708,51.0221738],[-117.35338415,51.02210081],[-117.35362574,51.02204598],[-117.35387272,51.02201251],[-117.35406782,51.02199969],[-117.35434129,51.02194806],[-117.35462298,51.02188113],[-117.35490302,51.0218473],[-117.35515958,51.02184445],[-117.35542587,51.02185193],[-117.35570611,51.02183876],[-117.35599078,51.02179603],[-117.35629045,51.02178606],[-117.35663223,51.02175829],[-117.35701692,51.02175686],[-117.35743024,51.02170168],[-117.35777212,51.02163794],[-117.35812815,51.02159166],[-117.35846982,51.02157278],[-117.35886898,51.0215176],[-117.35923964,51.02150727],[-117.35965284,51.02146098],[-117.3600656,51.02143286],[-117.36042189,51.02137482],[-117.36080594,51.02129578],[-117.36117587,51.02119573],[-117.36151255,51.02106577],[-117.36183001,51.0209148],[-117.3623268,51.02062248],[-117.36315915,51.02031022],[-117.36403782,51.02004176],[-117.36501576,51.01990397],[-117.36595564,51.01979608],[-117.36663991,51.01958388],[-117.36732773,51.01944395],[-117.36801988,51.01937594],[-117.36795916,51.01896826],[-117.36796904,51.01839573],[-117.36836671,51.01776196],[-117.36892784,51.0172026],[-117.36965218,51.01671801],[-117.37021158,51.01654212],[-117.37061432,51.016394],[-117.37086062,51.0162733],[-117.37121543,51.01610133],[-117.37165581,51.01587239],[-117.37206713,51.01558612],[-117.3723499,51.01535148],[-117.37267614,51.01509869],[-117.37287378,51.01483734],[-117.37295816,51.01469314],[-117.37305647,51.01456674],[-117.37323581,51.01437732],[-117.37349539,51.01416974],[-117.37372678,51.01398033],[-117.37394844,51.01377275],[-117.37421752,51.01354701],[-117.37450063,51.01330311],[-117.3747558,51.01311369],[-117.37502478,51.01292392],[-117.37527935,51.01268038],[-117.37550646,51.01251766],[-117.37581762,51.01224706],[-117.37593027,51.01202168],[-117.37602762,51.01175179],[-117.37610646,51.01152356],[-117.37615222,51.01128964],[-117.37620709,51.01104076],[-117.37621935,51.01081573],[-117.37620401,51.01063592],[-117.37622612,51.01044722],[-117.37623979,51.01019122],[-117.37622496,51.00994162],[-117.37615053,51.00970805],[-117.37608505,51.00945454],[-117.37600705,51.00918893],[-117.37599022,51.00891014],[-117.37596001,51.00866161],[-117.37593862,51.00840383],[-117.37592697,51.00813715],[-117.3759818,51.00787616],[-117.37599419,51.00761518],[-117.37606644,51.00738232],[-117.37612904,51.00709712],[-117.37628952,51.0067578],[-117.37638956,51.00640175],[-117.37661156,51.00599371],[-117.37675788,51.00550165],[-117.37691319,51.00494158],[-117.3770787,51.00426366],[-117.37744258,51.00364982],[-117.37811816,51.00315918],[-117.37899799,51.00286936],[-117.37996916,51.00272231],[-117.38089921,51.00260552],[-117.38183746,51.00252933],[-117.38278371,51.0024015],[-117.38369938,51.00227546],[-117.38451657,51.00227083],[-117.38534805,51.00232709],[-117.38628296,51.0023748],[-117.38706952,51.00232139],[-117.38759519,51.00215191],[-117.38795773,51.00193294],[-117.38824538,51.00170293],[-117.38838701,51.00154982],[-117.38855641,51.00139316],[-117.38870246,51.00124896],[-117.38884558,51.00109443],[-117.38903753,51.00094489],[-117.38927829,51.00080034],[-117.38944846,51.000701],[-117.3896236,51.0005835],[-117.38980258,51.00044784],[-117.38985462,51.00039372],[-117.3899156,51.00032144],[-117.39004297,51.00017724],[-117.39009954,51.00012312],[-117.39017025,51.000069],[-117.39030679,50.99995257],[-117.39046753,50.99983721],[-117.39076558,50.99968019],[-117.39067871,50.99952175],[-117.39060572,50.999348],[-117.39054719,50.99912048],[-117.3904594,50.99889011],[-117.39041569,50.99874627],[-117.39035704,50.99857572],[-117.39034103,50.9983507],[-117.39018781,50.99823355],[-117.39005423,50.99812887],[-117.38993943,50.99801529],[-117.38985759,50.99789886],[-117.38976446,50.99779027],[-117.389661,50.99771158],[-117.38948944,50.99760441],[-117.38932974,50.99749902],[-117.38919279,50.99739256],[-117.38897778,50.99722237],[-117.38879432,50.99702618],[-117.3886844,50.99681255],[-117.38864948,50.99658183],[-117.38869908,50.99625212],[-117.38871185,50.99606306],[-117.38871105,50.99600929],[-117.38869507,50.99578427],[-117.38868002,50.99571235],[-117.38864625,50.99547201],[-117.38863815,50.99526016],[-117.38866213,50.99508],[-117.38866348,50.99485533],[-117.38872158,50.99444445],[-117.38872322,50.99402466],[-117.38874218,50.99384877],[-117.38873943,50.99374302],[-117.38869945,50.99366505],[-117.38861769,50.99355467],[-117.38845055,50.99340406],[-117.38818922,50.99323209],[-117.38882576,50.99269943],[-117.38885382,50.99261861],[-117.38893789,50.99242954],[-117.388993,50.99224938],[-117.38902958,50.99206637],[-117.38912155,50.99187909],[-117.38925912,50.99164587],[-117.38938472,50.99133077],[-117.38949618,50.99104272],[-117.38962738,50.99086647],[-117.38976377,50.990718],[-117.39011265,50.99054104],[-117.39048262,50.99034201],[-117.39087537,50.9901209],[-117.39125504,50.98994181],[-117.39160088,50.98985244],[-117.39193485,50.98984247],[-117.39221514,50.98984638],[-117.39245404,50.98981292],[-117.39270056,50.98973102],[-117.39290368,50.98964628],[-117.39319039,50.98948143],[-117.39340754,50.98930697],[-117.39359922,50.98912467],[-117.39380056,50.98893881],[-117.39411205,50.98874618],[-117.3944903,50.98854394],[-117.39477891,50.98839013],[-117.39507203,50.98826338],[-117.39533816,50.98807965],[-117.39564577,50.98794364],[-117.39599485,50.98785534],[-117.39633628,50.98778235],[-117.39645009,50.98776383],[-117.39664886,50.98773642],[-117.39691453,50.98764242],[-117.39723114,50.98750036],[-117.39745838,50.98739496],[-117.39771387,50.98730097],[-117.39784151,50.98724364],[-117.39794092,50.98719237],[-117.39813523,50.98712294],[-117.39839581,50.987056],[-117.398737,50.98697375],[-117.39946204,50.98681852],[-117.39943036,50.98643184],[-117.39943003,50.98635992],[-117.39942957,50.98632396],[-117.39944258,50.98617121],[-117.39944123,50.98606333],[-117.39945458,50.98590133],[-117.39946816,50.9858472],[-117.39949611,50.98577528],[-117.39952888,50.98571511],[-117.39955222,50.98565814],[-117.399608,50.9855232],[-117.3996356,50.98545092],[-117.3996778,50.98534304],[-117.39969138,50.98531597],[-117.39971134,50.98523978],[-117.39972344,50.98516002],[-117.39969396,50.98502223],[-117.39964977,50.98488444],[-117.39960159,50.98479471],[-117.39953388,50.98466618],[-117.39943781,50.98449848],[-117.39937972,50.98436994],[-117.39935125,50.98420616],[-117.39934785,50.98402813],[-117.39936522,50.98384512],[-117.39937828,50.98367137],[-117.39936157,50.98341964],[-117.39936113,50.98332956],[-117.3994149,50.98296995],[-117.39930446,50.98283144],[-117.39932781,50.98259645],[-117.39958484,50.98228276],[-117.4001237,50.98203424],[-117.40081601,50.98188577],[-117.40094202,50.98165469],[-117.40103894,50.98128261],[-117.40137321,50.98116476],[-117.40160926,50.98102305],[-117.4017471,50.98085749],[-117.40202872,50.9807877],[-117.40223855,50.98071613],[-117.4023768,50.98064243],[-117.40245715,50.9805673],[-117.40261252,50.9804288],[-117.40283884,50.98025149],[-117.40287348,50.9801963],[-117.40292826,50.98012224],[-117.40300786,50.98004391],[-117.4029352,50.97985235],[-117.40286246,50.97970281],[-117.4027331,50.9795141],[-117.40268912,50.97940657],[-117.40263865,50.97921395],[-117.40254206,50.97904625],[-117.40240024,50.97890383],[-117.40237211,50.97880413],[-117.40232091,50.97873043],[-117.40225436,50.97869874],[-117.40210929,50.97862504],[-117.40189821,50.97850398],[-117.4016827,50.97834874],[-117.40163958,50.97830708],[-117.40156746,50.97819849],[-117.40146637,50.97802901],[-117.40135117,50.9778403],[-117.40123414,50.97770678],[-117.40110177,50.97758643],[-117.40089196,50.97746431],[-117.40065291,50.97731227],[-117.40049229,50.97719976],[-117.40036119,50.97704346],[-117.40025984,50.976843],[-117.40013931,50.97662153],[-117.40002704,50.97647021],[-117.39994219,50.97636731],[-117.3998508,50.976237],[-117.39976906,50.97609529],[-117.39972498,50.97590943],[-117.39966603,50.97567586],[-117.39965026,50.97552311],[-117.39960501,50.97525358],[-117.39957513,50.97504671],[-117.39956282,50.97474122],[-117.39951002,50.9745226],[-117.39942617,50.97428298],[-117.39934899,50.97413949],[-117.39929581,50.97402876],[-117.39926663,50.97395078],[-117.3992686,50.9738518],[-117.3992886,50.97374071],[-117.39937707,50.97358156],[-117.39942802,50.9733957],[-117.39944421,50.973286],[-117.39945903,50.97318563],[-117.39949996,50.97296986],[-117.39950635,50.97286103],[-117.39951262,50.97275409],[-117.39952507,50.97252907],[-117.39952461,50.97250689],[-117.39952461,50.97250682],[-117.39952452,50.97250201],[-117.3995242,50.97245714],[-117.39946083,50.97223568],[-117.39937852,50.97205302],[-117.39932078,50.9719633],[-117.39920516,50.97181981],[-117.39897809,50.97168166],[-117.39872671,50.97154351],[-117.39848802,50.97138031],[-117.39847363,50.97137047],[-117.39825933,50.97113939],[-117.39814728,50.9707602],[-117.39810093,50.97038172],[-117.39822196,50.97009652],[-117.39825845,50.96986758],[-117.39820928,50.96969489],[-117.39804635,50.96954855],[-117.39798018,50.96936198],[-117.39793444,50.96919535],[-117.39790908,50.96900949],[-117.39784704,50.96879301],[-117.39781457,50.96852134],[-117.39786429,50.9682511],[-117.39782971,50.96807948],[-117.39776181,50.96792175],[-117.39767573,50.96779642],[-117.39763235,50.9677334],[-117.39758886,50.96766183],[-117.39750174,50.96742826],[-117.39743407,50.96728762],[-117.39735652,50.96715873],[-117.39731306,50.9670601],[-117.39726865,50.9668714],[-117.39720143,50.96673966],[-117.39710017,50.96656626],[-117.39696566,50.96635085],[-117.39692154,50.96623406],[-117.3969021,50.96617424],[-117.39687817,50.96612048],[-117.39684885,50.96607241],[-117.3968008,50.96596168],[-117.39676216,50.9658748],[-117.3967327,50.96581214],[-117.39670418,50.96574627],[-117.39666871,50.96566758],[-117.39662647,50.96559673],[-117.39657364,50.96553086],[-117.39651645,50.96546214],[-117.3964541,50.96538132],[-117.39644689,50.96537343],[-117.39637242,50.96529195],[-117.39630078,50.96522893],[-117.39621491,50.96515736],[-117.39614292,50.96510359],[-117.39608564,50.96504983],[-117.3960139,50.96497826],[-117.3959703,50.9649156],[-117.39587645,50.96483193],[-117.39574591,50.96472725],[-117.39551209,50.96457521],[-117.3957666,50.96437369],[-117.39602147,50.96419602],[-117.3961573,50.96400055],[-117.39624645,50.9638535],[-117.39651579,50.96372674],[-117.39678526,50.96361458],[-117.39704775,50.9635208],[-117.39705532,50.96351809],[-117.39716867,50.96346362],[-117.39739551,50.96335182],[-117.39765035,50.96320121],[-117.3979335,50.96299648],[-117.39818836,50.96278569],[-117.39844756,50.96260482],[-117.39868341,50.96240329],[-117.39886604,50.96214088],[-117.39902026,50.9618386],[-117.39920007,50.96180192],[-117.39939919,50.96178341],[-117.39960496,50.96177557],[-117.39979815,50.96176098],[-117.40000188,50.96172751],[-117.40017086,50.96170579],[-117.40031003,50.96168122],[-117.40040312,50.9616449],[-117.40048467,50.96160894],[-117.40094005,50.96153524],[-117.40139499,50.96148575],[-117.40171613,50.96143163],[-117.40197454,50.96136789],[-117.40217208,50.96130736],[-117.40235525,50.96127247],[-117.40252325,50.96127318],[-117.4026749,50.96129562],[-117.40287449,50.96132695],[-117.40310261,50.96137181],[-117.40340269,50.96145477],[-117.40368822,50.96153488],[-117.40402879,50.96157547],[-117.40433865,50.96159541],[-117.40460475,50.96161571],[-117.40485689,50.96165665],[-117.40528315,50.96174816],[-117.40568446,50.96185462],[-117.40596996,50.96196357],[-117.40625101,50.96202445],[-117.40652307,50.96202161],[-117.40678206,50.96197354],[-117.40706095,50.96187384],[-117.40740666,50.96178269],[-117.40780516,50.96171825],[-117.40826467,50.96164775],[-117.4086867,50.96160716],[-117.40875657,50.96145406],[-117.40883491,50.96136113],[-117.40897188,50.96128066],[-117.40916724,50.96121301],[-117.40953707,50.96111866],[-117.41004852,50.96103605],[-117.41046102,50.96098051],[-117.41095896,50.96091001],[-117.41149981,50.96087797],[-117.41204084,50.96084913],[-117.41218202,50.96073163],[-117.41246148,50.96049414],[-117.41264972,50.96028051],[-117.41274572,50.96009145],[-117.41277351,50.96001632],[-117.41280611,50.95990238],[-117.41286158,50.95976103],[-117.41295994,50.95959012],[-117.41311036,50.95941566],[-117.41329393,50.95929816],[-117.41339315,50.95921663],[-117.4137609,50.95892751],[-117.41408506,50.95857573],[-117.4143518,50.95834216],[-117.41467927,50.9581239],[-117.41515027,50.95789175],[-117.41547535,50.95767456],[-117.41565575,50.95747304],[-117.41575389,50.95729288],[-117.41585287,50.95721169],[-117.41593686,50.95705859],[-117.4161625,50.95683001],[-117.41624856,50.95670859],[-117.41631414,50.95661353],[-117.41643981,50.956506],[-117.41663642,50.95639456],[-117.41702471,50.95630305],[-117.4175247,50.95627029],[-117.41773206,50.95613179],[-117.41802991,50.95598972],[-117.41836521,50.95584481],[-117.41868682,50.9557088],[-117.41894281,50.95565397],[-117.41909885,50.95561729],[-117.41941583,50.95552329],[-117.41980561,50.95541292],[-117.42019282,50.95532569],[-117.42057654,50.9552883],[-117.42093221,50.95526017],[-117.42106782,50.95519573],[-117.42126056,50.9549821],[-117.42151021,50.95461963],[-117.42181709,50.9544174],[-117.42219024,50.95423937],[-117.42242674,50.95411867],[-117.42260098,50.95401292],[-117.42282698,50.95381424],[-117.42307224,50.95362162],[-117.42340698,50.95338947],[-117.42361017,50.95330794],[-117.4238612,50.95321714],[-117.42415891,50.95311709],[-117.42441969,50.95306618],[-117.42473223,50.95302523],[-117.42517341,50.95295758],[-117.42560878,50.95284222],[-117.42578946,50.95285646],[-117.42602205,50.95288566],[-117.42643348,50.95273398],[-117.4269727,50.9525613],[-117.42764016,50.95236689],[-117.42818875,50.95200621],[-117.42865333,50.95158678],[-117.42890073,50.95112747],[-117.42901996,50.95086328],[-117.42915755,50.95066496],[-117.42928376,50.95048943],[-117.42938687,50.95031638],[-117.42950307,50.95010311],[-117.42957256,50.94986598],[-117.42966515,50.94961674],[-117.42970191,50.94935077],[-117.42970762,50.94911613],[-117.4296445,50.94891532],[-117.43023896,50.94858063],[-117.43118388,50.94881171],[-117.43219339,50.94900504],[-117.43347542,50.94909619],[-117.43468554,50.94911257],[-117.43603362,50.9491585],[-117.43733468,50.94927351],[-117.43795642,50.94876756],[-117.438049,50.94865433],[-117.43831285,50.94846171],[-117.43874819,50.94818933],[-117.43886423,50.94755413],[-117.43896911,50.94697021],[-117.43913837,50.94647529],[-117.43930666,50.9460377],[-117.43962352,50.94555312],[-117.44007142,50.9450817],[-117.43960642,50.94462204],[-117.43917907,50.94405983],[-117.43915764,50.94381736],[-117.43915505,50.94353537],[-117.4391714,50.94321457],[-117.43916405,50.94295999],[-117.43913817,50.94274707],[-117.43905495,50.94247789],[-117.43896867,50.94219341],[-117.43897864,50.94190251],[-117.43901549,50.94165648],[-117.43898076,50.94144677],[-117.43882565,50.94127372],[-117.43868147,50.94109427],[-117.43860354,50.94087886],[-117.43859154,50.94062713],[-117.43858104,50.94036437],[-117.43854916,50.94016248],[-117.43848379,50.9397281],[-117.43848659,50.93954509],[-117.43850881,50.93937134],[-117.43850203,50.93919438],[-117.43849127,50.93904448],[-117.4384071,50.93867312],[-117.43837037,50.93826259],[-117.43833788,50.93798969],[-117.43833057,50.93792826],[-117.43833232,50.93791072],[-117.43835515,50.93768116],[-117.43853349,50.93746183],[-117.43880135,50.93718197],[-117.4389138,50.93705557],[-117.43918178,50.93676681],[-117.43929432,50.93665857],[-117.43948201,50.93642393],[-117.43950977,50.93621814],[-117.43944453,50.9359867],[-117.43935205,50.93573755],[-117.43927893,50.93554057],[-117.43917177,50.93490146],[-117.4390229,50.93435634],[-117.43875273,50.93390771],[-117.43832027,50.93361967],[-117.43783127,50.93339357],[-117.43733125,50.93318884],[-117.43679731,50.93294495],[-117.43608184,50.93253406],[-117.43575239,50.93230156],[-117.43529396,50.93192557],[-117.43484101,50.93170233],[-117.43446424,50.93146092],[-117.43381621,50.93066301],[-117.43372909,50.93049246],[-117.43359243,50.93039917],[-117.43343315,50.93027455],[-117.43318429,50.93002674],[-117.43296721,50.92961408],[-117.4327784,50.92922491],[-117.43261853,50.92885996],[-117.43247372,50.92858153],[-117.43240084,50.92839602],[-117.43234664,50.92818346],[-117.43231112,50.92794384],[-117.43228058,50.92763925],[-117.43227988,50.92763229],[-117.43224837,50.92733249],[-117.43221748,50.9270448],[-117.43221668,50.92697288],[-117.43221472,50.92676602],[-117.43162888,50.92648046],[-117.43138738,50.92631156],[-117.43127098,50.92623016],[-117.43112955,50.92613092],[-117.43096042,50.92601225],[-117.43062193,50.9258296],[-117.43025548,50.92568219],[-117.42982776,50.92557004],[-117.42954127,50.9254091],[-117.42914127,50.92523072],[-117.42861793,50.92505874],[-117.42809997,50.92493769],[-117.42774779,50.92486488],[-117.4276298,50.92484048],[-117.42717321,50.92471017],[-117.42669943,50.92461332],[-117.42617135,50.92456098],[-117.42558773,50.92455422],[-117.4250236,50.92459837],[-117.42455484,50.92468097],[-117.42414335,50.92476322],[-117.42366953,50.92485188],[-117.42312029,50.92492878],[-117.42266565,50.92501139],[-117.42221073,50.92504913],[-117.42157052,50.92509649],[-117.42121505,50.92512461],[-117.42067504,50.92517161],[-117.42030527,50.92517304],[-117.4199066,50.9251563],[-117.41964608,50.92468382],[-117.41947962,50.92436778],[-117.41946793,50.92434557],[-117.41937109,50.92414227],[-117.41922643,50.92386383],[-117.41908655,50.9236146],[-117.41889488,50.9233764],[-117.41845929,50.92297619],[-117.41812118,50.92244496],[-117.41784264,50.92187243],[-117.4177672,50.9214352],[-117.41763208,50.92116389],[-117.41747837,50.92092035],[-117.41730067,50.92065723],[-117.4171942,50.92043576],[-117.41714163,50.92019044],[-117.41711384,50.91995046],[-117.41709839,50.91977065],[-117.41709707,50.91963607],[-117.41709402,50.91930316],[-117.41715468,50.91904004],[-117.41730849,50.91871781],[-117.41755489,50.91833648],[-117.41782207,50.9179936],[-117.41798967,50.91766318],[-117.41806745,50.91734238],[-117.41810272,50.91702442],[-117.41807062,50.91662493],[-117.41798145,50.91619767],[-117.41780184,50.91573053],[-117.41764672,50.91534136],[-117.41755337,50.91498495],[-117.41753113,50.91461644],[-117.41747602,50.91430205],[-117.41744531,50.91404142],[-117.4174274,50.91366365],[-117.41771788,50.91324493],[-117.41786577,50.91279879],[-117.41790021,50.912243],[-117.41796149,50.91185027],[-117.4180495,50.9116199],[-117.4181245,50.91152092],[-117.4182181,50.91137067],[-117.41837733,50.91116629],[-117.41855028,50.91091991],[-117.41871449,50.91073049],[-117.41880663,50.91057204],[-117.41888225,50.91038511],[-117.41890338,50.91008817],[-117.41890126,50.90985139],[-117.41894145,50.90960251],[-117.41873721,50.90950745],[-117.41848456,50.90936431],[-117.41818385,50.90917347],[-117.41790556,50.90899875],[-117.41789462,50.90899188],[-117.41754072,50.90881599],[-117.41715935,50.90857459],[-117.41681044,50.90827016],[-117.41648016,50.90792052],[-117.416046,50.90758654],[-117.41567802,50.90726716],[-117.41531058,50.90701045],[-117.41499119,50.90682495],[-117.41472721,50.90664977],[-117.41451907,50.90648599],[-117.41430352,50.90625277],[-117.4139505,50.90599214],[-117.41358811,50.90575465],[-117.41321591,50.90548619],[-117.41301498,50.90528004],[-117.41288535,50.9051458],[-117.41249899,50.90485918],[-117.4123417,50.90472495],[-117.41208843,50.90451595],[-117.41182726,50.90429306],[-117.41153943,50.90407729],[-117.41130561,50.9039192],[-117.41103864,50.90375827],[-117.41082405,50.90360623],[-117.41054709,50.90339723],[-117.41029479,50.90323024],[-117.40997029,50.90300664],[-117.40967871,50.90272892],[-117.40950615,50.90250176],[-117.40928166,50.9023337],[-117.40904819,50.90219164],[-117.40865276,50.90197124],[-117.40848608,50.90186193],[-117.40837589,50.9017804],[-117.40822029,50.90165578],[-117.40805178,50.90154149],[-117.40776115,50.9013866],[-117.40776988,50.90130364],[-117.40779278,50.90122496],[-117.40789146,50.90111565],[-117.40801232,50.90102521],[-117.40814764,50.90097074],[-117.40829627,50.90092445],[-117.40844416,50.90087496],[-117.40863253,50.90076316],[-117.40882093,50.90062786],[-117.40907093,50.90044378],[-117.40926352,50.90027857],[-117.40941112,50.90015217],[-117.40958607,50.90009057],[-117.40978836,50.90009378],[-117.410005,50.90014006],[-117.41018186,50.90013722],[-117.41030044,50.900092],[-117.41036603,50.90001972],[-117.41045062,50.89998162],[-117.41059267,50.89992287],[-117.41080498,50.89983244],[-117.4110316,50.89972954],[-117.41127464,50.8997039],[-117.41154914,50.89962201],[-117.41185455,50.89948386],[-117.41205234,50.8993393],[-117.41217814,50.89909612],[-117.41221812,50.89881733],[-117.41227998,50.89862827],[-117.41240103,50.89843671],[-117.41258309,50.89824337],[-117.41300874,50.89797313],[-117.41354972,50.89767049],[-117.41452145,50.89719053],[-117.41510456,50.89680563],[-117.41556636,50.89635024],[-117.41627808,50.89660767],[-117.41676478,50.89693951],[-117.41710274,50.89728915],[-117.41738371,50.89764485],[-117.41790708,50.89786988],[-117.41848715,50.89802761],[-117.41900432,50.89806748],[-117.41930663,50.89813051],[-117.4195073,50.89817964],[-117.41986401,50.89829536],[-117.42007831,50.89838437],[-117.42002056,50.89863147],[-117.4200017,50.89884653],[-117.42009709,50.89907689],[-117.42016434,50.8993393],[-117.42036895,50.8996423],[-117.42045757,50.89997699],[-117.42070819,50.90042562],[-117.42082263,50.90102486],[-117.42093322,50.90174479],[-117.42105442,50.90240669],[-117.42144859,50.90299169],[-117.42224417,50.90344459],[-117.42334501,50.9037013],[-117.42462107,50.90381773],[-117.42587807,50.90388787],[-117.42634865,50.90395031],[-117.42713138,50.90405415],[-117.42838501,50.90428345],[-117.4296024,50.90441459],[-117.42964094,50.90441875],[-117.43090384,50.90445115],[-117.43196559,50.90444723],[-117.43198863,50.90444955],[-117.43274991,50.90452627],[-117.43346053,50.9046484],[-117.43356026,50.90463914],[-117.43399979,50.90449174],[-117.43445344,50.90436605],[-117.43494574,50.90427739],[-117.43539073,50.90417983],[-117.43578786,50.90407337],[-117.43615679,50.90397297],[-117.4366013,50.9038544],[-117.43702648,50.90374474],[-117.43743322,50.90364433],[-117.43781609,50.90351722],[-117.43827027,50.90337765],[-117.43870942,50.90320817],[-117.43907834,50.90310776],[-117.43944687,50.90297139],[-117.43987255,50.90288879],[-117.44017986,50.90279194],[-117.44046928,50.90266092],[-117.44073652,50.90251707],[-117.44118973,50.90233548],[-117.44173821,50.9021863],[-117.44221545,50.90202857],[-117.44262201,50.90186229],[-117.44267853,50.90183523],[-117.44296142,50.90170207],[-117.44318775,50.90156036],[-117.44335718,50.90140975],[-117.44359682,50.90118401],[-117.4440265,50.90101168],[-117.44453193,50.9008479],[-117.44460279,50.90082048],[-117.44514204,50.90068376],[-117.4453668,50.90075675],[-117.44562495,50.9008009],[-117.44591582,50.9008155],[-117.4461815,50.90082369],[-117.44650876,50.90086748],[-117.44672398,50.90091341],[-117.44689856,50.90094368],[-117.4471214,50.90097002],[-117.44735392,50.90099886],[-117.44751995,50.90103447],[-117.44773381,50.90109642],[-117.44801439,50.90114342],[-117.44829853,50.9011484],[-117.44859259,50.90113808],[-117.44884319,50.90110425],[-117.44914185,50.90107292],[-117.44928371,50.90105441],[-117.44962408,50.90098142],[-117.44996016,50.90090807],[-117.45029122,50.90080766],[-117.45056956,50.90071367],[-117.45078723,50.90065314],[-117.45087264,50.90063462],[-117.45104273,50.90061611],[-117.45123704,50.90058549],[-117.45144514,50.90055451],[-117.45163001,50.90052104],[-117.45185222,50.90049006],[-117.45211777,50.90046799],[-117.45240665,50.90044912],[-117.4526149,50.90041529],[-117.45284166,50.9003512],[-117.45308702,50.90025756],[-117.45338445,50.90007669],[-117.45361085,50.89998269],[-117.453852,50.89990685],[-117.45410713,50.89983991],[-117.45438651,50.89982959],[-117.45456231,50.89982923],[-117.45470435,50.89983742],[-117.45484636,50.89982389],[-117.45505959,50.89979719],[-117.45523748,50.89974663],[-117.45539471,50.89968788],[-117.45551622,50.89964764],[-117.45562628,50.89961809],[-117.45606014,50.89955151],[-117.45649156,50.89952872],[-117.45690107,50.89956931],[-117.45729045,50.89965049],[-117.45764237,50.89973025],[-117.45797312,50.89977476],[-117.45830159,50.89980538],[-117.45861487,50.89984027],[-117.45894218,50.899857],[-117.45935559,50.89994815],[-117.45964837,50.89997201],[-117.45991079,50.89997913],[-117.46020521,50.90003788],[-117.46054045,50.9000685],[-117.46078375,50.90010161],[-117.4609359,50.90013686],[-117.46110741,50.90023193],[-117.46131402,50.90031204],[-117.46155461,50.9003772],[-117.46189669,50.90047475],[-117.46240097,50.90061646],[-117.46290956,50.90076458],[-117.463334,50.90085965],[-117.46363149,50.90094154],[-117.4638554,50.90101239],[-117.46413794,50.9011452],[-117.46437789,50.90131931],[-117.46457605,50.90153437],[-117.46484331,50.9017099],[-117.46514407,50.90188864],[-117.46547742,50.90207022],[-117.46567715,50.90215924],[-117.46609234,50.90239138],[-117.46663373,50.90250639],[-117.46700435,50.90257653],[-117.4673747,50.90267409],[-117.46774501,50.90272643],[-117.46791988,50.902657],[-117.46816548,50.90256905],[-117.46842454,50.90241417],[-117.46865681,50.90222226],[-117.46886147,50.90199367],[-117.4690163,50.90184021],[-117.46916685,50.90172557],[-117.46932168,50.90157211],[-117.46949967,50.90138554],[-117.46966862,50.90119896],[-117.46983018,50.90107257],[-117.46994628,50.90099103],[-117.47013016,50.90088243],[-117.47034048,50.90074963],[-117.47050657,50.90062928],[-117.47065214,50.90049968],[-117.47091594,50.90032094],[-117.47127409,50.90011336],[-117.47135886,50.90005924],[-117.47219405,50.89966011],[-117.47228709,50.89946784],[-117.4724315,50.8992364],[-117.47240264,50.8992008],[-117.47227423,50.89882766],[-117.47233414,50.89851148],[-117.4728604,50.8980568],[-117.47355281,50.89760533],[-117.47415308,50.89732903],[-117.47466036,50.89716133],[-117.47505502,50.89698188],[-117.47538259,50.8966917],[-117.47555427,50.89635202],[-117.47569201,50.89604902],[-117.4758283,50.8958005],[-117.47592941,50.89565238],[-117.47597757,50.89554414],[-117.4760187,50.89539104],[-117.47603233,50.89533692],[-117.47604521,50.89522476],[-117.47602645,50.89507522],[-117.47598982,50.89491144],[-117.4759406,50.89472878],[-117.47590095,50.89457924],[-117.47587423,50.89441759],[-117.47582167,50.89420788],[-117.47567117,50.89389063],[-117.47545947,50.89356769],[-117.47578241,50.89346052],[-117.47611613,50.89337329],[-117.47647801,50.89322695],[-117.476848,50.8929236],[-117.47722586,50.89246358],[-117.47767759,50.89218301],[-117.47797958,50.89201673],[-117.47827612,50.89182055],[-117.47851075,50.89160407],[-117.47868238,50.8913794],[-117.4787829,50.89117823],[-117.47867455,50.89093967],[-117.4786644,50.89088077],[-117.4786121,50.89057721],[-117.47841857,50.88999649],[-117.47843201,50.88934207],[-117.47854714,50.88869013],[-117.47898587,50.8882059],[-117.47955211,50.88779573],[-117.4803306,50.88747778],[-117.48112901,50.88722569],[-117.48178583,50.88701526],[-117.48243579,50.88692162],[-117.48309758,50.88678098],[-117.48393088,50.88670051],[-117.48480093,50.88650504],[-117.48569677,50.88626542],[-117.48645739,50.88587483],[-117.48718891,50.8854351],[-117.48784457,50.88486079],[-117.48857113,50.88423022],[-117.48943548,50.88352203],[-117.49009759,50.88322153],[-117.49063135,50.88306322],[-117.49071943,50.88303709],[-117.49071001,50.88271736],[-117.49068054,50.88247382],[-117.49062173,50.88232427],[-117.49055421,50.88219253],[-117.49048171,50.88208501],[-117.49036144,50.8819084],[-117.49035406,50.88189884],[-117.49025108,50.88176527],[-117.49019664,50.88166558],[-117.49016362,50.88156766],[-117.49018163,50.88145373],[-117.49020363,50.88131273],[-117.49020523,50.88127382],[-117.49020745,50.8812198],[-117.49018315,50.88115108],[-117.4901004,50.88107417],[-117.4899585,50.88099015],[-117.48980717,50.88094495],[-117.48960202,50.88088369],[-117.48945945,50.88083028],[-117.4891599,50.88070566],[-117.48873214,50.8805725],[-117.48852771,50.88052051],[-117.48828654,50.88044859],[-117.48800921,50.88035673],[-117.48760437,50.88014559],[-117.48725199,50.87999106],[-117.4869524,50.87985434],[-117.48675721,50.87978028],[-117.48661811,50.87974503],[-117.48646308,50.87971868],[-117.48607069,50.87967026],[-117.48573188,50.87960795],[-117.48537546,50.87946838],[-117.48503488,50.87939574],[-117.48465408,50.87935729],[-117.48435296,50.87910983],[-117.48400944,50.87888338],[-117.4837612,50.87874061],[-117.48360876,50.87863023],[-117.48352431,50.87856294],[-117.48340964,50.87850134],[-117.48326566,50.8784458],[-117.48305178,50.87839274],[-117.48283292,50.87832474],[-117.48260966,50.87824178],[-117.48241446,50.87816167],[-117.48208166,50.87803705],[-117.48197852,50.87767494],[-117.48193336,50.87745312],[-117.48193328,50.87744525],[-117.48193261,50.8773812],[-117.48193223,50.87734524],[-117.48194535,50.87722845],[-117.4819449,50.87717433],[-117.48195822,50.87708247],[-117.48198546,50.87697957],[-117.48200299,50.87683858],[-117.48195529,50.87666767],[-117.48186688,50.87649427],[-117.4817369,50.87632408],[-117.4816453,50.87618344],[-117.48158246,50.87603675],[-117.4815482,50.87592601],[-117.48150454,50.87581849],[-117.48142709,50.87564473],[-117.48138252,50.87546813],[-117.48133761,50.87526162],[-117.48126441,50.87507612],[-117.48118206,50.87486035],[-117.48109394,50.87462998],[-117.48100226,50.87443558],[-117.48089635,50.87425613],[-117.4808045,50.87410374],[-117.48080258,50.87390577],[-117.48074382,50.87374412],[-117.48064243,50.87356467],[-117.48049881,50.87340338],[-117.48043441,50.87328695],[-117.4803955,50.87317907],[-117.48036462,50.87307012],[-117.48032856,50.87296045],[-117.48025655,50.87285577],[-117.48022809,50.87282782],[-117.48016557,50.8727664],[-117.47997827,50.87256025],[-117.4797631,50.87235445],[-117.47954853,50.87218426],[-117.4792624,50.87201478],[-117.4789475,50.87180008],[-117.47867609,50.8716662],[-117.47837172,50.87153268],[-117.47810482,50.87139881],[-117.47773365,50.87122043],[-117.47733384,50.87107836],[-117.47692571,50.87095695],[-117.47657811,50.87083268],[-117.47625359,50.87071198],[-117.47588444,50.87061051],[-117.47547099,50.8704834],[-117.47505252,50.87032317],[-117.47482401,50.8701893],[-117.47454265,50.87001341],[-117.47425152,50.86980476],[-117.47419421,50.86975135],[-117.47395019,50.86955446],[-117.47395272,50.86929062],[-117.47393071,50.86913824],[-117.47391677,50.86904174],[-117.47385794,50.86881422],[-117.47376537,50.86857175],[-117.4736394,50.86831468],[-117.47350945,50.86812633],[-117.4734088,50.86800064],[-117.47333684,50.86790202],[-117.47316394,50.8676599],[-117.47309633,50.86752852],[-117.47309936,50.86736651],[-117.47324687,50.86713401],[-117.47353921,50.86683137],[-117.47321757,50.86672455],[-117.4728977,50.8666359],[-117.47260929,50.86668824],[-117.47248671,50.86669712],[-117.47221621,50.86671672],[-117.47172968,50.86668752],[-117.47125382,50.8666245],[-117.47077877,50.86646463],[-117.47051698,50.86637776],[-117.47020423,50.86632506],[-117.46983884,50.86630655],[-117.46983391,50.86623972],[-117.46981699,50.86600996],[-117.46984276,50.86571301],[-117.46985941,50.86548834],[-117.46982578,50.86532028],[-117.46974286,50.86520991],[-117.46961909,50.86511779],[-117.46961848,50.86511733],[-117.46952409,50.86498203],[-117.46942607,50.8647976],[-117.46939674,50.86471677],[-117.46940451,50.86451275],[-117.46939271,50.86431194],[-117.46938985,50.86405131],[-117.4694146,50.86364648],[-117.46944928,50.86349053],[-117.4695053,50.86332841],[-117.4695199,50.86328615],[-117.46967336,50.86302196],[-117.4698744,50.86274531],[-117.47002001,50.86250082],[-117.47003726,50.86247186],[-117.47024505,50.86226215],[-117.47032272,50.86219357],[-117.47046443,50.86206846],[-117.47065385,50.86189399],[-117.47082555,50.86169816],[-117.47085337,50.86165495],[-117.4710305,50.86137985],[-117.47114696,50.8612161],[-117.47119889,50.86114308],[-117.47137624,50.86093158],[-117.47138875,50.86074287],[-117.4707629,50.86022375],[-117.47047755,50.86003631],[-117.47001435,50.85973204],[-117.46985749,50.85964872],[-117.46970035,50.85955366],[-117.46960002,50.85949099],[-117.46947628,50.85941053],[-117.46932827,50.85929445],[-117.4692561,50.85921363],[-117.46906908,50.85898041],[-117.46900896,50.85891878],[-117.46883813,50.85874364],[-117.4686287,50.85848764],[-117.4683711,50.85814512],[-117.46814318,50.8577734],[-117.46790221,50.85735753],[-117.46806662,50.85677253],[-117.46826061,50.85628011],[-117.46848416,50.85588027],[-117.46917073,50.8553971],[-117.46969651,50.85493139],[-117.46923256,50.85464441],[-117.46884068,50.85429512],[-117.46852118,50.85388388],[-117.46830619,50.85374075],[-117.46803486,50.85358017],[-117.46769152,50.85336547],[-117.46733459,50.85315433],[-117.46696284,50.85294604],[-117.46663634,50.85277229],[-117.46633931,50.85259746],[-117.46607207,50.85242193],[-117.46586729,50.8522909],[-117.46538799,50.85205199],[-117.46481078,50.85174329],[-117.46414038,50.85146522],[-117.46358976,50.85118073],[-117.46308143,50.85100306],[-117.4624044,50.85071786],[-117.46145842,50.85035967],[-117.46066892,50.85002107],[-117.46040396,50.84980634],[-117.46036709,50.84977646],[-117.46016731,50.84951975],[-117.46013726,50.8493759],[-117.46012557,50.84915693],[-117.46009055,50.84894437],[-117.46008788,50.84868374],[-117.46005516,50.8484199],[-117.46004937,50.84817102],[-117.46004336,50.84808483],[-117.46003308,50.84793745],[-117.46002159,50.84772774],[-117.4600141,50.84746675],[-117.46000708,50.84719722],[-117.45995819,50.8469227],[-117.45987085,50.84668913],[-117.45980225,50.8465964],[-117.45974626,50.84652072],[-117.45960605,50.84638328],[-117.45948156,50.84628501],[-117.45939565,50.84618638],[-117.45929314,50.84606641],[-117.45928066,50.8460518],[-117.45927213,50.84604612],[-117.45906611,50.84590902],[-117.45898037,50.84585526],[-117.45881203,50.84575592],[-117.45868639,50.84564554],[-117.45860288,50.84552413],[-117.45856338,50.84535322],[-117.45854838,50.8452635],[-117.45849435,50.84507764],[-117.45845939,50.84487718],[-117.45849244,50.84467708],[-117.458552,50.84446914],[-117.45855613,50.84445875],[-117.45863775,50.84425302],[-117.45865143,50.84399595],[-117.45867249,50.84375704],[-117.45870204,50.84353629],[-117.45862905,50.84336574],[-117.45854243,50.84322225],[-117.45847059,50.84310546],[-117.45842292,50.84289076],[-117.45835272,50.84267428],[-117.45827982,50.84246457],[-117.45822049,50.8422253],[-117.45820458,50.84208146],[-117.45820396,50.84200953],[-117.45817961,50.8419134],[-117.4581312,50.84178487],[-117.45808217,50.84170493],[-117.45801567,50.84159651],[-117.45797192,50.84150679],[-117.45787041,50.84128212],[-117.45781955,50.84107062],[-117.45780825,50.84087373],[-117.45783629,50.84069178],[-117.45793861,50.84053868],[-117.4580795,50.84037917],[-117.45809019,50.84036952],[-117.45835641,50.84012922],[-117.45814468,50.84006706],[-117.45785309,50.83998146],[-117.45760406,50.83987536],[-117.4573866,50.83975537],[-117.45725199,50.83966493],[-117.45712442,50.83956452],[-117.45702854,50.83945094],[-117.45695661,50.83936122],[-117.45684232,50.83926295],[-117.45677989,50.83920633],[-117.45668935,50.83911056],[-117.45656968,50.83897632],[-117.45651227,50.8388955],[-117.45645444,50.83880578],[-117.45638165,50.83862633],[-117.45636634,50.83853624],[-117.45630779,50.83834789],[-117.45619222,50.83812322],[-117.45616229,50.83799754],[-117.45614365,50.83751188],[-117.45614224,50.83739328],[-117.45614131,50.83731427],[-117.45609706,50.83710741],[-117.45607816,50.83708119],[-117.4559097,50.83684749],[-117.45583057,50.83664311],[-117.45577817,50.83645227],[-117.45577696,50.83630842],[-117.45578865,50.8360745],[-117.45578428,50.83581672],[-117.45575077,50.83556214],[-117.45567229,50.83529261],[-117.45557946,50.83500527],[-117.4555347,50.83481657],[-117.4554185,50.83451143],[-117.45538885,50.83440354],[-117.4553859,50.83411585],[-117.45542598,50.83390494],[-117.4554355,50.83385487],[-117.4554603,50.8336537],[-117.45539385,50.83344114],[-117.45530491,50.83331527],[-117.4552356,50.83321718],[-117.45510675,50.83298788],[-117.45503734,50.8327981],[-117.4550591,50.83259729],[-117.45511382,50.83241428],[-117.45516965,50.83227293],[-117.45523083,50.83217953],[-117.4553231,50.83203864],[-117.45535156,50.83200268],[-117.45540742,50.83193931],[-117.45544938,50.83188519],[-117.45553537,50.83175986],[-117.45562225,50.83160889],[-117.45564121,50.83148783],[-117.4556003,50.83134007],[-117.45546316,50.83115564],[-117.45539533,50.83108237],[-117.45524592,50.830921],[-117.45508274,50.8308035],[-117.454941,50.83071805],[-117.45481322,50.83067354],[-117.45460407,50.83058773],[-117.45440864,50.83047736],[-117.4542333,50.83034735],[-117.4542276,50.83034312],[-117.45418464,50.83031642],[-117.4540135,50.83023631],[-117.45361453,50.83007573],[-117.45332944,50.82998707],[-117.453654,50.82974282],[-117.45376991,50.8290838],[-117.45377793,50.82903819],[-117.45386627,50.82883288],[-117.45404802,50.82841047],[-117.45460032,50.8279209],[-117.45498076,50.82769001],[-117.45528847,50.82750325],[-117.45619785,50.82723514],[-117.45721999,50.82703113],[-117.45755233,50.8263354],[-117.45797314,50.82566139],[-117.4586106,50.8252003],[-117.45935983,50.8246826],[-117.46025119,50.82420549],[-117.46104114,50.82372482],[-117.46197233,50.82326445],[-117.46283562,50.82266664],[-117.46364448,50.82202076],[-117.46405373,50.82143469],[-117.46449918,50.82086145],[-117.46491447,50.82027824],[-117.4654054,50.81968185],[-117.46583012,50.81910148],[-117.46560615,50.81877249],[-117.46534363,50.81850972],[-117.46504199,50.81831318],[-117.46494948,50.81809492],[-117.46490959,50.8178642],[-117.46493676,50.81776522],[-117.46506204,50.81751278],[-117.46538035,50.81712468],[-117.46561002,50.81677931],[-117.46567053,50.81649126],[-117.46556055,50.8162609],[-117.4656739,50.81619752],[-117.46592451,50.81601059],[-117.4660615,50.8158372],[-117.46604118,50.81569513],[-117.46590175,50.81557158],[-117.46589378,50.81546512],[-117.46592051,50.81533303],[-117.46599416,50.81511405],[-117.46610554,50.81487087],[-117.46617436,50.81465759],[-117.46625234,50.81442331],[-117.46633559,50.81421644],[-117.4663795,50.81391843],[-117.46638653,50.81362255],[-117.46645442,50.81335266],[-117.46652353,50.81316929],[-117.46659297,50.81299234],[-117.46664349,50.81282108],[-117.4666732,50.81267403],[-117.46668746,50.81253339],[-117.4666866,50.81240734],[-117.46680724,50.81234575],[-117.46691049,50.81224071],[-117.46699569,50.81209152],[-117.46726757,50.81184763],[-117.4674872,50.81159483],[-117.46764828,50.81145633],[-117.46786779,50.81130857],[-117.46831986,50.81112377],[-117.46830899,50.81107464],[-117.46823425,50.81092617],[-117.46809482,50.8107784],[-117.46791515,50.810631],[-117.46771871,50.81048252],[-117.4675285,50.81033227],[-117.46736752,50.81017952],[-117.46723153,50.81002215],[-117.46710462,50.80986121],[-117.46698169,50.8096985],[-117.46685614,50.80953721],[-117.46672923,50.80937627],[-117.46660392,50.80921462],[-117.46647679,50.80905404],[-117.46634422,50.80889489],[-117.4662036,50.80873858],[-117.46605438,50.80858512],[-117.46590108,50.80843273],[-117.46575026,50.80827998],[-117.46560568,50.80812546],[-117.46547243,50.80796737],[-117.46545428,50.80794245],[-117.46535178,50.80780465],[-117.46530626,50.8077395],[-117.46523503,50.80763767],[-117.46516337,50.80752088],[-117.46513017,50.80746712],[-117.4650453,50.80729443],[-117.46498808,50.80711997],[-117.46496624,50.80694479],[-117.46497613,50.80676676],[-117.46500836,50.80658731],[-117.46505175,50.80640715],[-117.46509627,50.80622699],[-117.46513154,50.80604718],[-117.46524401,50.80586737],[-117.46534535,50.8056986],[-117.46545229,50.80553162],[-117.465572,50.80536926],[-117.46572208,50.80521651],[-117.46591376,50.80507516],[-117.46610912,50.80493594],[-117.46626775,50.80478996],[-117.46635398,50.80462795],[-117.4664117,50.80444744],[-117.46645154,50.80425802],[-117.46646574,50.80406646],[-117.46644772,50.80388025],[-117.46639015,50.8037072],[-117.46628604,50.80355375],[-117.46613329,50.80341702],[-117.46594126,50.80329133],[-117.46572136,50.80317384],[-117.46548516,50.80306061],[-117.46524409,50.80294881],[-117.46500859,50.80283452],[-117.46479032,50.80271453],[-117.46458759,50.80258884],[-117.46438807,50.80245995],[-117.4641914,50.80232928],[-117.46399553,50.80219825],[-117.46379886,50.80206758],[-117.46359968,50.80193905],[-117.46339673,50.80181372],[-117.46318874,50.80169266],[-117.46297334,50.80157694],[-117.46274343,50.80147226],[-117.46249631,50.80137933],[-117.46223981,50.80129388],[-117.46198135,50.80121056],[-117.46172837,50.80112404],[-117.46148781,50.80102969],[-117.46126765,50.80092216],[-117.46107349,50.80079719],[-117.46089722,50.80066118],[-117.46073384,50.80051662],[-117.46058106,50.8003653],[-117.4604358,50.80020935],[-117.46029544,50.80005019],[-117.46025263,50.79999999],[-117.46015771,50.79988961],[-117.46001997,50.79972903],[-117.45987916,50.79957059],[-117.45973265,50.79941571],[-117.45958806,50.79926047],[-117.45944951,50.79910202],[-117.45931152,50.79894358],[-117.45917035,50.79878656],[-117.45902077,50.79863381],[-117.45885913,50.79848748],[-117.45868113,50.79834897],[-117.45849521,50.79821225],[-117.45830251,50.7980773],[-117.45810185,50.79794592],[-117.45789434,50.79781988],[-117.45767859,50.79770131],[-117.45745446,50.79759129],[-117.45722201,50.79749231],[-117.4569798,50.79740401],[-117.45672809,50.79732425],[-117.45646893,50.79725162],[-117.45620357,50.79718504],[-117.45593361,50.7971238],[-117.45566031,50.79706683],[-117.45538628,50.79701271],[-117.45511278,50.79696037],[-117.45484084,50.7969091],[-117.45456702,50.79686245],[-117.45428982,50.79682186],[-117.45401013,50.79678768],[-117.453729,50.7967592],[-117.45344654,50.79673534],[-117.45316477,50.79671647],[-117.45288272,50.79670757],[-117.45259865,50.79671042],[-117.45231425,50.79671896],[-117.45202918,50.7967268],[-117.45174561,50.79672715],[-117.45146362,50.79671469],[-117.45118271,50.7966919],[-117.45090227,50.79666235],[-117.45062303,50.79662924],[-117.45034322,50.79659613],[-117.45006301,50.79656622],[-117.4497829,50.79653702],[-117.4495028,50.79650783],[-117.44922289,50.79648005],[-117.44896207,50.79645584],[-117.44866109,50.79642843],[-117.44862522,50.79642529],[-117.44837966,50.79640386],[-117.44809833,50.79638],[-117.4478171,50.79635686],[-117.44753511,50.79633229],[-117.44725024,50.79629918],[-117.44696447,50.79626571],[-117.44668155,50.79624257],[-117.44652081,50.79624114],[-117.44640321,50.79624007],[-117.44613353,50.79626927],[-117.44592737,50.79631769],[-117.44587148,50.79633087],[-117.44561414,50.79641205],[-117.44535802,50.79649999],[-117.44510002,50.79658046],[-117.44483866,50.7966531],[-117.44457651,50.79672609],[-117.44436373,50.79677344],[-117.44430965,50.79678555],[-117.44403434,50.7968208],[-117.44375292,50.7968386],[-117.44348475,50.79684643],[-117.44318245,50.79685391],[-117.44289931,50.79686744],[-117.44261574,50.79688595],[-117.44233263,50.79690376],[-117.44222202,50.79690838],[-117.44204919,50.79691515],[-117.44176743,50.79691444],[-117.44148474,50.79688489],[-117.44120331,50.79684216],[-117.44092674,50.79681504],[-117.44092374,50.79681474],[-117.44077423,50.79682115],[-117.44064739,50.79682649],[-117.44036703,50.79686601],[-117.44009205,50.79692583],[-117.43993899,50.79697137],[-117.43983354,50.79700274],[-117.43960902,50.79710528],[-117.43942123,50.79724485],[-117.43922956,50.79738087],[-117.43918119,50.79740152],[-117.43899574,50.79748127],[-117.4388525,50.79752044],[-117.43872771,50.79755462],[-117.43844963,50.79758026],[-117.4381695,50.79757705],[-117.43788585,50.79756281],[-117.43760067,50.79753967],[-117.43731779,50.79750869],[-117.43703851,50.7974713],[-117.4367635,50.79742822],[-117.43648982,50.79737446],[-117.43622178,50.79730859],[-117.43607528,50.79726302],[-117.43596649,50.79722919],[-117.43572611,50.79713555],[-117.43547811,50.79703372],[-117.43523001,50.79692512],[-117.43499627,50.79680833],[-117.43479357,50.79668194],[-117.43463613,50.79654486],[-117.43454735,50.79639318],[-117.4345393,50.79622049],[-117.43458038,50.79603463],[-117.43463574,50.79584414],[-117.43467255,50.79565793],[-117.43468064,50.79556251],[-117.43468819,50.79547741],[-117.43471129,50.79529582],[-117.43473213,50.79511424],[-117.43474213,50.79493372],[-117.43473601,50.79482726],[-117.43473216,50.79475534],[-117.43469204,50.79458087],[-117.43461942,50.79440961],[-117.43452207,50.79424084],[-117.43440926,50.79407421],[-117.43428979,50.79390829],[-117.43417313,50.79374237],[-117.43406427,50.79357573],[-117.43403607,50.79353514],[-117.43394917,50.79341088],[-117.43383137,50.79324674],[-117.43371684,50.79308189],[-117.43361136,50.79291526],[-117.43352093,50.79274542],[-117.43344666,50.79257238],[-117.43338393,50.7923972],[-117.43332776,50.7922206],[-117.43327544,50.79204328],[-117.43322311,50.79186597],[-117.43316672,50.79168972],[-117.43310694,50.79151348],[-117.43304435,50.79133723],[-117.43298153,50.79116134],[-117.43291838,50.7909851],[-117.43285772,50.7908085],[-117.43280021,50.79063225],[-117.43274687,50.79045565],[-117.4326994,50.79027869],[-117.43265948,50.79010138],[-117.43262824,50.78992371],[-117.43261043,50.78974532],[-117.43260941,50.78956623],[-117.43262149,50.78938607],[-117.43264313,50.7892059],[-117.43267233,50.78902539],[-117.43270535,50.78884594],[-117.43273869,50.78866684],[-117.43277979,50.78848881],[-117.43283338,50.7883115],[-117.43289382,50.7881349],[-117.43293119,50.78802915],[-117.43295596,50.7879583],[-117.43301326,50.78778134],[-117.43305986,50.78760438],[-117.43309059,50.78742671],[-117.43310264,50.78724833],[-117.43310267,50.78706852],[-117.43309246,50.786888],[-117.43307178,50.78670713],[-117.43304219,50.78652697],[-117.4330029,50.78634787],[-117.43295512,50.78617056],[-117.43289672,50.78599574],[-117.43281131,50.78582519],[-117.43270546,50.78565749],[-117.43259081,50.78549121],[-117.43247887,50.78532422],[-117.43238297,50.7851551],[-117.43231407,50.7849817],[-117.43227353,50.78480367],[-117.43225174,50.7846228],[-117.43223628,50.78444086],[-117.43221731,50.78425998],[-117.43218297,50.78408195],[-117.43217391,50.78405525],[-117.4321231,50.78390856],[-117.43203592,50.7837373],[-117.43197809,50.78364544],[-117.43192847,50.78356603],[-117.43180135,50.78339905],[-117.43165477,50.78324203],[-117.43148901,50.78309889],[-117.43129777,50.78297499],[-117.43106137,50.78287458],[-117.43095118,50.78284147],[-117.43079574,50.78279483],[-117.43061854,50.78275566],[-117.43051974,50.78273358],[-117.4302479,50.78269015],[-117.42996829,50.78266985],[-117.42968265,50.78266487],[-117.42939466,50.78266522],[-117.42910935,50.78266059],[-117.42882267,50.78266237],[-117.42853653,50.78266594],[-117.42842446,50.78266011],[-117.42825547,50.78265134],[-117.42798433,50.78260683],[-117.4278946,50.78258725],[-117.42773664,50.7825527],[-117.42771717,50.78254844],[-117.42745333,50.7824815],[-117.42738374,50.78246298],[-117.42719012,50.782411],[-117.42692669,50.78234086],[-117.42666159,50.78227499],[-117.42639295,50.78221802],[-117.42611969,50.78217245],[-117.42584278,50.78213506],[-117.42556283,50.78210408],[-117.42528131,50.78207809],[-117.42520867,50.78207204],[-117.42499851,50.78205495],[-117.42471623,50.78203359],[-117.42443097,50.78200902],[-117.42413415,50.78197626],[-117.42394193,50.78195998],[-117.42385665,50.78195276],[-117.42355925,50.78195027],[-117.42330969,50.78199015],[-117.4231039,50.78209589],[-117.42296459,50.78221802],[-117.42292965,50.78224829],[-117.42276768,50.78241207],[-117.42260493,50.7825641],[-117.42246287,50.78272931],[-117.42232728,50.78288028],[-117.42214409,50.78302305],[-117.42191396,50.78311171],[-117.42163537,50.78316761],[-117.4213388,50.78319147],[-117.42117231,50.78318684],[-117.42105389,50.78318364],[-117.42088917,50.78316334],[-117.42078231,50.78315017],[-117.42051231,50.78309961],[-117.42024274,50.78303801],[-117.41997407,50.78297072],[-117.41994693,50.78296406],[-117.4197056,50.78290485],[-117.419436,50.78284503],[-117.41916766,50.78278414],[-117.41889953,50.78271863],[-117.41863209,50.78265205],[-117.41836392,50.78258832],[-117.41809485,50.78253028],[-117.41782379,50.78248221],[-117.41754987,50.78244803],[-117.41727209,50.78243272],[-117.41699108,50.78243877],[-117.41670665,50.78245871],[-117.41651408,50.78247627],[-117.41642164,50.7824847],[-117.41613598,50.78250998],[-117.41585218,50.78252636],[-117.41557094,50.78252672],[-117.41529606,50.78248969],[-117.41502422,50.78242987],[-117.41474982,50.78238002],[-117.41446953,50.78235474],[-117.41418824,50.78233445],[-117.413906,50.78231736],[-117.41362282,50.78230169],[-117.4133466,50.78228745],[-117.41305779,50.78227178],[-117.41279174,50.78225576],[-117.41249201,50.7822344],[-117.41220884,50.78221268],[-117.41191954,50.78219345],[-117.4116326,50.78216889],[-117.41135687,50.78212972],[-117.41126887,50.78210836],[-117.41110074,50.78206741],[-117.41087509,50.781967],[-117.41074628,50.78188476],[-117.41067308,50.78183811],[-117.41047848,50.78169961],[-117.41027671,50.78157036],[-117.41006851,50.78144752],[-117.40986214,50.78132362],[-117.40966647,50.78119366],[-117.40948787,50.7810548],[-117.40932134,50.78090953],[-117.4092132,50.7808077],[-117.40916267,50.78075999],[-117.40900877,50.78060831],[-117.40885623,50.78045627],[-117.40879841,50.78039183],[-117.40871407,50.78029783],[-117.40858023,50.7801344],[-117.40844569,50.77997204],[-117.40830032,50.7798168],[-117.40813631,50.77967545],[-117.4079294,50.77955155],[-117.40769826,50.77946823],[-117.40742738,50.77940093],[-117.4071518,50.77933827],[-117.40688716,50.7792692],[-117.40661221,50.77920902],[-117.40633539,50.7791517],[-117.40607072,50.7790844],[-117.40583294,50.77899575],[-117.40562711,50.77887967],[-117.40543711,50.77874971],[-117.40525915,50.77860907],[-117.4050909,50.77846131],[-117.40492961,50.77830892],[-117.40477161,50.77815582],[-117.40461526,50.7780045],[-117.40447081,50.77784961],[-117.40434251,50.77768726],[-117.40421897,50.77752276],[-117.40408894,50.77736218],[-117.40394218,50.77721086],[-117.40376356,50.77707556],[-117.40354544,50.77696198],[-117.40330842,50.77685836],[-117.40307758,50.77675048],[-117.40286533,50.77663049],[-117.40265372,50.77650694],[-117.40245268,50.77637841],[-117.40227289,50.77624061],[-117.40212872,50.77608965],[-117.40202101,50.77592337],[-117.40193066,50.77575033],[-117.40183611,50.77557942],[-117.40173712,50.77541101],[-117.40164028,50.77524189],[-117.40154288,50.77507276],[-117.40151324,50.77502327],[-117.40144254,50.77490471],[-117.4013362,50.77473807],[-117.40122002,50.77457358],[-117.40110033,50.77441015],[-117.40102874,50.77430761],[-117.40098528,50.77424565],[-117.40088255,50.77407866],[-117.4007906,50.77390812],[-117.40070634,50.77373614],[-117.40063135,50.77356203],[-117.40056889,50.77338685],[-117.40051918,50.77321025],[-117.40047772,50.77303223],[-117.40044404,50.77285349],[-117.40041703,50.77267404],[-117.40039475,50.77249423],[-117.40037731,50.77231478],[-117.40038018,50.77213355],[-117.40039941,50.77195054],[-117.40041761,50.77176824],[-117.40041819,50.77158879],[-117.40038389,50.77141361],[-117.400306,50.77124484],[-117.4001992,50.7710807],[-117.40016406,50.7710362],[-117.40007195,50.77091941],[-117.39999989,50.77083574],[-117.39993421,50.77075954],[-117.39979558,50.77059932],[-117.39966463,50.77043767],[-117.39955154,50.77027282],[-117.39945803,50.77010298],[-117.39938093,50.76992959],[-117.39931479,50.76975405],[-117.39925699,50.76957781],[-117.39919821,50.76940049],[-117.39914149,50.76922175],[-117.39909433,50.76904302],[-117.39906271,50.76886463],[-117.39905526,50.76868803],[-117.3990685,50.76865741],[-117.39912911,50.76851713],[-117.39924795,50.768348],[-117.399307,50.76817389],[-117.39932811,50.76799409],[-117.39933213,50.76781286],[-117.39931847,50.76763198],[-117.3992855,50.76745395],[-117.39923461,50.76727664],[-117.39916535,50.76710075],[-117.39907711,50.76692806],[-117.39896733,50.7667625],[-117.39883578,50.76660441],[-117.3986877,50.76645095],[-117.39852876,50.76630034],[-117.3984482,50.76622629],[-117.39836631,50.7661508],[-117.39820658,50.76600055],[-117.39805635,50.7658478],[-117.39792243,50.76569078],[-117.39781568,50.76552664],[-117.39774752,50.76535253],[-117.39769918,50.76517308],[-117.39765084,50.76499363],[-117.39758259,50.76481881],[-117.39747982,50.76465289],[-117.39735476,50.76449267],[-117.3972784,50.76440615],[-117.39721578,50.76433565],[-117.39707025,50.76418005],[-117.39693063,50.76403265],[-117.39678145,50.76386886],[-117.3966494,50.763709],[-117.39652509,50.76354592],[-117.39646789,50.76346973],[-117.39640293,50.76338214],[-117.39627702,50.76321978],[-117.3961419,50.76306205],[-117.39599247,50.76291073],[-117.39582189,50.76276937],[-117.39572649,50.762706],[-117.39562732,50.76263977],[-117.39541652,50.76251693],[-117.39520024,50.7623973],[-117.39498738,50.76227588],[-117.39478771,50.76214806],[-117.39461055,50.76200991],[-117.39450224,50.76190167],[-117.39445898,50.7618593],[-117.39432537,50.76170015],[-117.39420257,50.76153565],[-117.39408432,50.76136938],[-117.39396367,50.76120417],[-117.39383382,50.76104359],[-117.39368905,50.7608912],[-117.39352028,50.76075056],[-117.39330774,50.76063128],[-117.39306675,50.76052624],[-117.39281983,50.76042513],[-117.3925878,50.7603176],[-117.39239427,50.76019334],[-117.39225222,50.76004629],[-117.39214357,50.75988428],[-117.39205902,50.75971124],[-117.39199058,50.7595325],[-117.39192996,50.75935127],[-117.39186906,50.75917218],[-117.39180585,50.75899664],[-117.39175154,50.7588204],[-117.3917038,50.75864273],[-117.39165887,50.75846506],[-117.39161225,50.75828739],[-117.39155954,50.75811043],[-117.39149149,50.75792421],[-117.39141912,50.75776185],[-117.39133075,50.75758952],[-117.39123741,50.75741791],[-117.39114464,50.75724629],[-117.39105885,50.75707432],[-117.39098592,50.75690163],[-117.39093136,50.75672752],[-117.39090489,50.75655092],[-117.3909101,50.75637147],[-117.39093933,50.75619059],[-117.39098328,50.75601043],[-117.3910325,50.75583169],[-117.39108605,50.7556558],[-117.39115039,50.75548063],[-117.39122248,50.75530652],[-117.39129916,50.75513312],[-117.39137754,50.75495972],[-117.39145512,50.75478668],[-117.39154819,50.75461578],[-117.39164473,50.75444558],[-117.39171668,50.75427254],[-117.39172823,50.75422127],[-117.39175789,50.75409487],[-117.39179736,50.75391471],[-117.39183156,50.75373312],[-117.39185563,50.75355153],[-117.39186583,50.75337137],[-117.39185742,50.75319299],[-117.39182474,50.75301817],[-117.39179758,50.7529555],[-117.39175133,50.75284798],[-117.39164464,50.75268134],[-117.39152015,50.75251613],[-117.39139373,50.75235128],[-117.39128062,50.75218501],[-117.39117586,50.75201802],[-117.39111684,50.75192402],[-117.3910711,50.75185103],[-117.39096602,50.75168368],[-117.39086183,50.7515167],[-117.39075674,50.75134935],[-117.39065256,50.75118236],[-117.39054748,50.75101502],[-117.39034113,50.75077183],[-117.39020684,50.75061303],[-117.39007288,50.75045459],[-117.38994657,50.75030683],[-117.3898028,50.75013842],[-117.3897326,50.75005724],[-117.38965646,50.74996965],[-117.38952843,50.74982367],[-117.38938882,50.749667],[-117.3892484,50.7495107],[-117.38910697,50.7493551],[-117.38896361,50.74919986],[-117.3888223,50.74904925],[-117.38867558,50.74888796],[-117.38854259,50.74872204],[-117.38840539,50.74855826],[-117.38824908,50.74840907],[-117.38805844,50.74828659],[-117.38782964,50.74819152],[-117.38757536,50.7481139],[-117.38730381,50.74804981],[-117.38702381,50.74799605],[-117.38674381,50.74794834],[-117.38646959,50.74790383],[-117.3861928,50.74786324],[-117.38591436,50.74782692],[-117.38563345,50.74779524],[-117.38555909,50.74778847],[-117.38535186,50.74776889],[-117.38506927,50.74774753],[-117.38478746,50.74773186],[-117.38450008,50.74772901],[-117.38428863,50.74775465],[-117.38418154,50.74776782],[-117.38402477,50.74779417],[-117.38385567,50.74782301],[-117.38370899,50.74784255],[-117.38355365,50.74786324],[-117.38329811,50.74785042],[-117.38314391,50.74777209],[-117.38310606,50.74772938],[-117.3830338,50.74764783],[-117.38294432,50.74748511],[-117.38288342,50.74730709],[-117.38284004,50.74711518],[-117.3828083,50.74691579],[-117.38278176,50.74671533],[-117.38275408,50.74652093],[-117.38272017,50.74633863],[-117.38269566,50.74615918],[-117.38268671,50.7459783],[-117.38269296,50.74579743],[-117.38271177,50.74563435],[-117.38275059,50.74544066],[-117.3828076,50.74526477],[-117.38287877,50.74508959],[-117.38295633,50.74491584],[-117.38303601,50.74474316],[-117.38312094,50.74457189],[-117.38321103,50.74440135],[-117.38330371,50.74423115],[-117.38339639,50.74406096],[-117.38348648,50.74389041],[-117.38356663,50.74371701],[-117.38364621,50.74354362],[-117.38374044,50.74337449],[-117.38386106,50.7432132],[-117.38400394,50.74305832],[-117.38407212,50.74299102],[-117.38415822,50.74290664],[-117.3843134,50.74275532],[-117.38446031,50.74260114],[-117.38460342,50.74244591],[-117.38474643,50.74228995],[-117.38488686,50.74213365],[-117.38502339,50.74197556],[-117.38515241,50.74181605],[-117.38527397,50.74165333],[-117.38539202,50.74148563],[-117.38548732,50.74131401],[-117.38553812,50.74113991],[-117.38553742,50.74096366],[-117.38550413,50.74078563],[-117.38545409,50.74060654],[-117.38540228,50.74042673],[-117.38536294,50.74024764],[-117.38532843,50.7400689],[-117.38529213,50.73988945],[-117.38526124,50.73971036],[-117.38524103,50.73953126],[-117.38523827,50.73935217],[-117.38524984,50.73917094],[-117.38527942,50.73898971],[-117.38533401,50.73881239],[-117.38542015,50.73864362],[-117.38553998,50.73848269],[-117.38568422,50.73832745],[-117.38584179,50.73817506],[-117.38600068,50.73802409],[-117.38615652,50.73787348],[-117.38625017,50.73778874],[-117.38631927,50.73772608],[-117.38642214,50.73763671],[-117.38648671,50.73758009],[-117.38665247,50.73743411],[-117.38681287,50.737286],[-117.38696345,50.73713396],[-117.38710164,50.73697765],[-117.38723136,50.73681707],[-117.38735283,50.73665365],[-117.38746354,50.73648773],[-117.38756407,50.73631931],[-117.3876525,50.73614876],[-117.38773454,50.73597679],[-117.38777147,50.73589276],[-117.38781021,50.73580339],[-117.38788038,50.73562893],[-117.38794473,50.73545304],[-117.38800426,50.73527679],[-117.38805895,50.73510019],[-117.38810914,50.73492359],[-117.38815216,50.73474592],[-117.38818833,50.73456754],[-117.38821822,50.73438844],[-117.38824384,50.73420899],[-117.38826575,50.73402918],[-117.38828575,50.73384973],[-117.38830406,50.73367028],[-117.38831823,50.73348941],[-117.38832712,50.73330889],[-117.38832621,50.73312873],[-117.38831401,50.73295035],[-117.3882162,50.73278158],[-117.38815904,50.73262207],[-117.38816456,50.73243122],[-117.38817581,50.73234125],[-117.38818732,50.73224928],[-117.38822827,50.73206876],[-117.38829072,50.73189323],[-117.38838213,50.73172588],[-117.38845567,50.73162986],[-117.38850512,50.7315653],[-117.38864983,50.73140935],[-117.3888044,50.73125554],[-117.38895592,50.73110208],[-117.38910787,50.73094969],[-117.38926954,50.7308005],[-117.38943388,50.73065238],[-117.38959207,50.73050249],[-117.38973674,50.73034832],[-117.38985927,50.73018845],[-117.38996034,50.73002182],[-117.39004653,50.72985127],[-117.39012165,50.72967787],[-117.39019085,50.72950233],[-117.3902586,50.72932644],[-117.39032926,50.72915127],[-117.39040663,50.72897787],[-117.39048926,50.7288059],[-117.39057335,50.72863428],[-117.39065855,50.72846266],[-117.39074376,50.72829104],[-117.39082897,50.72811943],[-117.39084745,50.72791826],[-117.39087532,50.72773453],[-117.3909059,50.72755615],[-117.39093595,50.72736566],[-117.39095479,50.72718372],[-117.39095748,50.72700498],[-117.39093666,50.72683123],[-117.39091964,50.7267764],[-117.39088498,50.72666424],[-117.39076264,50.72651328],[-117.39057452,50.72637691],[-117.390559,50.72636749],[-117.39035871,50.72624588],[-117.39015302,50.72611058],[-117.38999409,50.72596139],[-117.38987378,50.72580046],[-117.38984439,50.72575595],[-117.3897647,50.72563525],[-117.38966606,50.72546613],[-117.38957445,50.72529486],[-117.38948962,50.72512182],[-117.38940807,50.72494807],[-117.38932911,50.72477467],[-117.38925137,50.72460199],[-117.38917624,50.72442788],[-117.38910496,50.72425306],[-117.38903978,50.72407752],[-117.38898091,50.72390092],[-117.38893049,50.72372432],[-117.38888976,50.72354665],[-117.38885995,50.72336862],[-117.38884289,50.72318917],[-117.38883721,50.72300865],[-117.38884077,50.72282778],[-117.38885253,50.72264726],[-117.3888709,50.72246781],[-117.38889523,50.72228871],[-117.38892982,50.72210855],[-117.38897777,50.72192946],[-117.38904229,50.72175428],[-117.38912693,50.72158444],[-117.38924502,50.7214228],[-117.38939042,50.72126756],[-117.38954721,50.72111552],[-117.38970031,50.72096313],[-117.38985026,50.72081038],[-117.39000645,50.72066013],[-117.39016866,50.72051272],[-117.39033743,50.72036817],[-117.390511,50.72022575],[-117.39069002,50.72008617],[-117.39087448,50.71994945],[-117.39105923,50.71980454],[-117.39125448,50.71966852],[-117.39147602,50.71956883],[-117.39173857,50.71952682],[-117.39202954,50.71952219],[-117.39232219,50.71951756],[-117.39260337,50.71949264],[-117.39288341,50.71946344],[-117.39316037,50.71942605],[-117.39328072,50.7194054],[-117.39343438,50.71937941],[-117.39370963,50.71932743],[-117.39397626,50.71926369],[-117.3942211,50.71917824],[-117.39435443,50.71910733],[-117.39443667,50.71906359],[-117.394552,50.71898798],[-117.39463652,50.71893257],[-117.39483867,50.71880403],[-117.39506327,50.71869793],[-117.39532383,50.71862885],[-117.39559432,50.71856868],[-117.39565787,50.71854803],[-117.39584638,50.71848679],[-117.39608926,50.71839315],[-117.3961311,50.71837819],[-117.39633596,50.71830484],[-117.39659094,50.71822367],[-117.39685351,50.71815495],[-117.39712768,50.71811578],[-117.39736186,50.71809477],[-117.39740717,50.71809086],[-117.39768987,50.71807305],[-117.39786337,50.71806487],[-117.39797371,50.71805953],[-117.39813109,50.71805276],[-117.39825741,50.71804706],[-117.39854004,50.71803282],[-117.39877829,50.71802107],[-117.39882355,50.71801894],[-117.39910685,50.71800968],[-117.39939004,50.71801003],[-117.39944859,50.71801253],[-117.39967128,50.71802285],[-117.39995175,50.71804457],[-117.39999934,50.7180492],[-117.4001339,50.71806273],[-117.40023221,50.71807234],[-117.40051216,50.71810261],[-117.40079258,50.71813216],[-117.40086206,50.71813857],[-117.40095062,50.71814676],[-117.40107284,50.71815851],[-117.40135363,50.71818664],[-117.40158682,50.71821026],[-117.40163474,50.71821512],[-117.4017076,50.71822153],[-117.40191584,50.71823933],[-117.40219578,50.718255],[-117.40251229,50.71825429],[-117.40258328,50.71821797],[-117.40269873,50.71815922],[-117.40275415,50.71799188],[-117.40276816,50.71781563],[-117.40277586,50.71772127],[-117.40278401,50.71761161],[-117.40281338,50.71743252],[-117.4028405,50.71725342],[-117.40285885,50.71707397],[-117.40286904,50.71689239],[-117.40286816,50.71670795],[-117.40280296,50.71653847],[-117.40275424,50.71648827],[-117.40265681,50.71638786],[-117.40246882,50.71624793],[-117.40228232,50.7161169],[-117.40208366,50.71598125],[-117.40188621,50.71585236],[-117.40168637,50.71572453],[-117.4014871,50.71559671],[-117.40128965,50.71546782],[-117.40109164,50.71533893],[-117.40089363,50.71521004],[-117.40071107,50.71508934],[-117.40050342,50.71494941],[-117.40030012,50.71482087],[-117.40009252,50.71469376],[-117.40000019,50.71463288],[-117.39989376,50.71456345],[-117.39971611,50.71442494],[-117.39957191,50.71427398],[-117.39944502,50.71411375],[-117.39932546,50.71394748],[-117.39921577,50.71377728],[-117.3991183,50.71360389],[-117.39903526,50.71342906],[-117.39896965,50.71325424],[-117.39892279,50.71308084],[-117.39891886,50.71290887],[-117.39898705,50.71273583],[-117.3990891,50.71256172],[-117.39918591,50.71238619],[-117.39924339,50.71220887],[-117.39929776,50.71202515],[-117.39935118,50.71183858],[-117.39938713,50.71165379],[-117.39939143,50.71147612],[-117.39936616,50.71137891],[-117.39934855,50.71131126],[-117.39922955,50.71116137],[-117.39909413,50.71106666],[-117.39903578,50.71102607],[-117.39879984,50.71090537],[-117.39855404,50.71079891],[-117.3983141,50.71070669],[-117.39806244,50.71062551],[-117.39780275,50.71055145],[-117.39753985,50.71048059],[-117.39727755,50.71040796],[-117.39702155,50.71032998],[-117.39677601,50.71024204],[-117.39654233,50.71014199],[-117.39631817,50.71003339],[-117.39610045,50.70991839],[-117.3958862,50.70979982],[-117.39567367,50.70967948],[-117.39545988,50.7095602],[-117.39524263,50.70944448],[-117.39502175,50.7093309],[-117.39480235,50.7092159],[-117.39457941,50.70910374],[-117.39434934,50.70899906],[-117.39410829,50.70890684],[-117.39385713,50.70882495],[-117.3937159,50.70878472],[-117.39358728,50.7087484],[-117.39333188,50.70868502],[-117.39320766,50.70865832],[-117.39306229,50.70862699],[-117.39299712,50.70861488],[-117.3927912,50.70857643],[-117.39251585,50.70852978],[-117.39223691,50.70848777],[-117.39196977,50.70845608],[-117.39167445,50.70843223],[-117.39149105,50.70842724],[-117.39139372,50.70842475],[-117.39111443,50.70843828],[-117.39083512,50.70847246],[-117.39055524,50.70851697],[-117.39027546,50.70856218],[-117.38999667,50.70859815],[-117.38971921,50.70861488],[-117.3894418,50.70860491],[-117.38916313,50.70857109],[-117.38888687,50.70851981],[-117.38870511,50.70847709],[-117.38861597,50.70845608],[-117.38835398,50.70838558],[-117.38808583,50.70829443],[-117.38785586,50.70820079],[-117.38761404,50.70809433],[-117.38737264,50.70798894],[-117.38712913,50.70789281],[-117.38702251,50.70785898],[-117.38688071,50.70781447],[-117.38662451,50.70776178],[-117.38635809,50.70774362],[-117.38608392,50.70775964],[-117.38580382,50.70779845],[-117.38553103,50.70784759],[-117.38523497,50.70790135],[-117.38495053,50.70794337],[-117.38466939,50.70796402],[-117.3843933,50.70795547],[-117.38409928,50.7079245],[-117.38384267,50.70788533],[-117.38356928,50.70783228],[-117.38344174,50.70780379],[-117.38329741,50.70777175],[-117.38302801,50.70770659],[-117.38277666,50.70764393],[-117.38249792,50.70757414],[-117.3822374,50.707504],[-117.38197945,50.70742994],[-117.38172384,50.70735232],[-117.38146962,50.70727256],[-117.38121624,50.70719067],[-117.38096398,50.70710878],[-117.38072289,50.70703045],[-117.38045741,50.70694642],[-117.38020161,50.70686738],[-117.38013717,50.70684815],[-117.37995895,50.70679403],[-117.37968603,50.70671107],[-117.37942887,50.70663238],[-117.37923038,50.70656972],[-117.37917344,50.70655191],[-117.3789211,50.70646931],[-117.37867231,50.70638386],[-117.37842833,50.70629449],[-117.37820066,50.70620512],[-117.37796188,50.70610008],[-117.37776192,50.7059744],[-117.37758907,50.70582877],[-117.37743399,50.70567318],[-117.37728903,50.70551758],[-117.37716196,50.705357],[-117.37706559,50.70521565],[-117.37704873,50.70519072],[-117.37693902,50.70502338],[-117.37682239,50.70485888],[-117.37668896,50.70470115],[-117.37658825,50.7046068],[-117.37653157,50.70455339],[-117.37636184,50.7044099],[-117.37629434,50.70435756],[-117.37618167,50.70427033],[-117.37599378,50.70413396],[-117.3759111,50.70407735],[-117.3757994,50.70400151],[-117.3756002,50.70387298],[-117.37539722,50.70374764],[-117.37519036,50.70363941],[-117.37493738,50.70353722],[-117.37469038,50.70344393],[-117.37459959,50.70340227],[-117.37446095,50.70333925],[-117.37426454,50.7032125],[-117.37407616,50.70307862],[-117.37388984,50.70294332],[-117.37380428,50.70287995],[-117.37370548,50.70280589],[-117.37352318,50.70266703],[-117.37334373,50.70252639],[-117.37316714,50.70238396],[-117.37299429,50.70224012],[-117.37282576,50.70209485],[-117.37266176,50.7019478],[-117.37250263,50.70179933],[-117.37234916,50.70164907],[-117.37226528,50.70156255],[-117.37220249,50.70149704],[-117.37207542,50.70133824],[-117.37196549,50.70117303],[-117.3718687,50.70100319],[-117.37177997,50.70083051],[-117.37169395,50.70065711],[-117.37160667,50.70048478],[-117.37151864,50.70031103],[-117.37144851,50.70012196],[-117.37141413,50.70000019],[-117.37139212,50.69992222],[-117.37133951,50.69971927],[-117.37128412,50.69952059],[-117.37121596,50.69933366],[-117.37112805,50.6991649],[-117.37101165,50.69902247],[-117.37085838,50.69891317],[-117.3706631,50.69884053],[-117.37043236,50.6987946],[-117.37017319,50.69877146],[-117.36989155,50.69876718],[-117.36959347,50.69877858],[-117.36928474,50.69880279],[-117.36897131,50.6988359],[-117.3686592,50.69887471],[-117.36835446,50.69891601],[-117.36806278,50.69895625],[-117.36778712,50.69899435],[-117.36751278,50.69903814],[-117.36723907,50.6990887],[-117.36696679,50.69914567],[-117.36669715,50.69920976],[-117.36643197,50.6992799],[-117.36617216,50.69935645],[-117.36591905,50.69943906],[-117.36567379,50.69952771],[-117.36543749,50.69962242],[-117.36520487,50.69972354],[-117.36497525,50.69983036],[-117.36474978,50.69994287],[-117.36464253,50.70000019],[-117.36452947,50.70006037],[-117.36431545,50.70018285],[-117.36410909,50.70030996],[-117.36391083,50.70044099],[-117.36372238,50.70057593],[-117.36354396,50.70071443],[-117.36337839,50.7008565],[-117.36323753,50.70100889],[-117.36311746,50.70117161],[-117.36301263,50.70134109],[-117.36291672,50.70151413],[-117.36282235,50.70168824],[-117.3627232,50.70186021],[-117.36261214,50.7020272],[-117.36248362,50.70218564],[-117.36233108,50.70233269],[-117.36215406,50.70246906],[-117.3619587,50.70259653],[-117.36174954,50.70271759],[-117.36153138,50.70283437],[-117.36130731,50.70294902],[-117.36108346,50.70306331],[-117.36086305,50.7031801],[-117.36065164,50.70330115],[-117.36045056,50.70342791],[-117.3602559,50.70355858],[-117.36006411,50.70369174],[-117.35987321,50.70382526],[-117.35967921,50.70395665],[-117.3594799,50.70408411],[-117.35927219,50.70420553],[-117.3590534,50.70431982],[-117.35882565,50.70442806],[-117.3585918,50.70453274],[-117.35835484,50.70463528],[-117.35811845,50.70473783],[-117.35788473,50.70484144],[-117.35765767,50.70494861],[-117.35743949,50.70506112],[-117.35723429,50.7051804],[-117.35704727,50.70531143],[-117.35688704,50.7054599],[-117.35675136,50.70562155],[-117.35663664,50.70579067],[-117.3565393,50.70596158],[-117.35645907,50.70613213],[-117.3563982,50.70630659],[-117.35635186,50.70648462],[-117.35631415,50.70666407],[-117.35628048,50.70684423],[-117.35624412,50.70702333],[-117.3562007,50.70720206],[-117.35614804,50.70738116],[-117.35609075,50.70756132],[-117.35603211,50.70774184],[-117.35597594,50.707922],[-117.35592676,50.70810181],[-117.35588728,50.70828055],[-117.35586255,50.70845822],[-117.35585552,50.70863375],[-117.35587014,50.70880715],[-117.35591437,50.70897912],[-117.35599125,50.70914932],[-117.35609516,50.70931773],[-117.35622062,50.70948329],[-117.35636144,50.70964601],[-117.35651134,50.70980516],[-117.35666573,50.70996005],[-117.35681978,50.7101103],[-117.35697963,50.71025771],[-117.35714561,50.71040262],[-117.35731693,50.7105454],[-117.35749256,50.71068675],[-117.35767058,50.71082703],[-117.35785052,50.71096696],[-117.35803092,50.71110618],[-117.3582111,50.71124575],[-117.35839001,50.71138639],[-117.35856565,50.71152774],[-117.35873788,50.71167088],[-117.35890477,50.71181615],[-117.35906689,50.71196355],[-117.35922743,50.71211167],[-117.35938637,50.7122605],[-117.35954429,50.71241004],[-117.35970062,50.7125603],[-117.35985592,50.71271126],[-117.36000874,50.71286258],[-117.3601603,50.71301497],[-117.3603105,50.71316772],[-117.36036633,50.71322582],[-117.36045832,50.71332154],[-117.36060422,50.71347571],[-117.36072075,50.71360175],[-117.36074797,50.71363059],[-117.36088957,50.71378618],[-117.36102846,50.71394249],[-117.36116899,50.71410058],[-117.3613153,50.71426187],[-117.36146246,50.7144253],[-117.36160701,50.71459015],[-117.36174579,50.71475607],[-117.36187366,50.71492235],[-117.36198794,50.71508791],[-117.3620388,50.71517514],[-117.36208347,50.71525205],[-117.36215712,50.71541441],[-117.36220339,50.71557392],[-117.36212987,50.71572916],[-117.36197372,50.71585342],[-117.36194245,50.71587799],[-117.36171214,50.71601934],[-117.36150484,50.71615215],[-117.3613009,50.71627641],[-117.36115406,50.71635865],[-117.36109935,50.71638928],[-117.36087047,50.71651212],[-117.36065431,50.71662926],[-117.36044369,50.71674996],[-117.36040876,50.7167724],[-117.36024463,50.71687707],[-117.3601617,50.7169376],[-117.36005988,50.71701237],[-117.35988622,50.7171548],[-117.35972199,50.71730256],[-117.35956546,50.71745317],[-117.35941474,50.7176052],[-117.35927595,50.71776222],[-117.35915254,50.71792494],[-117.35911827,50.71797648],[-117.35904222,50.71809086],[-117.35902403,50.71812896],[-117.35895817,50.7182639],[-117.35889401,50.71844264],[-117.35881736,50.71861639],[-117.358696,50.71877341],[-117.35864729,50.7188083],[-117.35851087,50.71890586],[-117.35829204,50.71902621],[-117.35808303,50.71915047],[-117.35794123,50.71930606],[-117.35781819,50.71946736],[-117.35768102,50.71953857],[-117.35760248,50.71957951],[-117.35735944,50.71967671],[-117.3571028,50.71975861],[-117.35696715,50.71979314],[-117.356841,50.71982519],[-117.35657129,50.71987895],[-117.35647153,50.71989631],[-117.3562971,50.71992666],[-117.35602258,50.71997402],[-117.35576419,50.72002422],[-117.35548043,50.72008226],[-117.35521072,50.72014029],[-117.3549478,50.72020688],[-117.35469833,50.72028984],[-117.35446462,50.72039167],[-117.35438115,50.72043155],[-117.35423671,50.72050098],[-117.35400343,50.72060387],[-117.35380835,50.72066903],[-117.35375508,50.72068684],[-117.35349021,50.7207495],[-117.35321607,50.7207997],[-117.35294046,50.72084528],[-117.35266613,50.72089406],[-117.35239053,50.7209439],[-117.35229083,50.72096032],[-117.3521138,50.72098948],[-117.35183572,50.72102508],[-117.35155777,50.72104502],[-117.35127859,50.72104538],[-117.35108737,50.72103447],[-117.35099776,50.72102936],[-117.35071619,50.72100159],[-117.35043455,50.72096705],[-117.3501544,50.72093109],[-117.34987604,50.72089584],[-117.34981879,50.72088622],[-117.34960031,50.72084884],[-117.34932607,50.72079614],[-117.34905137,50.72074843],[-117.34877527,50.72071746],[-117.34849494,50.72070927],[-117.3482138,50.72071176],[-117.3479316,50.72072102],[-117.34764895,50.72073526],[-117.34736542,50.72075342],[-117.34723305,50.72076232],[-117.34708208,50.720773],[-117.34679907,50.72079294],[-117.34651587,50.72081145],[-117.34623332,50.72082641],[-117.34605005,50.72083317],[-117.3459485,50.72083709],[-117.34566246,50.72084706],[-117.34537793,50.72085988],[-117.34509661,50.72087982],[-117.34498688,50.72089192],[-117.34482066,50.72091044],[-117.34465289,50.72094095],[-117.3445525,50.72095922],[-117.34429531,50.72103505],[-117.34404749,50.72112834],[-117.34380808,50.72122768],[-117.34371785,50.72126756],[-117.34357613,50.72133022],[-117.34335331,50.72144202],[-117.34313865,50.72156023],[-117.3429341,50.72168449],[-117.34275021,50.72182442],[-117.34257045,50.72196577],[-117.34235948,50.72209467],[-117.34213523,50.72218546],[-117.34187512,50.72226059],[-117.34160484,50.7223229],[-117.34147327,50.72235031],[-117.34133571,50.72237915],[-117.34106085,50.72243042],[-117.34078221,50.7224703],[-117.34050365,50.72249202],[-117.3403993,50.72248561],[-117.34022553,50.72247529],[-117.3399462,50.72243292],[-117.33966459,50.72240692],[-117.33938221,50.72239411],[-117.33909896,50.7223852],[-117.33881595,50.72237595],[-117.33838288,50.72231328],[-117.33810456,50.72227625],[-117.33782536,50.72225774],[-117.33754112,50.72226237],[-117.33725592,50.72228907],[-117.3369983,50.72233892],[-117.33673652,50.72242259],[-117.33649808,50.722523],[-117.3362618,50.72262696],[-117.33601696,50.7227174],[-117.33575619,50.72278149],[-117.33548294,50.722826],[-117.33522091,50.72285769],[-117.33492138,50.7228908],[-117.33464314,50.72292747],[-117.33436915,50.72297483],[-117.3340978,50.7230293],[-117.33382679,50.72308414],[-117.3336396,50.72311832],[-117.33355421,50.72313363],[-117.33327874,50.72317208],[-117.33299966,50.72319629],[-117.33271788,50.72321089],[-117.33243534,50.72321979],[-117.33215086,50.72322478],[-117.33208885,50.72322584],[-117.33186685,50.72322905],[-117.33158279,50.7232351],[-117.33129931,50.72324543],[-117.33101678,50.7232586],[-117.33073435,50.72327249],[-117.3306439,50.72327747],[-117.33045154,50.7232878],[-117.33016958,50.72330524],[-117.32988768,50.72332518],[-117.32960714,50.72334904],[-117.32932775,50.72337717],[-117.32904916,50.72340921],[-117.32877128,50.72344446],[-117.32849346,50.7234822],[-117.32821695,50.72352137],[-117.32794077,50.72356089],[-117.32766413,50.72360112],[-117.32737493,50.72364421],[-117.32726137,50.7236613],[-117.32711258,50.72368408],[-117.32695611,50.7237083],[-117.32683767,50.72372681],[-117.3265623,50.72377025],[-117.32628825,50.72381511],[-117.32601438,50.7238614],[-117.32589319,50.7238824],[-117.32574061,50.7239084],[-117.3254675,50.72395611],[-117.32519369,50.72400489],[-117.32492119,50.72405509],[-117.32465011,50.72410743],[-117.32438765,50.72416119],[-117.32434231,50.72417116],[-117.32411345,50.72422172],[-117.32384258,50.72428403],[-117.32357258,50.72435702],[-117.32334001,50.72445529],[-117.32316758,50.72458881],[-117.32303041,50.72474405],[-117.32291174,50.7249114],[-117.32279819,50.72508123],[-117.32267656,50.72524537],[-117.32260899,50.72533474],[-117.32255408,50.72540738],[-117.32243427,50.72557045],[-117.32231447,50.72573352],[-117.32219321,50.72589624],[-117.32206838,50.72605753],[-117.32202102,50.72611521],[-117.32193685,50.72621704],[-117.32178866,50.72637192],[-117.32163546,50.72652503],[-117.3214913,50.72668062],[-117.32136943,50.72684084],[-117.32130732,50.7269708],[-117.3212878,50.72701175],[-117.32124877,50.72719405],[-117.32122362,50.72737919],[-117.3211842,50.72755864],[-117.32110148,50.7277235],[-117.32095183,50.72787375],[-117.3207465,50.72800941],[-117.32050978,50.72812085],[-117.3202649,50.72819669],[-117.31998747,50.72821663],[-117.31969155,50.72819954],[-117.31940686,50.7281739],[-117.31913076,50.72813687],[-117.31885543,50.72809094],[-117.31857997,50.72804608],[-117.31830077,50.72800691],[-117.31800649,50.72795386],[-117.31770826,50.72789654],[-117.31741813,50.72785346],[-117.31715022,50.72784171],[-117.317033,50.72786093],[-117.31691793,50.72787945],[-117.31673387,50.7279852],[-117.31659521,50.72813153],[-117.31656915,50.72816358],[-117.31645325,50.72832238],[-117.31631792,50.72849969],[-117.31616512,50.72865386],[-117.31600927,50.72880412],[-117.3158522,50.72895366],[-117.31569311,50.72910284],[-117.31553124,50.72925025],[-117.31536615,50.72939659],[-117.3151986,50.7295415],[-117.31502961,50.72968606],[-117.31493435,50.72976617],[-117.31485906,50.72982955],[-117.31468706,50.72997268],[-117.31451441,50.7301151],[-117.31434029,50.73025717],[-117.31416463,50.73039816],[-117.3139884,50.73053916],[-117.31381218,50.73068016],[-117.31363651,50.73082115],[-117.31346118,50.73096251],[-117.31332443,50.73107502],[-117.31328763,50.73110457],[-117.3132236,50.73115762],[-117.31311529,50.73124735],[-117.31294207,50.73138977],[-117.31276885,50.73153219],[-117.31259595,50.73167497],[-117.31242362,50.73181774],[-117.3122525,50.73196123],[-117.3120835,50.73210579],[-117.31191685,50.73225106],[-117.31175231,50.7323974],[-117.31159222,50.73254551],[-117.31144181,50.73269862],[-117.3112982,50.73285421],[-117.31115703,50.73301123],[-117.31101432,50.73316718],[-117.31085615,50.73332954],[-117.31070808,50.73346876],[-117.31053678,50.73361082],[-117.31035312,50.73374683],[-117.31025516,50.73381314],[-117.310159,50.73387822],[-117.30995755,50.73400533],[-117.3097501,50.73412959],[-117.30953944,50.734251],[-117.3093277,50.73437064],[-117.30911573,50.73449063],[-117.30890085,50.73460991],[-117.30868254,50.73472669],[-117.30845971,50.7348392],[-117.30823162,50.73494602],[-117.30799708,50.73504465],[-117.307753,50.73513295],[-117.3074957,50.73520879],[-117.3072281,50.73527288],[-117.30695443,50.73532735],[-117.30667984,50.73537293],[-117.30640124,50.73541174],[-117.30611132,50.73543951],[-117.30582307,50.73544841],[-117.30562065,50.73543452],[-117.30555022,50.73542954],[-117.30529219,50.73536402],[-117.30518561,50.73531385],[-117.30506906,50.73525899],[-117.3048673,50.73513081],[-117.30481242,50.73505319],[-117.30476942,50.73498234],[-117.30475369,50.73495741],[-117.3046788,50.7347979],[-117.30465883,50.73476599],[-117.30456342,50.73461347],[-117.30444225,50.73445075],[-117.30429204,50.734298],[-117.30424623,50.73426062],[-117.3041134,50.73415345],[-117.30403082,50.73411282],[-117.30390498,50.7340509],[-117.30364026,50.73396901],[-117.30357636,50.73395406],[-117.30337418,50.73390635],[-117.30310203,50.73384867],[-117.30283245,50.73378707],[-117.30257394,50.73371372],[-117.30232305,50.73362791],[-117.30218477,50.73357257],[-117.30208286,50.73353178],[-117.30185965,50.73342176],[-117.30167919,50.733274],[-117.3014754,50.73318498],[-117.30117046,50.73316789],[-117.3008878,50.73319317],[-117.30067544,50.73322878],[-117.30061275,50.73323946],[-117.3003427,50.73329785],[-117.30007359,50.73335909],[-117.29980999,50.73342995],[-117.29957495,50.73352501],[-117.29937676,50.73365141],[-117.2991982,50.73379419],[-117.29909587,50.7338738],[-117.2990179,50.73393447],[-117.29883919,50.73407405],[-117.29866203,50.73421469],[-117.29848388,50.73435426],[-117.29830217,50.73449241],[-117.29827316,50.7345152],[-117.2981222,50.73463305],[-117.29793645,50.73477049],[-117.29773303,50.73489368],[-117.29750651,50.73499978],[-117.29732261,50.73507349],[-117.29726627,50.73509592],[-117.29701743,50.73518457],[-117.29676477,50.73526789],[-117.29664055,50.73530634],[-117.29651009,50.73534658],[-117.29624972,50.7354185],[-117.2961369,50.73544556],[-117.29598346,50.73548223],[-117.29571362,50.735536],[-117.29543896,50.73557908],[-117.29516114,50.73561326],[-117.2948805,50.73564317],[-117.29460032,50.73567237],[-117.29432075,50.73570405],[-117.29405464,50.73573325],[-117.29375954,50.73575604],[-117.29347752,50.73576316],[-117.29319458,50.73576138],[-117.29291075,50.73575497],[-117.29267201,50.73574898],[-117.29262682,50.73574785],[-117.2923435,50.73574322],[-117.29205873,50.73573824],[-117.29177269,50.73573005],[-117.29148854,50.73572755],[-117.29120789,50.73573859],[-117.29093255,50.73577242],[-117.29074808,50.73581265],[-117.29066313,50.73583152],[-117.29051008,50.73587532],[-117.29040144,50.73590629],[-117.29015069,50.73598925],[-117.28995497,50.73606723],[-117.28990987,50.73608539],[-117.28987377,50.73610249],[-117.28968137,50.73619363],[-117.28960702,50.73623493],[-117.28946882,50.73631184],[-117.28927422,50.73644215],[-117.28908502,50.7365771],[-117.28889051,50.73670812],[-117.28868793,50.73683773],[-117.28849368,50.73695807],[-117.28825406,50.73706952],[-117.28818875,50.73708589],[-117.28799745,50.73713396],[-117.28771873,50.73717206],[-117.28743182,50.7371952],[-117.28714776,50.73721229],[-117.2868588,50.73720339],[-117.28681472,50.73720197],[-117.28657321,50.73719449],[-117.28630391,50.73722938],[-117.28604611,50.73730593],[-117.2858037,50.73740705],[-117.28558617,50.7375217],[-117.28541333,50.73766341],[-117.28526769,50.73782114],[-117.28513838,50.73796855],[-117.28501739,50.73814444],[-117.28494675,50.73831819],[-117.28489783,50.73849657],[-117.28485271,50.73867602],[-117.28479328,50.73885156],[-117.2847328,50.73896265],[-117.28470219,50.73901961],[-117.28458305,50.73918411],[-117.28444219,50.73934398],[-117.28428387,50.7394953],[-117.2842529,50.73952022],[-117.28411056,50.73963345],[-117.28387174,50.73972994],[-117.28360062,50.73979332],[-117.28332787,50.73984031],[-117.28303068,50.7398834],[-117.28277483,50.73992434],[-117.28250698,50.73998274],[-117.28224389,50.74004932],[-117.2821619,50.74007139],[-117.28198217,50.74011982],[-117.281721,50.74019031],[-117.28145734,50.7402569],[-117.28119071,50.740316],[-117.28091122,50.74035267],[-117.28062584,50.74037689],[-117.28035062,50.74041392],[-117.28013735,50.74047658],[-117.28009781,50.74048797],[-117.2798683,50.74059942],[-117.27967118,50.74073009],[-117.27950444,50.74087536],[-117.2794,50.74099428],[-117.27936484,50.74103416],[-117.27925342,50.74119972],[-117.27917518,50.74137134],[-117.27911448,50.74154794],[-117.27905176,50.74172419],[-117.27897169,50.74189687],[-117.27893342,50.74196808],[-117.27888032,50.74206707],[-117.27878781,50.74223726],[-117.27870394,50.74240888],[-117.27864142,50.74258655],[-117.27859077,50.74276671],[-117.27853007,50.74294331],[-117.27843813,50.74310923],[-117.27828931,50.74325806],[-117.27808722,50.74338944],[-117.277864,50.74350587],[-117.27763893,50.74361483],[-117.27740804,50.74372235],[-117.27715572,50.74383166],[-117.27693032,50.74392139],[-117.27668372,50.74400826],[-117.27643013,50.7440809],[-117.27635574,50.74409051],[-117.2761539,50.74411686],[-117.27590894,50.74412895],[-117.27586548,50.7441311],[-117.27558118,50.74414677],[-117.27529918,50.74416493],[-117.27525591,50.74416742],[-117.27501676,50.74418202],[-117.27473481,50.7441984],[-117.2744522,50.74421406],[-117.27416949,50.74422902],[-117.27388692,50.7442429],[-117.27360425,50.74425608],[-117.27332149,50.74426854],[-117.2730377,50.74428171],[-117.27296493,50.74428456],[-117.27275362,50.74429275],[-117.27247037,50.74429738],[-117.27218808,50.74429026],[-117.27190768,50.74426996],[-117.27186771,50.74426569],[-117.27162828,50.74424041],[-117.27134925,50.74420516],[-117.27107096,50.74416706],[-117.2707938,50.74412897],[-117.27069689,50.74411544],[-117.27051663,50.74409087],[-117.27023998,50.74405028],[-117.2699651,50.74400613],[-117.26975757,50.7439691],[-117.2696927,50.74395735],[-117.26942584,50.74389326],[-117.26916388,50.74381742],[-117.26889844,50.74375974],[-117.26861955,50.74374229],[-117.26833117,50.74375903],[-117.26805749,50.74380567],[-117.26790886,50.74384697],[-117.26780033,50.74387688],[-117.26754968,50.74396304],[-117.26729996,50.74405206],[-117.26719721,50.74408517],[-117.26708417,50.74412154],[-117.26704672,50.74413359],[-117.26679239,50.74421335],[-117.26653773,50.74429275],[-117.2662809,50.74436859],[-117.26619449,50.74439138],[-117.26601928,50.74443802],[-117.26573367,50.74447968],[-117.26546244,50.74453202],[-117.26542118,50.74455374],[-117.26525286,50.74464133],[-117.26507148,50.74477627],[-117.26503951,50.7448044],[-117.26490362,50.74492403],[-117.26473995,50.74507571],[-117.26456999,50.7452224],[-117.2644301,50.74533954],[-117.26439702,50.74536767],[-117.26436061,50.74539829],[-117.26422302,50.74551365],[-117.26402641,50.74564005],[-117.26382215,50.74571981],[-117.26378706,50.74573298],[-117.26352383,50.74579885],[-117.26324677,50.74584977],[-117.26297134,50.74589392],[-117.26269158,50.74593095],[-117.26240949,50.74595694],[-117.26212765,50.74596798],[-117.26184572,50.74595943],[-117.26171557,50.74594682],[-117.26156267,50.74593201],[-117.26145549,50.74591528],[-117.2612854,50.74588893],[-117.26102173,50.74582769],[-117.26077347,50.74573868],[-117.26052325,50.7456518],[-117.26025836,50.74558985],[-117.2599881,50.74553608],[-117.2597156,50.74548659],[-117.25944161,50.74543853],[-117.25916817,50.74539046],[-117.25889548,50.74533954],[-117.2586264,50.745284],[-117.25836273,50.74521849],[-117.25810363,50.74514514],[-117.25784455,50.74507179],[-117.25758069,50.74500485],[-117.25732843,50.74494682],[-117.2570462,50.7448813],[-117.25677178,50.74480902],[-117.25653248,50.74473212],[-117.25629084,50.7446399],[-117.25605515,50.74453949],[-117.25582408,50.74443375],[-117.25559635,50.74432551],[-117.25549768,50.7442778],[-117.25537156,50.7442162],[-117.25516054,50.74409621],[-117.2549595,50.74396874],[-117.25476061,50.74384056],[-117.25456219,50.74371167],[-117.25436719,50.743581],[-117.25417847,50.74344677],[-117.25407759,50.74336986],[-117.25399795,50.74330862],[-117.25383216,50.74317546],[-117.25364386,50.74301488],[-117.25348983,50.74287495],[-117.2533355,50.74272434],[-117.25318361,50.74257088],[-117.25302964,50.74241457],[-117.25288735,50.74225506],[-117.25277024,50.74209235],[-117.25269137,50.74192536],[-117.25266903,50.74174769],[-117.25269784,50.74156325],[-117.25276445,50.7413838],[-117.25285654,50.7412161],[-117.25297541,50.74105303],[-117.25311398,50.74089423],[-117.25326606,50.7407397],[-117.25342355,50.7405898],[-117.25358802,50.74044382],[-117.25375996,50.74030105],[-117.25393758,50.74016076],[-117.25411899,50.74002155],[-117.25430172,50.73988375],[-117.25448445,50.73974596],[-117.25469748,50.739616],[-117.25491797,50.73948925],[-117.25509578,50.73935466],[-117.25516797,50.73920013],[-117.25510516,50.73903528],[-117.25502114,50.73883589],[-117.25505518,50.73866321],[-117.25515759,50.73849693],[-117.25523486,50.73839723],[-117.25528495,50.73833208],[-117.25540165,50.73816544],[-117.25548535,50.73799596],[-117.25556008,50.73782043],[-117.25562727,50.73764525],[-117.25569019,50.73746972],[-117.25575109,50.73729383],[-117.25581232,50.73711829],[-117.25586976,50.73694169],[-117.25590267,50.73681529],[-117.2559164,50.73676438],[-117.25594791,50.73658528],[-117.25597678,50.73640334],[-117.25598944,50.73622211],[-117.25596497,50.73604515],[-117.25588506,50.73587638],[-117.25576363,50.7357126],[-117.25563305,50.73554988],[-117.25559427,50.735489],[-117.25552633,50.73538254],[-117.25544924,50.7352095],[-117.25538765,50.73503254],[-117.25534613,50.73485416],[-117.25533668,50.7347623],[-117.25532823,50.73467578],[-117.25533186,50.73449633],[-117.25535058,50.73431616],[-117.25537717,50.734136],[-117.25540926,50.73395691],[-117.25546816,50.73377639],[-117.25552478,50.73361047],[-117.25555896,50.73341962],[-117.25552051,50.73324943],[-117.25541133,50.73308671],[-117.25529392,50.73295711],[-117.25526654,50.73292685],[-117.25512549,50.73276556],[-117.25502025,50.73259857],[-117.25493469,50.73242731],[-117.25486001,50.73225319],[-117.25479334,50.73207802],[-117.25472456,50.73190177],[-117.25465484,50.73172268],[-117.25461344,50.73154501],[-117.25462966,50.73137125],[-117.25471217,50.73120106],[-117.25474585,50.73115406],[-117.25483252,50.73103407],[-117.25488051,50.73097212],[-117.2549591,50.73086958],[-117.25509999,50.73071327],[-117.25525003,50.73056017],[-117.25535618,50.73039425],[-117.25541823,50.73021408],[-117.25543695,50.73016673],[-117.25548738,50.73003855],[-117.25561614,50.72988616],[-117.25566081,50.72985839],[-117.25574604,50.72980569],[-117.25582963,50.72975549],[-117.25604861,50.72964903],[-117.2562708,50.72953509],[-117.2564937,50.72942436],[-117.25672289,50.72931861],[-117.25683991,50.72926805],[-117.25695804,50.72921749],[-117.25720305,50.72912706],[-117.25746117,50.72905264],[-117.25772529,50.72898535],[-117.25798744,50.72891592],[-117.25823884,50.72883545],[-117.2583832,50.72877065],[-117.25846944,50.72873184],[-117.2586874,50.72861576],[-117.25891307,50.72850681],[-117.25915831,50.72841602],[-117.25940594,50.72832843],[-117.25962881,50.7282323],[-117.25985285,50.72810697],[-117.26003585,50.72796276],[-117.26018911,50.72780646],[-117.26021332,50.72764623],[-117.26010058,50.72752411],[-117.26006114,50.72748138],[-117.25990986,50.72732543],[-117.2597518,50.72717126],[-117.25962003,50.72701388],[-117.25954688,50.7268469],[-117.259548,50.72666531],[-117.25959126,50.72651466],[-117.25960045,50.72648266],[-117.25968109,50.72631104],[-117.25973002,50.72623294],[-117.25978615,50.72614334],[-117.25991236,50.72598027],[-117.26005493,50.72582396],[-117.2602166,50.72567798],[-117.26039966,50.72554054],[-117.26059129,50.72540631],[-117.26077735,50.7252703],[-117.26082983,50.72523149],[-117.26096252,50.72513393],[-117.26114745,50.72499792],[-117.26116796,50.72495555],[-117.26131476,50.72465148],[-117.26136791,50.72459024],[-117.26144848,50.72449838],[-117.26163919,50.72436984],[-117.26186029,50.72425412],[-117.26209423,50.72414624],[-117.26232772,50.72404334],[-117.2625812,50.7239554],[-117.26283276,50.72386781],[-117.26305161,50.72376063],[-117.26321276,50.72361715],[-117.26333489,50.72345087],[-117.26345106,50.72328424],[-117.26355002,50.72311298],[-117.26364649,50.72294207],[-117.26378026,50.72278719],[-117.26378533,50.72278334],[-117.26396059,50.72265046],[-117.26416798,50.72252478],[-117.26421743,50.72249961],[-117.26439183,50.72241084],[-117.26462527,50.72230972],[-117.26487514,50.72222641],[-117.26513556,50.7221527],[-117.26539392,50.72207615],[-117.26563956,50.72198643],[-117.26588448,50.72188922],[-117.266126,50.72177493],[-117.26631151,50.72165601],[-117.26646402,50.72150682],[-117.26658234,50.72133948],[-117.26665434,50.72119385],[-117.26666878,50.72116501],[-117.26672654,50.72099055],[-117.26675495,50.7208111],[-117.26675836,50.72070998],[-117.26676082,50.72062915],[-117.26674921,50.72044899],[-117.26672973,50.72026883],[-117.26670453,50.72008795],[-117.26666761,50.71990779],[-117.26661454,50.71973083],[-117.26654499,50.71956954],[-117.26643156,50.71939543],[-117.26629126,50.71923913],[-117.26613718,50.71908495],[-117.26599079,50.71892936],[-117.2658711,50.71876736],[-117.26579381,50.71859218],[-117.26576938,50.71841273],[-117.2657987,50.71823363],[-117.26585347,50.71805347],[-117.26589437,50.71787473],[-117.26588958,50.7177964],[-117.26588312,50.7176992],[-117.26580425,50.71752901],[-117.26569192,50.71736095],[-117.26560077,50.71721889],[-117.26558368,50.71719183],[-117.26551053,50.71701807],[-117.26544749,50.71684005],[-117.26539632,50.71666024],[-117.26536942,50.71648114],[-117.26537991,50.71630419],[-117.26542411,50.71612901],[-117.26549361,50.71595383],[-117.2655805,50.71578043],[-117.26567949,50.71560917],[-117.26578288,50.71544147],[-117.26593066,50.7152841],[-117.26610737,50.71513491],[-117.26622451,50.71497967],[-117.26622541,50.71480449],[-117.26616775,50.71467738],[-117.26614369,50.71462326],[-117.26602385,50.71445984],[-117.26587488,50.71430566],[-117.26570015,50.71416075],[-117.26550753,50.71402937],[-117.26527297,50.71392504],[-117.26520846,50.71390083],[-117.26502375,50.71383105],[-117.26481883,50.71371497],[-117.26477706,50.71365872],[-117.26469995,50.71355439],[-117.26462495,50.71337494],[-117.26456759,50.71321401],[-117.26452533,50.71306518],[-117.26451315,50.7130221],[-117.26449393,50.71297688],[-117.2644398,50.7128487],[-117.26435108,50.71267815],[-117.26425628,50.71250831],[-117.26415933,50.71233919],[-117.26407019,50.7122078],[-117.26404546,50.71217184],[-117.26394354,50.71200343],[-117.26389204,50.71182932],[-117.26386743,50.71165023],[-117.26385884,50.711469],[-117.26386454,50.71128741],[-117.26388482,50.7111076],[-117.26392582,50.71093136],[-117.26400932,50.71075974],[-117.26410875,50.71058955],[-117.26419014,50.71041686],[-117.2642563,50.71024168],[-117.26431843,50.71006579],[-117.26437339,50.70988884],[-117.26440479,50.70975888],[-117.26441645,50.70971117],[-117.26444367,50.70953278],[-117.26444991,50.70935298],[-117.2644448,50.70917246],[-117.26444138,50.70899194],[-117.26445188,50.70881249],[-117.26448909,50.70863518],[-117.26455437,50.70845964],[-117.26462536,50.70828482],[-117.2646793,50.70810857],[-117.26471445,50.70792841],[-117.26472308,50.70774754],[-117.26468233,50.70757165],[-117.26460991,50.70739861],[-117.2645233,50.70722663],[-117.26451077,50.70720206],[-117.26443365,50.70705501],[-117.26437078,50.70692221],[-117.26435168,50.70688197],[-117.26428048,50.70670537],[-117.26426255,50.70666336],[-117.26420329,50.70652165],[-117.26416746,50.70634255],[-117.264224,50.70617948],[-117.26436461,50.70602709],[-117.26455366,50.70588396],[-117.2647609,50.7057508],[-117.26489759,50.70567709],[-117.26497818,50.70563401],[-117.26523062,50.70553645],[-117.26547997,50.70544103],[-117.26552319,50.70541717],[-117.26568432,50.70532852],[-117.2657947,50.70517079],[-117.26579981,50.70497816],[-117.26572938,50.70480726],[-117.26558209,50.70465237],[-117.26540388,50.70450604],[-117.26533764,50.70445797],[-117.26521533,50.7043686],[-117.26500079,50.70424078],[-117.26479664,50.70411082],[-117.26464018,50.70396733],[-117.26455192,50.7038039],[-117.26449401,50.70363193],[-117.26445727,50.70345426],[-117.26443379,50.70327267],[-117.26441678,50.70308895],[-117.2643984,50.70290558],[-117.26437244,50.70272435],[-117.26433393,50.70254597],[-117.26431377,50.70246372],[-117.26429046,50.7023683],[-117.26424506,50.70219098],[-117.26420159,50.70201331],[-117.26417058,50.70189368],[-117.26415554,50.70183529],[-117.26413516,50.70176194],[-117.26410645,50.70165762],[-117.26406378,50.70147959],[-117.26403709,50.70130121],[-117.26403077,50.70112176],[-117.26403514,50.70094231],[-117.26404648,50.7007625],[-117.264062,50.70058234],[-117.26407897,50.70040253],[-117.26408417,50.70033132],[-117.26409313,50.70022273],[-117.26410448,50.70004292],[-117.26410726,50.70000019],[-117.26411325,50.69991581],[-117.26411696,50.69986311],[-117.2641337,50.69968366],[-117.26415807,50.69950457],[-117.26419805,50.69932654],[-117.26420567,50.69929699],[-117.26424511,50.69914887],[-117.26428508,50.69897085],[-117.26431855,50.69879246],[-117.26432597,50.69874867],[-117.264348,50.69861337],[-117.2643735,50.69843428],[-117.26439137,50.69825483],[-117.26440611,50.69807502],[-117.26442455,50.69789557],[-117.26445905,50.69771647],[-117.2645084,50.69753702],[-117.26454797,50.69735793],[-117.2645532,50.69718062],[-117.26451693,50.69700401],[-117.26445312,50.69682741],[-117.26436912,50.6966533],[-117.26427028,50.69648382],[-117.2641411,50.69632288],[-117.26397303,50.69616978],[-117.26381486,50.69601704],[-117.26371678,50.69585752],[-117.26372718,50.6956852],[-117.26380859,50.69550575],[-117.26386211,50.69538326],[-117.26388658,50.69532807],[-117.26395909,50.69515361],[-117.26403563,50.69497986],[-117.26410107,50.69480503],[-117.26414374,50.69462808],[-117.2641786,50.69444934],[-117.2642075,50.69427024],[-117.26423069,50.69409044],[-117.2642477,50.69391063],[-117.26425597,50.69377747],[-117.26425853,50.69373082],[-117.26425877,50.69355173],[-117.26422056,50.69337299],[-117.26417504,50.69319425],[-117.26416606,50.69301551],[-117.26417746,50.69283571],[-117.26419326,50.69265519],[-117.26421468,50.69247467],[-117.26424294,50.69229487],[-117.26427981,50.69211648],[-117.26432564,50.69193988],[-117.2643843,50.69176257],[-117.26446736,50.69158062],[-117.26448894,50.69155036],[-117.26459801,50.6914058],[-117.26474939,50.69129009],[-117.26490037,50.69124166],[-117.26500809,50.69121033],[-117.26530094,50.69116582],[-117.26557406,50.69110601],[-117.26578764,50.69099314],[-117.26596017,50.69083754],[-117.26605396,50.69066664],[-117.26605548,50.69049502],[-117.26600712,50.69031806],[-117.26593895,50.6901379],[-117.26588118,50.68995987],[-117.26586562,50.6898391],[-117.2658577,50.68977758],[-117.26585721,50.68959278],[-117.26588688,50.68941084],[-117.26596485,50.6892435],[-117.2659913,50.68922035],[-117.26612746,50.68910214],[-117.26634018,50.68897432],[-117.26648357,50.6888733],[-117.26653173,50.68883938],[-117.26670375,50.68869482],[-117.26687432,50.68854991],[-117.26705538,50.68841211],[-117.26725841,50.68828963],[-117.26748814,50.68818638],[-117.26773243,50.68809345],[-117.26797631,50.68799945],[-117.26820908,50.68789584],[-117.26839231,50.68781288],[-117.26844588,50.68778867],[-117.26856238,50.687726],[-117.26866315,50.68767188],[-117.26875206,50.68759818],[-117.26882982,50.68753373],[-117.26892877,50.68736781],[-117.26896059,50.68728948],[-117.2690005,50.68718943],[-117.26909364,50.68701781],[-117.26921029,50.68685403],[-117.26933453,50.68669238],[-117.26946167,50.68653145],[-117.26958226,50.68636766],[-117.2696961,50.68619961],[-117.269835,50.68604472],[-117.27002921,50.68591939],[-117.27007889,50.68589767],[-117.27026512,50.68581614],[-117.27040859,50.68575774],[-117.27050617,50.68571787],[-117.27074507,50.68562031],[-117.27099409,50.68553557],[-117.27131388,50.68548252],[-117.27144336,50.6854608],[-117.2716067,50.68543374],[-117.27162107,50.68539991],[-117.27164793,50.68533511],[-117.27146716,50.68519803],[-117.27128467,50.68507555],[-117.27123539,50.68504279],[-117.27109682,50.68488257],[-117.27101317,50.68471059],[-117.27098815,50.68464864],[-117.27094222,50.6845347],[-117.27085305,50.68436344],[-117.27074558,50.6841961],[-117.27064747,50.68402733],[-117.27058491,50.68385322],[-117.27055742,50.68367448],[-117.27053785,50.68349396],[-117.27050001,50.68331558],[-117.27042725,50.68314076],[-117.27035177,50.68296665],[-117.27031502,50.68279005],[-117.27033071,50.6826106],[-117.27036533,50.68242972],[-117.2703765,50.68232041],[-117.27038327,50.68225027],[-117.27034774,50.68207438],[-117.27026539,50.68190134],[-117.27017606,50.68172866],[-117.27012569,50.68155312],[-117.27013535,50.6813726],[-117.27012376,50.6811928],[-117.27011996,50.68116609],[-117.27009676,50.68101335],[-117.2700559,50.68083532],[-117.26998943,50.68066121],[-117.26989758,50.68049066],[-117.26980709,50.68031976],[-117.26971314,50.68014814],[-117.26962022,50.67997581],[-117.2695597,50.67980206],[-117.26955018,50.6796251],[-117.26957616,50.67944458],[-117.2696284,50.67926513],[-117.26969815,50.67909066],[-117.26979474,50.67892154],[-117.26990879,50.67875491],[-117.27002116,50.67858827],[-117.27011438,50.67841915],[-117.27017187,50.6782454],[-117.2701978,50.67806666],[-117.27020037,50.6779132],[-117.27020121,50.67788543],[-117.27019025,50.67770384],[-117.2701717,50.67752439],[-117.27014501,50.67741544],[-117.27012871,50.67734708],[-117.27006728,50.67717047],[-117.27000707,50.67699458],[-117.26995842,50.6768276],[-117.26990368,50.67663996],[-117.26987868,50.67656091],[-117.26984764,50.67646371],[-117.26978144,50.67628924],[-117.26969595,50.67611763],[-117.26965835,50.6760603],[-117.26958653,50.67594993],[-117.26947024,50.67578329],[-117.26936565,50.67561595],[-117.26934425,50.67556646],[-117.26929102,50.67544576],[-117.26928041,50.6752688],[-117.26932654,50.67508757],[-117.2693818,50.67490954],[-117.26939529,50.67486254],[-117.26943192,50.6747308],[-117.26948507,50.67455171],[-117.26954984,50.67437546],[-117.26963479,50.67420527],[-117.26974872,50.67404398],[-117.26987384,50.67391437],[-117.26989692,50.67389123],[-117.26993003,50.6738631],[-117.27007087,50.67374632],[-117.27026135,50.67360959],[-117.2703792,50.67353375],[-117.27046025,50.67348141],[-117.27050918,50.673454],[-117.27067071,50.67336214],[-117.27089401,50.67325069],[-117.27112657,50.67314566],[-117.27136413,50.67304667],[-117.27160517,50.67295268],[-117.27185289,50.67286473],[-117.27210684,50.67278355],[-117.27236599,50.67270985],[-117.27262986,50.67264861],[-117.27290806,50.67261514],[-117.2731473,50.67258879],[-117.27318855,50.67258416],[-117.27346155,50.67253467],[-117.27373605,50.67248376],[-117.27400863,50.67242892],[-117.27427367,50.6723659],[-117.27452668,50.67229042],[-117.27476845,50.67219357],[-117.27499276,50.67207287],[-117.2751756,50.67193579],[-117.27528605,50.67178233],[-117.27531331,50.67157938],[-117.27526105,50.67151262],[-117.2751982,50.67143233],[-117.27497546,50.67132338],[-117.27472303,50.67121941],[-117.27450904,50.67108518],[-117.27438777,50.67098033],[-117.27436327,50.67095914],[-117.27426876,50.67086621],[-117.27423843,50.6708363],[-117.27419934,50.67079749],[-117.27405198,50.67064225],[-117.27390074,50.67048951],[-117.27374426,50.67033961],[-117.27358778,50.67018971],[-117.2734313,50.67003981],[-117.27327482,50.66988991],[-117.27311835,50.66974002],[-117.27300877,50.66963498],[-117.27296187,50.66959012],[-117.27280517,50.66944058],[-117.27264813,50.66929068],[-117.27249517,50.66914399],[-117.27233815,50.66898981],[-117.27218192,50.66883956],[-117.27201885,50.66869287],[-117.27184853,50.66854867],[-117.27167573,50.66840482],[-117.27149507,50.66826525],[-117.27130237,50.66813458],[-117.27109226,50.66801672],[-117.27086272,50.66791133],[-117.27062274,50.66781413],[-117.2704228,50.66773588],[-117.27039713,50.66772583],[-117.27032771,50.66769984],[-117.27013425,50.66762756],[-117.2699679,50.66757558],[-117.26987386,50.66754602],[-117.26961745,50.66746271],[-117.26948424,50.66740645],[-117.2693858,50.66736479],[-117.26919916,50.66723946],[-117.26906037,50.66708493],[-117.26894738,50.6669151],[-117.26883903,50.66674419],[-117.26873023,50.66657999],[-117.26872909,50.66657827],[-117.26863384,50.66640879],[-117.26855583,50.66622934],[-117.26848602,50.66604597],[-117.26836077,50.66589821],[-117.26832276,50.66588682],[-117.26819325,50.66584801],[-117.26812103,50.66582629],[-117.26782455,50.66578855],[-117.26756267,50.66571698],[-117.26731526,50.66562939],[-117.2670739,50.66553433],[-117.2668383,50.66543392],[-117.26661498,50.66532426],[-117.2664027,50.66520462],[-117.2661841,50.66509033],[-117.26595666,50.66498351],[-117.26572589,50.66487919],[-117.26549213,50.66477772],[-117.26525434,50.6646798],[-117.26501341,50.6645858],[-117.26476925,50.66449501],[-117.26452336,50.664406],[-117.26427714,50.66431663],[-117.26403275,50.66422619],[-117.26378977,50.66413362],[-117.26353513,50.66404425],[-117.26349885,50.66402945],[-117.26329422,50.66394598],[-117.26310537,50.66382065],[-117.26296593,50.66366719],[-117.26285622,50.66349842],[-117.26281294,50.66341627],[-117.2627643,50.66332395],[-117.26267862,50.66315198],[-117.26259653,50.66297965],[-117.26251876,50.6628059],[-117.26244674,50.66263108],[-117.2623825,50.66245554],[-117.26232636,50.66227965],[-117.26228192,50.66210305],[-117.26227427,50.66192431],[-117.2622905,50.66174344],[-117.26230369,50.66156292],[-117.26230518,50.66144542],[-117.26230597,50.66138276],[-117.26230689,50.66120295],[-117.26230597,50.66112497],[-117.26230389,50.66102314],[-117.26230005,50.6608412],[-117.26228464,50.6606589],[-117.26217935,50.66049797],[-117.26199584,50.66035519],[-117.26177538,50.66024553],[-117.26152361,50.66018428],[-117.26145805,50.66016185],[-117.26126368,50.66008851],[-117.26102556,50.65998774],[-117.26079298,50.659882],[-117.26057388,50.6597677],[-117.26051559,50.65972996],[-117.26037904,50.6596413],[-117.26028714,50.65955478],[-117.26023644,50.65950636],[-117.26009515,50.65933189],[-117.25996793,50.65916847],[-117.25981636,50.65901643],[-117.25963441,50.658879],[-117.25944179,50.65874583],[-117.25926166,50.65860733],[-117.25910645,50.65845743],[-117.25896398,50.65830184],[-117.25883116,50.65814268],[-117.25870503,50.65798103],[-117.2585833,50.65781867],[-117.25846588,50.65765489],[-117.2583547,50.65748932],[-117.2582495,50.65732234],[-117.25815222,50.65715357],[-117.25807787,50.65697981],[-117.25801528,50.65680357],[-117.25794048,50.65663053],[-117.25783187,50.65646532],[-117.25769691,50.65630687],[-117.25756672,50.65615911],[-117.25743833,50.65598643],[-117.25735033,50.65581552],[-117.25727918,50.65564034],[-117.2572034,50.65546624],[-117.25710814,50.65530637],[-117.25702116,50.65519706],[-117.25697554,50.65514009],[-117.25683039,50.65498521],[-117.25667503,50.65483389],[-117.25661996,50.6547819],[-117.2565157,50.65468434],[-117.25635998,50.65453017],[-117.25620534,50.65436924],[-117.25602756,50.65422895],[-117.25580415,50.65413496],[-117.25554832,50.65407229],[-117.25549352,50.65406339],[-117.2552737,50.65402707],[-117.25498798,50.6539936],[-117.25469973,50.65396654],[-117.25441606,50.65394019],[-117.25413506,50.65391492],[-117.25385096,50.65389604],[-117.25356671,50.65388679],[-117.25328502,50.6538907],[-117.2530085,50.65391492],[-117.25273733,50.65396512],[-117.25246713,50.65402494],[-117.25219488,50.65407763],[-117.25192732,50.65411893],[-117.25163624,50.65414991],[-117.25136056,50.65413958],[-117.25109196,50.65407585],[-117.25101289,50.6540552],[-117.25082842,50.65400784],[-117.25056727,50.65393877],[-117.25050327,50.65392168],[-117.25030705,50.65386827],[-117.25004652,50.65379742],[-117.24978584,50.65372763],[-117.24952399,50.65365962],[-117.24926144,50.65359269],[-117.24904403,50.65353821],[-117.24899818,50.65352682],[-117.24873446,50.65346166],[-117.24847003,50.65339757],[-117.24837619,50.65337549],[-117.24820467,50.65333491],[-117.24795353,50.65327794],[-117.24769552,50.65322607],[-117.24766837,50.65322061],[-117.24741352,50.65317183],[-117.24708688,50.65336766],[-117.24684249,50.65344457],[-117.2465667,50.65348302],[-117.24628012,50.65350545],[-117.24599743,50.65352539],[-117.24580535,50.65353821],[-117.24571623,50.65354391],[-117.24543443,50.65355993],[-117.24515245,50.65357453],[-117.24487037,50.65358842],[-117.24458806,50.65360266],[-117.24430617,50.65361797],[-117.24402311,50.65363078],[-117.24375067,50.65364111],[-117.24345778,50.65366034],[-117.24318283,50.65369665],[-117.24291496,50.65375718],[-117.24265016,50.65382839],[-117.24238467,50.65389213],[-117.24211393,50.65393058],[-117.2418312,50.65393521],[-117.2415452,50.65391242],[-117.24126961,50.65387041],[-117.2410072,50.65380667],[-117.240918,50.65377926],[-117.24075095,50.65372763],[-117.24049446,50.65364894],[-117.24023277,50.65357987],[-117.23997,50.65351329],[-117.23970652,50.65344777],[-117.23944267,50.65338368],[-117.23937138,50.65336659],[-117.23917803,50.65331995],[-117.23891278,50.65325372],[-117.23864687,50.65319106],[-117.23849598,50.65316436],[-117.23837616,50.65314335],[-117.23809331,50.6531405],[-117.23781048,50.65315724],[-117.23752952,50.65317967],[-117.23745552,50.65318714],[-117.23724994,50.65320851],[-117.23709743,50.65323628],[-117.23697595,50.65325871],[-117.23670063,50.65329218],[-117.2364159,50.65329218],[-117.23627042,50.65328541],[-117.23612886,50.65327865],[-117.23585313,50.65324198],[-117.23558877,50.65318038],[-117.23532584,50.65310383],[-117.23507556,50.65301232],[-117.23492271,50.65293981],[-117.23484965,50.65290515],[-117.23466271,50.65277804],[-117.23451685,50.65262351],[-117.23440123,50.65246827],[-117.23426866,50.65229274],[-117.2341422,50.6521318],[-117.23409256,50.65206736],[-117.23401812,50.6519698],[-117.23389756,50.65180673],[-117.233783,50.65164223],[-117.23367499,50.65147631],[-117.23357728,50.65130754],[-117.23349306,50.6511345],[-117.23341722,50.65095897],[-117.2333433,50.65078308],[-117.23326437,50.65060968],[-117.23317468,50.65043984],[-117.23306672,50.65027642],[-117.23292664,50.65012509],[-117.23289472,50.65010195],[-117.23274049,50.64999086],[-117.23253233,50.64986446],[-117.23232783,50.64973593],[-117.2322354,50.64966401],[-117.23214857,50.64959636],[-117.23198261,50.64945109],[-117.23182111,50.64930333],[-117.23166087,50.64915449],[-117.23149778,50.64900745],[-117.23132705,50.64886431],[-117.23114246,50.64872688],[-117.23100731,50.64863288],[-117.23094992,50.648593],[-117.23076089,50.64845806],[-117.2305866,50.64831777],[-117.23043574,50.64816752],[-117.2303023,50.64800872],[-117.23024447,50.64792861],[-117.23018319,50.64784351],[-117.23011294,50.64773029],[-117.23007846,50.64767438],[-117.22998894,50.64750348],[-117.22991698,50.64733151],[-117.22989659,50.64715028],[-117.22992362,50.64696869],[-117.22998356,50.64679422],[-117.22999517,50.64676894],[-117.23006457,50.64662189],[-117.230159,50.64645135],[-117.23017599,50.64642215],[-117.23025979,50.64628222],[-117.23037218,50.64611594],[-117.23051506,50.64595536],[-117.23063666,50.645793],[-117.23068697,50.6456221],[-117.23068502,50.64544443],[-117.23065464,50.64526391],[-117.23061204,50.64508232],[-117.23057197,50.64490287],[-117.23053874,50.64474372],[-117.23049412,50.64454646],[-117.23045175,50.6443688],[-117.23040715,50.64419113],[-117.23036198,50.64401346],[-117.23031601,50.64383614],[-117.2302765,50.64368482],[-117.23026973,50.64365847],[-117.23022016,50.64348151],[-117.2302058,50.64343345],[-117.23016779,50.64330455],[-117.23014624,50.64322907],[-117.23011655,50.6431276],[-117.23006923,50.64295064],[-117.23002174,50.64277226],[-117.22997078,50.64259316],[-117.2299359,50.64242546],[-117.22993282,50.64237561],[-117.2299318,50.6423482],[-117.22992946,50.64223675],[-117.2299696,50.64206086],[-117.23001724,50.64194515],[-117.23004183,50.64188569],[-117.23012889,50.64171443],[-117.23022082,50.64154174],[-117.23032817,50.64137546],[-117.23039651,50.64127434],[-117.23044067,50.6412099],[-117.23052053,50.64107852],[-117.23054279,50.6410422],[-117.23059568,50.64094322],[-117.23063387,50.64087165],[-117.2307054,50.64069754],[-117.23074382,50.64051916],[-117.23076124,50.64033686],[-117.23077908,50.64015563],[-117.23082058,50.63997938],[-117.2309103,50.63981346],[-117.23106216,50.63966143],[-117.23123222,50.63951331],[-117.23137142,50.63935665],[-117.23148261,50.63918966],[-117.23157543,50.63901733],[-117.23163355,50.63884144],[-117.23165242,50.63866377],[-117.23165739,50.63848503],[-117.23165353,50.63830522],[-117.2316426,50.63812506],[-117.2316263,50.63794454],[-117.23160775,50.63776402],[-117.23158841,50.63758386],[-117.23157052,50.63740406],[-117.23154486,50.63722496],[-117.23151054,50.63704622],[-117.23148903,50.63693834],[-117.23147511,50.63686748],[-117.23145709,50.63674749],[-117.23144777,50.63668839],[-117.23143181,50.63650823],[-117.23142735,50.63645197],[-117.23141608,50.63632344],[-117.23141603,50.63626647],[-117.23141603,50.63614043],[-117.23145133,50.63596596],[-117.23158365,50.63581464],[-117.23181233,50.63568575],[-117.23192186,50.63553407],[-117.23192694,50.63536032],[-117.23189138,50.63517837],[-117.23183543,50.63499501],[-117.23177587,50.63481627],[-117.23169998,50.63464358],[-117.23160424,50.63447374],[-117.23150986,50.63430355],[-117.2314254,50.63413193],[-117.23138112,50.63404328],[-117.23133983,50.63396032],[-117.23125673,50.63378834],[-117.23117747,50.63361566],[-117.23110454,50.6334419],[-117.23103825,50.63326744],[-117.23097603,50.63309191],[-117.23091629,50.63291602],[-117.23085712,50.63274013],[-117.2307957,50.63256424],[-117.2307254,50.63238906],[-117.23063802,50.63221424],[-117.23061766,50.63216083],[-117.23057038,50.63204013],[-117.23056063,50.63185996],[-117.23063752,50.63167268],[-117.2308385,50.63156622],[-117.23108781,50.63149715],[-117.23135705,50.63144125],[-117.23163667,50.63139175],[-117.23191834,50.63134084],[-117.23198499,50.6313266],[-117.23219171,50.63128209],[-117.23245196,50.63121088],[-117.23271297,50.63113682],[-117.23297459,50.63106098],[-117.23323407,50.63098158],[-117.23348738,50.63089791],[-117.23373153,50.63080854],[-117.23396443,50.63071241],[-117.23417505,50.63060239],[-117.23431506,50.63044537],[-117.23441545,50.63026841],[-117.23450375,50.63009786],[-117.23457163,50.6299234],[-117.23463562,50.62974715],[-117.2347121,50.62957411],[-117.23479798,50.62940213],[-117.23489054,50.62923194],[-117.23499624,50.62906567],[-117.23510014,50.62892681],[-117.23511755,50.62890295],[-117.23525457,50.62874451],[-117.23540832,50.6285939],[-117.23558034,50.62844792],[-117.23577777,50.62831617],[-117.23601186,50.62822503],[-117.2360887,50.6282115],[-117.23628537,50.62817625],[-117.23656193,50.62812711],[-117.23683499,50.62805092],[-117.2370755,50.62797472],[-117.23732151,50.62788678],[-117.23752589,50.62776323],[-117.23772377,50.62763505],[-117.23778439,50.62759588],[-117.23792189,50.62750651],[-117.23797253,50.62747482],[-117.23808571,50.62740361],[-117.23812309,50.62738011],[-117.23833134,50.62725834],[-117.238543,50.62713907],[-117.23875158,50.62701765],[-117.23894824,50.62688876],[-117.23912702,50.62674955],[-117.23930361,50.62660855],[-117.23948902,50.62647289],[-117.23967653,50.6263383],[-117.23986549,50.62620407],[-117.24005333,50.62606984],[-117.24024663,50.62593668],[-117.24032228,50.62589003],[-117.24045709,50.62580814],[-117.24065531,50.62567605],[-117.24076444,50.6255735],[-117.24080954,50.62553149],[-117.24083952,50.62545707],[-117.24087796,50.6253613],[-117.24087652,50.62516938],[-117.24087656,50.62498032],[-117.24095109,50.62482045],[-117.24113617,50.62470402],[-117.24138993,50.62461537],[-117.24166467,50.6245349],[-117.24191666,50.62444553],[-117.24215962,50.62435367],[-117.24230545,50.62429848],[-117.24240315,50.62426181],[-117.24264448,50.62416817],[-117.24288165,50.62407061],[-117.24311491,50.62396878],[-117.24317451,50.62394136],[-117.24334401,50.62386303],[-117.2435684,50.62375336],[-117.24373184,50.6236672],[-117.24378654,50.62363872],[-117.2440166,50.623523],[-117.24424129,50.62340265],[-117.24442724,50.62327127],[-117.24453958,50.62311959],[-117.2445572,50.62293622],[-117.24452934,50.62281835],[-117.24451276,50.62274823],[-117.24445174,50.62263394],[-117.24442362,50.62258124],[-117.24427533,50.62242565],[-117.24413317,50.62226756],[-117.24403016,50.62209523],[-117.24394175,50.62191435],[-117.24391104,50.62174131],[-117.24401418,50.62158572],[-117.24424763,50.62146146],[-117.24450147,50.62139309],[-117.24478291,50.62135606],[-117.24506147,50.62131405],[-117.24532843,50.62125388],[-117.24559557,50.62119513],[-117.24587029,50.62115383],[-117.24613889,50.62112605],[-117.24642851,50.62109365],[-117.24670309,50.62104915],[-117.2469796,50.62100001],[-117.24724801,50.62094019],[-117.24749555,50.62086008],[-117.24771241,50.6207465],[-117.24789443,50.62061512],[-117.24807139,50.62046415],[-117.24820353,50.62030286],[-117.2483466,50.62014798],[-117.24853955,50.62001873],[-117.24876444,50.61990658],[-117.24900939,50.61981507],[-117.24925095,50.61973638],[-117.24951393,50.61965413],[-117.24976913,50.61957687],[-117.25002564,50.61950103],[-117.25028312,50.61942626],[-117.2505415,50.61935185],[-117.25105605,50.61920123],[-117.25131214,50.61912433],[-117.25156627,50.61904528],[-117.25181811,50.61896375],[-117.25206734,50.61887936],[-117.2523133,50.61879142],[-117.25255754,50.61870098],[-117.25279982,50.61860841],[-117.25304046,50.61851405],[-117.25328036,50.61841828],[-117.25351872,50.61832143],[-117.25375666,50.61822352],[-117.25399395,50.61812489],[-117.25423124,50.61802626],[-117.2544682,50.61792728],[-117.25470548,50.61782865],[-117.25494286,50.61773074],[-117.25518145,50.61763354],[-117.25534041,50.61756945],[-117.25542046,50.6175374],[-117.25566077,50.61744269],[-117.25590215,50.61734976],[-117.25608605,50.61728105],[-117.25614573,50.61725861],[-117.25639103,50.61716996],[-117.25663805,50.61708379],[-117.25688768,50.61700048],[-117.25714026,50.61692036],[-117.25739497,50.61684381],[-117.25765253,50.61676975],[-117.25791181,50.61669819],[-117.25817217,50.6166284],[-117.25843471,50.6165604],[-117.25869745,50.61649381],[-117.25896139,50.61642794],[-117.25922566,50.61636243],[-117.25948993,50.61629692],[-117.25975331,50.61623105],[-117.26001683,50.61616411],[-117.26027914,50.61609646],[-117.26054037,50.61602703],[-117.26079965,50.61595546],[-117.26105697,50.61588176],[-117.2613128,50.61580521],[-117.26156568,50.61572545],[-117.26181489,50.61564107],[-117.26206153,50.61555205],[-117.26230491,50.61545948],[-117.26254703,50.6153637],[-117.26278663,50.61526579],[-117.26302548,50.61516645],[-117.26326425,50.6150664],[-117.26350245,50.61496635],[-117.26374074,50.61486701],[-117.2639801,50.61476945],[-117.26422119,50.61467439],[-117.26446376,50.61458217],[-117.26470857,50.61449422],[-117.26495674,50.61441055],[-117.26520788,50.61433258],[-117.26546345,50.61426065],[-117.26572242,50.6141955],[-117.26598652,50.61413532],[-117.26610212,50.61411147],[-117.26625407,50.61408013],[-117.26652498,50.61402922],[-117.26677914,50.61398599],[-117.26679924,50.61398258],[-117.2670754,50.61393985],[-117.26735428,50.61390068],[-117.26763449,50.61386543],[-117.26791597,50.61383339],[-117.26819837,50.61380419],[-117.26848146,50.6137782],[-117.26876404,50.6137547],[-117.26904665,50.6137337],[-117.26932819,50.61371518],[-117.26960822,50.61369809],[-117.26988703,50.61368456],[-117.27016647,50.61368456],[-117.27044667,50.61369702],[-117.27072704,50.61371945],[-117.27100846,50.61374794],[-117.27128979,50.61377998],[-117.27157145,50.61381238],[-117.27185273,50.61384194],[-117.27213432,50.61386508],[-117.27243095,50.61389178],[-117.27275659,50.61393237],[-117.27305726,50.61395124],[-117.27327707,50.61390887],[-117.27340181,50.61378853],[-117.27347457,50.61361762],[-117.27350535,50.6134193],[-117.27350341,50.61321528],[-117.2734789,50.61302764],[-117.27343529,50.61285282],[-117.27337405,50.61267836],[-117.27329855,50.61250425],[-117.27321112,50.61233121],[-117.27311626,50.61215923],[-117.27301654,50.61198868],[-117.27291596,50.61182027],[-117.2728095,50.61165399],[-117.27269083,50.61149092],[-117.27256402,50.61132999],[-117.27243178,50.61117047],[-117.27229739,50.61101168],[-117.27216492,50.61085252],[-117.27203222,50.61069372],[-117.27189873,50.61053528],[-117.27176252,50.61037755],[-117.2716236,50.61022053],[-117.27148183,50.61006529],[-117.27133542,50.60991112],[-117.27117756,50.60976158],[-117.27100893,50.60961559],[-117.27083815,50.60947032],[-117.27067495,50.60932292],[-117.27052771,50.60917089],[-117.27040471,50.60901102],[-117.27029861,50.6088451],[-117.27020565,50.60867455],[-117.27012491,50.60850079],[-117.27005455,50.6083249],[-117.26999229,50.60814866],[-117.26997363,50.60808921],[-117.26993708,50.60797277],[-117.26988993,50.60779403],[-117.26985597,50.60761316],[-117.26984075,50.60743193],[-117.26984971,50.60725319],[-117.26988909,50.60707765],[-117.26996073,50.60690426],[-117.27005163,50.60673228],[-117.27014846,50.60656066],[-117.27023622,50.60638834],[-117.27030272,50.60621423],[-117.27033038,50.60603691],[-117.27031807,50.60585639],[-117.27029044,50.60567445],[-117.27027163,50.60549358],[-117.27028873,50.60531697],[-117.27038219,50.60514963],[-117.27051234,50.6049862],[-117.27060567,50.60481565],[-117.27066209,50.60463727],[-117.27073229,50.60446352],[-117.27086587,50.60430935],[-117.27105173,50.6041712],[-117.27122041,50.60402593],[-117.27137666,50.60387567],[-117.27153025,50.60372435],[-117.27168538,50.6035741],[-117.27184704,50.60342669],[-117.27202187,50.6032857],[-117.27221375,50.60315289],[-117.27240772,50.60302115],[-117.27258685,50.602883],[-117.27274898,50.60273488],[-117.27290566,50.60258142],[-117.27304688,50.60242334],[-117.27316085,50.60226062],[-117.2732316,50.60209114],[-117.27324665,50.60191169],[-117.27324185,50.60172832],[-117.27325359,50.60154709],[-117.27327398,50.60136551],[-117.27330353,50.60118534],[-117.27336798,50.60101266],[-117.27338232,50.60099373],[-117.27348906,50.60085279],[-117.27364592,50.60070076],[-117.27379522,50.60054658],[-117.2739156,50.60038351],[-117.27403164,50.60021937],[-117.27417467,50.60006449],[-117.27424688,50.60000004],[-117.27434082,50.59991708],[-117.27448605,50.59976398],[-117.27459733,50.59959343],[-117.27467723,50.59941434],[-117.2746782,50.59924521],[-117.27452205,50.59909745],[-117.27434599,50.59894755],[-117.27420245,50.59878662],[-117.27410913,50.59861927],[-117.27411587,50.59844481],[-117.27417702,50.59826607],[-117.27423706,50.59808733],[-117.2742892,50.59791037],[-117.27434526,50.59773342],[-117.27440076,50.59755646],[-117.27445121,50.5973795],[-117.2744926,50.59720183],[-117.27451716,50.59702416],[-117.27450506,50.59693835],[-117.27449186,50.59684471],[-117.27445501,50.5966649],[-117.27445373,50.59648474],[-117.27446224,50.59629995],[-117.274495,50.59611836],[-117.27457735,50.59595173],[-117.27472299,50.59580397],[-117.27491104,50.5956676],[-117.27511455,50.59553586],[-117.27530768,50.59540198],[-117.27549843,50.59526918],[-117.27569007,50.59513673],[-117.2758712,50.59499893],[-117.27602354,50.59484441],[-117.27617494,50.5946913],[-117.27637872,50.59457701],[-117.27664818,50.59451114],[-117.2768955,50.59442355],[-117.27713578,50.59432706],[-117.27736762,50.59422381],[-117.27758406,50.59410987],[-117.27776752,50.59397279],[-117.27794912,50.59383429],[-117.27815549,50.5937118],[-117.27837101,50.59359502],[-117.27858685,50.59347859],[-117.27876345,50.59330341],[-117.27891615,50.59315173],[-117.27906451,50.59299899],[-117.27919989,50.59284126],[-117.27932817,50.59268068],[-117.27947531,50.59252722],[-117.27962792,50.59237483],[-117.27978553,50.59222422],[-117.27995284,50.5920793],[-117.28013479,50.59194365],[-117.28035454,50.59183149],[-117.28059282,50.59173037],[-117.28080608,50.59161359],[-117.28098561,50.59147651],[-117.28115194,50.59133053],[-117.28131221,50.59118098],[-117.2814741,50.59103322],[-117.28164075,50.5908876],[-117.28180717,50.59074233],[-117.28197205,50.59059599],[-117.28213282,50.59044823],[-117.28228318,50.59029584],[-117.28241586,50.59013455],[-117.2825559,50.58997824],[-117.28273206,50.58984116],[-117.2829476,50.58972687],[-117.28318083,50.58962147],[-117.28340678,50.58951181],[-117.28362228,50.58939503],[-117.28383042,50.58927326],[-117.28402245,50.58914187],[-117.28420025,50.5890023],[-117.28437707,50.58886166],[-117.28456416,50.58872672],[-117.28475764,50.58859569],[-117.28481566,50.58855617],[-117.28495047,50.58846395],[-117.28513247,50.58832651],[-117.28529716,50.58817875],[-117.28546404,50.58803277],[-117.28565634,50.58790352],[-117.28588839,50.58779991],[-117.28613541,50.58770591],[-117.28636116,50.5875991],[-117.28654338,50.58746558],[-117.28670287,50.58731888],[-117.28685071,50.58716436],[-117.28699402,50.58700734],[-117.28714064,50.5868521],[-117.28729501,50.58670042],[-117.28744421,50.58654554],[-117.28759662,50.58639172],[-117.28776069,50.58624574],[-117.28794613,50.58611329],[-117.28815677,50.58599366],[-117.28838784,50.58588471],[-117.28863331,50.58578964],[-117.28888724,50.58571238],[-117.2891511,50.58566004],[-117.28942778,50.58563333],[-117.2897169,50.58561838],[-117.29000159,50.58560164],[-117.29028409,50.58558313],[-117.29056998,50.58557138],[-117.29085489,50.58555856],[-117.29113469,50.58553649],[-117.29140533,50.58549768],[-117.29165667,50.58542433],[-117.29189099,50.58531894],[-117.29211767,50.58520643],[-117.29234677,50.58509961],[-117.29256775,50.58498639],[-117.29276447,50.58485892],[-117.29293128,50.58471472],[-117.29308709,50.58456339],[-117.29324952,50.58441563],[-117.29341969,50.58427143],[-117.29359197,50.5841283],[-117.29377031,50.58398873],[-117.29396054,50.58385663],[-117.29416562,50.58373094],[-117.29438753,50.5836163],[-117.29462476,50.58352265],[-117.29489416,50.58347209],[-117.29517483,50.58343507],[-117.29543717,50.58336884],[-117.29568862,50.58328339],[-117.29591289,50.58317622],[-117.29611437,50.58305089],[-117.29630731,50.58291808],[-117.29650398,50.58278812],[-117.29670988,50.58266457],[-117.29691887,50.58254315],[-117.29712542,50.58242032],[-117.29732349,50.58229249],[-117.29750691,50.58215541],[-117.29767582,50.58200801],[-117.29783965,50.58185811],[-117.29800949,50.58171355],[-117.29819667,50.58158181],[-117.29841095,50.58147108],[-117.2986511,50.58138064],[-117.29890837,50.58130338],[-117.29917309,50.58123181],[-117.29943482,50.58115882],[-117.29969413,50.58108441],[-117.29995843,50.58101605],[-117.30019923,50.58092632],[-117.30042332,50.58081345],[-117.30063818,50.5806899],[-117.30082603,50.5805546],[-117.30096943,50.58040506],[-117.30105839,50.58023772],[-117.30111762,50.58005933],[-117.30117523,50.57987917],[-117.30125996,50.5797072],[-117.30136985,50.57954128],[-117.30149012,50.57937749],[-117.30161071,50.57921406],[-117.30172238,50.57904886],[-117.3018143,50.57888044],[-117.30186484,50.5787042],[-117.30189161,50.57852404],[-117.30193033,50.5783453],[-117.30198019,50.57816585],[-117.30202374,50.57798319],[-117.30206986,50.57780089],[-117.30212686,50.57762251],[-117.3022036,50.57745161],[-117.30230928,50.57729209],[-117.30246905,50.5771543],[-117.30268734,50.57704001],[-117.30292972,50.57693426],[-117.30316085,50.57682175],[-117.30335382,50.57669143],[-117.30352705,50.57654937],[-117.30369212,50.57640268],[-117.30385841,50.57625669],[-117.3040343,50.5761157],[-117.30421082,50.57596865],[-117.30439568,50.57582765],[-117.30460807,50.57571549],[-117.30485805,50.575645],[-117.30513215,50.57560085],[-117.30541748,50.57556773],[-117.30569979,50.5755307],[-117.30596496,50.57547374],[-117.30619478,50.57537511],[-117.30640002,50.57524657],[-117.30661169,50.57512445],[-117.30684734,50.57501443],[-117.30691977,50.57498085],[-117.30708387,50.57490476],[-117.30729287,50.57478584],[-117.30744749,50.57464734],[-117.30754318,50.57446468],[-117.30755892,50.57427063],[-117.30746667,50.5741154],[-117.30728945,50.57399042],[-117.30706182,50.57387898],[-117.30697587,50.57384385],[-117.30680918,50.57377572],[-117.30655629,50.57367709],[-117.3063169,50.57358096],[-117.30607193,50.57349159],[-117.30582214,50.57340614],[-117.30557164,50.57332175],[-117.30532368,50.57323523],[-117.30508138,50.57314266],[-117.30484897,50.5730419],[-117.30461938,50.57293686],[-117.30438937,50.57283076],[-117.30416087,50.57272323],[-117.30393409,50.57261392],[-117.30370985,50.57250248],[-117.3034895,50.57238854],[-117.30327359,50.57227211],[-117.30306293,50.57215283],[-117.30285909,50.57203],[-117.30266266,50.5719036],[-117.30249378,50.5717626],[-117.30235421,50.57160523],[-117.3022275,50.57144109],[-117.30209705,50.57127837],[-117.30194532,50.57112669],[-117.30176157,50.5709921],[-117.30155407,50.57086891],[-117.30133257,50.57075248],[-117.30110527,50.5706389],[-117.30088013,50.57052461],[-117.30066589,50.57040569],[-117.30047106,50.57027858],[-117.30038449,50.57020665],[-117.30030328,50.57013936],[-117.30016277,50.56998768],[-117.30003962,50.56982924],[-117.29992998,50.56966474],[-117.29983069,50.56949562],[-117.29973833,50.56932364],[-117.29964914,50.56915025],[-117.29955964,50.56897649],[-117.29946751,50.56880416],[-117.29936814,50.56863433],[-117.2992589,50.56846841],[-117.29912562,50.56831174],[-117.29899246,50.56820421],[-117.29895052,50.56817003],[-117.29876524,50.56803188],[-117.29860073,50.56788519],[-117.29845044,50.56773138],[-117.29829571,50.56758005],[-117.29811931,50.56744119],[-117.29791918,50.56731622],[-117.29770937,50.56719659],[-117.29749273,50.56708051],[-117.29727323,50.56696622],[-117.2970543,50.56685193],[-117.29683869,50.56673514],[-117.29662926,50.56661408],[-117.29657359,50.56657993],[-117.29642611,50.56648947],[-117.29634612,50.56643819],[-117.29622652,50.566362],[-117.29602852,50.56623382],[-117.29582972,50.566106],[-117.29562887,50.5659796],[-117.2954755,50.56588916],[-117.29542152,50.56585712],[-117.29521004,50.56573748],[-117.29516156,50.565709],[-117.29500222,50.56561571],[-117.29480502,50.56548718],[-117.29462403,50.56534939],[-117.29456804,50.56530168],[-117.29445445,50.56520447],[-117.29428853,50.56505742],[-117.29411928,50.56491287],[-117.29393918,50.56477543],[-117.29374162,50.56464832],[-117.29353419,50.56452513],[-117.29332016,50.56440514],[-117.29309892,50.56429013],[-117.29287075,50.56418225],[-117.29281893,50.56416053],[-117.29263526,50.56408291],[-117.2923925,50.56399461],[-117.29214031,50.56391378],[-117.29187742,50.56383901],[-117.29182155,50.56382513],[-117.29160729,50.5637735],[-117.29133208,50.5637208],[-117.29119496,50.56370264],[-117.29105471,50.56368413],[-117.29077732,50.56366704],[-117.29069315,50.56366633],[-117.29050071,50.5636649],[-117.29022159,50.56367167],[-117.28994082,50.5636852],[-117.28973361,50.56370015],[-117.2896595,50.56370549],[-117.2893777,50.56373077],[-117.28909565,50.56376068],[-117.28881397,50.56379344],[-117.28853344,50.56382869],[-117.28825468,50.56386465],[-117.28797826,50.56390132],[-117.28770323,50.56394013],[-117.28742907,50.56398357],[-117.28715657,50.56403128],[-117.28688477,50.5640822],[-117.28661477,50.56413632],[-117.28634593,50.56419293],[-117.28607849,50.56425168],[-117.28581258,50.56431149],[-117.2855488,50.56437487],[-117.28528856,50.56444395],[-117.28503063,50.564518],[-117.28477498,50.56459456],[-117.28465924,50.5646298],[-117.28452007,50.56467253],[-117.28426483,50.56475015],[-117.28400969,50.56482848],[-117.28375835,50.56491465],[-117.28350724,50.56500046],[-117.28325229,50.56507594],[-117.28298185,50.56513326],[-117.28264115,50.56516709],[-117.28241323,50.56512258],[-117.28238688,50.56498408],[-117.28243862,50.56480285],[-117.28252068,50.56460453],[-117.28258301,50.56441404],[-117.28261628,50.5642353],[-117.28264353,50.56405549],[-117.28266901,50.56387497],[-117.28269459,50.56369517],[-117.28272441,50.56351572],[-117.28274763,50.5634032],[-117.28276147,50.56333805],[-117.28280824,50.5631618],[-117.28287121,50.56298734],[-117.28297127,50.56281358],[-117.28306072,50.56271282],[-117.2831127,50.56265443],[-117.28329732,50.56252411],[-117.28351152,50.56242798],[-117.28377826,50.56233291],[-117.28403301,50.56224497],[-117.28426796,50.56214456],[-117.28446405,50.56202065],[-117.28463544,50.56187894],[-117.28478946,50.5617262],[-117.28492855,50.56156633],[-117.28498342,50.56149761],[-117.28505752,50.56140397],[-117.28509113,50.56135934],[-117.28517977,50.56124161],[-117.28528803,50.56107071],[-117.28536203,50.56089482],[-117.28537886,50.56071893],[-117.2853439,50.56054339],[-117.28528297,50.56037747],[-117.28520508,50.56019054],[-117.28518244,50.56012717],[-117.28514159,50.56001323],[-117.28510828,50.5598352],[-117.28511074,50.55965647],[-117.28513019,50.5595055],[-117.28513385,50.55947701],[-117.28516416,50.55929685],[-117.28518807,50.55911705],[-117.28519349,50.55893724],[-117.28518929,50.55875672],[-117.28517948,50.5585762],[-117.28516103,50.55839604],[-117.28513044,50.5582173],[-117.28508419,50.55804106],[-117.28501394,50.55786552],[-117.28491597,50.55769462],[-117.28478854,50.55753439],[-117.28463693,50.5573845],[-117.28447082,50.55723958],[-117.28429587,50.55709787],[-117.28411741,50.55695723],[-117.28394158,50.55681517],[-117.2837738,50.55667025],[-117.28361532,50.55652142],[-117.28346218,50.55637046],[-117.28331167,50.55621807],[-117.28316059,50.55606568],[-117.28300722,50.55591507],[-117.28284773,50.55576695],[-117.28266914,50.55562738],[-117.2825479,50.55553765],[-117.28248509,50.55549101],[-117.28247141,50.55546502],[-117.28233809,50.55521186],[-117.28224832,50.55504132],[-117.28219299,50.55493664],[-117.28215856,50.55487077],[-117.28206824,50.55470022],[-117.28197656,50.55453002],[-117.28188545,50.55435983],[-117.28179649,50.55418893],[-117.28176336,50.55412448],[-117.28170777,50.55401766],[-117.28161689,50.55384712],[-117.28152092,50.55367835],[-117.2814165,50.55351136],[-117.28130291,50.55334722],[-117.28118413,50.55318415],[-117.28106185,50.55302214],[-117.28093574,50.55286085],[-117.28080724,50.55270063],[-117.28067683,50.55254076],[-117.28054483,50.5523816],[-117.28040511,50.55221462],[-117.28027845,50.55206436],[-117.28015115,50.55189808],[-117.28001587,50.55173288],[-117.27983491,50.55160292],[-117.27960067,50.55151462],[-117.27934616,50.55144091],[-117.27907787,50.55137789],[-117.27880255,50.55132128],[-117.27852759,50.55126752],[-117.2782575,50.55121233],[-117.27798891,50.55115572],[-117.27771872,50.55109982],[-117.27744816,50.55104534],[-117.27730118,50.55101757],[-117.27717661,50.55099407],[-117.27690344,50.55094778],[-117.27662885,50.5509079],[-117.27635245,50.55087586],[-117.27607427,50.55085414],[-117.27579368,50.55084203],[-117.27551151,50.5508374],[-117.27522843,50.55083669],[-117.27494474,50.55083776],[-117.27466087,50.55083741],[-117.27437814,50.55083278],[-117.27409596,50.55082138],[-117.27381469,50.5508018],[-117.27353271,50.55077652],[-117.27332803,50.55075551],[-117.2732505,50.55074732],[-117.27296877,50.55071742],[-117.27268746,50.55068858],[-117.27240772,50.5506633],[-117.27212902,50.55064407],[-117.27185342,50.55063374],[-117.27158117,50.55064549],[-117.27148946,50.55067576],[-117.27132868,50.55072917],[-117.27107656,50.55082245],[-117.27079622,50.55088974],[-117.27054227,50.55094422],[-117.27026889,50.55098908],[-117.2699913,50.55101401],[-117.26970801,50.55102042],[-117.26942394,50.55101187],[-117.26914441,50.55099051],[-117.26886813,50.5509549],[-117.26859309,50.55091146],[-117.26852207,50.55089936],[-117.26831914,50.55086553],[-117.268047,50.55081177],[-117.26777625,50.5507491],[-117.26759102,50.55070935],[-117.26750581,50.55069107],[-117.2672338,50.55065155],[-117.26695805,50.55064229],[-117.26667792,50.55065155],[-117.26639437,50.55067362],[-117.26611226,50.55070709],[-117.26592015,50.55073664],[-117.26583388,50.55075017],[-117.26556267,50.55080109],[-117.2653043,50.55087159],[-117.26506196,50.55097805],[-117.26498077,50.55101614],[-117.26482577,50.55108878],[-117.26458757,50.55117031],[-117.26452958,50.55116818],[-117.26432293,50.55116034],[-117.2640843,50.55104142],[-117.26398435,50.55094244],[-117.26393475,50.55089366],[-117.26381823,50.5507256],[-117.26380105,50.55069392],[-117.26372437,50.55055292],[-117.26364079,50.55038166],[-117.26356286,50.55020862],[-117.26349013,50.55003451],[-117.26342235,50.54985969],[-117.26335784,50.54968415],[-117.2632967,50.54950862],[-117.26324042,50.54933166],[-117.26320148,50.54915221],[-117.26319312,50.54897312],[-117.26322986,50.54879616],[-117.26329415,50.54861991],[-117.26335308,50.54844331],[-117.26338778,50.54825246],[-117.26341665,50.54808405],[-117.26344445,50.54790282],[-117.26346225,50.5477223],[-117.26346253,50.54770996],[-117.26346623,50.54754321],[-117.26344887,50.54736589],[-117.26338291,50.54719428],[-117.26327235,50.54702658],[-117.26315842,50.54685888],[-117.26308761,50.54669972],[-117.26304366,50.54655588],[-117.2630302,50.54650923],[-117.26299104,50.54633014],[-117.26296548,50.54614998],[-117.26295505,50.54596981],[-117.26296217,50.54579108],[-117.26298755,50.54561269],[-117.2630164,50.54547739],[-117.26302525,50.54543431],[-117.26306912,50.54525593],[-117.26311354,50.54507755],[-117.26315181,50.54489916],[-117.26317934,50.54472007],[-117.26320094,50.54454062],[-117.26321918,50.54436117],[-117.26323374,50.54418136],[-117.26324127,50.54405461],[-117.26324438,50.54400156],[-117.26325109,50.54382175],[-117.26325262,50.54372953],[-117.26325389,50.54364194],[-117.26325164,50.54346214],[-117.26324603,50.54328233],[-117.26323618,50.54310217],[-117.26322273,50.54292236],[-117.2632126,50.54280878],[-117.26320625,50.54274291],[-117.26318696,50.54256346],[-117.26317401,50.54245415],[-117.2631652,50.54238437],[-117.26314144,50.54220492],[-117.26311464,50.54202582],[-117.26308504,50.54184673],[-117.26305297,50.54166799],[-117.26301786,50.54148961],[-117.26298752,50.54130909],[-117.26296444,50.54112608],[-117.26294015,50.54094235],[-117.26290828,50.54076077],[-117.26286071,50.54058345],[-117.26279089,50.54041184],[-117.26269221,50.54024912],[-117.26256499,50.54009317],[-117.26244111,50.53996606],[-117.26241701,50.53994149],[-117.26225197,50.53979444],[-117.2620729,50.53965166],[-117.26191987,50.53953986],[-117.26188317,50.53951316],[-117.26168805,50.53937857],[-117.26164194,50.53934831],[-117.26148947,50.53924754],[-117.26129062,50.53912115],[-117.2610825,50.53900116],[-117.26086479,50.53888722],[-117.26064089,50.53877756],[-117.26041333,50.53867003],[-117.26018419,50.53856321],[-117.25995688,50.53845533],[-117.25973289,50.53834495],[-117.25951486,50.53823066],[-117.2592973,50.53811565],[-117.25908021,50.53799994],[-117.25886565,50.53788208],[-117.25865634,50.53776138],[-117.2584541,50.53763676],[-117.25826067,50.53750645],[-117.25807581,50.53737079],[-117.25789746,50.53723122],[-117.25772324,50.5370888],[-117.2575514,50.53694531],[-117.25737934,50.53680218],[-117.25720409,50.53666047],[-117.25711788,50.53659424],[-117.25702425,50.53652232],[-117.2568371,50.53638845],[-117.25663886,50.53626205],[-117.25653487,50.53620579],[-117.25642394,50.53614562],[-117.25619848,50.53603666],[-117.25596731,50.53593127],[-117.25573679,50.53582659],[-117.25550937,50.53571978],[-117.25528335,50.53561083],[-117.25505725,50.53550116],[-117.25482989,50.53539257],[-117.2547856,50.53537227],[-117.25460064,50.53528682],[-117.25436722,50.5351857],[-117.25412947,50.53509028],[-117.2538851,50.53500233],[-117.2536342,50.53492258],[-117.25337841,50.53484852],[-117.25311854,50.5347798],[-117.25285472,50.53471536],[-117.25258822,50.53465411],[-117.25231929,50.53459572],[-117.25206875,50.53454338],[-117.25178012,50.53448428],[-117.25151051,50.53442944],[-117.2512417,50.53437426],[-117.25096911,50.534318],[-117.25069435,50.53426673],[-117.25062276,50.5342564],[-117.2504171,50.53422685],[-117.2501397,50.53420584],[-117.24986269,50.53420798],[-117.2495859,50.53422756],[-117.24930816,50.53425961],[-117.24902996,50.53429913],[-117.24875203,50.53434079],[-117.2484735,50.53437995],[-117.2481952,50.534412],[-117.24791594,50.5344387],[-117.2476361,50.53446291],[-117.24735569,50.53448713],[-117.24707626,50.5345124],[-117.24679807,50.53454089],[-117.24652139,50.53457471],[-117.24624731,50.53461815],[-117.24597561,50.53467156],[-117.24570492,50.53472853],[-117.24543475,50.534783],[-117.24516262,50.53482858],[-117.2449459,50.53485329],[-117.24490029,50.53485849],[-117.24458403,50.5348827],[-117.24425128,50.5349005],[-117.24393109,50.53490015],[-117.24366701,50.53486917],[-117.2435019,50.5347944],[-117.24348471,50.53474669],[-117.24345494,50.53466123],[-117.24348519,50.53452736],[-117.24349549,50.53448214],[-117.24358415,50.53428026],[-117.24368323,50.53407873],[-117.24373628,50.5339502],[-117.24375801,50.53389786],[-117.24383321,50.53372482],[-117.24391699,50.5335532],[-117.24400502,50.53338194],[-117.24409393,50.53321103],[-117.24418028,50.53303977],[-117.24420889,50.53298376],[-117.24426775,50.53286851],[-117.24435755,50.53269796],[-117.24444647,50.53252706],[-117.24453081,50.53235544],[-117.24460858,50.53218275],[-117.24468842,50.53200865],[-117.24477353,50.53183418],[-117.24485687,50.531659],[-117.24493204,50.53148347],[-117.24499153,50.53130793],[-117.24502886,50.53113204],[-117.24503794,50.53095651],[-117.24502464,50.5307767],[-117.2449925,50.53059405],[-117.24494221,50.53041175],[-117.24487322,50.5302323],[-117.24478544,50.53005926],[-117.24468002,50.52989512],[-117.24454796,50.52974415],[-117.24436795,50.52961063],[-117.24415633,50.52948851],[-117.24393124,50.52937065],[-117.24371117,50.52925031],[-117.24351425,50.52912035],[-117.24334427,50.52897508],[-117.24317438,50.52883052],[-117.24313954,50.52880951],[-117.2429722,50.52870768],[-117.2427296,50.5286087],[-117.24247304,50.52851898],[-117.24244452,50.52850755],[-117.24223216,50.52842249],[-117.2420358,50.52830356],[-117.24188811,50.52815509],[-117.24186145,50.52811664],[-117.24177073,50.52798703],[-117.2416861,50.52780758],[-117.24163793,50.52762635],[-117.2416288,50.52745046],[-117.24165015,50.52727422],[-117.24169325,50.52709726],[-117.24174995,50.52691923],[-117.24178209,50.52682672],[-117.24181192,50.52674085],[-117.24187188,50.52656211],[-117.24192041,50.52638373],[-117.2419563,50.52620499],[-117.24198915,50.52602661],[-117.24202079,50.52584751],[-117.24204996,50.52566878],[-117.24207656,50.52548968],[-117.24210116,50.52531023],[-117.24212328,50.52513114],[-117.24214228,50.52495169],[-117.24215328,50.52482921],[-117.24215872,50.52477188],[-117.24217235,50.52459208],[-117.24218319,50.52441227],[-117.24219034,50.52423211],[-117.24219222,50.5240523],[-117.24218906,50.52387249],[-117.24218007,50.52369304],[-117.24216435,50.52351359],[-117.24214272,50.52333379],[-117.24211389,50.52315469],[-117.2420789,50.5229756],[-117.24203817,50.52279757],[-117.24199057,50.52262061],[-117.2419369,50.52244437],[-117.24188865,50.52230174],[-117.2418774,50.52226848],[-117.24181407,50.5220933],[-117.24174715,50.52191848],[-117.2416791,50.52174366],[-117.24160994,50.52156883],[-117.24154166,50.52139437],[-117.2414753,50.52121955],[-117.24141086,50.52104437],[-117.24134609,50.52086883],[-117.2412811,50.52069366],[-117.24121339,50.52051919],[-117.24114153,50.52034508],[-117.2410648,50.5201724],[-117.24098201,50.52000042],[-117.24092983,50.51989646],[-117.24089562,50.51982881],[-117.24080532,50.51965719],[-117.2407088,50.51948735],[-117.24060447,50.51932001],[-117.24048939,50.51915622],[-117.24036196,50.51899671],[-117.24021359,50.51884432],[-117.24004904,50.51869692],[-117.239877,50.51855236],[-117.23970497,50.5184078],[-117.23954234,50.51826004],[-117.23939701,50.51810729],[-117.23927679,50.51794707],[-117.2391784,50.51778008],[-117.2390954,50.51760846],[-117.23902236,50.51743364],[-117.23895362,50.5172574],[-117.23888442,50.51708186],[-117.23880899,50.51690811],[-117.23866568,50.51658054],[-117.23858873,50.51640572],[-117.23848791,50.51624158],[-117.23840492,50.51606996],[-117.23832241,50.51589763],[-117.23824078,50.51572566],[-117.2381613,50.51555297],[-117.23808351,50.51538029],[-117.23800731,50.51520689],[-117.23793335,50.51503349],[-117.23786018,50.51485974],[-117.23778894,50.51468563],[-117.23771825,50.51451152],[-117.23764869,50.51433741],[-117.23757992,50.51416295],[-117.23752763,50.51398136],[-117.2374525,50.51380974],[-117.23737384,50.51362993],[-117.25860011,50.51369153],[-117.26768185,50.51371646],[-117.26958572,50.51372162],[-117.27336056,50.51373177],[-117.27374859,50.51373177],[-117.27440738,50.51373212],[-117.27933625,50.51373319],[-117.27934521,50.51373319],[-117.27965709,50.51373319],[-117.2797674,50.51373319],[-117.28012575,50.51373319],[-117.28038667,50.51373319],[-117.28049866,50.51373319],[-117.28054532,50.51369901],[-117.28060656,50.51365379],[-117.28084827,50.51347612],[-117.28470799,50.51063731],[-117.2847083,50.51060634],[-117.28470913,50.51014418],[-117.284709,50.51010965],[-117.28471774,50.50663493],[-117.28471882,50.5061564],[-117.28471884,50.50608946],[-117.28471907,50.50589683],[-117.284806,50.50572379],[-117.2848439,50.50564867],[-117.2848854,50.50555538],[-117.28500751,50.50539943],[-117.28515714,50.50525096],[-117.2853242,50.50510747],[-117.28550545,50.50496789],[-117.28569667,50.50483188],[-117.28589417,50.50469907],[-117.28609483,50.50456911],[-117.28629487,50.50444094],[-117.28649547,50.50431276],[-117.2867052,50.504186],[-117.28689476,50.50408546],[-117.28692673,50.50406851],[-117.28716056,50.50396881],[-117.28740983,50.50389404],[-117.28767356,50.50384312],[-117.2878687,50.50381891],[-117.28794806,50.50380894],[-117.28822997,50.50378473],[-117.28838934,50.50377378],[-117.28851498,50.50376515],[-117.28879972,50.50374343],[-117.28908068,50.50371388],[-117.28935388,50.50367151],[-117.28962409,50.50362095],[-117.28989223,50.50356505],[-117.29015881,50.50350559],[-117.29042455,50.50344399],[-117.29068965,50.50338168],[-117.29095516,50.50332044],[-117.2912181,50.50325208],[-117.29147856,50.50317731],[-117.29174017,50.50310503],[-117.2920045,50.50304557],[-117.29259357,50.5030826],[-117.2940067,50.50356433],[-117.29506224,50.50392395],[-117.29559935,50.50368717],[-117.29600525,50.50348885],[-117.29634576,50.50328021],[-117.29668639,50.50309257],[-117.29694584,50.50290493],[-117.29730233,50.5026653],[-117.29780515,50.50239399],[-117.29819487,50.50216932],[-117.2984456,50.50208636],[-117.29869634,50.5020034],[-117.29888076,50.50194287],[-117.29894773,50.50192115],[-117.29919962,50.50184069],[-117.29945378,50.50176271],[-117.29971039,50.50168865],[-117.29996921,50.50161886],[-117.30023096,50.50155228],[-117.30049409,50.50148784],[-117.30075861,50.50142553],[-117.30091536,50.50138992],[-117.30102475,50.501365],[-117.30129195,50.50130625],[-117.30155998,50.50124964],[-117.30182875,50.50119445],[-117.30209826,50.50114069],[-117.30226497,50.50110864],[-117.30236826,50.5010887],[-117.30263901,50.50103814],[-117.30290993,50.50098901],[-117.30318502,50.50094628],[-117.3034638,50.50091068],[-117.30374535,50.50087934],[-117.30402773,50.50085015],[-117.30431012,50.50082095],[-117.3045899,50.50078891],[-117.30486602,50.50075223],[-117.30513701,50.50070808],[-117.30540091,50.50065432],[-117.30565658,50.50058845],[-117.30590453,50.50050798],[-117.30614487,50.50041363],[-117.30637682,50.50030824],[-117.3066009,50.50019359],[-117.30681656,50.50007217],[-117.30693596,50.4999999],[-117.30702442,50.49994649],[-117.30722328,50.49981831],[-117.30741371,50.49968764],[-117.30759624,50.49955198],[-117.30777264,50.49941205],[-117.30794332,50.49926892],[-117.30811004,50.49912329],[-117.30827491,50.49897625],[-117.30843857,50.49882848],[-117.30860255,50.49868108],[-117.30876863,50.49853474],[-117.30893721,50.49839054],[-117.30916968,50.49819791],[-117.30934245,50.49805585],[-117.30951578,50.49791378],[-117.30968999,50.49777208],[-117.3098642,50.49763037],[-117.31003841,50.49748866],[-117.31021294,50.49734731],[-117.31038748,50.49720595],[-117.31056225,50.49706424],[-117.3107359,50.49692253],[-117.31081691,50.49685666],[-117.3109101,50.49678083],[-117.31108343,50.49663876],[-117.31125563,50.4964967],[-117.31142775,50.49635392],[-117.31159874,50.49621114],[-117.31176909,50.49606765],[-117.31193799,50.49592381],[-117.31210601,50.49577961],[-117.31227249,50.49563434],[-117.31243729,50.49548907],[-117.31260056,50.49534273],[-117.3127603,50.49519497],[-117.31290821,50.49504222],[-117.31304752,50.49488556],[-117.3131812,50.4947264],[-117.31331134,50.49456582],[-117.31344092,50.49440524],[-117.31357347,50.49424609],[-117.31371134,50.49408907],[-117.31385781,50.49393597],[-117.31401521,50.49378749],[-117.31417904,50.49364116],[-117.3143452,50.49349553],[-117.3145148,50.49335062],[-117.31468738,50.49320713],[-117.31486382,50.49306542],[-117.31504389,50.49292585],[-117.31522846,50.49278877],[-117.31541731,50.49265454],[-117.31561141,50.49252422],[-117.31580987,50.49239747],[-117.31601423,50.49227534],[-117.31622625,50.49215855],[-117.31644594,50.49204711],[-117.31667144,50.49193958],[-117.31690218,50.49183597],[-117.31713623,50.49173414],[-117.31737189,50.49163409],[-117.31760868,50.49153404],[-117.3178449,50.49143399],[-117.31807894,50.49133216],[-117.31830959,50.49122783],[-117.31853508,50.49112031],[-117.31875444,50.49100851],[-117.31895749,50.49088495],[-117.31914159,50.49074859],[-117.31931858,50.49060688],[-117.31949799,50.49046659],[-117.31969031,50.49033557],[-117.31989884,50.49021558],[-117.32011486,50.4900995],[-117.32033557,50.48998735],[-117.32056088,50.4898784],[-117.32078934,50.48977229],[-117.32101975,50.48966832],[-117.32125145,50.48956578],[-117.32148581,50.48946431],[-117.32172397,50.48936639],[-117.32196667,50.48927346],[-117.32221362,50.48918765],[-117.3224663,50.48911181],[-117.32273281,50.48905485],[-117.32300798,50.48901105],[-117.3232848,50.48897153],[-117.32355884,50.48892774],[-117.32360024,50.48892097],[-117.32383262,50.48888181],[-117.3241068,50.48883694],[-117.32438232,50.488796],[-117.3246585,50.48876253],[-117.32493634,50.4887401],[-117.32521848,50.48874081],[-117.32550279,50.48875434],[-117.32578604,50.48876609],[-117.32606626,50.48876039],[-117.32634111,50.48872977],[-117.3264543,50.4887109],[-117.32659933,50.48868704],[-117.32688225,50.4886315],[-117.32715123,50.48857418],[-117.32742045,50.48851649],[-117.32769118,50.48846415],[-117.32796259,50.48841502],[-117.32823432,50.48836624],[-117.3285072,50.48831995],[-117.3287816,50.48827901],[-117.329058,50.48824518],[-117.32933547,50.48821314],[-117.329614,50.48818287],[-117.32989336,50.48815475],[-117.33017275,50.48812911],[-117.33045227,50.48810668],[-117.33073214,50.4880871],[-117.33101399,50.48807214],[-117.33130203,50.48806645],[-117.33158452,50.48808104],[-117.33184544,50.48813338],[-117.33207127,50.48825836],[-117.33230329,50.48835022],[-117.33257172,50.48834203],[-117.33271986,50.48831177],[-117.33285278,50.48828506],[-117.33311681,50.48821065],[-117.3333571,50.48811878],[-117.33358851,50.48801411],[-117.33382437,50.4879137],[-117.33407121,50.48782718],[-117.33426863,50.4877638],[-117.33432347,50.487746],[-117.3345742,50.48766375],[-117.33481691,50.48757331],[-117.33494318,50.48751599],[-117.33504663,50.48746863],[-117.33527167,50.48736004],[-117.33550024,50.48725286],[-117.33572701,50.48714249],[-117.33596868,50.48705276],[-117.33623819,50.48699971],[-117.33652604,50.48696802],[-117.33681555,50.48694061],[-117.33709132,50.4869018],[-117.33733618,50.48683522],[-117.33753094,50.48671736],[-117.33767731,50.486555],[-117.33776789,50.48641187],[-117.33778896,50.48637911],[-117.33787078,50.48620856],[-117.33791949,50.48603054],[-117.33795777,50.48584966],[-117.33800848,50.48567199],[-117.33809585,50.48550322],[-117.33821744,50.48534193],[-117.33836214,50.48518634],[-117.33851913,50.48503501],[-117.33868039,50.48488654],[-117.33884366,50.48473842],[-117.33894831,50.48464941],[-117.33901479,50.4845928],[-117.33919818,50.48445572],[-117.33939871,50.48433252],[-117.33963545,50.48423924],[-117.33989489,50.48416411],[-117.34014701,50.48407973],[-117.34038669,50.48398537],[-117.34062563,50.4838896],[-117.34086304,50.48379275],[-117.34109915,50.48369448],[-117.34124986,50.48363081],[-117.34133428,50.48359514],[-117.34156876,50.48349509],[-117.34180372,50.48339433],[-117.34203575,50.48329036],[-117.3422557,50.48317927],[-117.34243205,50.48304183],[-117.34259232,50.48289229],[-117.34277641,50.48274738],[-117.34298417,50.48262846],[-117.34313046,50.4825925],[-117.3432385,50.48256615],[-117.34352652,50.48254265],[-117.34381344,50.48255048],[-117.34408492,50.48259356],[-117.34435337,50.48266157],[-117.34463522,50.48272708],[-117.34489172,50.48275557],[-117.34516395,50.48272886],[-117.3454384,50.48267083],[-117.34571262,50.48261991],[-117.34598725,50.48257007],[-117.34626233,50.48252378],[-117.34653878,50.4825017],[-117.34677167,50.48250491],[-117.34681877,50.48250562],[-117.34710118,50.48251773],[-117.34738412,50.48253838],[-117.34766523,50.48256686],[-117.34794198,50.48260282],[-117.34821229,50.48264768],[-117.34847033,50.48271961],[-117.34871384,50.4828161],[-117.34893979,50.48292647],[-117.34899422,50.48296778],[-117.34914289,50.48307993],[-117.34933494,50.4832366],[-117.34946686,50.48329784],[-117.34952333,50.48332418],[-117.34974644,50.48330068],[-117.34996847,50.48317963],[-117.3501973,50.48303471],[-117.35043788,50.48293217],[-117.35070945,50.48288019],[-117.35097472,50.48281823],[-117.3512288,50.48273848],[-117.35148994,50.48267261],[-117.35177038,50.48262668],[-117.35204445,50.48263024],[-117.35229739,50.48270821],[-117.35255319,50.48279117],[-117.35260428,50.48280363],[-117.3528213,50.48285633],[-117.35309408,50.48291188],[-117.35336492,50.48293644],[-117.35363126,50.48288303],[-117.35389595,50.48280755],[-117.35393201,50.48279616],[-117.35415847,50.48272602],[-117.35442268,50.48272673],[-117.35468926,50.48279082],[-117.35479318,50.48282073],[-117.35495232,50.48286701],[-117.35520763,50.48294819],[-117.35546026,50.48303258],[-117.3557015,50.48309097],[-117.35599854,50.48309026],[-117.3561999,50.4830607],[-117.35627713,50.48304967],[-117.35654816,50.48300018],[-117.35681828,50.48294784],[-117.35709129,50.48290297],[-117.35736697,50.48286594],[-117.35764412,50.48283176],[-117.35792137,50.48279829],[-117.35819746,50.48276233],[-117.35847458,50.48272566],[-117.35875305,50.48268863],[-117.35902245,50.48263736],[-117.35918643,50.48258644],[-117.35926802,50.48256116],[-117.35950611,50.48245898],[-117.35973606,50.48235216],[-117.3599746,50.48225353],[-117.36022458,50.48214351],[-117.36047667,50.48206589],[-117.36054197,50.48207124],[-117.36072203,50.48208583],[-117.36096027,50.48219372],[-117.36120908,50.48229662],[-117.36147852,50.48234112],[-117.36175784,50.4823664],[-117.36204084,50.48238527],[-117.36211303,50.48239204],[-117.36232137,50.48241127],[-117.36260024,50.48244402],[-117.36287744,50.48248354],[-117.36314013,50.48254336],[-117.36338183,50.48263415],[-117.36361493,50.48273883],[-117.36385634,50.48283176],[-117.36411392,50.48290867],[-117.36437975,50.48297561],[-117.36465143,50.48302012],[-117.36492699,50.48302652],[-117.36520769,50.48300053],[-117.36547375,50.48297383],[-117.36577183,50.48296813],[-117.36605361,50.48297952],[-117.36633515,50.48299127],[-117.36660777,50.48298771],[-117.36690963,50.48297205],[-117.36703698,50.4829724],[-117.36718983,50.48297312],[-117.36745082,50.48303044],[-117.36767913,50.4831636],[-117.36789683,50.48326365],[-117.36798327,50.48313939],[-117.368051,50.48293324],[-117.36812059,50.48286167],[-117.36820003,50.48277942],[-117.36838089,50.48263843],[-117.36859077,50.48252129],[-117.36882428,50.48241839],[-117.36907316,50.48232866],[-117.36931318,50.48225745],[-117.36954645,50.48221259],[-117.36960138,50.48220226],[-117.36967329,50.48220013],[-117.36988558,50.48219301],[-117.3700839,50.48222149],[-117.37015598,50.48223182],[-117.37042291,50.48229626],[-117.37069323,50.48235216],[-117.37097216,50.4823721],[-117.37125786,50.48237246],[-117.37153898,50.48238314],[-117.37181096,50.48242551],[-117.37208229,50.48248497],[-117.37234259,50.48256116],[-117.3725786,50.48265552],[-117.37276824,50.4827837],[-117.37292689,50.4829368],[-117.37309981,50.483081],[-117.37327144,50.48317286],[-117.37331405,50.48319565],[-117.37355046,50.48329534],[-117.37371057,50.48335801],[-117.37379184,50.48339005],[-117.37403824,50.483478],[-117.37428661,50.48356381],[-117.37451873,50.48366493],[-117.3747294,50.4837867],[-117.37493525,50.48391238],[-117.37515582,50.48402169],[-117.37527097,50.48405836],[-117.37540418,50.48410073],[-117.37566994,50.48416019],[-117.37594357,50.48421111],[-117.37621476,50.48426487],[-117.37647847,50.48433252],[-117.37673996,50.48440694],[-117.37700379,50.48447103],[-117.37709742,50.48448349],[-117.37719081,50.48449631],[-117.37727362,50.48450735],[-117.37755191,50.48450877],[-117.37783487,50.48448954],[-117.3781184,50.48446604],[-117.37840063,50.48445216],[-117.37868292,50.48443649],[-117.37896553,50.48442118],[-117.37924718,50.48441157],[-117.37952673,50.48441192],[-117.37980044,50.48444575],[-117.38007083,50.48450414],[-117.38034786,50.48453547],[-117.38062889,50.48454972],[-117.38091011,50.48456538],[-117.38119478,50.48458853],[-117.38146422,50.4846195],[-117.38171153,50.4847078],[-117.38190139,50.48483741],[-117.38207266,50.48498588],[-117.38224113,50.48513435],[-117.382297,50.48518456],[-117.38240518,50.48528105],[-117.38256241,50.4854313],[-117.38273058,50.48557515],[-117.38292769,50.48570226],[-117.38315113,50.48581406],[-117.38336877,50.48592871],[-117.38350274,50.48602468],[-117.38355616,50.48606294],[-117.38370475,50.48621782],[-117.38377268,50.48640083],[-117.383785,50.486602],[-117.38393695,50.48669493],[-117.38420104,50.48670348],[-117.38450632,50.48667927],[-117.38481037,50.48665861],[-117.38509262,50.48666253],[-117.38537486,50.48667072],[-117.38565604,50.48666609],[-117.38593506,50.4866401],[-117.38604148,50.48662977],[-117.386214,50.48661339],[-117.3864959,50.48660343],[-117.38677875,50.4865988],[-117.38705857,50.48658349],[-117.38733419,50.48654824],[-117.38760692,50.48650124],[-117.38787757,50.4864489],[-117.38796965,50.48643145],[-117.38814943,50.48639727],[-117.38841987,50.48634102],[-117.3885676,50.48629687],[-117.38862532,50.48627977],[-117.3886722,50.48626553],[-117.38890805,50.48616156],[-117.38910707,50.48603196],[-117.38923812,50.48587815],[-117.38930147,50.48574214],[-117.38931922,50.48570333],[-117.38937515,50.48556838],[-117.3893923,50.48552708],[-117.38939474,50.48551958],[-117.38943823,50.48538608],[-117.38944948,50.48535119],[-117.389538,50.4851753],[-117.38965958,50.48506386],[-117.38969413,50.48503181],[-117.38978584,50.48498268],[-117.38991031,50.48491609],[-117.39015117,50.4848164],[-117.39040156,50.48473451],[-117.39066345,50.48466828],[-117.39093317,50.48461309],[-117.39120488,50.48456253],[-117.39147671,50.48451518],[-117.3917515,50.48447352],[-117.39187501,50.48445679],[-117.39202707,50.48443578],[-117.39230352,50.48439839],[-117.39258055,50.48435674],[-117.39285857,50.48432291],[-117.39313607,50.48431365],[-117.39341697,50.48433573],[-117.39369311,50.48438202],[-117.39381795,50.48441335],[-117.39395402,50.48444717],[-117.39420347,50.48453227],[-117.39427088,50.48455648],[-117.39445065,50.48462164],[-117.39470447,50.48469926],[-117.39497186,50.48475373],[-117.3952484,50.48479432],[-117.39533956,50.48480714],[-117.39552523,50.48483278],[-117.39573473,50.48487024],[-117.39579606,50.4848812],[-117.39604285,50.48496523],[-117.39627187,50.48507454],[-117.3965336,50.48513507],[-117.39681432,50.48517103],[-117.39709732,50.48518313],[-117.3972644,50.48517245],[-117.39737822,50.48516533],[-117.39743898,50.48515465],[-117.39765784,50.48511548],[-117.39788812,50.48503608],[-117.39803336,50.48487088],[-117.39819248,50.48472026],[-117.39825179,50.48467013],[-117.39825187,50.48467006],[-117.39836305,50.48457606],[-117.3985638,50.48445145],[-117.39878257,50.4843343],[-117.39897538,50.48424636],[-117.39901453,50.48422856],[-117.39926031,50.48414346],[-117.39952263,50.48408079],[-117.39979781,50.48403344],[-117.399984,50.48401243],[-117.40007913,50.48400139],[-117.40035954,50.48398431],[-117.40063747,50.48399392],[-117.40091708,50.48402561],[-117.40119748,50.48405694],[-117.40147886,50.48406726],[-117.40176058,50.48406264],[-117.4020428,50.48405979],[-117.40210798,50.48406192],[-117.40232447,50.48406798],[-117.40260691,50.48408008],[-117.40288699,50.48410002],[-117.40304661,50.48412103],[-117.40316266,50.48413598],[-117.40322882,50.48415023],[-117.40343275,50.48419402],[-117.403703,50.48424672],[-117.40397922,50.48426487],[-117.40425877,50.48425419],[-117.40454061,50.48423069],[-117.40462429,50.48422428],[-117.40482263,50.48420862],[-117.40510465,50.48419758],[-117.40538624,50.48418975],[-117.40566843,50.48418441],[-117.40595004,50.48418334],[-117.40623205,50.48418761],[-117.40651669,50.48419722],[-117.40674497,50.48421681],[-117.4067962,50.48422144],[-117.4068514,50.48423532],[-117.4070723,50.48429158],[-117.40731587,50.48439412],[-117.40741365,50.48431365],[-117.40740766,50.48411889],[-117.40753142,50.48394122],[-117.40766393,50.48378171],[-117.40779876,50.48362291],[-117.4078874,50.48350791],[-117.40792293,50.48346162],[-117.4080031,50.48328217],[-117.40804728,50.48309026],[-117.40820375,50.48297846],[-117.4083105,50.48296422],[-117.40847173,50.48294285],[-117.40877798,50.48293751],[-117.40906721,50.48292825],[-117.40934867,50.48291722],[-117.40963049,50.48290903],[-117.4099121,50.48290369],[-117.41019441,50.48290155],[-117.41033766,50.48290155],[-117.41047643,50.48290155],[-117.41075863,50.48290297],[-117.41104077,50.48290618],[-117.41132281,50.48291294],[-117.41162003,50.48292469],[-117.41188436,50.48293965],[-117.41216264,50.48296742],[-117.41243862,50.48300801],[-117.41270986,50.4830575],[-117.41297439,50.48311803],[-117.4130772,50.48314545],[-117.41323483,50.48318817],[-117.41349424,50.48325903],[-117.41375866,50.48332312],[-117.41402829,50.48338186],[-117.41429398,50.48344489],[-117.41454469,50.48352215],[-117.41477205,50.48362469],[-117.41497908,50.48374789],[-117.41518013,50.48387678],[-117.41523159,50.4839074],[-117.41538693,50.48400033],[-117.41559186,50.48412673],[-117.4158019,50.48424707],[-117.41603357,50.48434392],[-117.41613291,50.48435282],[-117.41629685,50.48436813],[-117.41659358,50.48434071],[-117.41686887,50.48429656],[-117.41713986,50.4842428],[-117.41719296,50.48423354],[-117.41741241,50.48419687],[-117.41769011,50.48418049],[-117.41797183,50.4841869],[-117.41825482,50.48420328],[-117.41848378,50.48421503],[-117.41853642,50.48421752],[-117.41881919,50.48422998],[-117.41910088,50.48424493],[-117.41938021,50.48426772],[-117.41965502,50.48430333],[-117.41992992,50.48435068],[-117.42019919,50.48441086],[-117.42045389,50.48448634],[-117.42047034,50.48449361],[-117.42068187,50.4845871],[-117.4208835,50.48471599],[-117.42108687,50.4848431],[-117.42126435,50.48491859],[-117.42132115,50.4849428],[-117.42158839,50.48501116],[-117.4218621,50.48502718],[-117.42214237,50.48500012],[-117.42236059,50.48496701],[-117.42242152,50.48495775],[-117.42269522,50.48491431],[-117.42296652,50.48486518],[-117.42323541,50.48481035],[-117.42349947,50.48474839],[-117.42375738,50.4846754],[-117.42382058,50.4846576],[-117.42401519,50.4846017],[-117.42427555,50.48453263],[-117.42453688,50.48446462],[-117.42455344,50.48446069],[-117.42480085,50.48440195],[-117.42490949,50.48438059],[-117.42506978,50.48434961],[-117.42534353,50.4843044],[-117.42561417,50.48425455],[-117.42588589,50.48420221],[-117.42614716,50.48413598],[-117.42638077,50.484037],[-117.42660141,50.483922],[-117.42684031,50.48382942],[-117.42710691,50.4837721],[-117.42738044,50.48372296],[-117.42771088,50.48365282],[-117.42777981,50.48363822],[-117.42804666,50.48362896],[-117.42827781,50.48370623],[-117.42853708,50.48381304],[-117.42880342,50.48387001],[-117.42908281,50.48390206],[-117.42936291,50.48391772],[-117.42964545,50.4839195],[-117.42992774,50.48392164],[-117.4302099,50.48392484],[-117.43049149,50.48392805],[-117.43077335,50.48393339],[-117.43084278,50.48393588],[-117.43105474,50.48394371],[-117.43127123,50.48396081],[-117.43133566,50.48396579],[-117.43161576,50.48399677],[-117.4318954,50.48402418],[-117.43217393,50.48403629],[-117.43245186,50.48401955],[-117.43272835,50.48397612],[-117.43299784,50.4839195],[-117.43325712,50.48384865],[-117.43342704,50.48379453],[-117.43351065,50.48376783],[-117.43376616,50.48369163],[-117.4340315,50.48363537],[-117.43430911,50.48360297],[-117.43435062,50.48359941],[-117.43459004,50.48357912],[-117.43486926,50.48355277],[-117.43514885,50.48352927],[-117.43542709,50.48350185],[-117.43569774,50.48345877],[-117.43597498,50.48341248],[-117.43625323,50.48339611],[-117.43653564,50.48340572],[-117.43668344,50.4834107],[-117.43681828,50.48341498],[-117.43710259,50.48342851],[-117.43738349,50.48342851],[-117.43765213,50.48338507],[-117.43791254,50.48330994],[-117.43818296,50.48326294],[-117.43846301,50.48323873],[-117.43874743,50.48321808],[-117.43899304,50.48318924],[-117.43906086,50.48318141],[-117.43910964,50.48318212],[-117.43932296,50.48318532],[-117.43935237,50.48323161],[-117.43940636,50.48331706],[-117.43939994,50.48352322],[-117.43943299,50.4836133],[-117.43946372,50.48369839],[-117.43954368,50.48387108],[-117.43962868,50.48404377],[-117.4397358,50.48421004],[-117.43991054,50.48434926],[-117.44011956,50.4844721],[-117.44033527,50.48458817],[-117.4405558,50.48470033],[-117.44077175,50.48481604],[-117.44098107,50.48493674],[-117.44118548,50.48506065],[-117.44138419,50.48518812],[-117.44157047,50.48532342],[-117.44175026,50.48546263],[-117.44194089,50.48559473],[-117.44215368,50.48571187],[-117.44238006,50.4858194],[-117.44260781,50.48592657],[-117.44282447,50.48604122],[-117.44302399,50.48616833],[-117.44321323,50.48630256],[-117.44340247,50.48643679],[-117.44360063,50.48656426],[-117.44381792,50.48667713],[-117.44405695,50.48677398],[-117.44430228,50.48686548],[-117.44453972,50.48696304],[-117.44475463,50.48707698],[-117.44495193,50.48720409],[-117.44513903,50.48733903],[-117.4453202,50.48747789],[-117.44550035,50.48761746],[-117.44568484,50.48775383],[-117.44587704,50.48788699],[-117.44606877,50.48802087],[-117.44624851,50.48815937],[-117.44640527,50.48830642],[-117.44653967,50.48846451],[-117.44665525,50.48863079],[-117.44675235,50.48880134],[-117.44683005,50.48897331],[-117.44685746,50.48915027],[-117.44685003,50.48933257],[-117.44685775,50.48951309],[-117.44686106,50.4895608],[-117.44686874,50.48969289],[-117.44687894,50.48987305],[-117.44689138,50.49005322],[-117.44691044,50.49023267],[-117.44693972,50.49041105],[-117.44698585,50.49058765],[-117.44702552,50.49068984],[-117.44705353,50.49076212],[-117.44712928,50.49093623],[-117.44720167,50.49111034],[-117.44725755,50.49128658],[-117.44728621,50.49144209],[-117.44729062,50.49146603],[-117.4473228,50.49164513],[-117.44737939,50.4918203],[-117.4474635,50.49199192],[-117.4475646,50.49216069],[-117.44768083,50.49232519],[-117.44781065,50.49248434],[-117.44795638,50.49263887],[-117.44810696,50.49278093],[-117.44828446,50.49293226],[-117.44845998,50.49307895],[-117.44863543,50.49321639],[-117.44871746,50.49327122],[-117.44884004,50.49335204],[-117.44905455,50.49345138],[-117.44933887,50.49345138],[-117.44962694,50.4934261],[-117.44990602,50.49339833],[-117.44997554,50.4933905],[-117.4501845,50.49336806],[-117.45044873,50.4933467],[-117.45068115,50.49333581],[-117.45074498,50.49333282],[-117.45102685,50.49332463],[-117.45130839,50.49331608],[-117.45158998,50.49330576],[-117.45187135,50.49329579],[-117.45215312,50.49328688],[-117.45243499,50.4932787],[-117.45271672,50.49327157],[-117.45299852,50.49326944],[-117.4532805,50.493273],[-117.45356196,50.49327905],[-117.45384392,50.49328688],[-117.45389406,50.49328844],[-117.45400463,50.49329187],[-117.45412542,50.49329543],[-117.45440724,50.49330433],[-117.4546893,50.49331288],[-117.45497113,50.49332178],[-117.45525214,50.49333531],[-117.45553169,50.49335703],[-117.45580992,50.49338587],[-117.45608743,50.49342005],[-117.4563627,50.4934585],[-117.45663594,50.49350514],[-117.4567675,50.49352722],[-117.45690932,50.49355072],[-117.45718507,50.49358419],[-117.45746548,50.4935995],[-117.45774839,50.49360163],[-117.45801598,50.49359558],[-117.45831535,50.49358632],[-117.45859716,50.49356461],[-117.45886216,50.49351227],[-117.45910963,50.49342361],[-117.45923374,50.49336593],[-117.45933993,50.49331679],[-117.45953977,50.49319075],[-117.45973353,50.49305865],[-117.45995758,50.49295113],[-117.46019522,50.49285357],[-117.46043547,50.49275886],[-117.46047303,50.49274308],[-117.46067204,50.49265952],[-117.46090648,50.49255662],[-117.46114724,50.49246369],[-117.46140388,50.49239426],[-117.46167442,50.4923437],[-117.46195188,50.4923056],[-117.46223087,50.49227285],[-117.46251745,50.49226003],[-117.46259586,50.49225825],[-117.46280141,50.49225291],[-117.46301428,50.49215642],[-117.46313345,50.49206028],[-117.46319485,50.49201115],[-117.46342123,50.49190433],[-117.46365845,50.49180571],[-117.46389682,50.49170957],[-117.46413943,50.49161807],[-117.46438814,50.49153261],[-117.46464009,50.49145072],[-117.46489944,50.49138058],[-117.46516872,50.49132682],[-117.46544594,50.49128907],[-117.46572474,50.4912702],[-117.46590173,50.49127341],[-117.46600689,50.49127519],[-117.46628968,50.49128516],[-117.46657119,50.49128516],[-117.46685331,50.49128338],[-117.4670068,50.49128231],[-117.4671351,50.49128124],[-117.46741717,50.49128124],[-117.46770583,50.49127376],[-117.46796782,50.49132219],[-117.46820657,50.49141619],[-117.4684396,50.49152229],[-117.46863351,50.49160276],[-117.46867698,50.49162092],[-117.46892017,50.49171242],[-117.4691635,50.49180286],[-117.46940566,50.49189508],[-117.4694777,50.49192427],[-117.46964311,50.49199192],[-117.469869,50.49210123],[-117.4700734,50.49220662],[-117.47031926,50.49231878],[-117.47047687,50.49236934],[-117.4705685,50.49239853],[-117.47083308,50.49245835],[-117.47110543,50.49250891],[-117.47137834,50.49255947],[-117.471644,50.49262107],[-117.47190473,50.49269441],[-117.47216482,50.49276705],[-117.47242904,50.49282402],[-117.47270421,50.49284645],[-117.47298972,50.49283185],[-117.47326995,50.49280657],[-117.47354692,50.49277346],[-117.47382284,50.49273429],[-117.47409861,50.49269619],[-117.474378,50.4926645],[-117.4746522,50.49262285],[-117.47490962,50.49255306],[-117.4751557,50.49246476],[-117.47540053,50.49237325],[-117.47565274,50.4922935],[-117.47591611,50.49223083],[-117.47618562,50.49217671],[-117.47645629,50.49212509],[-117.47672515,50.49207025],[-117.47688557,50.49203394],[-117.47699103,50.49200972],[-117.47725542,50.49194635],[-117.47752047,50.49188368],[-117.47778654,50.49182458],[-117.47805552,50.49177295],[-117.47833253,50.49174233],[-117.47861445,50.49172381],[-117.47889235,50.49169355],[-117.47916593,50.4916494],[-117.47943371,50.49159279],[-117.47969517,50.49152621],[-117.47995399,50.49145428],[-117.48021043,50.49137916],[-117.48035021,50.49133606],[-117.4804645,50.49130082],[-117.48068595,50.49122687],[-117.480714,50.49121751],[-117.48095974,50.49112885],[-117.48120581,50.49104055],[-117.48145694,50.49095901],[-117.48171519,50.49088709],[-117.48197753,50.49082087],[-117.48224085,50.49075571],[-117.48250105,50.49068592],[-117.48275334,50.49060688],[-117.48299843,50.49051751],[-117.48323886,50.49042244],[-117.48347929,50.49032738],[-117.48372293,50.49023765],[-117.48397522,50.49015861],[-117.48423783,50.49009452],[-117.4845083,50.49004147],[-117.48478174,50.48999411],[-117.48505442,50.48994961],[-117.48533008,50.4899108],[-117.4856075,50.48987697],[-117.48588566,50.48984884],[-117.48616885,50.4898403],[-117.4862273,50.48983567],[-117.48644695,50.48981822],[-117.48657511,50.48979437],[-117.48671755,50.48976838],[-117.48698388,50.48970713],[-117.4872463,50.48964162],[-117.48750221,50.48956471],[-117.48776501,50.48949778],[-117.48803539,50.48943547],[-117.48830947,50.48941695],[-117.48858967,50.48943511],[-117.48887067,50.4894725],[-117.48914231,50.48952412],[-117.4893911,50.48960459],[-117.48960617,50.48972529],[-117.4896507,50.48975908],[-117.48978731,50.48986273],[-117.48995762,50.49000729],[-117.49015319,50.49013725],[-117.49036901,50.49025937],[-117.49048695,50.49030815],[-117.49060378,50.49035693],[-117.49087328,50.49040927],[-117.49116388,50.4904082],[-117.4913224,50.49036369],[-117.49141073,50.49033913],[-117.49163407,50.49022234],[-117.49186923,50.49011909],[-117.49211462,50.49003007],[-117.49236295,50.48994427],[-117.49261453,50.48986202],[-117.49286787,50.48978475],[-117.49299556,50.48976161],[-117.49313855,50.48973562],[-117.49341245,50.48968755],[-117.49369581,50.48964126],[-117.49397307,50.48958892],[-117.49421941,50.4895138],[-117.49440284,50.48939132],[-117.494433,50.48934966],[-117.49452344,50.48922219],[-117.49464773,50.48905342],[-117.49483717,50.48892774],[-117.49507851,50.48883552],[-117.49533875,50.48875541],[-117.49558949,50.48867102],[-117.4958365,50.48858379],[-117.49608351,50.48849656],[-117.49633126,50.48841075],[-117.4965813,50.48832743],[-117.49683347,50.48824768],[-117.49709061,50.48817397],[-117.49735488,50.48810988],[-117.49762184,50.48804935],[-117.49788727,50.48798776],[-117.49814641,50.48791868],[-117.49839266,50.4878343],[-117.4986169,50.48772463],[-117.49883342,50.48760714],[-117.49905151,50.4874932],[-117.49926653,50.48737713],[-117.49948178,50.4872607],[-117.49970743,50.4871489],[-117.49993815,50.48703959],[-117.50015018,50.48692209],[-117.50032126,50.4867843],[-117.50044535,50.48661411],[-117.50048296,50.48648272],[-117.50049399,50.48644463],[-117.50045143,50.4862666],[-117.5003594,50.48613237],[-117.50033759,50.48609997],[-117.50020076,50.48593512],[-117.50007438,50.48577311],[-117.49993735,50.48561538],[-117.49983459,50.48548898],[-117.49980198,50.48544661],[-117.49970007,50.48528995],[-117.49960164,50.48512118],[-117.49950591,50.4849517],[-117.49940454,50.484784],[-117.49929179,50.48461915],[-117.4991663,50.4844575],[-117.49902803,50.48430084],[-117.49887697,50.48414916],[-117.49872218,50.4839989],[-117.49856366,50.48385007],[-117.49852898,50.48381833],[-117.4984022,50.48370231],[-117.49823733,50.48355633],[-117.49807009,50.48341142],[-117.49789818,50.48326935],[-117.49771754,50.4831312],[-117.49753294,50.48299483],[-117.49734946,50.48285847],[-117.49715688,50.48272317],[-117.49695101,50.48259107],[-117.49675662,50.48245684],[-117.49659997,50.48231371],[-117.49652026,50.48215313],[-117.49653874,50.48197083],[-117.49657425,50.4817839],[-117.496576,50.48160409],[-117.49657518,50.48142393],[-117.49657244,50.48124413],[-117.49656915,50.48106432],[-117.49656418,50.48088451],[-117.49655866,50.48070471],[-117.49655145,50.4805249],[-117.49654313,50.48034509],[-117.49653369,50.48016529],[-117.49652673,50.47998512],[-117.49652088,50.47980496],[-117.4965128,50.4796248],[-117.49649921,50.47944535],[-117.49647756,50.47926626],[-117.49644672,50.47908752],[-117.49640867,50.478907],[-117.49635872,50.47872755],[-117.49628951,50.47855273],[-117.49619421,50.47838609],[-117.49606589,50.47822801],[-117.49590827,50.47807704],[-117.4957304,50.47793391],[-117.495541,50.47779896],[-117.49534033,50.47767434],[-117.49511894,50.47756254],[-117.49488419,50.47746],[-117.49464673,50.47736244],[-117.49440151,50.47727414],[-117.49414843,50.47719439],[-117.49389433,50.47711534],[-117.49364425,50.47703274],[-117.49339408,50.47694942],[-117.49314157,50.47686967],[-117.49286869,50.47680985],[-117.49261166,50.47674718],[-117.4924842,50.47659123],[-117.49242552,50.47640894],[-117.4923984,50.47623055],[-117.49238532,50.47605039],[-117.49237169,50.47587023],[-117.49234336,50.47569113],[-117.49230394,50.47551275],[-117.49226564,50.47533437],[-117.4922418,50.47515527],[-117.49222784,50.47497476],[-117.49222988,50.47479459],[-117.49226049,50.47461692],[-117.4923323,50.4744421],[-117.49243236,50.47427369],[-117.49255151,50.47411026],[-117.49269019,50.47395289],[-117.49285238,50.47380655],[-117.49304242,50.47367232],[-117.49321532,50.47353096],[-117.4933601,50.47337537],[-117.49347483,50.47321016],[-117.49354413,50.47303748],[-117.49358248,50.47285909],[-117.4936145,50.47267929],[-117.49366446,50.47250197],[-117.49373791,50.47232893],[-117.49381174,50.47217405],[-117.49390867,50.4719857],[-117.49400207,50.4718155],[-117.49409868,50.47164638],[-117.49419255,50.47147547],[-117.4942818,50.47130136],[-117.49437716,50.47112904],[-117.49449031,50.47096454],[-117.49463084,50.47081286],[-117.49480364,50.47067507],[-117.49499944,50.47054653],[-117.49521271,50.47042548],[-117.49543639,50.47031154],[-117.49566575,50.47020259],[-117.49589496,50.47009898],[-117.4961396,50.47001103],[-117.49639559,50.46993305],[-117.49643352,50.46992131],[-117.49665158,50.46985508],[-117.49689678,50.46976713],[-117.49713083,50.46966637],[-117.49735334,50.46955422],[-117.49755575,50.46942924],[-117.49774186,50.46929501],[-117.49791983,50.46915615],[-117.49809375,50.46901408],[-117.49826557,50.46887095],[-117.49843828,50.46872817],[-117.49860925,50.46859145],[-117.49879226,50.46844832],[-117.49897135,50.46830946],[-117.49915043,50.4681706],[-117.49932919,50.46803138],[-117.49950706,50.46789181],[-117.49968349,50.46775188],[-117.49985983,50.46761124],[-117.50003649,50.46747095],[-117.50021194,50.46732996],[-117.50038506,50.46718825],[-117.50055455,50.4670444],[-117.50071874,50.46689842],[-117.50087575,50.46674888],[-117.50102671,50.46659578],[-117.50117325,50.46644089],[-117.50131825,50.46628494],[-117.50146358,50.46612935],[-117.50148976,50.46610238],[-117.50161254,50.46597589],[-117.50176601,50.46582492],[-117.50192652,50.46567859],[-117.50209749,50.46553759],[-117.50227991,50.465403],[-117.50247588,50.46527589],[-117.50268409,50.46515483],[-117.50290109,50.46503912],[-117.50312536,50.46492767],[-117.50335488,50.46482014],[-117.503587,50.46471546],[-117.50381875,50.46461221],[-117.50386985,50.46458978],[-117.504051,50.46451073],[-117.50428479,50.46441033],[-117.50452132,50.4643117],[-117.50476037,50.46421521],[-117.5050008,50.46412086],[-117.50524375,50.46402864],[-117.50548897,50.46393891],[-117.50573568,50.46385204],[-117.50598387,50.46376801],[-117.50623508,50.4636879],[-117.50650176,50.46362594],[-117.50677945,50.46357788],[-117.50705807,50.46353266],[-117.50732567,50.46347783],[-117.50757159,50.46340234],[-117.50778448,50.46328947],[-117.50796174,50.46314314],[-117.50810497,50.4629822],[-117.50821796,50.46281877],[-117.50831037,50.46264751],[-117.5083916,50.46247198],[-117.50846938,50.46229573],[-117.50855336,50.46212198],[-117.50865238,50.46195428],[-117.50877584,50.46179619],[-117.5089285,50.46164985],[-117.5091035,50.46151206],[-117.50929452,50.46138139],[-117.50949783,50.46125499],[-117.50970854,50.4611318],[-117.50992047,50.46100932],[-117.50999599,50.46096484],[-117.5101303,50.46088576],[-117.51028689,50.46074619],[-117.51060602,50.46101466],[-117.51083208,50.4611787],[-117.51098777,50.46129167],[-117.51104702,50.46132175],[-117.51147926,50.46154126],[-117.5118379,50.46173175],[-117.51213807,50.46198312],[-117.51244482,50.46227473],[-117.51292852,50.46266816],[-117.51324086,50.46290957],[-117.51365261,50.46319548],[-117.51400832,50.4635088],[-117.51429363,50.46383139],[-117.51452234,50.46412691],[-117.51464502,50.46433947],[-117.51479927,50.46468449],[-117.51506728,50.46513988],[-117.51562289,50.46556109],[-117.51640133,50.46588154],[-117.51663407,50.46659079],[-117.51677926,50.466965],[-117.51690421,50.46722528],[-117.5170089,50.46737161],[-117.51718685,50.46771556],[-117.51741123,50.4680442],[-117.51761394,50.46811541],[-117.51790122,50.46818306],[-117.51825285,50.4682856],[-117.51864072,50.46838067],[-117.51909448,50.46865732],[-117.51942131,50.46891688],[-117.51968672,50.46910132],[-117.51994624,50.46922914],[-117.52001709,50.46925584],[-117.52020097,50.4693089],[-117.52060648,50.46946912],[-117.52095027,50.46969521],[-117.52127867,50.46995157],[-117.52161529,50.47024994],[-117.52189132,50.47054262],[-117.52199725,50.47076978],[-117.52203236,50.47085772],[-117.52205034,50.47091042],[-117.52206811,50.47125223],[-117.52206957,50.47138717],[-117.52215021,50.47156138],[-117.52217852,50.47162252],[-117.52233763,50.47183259],[-117.52237974,50.47187003],[-117.52261281,50.4720772],[-117.52295412,50.47238127],[-117.52339078,50.47237059],[-117.52350197,50.47275762],[-117.5237028,50.47310441],[-117.52403354,50.47339566],[-117.52444784,50.47365167],[-117.52495383,50.47392227],[-117.52531315,50.47417257],[-117.52554278,50.47440051],[-117.52557464,50.47443213],[-117.52579893,50.47472196],[-117.52602834,50.47509261],[-117.52620132,50.47543335],[-117.52633238,50.47582857],[-117.52675959,50.47579653],[-117.52707867,50.47575024],[-117.5272998,50.4757773],[-117.52750222,50.47584139],[-117.52769569,50.47590548],[-117.52788382,50.47595639],[-117.52813065,50.47614118],[-117.52835637,50.47632491],[-117.5286137,50.47651077],[-117.52894038,50.47674612],[-117.52940452,50.47705588],[-117.52985957,50.47743152],[-117.53066398,50.47755364],[-117.53138941,50.47770319],[-117.53203475,50.47788014],[-117.53245639,50.47802114],[-117.53283161,50.47812546],[-117.53296869,50.47816836],[-117.53312405,50.47821697],[-117.53337877,50.47833269],[-117.53374338,50.47853888],[-117.53380438,50.47857338],[-117.53389405,50.47861094],[-117.53431434,50.47878701],[-117.53471083,50.47895613],[-117.53496603,50.47910781],[-117.53515006,50.47921164],[-117.53538253,50.47934281],[-117.53577525,50.47961661],[-117.53620159,50.47992958],[-117.5365989,50.48016742],[-117.53706611,50.4803661],[-117.5378019,50.48060572],[-117.53826877,50.48075633],[-117.53874941,50.48086208],[-117.53941331,50.48099382],[-117.53966775,50.48104175],[-117.54014287,50.48113126],[-117.54077451,50.48130537],[-117.54130791,50.48151579],[-117.54174627,50.4816664],[-117.54217176,50.48186223],[-117.54261519,50.48202815],[-117.54299287,50.48220048],[-117.54307076,50.4822458],[-117.543376,50.48242337],[-117.54392882,50.48269041],[-117.54429679,50.48284173],[-117.54489246,50.48311767],[-117.54544419,50.48333095],[-117.5457277,50.48342851],[-117.54639151,50.48357841],[-117.54693333,50.4836959],[-117.5474229,50.48379239],[-117.54787036,50.48385328],[-117.54828443,50.48391131],[-117.54865597,50.48396935],[-117.54901932,50.48406976],[-117.54951409,50.48419331],[-117.54999273,50.48418191],[-117.54992693,50.48454409],[-117.54989129,50.4847402],[-117.54978941,50.48524117],[-117.54968627,50.48568517],[-117.54958618,50.48596752],[-117.5494396,50.48630114],[-117.54918505,50.48665007],[-117.54884158,50.4869844],[-117.54849235,50.48729167],[-117.54829828,50.48753557],[-117.54807511,50.48777947],[-117.54794053,50.48793008],[-117.54781101,50.48810454],[-117.54765508,50.48842],[-117.54752718,50.48872941],[-117.54751638,50.48904203],[-117.54753589,50.4893639],[-117.54758506,50.48969432],[-117.54745413,50.49001263],[-117.54728107,50.49035337],[-117.54706635,50.49071583],[-117.54697127,50.491058],[-117.5468635,50.49147244],[-117.54686846,50.49189508],[-117.54688383,50.49203892],[-117.54695812,50.49237717],[-117.54711286,50.49271222],[-117.54734695,50.49304406],[-117.547576,50.49338444],[-117.54786232,50.49375189],[-117.54822882,50.49413108],[-117.54850533,50.49446827],[-117.54877761,50.49487167],[-117.54897496,50.49526048],[-117.54916659,50.49556242],[-117.54938072,50.49582233],[-117.54955295,50.49604629],[-117.54973405,50.49614741],[-117.54987975,50.49626669],[-117.55004661,50.49651165],[-117.55020134,50.4968588],[-117.55023812,50.49719207],[-117.55022438,50.49732077],[-117.55020425,50.49750931],[-117.55076033,50.4976293],[-117.55097148,50.49767271],[-117.5512314,50.49772614],[-117.55162541,50.49782014],[-117.55200938,50.49795936],[-117.5524246,50.49811923],[-117.55286389,50.49827909],[-117.55327472,50.49845676],[-117.55367106,50.49858993],[-117.554054,50.49877686],[-117.55447949,50.49896378],[-117.55501808,50.49921302],[-117.55542953,50.49943591],[-117.55578436,50.49964099],[-117.55618631,50.49983398],[-117.55657819,50.49999705],[-117.55683318,50.50011276],[-117.55711681,50.50024628],[-117.55740012,50.5003709],[-117.55772722,50.50056709],[-117.55798272,50.50071876],[-117.55824761,50.50086724],[-117.55850815,50.50104883],[-117.55874556,50.50122472],[-117.55903443,50.5014152],[-117.55927646,50.50160284],[-117.55953702,50.50178443],[-117.55974286,50.50197349],[-117.55991749,50.50215722],[-117.56015324,50.50234592],[-117.56023355,50.50240363],[-117.56036334,50.50249689],[-117.56054778,50.50261012],[-117.5606525,50.50273224],[-117.56083872,50.50282054],[-117.56112477,50.5028889],[-117.56160382,50.50286861],[-117.5617447,50.50285009],[-117.5622231,50.50276072],[-117.56267327,50.50270162],[-117.56298358,50.50267314],[-117.56357094,50.50265925],[-117.5640693,50.502671],[-117.56447865,50.50274684],[-117.56502184,50.50293626],[-117.56555501,50.50309826],[-117.56568268,50.50312167],[-117.56609677,50.5031976],[-117.56650193,50.50330976],[-117.56682242,50.50335889],[-117.56712369,50.50342369],[-117.56746313,50.50348494],[-117.56779748,50.50355223],[-117.568057,50.50360386],[-117.56833034,50.50367542],[-117.56862761,50.50376088],[-117.56889782,50.50384063],[-117.5691322,50.50392039],[-117.56942067,50.50406886],[-117.56970033,50.50425045],[-117.56999865,50.50443773],[-117.57018706,50.50457659],[-117.57022158,50.5046053],[-117.57039255,50.5047475],[-117.57059769,50.50499246],[-117.57073721,50.50477383],[-117.57076856,50.50472471],[-117.57095129,50.50453885],[-117.5712166,50.50435086],[-117.57156528,50.50416037],[-117.57196779,50.50399623],[-117.57225909,50.50385295],[-117.57247235,50.50374806],[-117.57280843,50.50357252],[-117.57306923,50.50346749],[-117.57342202,50.5033596],[-117.5738766,50.50327664],[-117.57429967,50.50325635],[-117.57446886,50.50324674],[-117.57476471,50.50323606],[-117.57525798,50.50320686],[-117.57553528,50.50323819],[-117.57588838,50.50326062],[-117.57631607,50.50327344],[-117.57649959,50.50327273],[-117.57733093,50.50323249],[-117.57769846,50.50328163],[-117.57806067,50.50334572],[-117.57835276,50.50340233],[-117.57857917,50.50343616],[-117.57882872,50.50347995],[-117.57916789,50.50355615],[-117.57942278,50.5036448],[-117.57977685,50.50375981],[-117.58006039,50.50386627],[-117.5808837,50.50391611],[-117.58161779,50.50401759],[-117.58230219,50.50408809],[-117.5830242,50.50407634],[-117.58332005,50.50405711],[-117.58367182,50.50400121],[-117.58385524,50.50399124],[-117.58400993,50.50397558],[-117.58416014,50.50395991],[-117.58430587,50.50394424],[-117.58447229,50.50392342],[-117.58468147,50.50389724],[-117.58496761,50.50385096],[-117.58522556,50.50380752],[-117.58558281,50.50379969],[-117.58597795,50.50382461],[-117.58660416,50.50395065],[-117.58666335,50.50417497],[-117.58670915,50.50441459],[-117.58676373,50.50465706],[-117.58682797,50.50490274],[-117.58681292,50.50509678],[-117.58677613,50.50529582],[-117.58669609,50.50554897],[-117.58671457,50.50587654],[-117.58683047,50.50627852],[-117.58692282,50.50639317],[-117.5869714,50.50648574],[-117.58697541,50.5065566],[-117.58697938,50.50663778],[-117.58699624,50.5067275],[-117.58706345,50.50685319],[-117.58727818,50.50711275],[-117.58734968,50.50721138],[-117.58753673,50.50750726],[-117.58769558,50.50777608],[-117.58782545,50.50801819],[-117.58802641,50.50829627],[-117.58822795,50.50841092],[-117.58854695,50.50856936],[-117.58906147,50.50875843],[-117.58945835,50.50891936],[-117.58982754,50.50909952],[-117.59009818,50.50931992],[-117.59025511,50.50947196],[-117.5904545,50.50961473],[-117.59063932,50.50974896],[-117.5907689,50.50998218],[-117.59100263,50.51023248],[-117.59121271,50.5104924],[-117.59148548,50.51086875],[-117.59154256,50.51094922],[-117.59174512,50.51132592],[-117.59184661,50.51154133],[-117.59223206,50.51194403],[-117.59230402,50.51206081],[-117.59240476,50.5122132],[-117.59257715,50.51248202],[-117.59263535,50.51259845],[-117.59268866,50.51271808],[-117.59272286,50.51281386],[-117.59275194,50.51292175],[-117.59276825,50.51308339],[-117.59276989,50.51319128],[-117.59281672,50.51344408],[-117.59283698,50.51368868],[-117.59283908,50.51385123],[-117.59284063,50.51397068],[-117.5928538,50.51429718],[-117.59285677,50.51450404],[-117.59277593,50.51480135],[-117.59332674,50.51489748],[-117.59371839,50.51500323],[-117.59402005,50.51516951],[-117.59432055,50.5153778],[-117.59458922,50.51545755],[-117.59488725,50.51557291],[-117.59517004,50.51563451],[-117.59553282,50.5156954],[-117.59558509,50.51570649],[-117.59594733,50.51578334],[-117.59610301,50.51580043],[-117.59646119,50.51587947],[-117.5968716,50.51597027],[-117.59733369,50.51607281],[-117.59730668,50.51619885],[-117.59728964,50.51630709],[-117.59728145,50.51644204],[-117.59726901,50.51653212],[-117.59725212,50.51668807],[-117.59725834,50.51681981],[-117.59730257,50.51696365],[-117.59735714,50.51720897],[-117.59737837,50.51739483],[-117.59738194,50.51767362],[-117.59739217,50.51775729],[-117.59741207,50.51784417],[-117.59750099,50.51815856],[-117.59763103,50.51840068],[-117.5977467,50.51863995],[-117.59789078,50.51887601],[-117.59797737,50.5190373],[-117.59809319,50.51924381],[-117.59812142,50.51927942],[-117.5982316,50.51942006],[-117.59837917,50.51956604],[-117.59841007,50.51959616],[-117.59850776,50.51969137],[-117.59866481,50.5198434],[-117.59884987,50.51999544],[-117.59920542,50.52020017],[-117.5994904,50.52042377],[-117.59973226,50.52057545],[-117.60003087,50.52076878],[-117.60035725,50.52094966],[-117.60053741,50.52103298],[-117.60074081,50.52114584],[-117.60093989,50.52127046],[-117.60109594,50.52135983],[-117.6014653,50.5215375],[-117.60186172,50.52167636],[-117.60228678,50.52180312],[-117.60261288,50.52191848],[-117.60290212,50.52205049],[-117.60302866,50.52210825],[-117.60347878,50.52234574],[-117.60377642,50.52248496],[-117.6040795,50.52261242],[-117.60433138,50.52273597],[-117.60455723,50.52286166],[-117.60471802,50.52304252],[-117.60477215,50.52310342],[-117.60481993,50.52315113],[-117.60492895,50.5232405],[-117.60509979,50.52337153],[-117.60518562,50.52343384],[-117.60544303,50.5237023],[-117.60559219,50.52398643],[-117.60568998,50.5242407],[-117.60570379,50.52427661],[-117.60579114,50.52448312],[-117.60602866,50.52465866],[-117.60614707,50.52482707],[-117.6062356,50.5250172],[-117.60630409,50.52522086],[-117.60640977,50.52538821],[-117.60655336,50.52559436],[-117.60663996,50.52576776],[-117.60669859,50.5259351],[-117.60668597,50.52603409],[-117.60668644,50.52608821],[-117.60669128,50.52621104],[-117.60671344,50.52633994],[-117.60679083,50.52652829],[-117.60685329,50.52663582],[-117.60694936,50.5267793],[-117.60704184,50.52689573],[-117.60720851,50.52704777],[-117.60744879,50.52723541],[-117.60758722,50.52736038],[-117.60764287,50.52744405],[-117.60767861,50.52751277],[-117.60772687,50.5276146],[-117.60781467,50.52774421],[-117.60791869,50.52791155],[-117.60803893,50.52811664],[-117.60808071,50.52831923],[-117.60807555,50.52853108],[-117.60802345,50.52875219],[-117.60799088,50.52900428],[-117.60798239,50.52922894],[-117.60809906,50.52948922],[-117.60820049,50.52973169],[-117.60828801,50.529956],[-117.60839035,50.53020738],[-117.60849106,50.53036867],[-117.60856436,50.53056592],[-117.60863814,50.53081729],[-117.60865379,50.53094334],[-117.60868463,50.53114985],[-117.608715,50.53132965],[-117.60874465,50.53142828],[-117.60879007,50.53166221],[-117.60879024,50.53191394],[-117.60877223,50.53210264],[-117.60871284,50.5322561],[-117.60867264,50.53243591],[-117.6086368,50.53265217],[-117.60863381,50.53267019],[-117.60861618,50.53276917],[-117.60860918,50.53295218],[-117.60861248,50.53321887],[-117.60865697,50.53338051],[-117.60870042,50.53348804],[-117.60876288,50.53360162],[-117.6088868,50.53373087],[-117.60905351,50.53387009],[-117.60931484,50.53405737],[-117.60957147,50.53426815],[-117.60977135,50.53446291],[-117.60988273,50.53470823],[-117.60995373,50.53488163],[-117.61003251,50.53502512],[-117.61019036,50.53520706],[-117.61032386,50.5353534],[-117.61044846,50.53552965],[-117.6105767,50.53574577],[-117.61073904,50.53592771],[-117.61093492,50.53607547],[-117.61116263,50.53621825],[-117.61129091,50.53632542],[-117.61133085,50.53650523],[-117.61135185,50.53666688],[-117.61135426,50.53684668],[-117.61135523,50.53692751],[-117.61141034,50.53718529],[-117.61159065,50.53739892],[-117.61180686,50.53763392],[-117.61199352,50.53790558],[-117.61204954,50.53821001],[-117.61240263,50.5384799],[-117.61276992,50.53876581],[-117.61308739,50.53901672],[-117.61315195,50.53906774],[-117.6133752,50.53950301],[-117.61337839,50.53950924],[-117.61353511,50.5399949],[-117.61368634,50.54038691],[-117.6137729,50.54052114],[-117.6140019,50.54077181],[-117.61428922,50.54115705],[-117.61445919,50.5413345],[-117.61460368,50.54148533],[-117.61483799,50.54177765],[-117.61499223,50.54203472],[-117.61513617,50.54225868],[-117.61527903,50.54241997],[-117.61543759,50.54267989],[-117.615624,50.54289459],[-117.61575428,50.5431189],[-117.61578269,50.54316377],[-117.61602705,50.54346819],[-117.61630985,50.54375837],[-117.61633369,50.54377885],[-117.61663143,50.54403467],[-117.61694503,50.54427857],[-117.6172252,50.544463],[-117.61755205,50.54461112],[-117.61760822,50.54462892],[-117.61804845,50.54479733],[-117.61838879,50.5449394],[-117.61851687,50.54501096],[-117.61897071,50.5450633],[-117.61946334,50.5450957],[-117.61964691,50.54508574],[-117.62006948,50.54503838],[-117.62066615,50.54495435],[-117.62128368,50.54491732],[-117.6217897,50.54490949],[-117.62217105,50.54493726],[-117.6225387,50.54497144],[-117.62303323,50.54501381],[-117.62326346,50.54501258],[-117.62349879,50.54501132],[-117.6239651,50.54506259],[-117.62438989,50.54515944],[-117.62483402,50.54529189],[-117.62518412,50.54542505],[-117.62532577,50.54548701],[-117.62544819,50.54555609],[-117.62561035,50.54564759],[-117.62579582,50.54578146],[-117.62606117,50.54594489],[-117.62633629,50.54609336],[-117.62662029,50.54622653],[-117.62671954,50.54627103],[-117.62707393,50.5464131],[-117.62744298,50.546537],[-117.62786782,50.5466424],[-117.62814608,50.54669509],[-117.62850452,50.54676488],[-117.62894323,50.54685247],[-117.62925395,50.54687775],[-117.62953651,50.54688522],[-117.62979359,50.54689484],[-117.6300401,50.54691549],[-117.63028395,50.54698314],[-117.63062423,50.54707215],[-117.63106017,50.54718288],[-117.63177208,50.54729575],[-117.63206898,50.54736625],[-117.63230998,50.54744601],[-117.63286284,50.54761371],[-117.63328284,50.54771625],[-117.63357055,50.54775364],[-117.63401002,50.54788644],[-117.63421683,50.54787006],[-117.63447999,50.54786864],[-117.63475007,50.54788324],[-117.63486804,50.54789886],[-117.63500279,50.54791671],[-117.63523438,50.54795765],[-117.63545155,50.5480164],[-117.63567778,50.54805699],[-117.63593255,50.54798685],[-117.63618119,50.54795445],[-117.6364124,50.54797795],[-117.63662338,50.54804275],[-117.63700214,50.54823858],[-117.63734727,50.54837174],[-117.63770173,50.54845969],[-117.63779799,50.54848667],[-117.63793289,50.54852449],[-117.63818343,50.54861884],[-117.638397,50.54841091],[-117.63855928,50.54823003],[-117.63879583,50.54796798],[-117.63900534,50.54780491],[-117.63929427,50.54758451],[-117.63956397,50.54735236],[-117.63968918,50.54724377],[-117.64002536,50.54703512],[-117.64021961,50.54689199],[-117.64037279,50.54674138],[-117.64048514,50.54658294],[-117.64055306,50.54640242],[-117.64067778,50.546213],[-117.64084334,50.5459335],[-117.64095373,50.54574372],[-117.6411617,50.54546707],[-117.64138401,50.54521997],[-117.64172757,50.54487032],[-117.64203671,50.54466274],[-117.64235701,50.54448614],[-117.64268407,50.54432236],[-117.64341371,50.54398553],[-117.64372446,50.54376086],[-117.64401422,50.54352373],[-117.6442375,50.5433215],[-117.64451666,50.54311605],[-117.64475362,50.54289886],[-117.64499562,50.54268167],[-117.64520416,50.54246768],[-117.64539427,50.54227506],[-117.64557387,50.5420041],[-117.64571721,50.54178442],[-117.64582262,50.54161601],[-117.64600263,50.54132725],[-117.64606581,50.54115314],[-117.64607588,50.54098401],[-117.64606535,50.54075115],[-117.64599076,50.54047308],[-117.64590247,50.54023061],[-117.64577292,50.54003335],[-117.64561408,50.53975563],[-117.64562656,50.53965665],[-117.64559344,50.53929704],[-117.6455332,50.53900044],[-117.64547341,50.53877613],[-117.6454003,50.53857567],[-117.64532779,50.53841723],[-117.6449669,50.53785253],[-117.64489561,50.53777206],[-117.64480698,50.53769195],[-117.64463839,50.53753956],[-117.64438055,50.5372711],[-117.644337,50.53716357],[-117.64423145,50.53668753],[-117.64415601,50.53631901],[-117.64422486,50.53618692],[-117.64430753,50.53605767],[-117.64439108,50.53595798],[-117.6446132,50.53570518],[-117.64470747,50.53559248],[-117.64481213,50.53546734],[-117.64511157,50.53521881],[-117.64543597,50.53498097],[-117.64574382,50.53479938],[-117.64591287,50.53466052],[-117.64605533,50.53452807],[-117.64617553,50.53436536],[-117.64626061,50.53427705],[-117.64637486,50.53417238],[-117.6465522,50.53405773],[-117.64682278,50.5339032],[-117.64705568,50.53373087],[-117.64715348,50.53364969],[-117.64729327,50.53354964],[-117.64741439,50.53347736],[-117.64752971,50.53342253],[-117.64761559,50.53338621],[-117.64769947,50.53334954],[-117.64783985,50.5332769],[-117.6480065,50.5332121],[-117.64819999,50.53314908],[-117.64845291,50.53306968],[-117.64877797,50.53288916],[-117.64915706,50.53263102],[-117.64940232,50.53277879],[-117.64963382,50.5328824],[-117.64985269,50.53294186],[-117.65011217,50.53300346],[-117.65040458,50.53305579],[-117.65047531,50.5330736],[-117.65065959,50.53311739],[-117.65088623,50.53317009],[-117.65111205,50.53319572],[-117.65122523,50.53320427],[-117.65146561,50.5332299],[-117.65164649,50.5332575],[-117.65171065,50.53326729],[-117.65187571,50.53329933],[-117.65200784,50.53334064],[-117.65216365,50.53339974],[-117.65234369,50.53347665],[-117.65241456,50.53351225],[-117.65247079,50.53354786],[-117.65266309,50.53366963],[-117.65284644,50.53380671],[-117.65301417,50.53399435],[-117.65308105,50.53409618],[-117.65323201,50.53423397],[-117.65348568,50.53445045],[-117.6536001,50.53453092],[-117.65440835,50.53450528],[-117.6550839,50.53446825],[-117.65548659,50.53444618],[-117.65662167,50.53433687],[-117.65781772,50.53433331],[-117.6582614,50.53435197],[-117.65901174,50.53438351],[-117.66023184,50.53451739],[-117.66142502,50.53440488],[-117.66262015,50.53420691],[-117.66381711,50.53392456],[-117.66495836,50.53382807],[-117.6657484,50.53382344],[-117.6661772,50.53376291],[-117.6665086,50.53368423],[-117.66672834,50.53357492],[-117.66688502,50.53348413],[-117.66710954,50.53339582],[-117.66743489,50.53332212],[-117.66783362,50.53326302],[-117.66824114,50.53315264],[-117.66855037,50.53303408],[-117.6688729,50.53291231],[-117.66926549,50.53284715],[-117.66965266,50.53282294],[-117.67003385,50.53283967],[-117.67033978,50.5328799],[-117.67079017,50.53280513],[-117.67115182,50.53277024],[-117.67155169,50.5327738],[-117.67197366,50.53278555],[-117.67207538,50.5327965],[-117.67231753,50.53282258],[-117.67252542,50.53287314],[-117.67266857,50.53292334],[-117.67276836,50.5329739],[-117.67289613,50.53304511],[-117.67303834,50.53310707],[-117.67332189,50.53319537],[-117.67391391,50.53329684],[-117.67463816,50.53347558],[-117.67541874,50.53381276],[-117.67515855,50.53402711],[-117.67503023,50.53417665],[-117.67495977,50.53426495],[-117.67475898,50.53470004],[-117.67469979,50.53505716],[-117.67471567,50.53511098],[-117.67478218,50.53533631],[-117.67490175,50.53544136],[-117.67500264,50.53553],[-117.67526253,50.53572939],[-117.67569035,50.53602349],[-117.67586272,50.53623855],[-117.67590541,50.53628305],[-117.67610703,50.53654262],[-117.67603916,50.53674984],[-117.67599828,50.53685808],[-117.67597838,50.53699516],[-117.67598976,50.5371358],[-117.67603253,50.53728071],[-117.67612406,50.5374299],[-117.67623493,50.53760614],[-117.67636512,50.53780945],[-117.67649539,50.53806937],[-117.67659873,50.53823303],[-117.67661612,50.53826057],[-117.67671185,50.53838269],[-117.67688426,50.53859775],[-117.67727474,50.53882634],[-117.67765784,50.53896484],[-117.67803332,50.53901362],[-117.67842884,50.53903854],[-117.67897964,50.5390891],[-117.67919199,50.5391329],[-117.67951304,50.53920589],[-117.67982949,50.53930914],[-117.680042,50.53937074],[-117.68031133,50.53943198],[-117.68054724,50.53946972],[-117.68077349,50.53949821],[-117.68102742,50.53951174],[-117.68138523,50.53952491],[-117.68172417,50.53954983],[-117.68219084,50.53961001],[-117.68231772,50.5396182],[-117.68265751,50.53967018],[-117.68312346,50.53971255],[-117.68344351,50.53970543],[-117.68375838,50.53968478],[-117.68406686,50.53964383],[-117.68435443,50.53959114],[-117.68464449,50.53949678],[-117.6850332,50.5393654],[-117.68543134,50.53925823],[-117.68570812,50.53918168],[-117.68597984,50.53911118],[-117.68624672,50.53904638],[-117.68669246,50.53895985],[-117.68707773,50.5389068],[-117.68752909,50.53889505],[-117.68781825,50.53890507],[-117.68797121,50.53891036],[-117.68870106,50.53895095],[-117.68912594,50.53905634],[-117.68936667,50.53910904],[-117.68962394,50.53935044],[-117.68978103,50.53946616],[-117.69000448,50.53962104],[-117.69020908,50.53978768],[-117.69043864,50.54005614],[-117.69051058,50.54013661],[-117.69071214,50.54040507],[-117.69078497,50.54056672],[-117.69087781,50.54078761],[-117.69090184,50.5408448],[-117.6909469,50.54100609],[-117.69107742,50.54127526],[-117.69122237,50.54153518],[-117.69133843,50.54175949],[-117.69149763,50.54201906],[-117.69173193,50.54227257],[-117.69201319,50.54251076],[-117.6922128,50.54267134],[-117.69241272,50.54283833],[-117.69256096,50.54299606],[-117.69263022,50.54312282],[-117.69267254,50.54322643],[-117.69269287,50.54333111],[-117.69277181,50.54345074],[-117.69288981,50.54358782],[-117.69310663,50.54375125],[-117.69331244,50.54388513],[-117.69342097,50.54394457],[-117.69367129,50.54408167],[-117.6941114,50.54433411],[-117.69463154,50.54464174],[-117.69537909,50.544928],[-117.69676889,50.5453663],[-117.69777515,50.54564509],[-117.69839784,50.54576437],[-117.69872976,50.5459602],[-117.69910084,50.54610191],[-117.69950667,50.54620232],[-117.70003666,50.54630308],[-117.70067025,50.546422],[-117.70165806,50.54670684],[-117.70203198,50.54705933],[-117.70239604,50.54730394],[-117.70275079,50.54744067],[-117.70305337,50.54754392],[-117.70335149,50.54764112],[-117.70359301,50.54773833],[-117.70365545,50.54776042],[-117.70387672,50.54783873],[-117.7040758,50.54792454],[-117.70448504,50.54814885],[-117.70488312,50.54842301],[-117.70527734,50.54869967],[-117.70585393,50.54906889],[-117.7065341,50.5493694],[-117.70756459,50.549687],[-117.70865077,50.54993802],[-117.70862539,50.55011818],[-117.70864376,50.55040587],[-117.70861856,50.55060383],[-117.70851302,50.5510991],[-117.70887368,50.55100475],[-117.70912802,50.55089295],[-117.7093921,50.55081782],[-117.70966342,50.55077118],[-117.70993949,50.55073273],[-117.7102175,50.55069819],[-117.71049593,50.55066472],[-117.71077285,50.5506284],[-117.71104893,50.55058995],[-117.71132467,50.55055114],[-117.71160117,50.55051375],[-117.71187848,50.55048028],[-117.71215646,50.5504518],[-117.71243766,50.55043044],[-117.71272081,50.55041726],[-117.71300393,50.55041619],[-117.71328288,50.55043186],[-117.71355683,50.55047672],[-117.71383045,50.55052728],[-117.71410801,50.55055541],[-117.71438879,50.55056396],[-117.71467108,50.55056503],[-117.71495427,50.5505604],[-117.71523731,50.55055256],[-117.71551959,50.55054331],[-117.71580215,50.55053191],[-117.71608448,50.55051482],[-117.71636374,50.55048954],[-117.71663794,50.55044966],[-117.71690327,50.55038379],[-117.71716695,50.55031614],[-117.71743834,50.55027627],[-117.71771867,50.55026914],[-117.71800255,50.55027983],[-117.71828598,50.55029549],[-117.71856764,50.55031045],[-117.71884922,50.55032896],[-117.71912933,50.55035317],[-117.71940636,50.55038557],[-117.71968308,50.55043222],[-117.71996014,50.55048954],[-117.72023634,50.55055078],[-117.72051125,50.55060882],[-117.72078439,50.55065582],[-117.72105342,50.55068501],[-117.72131895,50.55068858],[-117.72157681,50.55064193],[-117.72182684,50.55055221],[-117.72207036,50.55044147],[-117.72230847,50.55033217],[-117.72253655,50.55022535],[-117.72275168,50.55010572],[-117.72296616,50.54998537],[-117.72319012,50.54987713],[-117.72343433,50.54979204],[-117.72369097,50.54971798],[-117.72395412,50.54964855],[-117.7242223,50.54958517],[-117.72449448,50.54952856],[-117.72476862,50.54948013],[-117.72504402,50.54944097],[-117.72531886,50.54941213],[-117.72559881,50.5493961],[-117.72583349,50.54939348],[-117.725885,50.5493929],[-117.72617269,50.54940287],[-117.72645798,50.54942601],[-117.72673605,50.54946197],[-117.72700331,50.54951111],[-117.72711104,50.54953645],[-117.72726672,50.54957306],[-117.72752762,50.54964748],[-117.72778255,50.54973364],[-117.72802662,50.54983049],[-117.72825715,50.54993695],[-117.72846957,50.55005231],[-117.72866495,50.55017835],[-117.72884656,50.55031436],[-117.72901872,50.55045714],[-117.72918587,50.55060419],[-117.72935098,50.55075266],[-117.72951846,50.55090007],[-117.72969288,50.55104285],[-117.7298773,50.55117886],[-117.73007388,50.55130739],[-117.73027636,50.55143201],[-117.73048486,50.55155343],[-117.730698,50.55167199],[-117.73091367,50.55178842],[-117.73113194,50.55190343],[-117.7313517,50.55201701],[-117.73157113,50.55213023],[-117.73179522,50.55224061],[-117.73203011,50.55234386],[-117.73226988,50.55244391],[-117.73250695,50.55254468],[-117.73273564,50.55264971],[-117.73294891,50.55276294],[-117.73313249,50.55289254],[-117.73325375,50.55305419],[-117.73335076,50.55322901],[-117.73346556,50.55339457],[-117.73358613,50.55355729],[-117.73370671,50.55372],[-117.73382808,50.55388236],[-117.73406632,50.55420281],[-117.73432121,50.55428826],[-117.73457466,50.55438369],[-117.73482915,50.55447234],[-117.73508729,50.55453643],[-117.73535198,50.55456029],[-117.73562185,50.55453999],[-117.73589511,50.55449121],[-117.73617133,50.55442926],[-117.73644882,50.55437051],[-117.73672684,50.55432992],[-117.73700578,50.55432067],[-117.73728628,50.5543228],[-117.737569,50.55433099],[-117.73785227,50.55434523],[-117.73813566,50.55436446],[-117.73841871,50.55438938],[-117.73869941,50.55441965],[-117.73897766,50.55445454],[-117.73925211,50.55449442],[-117.73952183,50.55454071],[-117.73978659,50.55459981],[-117.74004687,50.55466924],[-117.74030373,50.5547465],[-117.74055816,50.5548284],[-117.74081063,50.55491242],[-117.74106188,50.55499574],[-117.74130798,50.5550844],[-117.74154602,50.55518374],[-117.74178221,50.55528592],[-117.74202085,50.55538348],[-117.74226782,50.55546822],[-117.74252706,50.55553409],[-117.74279371,50.55558857],[-117.74306453,50.55563663],[-117.74333836,50.55568007],[-117.74361417,50.55571959],[-117.74389171,50.55575734],[-117.74416947,50.55579472],[-117.74444677,50.55583282],[-117.74472302,50.55587341],[-117.74499727,50.55591792],[-117.74526816,50.55596848],[-117.74553497,50.55602616],[-117.74580046,50.55608846],[-117.74606423,50.55615255],[-117.74632949,50.55621522],[-117.74659641,50.55627361],[-117.74686766,50.55632275],[-117.74714534,50.55635942],[-117.7474243,50.55639325],[-117.74769873,50.5564349],[-117.74796374,50.55649365],[-117.74822326,50.55656344],[-117.74848006,50.55663999],[-117.7487319,50.55672331],[-117.74897869,50.55681268],[-117.74921809,50.55690739],[-117.74944262,50.55701634],[-117.74965147,50.55714167],[-117.74985781,50.55726913],[-117.75007338,50.55738414],[-117.75031134,50.55747244],[-117.75057177,50.55753653],[-117.75084699,50.55758388],[-117.75112933,50.55761771],[-117.75141274,50.55764299],[-117.7516953,50.55766613],[-117.75198787,50.55769284],[-117.75228237,50.55771313],[-117.75256938,50.55771562],[-117.75284071,50.55768963],[-117.75308847,50.55762661],[-117.75333004,50.55754294],[-117.75356708,50.55744467],[-117.75379797,50.55733429],[-117.75402077,50.55721395],[-117.75423419,50.55708648],[-117.75443571,50.55695403],[-117.75462395,50.55681873],[-117.75479298,50.55668022],[-117.75492825,50.55652641],[-117.75503597,50.55635978],[-117.75512894,50.55618567],[-117.75521779,50.55601013],[-117.75531452,50.55583887],[-117.75541644,50.55567082],[-117.75551313,50.55550133],[-117.75560781,50.5553315],[-117.75570361,50.55516166],[-117.75580531,50.55499396],[-117.7559158,50.55482911],[-117.75604122,50.55466888],[-117.75619115,50.55451578],[-117.75635746,50.55436766],[-117.75652532,50.55422061],[-117.75668157,50.55407072],[-117.7568122,50.5539137],[-117.75690624,50.55374742],[-117.75697087,50.55357295],[-117.75700047,50.5534582],[-117.75701697,50.55339422],[-117.7570555,50.55321334],[-117.75709848,50.55303425],[-117.75714848,50.55285729],[-117.75719614,50.55267962],[-117.75723786,50.55250159],[-117.75726805,50.55232321],[-117.75727824,50.55214198],[-117.75727076,50.55195861],[-117.75725815,50.55177453],[-117.75725278,50.55159224],[-117.75726706,50.55141421],[-117.75731448,50.55124295],[-117.75740718,50.55107703],[-117.75754507,50.55091574],[-117.75771748,50.55076513],[-117.75791502,50.55063018],[-117.75812893,50.5505166],[-117.75836067,50.55041869],[-117.758607,50.5503311],[-117.75886205,50.55024992],[-117.75912141,50.55017159],[-117.75937879,50.55009112],[-117.75962933,50.55000567],[-117.75986707,50.5499106],[-117.76008163,50.54979773],[-117.76026298,50.54965923],[-117.76043109,50.54951004],[-117.76060705,50.54936691],[-117.76081124,50.54924585],[-117.76104502,50.54914651],[-117.76129493,50.54905857],[-117.76155268,50.54897668],[-117.76181174,50.54889621],[-117.76206471,50.54881218],[-117.76230329,50.54871925],[-117.76252007,50.54861243],[-117.76269093,50.54847713],[-117.76281441,50.54831299],[-117.7629235,50.54813995],[-117.76305287,50.54797795],[-117.76323747,50.54784479],[-117.76347304,50.54774011],[-117.76371534,50.54764575],[-117.76395949,50.54754855],[-117.76420825,50.54745633],[-117.76446321,50.54737871],[-117.76472597,50.5473253],[-117.76499931,50.54730216],[-117.76528027,50.5473018],[-117.76556591,50.5473132],[-117.7658532,50.54732637],[-117.7661382,50.547331],[-117.76641898,50.54731712],[-117.76670011,50.54729148],[-117.76698218,50.54725837],[-117.76726074,50.547216],[-117.76753068,50.54716188],[-117.76778812,50.54709423],[-117.76802826,50.54700664],[-117.76825155,50.5468984],[-117.76846492,50.54677698],[-117.76867378,50.5466513],[-117.76888458,50.54652953],[-117.7690854,50.54638604],[-117.76928324,50.5462454],[-117.76951139,50.54618487],[-117.76978034,50.5462073],[-117.77006281,50.54627531],[-117.77032607,50.54636254],[-117.77055295,50.54646437],[-117.77076011,50.54658792],[-117.77096394,50.54671574],[-117.7711793,50.5468336],[-117.77139746,50.54695145],[-117.7716241,50.54705969],[-117.77187156,50.54714194],[-117.77213226,50.54720638],[-117.77239997,50.54726264],[-117.7726725,50.5473132],[-117.77294678,50.5473602],[-117.77322142,50.54740577],[-117.77349495,50.54745135],[-117.77377208,50.54749051],[-117.77405189,50.54752469],[-117.77433138,50.54755852],[-117.77460845,50.54759519],[-117.77488043,50.5476397],[-117.77514445,50.5476956],[-117.77541695,50.54777037],[-117.77568034,50.54786864],[-117.77588081,50.54799219],[-117.77597418,50.54814173],[-117.77598743,50.54831371],[-117.77595882,50.54849921],[-117.77592161,50.54868934],[-117.77591094,50.54887484],[-117.77593334,50.54905429],[-117.77596358,50.54923374],[-117.77600247,50.54941284],[-117.77605236,50.54959051],[-117.77611644,50.54976533],[-117.77619628,50.54993659],[-117.77629254,50.55010501],[-117.77640027,50.55027128],[-117.77651487,50.55043649],[-117.77663081,50.55060134],[-117.77673777,50.55075849],[-117.7767435,50.55076691],[-117.77684154,50.55094208],[-117.77692123,50.55113257],[-117.77700557,50.55132021],[-117.77711718,50.551484],[-117.77727853,50.55160399],[-117.7775006,50.55167448],[-117.77776851,50.55171151],[-117.77806404,50.55172326],[-117.77837156,50.55171828],[-117.77867366,50.55170439],[-117.77895697,50.55168837],[-117.77923422,50.55166095],[-117.77951005,50.55162108],[-117.77978414,50.55157265],[-117.78005656,50.55151818],[-117.78032532,50.55146156],[-117.78059111,50.55140175],[-117.78085323,50.55133552],[-117.7811134,50.55126538],[-117.78137249,50.55119346],[-117.78163223,50.55112225],[-117.78189349,50.55105388],[-117.78216152,50.55099407],[-117.78243874,50.550946],[-117.7827153,50.55089722],[-117.78297845,50.55083456],[-117.78321758,50.5507459],[-117.78333448,50.55068725],[-117.78343617,50.55063624],[-117.78364456,50.55051553],[-117.7838457,50.550387],[-117.78404266,50.55025455],[-117.78423952,50.55012138],[-117.78443912,50.54999178],[-117.78464576,50.54986859],[-117.78486306,50.54975572],[-117.78509353,50.54965709],[-117.78533993,50.54957449],[-117.78559808,50.54950399],[-117.78586525,50.54944204],[-117.7861366,50.549384],[-117.78640805,50.54932667],[-117.78667621,50.54926579],[-117.78693791,50.54919672],[-117.7871964,50.54912052],[-117.787456,50.54904433],[-117.78771757,50.54897632],[-117.7879842,50.54892469],[-117.7882588,50.54889443],[-117.78854061,50.54887983],[-117.7888253,50.54887805],[-117.78911093,50.54888517],[-117.78939376,50.54889834],[-117.78967083,50.54892469],[-117.78994346,50.54897169],[-117.79021658,50.54902225],[-117.79049308,50.5490607],[-117.79077278,50.54909595],[-117.79105377,50.54912835],[-117.79133391,50.54915256],[-117.79160883,50.54916325],[-117.79185836,50.54907495],[-117.792115,50.54898344],[-117.79237474,50.54887769],[-117.7926328,50.54878227],[-117.7928874,50.54872067],[-117.79313515,50.54871711],[-117.79337692,50.54877195],[-117.79361498,50.54886701],[-117.79384933,50.54898593],[-117.79408153,50.54911162],[-117.79431222,50.5492284],[-117.7945434,50.54933237],[-117.79477467,50.54943705],[-117.79500195,50.54954529],[-117.79521937,50.54965923],[-117.79542158,50.54978278],[-117.7955927,50.54992662],[-117.79568757,50.55002071],[-117.79574814,50.55008079],[-117.79591395,50.55022677],[-117.79611601,50.55034712],[-117.79635413,50.55044041],[-117.79660977,50.55052052],[-117.79686755,50.55059992],[-117.79711068,50.55069498],[-117.79734853,50.55086553],[-117.79753225,50.55093817],[-117.7976388,50.55082494],[-117.7977145,50.55065048],[-117.79778399,50.55044931],[-117.79787217,50.55025562],[-117.79799661,50.55009326],[-117.79814197,50.54993837],[-117.79830403,50.54978883],[-117.79848119,50.54964712],[-117.79867092,50.54951538],[-117.79887847,50.54939504],[-117.79910009,50.54928324],[-117.79922397,50.54922379],[-117.79932715,50.54917428],[-117.79955021,50.54906284],[-117.79976156,50.54894356],[-117.79998241,50.54880791],[-117.80016645,50.54869183],[-117.80036432,50.54856223],[-117.80055619,50.54842978],[-117.80074085,50.54829377],[-117.80091595,50.54815348],[-117.80107527,50.54800643],[-117.80121605,50.54785084],[-117.80134727,50.54769097],[-117.8014775,50.54753003],[-117.80161495,50.54737266],[-117.80176541,50.54722027],[-117.80191544,50.54706681],[-117.80206561,50.54691228],[-117.80221633,50.54675776],[-117.80236949,50.54660465],[-117.80252697,50.5464544],[-117.80268998,50.54630771],[-117.80286096,50.546166],[-117.8030409,50.54603034],[-117.80323346,50.54590288],[-117.8034493,50.54578787],[-117.80368263,50.5456839],[-117.80392966,50.54558991],[-117.80418291,50.54550445],[-117.80443803,50.54542648],[-117.80469696,50.5453599],[-117.80496744,50.54531005],[-117.8052449,50.54527017],[-117.80552429,50.54523421],[-117.80580139,50.54519576],[-117.8060793,50.54516122],[-117.80635924,50.54513131],[-117.8066383,50.54510105],[-117.8069148,50.54506437],[-117.80718501,50.54501666],[-117.80744657,50.54495293],[-117.80770056,50.54487495],[-117.80795054,50.54479021],[-117.80820098,50.54470476],[-117.80845533,50.54462536],[-117.80871498,50.54455593],[-117.80897868,50.54449148],[-117.80924389,50.54442989],[-117.80950976,50.544369],[-117.80977421,50.54430598],[-117.81003857,50.54424225],[-117.81030368,50.54417994],[-117.81057017,50.54412155],[-117.81084001,50.54406921],[-117.8111116,50.54401936],[-117.81138339,50.54397094],[-117.81165593,50.54392394],[-117.8119289,50.54387801],[-117.81220295,50.54383386],[-117.81247134,50.54379204],[-117.8124772,50.54379113],[-117.81275197,50.54375018],[-117.81302727,50.54371102],[-117.81330435,50.54367862],[-117.81358389,50.54365191],[-117.81386382,50.54362806],[-117.81414408,50.54360456],[-117.81442411,50.54358141],[-117.81470529,50.54356254],[-117.81498703,50.54354367],[-117.8152663,50.54351911],[-117.81554185,50.54348386],[-117.81581199,50.54343365],[-117.81607916,50.54337419],[-117.81634591,50.54331366],[-117.81661555,50.5432599],[-117.81688956,50.54321753],[-117.81716696,50.54317943],[-117.81744597,50.54314489],[-117.81772607,50.54311214],[-117.81800627,50.54308009],[-117.81828647,50.54304805],[-117.81856558,50.54301422],[-117.81884238,50.54297791],[-117.81911669,50.54293767],[-117.8193875,50.54289245],[-117.81965384,50.54284118],[-117.81991287,50.54277958],[-117.82014753,50.54268559],[-117.82036584,50.54256845],[-117.8205798,50.54244418],[-117.82080176,50.54232918],[-117.82103949,50.54223304],[-117.82128404,50.54214367],[-117.82153277,50.54205822],[-117.82178281,50.54197419],[-117.82203121,50.54188839],[-117.82227598,50.54179866],[-117.82251671,50.54170395],[-117.8227571,50.54160888],[-117.82300056,50.54151773],[-117.82325,50.54143549],[-117.8235139,50.54137069],[-117.82378679,50.54132226],[-117.8240621,50.54128132],[-117.82421008,50.54125897],[-117.82434035,50.5412393],[-117.82461905,50.54120263],[-117.82489811,50.54117664],[-117.82517673,50.54116774],[-117.82546255,50.5411745],[-117.8257537,50.54119551],[-117.82603551,50.5412361],[-117.82629288,50.54130054],[-117.82640724,50.54135577],[-117.82650448,50.54140273],[-117.82667106,50.54155014],[-117.8268289,50.54170929],[-117.82701405,50.54184708],[-117.82723638,50.54197419],[-117.82747523,50.54209917],[-117.82771732,50.542201],[-117.82794781,50.54225939],[-117.82813974,50.54217857],[-117.82832293,50.5420041],[-117.82854689,50.54188945],[-117.82877727,50.54177267],[-117.82901377,50.54166372],[-117.82925761,50.54157542],[-117.82950999,50.54152058],[-117.8297772,50.54151631],[-117.83005796,50.54155334],[-117.83034254,50.54160782],[-117.83062253,50.54165553],[-117.83090267,50.54169006],[-117.83118726,50.54172033],[-117.83147172,50.54175166],[-117.83175193,50.54178869],[-117.83202273,50.54183676],[-117.8322789,50.54190049],[-117.83251696,50.54198523],[-117.83273734,50.54209205],[-117.83294374,50.54221524],[-117.83313939,50.54234983],[-117.83332901,50.5424894],[-117.83351583,50.54262897],[-117.83370025,50.54276534],[-117.83386993,50.54291061],[-117.83403065,50.54306193],[-117.83419071,50.54321254],[-117.8343602,50.54335639],[-117.83454786,50.54348777],[-117.83475926,50.54360242],[-117.83498451,50.54370781],[-117.83521998,50.54380608],[-117.83546204,50.54389937],[-117.83570945,50.54398874],[-117.83595923,50.54407704],[-117.83620812,50.54416498],[-117.83645418,50.54425471],[-117.83669569,50.544348],[-117.83693601,50.54444484],[-117.83717541,50.54454311],[-117.83741504,50.54464103],[-117.83765616,50.54473752],[-117.83789949,50.54482973],[-117.83814572,50.54491661],[-117.83839713,50.54499637],[-117.8386532,50.54506722],[-117.83891549,50.54512846],[-117.8391826,50.54518401],[-117.83945351,50.54523457],[-117.83972788,50.54527978],[-117.84000445,50.54532073],[-117.84028347,50.54535705],[-117.84056391,50.54538945],[-117.84084464,50.54541793],[-117.84112521,50.54544321],[-117.84140506,50.54546529],[-117.84168484,50.54548487],[-117.84196858,50.54550267],[-117.8422544,50.54551727],[-117.84254219,50.54552795],[-117.8428291,50.54553223],[-117.84311479,50.54552973],[-117.84339728,50.54551834],[-117.84367559,50.54549698],[-117.84394751,50.54546386],[-117.84421284,50.54541758],[-117.84447306,50.54535669],[-117.84472858,50.54528406],[-117.84498034,50.54520252],[-117.84523008,50.54511458],[-117.84547845,50.54502271],[-117.84572638,50.54492978],[-117.84597451,50.54483828],[-117.84635007,50.5447101],[-117.84654142,50.5445748],[-117.84674638,50.54444271],[-117.84695971,50.54431239],[-117.84717472,50.54418207],[-117.84738604,50.5440514],[-117.84758777,50.54391824],[-117.84777365,50.54378187],[-117.84793755,50.54364052],[-117.84807455,50.54349311],[-117.84817751,50.54333859],[-117.84824264,50.54317587],[-117.84827405,50.54300639],[-117.84827666,50.54283121],[-117.84825874,50.54265141],[-117.84822577,50.54246804],[-117.84819117,50.54231313],[-117.84818442,50.54228289],[-117.84814064,50.54209632],[-117.84810189,50.54190975],[-117.84807456,50.5417246],[-117.8480641,50.54154195],[-117.84807789,50.5413625],[-117.84810533,50.54118447],[-117.84814206,50.5410068],[-117.84818641,50.54082949],[-117.84823613,50.54065253],[-117.84829089,50.54047557],[-117.84834879,50.54029897],[-117.84840892,50.54012237],[-117.84846906,50.53994576],[-117.84852863,50.53976916],[-117.84858574,50.53959292],[-117.84864139,50.53941631],[-117.8487041,50.53924007],[-117.84877297,50.53906382],[-117.84884554,50.53888793],[-117.84891978,50.53871204],[-117.84899347,50.53853615],[-117.84906379,50.53836026],[-117.84912851,50.53818437],[-117.84918506,50.53800813],[-117.84923209,50.53783188],[-117.84926567,50.53765564],[-117.8492846,50.53747868],[-117.84928615,50.53730172],[-117.84927034,50.53712476],[-117.8492402,50.53694745],[-117.8491974,50.53676978],[-117.84914541,50.53659246],[-117.84908694,50.53641479],[-117.84902477,50.53623677],[-117.84896125,50.5360591],[-117.84889965,50.53588107],[-117.84884253,50.53570304],[-117.84879269,50.53552502],[-117.84875261,50.53534664],[-117.84872518,50.53516861],[-117.84871312,50.53499023],[-117.84871393,50.53481185],[-117.84872506,50.53463311],[-117.84874516,50.53445437],[-117.84877333,50.53427527],[-117.8488071,50.53409618],[-117.84884591,50.53391709],[-117.84888786,50.53373835],[-117.84893115,50.53355925],[-117.84897501,50.53338016],[-117.84901696,50.53320142],[-117.84905644,50.53302304],[-117.84909311,50.53284466],[-117.84913012,50.53266663],[-117.84916736,50.53248825],[-117.8492046,50.53230987],[-117.84924184,50.53213148],[-117.84927941,50.53195346],[-117.84931721,50.53177507],[-117.84935534,50.53159705],[-117.84939371,50.53141867],[-117.84943184,50.53124064],[-117.84947021,50.53106226],[-117.8495089,50.53088423],[-117.8495476,50.53070621],[-117.84958597,50.53052782],[-117.84962523,50.5303498],[-117.84966393,50.53017177],[-117.84970286,50.52999339],[-117.84974212,50.52981536],[-117.84978138,50.52963734],[-117.84982031,50.52945895],[-117.84985958,50.52928093],[-117.84989884,50.5291029],[-117.84993811,50.52892488],[-117.84997761,50.52874649],[-117.85001687,50.52856847],[-117.85005614,50.52839044],[-117.85009541,50.52821241],[-117.85013435,50.52803403],[-117.8501638,50.52790051],[-117.85695999,50.52789823],[-117.86104675,50.52789665],[-117.8914485,50.52788022],[-117.90115425,50.52788556],[-117.90220578,50.52789126],[-117.9029168,50.52789517],[-117.90505313,50.52790621],[-117.90538075,50.52790799],[-117.90588422,50.5279176],[-117.90575121,50.52821135],[-117.90557602,50.52868881],[-117.90539932,50.5290146],[-117.90534668,50.52917554],[-117.90526307,50.52933932],[-117.90521149,50.52949171],[-117.90519977,50.52966297],[-117.9052642,50.53008525],[-117.90540891,50.5302736],[-117.90556699,50.53037899],[-117.90583859,50.53057553],[-117.90589675,50.53065529],[-117.90592559,50.53072757],[-117.90599746,50.53079913],[-117.90625537,50.53100386],[-117.90632836,50.53107543],[-117.90645851,50.53130793],[-117.90655943,50.53141511],[-117.9066741,50.53148632],[-117.90680187,50.53153901],[-117.90690215,50.53161948],[-117.90716198,50.53196841],[-117.90733539,50.53211938],[-117.90753408,50.53223474],[-117.90757762,50.53230595],[-117.90756574,50.53238748],[-117.90767181,50.53274639],[-117.90769097,50.53301627],[-117.90766892,50.53308317],[-117.90763744,50.53317863],[-117.9076412,50.53337624],[-117.90778602,50.53357314],[-117.90793685,50.53372873],[-117.90793739,50.53372873],[-117.9266112,50.53370062],[-117.92568824,50.52786526],[-117.92527194,50.52158486],[-117.9252554,50.51924417],[-117.9257774,50.51565018],[-117.9263088,50.51381152],[-117.92714857,50.51063055],[-117.92955901,50.49995076],[-117.93051928,50.49560336],[-117.93394743,50.48621177],[-117.93567624,50.46954033],[-117.93545907,50.45733877],[-117.92978181,50.44242588],[-117.92791703,50.43965223],[-117.92649112,50.43772705],[-117.92460181,50.43564201],[-117.92326184,50.43378591],[-117.91623158,50.41137526],[-117.91241096,50.40159913],[-117.90960695,50.39103684],[-117.909747,50.3891811],[-117.90974736,50.3891811],[-117.91022256,50.38289587],[-117.91040385,50.38049758],[-117.91107439,50.3785025],[-117.91158171,50.37699295],[-117.91244485,50.37486444],[-117.91342692,50.37244241],[-117.91403822,50.36879778],[-117.9149655,50.36326815],[-117.91455825,50.35930834],[-117.91430303,50.35682646],[-117.90870211,50.33525999],[-117.9084945,50.33485545],[-117.90832468,50.33452452],[-117.9076187,50.33248222],[-117.90581566,50.33039151],[-117.90380757,50.32874515],[-117.90198062,50.32716419],[-117.90090314,50.32612888],[-117.89816028,50.32349308],[-117.89209826,50.31835572],[-117.88948576,50.31283271],[-117.88877354,50.31132676],[-117.88653991,50.30853642],[-117.87708912,50.29726013],[-117.87193312,50.29250621],[-117.87085868,50.29163899],[-117.87014262,50.29106102],[-117.87014244,50.2910609],[-117.85839093,50.28320337],[-117.85727693,50.28242219],[-117.8561741,50.2816488],[-117.85617406,50.28164877],[-117.85584815,50.28135946],[-117.85518651,50.28077207],[-117.85420881,50.27990411],[-117.85331026,50.27913883],[-117.85242081,50.27838121],[-117.85242078,50.27838119],[-117.85182049,50.27777773],[-117.85122619,50.2771803],[-117.85122617,50.27718025],[-117.85052042,50.27625452],[-117.85017708,50.27580415],[-117.84982171,50.27533798],[-117.84826103,50.27288159],[-117.8472942,50.27135971],[-117.84543336,50.26843029],[-117.84481805,50.2674616],[-117.84479239,50.26742119],[-117.84457824,50.26633249],[-117.84406908,50.26486024],[-117.84348549,50.2631727],[-117.84038363,50.25558609],[-117.8377701,50.25010397],[-117.83775967,50.25009052],[-117.83260043,50.24345022],[-117.83256113,50.24330431],[-117.83245696,50.24298743],[-117.83234026,50.24273641],[-117.83227231,50.24259114],[-117.83207432,50.24226963],[-117.83193628,50.24206988],[-117.83193003,50.24205564],[-117.83186068,50.24187512],[-117.83175433,50.24169247],[-117.83164562,50.24150661],[-117.83151147,50.24130009],[-117.83138575,50.24109857],[-117.83124259,50.24087354],[-117.83097357,50.24053387],[-117.83083212,50.24038611],[-117.83055407,50.24009593],[-117.83017777,50.23982995],[-117.82992081,50.23965798],[-117.82971696,50.23953835],[-117.82946639,50.23938382],[-117.82942697,50.23936465],[-117.82904848,50.23918052],[-117.82875619,50.23904379],[-117.8287771,50.23897365],[-117.82823905,50.2378528],[-117.8277805,50.23754339],[-117.82763221,50.23724217],[-117.8275397,50.23704527],[-117.8274188,50.23684837],[-117.8273125,50.2367031],[-117.82721507,50.23652899],[-117.82699103,50.23622799],[-117.82689361,50.2360971],[-117.82688096,50.23608624],[-117.8238815,50.23223435],[-117.82046975,50.22766024],[-117.81427437,50.2193738],[-117.81278516,50.2095101],[-117.81222318,50.2020471],[-117.77891942,50.20176702],[-117.7783604,50.20176686],[-117.77730701,50.20177597],[-117.77721266,50.20176719],[-117.77685068,50.20176063],[-117.77683965,50.20176087],[-117.77627642,50.20177323],[-117.7753305,50.2017536],[-117.76941783,50.20178638],[-117.76939928,50.20267489],[-117.76940736,50.20357758],[-117.76943214,50.20538969],[-117.76942133,50.20719645],[-117.76941987,50.20891612],[-117.76798528,50.20892615],[-117.76466625,50.2089217],[-117.76077561,50.20892286],[-117.75800595,50.2089224],[-117.7537041,50.20893215],[-117.75083084,50.2089312],[-117.74486716,50.20893277],[-117.74485518,50.207028],[-117.73920221,50.20702043],[-117.73358287,50.20701029],[-117.73359589,50.21063402],[-117.72656223,50.21063549],[-117.72661704,50.2108605],[-117.7266229,50.2113504],[-117.72655714,50.21165944],[-117.72636383,50.21199749],[-117.72615201,50.21223873],[-117.72430371,50.21360589],[-117.72359209,50.2140527],[-117.72274751,50.21462472],[-117.72231129,50.21501166],[-117.72201025,50.2153456],[-117.72073502,50.21464993],[-117.72069361,50.21462911],[-117.71976666,50.21415822],[-117.71543729,50.21229785],[-117.71516767,50.21216398],[-117.70861328,50.20890966],[-117.70828926,50.20877357],[-117.70720608,50.20831861],[-117.70700365,50.20823372],[-117.70676884,50.20813524],[-117.70513295,50.2073619],[-117.70434251,50.20696561],[-117.70287579,50.20623036],[-117.70281003,50.20619084],[-117.70132073,50.20530249],[-117.70116505,50.20520977],[-117.70115932,50.20520636],[-117.6997242,50.20443266],[-117.69930351,50.20427243],[-117.69794492,50.20384624],[-117.69694821,50.20353362],[-117.69579994,50.2031733],[-117.69574784,50.20315711],[-117.69573806,50.20315407],[-117.69527083,50.2029558],[-117.69463476,50.20268586],[-117.69407537,50.20236221],[-117.69364972,50.20202218],[-117.69360119,50.20197613],[-117.69359907,50.20197411],[-117.69357055,50.20194685],[-117.69318275,50.20157605],[-117.69294562,50.20128643],[-117.69278394,50.20108897],[-117.69262752,50.2007051],[-117.69253611,50.20048099],[-117.69244982,50.20017283],[-117.69240403,50.20000942],[-117.6924023,50.19999517],[-117.69234036,50.19946364],[-117.69230276,50.19914101],[-117.69228166,50.19909024],[-117.6922307,50.19896761],[-117.69211029,50.198676],[-117.69176347,50.19805636],[-117.69161946,50.19779913],[-117.69128832,50.19720761],[-117.69072467,50.19620108],[-117.6902662,50.19538167],[-117.68990909,50.1947434],[-117.68904703,50.19362469],[-117.68835347,50.19297347],[-117.68766275,50.19232474],[-117.68715389,50.19184713],[-117.68686194,50.19157311],[-117.6866961,50.19141723],[-117.68647671,50.19121101],[-117.68639268,50.19111915],[-117.68618584,50.19089305],[-117.68609113,50.19078972],[-117.68598767,50.19067657],[-117.68594469,50.19062957],[-117.68557736,50.19010796],[-117.68456557,50.18867103],[-117.68345331,50.18709113],[-117.68335459,50.18695107],[-117.68319131,50.18671941],[-117.68183075,50.18511466],[-117.6812666,50.18444922],[-117.68107443,50.18417989],[-117.68062286,50.18354698],[-117.6805754,50.18346972],[-117.68005539,50.18262429],[-117.67873294,50.18015451],[-117.67865296,50.17995581],[-117.67838471,50.17928931],[-117.67765993,50.17718575],[-117.67743518,50.17653382],[-117.67696588,50.17546815],[-117.6754568,50.17319405],[-117.67520193,50.17268062],[-117.67486367,50.17153065],[-117.67513905,50.17146474],[-117.67542394,50.17146417],[-117.67991311,50.17145495],[-117.68053577,50.17145365],[-117.680503,50.16784907],[-117.67789469,50.16784035],[-117.67782413,50.16784063],[-117.67767046,50.16784125],[-117.67763494,50.16422913],[-117.67763494,50.15026162],[-117.67763494,50.14627369],[-117.67763493,50.14406443],[-117.67763493,50.13830186],[-117.67763493,50.13830167],[-117.67734566,50.13797819],[-117.6772138,50.13777274],[-117.67694822,50.13735892],[-117.67680981,50.13694633],[-117.67671937,50.13667672],[-117.67669876,50.13628053],[-117.67668736,50.13606136],[-117.67668736,50.13606132],[-117.67608672,50.13613677],[-117.67604915,50.13613699],[-117.67600277,50.13613726],[-117.67561831,50.13566581],[-117.67550186,50.13553782],[-117.67531984,50.13533777],[-117.67515972,50.13519863],[-117.67510736,50.13515313],[-117.67489218,50.13513366],[-117.67482714,50.13512778],[-117.67459694,50.1350102],[-117.67439355,50.13480952],[-117.67417846,50.13443902],[-117.67391945,50.13404178],[-117.67378021,50.13387025],[-117.67364575,50.1337046],[-117.67343449,50.13360689],[-117.67315997,50.13349406],[-117.67311081,50.13347386],[-117.67239132,50.13371987],[-117.6721889,50.13376165],[-117.67161929,50.13387923],[-117.67122087,50.13391437],[-117.67079475,50.13395195],[-117.67052404,50.13394143],[-117.67027986,50.13393194],[-117.6700033,50.13389765],[-117.66985624,50.13387941],[-117.6698561,50.13387946],[-117.66955619,50.13399208],[-117.66927254,50.13405366],[-117.66909702,50.13406058],[-117.66900528,50.1340642],[-117.66883701,50.13403819],[-117.66864062,50.13400334],[-117.66854968,50.13397622],[-117.66845329,50.13394746],[-117.66828921,50.13388844],[-117.66811539,50.1337995],[-117.6680478,50.13375234],[-117.66793642,50.13367462],[-117.66783683,50.1335494],[-117.66783674,50.13354927],[-117.66769469,50.1333972],[-117.66759513,50.13328085],[-117.6674116,50.13316398],[-117.66706945,50.13304303],[-117.66656866,50.13291799],[-117.66654215,50.13324893],[-117.66622048,50.13359554],[-117.66560362,50.13395783],[-117.66515769,50.13426161],[-117.66459171,50.13464717],[-117.66416857,50.13494862],[-117.664019,50.13505518],[-117.66381029,50.13524919],[-117.66381024,50.13524924],[-117.66369247,50.13538982],[-117.66369236,50.13538979],[-117.66355192,50.13535408],[-117.6632197,50.1352696],[-117.66292677,50.1352233],[-117.66282316,50.13521267],[-117.66267766,50.13519774],[-117.66247232,50.13518993],[-117.66228559,50.135179],[-117.66208005,50.13515618],[-117.66186993,50.13513939],[-117.66172801,50.13512199],[-117.66165968,50.13511361],[-117.66140742,50.13508507],[-117.66112753,50.13508266],[-117.66071713,50.135087],[-117.66044075,50.13509265],[-117.66017622,50.13509806],[-117.6597339,50.13505326],[-117.65939153,50.13501858],[-117.6586961,50.13464479],[-117.6575985,50.13419531],[-117.65609879,50.13367015],[-117.65495088,50.13363166],[-117.65495067,50.13363165],[-117.6538031,50.13360215],[-117.6531081,50.1332553],[-117.65289831,50.13307559],[-117.65251821,50.13274996],[-117.65221757,50.13246361],[-117.65206301,50.13231639],[-117.65181416,50.13207937],[-117.65153587,50.13182079],[-117.65100171,50.13132444],[-117.65009461,50.13081086],[-117.64920274,50.13038615],[-117.64880611,50.13024619],[-117.64821864,50.13003888],[-117.64713589,50.12980682],[-117.64693706,50.12976421],[-117.64683182,50.12930734],[-117.64677361,50.12905461],[-117.64494542,50.12938853],[-117.64494526,50.12938855],[-117.64519641,50.12899043],[-117.64518476,50.12892593],[-117.64515946,50.12878576],[-117.64489135,50.12873229],[-117.64446187,50.12881562],[-117.64437556,50.12861154],[-117.64421141,50.12822341],[-117.64375633,50.1276743],[-117.64331399,50.12733501],[-117.64309666,50.1271683],[-117.6429663,50.12683625],[-117.64279457,50.1265494],[-117.64271794,50.12639992],[-117.64271792,50.12639987],[-117.64268224,50.12628719],[-117.64266437,50.12622646],[-117.64266433,50.12622634],[-117.64266204,50.12619813],[-117.64264757,50.12601956],[-117.64264612,50.12591164],[-117.64265804,50.12581846],[-117.64269678,50.12551563],[-117.64276335,50.12526343],[-117.64281135,50.12510674],[-117.64286487,50.12493201],[-117.64288845,50.12485501],[-117.64292944,50.1246585],[-117.64297609,50.12443481],[-117.64298623,50.12414694],[-117.64299132,50.12398952],[-117.64299612,50.1238411],[-117.64308356,50.12361104],[-117.64313275,50.12348158],[-117.64333161,50.12319776],[-117.64337526,50.12313547],[-117.64367781,50.12286297],[-117.64399643,50.12262936],[-117.64416555,50.12250845],[-117.64427817,50.12242793],[-117.64452675,50.12218671],[-117.64470569,50.12196987],[-117.64467883,50.12191407],[-117.64466251,50.12188017],[-117.64480712,50.12153759],[-117.64489209,50.12126731],[-117.64466614,50.12118117],[-117.64428748,50.12103682],[-117.64301925,50.12091595],[-117.6430191,50.12091593],[-117.64257905,50.12080162],[-117.64195693,50.12063999],[-117.64110099,50.12020902],[-117.63990539,50.12017184],[-117.63888989,50.12014026],[-117.63792428,50.12010959],[-117.63653893,50.12007222],[-117.63569061,50.12044762],[-117.63506385,50.12063739],[-117.63472924,50.12073869],[-117.63424186,50.12083672],[-117.63332479,50.12102117],[-117.63188406,50.12138378],[-117.63176616,50.12135692],[-117.63113886,50.12121396],[-117.63050947,50.12110345],[-117.63042697,50.12094077],[-117.63036746,50.12082341],[-117.63000156,50.12054837],[-117.62986984,50.12044936],[-117.62901661,50.11998131],[-117.62792443,50.11965944],[-117.62753851,50.11956496],[-117.62685012,50.11939642],[-117.62640088,50.11927293],[-117.62602698,50.1191749],[-117.62597511,50.1191613],[-117.62592172,50.1191518],[-117.62554983,50.11908565],[-117.62517963,50.11906148],[-117.62508315,50.11905518],[-117.62489484,50.11900208],[-117.6245824,50.11891397],[-117.62434559,50.11883373],[-117.62408597,50.11874576],[-117.62373431,50.11852895],[-117.62352194,50.11839802],[-117.62307137,50.11817059],[-117.62264495,50.118008],[-117.62224271,50.11791022],[-117.62224266,50.11791019],[-117.62215837,50.11784574],[-117.62194289,50.11768098],[-117.6217522,50.11749422],[-117.62162019,50.11736492],[-117.62129452,50.1168434],[-117.62120606,50.11670172],[-117.62120597,50.11670158],[-117.62084898,50.11709823],[-117.62048309,50.11728905],[-117.62010834,50.11727407],[-117.61965845,50.11721651],[-117.61920669,50.11713498],[-117.61893985,50.11705473],[-117.61867776,50.11697591],[-117.61854497,50.1169388],[-117.61829875,50.11687],[-117.61807103,50.11682585],[-117.61804787,50.11682136],[-117.61801254,50.11682101],[-117.61778987,50.11681874],[-117.61778964,50.11681885],[-117.61755364,50.11692283],[-117.61755342,50.11692293],[-117.61722561,50.11705358],[-117.61704704,50.11712052],[-117.61680645,50.1172107],[-117.61656157,50.11730941],[-117.61644465,50.11735653],[-117.61619847,50.11747197],[-117.61567171,50.11771896],[-117.61561048,50.11774767],[-117.61561041,50.1177477],[-117.61553975,50.11768799],[-117.61533543,50.1175153],[-117.61499828,50.11728026],[-117.61478866,50.11720199],[-117.61450481,50.117096],[-117.61410382,50.1169732],[-117.61390754,50.11693827],[-117.61356066,50.11689403],[-117.61350137,50.11688647],[-117.61350124,50.11688645],[-117.61344089,50.11686277],[-117.6129811,50.11668233],[-117.61270672,50.1166014],[-117.61253181,50.1165498],[-117.61241576,50.11646746],[-117.61219093,50.11638771],[-117.6119539,50.116324],[-117.61181624,50.11628943],[-117.61175915,50.11627509],[-117.61175901,50.11627505],[-117.61164956,50.11621212],[-117.61144902,50.11609681],[-117.61136078,50.11603635],[-117.61127969,50.11598078],[-117.6108661,50.11572213],[-117.61054118,50.11559093],[-117.61035174,50.11554638],[-117.61019201,50.11550882],[-117.60981861,50.1154758],[-117.60974073,50.11543961],[-117.60934022,50.11525347],[-117.60899828,50.11521],[-117.60888724,50.11519589],[-117.60866756,50.11515599],[-117.60840591,50.11510847],[-117.6078409,50.11503947],[-117.60729023,50.11499839],[-117.60721898,50.11499704],[-117.60658602,50.1149851],[-117.6065021,50.11498352],[-117.60630591,50.11496758],[-117.60625942,50.1149638],[-117.6061518,50.11481047],[-117.60609822,50.11475018],[-117.60599888,50.11463838],[-117.60584527,50.11452479],[-117.60566475,50.11439129],[-117.60543461,50.11425758],[-117.60525564,50.11411461],[-117.60516541,50.11409833],[-117.60472293,50.11401845],[-117.60454721,50.11398143],[-117.60425079,50.11391898],[-117.60393898,50.11388979],[-117.60382604,50.11387922],[-117.60325298,50.11378726],[-117.60292198,50.11370464],[-117.6027588,50.11366391],[-117.60260419,50.11360631],[-117.60234348,50.11350917],[-117.60206876,50.11339258],[-117.60202944,50.11337589],[-117.60201165,50.11336576],[-117.6017477,50.11321546],[-117.601311,50.11296589],[-117.60069518,50.1129331],[-117.60052598,50.11290683],[-117.60030281,50.11287218],[-117.59999446,50.1128198],[-117.59971433,50.11276733],[-117.59971408,50.11276729],[-117.59963932,50.11273844],[-117.59940489,50.11264796],[-117.59916753,50.1125158],[-117.59905279,50.11245191],[-117.59865777,50.11217914],[-117.59851478,50.11192804],[-117.59824525,50.11162364],[-117.59817401,50.11155813],[-117.59808963,50.11148053],[-117.59794851,50.11137933],[-117.59776539,50.11127534],[-117.59728744,50.11107994],[-117.59703415,50.11095532],[-117.59644388,50.11072452],[-117.59613949,50.11069929],[-117.59587609,50.11067747],[-117.59535398,50.11067815],[-117.59487751,50.11072656],[-117.59458131,50.11076014],[-117.59451749,50.11076737],[-117.59417901,50.11079009],[-117.59402119,50.11076754],[-117.59371978,50.11072448],[-117.5933274,50.11064556],[-117.59323529,50.11062703],[-117.59281849,50.11047326],[-117.59234013,50.11024186],[-117.59218505,50.11012845],[-117.59191674,50.10993223],[-117.59156913,50.10971815],[-117.59129728,50.10959961],[-117.59132359,50.10946459],[-117.59132359,50.10946456],[-117.59135067,50.10939248],[-117.59124838,50.1093062],[-117.59113869,50.10921368],[-117.59113872,50.10921366],[-117.5916669,50.10898309],[-117.59196096,50.10885472],[-117.59285081,50.10857543],[-117.592851,50.10857537],[-117.59252037,50.10784854],[-117.59310918,50.10743682],[-117.59350942,50.10715696],[-117.59437565,50.10646398],[-117.59513774,50.10576954],[-117.59564126,50.10514937],[-117.5961535,50.10460711],[-117.59678321,50.10414218],[-117.59742703,50.10356326],[-117.59808495,50.10287033],[-117.59845126,50.10227186],[-117.59849913,50.10219365],[-117.59875365,50.10154777],[-117.59879364,50.10101691],[-117.5987785,50.10088325],[-117.59877855,50.10088324],[-117.59872032,50.10036973],[-117.59917724,50.10000761],[-117.59987014,50.09950936],[-117.60010194,50.10015573],[-117.60038191,50.10018127],[-117.60063403,50.10021594],[-117.60083022,50.1002509],[-117.60104052,50.10029478],[-117.60120886,50.10033888],[-117.60140516,50.10038283],[-117.60143324,50.10039168],[-117.60167489,50.10045839],[-117.60189141,50.10050323],[-117.60207343,50.10052327],[-117.60224595,50.10052838],[-117.6023858,50.10053065],[-117.6026094,50.10052049],[-117.60284686,50.10050127],[-117.60337794,50.10010654],[-117.60371959,50.09984693],[-117.60397077,50.09968623],[-117.60432096,50.09948928],[-117.60480177,50.09917798],[-117.60566252,50.09905957],[-117.60653094,50.09893412],[-117.6073195,50.09885809],[-117.60740744,50.09884961],[-117.60740764,50.09884959],[-117.60819436,50.09877352],[-117.60819444,50.09877342],[-117.60834418,50.09858186],[-117.60845339,50.09837343],[-117.60849837,50.09812236],[-117.60849594,50.09793032],[-117.6084949,50.09784856],[-117.60848208,50.09779176],[-117.60844554,50.09762997],[-117.60838748,50.09746239],[-117.60834403,50.09738431],[-117.60831594,50.09733384],[-117.60821694,50.09724442],[-117.60818834,50.09721603],[-117.60811782,50.097146],[-117.60806059,50.09704338],[-117.60806057,50.09704335],[-117.6080125,50.09692471],[-117.60799041,50.09686409],[-117.6079449,50.09673919],[-117.60784422,50.09651786],[-117.60806798,50.09632266],[-117.60813453,50.0962646],[-117.60813463,50.09626451],[-117.60813326,50.09615659],[-117.6082374,50.09604102],[-117.60826807,50.09600698],[-117.60846918,50.09581605],[-117.60893535,50.09545984],[-117.60936604,50.09542559],[-117.60966165,50.09540207],[-117.60966156,50.09540197],[-117.60927027,50.09497062],[-117.60902829,50.09470386],[-117.60854202,50.09420875],[-117.60841169,50.09404614],[-117.60831631,50.09392712],[-117.60822585,50.09365277],[-117.60823529,50.09359645],[-117.60827063,50.09338571],[-117.60842938,50.09304311],[-117.60856451,50.09267365],[-117.60875555,50.0923039],[-117.60903551,50.09196365],[-117.60939047,50.09165899],[-117.60982044,50.09138991],[-117.60993933,50.09132511],[-117.60998705,50.0912991],[-117.61022275,50.09114496],[-117.61041709,50.09103601],[-117.61084701,50.09076393],[-117.61130522,50.09051868],[-117.61182073,50.09038106],[-117.61241976,50.090216],[-117.6125867,50.09015216],[-117.61284188,50.09006587],[-117.61308806,50.09000262],[-117.6135345,50.08993131],[-117.6138835,50.08989348],[-117.61409307,50.08988338],[-117.61467671,50.08985231],[-117.61518191,50.0897607],[-117.61514255,50.08959616],[-117.61514252,50.08959602],[-117.61512208,50.08945521],[-117.6150916,50.08925751],[-117.6149472,50.08889851],[-117.61473744,50.08852787],[-117.61456001,50.08813607],[-117.614472,50.08781276],[-117.61436519,50.08761212],[-117.6142858,50.08746298],[-117.61417454,50.08721436],[-117.61411313,50.08707714],[-117.61407375,50.08689164],[-117.61403875,50.08672677],[-117.61395735,50.08651345],[-117.6139086,50.08638569],[-117.61375059,50.08605374],[-117.61362551,50.08574561],[-117.61356409,50.08550876],[-117.61354709,50.08544323],[-117.61349392,50.08534147],[-117.61337994,50.08512333],[-117.61333341,50.08505928],[-117.613176,50.08484259],[-117.61309363,50.08459519],[-117.61304355,50.08432164],[-117.61307056,50.08419241],[-117.61312259,50.08394347],[-117.61323142,50.08370905],[-117.61338,50.08330354],[-117.61348872,50.08306013],[-117.61358577,50.08280133],[-117.61361038,50.0827357],[-117.6136212,50.08266254],[-117.61364879,50.08247596],[-117.61364897,50.08247584],[-117.61365997,50.08224076],[-117.61402289,50.08220287],[-117.61433017,50.08216824],[-117.61444161,50.08215568],[-117.61464853,50.08212123],[-117.61488794,50.08208136],[-117.61541732,50.08194365],[-117.61598748,50.08171577],[-117.61614848,50.08164547],[-117.61648785,50.08149727],[-117.61691846,50.08128812],[-117.61740467,50.08106977],[-117.61740486,50.08106968],[-117.61748209,50.08103121],[-117.61783076,50.08085755],[-117.61821002,50.08064267],[-117.61828409,50.08058645],[-117.61855608,50.08038],[-117.6187625,50.08020374],[-117.61887405,50.08010848],[-117.61908121,50.08003348],[-117.61927748,50.07996243],[-117.61984795,50.07976152],[-117.62033501,50.07959703],[-117.62061512,50.07948916],[-117.62084031,50.07940245],[-117.62095096,50.07936734],[-117.62137853,50.07923168],[-117.6220065,50.07915636],[-117.62256529,50.07913538],[-117.62296765,50.07913899],[-117.62296776,50.07913898],[-117.62319431,50.079141],[-117.62359668,50.07916892],[-117.62379583,50.07918274],[-117.62400668,50.07917427],[-117.62431271,50.07916198],[-117.62484342,50.07913214],[-117.6251664,50.07889055],[-117.6255361,50.07866072],[-117.62595186,50.07838866],[-117.62601027,50.07835826],[-117.62649327,50.07810692],[-117.62696021,50.07790293],[-117.62716032,50.07781551],[-117.62764616,50.07756105],[-117.62811212,50.07733068],[-117.62850376,50.07716013],[-117.62858617,50.07712425],[-117.62909192,50.07696861],[-117.62941668,50.07690838],[-117.62969143,50.07685743],[-117.63016575,50.07679191],[-117.63024048,50.07677542],[-117.63029582,50.07676322],[-117.63048619,50.07671521],[-117.63087598,50.07659917],[-117.63136238,50.07639872],[-117.63186228,50.0761441],[-117.63146401,50.07560366],[-117.63128893,50.07539405],[-117.63106945,50.07513109],[-117.63063006,50.07466079],[-117.63014566,50.07419274],[-117.62985042,50.07370267],[-117.6296337,50.0731612],[-117.62956586,50.07295058],[-117.6295026,50.07275418],[-117.62942148,50.07249426],[-117.62936809,50.0723232],[-117.62930479,50.07203122],[-117.6292772,50.07190397],[-117.62885135,50.07183676],[-117.62806513,50.07171266],[-117.6275737,50.07163728],[-117.62694494,50.07154083],[-117.62648402,50.07142496],[-117.62592148,50.07128354],[-117.62574651,50.07123722],[-117.62526456,50.07110963],[-117.62493367,50.07102203],[-117.62431182,50.07060366],[-117.62380294,50.07003577],[-117.62376436,50.06995508],[-117.62347258,50.06934501],[-117.62277839,50.06861222],[-117.62244183,50.0683271],[-117.62196837,50.06792602],[-117.62096813,50.06729579],[-117.62047663,50.06707735],[-117.61997501,50.06685441],[-117.61955698,50.06656598],[-117.61955676,50.06656583],[-117.61908748,50.06629252],[-117.61880262,50.06616971],[-117.61846925,50.06602599],[-117.6175806,50.06600392],[-117.61757483,50.06600378],[-117.61757472,50.06600377],[-117.61673261,50.06570149],[-117.61673247,50.06570145],[-117.61582135,50.06547344],[-117.6151768,50.06533296],[-117.61479454,50.0652684],[-117.61435065,50.06519342],[-117.61490547,50.06488577],[-117.61490561,50.06488568],[-117.61537637,50.06454941],[-117.61559314,50.06414054],[-117.61580234,50.06374669],[-117.61600396,50.06336787],[-117.61558216,50.06279748],[-117.61512662,50.06236294],[-117.61502582,50.06226679],[-117.61433494,50.06177577],[-117.61431097,50.06099341],[-117.61423658,50.06075243],[-117.61416037,50.06050554],[-117.61395738,50.06004691],[-117.61370622,50.05958455],[-117.61367384,50.05953413],[-117.61340688,50.05911844],[-117.61346968,50.05877537],[-117.61350557,50.05857928],[-117.6135407,50.05834159],[-117.61359131,50.05799921],[-117.613725,50.05756043],[-117.61377307,50.05740264],[-117.61388184,50.05680346],[-117.61388185,50.05680339],[-117.61389606,50.05675811],[-117.61405634,50.0562469],[-117.61408709,50.05573708],[-117.61407044,50.05528347],[-117.61381205,50.05527236],[-117.61351135,50.05525944],[-117.61310831,50.0552254],[-117.61291,50.05520865],[-117.61269111,50.05513425],[-117.61236284,50.05502266],[-117.61186749,50.05486646],[-117.61186726,50.05486639],[-117.61133959,50.05474925],[-117.61122659,50.0547303],[-117.6109756,50.0546882],[-117.61077468,50.05460775],[-117.61055438,50.05451953],[-117.61014758,50.05438676],[-117.6100262,50.05433135],[-117.60986189,50.05425635],[-117.60945442,50.05406961],[-117.60892517,50.05382655],[-117.60860996,50.05366116],[-117.60843299,50.0535683],[-117.6079693,50.05335488],[-117.6077183,50.05321739],[-117.60744885,50.05306979],[-117.60708263,50.05288428],[-117.6069568,50.05282053],[-117.60687964,50.05278981],[-117.60657773,50.05266961],[-117.60622227,50.05250892],[-117.60608603,50.05244733],[-117.60569135,50.05233988],[-117.6055674,50.05230614],[-117.60502097,50.05217407],[-117.60485387,50.0521273],[-117.60476864,50.05210344],[-117.60468957,50.05207489],[-117.60467041,50.05206797],[-117.6043897,50.0519615],[-117.60408083,50.0518372],[-117.60389847,50.05177519],[-117.60373029,50.05173109],[-117.60351228,50.05166564],[-117.60343585,50.05164269],[-117.60335919,50.0516234],[-117.60322565,50.05158981],[-117.60293132,50.05151039],[-117.6029012,50.05150002],[-117.602777,50.05145723],[-117.60255251,50.05137745],[-117.60229538,50.05129484],[-117.6021537,50.05124171],[-117.60201938,50.05119134],[-117.60196328,50.05117364],[-117.6016958,50.05100714],[-117.60147027,50.05084342],[-117.60130449,50.0507159],[-117.60127281,50.05069154],[-117.60097568,50.05038728],[-117.6008375,50.05024311],[-117.60069262,50.05009194],[-117.60035282,50.04972495],[-117.6000273,50.04938485],[-117.59999904,50.04935802],[-117.59974017,50.0491345],[-117.59949132,50.04894709],[-117.59949108,50.04894691],[-117.59933598,50.0488308],[-117.59933579,50.04883066],[-117.59909642,50.04866114],[-117.59902686,50.04860729],[-117.59896949,50.04856287],[-117.5986173,50.04832184],[-117.59854465,50.04821234],[-117.59846072,50.04808581],[-117.59837394,50.04784641],[-117.59837305,50.04777447],[-117.59833725,50.04759626],[-117.59831349,50.04747796],[-117.59811304,50.04708326],[-117.59789562,50.04681511],[-117.59781044,50.04671006],[-117.59773757,50.04663469],[-117.59746144,50.04634911],[-117.59713631,50.0460271],[-117.5971362,50.04602699],[-117.59702029,50.04598548],[-117.59671532,50.04587625],[-117.59636451,50.04574315],[-117.59580334,50.04554217],[-117.59536848,50.0453885],[-117.59521365,50.04533514],[-117.59505989,50.04528215],[-117.59451268,50.0450781],[-117.59381272,50.04494676],[-117.59365502,50.04490539],[-117.59347644,50.04485854],[-117.59339232,50.044832],[-117.59318843,50.0446969],[-117.59308252,50.04462672],[-117.59303303,50.04459326],[-117.5930121,50.04457911],[-117.59297428,50.04455421],[-117.59289007,50.04449878],[-117.59275684,50.04441205],[-117.59271643,50.04438575],[-117.59237793,50.04411765],[-117.59198025,50.04395778],[-117.59189047,50.04394611],[-117.59155127,50.04390201],[-117.59105296,50.04388756],[-117.59090515,50.04390449],[-117.59053228,50.04394717],[-117.5904055,50.04397792],[-117.59005979,50.04386229],[-117.58709521,50.04445496],[-117.5860094,50.04428741],[-117.5858495,50.04424873],[-117.58545146,50.04418578],[-117.58536541,50.04418803],[-117.58301419,50.04382515],[-117.58288823,50.04357509],[-117.58285912,50.04345279],[-117.58281956,50.04328662],[-117.58281625,50.04313944],[-117.58281284,50.04298785],[-117.58286288,50.04281439],[-117.58289773,50.04269362],[-117.58307607,50.0424279],[-117.58317605,50.04232382],[-117.58331819,50.04217584],[-117.58353869,50.0419319],[-117.5836216,50.04185953],[-117.58375972,50.04173292],[-117.58386576,50.0416264],[-117.58396668,50.04152501],[-117.58418816,50.041362],[-117.58441942,50.04118317],[-117.58449254,50.04112663],[-117.58466497,50.04096208],[-117.58481467,50.04081921],[-117.58491162,50.04069025],[-117.58506204,50.04049018],[-117.58527201,50.04014834],[-117.58541188,50.03978187],[-117.58547677,50.03937681],[-117.58544381,50.03896325],[-117.58543468,50.03886166],[-117.5854115,50.03860365],[-117.58539944,50.03835371],[-117.58539284,50.038217],[-117.58537136,50.03808292],[-117.58533239,50.03783956],[-117.58528163,50.03767869],[-117.58521621,50.03747139],[-117.58517947,50.0372269],[-117.58515543,50.03706696],[-117.58510395,50.03689454],[-117.58505353,50.0367257],[-117.58504551,50.03659689],[-117.58503618,50.03644697],[-117.58504804,50.03627302],[-117.58510631,50.03608985],[-117.58510641,50.03608968],[-117.58521103,50.03589745],[-117.5852652,50.03583263],[-117.58544502,50.03561745],[-117.58572132,50.03537322],[-117.58576367,50.03533094],[-117.58601104,50.03508395],[-117.58614835,50.03489441],[-117.58615514,50.03488502],[-117.5862857,50.0347048],[-117.58632509,50.03465304],[-117.5863406,50.03463266],[-117.58634067,50.03463257],[-117.58632964,50.03461635],[-117.58629803,50.03456984],[-117.58594644,50.03436474],[-117.5857481,50.03421721],[-117.58559416,50.0341027],[-117.58559394,50.03410255],[-117.58525636,50.03388254],[-117.58525633,50.03388252],[-117.58479298,50.03366902],[-117.58435815,50.03350632],[-117.58393778,50.03338552],[-117.58328112,50.03335285],[-117.58270127,50.03325782],[-117.58214555,50.03310472],[-117.58161395,50.03289352],[-117.58161385,50.03289343],[-117.58127975,50.0325834],[-117.58116658,50.0324484],[-117.58102946,50.03228485],[-117.58097722,50.03219472],[-117.58086311,50.03199787],[-117.58080283,50.03186588],[-117.58074837,50.03174662],[-117.58043817,50.03149633],[-117.58039647,50.03145408],[-117.5803675,50.03142473],[-117.58026857,50.03132629],[-117.5802282,50.03129409],[-117.58008059,50.03117633],[-117.57992542,50.03106347],[-117.57980357,50.03097485],[-117.5794084,50.03072966],[-117.5793723,50.03070724],[-117.57937218,50.03070717],[-117.57887543,50.03042485],[-117.57843971,50.03018418],[-117.57810409,50.03014088],[-117.57780825,50.03006956],[-117.57771825,50.03004786],[-117.57739088,50.02991558],[-117.57712198,50.02974403],[-117.57678321,50.02943692],[-117.57671894,50.0293721],[-117.57640163,50.02905207],[-117.5761813,50.02883968],[-117.57607675,50.02873889],[-117.57582556,50.02854545],[-117.57568219,50.02843505],[-117.57543279,50.02820543],[-117.57515534,50.02796397],[-117.57506997,50.0278932],[-117.5748498,50.02771065],[-117.57475342,50.02763324],[-117.57463836,50.02754082],[-117.57451143,50.02743351],[-117.57419538,50.02738339],[-117.57406536,50.02736276],[-117.5738514,50.02733858],[-117.57361645,50.02731202],[-117.5735685,50.0272404],[-117.57334638,50.02690862],[-117.57333108,50.02666842],[-117.5733292,50.02663888],[-117.5732971,50.02628828],[-117.57325062,50.02590176],[-117.57324613,50.02583908],[-117.57323388,50.02566799],[-117.57321767,50.02547919],[-117.57320553,50.02524433],[-117.57319954,50.02512852],[-117.57318237,50.02485877],[-117.57315049,50.02452616],[-117.5730763,50.02415776],[-117.57291805,50.0237628],[-117.57289072,50.02369879],[-117.5727457,50.02335892],[-117.57262689,50.02308869],[-117.57258788,50.02299994],[-117.57258785,50.02299978],[-117.57252916,50.02275738],[-117.57242826,50.02249106],[-117.57242822,50.02249098],[-117.57223872,50.02220418],[-117.57196053,50.02189675],[-117.57166291,50.02152047],[-117.57144937,50.02117075],[-117.57131904,50.02077566],[-117.57123369,50.02052827],[-117.57118894,50.02039854],[-117.5711152,50.02006612],[-117.57109699,50.02002922],[-117.57092926,50.01968928],[-117.57086689,50.01954118],[-117.57078563,50.01934822],[-117.57061418,50.01901628],[-117.57052638,50.01867494],[-117.57049399,50.01829734],[-117.570503,50.01811503],[-117.57050526,50.01806944],[-117.57052049,50.01801811],[-117.57057237,50.01784325],[-117.57068077,50.0175679],[-117.57071795,50.01749417],[-117.57083079,50.01727036],[-117.57089382,50.01696125],[-117.57092122,50.01665531],[-117.57089059,50.01653695],[-117.57083832,50.01633494],[-117.57079884,50.01617179],[-117.57076005,50.01601153],[-117.57071328,50.01559803],[-117.57069676,50.01549313],[-117.57066799,50.01531044],[-117.570625,50.01514748],[-117.57058032,50.01497809],[-117.57049168,50.0145648],[-117.57048889,50.01432978],[-117.57048657,50.0141331],[-117.57046803,50.01374645],[-117.5703794,50.01333316],[-117.57035437,50.01324076],[-117.5703502,50.01322537],[-117.57032048,50.01307262],[-117.57030515,50.01301905],[-117.5702768,50.01291993],[-117.5702745,50.01272578],[-117.57026819,50.01219145],[-117.57027926,50.01194856],[-117.57024667,50.01155298],[-117.57022675,50.01142283],[-117.57021641,50.01135526],[-117.5701816,50.01111822],[-117.5701557,50.01094182],[-117.57016706,50.01072291],[-117.57021116,50.01051883],[-117.57023533,50.01044163],[-117.57026945,50.01033266],[-117.57032559,50.0102285],[-117.57036504,50.0101553],[-117.57043937,50.01004902],[-117.57049618,50.00996778],[-117.57056792,50.00988165],[-117.57063074,50.00980623],[-117.5706585,50.0097678],[-117.5707177,50.00968588],[-117.57073747,50.00964331],[-117.57074271,50.00963205],[-117.57063293,50.00960829],[-117.57041516,50.00949685],[-117.57022229,50.00936297],[-117.57002626,50.009238],[-117.56980375,50.00913118],[-117.56955751,50.00904252],[-117.56930392,50.0089674],[-117.5690486,50.00889654],[-117.56879755,50.00881679],[-117.568551,50.00873276],[-117.56831647,50.00863484],[-117.56811295,50.0085145],[-117.56793093,50.00837599],[-117.56775279,50.00823749],[-117.5675802,50.00809898],[-117.56740792,50.00795585],[-117.56723453,50.00781272],[-117.56705585,50.00767421],[-117.56687654,50.00753998],[-117.56667895,50.00741073],[-117.56645369,50.00730392],[-117.56621443,50.00721063],[-117.56596727,50.00713088],[-117.56571426,50.00705575],[-117.56545256,50.00698952],[-117.56518453,50.0069411],[-117.56491888,50.00688413],[-117.56466106,50.00681791],[-117.56441058,50.00673815],[-117.56416318,50.00665377],[-117.56391303,50.00657437],[-117.56365915,50.00649888],[-117.56340449,50.00642376],[-117.5631492,50.0063529],[-117.56289454,50.00627778],[-117.56263901,50.00620728],[-117.56238403,50.00613179],[-117.56212962,50.0060613],[-117.56187575,50.00598581],[-117.5616256,50.00590641],[-117.56137933,50.00582203],[-117.56112467,50.0057469],[-117.56086631,50.00568068],[-117.56060936,50.00560982],[-117.5603578,50.00553007],[-117.56011437,50.00544141],[-117.55987088,50.00535702],[-117.55961425,50.00528653],[-117.55934459,50.0052381],[-117.55906924,50.00520819],[-117.55851318,50.00517473],[-117.55796122,50.00512345],[-117.55768233,50.00511135],[-117.55740359,50.00510814],[-117.55712726,50.00513627],[-117.55685417,50.00517366],[-117.55658409,50.00521567],[-117.55631743,50.00527086],[-117.5560529,50.00533032],[-117.55579146,50.00539014],[-117.55553185,50.00545886],[-117.5552731,50.00552295],[-117.55501404,50.00559166],[-117.5547545,50.00565611],[-117.55449488,50.00572483],[-117.55423558,50.00578892],[-117.55397651,50.00585763],[-117.55371745,50.00592635],[-117.55346004,50.00599507],[-117.55320264,50.00606379],[-117.55294603,50.00613215],[-117.55269163,50.0062055],[-117.55243771,50.00628312],[-117.55218031,50.00635184],[-117.5519172,50.00641165],[-117.55165377,50.00647111],[-117.55139256,50.00653556],[-117.5511346,50.00660428],[-117.55088559,50.00668617],[-117.55064291,50.00677269],[-117.55040158,50.00686384],[-117.55016983,50.00696389],[-117.54998313,50.00709527],[-117.54983047,50.00724873],[-117.54969364,50.00740255],[-117.5495683,50.00756491],[-117.54946092,50.00773189],[-117.54934444,50.00789425],[-117.54921909,50.00805661],[-117.54905361,50.0081969],[-117.54877153,50.00819369],[-117.54850162,50.00814563],[-117.54822966,50.00810646],[-117.5479513,50.00809436],[-117.5476747,50.00811785],[-117.54740239,50.00815987],[-117.54713388,50.00820616],[-117.54687179,50.00827025],[-117.5466253,50.00835249],[-117.54640146,50.00846144],[-117.54621277,50.00859247],[-117.54601339,50.00871958],[-117.54574297,50.00876124],[-117.54546674,50.00873098],[-117.54519738,50.00868291],[-117.54491839,50.00867508],[-117.54436025,50.00867793],[-117.54408111,50.00868362],[-117.54380221,50.00869395],[-117.54352489,50.00870855],[-117.54324884,50.00873703],[-117.54297438,50.00876979],[-117.54269992,50.00880254],[-117.54242601,50.0088353],[-117.54214917,50.00885916],[-117.54187098,50.00887838],[-117.54159215,50.00887945],[-117.54131553,50.00886307],[-117.54105408,50.00879649],[-117.54078639,50.00874842],[-117.54051016,50.00871816],[-117.54023266,50.00870142],[-117.53995391,50.00869822],[-117.53967501,50.00870855],[-117.53939618,50.0087146],[-117.53911759,50.0087203],[-117.53883821,50.00872136],[-117.5385593,50.00873169],[-117.53828119,50.00874664],[-117.53800355,50.00876587],[-117.53772568,50.00878047],[-117.53744781,50.00880005],[-117.53716993,50.00881465],[-117.53689229,50.00883388],[-117.53661418,50.00884883],[-117.53605891,50.00888728],[-117.53550292,50.00891684],[-117.53522528,50.00893606],[-117.53494844,50.00895992],[-117.53467397,50.00899267],[-117.53440702,50.00904323],[-117.53414167,50.00910305],[-117.53386989,50.00914008],[-117.53359201,50.00915966],[-117.53331778,50.00919206],[-117.53306335,50.00926541],[-117.53283211,50.00936546],[-117.53261703,50.00947869],[-117.53241239,50.00960117],[-117.53220332,50.00972365],[-117.53197921,50.00982797],[-117.53174275,50.0099234],[-117.5315104,50.01002345],[-117.53129286,50.01013703],[-117.53109534,50.01026378],[-117.53095095,50.01041724],[-117.5308333,50.0105796],[-117.53072864,50.01074659],[-117.53062889,50.01091785],[-117.53053143,50.01108484],[-117.53046983,50.01126037],[-117.53037673,50.01143163],[-117.53011402,50.011406],[-117.52988603,50.01129918],[-117.52961145,50.01126892],[-117.52933253,50.01127924],[-117.52906391,50.0113298],[-117.52881572,50.01141205],[-117.52857189,50.01149857],[-117.52832964,50.01158936],[-117.5280858,50.01167589],[-117.52783872,50.01175813],[-117.52759076,50.01184003],[-117.5273409,50.01192227],[-117.5270897,50.01199989],[-117.52683684,50.01207751],[-117.52658151,50.0121505],[-117.52632295,50.01221922],[-117.52606168,50.01227868],[-117.52579876,50.01234313],[-117.5255348,50.01239832],[-117.52526966,50.01245778],[-117.5250038,50.01250834],[-117.52473708,50.01256352],[-117.52446987,50.01261444],[-117.5242018,50.012665],[-117.52393269,50.01271129],[-117.52366192,50.01275757],[-117.52339036,50.01279923],[-117.52311745,50.01283626],[-117.5228424,50.01286902],[-117.52256474,50.01288824],[-117.52228573,50.01288041],[-117.52144814,50.01288433],[-117.52116881,50.01288112],[-117.52089058,50.01287792],[-117.52061126,50.01287471],[-117.5203328,50.01288931],[-117.5200564,50.01291744],[-117.51978302,50.0129502],[-117.51951145,50.01299186],[-117.51924281,50.01304241],[-117.51898265,50.01310686],[-117.51874774,50.01320655],[-117.51854528,50.01332904],[-117.51832581,50.01343799],[-117.51809446,50.01354231],[-117.51785527,50.01363346],[-117.51760516,50.01371108],[-117.51734301,50.01377517],[-117.51707358,50.0138211],[-117.51680042,50.01385849],[-117.51652307,50.01387308],[-117.51626106,50.01381149],[-117.51603664,50.01370432],[-117.51576664,50.01366052],[-117.51549483,50.01370254],[-117.5152668,50.01380686],[-117.51504787,50.01391581],[-117.51481873,50.01402013],[-117.51458223,50.01411556],[-117.5143272,50.0141889],[-117.51406505,50.01425299],[-117.51380622,50.01431708],[-117.51354897,50.01438544],[-117.51329338,50.01445879],[-117.5130473,50.01454531],[-117.51282393,50.01465426],[-117.51262859,50.01478102],[-117.51244393,50.01491667],[-117.51226972,50.0150566],[-117.51209994,50.01520152],[-117.51192518,50.01534144],[-117.51173561,50.01547283],[-117.51151857,50.01558641],[-117.5112416,50.01559211],[-117.51099027,50.01551199],[-117.51074147,50.01543224],[-117.5104941,50.01534785],[-117.51023043,50.01528626],[-117.50996383,50.0152332],[-117.50969557,50.01518514],[-117.50942556,50.01514134],[-117.50915532,50.01509292],[-117.50888128,50.01506266],[-117.50860337,50.01507725],[-117.50833257,50.01512354],[-117.50806803,50.01517873],[-117.50781077,50.01524709],[-117.50756412,50.01533361],[-117.50732325,50.01542476],[-117.50708182,50.01551591],[-117.50676891,50.01565192],[-117.5065354,50.01575197],[-117.50629207,50.01583849],[-117.50603971,50.01591611],[-117.50578134,50.01598447],[-117.50551569,50.01603966],[-117.50523911,50.01605889],[-117.5049676,50.016024],[-117.50471153,50.0159535],[-117.50445031,50.01589155],[-117.50417778,50.01585238],[-117.50390294,50.01581749],[-117.50362661,50.01579149],[-117.50334972,50.01577049],[-117.50307219,50.01575375],[-117.50279443,50.01573239],[-117.50251722,50.01571103],[-117.5022397,50.01569429],[-117.50196099,50.01568183],[-117.50168164,50.01567863],[-117.50140095,50.01569322],[-117.50115745,50.01577084],[-117.50095432,50.0158976],[-117.50073425,50.01600655],[-117.50048133,50.01608417],[-117.50021433,50.01613473],[-117.49993593,50.01614505],[-117.49965777,50.01613259],[-117.49938468,50.01609343],[-117.49911919,50.01604038],[-117.49885972,50.01597415],[-117.49859685,50.0159122],[-117.49833002,50.0158595],[-117.49806034,50.01581108],[-117.49778424,50.01578971],[-117.49750656,50.01580894],[-117.4972344,50.0158506],[-117.49696629,50.01590116],[-117.4966996,50.01595207],[-117.49643037,50.01600263],[-117.49616043,50.01604429],[-117.49588931,50.01609022],[-117.49562016,50.01613651],[-117.49535339,50.0161917],[-117.49509532,50.01625543],[-117.49484484,50.01633768],[-117.49458487,50.01640177],[-117.49431058,50.01643417],[-117.49403218,50.01642206],[-117.49376417,50.01637364],[-117.49350922,50.01629816],[-117.49325569,50.01622303],[-117.49299338,50.01616108],[-117.49272426,50.01611265],[-117.49245228,50.01607349],[-117.49218007,50.01602969],[-117.49190746,50.0159948],[-117.49163319,50.01595991],[-117.49136209,50.01591611],[-117.49109638,50.01586342],[-117.4908355,50.01579684],[-117.49057826,50.01573061],[-117.49032023,50.01565976],[-117.49005792,50.0155978],[-117.48979,50.01554511],[-117.48955295,50.01545609],[-117.48938417,50.01531296],[-117.48925908,50.01515167],[-117.48915094,50.01498575],[-117.48905808,50.0148152],[-117.48898826,50.01464002],[-117.48892065,50.01446484],[-117.48884109,50.01429429],[-117.48875267,50.01412375],[-117.48863956,50.01395782],[-117.48850031,50.01380116],[-117.48833542,50.01365803],[-117.48812643,50.01354196],[-117.48788165,50.01345294],[-117.48763378,50.01336856],[-117.48736754,50.01331586],[-117.48709067,50.01328987],[-117.4868126,50.01329557],[-117.48653856,50.0133326],[-117.48626404,50.01336535],[-117.48598738,50.01338885],[-117.4857097,50.01340808],[-117.48543202,50.01342731],[-117.48487619,50.0134565],[-117.48459772,50.0134711],[-117.4843206,50.01349033],[-117.48404418,50.01351846],[-117.48376523,50.01352878],[-117.4834886,50.01350742],[-117.48322094,50.01345437],[-117.48296626,50.01338351],[-117.48271959,50.01329486],[-117.48247926,50.01320584],[-117.48224257,50.0131122],[-117.48200121,50.01301892],[-117.48175866,50.0129299],[-117.48151358,50.01284552],[-117.48125836,50.01277466],[-117.48098927,50.01272624],[-117.48071154,50.01270488],[-117.48043253,50.01269704],[-117.48015321,50.01269384],[-117.47987743,50.01271271],[-117.47963295,50.01279923],[-117.47941694,50.01291281],[-117.47917982,50.01300823],[-117.47891794,50.01306769],[-117.47863782,50.01305986],[-117.47836358,50.01302497],[-117.47809989,50.01296764],[-117.47785568,50.01287863],[-117.47763192,50.01277146],[-117.47741544,50.01266001],[-117.4772049,50.01253967],[-117.47700268,50.01241434],[-117.47680996,50.01228474],[-117.47662976,50.0121505],[-117.47645328,50.01200737],[-117.47627197,50.01187314],[-117.47609185,50.01173463],[-117.47590833,50.0116004],[-117.4757081,50.01147543],[-117.47548102,50.01136826],[-117.47522693,50.0112974],[-117.47495445,50.01125824],[-117.47467545,50.0112504],[-117.47383781,50.01125361],[-117.4735592,50.0112593],[-117.47328255,50.0112828],[-117.47300621,50.01130666],[-117.47244797,50.0113088],[-117.4721692,50.01130559],[-117.4718898,50.01130666],[-117.47161136,50.01129883],[-117.47133452,50.01127283],[-117.47106292,50.01122904],[-117.47078837,50.01119878],[-117.47051121,50.01117741],[-117.47023396,50.01116032],[-117.46995497,50.01115249],[-117.46967557,50.01115356],[-117.46939719,50.01116388],[-117.46911928,50.01117848],[-117.4685618,50.01120768],[-117.46828311,50.01121765],[-117.46800426,50.01121871],[-117.46772495,50.01121551],[-117.46744618,50.0112123],[-117.46716806,50.01119984],[-117.4668944,50.01116495],[-117.46664009,50.01108947],[-117.46639869,50.01100045],[-117.46615904,50.01090717],[-117.46592185,50.01081353],[-117.46568078,50.01071989],[-117.46543463,50.0106355],[-117.46518144,50.01056002],[-117.46491579,50.01050732],[-117.46464158,50.01047243],[-117.4643653,50.01044644],[-117.46408814,50.01042507],[-117.46381011,50.01040834],[-117.463532,50.01039588],[-117.46325269,50.01039267],[-117.46269445,50.01039481],[-117.46241538,50.01039125],[-117.462137,50.01040157],[-117.46186563,50.01044288],[-117.46159703,50.01048916],[-117.461324,50.01053046],[-117.46104618,50.01054079],[-117.46076783,50.0105237],[-117.4604933,50.01049344],[-117.46022107,50.01045391],[-117.45995147,50.01040549],[-117.45968472,50.01035279],[-117.45942559,50.01028621],[-117.45917352,50.01021073],[-117.45892462,50.01012635],[-117.45867683,50.01004196],[-117.45841992,50.00997538],[-117.45814277,50.00995402],[-117.45786529,50.00993728],[-117.45759197,50.00989776],[-117.45732293,50.00984934],[-117.45705245,50.00980554],[-117.45678452,50.00975712],[-117.4565277,50.00968627],[-117.45626913,50.00961968],[-117.45599438,50.00958479],[-117.45571531,50.00958123],[-117.45543583,50.00959156],[-117.45515769,50.00960152],[-117.45487853,50.00960722],[-117.45459992,50.00961292],[-117.45432246,50.0095912],[-117.45405112,50.00955203],[-117.45378264,50.00950361],[-117.45351559,50.00945056],[-117.453246,50.00940214],[-117.45297609,50.00935834],[-117.45270849,50.00930529],[-117.45244683,50.00924334],[-117.45219962,50.00915895],[-117.45197285,50.00905641],[-117.45175092,50.00894496],[-117.45151543,50.00885132],[-117.45125235,50.008794],[-117.45097218,50.00879044],[-117.45069451,50.00880966],[-117.45041568,50.00881073],[-117.45013798,50.00878937],[-117.44986053,50.00876765],[-117.44958546,50.00873739],[-117.44931183,50.00870249],[-117.44904082,50.0086587],[-117.44877345,50.00861028],[-117.4485084,50.00855259],[-117.44824478,50.00849527],[-117.44798203,50.00843332],[-117.44772071,50.00836673],[-117.44746073,50.00830478],[-117.44720139,50.00823856],[-117.44694174,50.00817197],[-117.44668154,50.00810539],[-117.44642101,50.00804344],[-117.44616001,50.00797721],[-117.44589893,50.00791526],[-117.44563563,50.00785331],[-117.44537027,50.00780026],[-117.44510213,50.0077472],[-117.44483279,50.00770341],[-117.44456378,50.00765499],[-117.44429565,50.00760193],[-117.44403005,50.00754924],[-117.44376786,50.00748729],[-117.44351472,50.0074118],[-117.44329219,50.00730463],[-117.44309905,50.00717503],[-117.4429045,50.00704507],[-117.44270328,50.00692009],[-117.44250563,50.00679476],[-117.44229801,50.00667442],[-117.44206629,50.00657187],[-117.44179665,50.00652772],[-117.44151899,50.00654695],[-117.441257,50.00661068],[-117.44099343,50.00667015],[-117.44071554,50.00668474],[-117.44043699,50.00666801],[-117.4401625,50.00663276],[-117.43989516,50.00658434],[-117.43963728,50.00651348],[-117.43938892,50.00643337],[-117.43915102,50.00634008],[-117.43892264,50.00623754],[-117.43870797,50.00612111],[-117.43851716,50.00598724],[-117.43833601,50.00585301],[-117.43814544,50.00571877],[-117.4379299,50.00560697],[-117.43768496,50.00552259],[-117.43742368,50.00545601],[-117.43715151,50.00541649],[-117.43687288,50.00540402],[-117.43659443,50.00541862],[-117.43631788,50.00543785],[-117.43604194,50.00547025],[-117.43576766,50.00550265],[-117.43549472,50.00553968],[-117.43522232,50.00557671],[-117.43495016,50.00561837],[-117.43467777,50.0056554],[-117.43440427,50.00569243],[-117.43412999,50.00572483],[-117.43385413,50.00575295],[-117.43330029,50.00579995],[-117.4330242,50.00582345],[-117.43274858,50.00585123],[-117.43247508,50.00588825],[-117.43220449,50.00593419],[-117.4319369,50.00598474],[-117.43167088,50.00603958],[-117.43140684,50.00609476],[-117.43114373,50.0061585],[-117.43088181,50.00621796],[-117.43062013,50.00628205],[-117.43035923,50.00634578],[-117.43009754,50.00640987],[-117.42983507,50.00646933],[-117.42930847,50.00658825],[-117.42904544,50.00664771],[-117.42878399,50.00671145],[-117.42858366,50.00676165],[-117.42084323,50.00967701],[-117.42080791,50.00960971],[-117.420779,50.00953779],[-117.42072239,50.00943026],[-117.42068024,50.0093765],[-117.42060997,50.00933164],[-117.42052529,50.00925117],[-117.42048327,50.00920631],[-117.42042653,50.00912548],[-117.42039804,50.00904466],[-117.42035538,50.00892787],[-117.42034047,50.00886485],[-117.42028447,50.00881109],[-117.42022805,50.00873062],[-117.4201576,50.0086587],[-117.42008645,50.00854227],[-117.42004439,50.00847925],[-117.41998784,50.00842548],[-117.41994522,50.00832686],[-117.41994458,50.00825493],[-117.41990197,50.00819191],[-117.41987353,50.00812925],[-117.4198873,50.00805733],[-117.41992816,50.00796724],[-117.4199555,50.00791312],[-117.4199827,50.0078501],[-117.41999605,50.00778708],[-117.42000995,50.00772406],[-117.41999491,50.00765214],[-117.41998056,50.00758912],[-117.41993837,50.00751719],[-117.41993773,50.00744527],[-117.41989498,50.00733774],[-117.41985227,50.00728398],[-117.41981022,50.00722096],[-117.41973982,50.00716719],[-117.41966928,50.00710453],[-117.41961314,50.00704186],[-117.4195426,50.0069792],[-117.41944422,50.00690763],[-117.41938836,50.00686277],[-117.41931782,50.0068001],[-117.41923357,50.00674634],[-117.41912134,50.00667477],[-117.41903741,50.00662137],[-117.41893931,50.0065676],[-117.41886863,50.00649604],[-117.41879805,50.00641521],[-117.41874188,50.00633439],[-117.41867134,50.00627172],[-117.41858682,50.00620016],[-117.41853082,50.00614639],[-117.41846011,50.00605667],[-117.41838926,50.00595804],[-117.41833322,50.00588612],[-117.4182764,50.00581455],[-117.41823436,50.00575153],[-117.41819166,50.00569777],[-117.41807971,50.0056084],[-117.41799529,50.00552757],[-117.41793875,50.00547381],[-117.41784069,50.0054382],[-117.41775649,50.0054026],[-117.41765875,50.00540296],[-117.41746382,50.00540367],[-117.41735223,50.00540402],[-117.41722652,50.00538658],[-117.41712833,50.00534207],[-117.41705835,50.00531501],[-117.41696016,50.0052705],[-117.41687623,50.0052527],[-117.4167645,50.00524416],[-117.41661127,50.00525377],[-117.41654091,50.00521816],[-117.4165405,50.00521779],[-117.40424639,50.00812944],[-117.40091053,50.00186695],[-117.39777093,49.99683429],[-117.39591686,49.99355926],[-117.39227942,49.98691902],[-117.39172566,49.98551657],[-117.38755172,49.97665714],[-117.38341114,49.96855261],[-117.37986193,49.96197106],[-117.37941171,49.95854392],[-117.37856935,49.95213022],[-117.36666341,49.95210027],[-117.36440709,49.95209445],[-117.36440611,49.95208768],[-117.36438873,49.9520192],[-117.36436103,49.95191001],[-117.3643531,49.95188473],[-117.36431196,49.95175698],[-117.36430448,49.95173376],[-117.36430329,49.95173119],[-117.36422483,49.95156143],[-117.36411574,49.95139587],[-117.3639951,49.95123351],[-117.36384998,49.95108041],[-117.36372103,49.95097534],[-117.3636765,49.95093905],[-117.36349335,49.95080304],[-117.36345112,49.95077704],[-117.36329211,49.95067913],[-117.36307818,49.95056342],[-117.36304294,49.95054668],[-117.3628774,49.95046864],[-117.36285338,49.95045731],[-117.36261649,49.9503626],[-117.3623967,49.95025152],[-117.36232754,49.95021716],[-117.36217594,49.95014185],[-117.36209538,49.95009948],[-117.36198675,49.95004287],[-117.36195948,49.95002827],[-117.36175818,49.94990365],[-117.36175022,49.94989771],[-117.36157615,49.94976764],[-117.36141197,49.9496315],[-117.36140483,49.94962558],[-117.36124721,49.9494771],[-117.36109016,49.94932863],[-117.36098788,49.94924917],[-117.36091233,49.94919048],[-117.36079534,49.94911372],[-117.36071644,49.94906194],[-117.36061924,49.94900201],[-117.36051491,49.94893768],[-117.3603152,49.94881235],[-117.36030375,49.94880564],[-117.36010876,49.94869129],[-117.36010527,49.94868839],[-117.359938,49.94854923],[-117.35977224,49.94840467],[-117.3597432,49.94838117],[-117.35969087,49.9483388],[-117.35959776,49.94826403],[-117.35957198,49.94824495],[-117.35941441,49.94812838],[-117.35922627,49.94799984],[-117.35926757,49.94781968],[-117.3592287,49.94783143],[-117.35716349,49.94844313],[-117.35710205,49.94846128],[-117.35695051,49.9485065],[-117.35685389,49.94851113],[-117.35672735,49.94851682],[-117.35671924,49.94851718],[-117.35619883,49.9485293],[-117.3560162,49.94853355],[-117.35585605,49.94853727],[-117.35540356,49.9485478],[-117.35540334,49.9485478],[-117.35540971,49.95031561],[-117.35512353,49.95031561],[-117.35466679,49.9503156],[-117.35466656,49.95031561],[-117.35466607,49.95090879],[-117.35369659,49.95158569],[-117.3530908,49.95200863],[-117.35363646,49.95233407],[-117.35363624,49.95233422],[-117.35359423,49.95236359],[-117.35346434,49.95245441],[-117.35406604,49.9528126],[-117.35406578,49.95281279],[-117.35404827,49.95282506],[-117.35404818,49.95317788],[-117.35404818,49.95317791],[-117.35371023,49.95317791],[-117.35336863,49.95317791],[-117.35336864,49.95330644],[-117.35336883,49.95377346],[-117.35336885,49.95383891],[-117.35336887,49.95387513],[-117.35331174,49.95387328],[-117.35300531,49.9538747],[-117.3527255,49.95386616],[-117.35251822,49.95389464],[-117.35243369,49.95391173],[-117.35208604,49.95399434],[-117.35197314,49.95399434],[-117.35184828,49.95398579],[-117.35176458,49.9539687],[-117.35158355,49.95387898],[-117.35126045,49.95369098],[-117.35103647,49.95359271],[-117.35098206,49.95353859],[-117.35091169,49.95351153],[-117.35082662,49.95351295],[-117.35074387,49.95349444],[-117.35050781,49.95352292],[-117.35039626,49.95356707],[-117.35021462,49.95364968],[-117.35016062,49.95369383],[-117.34996574,49.95376646],[-117.34981162,49.95384764],[-117.34974207,49.95390176],[-117.34965874,49.95393025],[-117.34943602,49.95394876],[-117.34917086,49.9539217],[-117.34907434,49.95387755],[-117.34890442,49.95372516],[-117.34882118,49.95368101],[-117.34863896,49.95346453],[-117.34847033,49.95336626],[-117.34838668,49.9533392],[-117.34803738,49.95325945],[-117.34780004,49.95323381],[-117.34753445,49.95317114],[-117.34745212,49.95313554],[-117.34727012,49.9531099],[-117.34710282,49.95305578],[-117.34700325,49.95299312],[-117.34696213,49.952939],[-117.34684843,49.95274246],[-117.34676488,49.95264276],[-117.34652549,49.95241916],[-117.34644321,49.95237359],[-117.34617714,49.95228529],[-117.34609218,49.95226677],[-117.34591284,49.95227674],[-117.34571711,49.95233086],[-117.34554964,49.95242201],[-117.34546727,49.95244907],[-117.34527196,49.9524861],[-117.34507718,49.9524861],[-117.3447278,49.95247898],[-117.34440726,49.95246189],[-117.3442404,49.95244337],[-117.34415629,49.95244337],[-117.34382194,49.95246331],[-117.34371037,49.95245477],[-117.34359832,49.95247328],[-117.34343231,49.95247328],[-117.34309717,49.95246474],[-117.34279075,49.95246616],[-117.34260966,49.95244907],[-117.34237111,49.95235934],[-117.34228794,49.95230523],[-117.34214891,49.95228813],[-117.3418828,49.9522625],[-117.34159109,49.95223544],[-117.34143614,49.95218274],[-117.34132419,49.95212862],[-117.34122684,49.95206596],[-117.34105866,49.95200329],[-117.34096168,49.9519862],[-117.34086391,49.95194063],[-117.34065362,49.95188793],[-117.34048676,49.95181672],[-117.34027619,49.95164582],[-117.34021869,49.95158315],[-117.34007806,49.9514037],[-117.33975772,49.95118865],[-117.3396024,49.95109037],[-117.33933684,49.95102771],[-117.33898932,49.95097501],[-117.33873651,49.95094938],[-117.33845809,49.95092232],[-117.33812253,49.95082547],[-117.33798451,49.95074429],[-117.33780174,49.95069017],[-117.3376624,49.95056484],[-117.33739467,49.95038681],[-117.33726824,49.95021591],[-117.3371855,49.9501447],[-117.33691953,49.95009912],[-117.33683668,49.95010055],[-117.33653033,49.950092],[-117.33648828,49.950092],[-117.33616602,49.95004785],[-117.33585841,49.94993249],[-117.33570764,49.94984884],[-117.33566332,49.94982425],[-117.33560667,49.9497801],[-117.33555007,49.94972598],[-117.33546638,49.94970889],[-117.33524337,49.94961917],[-117.33497908,49.94961062],[-117.33488121,49.94963768],[-117.33460221,49.94971032],[-117.33453889,49.94971798],[-117.33429624,49.94974735],[-117.33404607,49.94975731],[-117.33382162,49.94974877],[-117.33372471,49.94972171],[-117.33364149,49.94967756],[-117.33350471,49.9495731],[-117.3334177,49.94950665],[-117.33327652,49.9494269],[-117.33299812,49.94934714],[-117.33281578,49.94927593],[-117.332691,49.94925742],[-117.33249407,49.94919475],[-117.33214538,49.94902527],[-117.33193518,49.94896261],[-117.3316705,49.94892609],[-117.33161514,49.94891846],[-117.3314053,49.94890136],[-117.33132161,49.94888427],[-117.33102778,49.94879455],[-117.33078977,49.94867776],[-117.33073444,49.94862507],[-117.33066541,49.94858946],[-117.33038451,49.94845416],[-117.330315,49.94844562],[-117.33020433,49.94844562],[-117.32989704,49.9484385],[-117.3296872,49.94842141],[-117.32952078,49.9483858],[-117.32928194,49.9482505],[-117.32917003,49.94814369],[-117.32914222,49.94808957],[-117.32914132,49.94808102],[-117.32909982,49.94799129],[-117.32895795,49.94782039],[-117.32888941,49.94775773],[-117.3286918,49.94755121],[-117.32864988,49.94742588],[-117.32862573,49.94737089],[-117.32855104,49.94720086],[-117.32843871,49.94711113],[-117.32827009,49.94707553],[-117.32810236,49.94707639],[-117.32799248,49.94707695],[-117.32768484,49.94707695],[-117.32753255,49.94705986],[-117.32733696,49.94698865],[-117.32725251,49.94694308],[-117.3270832,49.94676363],[-117.3270009,49.94672802],[-117.32684695,49.94662121],[-117.32663476,49.94642324],[-117.32660828,49.94636058],[-117.32656541,49.94628936],[-117.32650754,49.94617892],[-117.32645199,49.94607289],[-117.32628228,49.94585783],[-117.32619826,49.94579516],[-117.32604645,49.94575101],[-117.3258362,49.94575101],[-117.32548909,49.94574389],[-117.3254609,49.9457349],[-117.32515462,49.94562508],[-117.32504143,49.94553738],[-117.32471986,49.94534084],[-117.32467568,49.94527818],[-117.32459338,49.94524257],[-117.32453682,49.94518845],[-117.32445231,49.94515285],[-117.32425631,49.94509873],[-117.32415936,49.94508164],[-117.32382476,49.94504603],[-117.32372691,49.94502039],[-117.3235319,49.94491215],[-117.3234615,49.94489506],[-117.32329345,49.94482243],[-117.32307083,49.94477828],[-117.32279151,49.94475264],[-117.32252595,49.94469995],[-117.32244151,49.94465437],[-117.32231642,49.94453759],[-117.32230101,49.94447492],[-117.32225905,49.94441226],[-117.32219053,49.94434959],[-117.32199298,49.94414308],[-117.32195191,49.94408896],[-117.32195068,49.94403484],[-117.3217821,49.94394654],[-117.32169889,49.94395509],[-117.32137876,49.94398357],[-117.32129507,49.94401918],[-117.32110114,49.94403769],[-117.32103073,49.9440733],[-117.32097657,49.94413738],[-117.32079461,49.94416444],[-117.32059979,49.94417441],[-117.32036126,49.94414735],[-117.32011127,49.94408469],[-117.31985983,49.94405051],[-117.31977671,49.94399639],[-117.31966344,49.94396078],[-117.31941339,49.94390809],[-117.31923206,49.94383545],[-117.31896563,49.94377421],[-117.31889668,49.94372864],[-117.31854639,49.9435321],[-117.31849026,49.94346089],[-117.31842009,49.94336119],[-117.31837682,49.94330707],[-117.31829281,49.94324441],[-117.31821053,49.9432088],[-117.31811269,49.94318316],[-117.31790294,49.9431561],[-117.31755502,49.94313047],[-117.317386,49.94311195],[-117.31728823,49.94307635],[-117.317178,49.94305926],[-117.3170798,49.94304074],[-117.31701113,49.94305071],[-117.31689959,49.94304217],[-117.31660697,49.94306923],[-117.3165091,49.94309629],[-117.31642534,49.94314186],[-117.3162588,49.94317889],[-117.31599307,49.94325153],[-117.31578587,49.94327004],[-117.31543753,49.9432615],[-117.31536714,49.94324441],[-117.31505879,49.94316323],[-117.31471064,49.94302935],[-117.31462698,49.94301226],[-117.31454248,49.94297665],[-117.31433406,49.94294105],[-117.31426284,49.94290544],[-117.31420851,49.94285132],[-117.31415073,49.94274308],[-117.31392751,49.94255509],[-117.3136887,49.94242976],[-117.31367453,49.94242121],[-117.31343817,49.94240412],[-117.31317261,49.94240412],[-117.31307523,49.94240412],[-117.31290869,49.94244115],[-117.31282493,49.94248673],[-117.3126858,49.942585],[-117.31259008,49.94262203],[-117.31242344,49.94272172],[-117.31229842,49.94283851],[-117.31222932,49.94286557],[-117.31204735,49.94289263],[-117.31188041,49.94289405],[-117.31153257,49.94285844],[-117.31132233,49.94285844],[-117.31114169,49.94287696],[-117.31107252,49.94291399],[-117.3108489,49.94297665],[-117.31076734,49.94302223],[-117.31060037,49.94307635],[-117.31037589,49.94307777],[-117.31025147,49.94310483],[-117.31007161,49.94319456],[-117.30998734,49.94326719],[-117.30991824,49.94329425],[-117.30983356,49.94334084],[-117.30981987,49.94334837],[-117.30969544,49.94337543],[-117.3094448,49.94341246],[-117.30937613,49.94342243],[-117.30929114,49.94341389],[-117.30903902,49.94334125],[-117.30894168,49.94328856],[-117.30884481,49.9432615],[-117.30874754,49.94319883],[-117.30857905,49.94310056],[-117.30846729,49.94298378],[-117.30833914,49.94285844],[-117.30833919,49.94283505],[-117.30833942,49.94272314],[-117.30830993,49.94264196],[-117.30824005,49.94259781],[-117.30815784,49.94255224],[-117.30805957,49.94254369],[-117.30786493,49.94248103],[-117.307753,49.94243688],[-117.30766901,49.94237421],[-117.30758535,49.94235712],[-117.30734856,49.94235712],[-117.30723612,49.94234003],[-117.30716581,49.94231297],[-117.30708139,49.9422674],[-117.30715088,49.94227594],[-117.30701161,49.94216058],[-117.30684403,49.94207086],[-117.30674555,49.94195407],[-117.30666196,49.94192701],[-117.30656509,49.94189995],[-117.30631413,49.94189141],[-117.30611843,49.94189283],[-117.30586829,49.9419028],[-117.30574126,49.94189425],[-117.30543586,49.94189426],[-117.30535227,49.94186719],[-117.30514258,49.94178744],[-117.30507188,49.94172477],[-117.30504279,49.9416792],[-117.30479237,49.9415909],[-117.30463765,49.94151826],[-117.30452604,49.94151969],[-117.30437334,49.94151969],[-117.30420605,49.94152823],[-117.30405239,49.94152966],[-117.30389887,49.94151114],[-117.30367579,49.94149405],[-117.30356476,49.94145845],[-117.30348167,49.94140433],[-117.30321507,49.94123485],[-117.30303251,49.94111806],[-117.30271066,49.94093861],[-117.30243249,49.94079619],[-117.30234852,49.94073352],[-117.30226411,49.94068795],[-117.3019434,49.94057259],[-117.30169048,49.94043871],[-117.30162024,49.94040168],[-117.30153658,49.94038459],[-117.30124452,49.9403319],[-117.30104808,49.94030484],[-117.30081262,49.94029629],[-117.30051955,49.94029772],[-117.30035219,49.94031623],[-117.3002686,49.94028917],[-117.30008765,49.94026211],[-117.30001816,49.94025357],[-117.30000356,49.94026211],[-117.29965599,49.94028205],[-117.29945973,49.94036323],[-117.29925052,49.94030911],[-117.29898692,49.94021084],[-117.29886033,49.9401852],[-117.29859579,49.94013108],[-117.29844322,49.94024929],[-117.29840294,49.94044726],[-117.29835988,49.94050138],[-117.29819379,49.94056404],[-117.29809635,49.94057401],[-117.297832,49.94062813],[-117.29773463,49.94062813],[-117.29741419,49.94061104],[-117.29728849,49.94059395],[-117.29711999,49.94054838],[-117.29702224,49.94051277],[-117.2969382,49.94046008],[-117.29677224,49.94046008],[-117.2966461,49.94046008],[-117.29632584,49.94055122],[-117.29614012,49.94060441],[-117.29597771,49.94065092],[-117.29588034,49.94065092],[-117.29565696,49.94058825],[-117.29541626,49.94046855],[-117.29540494,49.94046292],[-117.29521076,49.94038317],[-117.29512585,49.94036465],[-117.29480592,49.9403205],[-117.29458298,49.94024075],[-117.29445603,49.94022223],[-117.29431756,49.94017808],[-117.29408002,49.94010687],[-117.29405258,49.94009833],[-117.29398316,49.94007981],[-117.29389951,49.94006272],[-117.29385538,49.94000006],[-117.29354825,49.93980209],[-117.29330928,49.93957849],[-117.29326736,49.93951582],[-117.29326757,49.93944319],[-117.29323982,49.93938907],[-117.29319791,49.9393264],[-117.29311306,49.93925519],[-117.292904,49.93913841],[-117.29274967,49.93905865],[-117.29255412,49.93904014],[-117.29230399,49.93905011],[-117.29226314,49.93910423],[-117.29192807,49.93927656],[-117.29188818,49.93932925],[-117.29170525,49.93935774],[-117.29155389,49.93934919],[-117.29125852,49.93923241],[-117.29117457,49.93916974],[-117.2910358,49.93908002],[-117.29091062,49.93903587],[-117.29063037,49.93888348],[-117.29050519,49.93883933],[-117.29042117,49.93882936],[-117.29011402,49.93881227],[-117.28998648,49.93882076],[-117.28983602,49.93883078],[-117.28973777,49.93882224],[-117.28944536,49.93873393],[-117.28926367,49.93863566],[-117.28917847,49.93857157],[-117.28913657,49.93850891],[-117.28896911,49.93836649],[-117.28888561,49.93832946],[-117.28885056,49.93830742],[-117.28870215,49.9382141],[-117.2886661,49.93820923],[-117.28843845,49.93817849],[-117.28840969,49.93817849],[-117.28815875,49.93816995],[-117.28784003,49.93817992],[-117.28756121,49.93817992],[-117.2873226,49.9381728],[-117.28721114,49.93815428],[-117.28694575,49.93809162],[-117.28684853,49.93802895],[-117.2867637,49.93795774],[-117.2866515,49.93786802],[-117.28649867,49.93775977],[-117.28640145,49.93769711],[-117.28628867,49.93764441],[-117.28599635,49.93754614],[-117.2857306,49.93744787],[-117.28554885,49.9374023],[-117.28527011,49.9373496],[-117.28521361,49.93729548],[-117.28521243,49.93724136],[-117.28539307,49.93705194],[-117.28547716,49.93688104],[-117.2855313,49.93682692],[-117.28562969,49.9367728],[-117.28575398,49.9366375],[-117.28578083,49.93651217],[-117.28568296,49.93636832],[-117.28556908,49.93625154],[-117.2854353,49.93614758],[-117.28543406,49.93614663],[-117.28543283,49.93614567],[-117.28537296,49.93609915],[-117.28536851,49.93609449],[-117.2852613,49.93598236],[-117.28517663,49.93584849],[-117.28513482,49.93577585],[-117.28512169,49.93571319],[-117.28500886,49.93554228],[-117.28496557,49.93549813],[-117.28482691,49.93539844],[-117.28472757,49.93528307],[-117.28469882,49.93511217],[-117.2845736,49.93494981],[-117.28448902,49.93480596],[-117.28440391,49.93468918],[-117.28436078,49.93458236],[-117.28423468,49.93441146],[-117.28417821,49.93418643],[-117.28406576,49.93405113],[-117.28389872,49.93394432],[-117.28381383,49.9339258],[-117.28364716,49.93385459],[-117.28356219,49.93384605],[-117.28339507,49.93379193],[-117.28331232,49.93378338],[-117.28322781,49.93375775],[-117.28314344,49.93371217],[-117.28299028,49.93356833],[-117.2828498,49.93346151],[-117.28278004,49.93340739],[-117.28254361,49.93328206],[-117.28236048,49.933255],[-117.28227854,49.93326497],[-117.2820819,49.93331054],[-117.28192988,49.93339172],[-117.28166582,49.93349142],[-117.28136032,49.93355408],[-117.28117828,49.93359111],[-117.28113757,49.93358257],[-117.28109553,49.93358257],[-117.28101029,49.93352845],[-117.28080194,49.93349284],[-117.28070451,49.93350281],[-117.28035608,49.93355693],[-117.28016246,49.93362102],[-117.28007963,49.93366517],[-117.28000963,49.93368369],[-117.27989811,49.93367514],[-117.27972976,49.93357687],[-117.27960352,49.93346863],[-117.27940809,49.93339742],[-117.27912991,49.93331767],[-117.27897527,49.93324503],[-117.27862657,49.93321085],[-117.27854302,49.93318379],[-117.27839016,49.93308552],[-117.27818037,49.93295022],[-117.27809646,49.93288755],[-117.27794255,49.9328434],[-117.27776024,49.93283486],[-117.27745437,49.93286192],[-117.27725907,49.93289895],[-117.27710615,49.93297158],[-117.27698172,49.93299864],[-117.27664613,49.93302713],[-117.27656346,49.93300861],[-117.27628432,49.93297301],[-117.27611625,49.93292031],[-117.27603411,49.93287474],[-117.27583728,49.93282204],[-117.27562849,49.93280353],[-117.27546104,49.9327138],[-117.27532174,49.9326611],[-117.27505524,49.93254432],[-117.2747776,49.9324375],[-117.27467937,49.93242896],[-117.27447006,49.9324375],[-117.27419031,49.93243893],[-117.27417837,49.93243038],[-117.27402374,49.93235775],[-117.27387009,49.93224096],[-117.27378646,49.93222387],[-117.2737015,49.93221533],[-117.27353423,49.93222387],[-117.27345096,49.93224239],[-117.27336821,49.93223384],[-117.27320041,49.93226945],[-117.27310466,49.93230648],[-117.27283908,49.93231645],[-117.27261533,49.93227087],[-117.27236506,49.93218257],[-117.27209875,49.93216406],[-117.27190397,49.93217403],[-117.27170891,49.93213842],[-117.27161262,49.9320843],[-117.27145659,49.93186924],[-117.27117826,49.93185215],[-117.27087232,49.93188918],[-117.27075948,49.93188918],[-117.27066293,49.9319077],[-117.27034238,49.93195327],[-117.27013387,49.93198033],[-117.27000944,49.93200739],[-117.26984191,49.93208857],[-117.26966128,49.93210709],[-117.26946615,49.93208145],[-117.2693826,49.93205439],[-117.26911665,49.93191055],[-117.26885178,49.93183079],[-117.26869709,49.93176813],[-117.26848788,49.93172398],[-117.26823759,49.9316784],[-117.26812654,49.93165277],[-117.26792999,49.93152743],[-117.26762228,49.93142916],[-117.267302,49.9314021],[-117.26703775,49.93140353],[-117.2669404,49.93140353],[-117.2666887,49.93137647],[-117.26660561,49.93133232],[-117.26632633,49.93119844],[-117.26620013,49.9310902],[-117.26593485,49.9308666],[-117.26589167,49.93081248],[-117.26579397,49.93065867],[-117.26575212,49.930596],[-117.26566816,49.93054331],[-117.2655824,49.93051625],[-117.2653055,49.93048064],[-117.26522063,49.93046213],[-117.26504054,49.93045358],[-117.26477541,49.93044646],[-117.26446929,49.93042794],[-117.26420425,49.93041085],[-117.26407726,49.93040231],[-117.26389629,49.93038522],[-117.26361885,49.93037667],[-117.26350735,49.93036813],[-117.26324231,49.93035104],[-117.26315877,49.93032398],[-117.26296347,49.9302428],[-117.26277996,49.93007189],[-117.26272484,49.93000923],[-117.26255639,49.92981269],[-117.26248701,49.92979417],[-117.26230505,49.92982123],[-117.26208285,49.92982266],[-117.2619847,49.92980414],[-117.26190029,49.92976854],[-117.26164946,49.92959905],[-117.26146823,49.92953639],[-117.26137009,49.92951788],[-117.26103445,49.92943812],[-117.26085436,49.92942957],[-117.2605756,49.92942957],[-117.26049144,49.92943954],[-117.26039543,49.929431],[-117.26011666,49.929431],[-117.25979498,49.92942245],[-117.25968482,49.92940536],[-117.25955925,49.9293783],[-117.25934785,49.92933415],[-117.25908457,49.92933415],[-117.25891742,49.92929],[-117.25881894,49.92923588],[-117.25876417,49.92920882],[-117.2586925,49.92920028],[-117.25835888,49.92918319],[-117.25801065,49.92917464],[-117.25773327,49.92927434],[-117.25764946,49.92931991],[-117.2573584,49.92954494],[-117.25727459,49.92959051],[-117.25698294,49.92973436],[-117.25674584,49.92981696],[-117.25644078,49.92986253],[-117.2563567,49.92986253],[-117.25622971,49.92985399],[-117.25613299,49.92981696],[-117.25582533,49.92971869],[-117.25563163,49.92967454],[-117.25547688,49.92962184],[-117.255281,49.92945948],[-117.25501579,49.92923588],[-117.25474971,49.9291547],[-117.25465282,49.92913761],[-117.254387,49.92910201],[-117.25412197,49.92908492],[-117.25382901,49.92896813],[-117.25359157,49.92878868],[-117.25352131,49.92876162],[-117.25346654,49.92873456],[-117.25339475,49.92862774],[-117.25324092,49.92846538],[-117.25300432,49.92841269],[-117.25285167,49.92841269],[-117.25268432,49.9284312],[-117.25260079,49.92840414],[-117.25247577,49.92835002],[-117.25236194,49.92824321],[-117.25227896,49.92818909],[-117.25208315,49.92813497],[-117.25188813,49.92809936],[-117.25178958,49.92805521],[-117.25166502,49.927984],[-117.25152385,49.92785867],[-117.25144041,49.92782164],[-117.25132946,49.92778604],[-117.25097979,49.92768777],[-117.25085549,49.92766213],[-117.25050615,49.92759947],[-117.25018612,49.92750974],[-117.24987907,49.92749265],[-117.24979633,49.9274841],[-117.24960077,49.92747556],[-117.24941802,49.9274841],[-117.24922322,49.92738583],[-117.24913825,49.92726905],[-117.24909578,49.92713517],[-117.24909608,49.92706254],[-117.249039,49.92693721],[-117.24902682,49.92688309],[-117.24896982,49.92674779],[-117.24888509,49.92667658],[-117.2488007,49.92664097],[-117.24873266,49.92661391],[-117.24862006,49.92655125],[-117.24848145,49.92646152],[-117.2483403,49.92633619],[-117.24831264,49.92628207],[-117.24824229,49.92615674],[-117.2481571,49.92610262],[-117.24804647,49.92599438],[-117.24799027,49.9258776],[-117.24793397,49.92566254],[-117.24789161,49.92562694],[-117.24784933,49.92558136],[-117.2476946,49.92542043],[-117.24752645,49.92531219],[-117.24744395,49.92524097],[-117.24734406,49.92509713],[-117.2472603,49.92502449],[-117.24716398,49.92498034],[-117.24712083,49.92492622],[-117.24702284,49.92485501],[-117.24672971,49.92469265],[-117.24663172,49.92462144],[-117.2464081,49.9244249],[-117.24618401,49.92424545],[-117.24602993,49.92415573],[-117.2459337,49.92410161],[-117.24568174,49.92403894],[-117.24561284,49.92400334],[-117.24540157,49.92394922],[-117.24508206,49.9238424],[-117.24476152,49.92377974],[-117.24449542,49.92370853],[-117.24434246,49.92367292],[-117.24418784,49.92361025],[-117.24392427,49.92357465],[-117.24367333,49.92346783],[-117.24342051,49.92339662],[-117.24335202,49.92338665],[-117.24321225,49.92336102],[-117.24314367,49.92336102],[-117.24305795,49.92333396],[-117.24298818,49.92328981],[-117.24286288,49.92309184],[-117.24255531,49.92288533],[-117.24247227,49.92284118],[-117.24224908,49.92277852],[-117.24213604,49.92273294],[-117.24196917,49.92262613],[-117.24189807,49.92259052],[-117.24156373,49.92244668],[-117.24138226,49.9223484],[-117.24131345,49.92230283],[-117.24122954,49.92225013],[-117.24110259,49.92213335],[-117.24104706,49.92208778],[-117.24085003,49.92189123],[-117.24069663,49.92176448],[-117.24066898,49.92171036],[-117.24041697,49.92154942],[-117.24033347,49.92152236],[-117.24013874,49.92142409],[-117.23998304,49.92130731],[-117.23992679,49.92120049],[-117.23982948,49.92109225],[-117.23955156,49.92100253],[-117.23936955,49.92093132],[-117.23925832,49.92086011],[-117.23916056,49.92080171],[-117.23906281,49.92074332],[-117.23897765,49.9206892],[-117.23889416,49.92066214],[-117.23865597,49.92058239],[-117.23857381,49.92054678],[-117.2383369,49.92050121],[-117.23823926,49.9204656],[-117.23804342,49.92042145],[-117.23794531,49.92040294],[-117.23761058,49.92034169],[-117.23727595,49.92027048],[-117.23719245,49.92024342],[-117.23702602,49.92016224],[-117.23685806,49.92010955],[-117.23677466,49.92007252],[-117.23655009,49.91992013],[-117.23649495,49.91986743],[-117.23647925,49.91982186],[-117.23635367,49.91969653],[-117.2362431,49.91958829],[-117.23606023,49.91950853],[-117.23597674,49.91948147],[-117.23595019,49.91948147],[-117.23587854,49.91947293],[-117.23579504,49.91944587],[-117.23562728,49.91937323],[-117.23543279,49.91932054],[-117.23535007,49.91931199],[-117.23501489,49.91926784],[-117.23483351,49.91926784],[-117.23475079,49.91925929],[-117.23466652,49.91921372],[-117.234555,49.91910691],[-117.23446986,49.91905278],[-117.23442896,49.91899866],[-117.23437174,49.91882776],[-117.23430199,49.91878361],[-117.23424673,49.91867537],[-117.23406266,49.91848595],[-117.23395062,49.91829795],[-117.23393626,49.91824383],[-117.23379743,49.9181185],[-117.23375592,49.91799317],[-117.2337129,49.91792908],[-117.23362911,49.91786642],[-117.23358734,49.91780375],[-117.23339182,49.9175887],[-117.23322202,49.91746337],[-117.2331944,49.91740925],[-117.23312388,49.91734658],[-117.23304009,49.91728392],[-117.23286062,49.91724831],[-117.23279041,49.91722125],[-117.23252468,49.91718565],[-117.23252462,49.91718565],[-117.2321911,49.91716865],[-117.23209211,49.91714157],[-117.23202322,49.91710597],[-117.23189632,49.91698917],[-117.23179822,49.91687237],[-117.23177062,49.91681826],[-117.23177171,49.91676417],[-117.23167361,49.91664737],[-117.23160203,49.91653057],[-117.23144802,49.91644087],[-117.23129591,49.91631557],[-117.23119831,49.91627986],[-117.23111311,49.91622576],[-117.23102961,49.91619877],[-117.23073621,49.91611897],[-117.23065411,49.91608337],[-117.23054271,49.91606487],[-117.23048572,49.91604776],[-117.23037343,49.91602067],[-117.23029132,49.91598505],[-117.23023511,49.91597657],[-117.230137,49.91595806],[-117.22996922,49.91589537],[-117.22982963,49.91585976],[-117.22961982,49.91568885],[-117.22938364,49.91567176],[-117.22925921,49.91569887],[-117.22897922,49.91576296],[-117.22881282,49.91578996],[-117.22872883,49.91578996],[-117.22854871,49.91578145],[-117.22846573,49.91573726],[-117.22840942,49.91568316],[-117.2283809,49.91562046],[-117.2283519,49.91557495],[-117.22831152,49.91550376],[-117.22822673,49.91538695],[-117.22810063,49.91527866],[-117.22802971,49.91523317],[-117.227932,49.91519746],[-117.22786372,49.91514485],[-117.22762491,49.91503657],[-117.2273459,49.91500095],[-117.22726232,49.91498386],[-117.22718023,49.91494826],[-117.22709513,49.91488415],[-117.2269008,49.91472326],[-117.22685763,49.91467906],[-117.22681671,49.91462497],[-117.22675953,49.91456235],[-117.22652264,49.91441847],[-117.22636844,49.91428317],[-117.22635564,49.91426606],[-117.22631203,49.91423905],[-117.22618763,49.91415785],[-117.22603251,49.91402397],[-117.22593443,49.91390717],[-117.22589212,49.91386156],[-117.22582241,49.91381745],[-117.22573984,49.91379897],[-117.22565553,49.91376336],[-117.22534772,49.91362946],[-117.22504282,49.91356675],[-117.22480363,49.91343295],[-117.22456733,49.91326206],[-117.22431612,49.91306407],[-117.22425893,49.91300136],[-117.2242446,49.91294725],[-117.2241332,49.91283046],[-117.22402133,49.91274076],[-117.22377134,49.91265247],[-117.22360182,49.91256276],[-117.22347634,49.91253566],[-117.22340832,49.91250855],[-117.22329524,49.91247296],[-117.22310091,49.91241036],[-117.22303151,49.91240177],[-117.22272463,49.91227645],[-117.22255693,49.91220387],[-117.22231972,49.91213257],[-117.22222153,49.91212406],[-117.22188801,49.91210695],[-117.22178941,49.91211556],[-117.22165141,49.91210697],[-117.22132985,49.91210835],[-117.22132981,49.91210835],[-117.22123222,49.91206285],[-117.22112124,49.91198166],[-117.2209534,49.91191896],[-117.22078524,49.91183067],[-117.22073031,49.91175806],[-117.22059102,49.91165977],[-117.22038122,49.91159715],[-117.22027034,49.91156147],[-117.220005,49.91145326],[-117.21985112,49.91136354],[-117.21978062,49.91130086],[-117.21965373,49.91118405],[-117.21954421,49.91113997],[-117.21945941,49.91112145],[-117.21932132,49.91112287],[-117.2190828,49.91115845],[-117.21900012,49.91114995],[-117.21868083,49.91114135],[-117.21847121,49.91111426],[-117.21834402,49.91107017],[-117.21810902,49.91099896],[-117.21777322,49.91082805],[-117.21756339,49.91076535],[-117.21752173,49.91070265],[-117.21745201,49.91065857],[-117.21738243,49.91060447],[-117.21728492,49.91055886],[-117.21710332,49.91052325],[-117.21679611,49.91047055],[-117.21674061,49.91042496],[-117.21665604,49.91035376],[-117.21664171,49.91029965],[-117.21648943,49.91013877],[-117.21632081,49.90995926],[-117.21611202,49.90979685],[-117.21600033,49.90975274],[-117.21565043,49.90957325],[-117.21548243,49.90947507],[-117.21530061,49.90939387],[-117.21509192,49.90928706],[-117.21503722,49.90925996],[-117.21479792,49.90908057],[-117.21474301,49.90890966],[-117.21475513,49.90880995],[-117.21467131,49.90864897],[-117.21458742,49.90854076],[-117.21453051,49.90841547],[-117.2145176,49.90835276],[-117.21453119,49.90828015],[-117.21454363,49.90811775],[-117.21454368,49.9081177],[-117.21460003,49.90806365],[-117.21460015,49.90806359],[-117.2148639,49.90792835],[-117.21486401,49.90792829],[-117.21489162,49.90788413],[-117.21490395,49.90782005],[-117.21487668,49.9077033],[-117.21490107,49.90767103],[-117.21495852,49.90759505],[-117.21495832,49.90746117],[-117.2148611,49.90735297],[-117.21480372,49.90724476],[-117.21463672,49.90720057],[-117.21452449,49.90717356],[-117.21445492,49.90711937],[-117.21444123,49.90693996],[-117.21437063,49.90683166],[-117.21427381,49.90681467],[-117.21402174,49.90671636],[-117.21375702,49.90659095],[-117.21366002,49.90652836],[-117.21356023,49.90633895],[-117.21347721,49.90629477],[-117.21342221,49.90623206],[-117.21340692,49.90612385],[-117.21342041,49.90606117],[-117.21343422,49.90589026],[-117.21340662,49.90583615],[-117.21323782,49.90571937],[-117.2132239,49.90559266],[-117.21309853,49.90546737],[-117.21290263,49.90527937],[-117.21287433,49.90520666],[-117.21287192,49.90506287],[-117.21280181,49.90493746],[-117.2127331,49.90489196],[-117.2125645,49.90472246],[-117.21249581,49.90467687],[-117.2123547,49.90450597],[-117.2123279,49.90447036],[-117.21225663,49.90439915],[-117.21215973,49.90432656],[-117.21208983,49.90424676],[-117.21196483,49.90414706],[-117.21178202,49.90406735],[-117.2116281,49.90397756],[-117.21153133,49.90390496],[-117.21148822,49.90385084],[-117.21144633,49.90375255],[-117.21144739,49.90369846],[-117.211419,49.90363576],[-117.21136123,49.90344636],[-117.2112775,49.90338366],[-117.21123583,49.90332105],[-117.21122203,49.90324986],[-117.21117843,49.90306897],[-117.21113803,49.90299776],[-117.211054,49.90289946],[-117.21089891,49.90271997],[-117.21085754,49.90269297],[-117.21074514,49.90262036],[-117.21064892,49.90257616],[-117.21035503,49.90246797],[-117.21027042,49.90239676],[-117.21007673,49.90230697],[-117.21002042,49.90225286],[-117.20999203,49.90219017],[-117.20976772,49.90203786],[-117.2096706,49.90192956],[-117.20948872,49.90185836],[-117.20947522,49.90182277],[-117.20939111,49.90167896],[-117.20930599,49.90162475],[-117.2092376,49.90151655],[-117.2091671,49.90146385],[-117.20911081,49.90140977],[-117.20908362,49.90129297],[-117.20908182,49.90112206],[-117.20909503,49.90097817],[-117.2091077,49.90085145],[-117.20912132,49.90078877],[-117.20912242,49.90073466],[-117.20910812,49.90053667],[-117.20909382,49.90048256],[-117.20902233,49.90036575],[-117.20900941,49.90030315],[-117.20889692,49.90009665],[-117.20889723,49.90003395],[-117.2088969,49.89999836],[-117.2088946,49.89985446],[-117.20890822,49.89963805],[-117.20886691,49.89951267],[-117.20878133,49.89933185],[-117.20878161,49.89926916],[-117.20873922,49.89908965],[-117.20871172,49.89903555],[-117.20872442,49.89881056],[-117.20876602,49.89872937],[-117.20890463,49.89861256],[-117.20891821,49.89854995],[-117.20891752,49.89843316],[-117.20893022,49.89830635],[-117.2088883,49.89820815],[-117.20891483,49.89805426],[-117.20895684,49.89791045],[-117.20895686,49.8979104],[-117.20895855,49.89790643],[-117.20899894,49.89781213],[-117.20902663,49.89775806],[-117.20902666,49.89775801],[-117.20903528,49.89774731],[-117.20915049,49.89760419],[-117.20917306,49.89758169],[-117.20920471,49.89755015],[-117.20920474,49.89755007],[-117.2092749,49.89733502],[-117.2092886,49.89726238],[-117.20931555,49.89710145],[-117.20931463,49.89703736],[-117.20931429,49.89685791],[-117.20934116,49.89679524],[-117.20934048,49.89667846],[-117.2093411,49.89649758],[-117.20934025,49.89648904],[-117.20932732,49.89642637],[-117.20932563,49.89625546],[-117.20932368,49.89604899],[-117.20935181,49.89601228],[-117.20937939,49.89597632],[-117.20947693,49.89591375],[-117.20947701,49.89591365],[-117.20949173,49.89589514],[-117.209575,49.89577846],[-117.20957507,49.89577836],[-117.20957672,49.89577578],[-117.2096151,49.89571577],[-117.20965729,49.89560745],[-117.20965632,49.89555335],[-117.20979613,49.89538245],[-117.20980761,49.89530986],[-117.20986304,49.89520166],[-117.20989072,49.89515745],[-117.20990553,49.89504067],[-117.20990302,49.89485127],[-117.2098887,49.89465326],[-117.20979162,49.89454506],[-117.20972233,49.89443826],[-117.20972054,49.89436556],[-117.20969293,49.89416767],[-117.20969102,49.89410496],[-117.20976032,49.89397965],[-117.20977483,49.89391555],[-117.20974543,49.89379877],[-117.20975992,49.89374466],[-117.20975999,49.89374458],[-117.20985732,49.89364635],[-117.20985736,49.89364631],[-117.20988839,49.89362945],[-117.20994111,49.89360075],[-117.20994117,49.89360076],[-117.20994121,49.89360074],[-117.21001061,49.89360928],[-117.21009477,49.89365486],[-117.2103867,49.89364489],[-117.21048364,49.89360931],[-117.2105671,49.89348256],[-117.21058072,49.89341996],[-117.21060691,49.89324046],[-117.21062001,49.89319487],[-117.21070381,49.89300547],[-117.21071693,49.89287155],[-117.21071592,49.89281746],[-117.21066143,49.89268216],[-117.21063181,49.89251986],[-117.21063091,49.89236747],[-117.21065872,49.89221505],[-117.21069932,49.89217783],[-117.21072863,49.89215095],[-117.21072868,49.8921509],[-117.21078424,49.89208827],[-117.21078428,49.89208823],[-117.21086562,49.89200704],[-117.21095051,49.89191737],[-117.2110036,49.89176356],[-117.21101784,49.89167386],[-117.21098982,49.89154856],[-117.2109899,49.89154846],[-117.2110043,49.89153129],[-117.21105792,49.89146735],[-117.21105798,49.89146733],[-117.21105803,49.89146727],[-117.21118378,49.89143167],[-117.21125438,49.8913861],[-117.21142013,49.89123237],[-117.21142022,49.89123228],[-117.2116979,49.89106996],[-117.21169796,49.89106992],[-117.21196199,49.89097026],[-117.21200422,49.89091755],[-117.21205859,49.89085346],[-117.2120712,49.89073677],[-117.2120432,49.89061136],[-117.21206972,49.89045755],[-117.21207131,49.89034076],[-117.21202881,49.89026957],[-117.21184723,49.89009015],[-117.2118191,49.89006307],[-117.2118189,49.89001745],[-117.21187321,49.88996336],[-117.21187326,49.88996331],[-117.21205483,49.88990066],[-117.21205488,49.88990064],[-117.21211682,49.88987124],[-117.21220783,49.88982803],[-117.21224867,49.88976602],[-117.21229036,49.88970268],[-117.2123601,49.88964856],[-117.21259508,49.88946768],[-117.21279056,49.88937796],[-117.21282021,49.88934567],[-117.21283232,49.88933246],[-117.21295533,49.88917005],[-117.21298441,49.88910747],[-117.21301103,49.88895356],[-117.21305183,49.88876555],[-117.213218,49.88854915],[-117.21330123,49.88838674],[-117.2134394,49.88818875],[-117.21350884,49.88805344],[-117.21374391,49.88791816],[-117.21396682,49.88773876],[-117.21396694,49.88773869],[-117.21409191,49.88767467],[-117.21409204,49.8876746],[-117.21417886,49.88762606],[-117.21439761,49.88750376],[-117.21446511,49.88744966],[-117.21458993,49.88734995],[-117.21459002,49.88734988],[-117.21463323,49.88729576],[-117.21467297,49.88715192],[-117.21471392,49.88709787],[-117.21479279,49.88703638],[-117.21484,49.88699956],[-117.21488081,49.88689987],[-117.21495003,49.88677455],[-117.21507442,49.88660365],[-117.21510259,49.88647685],[-117.2151441,49.88640566],[-117.2152117,49.88619775],[-117.21521177,49.8861977],[-117.21530843,49.88612655],[-117.21530851,49.88612648],[-117.21535138,49.88608839],[-117.21550235,49.88595416],[-117.21573968,49.88581886],[-117.21585207,49.88572132],[-117.21590533,49.88567506],[-117.21605852,49.88549417],[-117.21610043,49.88536036],[-117.21610046,49.88536026],[-117.21618323,49.88526066],[-117.21618325,49.88526063],[-117.21618331,49.88526057],[-117.2162663,49.88520645],[-117.21661294,49.88512527],[-117.21679405,49.88507969],[-117.21704403,49.88497145],[-117.21715516,49.88494439],[-117.21739262,49.88484475],[-117.21743217,49.88481309],[-117.21746025,49.88479058],[-117.21772506,49.88456555],[-117.21793312,49.88444737],[-117.21793315,49.88444735],[-117.21793785,49.88444307],[-117.2180019,49.88438475],[-117.2180863,49.88432207],[-117.21808637,49.88432201],[-117.2182092,49.88425796],[-117.21820925,49.88425792],[-117.21828021,49.88419538],[-117.21841842,49.88399736],[-117.21847334,49.88377237],[-117.21847338,49.88377227],[-117.21847815,49.88376403],[-117.21849962,49.88372676],[-117.21854202,49.88366405],[-117.21861172,49.88360996],[-117.21861183,49.88360991],[-117.21865124,49.88358721],[-117.21886156,49.88346607],[-117.21906844,49.88340198],[-117.21929154,49.8833564],[-117.21940326,49.88330228],[-117.21965373,49.88317695],[-117.21977771,49.88305875],[-117.21982929,49.88303276],[-117.21990196,49.88299608],[-117.21991221,49.88297899],[-117.21997193,49.88287935],[-117.21997122,49.88286086],[-117.21997182,49.88283377],[-117.21994341,49.88277105],[-117.21981672,49.88266425],[-117.21978921,49.88261015],[-117.21976094,49.88253756],[-117.21971843,49.88232247],[-117.21971844,49.88232243],[-117.21973243,49.88218716],[-117.21978055,49.88214472],[-117.21981478,49.88211449],[-117.21996158,49.88203865],[-117.2200931,49.88197066],[-117.22013568,49.88194236],[-117.22016161,49.88192507],[-117.22045352,49.88181685],[-117.22047242,49.88180466],[-117.22052415,49.88177126],[-117.22059333,49.88164596],[-117.22059338,49.88164592],[-117.22064753,49.88159187],[-117.22064765,49.88159181],[-117.22065829,49.88158652],[-117.22094021,49.88144655],[-117.22096782,49.88140246],[-117.22096702,49.88139387],[-117.22099471,49.88119597],[-117.22105032,49.88107776],[-117.22105037,49.88107767],[-117.22115912,49.88090686],[-117.22115923,49.88080856],[-117.2211729,49.88074586],[-117.2212006,49.88069176],[-117.2213259,49.88051945],[-117.22132601,49.88051938],[-117.22149181,49.88042115],[-117.22156104,49.88024026],[-117.22158871,49.88018617],[-117.22169863,49.88006936],[-117.22175462,49.87994405],[-117.22176833,49.87987147],[-117.22175232,49.87980015],[-117.22165451,49.87967346],[-117.22165482,49.87962075],[-117.22161182,49.87942277],[-117.22159853,49.87927895],[-117.22159859,49.87927889],[-117.22169373,49.87917077],[-117.22175091,49.87907955],[-117.22176432,49.87898127],[-117.2218319,49.87882886],[-117.22194141,49.87873717],[-117.22202575,49.87866648],[-117.2221365,49.87854836],[-117.22213652,49.87854833],[-117.22213658,49.87854827],[-117.22222084,49.87848567],[-117.22222087,49.87848565],[-117.22222093,49.8784856],[-117.22231793,49.87845],[-117.22240024,49.87842296],[-117.22240031,49.87842294],[-117.22251228,49.87840443],[-117.22261023,49.87836739],[-117.22270771,49.87830477],[-117.22274741,49.87825925],[-117.22274748,49.87825916],[-117.22283122,49.87812536],[-117.22285822,49.87805266],[-117.22292712,49.87784617],[-117.22292716,49.87784613],[-117.22306641,49.87769237],[-117.22306451,49.87762977],[-117.22309371,49.87755705],[-117.22314853,49.87748586],[-117.2231486,49.87748581],[-117.2232733,49.87738615],[-117.22330111,49.87733208],[-117.22330115,49.87733206],[-117.22330118,49.877332],[-117.22349442,49.87724227],[-117.22364703,49.87713405],[-117.22366051,49.87702587],[-117.22364763,49.87696316],[-117.22359143,49.87676525],[-117.22359145,49.87676516],[-117.22360362,49.87671106],[-117.22365851,49.87662995],[-117.22365856,49.87662992],[-117.2236586,49.87662986],[-117.2237103,49.87659702],[-117.22374372,49.87657577],[-117.22385282,49.87644047],[-117.22393583,49.87638637],[-117.22393586,49.87638635],[-117.22403371,49.87635935],[-117.22408872,49.87632377],[-117.22476444,49.87605501],[-117.22544691,49.87578359],[-117.22544695,49.87578356],[-117.22563875,49.87567545],[-117.22697029,49.87445369],[-117.22700742,49.87435663],[-117.2271691,49.87393385],[-117.22716761,49.87380855],[-117.2271661,49.87362766],[-117.22720712,49.87357356],[-117.22720716,49.87357351],[-117.22724644,49.87354289],[-117.22733311,49.87347528],[-117.2275,49.87337555],[-117.22759612,49.87327586],[-117.22762374,49.87325837],[-117.22766579,49.8732317],[-117.22771652,49.87320412],[-117.22774951,49.87318616],[-117.22774959,49.87318615],[-117.22774963,49.87318613],[-117.22790187,49.87315052],[-117.22798448,49.87315906],[-117.22809561,49.87312206],[-117.22813881,49.87306797],[-117.22815063,49.87294266],[-117.22815067,49.87294258],[-117.22817972,49.87287995],[-117.22823532,49.87281727],[-117.22839942,49.87259086],[-117.22842851,49.87252816],[-117.22862284,49.87233877],[-117.22862289,49.87233872],[-117.22863711,49.87232417],[-117.22881635,49.87214075],[-117.2288435,49.87201547],[-117.2289541,49.87186166],[-117.22899473,49.87172637],[-117.22899471,49.87158257],[-117.22903553,49.87149276],[-117.22903555,49.87149273],[-117.22905021,49.87147427],[-117.22905028,49.87147422],[-117.22913327,49.8714201],[-117.22942481,49.87123068],[-117.2295768,49.87115947],[-117.2298951,49.87100566],[-117.23015891,49.87086045],[-117.23015894,49.87086043],[-117.23019994,49.87080636],[-117.23020002,49.87080627],[-117.23022652,49.8707779],[-117.23036763,49.87062685],[-117.2304363,49.87051866],[-117.23046381,49.87042897],[-117.23044962,49.87037475],[-117.23039192,49.87019537],[-117.23039313,49.87014126],[-117.23039322,49.87014117],[-117.23053106,49.87000586],[-117.23066866,49.86983496],[-117.2306969,49.86975387],[-117.23079322,49.86955587],[-117.23079325,49.86955581],[-117.23082002,49.86949317],[-117.23091762,49.86937495],[-117.23098723,49.86933085],[-117.23104164,49.86926676],[-117.23104168,49.8692667],[-117.23116664,49.86906874],[-117.23126411,49.86900615],[-117.23127383,49.86899402],[-117.23127897,49.86898755],[-117.23128086,49.86898372],[-117.23133211,49.86887935],[-117.23145652,49.86870846],[-117.23160961,49.86853756],[-117.23160966,49.8685375],[-117.23176241,49.86833106],[-117.23177544,49.86823986],[-117.2317602,49.86818716],[-117.23171951,49.86812315],[-117.23157962,49.86801627],[-117.23151003,49.86791656],[-117.23146732,49.86780976],[-117.23146622,49.86771005],[-117.23146661,49.86750355],[-117.23146582,49.86734126],[-117.23152052,49.86722445],[-117.23152055,49.86722438],[-117.2315896,49.86719735],[-117.23158966,49.86719732],[-117.23170161,49.86717881],[-117.231783,49.86714326],[-117.23184033,49.86709766],[-117.23193564,49.86698946],[-117.23200394,49.86680997],[-117.23200395,49.86680994],[-117.23200372,49.86662055],[-117.23196129,49.86654936],[-117.23193293,49.86648666],[-117.23189022,49.86632437],[-117.2318068,49.86616335],[-117.2317912,49.86597396],[-117.23172263,49.86578454],[-117.23169412,49.86573185],[-117.23168003,49.86566776],[-117.23162339,49.86544415],[-117.23159343,49.86530885],[-117.23155121,49.86512945],[-117.23163373,49.86494855],[-117.23163377,49.8649485],[-117.23164796,49.86493016],[-117.23177264,49.86476907],[-117.23181393,49.86460675],[-117.2318127,49.86451706],[-117.2317712,49.86444435],[-117.23179882,49.86440025],[-117.23185322,49.86419227],[-117.23185264,49.86407556],[-117.23188042,49.86402135],[-117.23199113,49.86391316],[-117.23199119,49.86391309],[-117.23207452,49.86379634],[-117.23207456,49.86379631],[-117.2321714,49.86376076],[-117.23217153,49.8637607],[-117.23249112,49.86359837],[-117.23264393,49.86348017],[-117.23275291,49.86335487],[-117.23283551,49.86321955],[-117.23289309,49.86316335],[-117.23294638,49.86311127],[-117.23295914,49.86308341],[-117.23301611,49.86295896],[-117.2329871,49.86287776],[-117.23297341,49.86279656],[-117.23287564,49.86267976],[-117.2326938,49.86257296],[-117.23255564,49.86248326],[-117.23227522,49.86237496],[-117.2322204,49.86231237],[-117.23213491,49.86214146],[-117.23214932,49.86209726],[-117.23225942,49.86187227],[-117.2323143,49.86179107],[-117.23231491,49.86176405],[-117.232315,49.86176396],[-117.23233498,49.86174652],[-117.2324389,49.86165575],[-117.23249392,49.86156467],[-117.23249398,49.86156457],[-117.23251713,49.86153496],[-117.23259191,49.86143926],[-117.23278621,49.86124986],[-117.23285413,49.86113305],[-117.23288181,49.86107895],[-117.23303501,49.86089806],[-117.23302052,49.86081836],[-117.23287922,49.86066456],[-117.23286642,49.86060185],[-117.23288002,49.86053917],[-117.23290527,49.86049986],[-117.23292023,49.86047651],[-117.23290512,49.86027006],[-117.23287791,49.86010767],[-117.23276591,49.85993677],[-117.23275143,49.85984706],[-117.23269402,49.85970315],[-117.23265111,49.85950526],[-117.2327069,49.85943257],[-117.23270696,49.85943253],[-117.2327426,49.85940417],[-117.23295567,49.85923457],[-117.23305435,49.85921605],[-117.23340045,49.85919754],[-117.2334706,49.85912637],[-117.23355312,49.85894555],[-117.23355318,49.85894551],[-117.23355321,49.85894545],[-117.23363608,49.8589013],[-117.23391408,49.85876458],[-117.23409675,49.85866465],[-117.23417691,49.85862076],[-117.23417701,49.85862073],[-117.23427392,49.85858516],[-117.23427399,49.85858513],[-117.23451111,49.8585481],[-117.23459409,49.85849398],[-117.23460613,49.85848061],[-117.23469151,49.85838576],[-117.23476072,49.85826047],[-117.2348023,49.85817925],[-117.23481514,49.85805257],[-117.23484353,49.85797136],[-117.23485653,49.85793575],[-117.23493813,49.85775626],[-117.23493913,49.85766655],[-117.2349799,49.85752126],[-117.2349786,49.85744155],[-117.23497981,49.85738747],[-117.23493691,49.85733327],[-117.23483741,49.85714387],[-117.2347687,49.85696445],[-117.23475352,49.85685616],[-117.23471193,49.85679355],[-117.23451511,49.85662407],[-117.23446111,49.85656995],[-117.23436143,49.85653436],[-117.23429202,49.85648016],[-117.23408472,49.85641756],[-117.23390323,49.85633635],[-117.23383193,49.85622954],[-117.23373432,49.85614835],[-117.23370552,49.85610276],[-117.23369262,49.85604017],[-117.23370563,49.85581505],[-117.23370353,49.85567126],[-117.23370393,49.85560857],[-117.23367552,49.85554594],[-117.23366132,49.85549176],[-117.23367581,49.85543767],[-117.23373141,49.85537506],[-117.23381772,49.85523194],[-117.23381776,49.85523194],[-117.25609282,49.85522577],[-117.25622552,49.8549509],[-117.25631622,49.85478071],[-117.25640778,49.85461087],[-117.2565172,49.85444566],[-117.25662858,49.85428081],[-117.25673399,49.85411418],[-117.25687781,49.85388417],[-117.25690138,49.85370543],[-117.25692378,49.85352598],[-117.25694847,49.85334724],[-117.25691682,49.8531685],[-117.25686196,49.85299226],[-117.25680219,49.85281672],[-117.25670069,49.85264902],[-117.25658771,49.85248524],[-117.25646673,49.8523243],[-117.25637758,49.85215304],[-117.25626672,49.85199104],[-117.2560821,49.85185645],[-117.25594689,49.85169943],[-117.2557725,49.85156769],[-117.255589,49.8514331],[-117.25535818,49.85133341],[-117.25513723,49.85122481],[-117.25493427,49.85110269],[-117.2547072,49.85099908],[-117.2545145,49.85086912],[-117.25431664,49.85074272],[-117.25410351,49.85062665],[-117.25392495,49.85048885],[-117.25372637,49.85036352],[-117.25356037,49.85022431],[-117.25347819,49.8500534],[-117.25336761,49.84988855],[-117.25329105,49.84971586],[-117.25330058,49.84954816],[-117.25338824,49.84937761],[-117.25345,49.84920208],[-117.25355157,49.84903545],[-117.25368948,49.84887878],[-117.25383146,49.84872426],[-117.25398312,49.84857258],[-117.25418193,49.84845081],[-117.25441362,49.84835147],[-117.25464741,49.84825391],[-117.2548872,49.84816383],[-117.25515099,49.84810686],[-117.2554258,49.84808016],[-117.25570255,49.8480563],[-117.25597765,49.84806022],[-117.25625128,49.84809654],[-117.25652031,49.84814211],[-117.25678392,49.84819979],[-117.25704424,49.84826317],[-117.25729125,49.84834542],[-117.25753018,49.84843799],[-117.25775382,49.84854338],[-117.25794944,49.84867227],[-117.25816337,49.8487855],[-117.25839911,49.84888199],[-117.25861002,49.84899806],[-117.25879824,49.84913301],[-117.25903356,49.84921703],[-117.25930166,49.84926973],[-117.25954063,49.84935981],[-117.25977919,49.84945132],[-117.26003227,49.84952787],[-117.2603013,49.84956775],[-117.2605793,49.84958128],[-117.26085668,49.84957202],[-117.26113469,49.84956347],[-117.26141115,49.84958092],[-117.26168972,49.84959196],[-117.26195776,49.84954994],[-117.26222134,49.84949084],[-117.26247022,49.84941179],[-117.26269698,49.84930747],[-117.26293637,49.84921632],[-117.26318465,49.84913407],[-117.2634498,49.84908245],[-117.26371674,49.84903224],[-117.26398569,49.8489856],[-117.26424039,49.8489151],[-117.26450032,49.84884994],[-117.26477565,49.84882573],[-117.26505155,49.84886525],[-117.26513983,49.84869862],[-117.26531679,49.84856012],[-117.26553901,49.84845188],[-117.2657805,49.84836251],[-117.26605861,49.84835788],[-117.2663362,49.84835076],[-117.26660692,49.84830803],[-117.26685891,49.84823255],[-117.26710858,49.84815315],[-117.26733868,49.84805203],[-117.26755698,49.84794059],[-117.2677774,49.84783092],[-117.2680014,49.84772411],[-117.26822151,49.84761409],[-117.26841805,49.84748662],[-117.26860872,49.84735559],[-117.26879767,49.84722385],[-117.26898481,49.84709069],[-117.26916552,49.84695397],[-117.26934914,49.84681867],[-117.26954544,49.84669155],[-117.26974731,49.84656765],[-117.26990104,49.84641775],[-117.27004722,49.84626429],[-117.27018288,49.84610763],[-117.27031673,49.84594954],[-117.27045294,49.84579288],[-117.27058513,49.84563479],[-117.27072417,49.84547884],[-117.27088252,49.84533108],[-117.2710207,49.84517477],[-117.271173,49.84502452],[-117.2713261,49.84487391],[-117.2714784,49.84472365],[-117.27163095,49.84457304],[-117.27178239,49.84442243],[-117.27193321,49.84427111],[-117.27208174,49.84411908],[-117.27221936,49.84396277],[-117.2723584,49.84380682],[-117.27249775,49.84365122],[-117.27260998,49.84348673],[-117.27269956,49.84331653],[-117.27278151,49.84314456],[-117.27288494,49.84297757],[-117.27298892,49.84281058],[-117.27306104,49.84263683],[-117.27312307,49.84246165],[-117.27317975,49.84228541],[-117.27322777,49.84210809],[-117.2732683,49.84193042],[-117.27329765,49.84175133],[-117.27336078,49.84157615],[-117.27347389,49.84141201],[-117.27361693,49.84125748],[-117.27380321,49.84112396],[-117.27405447,49.84104706],[-117.27432941,49.84101928],[-117.27459929,49.84106272],[-117.27487056,49.84110331],[-117.27514877,49.84110011],[-117.27541682,49.84105311],[-117.27555129,49.84103958],[-117.27569206,49.84102569],[-117.27597015,49.84102676],[-117.27624809,49.8410346],[-117.27652561,49.84104385],[-117.27679995,49.84101288],[-117.2770554,49.84094202],[-117.27729686,49.84085265],[-117.27752115,49.84074619],[-117.27773403,49.84063048],[-117.27795958,49.84052544],[-117.27822192,49.84046562],[-117.27849922,49.84048093],[-117.27858756,49.84049482],[-117.27881803,49.8319549],[-117.27944128,49.80886277],[-117.27890615,49.80851349],[-117.27878264,49.80835184],[-117.27863686,49.80819945],[-117.27847699,49.8080524],[-117.27831285,49.80790677],[-117.27814664,49.80776257],[-117.27797782,49.80761979],[-117.27780631,49.80747773],[-117.27762987,49.80733887],[-117.27744996,49.80720108],[-117.27727195,49.80706293],[-117.27710003,49.80692229],[-117.27694662,49.80677061],[-117.27686721,49.80660006],[-117.27684571,49.80641812],[-117.27678026,49.8062465],[-117.27662117,49.80609589],[-117.27650719,49.80593567],[-117.27648284,49.80573022],[-117.27633685,49.80557819],[-117.276058,49.80544396],[-117.27597465,49.8053902],[-117.27590448,49.80532753],[-117.27577875,49.80520184],[-117.27568105,49.80505835],[-117.27554683,49.80495581],[-117.27545767,49.80488781],[-117.27529001,49.80476212],[-117.27522045,49.80470835],[-117.27516408,49.80464569],[-117.27509448,49.80458302],[-117.27501062,49.80453816],[-117.27492732,49.8044933],[-117.27484342,49.80443954],[-117.27478765,49.80438577],[-117.2747175,49.80432311],[-117.27466197,49.80426899],[-117.27457803,49.80420632],[-117.27443831,49.80408989],[-117.27431304,49.80399127],[-117.27422934,49.80392824],[-117.27420111,49.80386558],[-117.27420035,49.8037933],[-117.27415833,49.80373064],[-117.27410257,49.80367687],[-117.27404681,49.80362311],[-117.27396296,49.80357824],[-117.27385108,49.80346146],[-117.27371197,49.80335393],[-117.27364187,49.80330017],[-117.27355802,49.80325531],[-117.27348842,49.80319264],[-117.27340462,49.80315668],[-117.27330729,49.80311217],[-117.27315404,49.80299539],[-117.27300055,49.80287896],[-117.27283281,49.80278033],[-117.27276331,49.80273547],[-117.27255465,49.8026639],[-117.27247056,49.8026194],[-117.27242884,49.80256528],[-117.27228919,49.80245775],[-117.27224718,49.80239508],[-117.27207959,49.8022783],[-117.27199562,49.80216187],[-117.2719395,49.80209885],[-117.27188375,49.80204508],[-117.27184178,49.80199132],[-117.27178613,49.8019105],[-117.27171608,49.80186563],[-117.27168805,49.80183857],[-117.27140985,49.80166268],[-117.27139956,49.80143979],[-117.27153391,49.8012461],[-117.27147038,49.80115246],[-117.27124236,49.80094809],[-117.27086973,49.80065577],[-117.27072391,49.80053293],[-117.27037905,49.80035205],[-117.27016075,49.80017082],[-117.26991893,49.79999992],[-117.26979684,49.79991375],[-117.26949732,49.79975638],[-117.26934289,49.79968624],[-117.26920655,49.7995869],[-117.26910413,49.79947901],[-117.26902061,49.79943451],[-117.26892294,49.79938074],[-117.26875617,49.79934514],[-117.26864461,49.79931843],[-117.26847793,49.79930063],[-117.26837175,49.7992725],[-117.26828085,49.79923156],[-117.26819901,49.79917886],[-117.26809033,49.79916177],[-117.26779641,49.79918527],[-117.26768544,49.79916747],[-117.26755996,49.79911406],[-117.26742003,49.79900618],[-117.26735046,49.79894351],[-117.26730846,49.79888085],[-117.26723862,49.79882673],[-117.26707139,49.7987103],[-117.26698756,49.79866543],[-117.2668899,49.79861167],[-117.2668342,49.79856681],[-117.26670834,49.79845038],[-117.26649983,49.79835175],[-117.26644354,49.79829799],[-117.26634592,49.79825313],[-117.26627635,49.79819046],[-117.26619288,49.79815486],[-117.26610925,49.79810074],[-117.26594185,49.79804733],[-117.26585858,49.79800246],[-117.2657752,49.79798466],[-117.26567748,49.79796686],[-117.2655945,49.79796722],[-117.26551105,49.79798537],[-117.26545532,49.79793161],[-117.26542677,49.79785969],[-117.2654126,49.79779667],[-117.26541218,49.79772474],[-117.26539836,49.79767098],[-117.2653699,49.79761686],[-117.26535609,49.7975631],[-117.26531383,49.79750898],[-117.2652581,49.79745521],[-117.26504891,49.79732988],[-117.26497816,49.79711411],[-117.2649778,49.79700623],[-117.26486594,49.79688054],[-117.2648097,49.79683568],[-117.26480992,49.79678156],[-117.26479552,49.7967189],[-117.26476757,49.79665587],[-117.26472527,49.79659285],[-117.26466934,49.79654835],[-117.26464143,49.79649423],[-117.26459945,49.79643156],[-117.26447381,49.79630588],[-117.26441735,49.79617983],[-117.26438887,49.79607195],[-117.26438885,49.79601818],[-117.26437382,49.79580242],[-117.26437275,49.79562225],[-117.26438615,49.79550547],[-117.26439863,49.79532566],[-117.26439763,49.79510954],[-117.26441058,49.79491193],[-117.26439651,49.79486671],[-117.26431204,49.79475028],[-117.26424228,49.79460644],[-117.26422734,49.79440847],[-117.26424019,49.79429169],[-117.26423983,49.79422867],[-117.26421143,49.79408482],[-117.26418333,49.79403996],[-117.26414103,49.79392317],[-117.26407119,49.79381529],[-117.26393171,49.79372556],[-117.26383391,49.79368996],[-117.26366685,49.79360023],[-117.26355578,49.79355573],[-117.26348587,49.7934838],[-117.26324819,49.79328655],[-117.26316454,49.79322353],[-117.26309495,49.79315196],[-117.26288505,49.79294545],[-117.2628428,49.79283757],[-117.26280103,49.79276565],[-117.26273133,49.79272114],[-117.26270339,49.79265812],[-117.26268908,49.79261326],[-117.26260456,49.79244235],[-117.26256223,49.79231666],[-117.26253345,49.79215466],[-117.26249148,49.792092],[-117.26243593,49.79202007],[-117.26235085,49.7917954],[-117.26230892,49.79174164],[-117.26225341,49.79167862],[-117.26218336,49.79162485],[-117.26212765,49.79157109],[-117.26200157,49.79140944],[-117.26191789,49.79133752],[-117.26186214,49.79127486],[-117.26183321,49.79113101],[-117.26183289,49.79102313],[-117.26183249,49.7909512],[-117.26179061,49.79090634],[-117.26167928,49.79087038],[-117.2614011,49.79077211],[-117.26112233,49.79066494],[-117.26099697,49.79062933],[-117.26088564,49.79059337],[-117.2607604,49.79047694],[-117.26062063,49.7903331],[-117.26055058,49.79027933],[-117.26035621,49.79022593],[-117.26027245,49.79018996],[-117.26004987,49.79011875],[-117.25984119,49.79007425],[-117.25978549,49.79002048],[-117.25971569,49.78996636],[-117.25970135,49.7899126],[-117.25965908,49.78984958],[-117.25956138,49.78977801],[-117.25944954,49.78964342],[-117.25943548,49.78954444],[-117.25937951,49.78944546],[-117.25930994,49.78942766],[-117.25901814,49.78945543],[-117.25892088,49.78946469],[-117.25878221,49.78946504],[-117.25867072,49.78944724],[-117.25858689,49.78939348],[-117.25830913,49.78936713],[-117.2581976,49.78934042],[-117.25784961,49.78917913],[-117.25779321,49.78899933],[-117.25766764,49.78887364],[-117.25748663,49.78879317],[-117.25729145,49.78869454],[-117.25723575,49.78864078],[-117.25719329,49.78858702],[-117.2571369,49.78840721],[-117.25712277,49.78834419],[-117.25699661,49.78815584],[-117.25695494,49.78810172],[-117.25689874,49.78805685],[-117.25681534,49.78803015],[-117.25653742,49.78802196],[-117.25645411,49.78801306],[-117.25637072,49.78798636],[-117.25620358,49.78792369],[-117.25602275,49.78782506],[-117.25599428,49.78776204],[-117.25593855,49.78769938],[-117.25589668,49.78765452],[-117.2557992,49.78757369],[-117.25571538,49.78751993],[-117.25563164,49.78748397],[-117.25556196,49.78743946],[-117.25546435,49.7873857],[-117.25533884,49.78726891],[-117.25518545,49.78719734],[-117.25504561,49.78702679],[-117.25496242,49.78699083],[-117.25487891,49.78699119],[-117.25476794,49.78696449],[-117.25462839,49.78690182],[-117.25457274,49.78685696],[-117.25446101,49.78674017],[-117.25441877,49.78667715],[-117.2543627,49.78655147],[-117.25425098,49.78643468],[-117.25411148,49.78632715],[-117.25399968,49.78619256],[-117.25391603,49.78612064],[-117.25390175,49.78607578],[-117.25385985,49.78602202],[-117.25372039,49.78592339],[-117.25365037,49.78586963],[-117.25352486,49.78575284],[-117.25345539,49.78569908],[-117.25334351,49.78560045],[-117.2532602,49.78559155],[-117.25313541,49.78560971],[-117.25306579,49.78563677],[-117.25281638,49.7857005],[-117.25249694,49.78576423],[-117.25222001,49.78589953],[-117.25198387,49.78597217],[-117.25185957,49.78603519],[-117.25166546,49.78613453],[-117.25140224,49.78625203],[-117.25130485,49.78628834],[-117.25099981,49.78636988],[-117.25084731,49.7864151],[-117.25055586,49.78650589],[-117.25037562,49.78656927],[-117.2501121,49.78663265],[-117.24986235,49.78663336],[-117.24961189,49.78655289],[-117.24933355,49.78651764],[-117.24902779,49.786518],[-117.24894483,49.78651835],[-117.24886143,49.78654541],[-117.24868077,49.78658173],[-117.24861166,49.78659989],[-117.24851478,49.7866273],[-117.24844513,49.78664546],[-117.24834791,49.78666362],[-117.24813967,49.78669994],[-117.24800088,49.78672736],[-117.24790372,49.78676332],[-117.24772357,49.78679073],[-117.24765388,49.78679999],[-117.24757107,49.78683595],[-117.24750187,49.78689007],[-117.24743218,49.78689933],[-117.24734926,49.78690859],[-117.24716826,49.78688188],[-117.24698782,49.78685518],[-117.24690388,49.78682847],[-117.2468205,49.78680177],[-117.24670954,49.78677507],[-117.24650097,49.78674836],[-117.24643148,49.78674836],[-117.24632026,49.78677578],[-117.24625078,49.78677578],[-117.24611215,49.78678504],[-117.24594533,49.78677649],[-117.24584764,49.78675869],[-117.24576426,49.78673198],[-117.24558374,49.78668748],[-117.24547269,49.78669673],[-117.24540304,49.78671489],[-117.24530581,49.78673305],[-117.2451948,49.78675121],[-117.24509757,49.78676937],[-117.24502843,49.78677863],[-117.24490298,49.78667074],[-117.24474929,49.78653616],[-117.24465174,49.78649129],[-117.24456828,49.78644679],[-117.24448448,49.78639302],[-117.24434504,49.7862944],[-117.24426145,49.78623137],[-117.24419221,49.78627659],[-117.24406741,49.78629475],[-117.24398393,49.78630401],[-117.24387285,49.78630436],[-117.24378957,49.78630437],[-117.24370609,49.78631362],[-117.24351174,49.78631398],[-117.24338673,49.78634139],[-117.24328954,49.78636845],[-117.2429707,49.78644999],[-117.24288729,49.78647705],[-117.24276242,49.78647741],[-117.24260917,49.78640976],[-117.24235593,49.78638875],[-117.24213661,49.78630793],[-117.24206659,49.78625416],[-117.24198338,49.7862093],[-117.24188551,49.78610141],[-117.24174591,49.78602095],[-117.2416627,49.78597608],[-117.24139841,49.78594048],[-117.24131486,49.78593193],[-117.24116206,49.78592303],[-117.24109255,49.78591413],[-117.24091162,49.78584257],[-117.24085595,49.7857888],[-117.24075805,49.78567202],[-117.24073002,49.78557339],[-117.24067035,49.7855239],[-117.24052685,49.78539465],[-117.24021672,49.78531846],[-117.23998378,49.78515681],[-117.23979293,49.78503397],[-117.23963745,49.78498021],[-117.23939883,49.7848652],[-117.23924997,49.78481144],[-117.23914205,49.78471922],[-117.23918348,49.78463448],[-117.23929618,49.78453407],[-117.23946012,49.78442476],[-117.23945957,49.78431652],[-117.23945867,49.78418194],[-117.23944425,49.78405589],[-117.23945738,49.78392095],[-117.23955447,49.78382161],[-117.23959586,49.78376785],[-117.23967826,49.78359659],[-117.23974739,49.78352466],[-117.23991355,49.78339827],[-117.24006529,49.78325406],[-117.24006502,49.78319994],[-117.24014732,49.78300198],[-117.24016079,49.78293896],[-117.24018777,49.78275915],[-117.24018674,49.78254338],[-117.24020004,49.78239028],[-117.24021331,49.78222828],[-117.24022672,49.78214745],[-117.2402533,49.78194059],[-117.24029462,49.78182345],[-117.24027964,49.7816885],[-117.2402521,49.78163474],[-117.24022371,49.78158062],[-117.24008427,49.78147309],[-117.23993108,49.78137446],[-117.2398339,49.78133886],[-117.23972221,49.78127584],[-117.23962461,49.78121317],[-117.23951361,49.78116867],[-117.23938768,49.78106968],[-117.23931804,49.78102518],[-117.23924825,49.78096216],[-117.23909481,49.78074674],[-117.23889942,49.7805851],[-117.23874627,49.78049537],[-117.23860644,49.78036078],[-117.23855082,49.78031592],[-117.23834192,49.78020839],[-117.23821611,49.78011902],[-117.23806294,49.7800204],[-117.23800732,49.77997553],[-117.23795133,49.77991251],[-117.23781172,49.779706],[-117.23772765,49.77958922],[-117.23758759,49.77940941],[-117.23756006,49.77935565],[-117.23750394,49.77925702],[-117.23739133,49.77922142],[-117.23726479,49.77919008],[-117.23718203,49.77906974],[-117.23706152,49.77873256],[-117.23700103,49.77863144],[-117.23697043,49.77844309],[-117.23696958,49.77822874],[-117.23687906,49.77801653],[-117.23673335,49.77790936],[-117.23664966,49.7778734],[-117.23639966,49.77781109],[-117.23628818,49.77778439],[-117.23617648,49.77771247],[-117.2359818,49.777632],[-117.23591237,49.77757823],[-117.23589781,49.77753302],[-117.23584214,49.77747035],[-117.23581421,49.77738953],[-117.23571612,49.77721862],[-117.23564608,49.77714705],[-117.23543724,49.77704843],[-117.23533967,49.77698576],[-117.23501988,49.77685153],[-117.23494994,49.77680667],[-117.23479648,49.77663612],[-117.23471287,49.7765553],[-117.23467068,49.77649228],[-117.23462886,49.77644741],[-117.23454507,49.77638475],[-117.23428021,49.7762053],[-117.23421039,49.77612447],[-117.23400153,49.77601694],[-117.23391833,49.77596318],[-117.2337793,49.77593648],[-117.23368168,49.77592758],[-117.23348738,49.77586527],[-117.23319472,49.77575774],[-117.23311138,49.77573103],[-117.23304162,49.77566801],[-117.2327633,49.77548892],[-117.23267955,49.77543516],[-117.23259604,49.77538103],[-117.23244282,49.7752557],[-117.23217786,49.77511222],[-117.23206648,49.77504065],[-117.23189966,49.77496873],[-117.23159345,49.77490642],[-117.23151082,49.7749787],[-117.23138629,49.77505098],[-117.2312891,49.77507803],[-117.23121945,49.77509619],[-117.23101139,49.77510545],[-117.23091346,49.77502463],[-117.23083026,49.77497086],[-117.23070487,49.77497122],[-117.23037149,49.77493597],[-117.23028821,49.77492707],[-117.23021899,49.77498119],[-117.23012177,49.77499935],[-117.23002471,49.77499045],[-117.23007741,49.77496232],[-117.27553924,49.75055101],[-117.28274841,49.74667645],[-117.28264105,49.74663729],[-117.28251771,49.74659242],[-117.28241935,49.74657818],[-117.28236356,49.74657676],[-117.28226204,49.74656964],[-117.28215071,49.74656073],[-117.28199783,49.74656109],[-117.28192868,49.74655254],[-117.28183109,49.74653474],[-117.28174789,49.74653474],[-117.28165104,49.74655326],[-117.28155434,49.74661628],[-117.28139858,49.74666969],[-117.28123614,49.74673947],[-117.2809867,49.74680997],[-117.28073091,49.74701185],[-117.28056905,49.74707345],[-117.28032598,49.74707843],[-117.27988732,49.74715819],[-117.2794352,49.74717243],[-117.27893525,49.74715641],[-117.27854286,49.74707843],[-117.27824562,49.7470617],[-117.27802966,49.74705351],[-117.27774581,49.74699263],[-117.2774343,49.74692782],[-117.27728546,49.74686694],[-117.27711304,49.746753],[-117.27704371,49.74670814],[-117.27696008,49.74667218],[-117.27675186,49.74667289],[-117.27666844,49.74668215],[-117.27658484,49.74665509],[-117.27636257,49.74659278],[-117.27602863,49.74644074],[-117.27587551,49.74638698],[-117.27580594,49.74634247],[-117.27553896,49.74624207],[-117.27545792,49.74619008],[-117.2753746,49.74615448],[-117.27533279,49.74610072],[-117.27527689,49.74604659],[-117.27519357,49.74601099],[-117.27512363,49.74594832],[-117.2750539,49.7458764],[-117.27499797,49.74581338],[-117.27487232,49.74573291],[-117.27481674,49.74567915],[-117.27470478,49.7455175],[-117.27459239,49.74531989],[-117.27450841,49.74519421],[-117.27450811,49.74512228],[-117.27452182,49.74505],[-117.27452153,49.74497808],[-117.27453428,49.74479828],[-117.27453283,49.74458251],[-117.27453214,49.74448352],[-117.27454538,49.74435748],[-117.27454548,49.74431262],[-117.27460004,49.74418658],[-117.27461295,49.74397971],[-117.27461197,49.74380881],[-117.27461085,49.74367386],[-117.27461003,49.7434759],[-117.27460899,49.74328719],[-117.27460758,49.74308032],[-117.27460708,49.74296318],[-117.27460612,49.74280118],[-117.27457757,49.74262137],[-117.27453469,49.74244156],[-117.2744784,49.74227992],[-117.27444972,49.74213607],[-117.27433773,49.74195662],[-117.27430937,49.7418936],[-117.27430853,49.74168673],[-117.27430716,49.74148877],[-117.27430724,49.741435],[-117.27430645,49.74138089],[-117.27430655,49.74133602],[-117.27430629,49.741273],[-117.27430509,49.74104798],[-117.27431745,49.74083221],[-117.27433054,49.74073323],[-117.27432966,49.74050856],[-117.2743283,49.74031059],[-117.27432807,49.74025647],[-117.27432747,49.74010373],[-117.27432677,49.73999584],[-117.27431187,49.739852],[-117.27431068,49.73962697],[-117.27430998,49.73951909],[-117.27430933,49.73942901],[-117.27430845,49.73920434],[-117.27433574,49.73914132],[-117.27455669,49.7389519],[-117.27456959,49.73880769],[-117.27462476,49.73875393],[-117.27477736,49.73869055],[-117.27484657,49.73864534],[-117.27494279,49.73846517],[-117.27512235,49.73839289],[-117.27539919,49.73820312],[-117.27550967,49.7381401],[-117.27553809,49.73811767],[-117.27577388,49.73793074],[-117.27577424,49.73580973],[-117.27569051,49.73572927],[-117.27559272,49.73565734],[-117.27553759,49.73563384],[-117.27550943,49.73562174],[-117.27536992,49.73551385],[-117.27535524,49.73541523],[-117.27531304,49.73526213],[-117.27529844,49.7351902],[-117.27527046,49.73514534],[-117.275256,49.73503746],[-117.27519835,49.73494453],[-117.27511609,49.73481314],[-117.27511584,49.73475012],[-117.27511535,49.73462408],[-117.2751145,49.73454326],[-117.27510029,49.73449839],[-117.27507247,49.73442647],[-117.27503009,49.73429153],[-117.27501522,49.73414768],[-117.27501468,49.73400384],[-117.27501366,49.73388669],[-117.27501378,49.73384183],[-117.27505487,49.73378771],[-117.2750825,49.73373395],[-117.27512379,49.73366167],[-117.27515111,49.73360755],[-117.27517841,49.73354453],[-117.27521878,49.73336472],[-117.27527417,49.7333017],[-117.27531527,49.73324758],[-117.2753288,49.73318456],[-117.2753423,49.73311264],[-117.27534157,49.73292357],[-117.27534091,49.73282459],[-117.27534021,49.73270781],[-117.27533912,49.73256396],[-117.27537988,49.73234784],[-117.27539297,49.73223995],[-117.2754892,49.73205089],[-117.2755027,49.73197897],[-117.27550246,49.73191595],[-117.27550169,49.73186183],[-117.27548765,49.7317899],[-117.27544586,49.73172724],[-117.27537561,49.73164641],[-117.27531973,49.73158339],[-117.27529176,49.73153853],[-117.27529152,49.73147551],[-117.27527666,49.73133166],[-117.2752626,49.73125084],[-117.27526212,49.7311248],[-117.27520531,49.73094535],[-117.27513564,49.73087342],[-117.27510731,49.7308104],[-117.27509282,49.73068472],[-117.27509261,49.7306306],[-117.27507798,49.73054087],[-117.27506399,49.73048675],[-117.27504998,49.73042373],[-117.27502163,49.73035181],[-117.27492354,49.73018126],[-117.27483993,49.7301364],[-117.27479814,49.73007373],[-117.27475602,49.73000181],[-117.27470012,49.72992989],[-117.27453282,49.72980455],[-117.27443544,49.72975969],[-117.27433804,49.72970593],[-117.27424043,49.72966142],[-117.27418453,49.7295895],[-117.27411525,49.72954464],[-117.27407311,49.72946381],[-117.27405853,49.72939189],[-117.27403071,49.72931107],[-117.27401549,49.72914016],[-117.27397309,49.72898742],[-117.27394532,49.72892439],[-117.2738894,49.72884357],[-117.27377781,49.72874494],[-117.27367984,49.72868228],[-117.27360991,49.72852953],[-117.27351226,49.72840384],[-117.27348394,49.72834082],[-117.27342773,49.72817027],[-117.27339905,49.7280891],[-117.27335729,49.72803533],[-117.2732038,49.7279189],[-117.27318985,49.72787368],[-117.27316181,49.72780212],[-117.27313328,49.72768498],[-117.2730911,49.72758635],[-117.27299328,49.72741544],[-117.272992,49.72720858],[-117.27299153,49.72714591],[-117.27299133,49.72709179],[-117.27297623,49.72686712],[-117.27296228,49.7268219],[-117.27294771,49.72674998],[-117.27291975,49.72670512],[-117.27287799,49.72665135],[-117.27279371,49.72648081],[-117.27269612,49.72637292],[-117.27266759,49.72631916],[-117.27265361,49.72626504],[-117.27265339,49.72620202],[-117.27263833,49.72598625],[-117.2726381,49.72592323],[-117.27263748,49.72582425],[-117.27262324,49.72576158],[-117.27251145,49.72559993],[-117.27249693,49.72554581],[-117.27249651,49.72550095],[-117.27249628,49.72543793],[-117.27245352,49.72524922],[-117.27245325,49.7251684],[-117.27245269,49.72509612],[-117.27245198,49.72488925],[-117.27245154,49.72483549],[-117.27245031,49.72463752],[-117.27245006,49.7245656],[-117.27244927,49.72449368],[-117.27244879,49.72434983],[-117.27246233,49.72428681],[-117.27248928,49.72419673],[-117.27248903,49.72412481],[-117.27248882,49.72406179],[-117.27248838,49.72400802],[-117.27248818,49.7239539],[-117.27250175,49.72389978],[-117.27250153,49.72383676],[-117.27251424,49.72368402],[-117.27252757,49.72355797],[-117.27252692,49.72344119],[-117.27255426,49.72338707],[-117.27259509,49.72324322],[-117.27259425,49.72308122],[-117.27258007,49.72303636],[-117.27251002,49.72291957],[-117.27248171,49.72285655],[-117.27246749,49.72272161],[-117.27242516,49.72257776],[-117.27239663,49.722524],[-117.27225689,49.72230858],[-117.27222859,49.72224556],[-117.2722004,49.72212878],[-117.27219981,49.7220387],[-117.27219934,49.72189485],[-117.27221232,49.72182293],[-117.27225398,49.72176881],[-117.27247521,49.72165131],[-117.27259966,49.72157013],[-117.27264078,49.72151601],[-117.27284859,49.72141667],[-117.27297308,49.7213533],[-117.27319431,49.7212358],[-117.27323477,49.72106489],[-117.27329018,49.72100187],[-117.27333131,49.72095665],[-117.2734143,49.72091144],[-117.27348348,49.72084841],[-117.27357984,49.72076723],[-117.27366318,49.72074017],[-117.27373203,49.7206679],[-117.27384234,49.72055966],[-117.27395319,49.72052369],[-117.27398055,49.72047848],[-117.27410481,49.72034318],[-117.274257,49.72024384],[-117.27428451,49.72023494],[-117.27453508,49.72033321],[-117.27471564,49.72040477],[-117.27479904,49.72040442],[-117.27486806,49.72037736],[-117.27503425,49.72034994],[-117.27518639,49.7202328],[-117.27528316,49.72019648],[-117.2754914,49.72022319],[-117.27553566,49.72022532],[-117.27567175,49.72023173],[-117.27583813,49.72018616],[-117.2759494,49.72019506],[-117.27606032,49.7201858],[-117.27630972,49.72018509],[-117.27644877,49.72019363],[-117.2767123,49.72021108],[-117.27689282,49.72026484],[-117.27697624,49.72027339],[-117.27717051,49.72024597],[-117.27723953,49.72021891],[-117.27743378,49.7201826],[-117.27759977,49.72010106],[-117.27775153,49.71995686],[-117.27784833,49.71992944],[-117.27791732,49.71989348],[-117.2781802,49.71972186],[-117.27833154,49.7195328],[-117.27837302,49.71950574],[-117.27834514,49.71948758],[-117.27826194,49.71946978],[-117.27812285,49.71944343],[-117.27801139,49.71938041],[-117.2778585,49.71926398],[-117.27783053,49.71921022],[-117.27784308,49.71901225],[-117.27806427,49.71888585],[-117.27811872,49.71870569],[-117.27813229,49.71865157],[-117.27809053,49.71858891],[-117.27802071,49.71853514],[-117.27799243,49.71848102],[-117.27790835,49.71827451],[-117.27783852,49.71822075],[-117.27772705,49.71814883],[-117.27758815,49.71809542],[-117.27750456,49.71804165],[-117.27737967,49.71798789],[-117.27718476,49.71789852],[-117.2771287,49.71784476],[-117.27712828,49.71771871],[-117.27710031,49.71766495],[-117.2770164,49.71760193],[-117.27694713,49.71754816],[-117.27682167,49.7174855],[-117.27676562,49.71743174],[-117.2766545,49.71737797],[-117.27652961,49.71732421],[-117.27625131,49.71723519],[-117.27616814,49.71722629],[-117.27608494,49.71720849],[-117.27595949,49.71714583],[-117.27588987,49.7170739],[-117.2758617,49.71695712],[-117.27570768,49.71674171],[-117.27567972,49.71668794],[-117.27565147,49.71664272],[-117.27553504,49.71653021],[-117.27551202,49.71650814],[-117.27547029,49.71645437],[-117.27542856,49.71640061],[-117.27541406,49.71634649],[-117.27535856,49.71629272],[-117.27524624,49.71611327],[-117.27523192,49.71603209],[-117.27517563,49.71589751],[-117.27506371,49.71567284],[-117.27503575,49.71561907],[-117.27502124,49.71556495],[-117.27500707,49.71552009],[-117.27483929,49.71529578],[-117.27479722,49.71522386],[-117.27479703,49.71516974],[-117.27476887,49.71505295],[-117.27475435,49.71498993],[-117.27475373,49.71487314],[-117.27473976,49.71481012],[-117.27471145,49.7147382],[-117.2746835,49.71468444],[-117.27451576,49.71447793],[-117.27447404,49.71442416],[-117.2744182,49.71435224],[-117.2743897,49.71429848],[-117.27436142,49.71415427],[-117.27434686,49.71407345],[-117.27433265,49.71401079],[-117.27433268,49.71393851],[-117.2742766,49.71386694],[-117.27423455,49.71380392],[-117.27422059,49.7137409],[-117.27417849,49.71365117],[-117.27416432,49.71360631],[-117.27413603,49.71354329],[-117.27401034,49.7133909],[-117.27398208,49.71333678],[-117.27395411,49.71327411],[-117.27392604,49.71319293],[-117.27388377,49.71313917],[-117.27373057,49.71299568],[-117.27368865,49.71287889],[-117.27364586,49.71275285],[-117.27358958,49.71260936],[-117.2735481,49.71255524],[-117.2734645,49.71248368],[-117.27328285,49.71230423],[-117.27322704,49.7122412],[-117.27319909,49.71218744],[-117.27312913,49.71208846],[-117.27303175,49.71200799],[-117.27298969,49.71193607],[-117.27293387,49.71186415],[-117.27277992,49.71164873],[-117.27274954,49.71160992],[-117.20000021,49.71160814],[-117.19405348,49.71160864],[-117.19404979,49.71156852],[-117.19402147,49.71142365],[-117.19394243,49.71131185],[-117.19385416,49.71120507],[-117.19376122,49.71108829],[-117.19374465,49.71104524],[-117.1937302,49.71100748],[-117.19372564,49.71098707],[-117.19371438,49.71093546],[-117.19369531,49.71079158],[-117.19364233,49.71064876],[-117.19364232,49.71064872],[-117.19364226,49.71064858],[-117.19362419,49.71061914],[-117.19355548,49.71050699],[-117.19346559,49.71037922],[-117.19346556,49.71037917],[-117.19345607,49.71035785],[-117.19340658,49.71024624],[-117.19339241,49.71017775],[-117.1933782,49.71010853],[-117.19335781,49.7100562],[-117.19333168,49.70998882],[-117.19326953,49.70989482],[-117.19323775,49.70985482],[-117.19319668,49.70980301],[-117.19316918,49.70971503],[-117.19315454,49.70966802],[-117.19314044,49.70960535],[-117.19314042,49.70960523],[-117.1931215,49.70943729],[-117.19309169,49.70931487],[-117.19308365,49.70928153],[-117.19305526,49.70911967],[-117.1930408,49.70896679],[-117.1929985,49.70879596],[-117.1929983,49.708742],[-117.19298386,49.70859811],[-117.19296938,49.70844523],[-117.19296903,49.70835528],[-117.19294049,49.70815745],[-117.19294046,49.70815728],[-117.19291253,49.7080405],[-117.19290396,49.7079231],[-117.19289761,49.70783372],[-117.19288331,49.70772581],[-117.1928825,49.70751894],[-117.19288099,49.70747435],[-117.19287732,49.70736293],[-117.19287902,49.70731896],[-117.19288146,49.7072581],[-117.19288071,49.70706921],[-117.19286631,49.70693432],[-117.19286571,49.70678208],[-117.19286562,49.70674554],[-117.19284883,49.70665946],[-117.19283095,49.7065676],[-117.1928309,49.70656751],[-117.19275627,49.70638783],[-117.19260411,49.70609826],[-117.19258697,49.70601878],[-117.19257131,49.70594549],[-117.19251524,49.70577458],[-117.19250084,49.70570266],[-117.19250077,49.70563964],[-117.19249268,49.70551923],[-117.19249266,49.7055189],[-117.19248584,49.70541488],[-117.19246674,49.705264],[-117.19245787,49.70522481],[-117.19244328,49.70516004],[-117.19240138,49.70510022],[-117.19241935,49.70490546],[-117.19240567,49.70484869],[-117.19240566,49.70484865],[-117.1923909,49.70478642],[-117.19236449,49.70471588],[-117.1923536,49.70468649],[-117.19233978,49.70466199],[-117.19231161,49.70461166],[-117.19230376,49.70457076],[-117.19229611,49.70452982],[-117.19229211,49.70448538],[-117.1922878,49.7044348],[-117.19228749,49.70435602],[-117.19228748,49.70434503],[-117.19228745,49.70434486],[-117.19228544,49.7043317],[-117.19226372,49.70418899],[-117.19224726,49.70413632],[-117.19223104,49.70408405],[-117.19219382,49.70401818],[-117.19216723,49.70394234],[-117.19216721,49.7039423],[-117.19216557,49.70393565],[-117.19214685,49.70385939],[-117.19214674,49.70383212],[-117.19214683,49.70381451],[-117.19213818,49.70377129],[-117.19213252,49.70374248],[-117.19212634,49.70371394],[-117.19211392,49.70365572],[-117.19210602,49.70361782],[-117.19210601,49.70361776],[-117.19209483,49.70356265],[-117.19207887,49.70347906],[-117.19207601,49.7034638],[-117.19206157,49.70333785],[-117.19206156,49.70333776],[-117.19201948,49.703212],[-117.19201207,49.70318364],[-117.19200551,49.70315795],[-117.19198659,49.7030312],[-117.19196437,49.70290444],[-117.19196433,49.70290427],[-117.19193918,49.7027774],[-117.19194787,49.70264061],[-117.19194788,49.70264046],[-117.1919596,49.70248554],[-117.19197073,49.70235486],[-117.19197442,49.70231268],[-117.19197273,49.70229523],[-117.19196788,49.70224267],[-117.19195529,49.70217473],[-117.19192893,49.70212597],[-117.19191806,49.70210582],[-117.19189758,49.7020729],[-117.19167257,49.70171072],[-117.19164821,49.70167144],[-117.19153514,49.70152367],[-117.19146323,49.70143234],[-117.19146312,49.7014322],[-117.19141901,49.70137611],[-117.19132137,49.70123135],[-117.19128898,49.70110979],[-117.19128384,49.70109036],[-117.19128947,49.70095558],[-117.19128922,49.70095546],[-117.19128922,49.70095541],[-117.19103939,49.70083906],[-117.1908726,49.70074039],[-117.19078915,49.70067757],[-117.19075096,49.70064985],[-117.19071511,49.70062357],[-117.19063624,49.70057879],[-117.19072261,49.70021296],[-117.19086007,49.69990092],[-117.19101339,49.6997078],[-117.19113153,49.69957967],[-117.19119592,49.69949562],[-117.19125563,49.69939958],[-117.191317,49.69933152],[-117.19141241,49.69930337],[-117.19154018,49.69927519],[-117.19156014,49.69927037],[-117.19169862,49.6992371],[-117.19171545,49.69922066],[-117.19181692,49.69912181],[-117.19190108,49.69897277],[-117.19193307,49.69889494],[-117.19193313,49.69889476],[-117.19196051,49.69880477],[-117.19197503,49.69877628],[-117.19198825,49.69875074],[-117.19201318,49.69870969],[-117.19202478,49.69869073],[-117.19204184,49.69865563],[-117.19205694,49.6986247],[-117.19207065,49.69857057],[-117.19215788,49.6984278],[-117.19234235,49.69830959],[-117.19264081,49.69817108],[-117.19286107,49.69807497],[-117.19304816,49.69799346],[-117.19336476,49.69779005],[-117.19340105,49.69776767],[-117.19343118,49.69774912],[-117.19361849,49.6976338],[-117.19380901,49.69752449],[-117.19382848,49.69751848],[-117.19396593,49.69747624],[-117.19413125,49.69742602],[-117.19416473,49.6974159],[-117.19433036,49.69735288],[-117.19446929,49.69730133],[-117.19450136,49.69728945],[-117.19459087,49.69726529],[-117.19468608,49.69724428],[-117.19476924,49.69723504],[-117.19476932,49.69723504],[-117.19498742,49.69723467],[-117.19504657,49.69723467],[-117.19508548,49.6972345],[-117.1951969,49.69723431],[-117.19521305,49.69723431],[-117.19553201,49.69724286],[-117.19556412,49.69724269],[-117.19560126,49.69724263],[-117.19565575,49.69723664],[-117.19568418,49.6972336],[-117.19578599,49.69723039],[-117.19587378,49.69722434],[-117.19601714,49.69721508],[-117.19620114,49.69719871],[-117.19622507,49.6971966],[-117.19634982,49.69718739],[-117.19638944,49.69718056],[-117.19643759,49.69717236],[-117.1965121,49.6971594],[-117.1965433,49.69715402],[-117.19661285,49.69714209],[-117.19694551,49.69709652],[-117.19706213,49.69708937],[-117.19735237,49.69707176],[-117.197534,49.69707904],[-117.19763924,49.69708334],[-117.19788509,49.69709311],[-117.19799804,49.69709764],[-117.19819006,49.69709583],[-117.19838776,49.69709403],[-117.19840226,49.69709863],[-117.19841559,49.69710292],[-117.19844342,49.69712686],[-117.1985206,49.69719203],[-117.19852847,49.69719871],[-117.19864744,49.69728843],[-117.19879555,49.69736605],[-117.19879568,49.69736611],[-117.19900409,49.69746769],[-117.19909473,49.69751618],[-117.19919395,49.69756936],[-117.19926834,49.69762161],[-117.199347,49.69767697],[-117.19944984,49.69775477],[-117.19948144,49.69777871],[-117.19959739,49.69787449],[-117.19969746,49.69793898],[-117.19976425,49.69798207],[-117.19978638,49.69799262],[-117.19987054,49.69803294],[-117.20000047,49.69808065],[-117.20038917,49.69820598],[-117.20047229,49.69824158],[-117.2005698,49.6983046],[-117.20065017,49.6983563],[-117.20071589,49.69839869],[-117.20071621,49.69839891],[-117.20076916,49.69843314],[-117.2008159,49.69845774],[-117.20087104,49.69848685],[-117.20099609,49.6985436],[-117.20116734,49.69860027],[-117.20122097,49.69866075],[-117.20126012,49.69870516],[-117.20131886,49.69875176],[-117.20136534,49.6987888],[-117.20141153,49.69882073],[-117.20147327,49.69886361],[-117.20155751,49.69890108],[-117.2015939,49.69891732],[-117.2016507,49.69893562],[-117.20165137,49.69893584],[-117.20172324,49.69895903],[-117.20207067,49.69906656],[-117.20216756,49.69908436],[-117.20225534,49.69911008],[-117.20231586,49.69912794],[-117.2024779,49.69918862],[-117.20255675,49.69923516],[-117.20255742,49.69923556],[-117.20269563,49.69931722],[-117.20279283,49.69937988],[-117.20296001,49.69948777],[-117.20310168,49.69959737],[-117.20316855,49.69964913],[-117.20336337,49.69981069],[-117.20345933,49.69991246],[-117.20345941,49.69991254],[-117.20353057,49.69999928],[-117.20358641,49.70008912],[-117.20362831,49.70016101],[-117.2036494,49.70018644],[-117.20364947,49.70018652],[-117.20372419,49.70027678],[-117.20386488,49.70039855],[-117.20404432,49.70049836],[-117.20405811,49.70050603],[-117.20405819,49.70050608],[-117.20428189,49.70059159],[-117.2043162,49.70062478],[-117.20443017,49.70073537],[-117.20458802,49.70086996],[-117.20479421,49.70093626],[-117.20483809,49.70095039],[-117.20499231,49.70100339],[-117.20511579,49.70104585],[-117.20537486,49.70112632],[-117.20562044,49.70119504],[-117.20578195,49.70122778],[-117.20581001,49.7012335],[-117.20584148,49.70124343],[-117.20596409,49.70128227],[-117.20617265,49.70139977],[-117.20643554,49.70158634],[-117.20648912,49.70151726],[-117.20652671,49.70149577],[-117.20657374,49.701469],[-117.20684124,49.70134335],[-117.20726584,49.70114412],[-117.20772682,49.70092444],[-117.20779364,49.70088613],[-117.20791612,49.70081599],[-117.20797798,49.70077687],[-117.20799057,49.70076892],[-117.20806679,49.70072078],[-117.20810629,49.70070175],[-117.20824201,49.70063651],[-117.20846362,49.70057415],[-117.20871921,49.70052972],[-117.20894577,49.70050831],[-117.20906441,49.70049717],[-117.20936794,49.70045478],[-117.20939836,49.70045053],[-117.20966176,49.70042607],[-117.20976036,49.7004239],[-117.20986924,49.70041822],[-117.20991917,49.70041564],[-117.21019779,49.70042525],[-117.21045123,49.7004322],[-117.21060017,49.70043637],[-117.21114046,49.70052608],[-117.2112103,49.70053769],[-117.21124288,49.70054311],[-117.21124291,49.70054309],[-117.21124315,49.70054313],[-117.21137974,49.70046774],[-117.21142327,49.70044377],[-117.21146159,49.70042528],[-117.21161674,49.70035057],[-117.21174373,49.70029716],[-117.21182457,49.70026325],[-117.21189283,49.70023643],[-117.21210124,49.7001548],[-117.21225549,49.70011445],[-117.21230899,49.70010053],[-117.21241987,49.70008237],[-117.21251204,49.70006422],[-117.21262788,49.70004606],[-117.21272005,49.7000279],[-117.21279525,49.70000764],[-117.21282167,49.70000057],[-117.21282182,49.70000048],[-117.21295697,49.69993037],[-117.21295703,49.69993034],[-117.21311691,49.69983527],[-117.21327363,49.69972703],[-117.21333659,49.69968058],[-117.21339634,49.69963673],[-117.21352233,49.69955555],[-117.21370681,49.69945927],[-117.2137497,49.69938848],[-117.21380335,49.69930013],[-117.21384327,49.69925657],[-117.21395499,49.69913501],[-117.21403792,49.6990719],[-117.21406348,49.69905008],[-117.21409774,49.69902098],[-117.21415528,49.69898855],[-117.21425148,49.69893458],[-117.21448055,49.69881922],[-117.21468805,49.69870192],[-117.21485411,49.69862365],[-117.21492192,49.69860003],[-117.21499236,49.69857556],[-117.21512167,49.69853078],[-117.2151226,49.69853046],[-117.21522794,49.69849403],[-117.2153987,49.69843576],[-117.21548336,49.69840007],[-117.21554633,49.69837368],[-117.21565396,49.69826152],[-117.21572121,49.69813188],[-117.21574079,49.69809432],[-117.2158076,49.69787234],[-117.21580736,49.69781837],[-117.21579324,49.69776443],[-117.21580382,49.69773395],[-117.21585269,49.69759357],[-117.2159443,49.69743134],[-117.21595444,49.69741843],[-117.21603644,49.69731442],[-117.21610962,49.69718818],[-117.21646949,49.69706669],[-117.2165204,49.69704952],[-117.21671756,49.69700323],[-117.2168577,49.69698009],[-117.21699503,49.69696884],[-117.21700997,49.69696764],[-117.21723172,49.69694323],[-117.21739259,49.69692946],[-117.21751805,49.69691885],[-117.21771229,49.69688253],[-117.21782384,49.69685668],[-117.217883,49.69684307],[-117.2179753,49.69680992],[-117.21800473,49.69680445],[-117.21806778,49.69679281],[-117.21817238,49.69678357],[-117.21817261,49.69678355],[-117.21828948,49.69678248],[-117.21837205,49.69677807],[-117.21840962,49.69677612],[-117.21859443,49.69676078],[-117.21882077,49.69672737],[-117.2189728,49.69669195],[-117.21909339,49.69666391],[-117.21911047,49.69665996],[-117.21921191,49.69663646],[-117.21940717,49.69659134],[-117.21981034,49.69653965],[-117.21993111,49.69653683],[-117.22028201,49.69652872],[-117.22082139,49.69655867],[-117.22145495,49.69662942],[-117.22196707,49.69665596],[-117.22229153,49.69667282],[-117.22258297,49.69669026],[-117.22260262,49.69674044],[-117.22263914,49.69683402],[-117.22266938,49.6968702],[-117.22273662,49.69695089],[-117.22287577,49.69708548],[-117.22293068,49.6971194],[-117.2230058,49.69716612],[-117.22311237,49.69721988],[-117.22319577,49.69726469],[-117.2233603,49.69733384],[-117.2235152,49.69739916],[-117.22364017,49.69743477],[-117.22370046,49.69745982],[-117.22387647,49.69753321],[-117.22427601,49.69764038],[-117.22466501,49.69779952],[-117.22504347,49.69801066],[-117.22527125,49.6981167],[-117.22546056,49.69820491],[-117.22562518,49.69824942],[-117.22595821,49.69828182],[-117.22645935,49.69830176],[-117.22706009,49.69830069],[-117.22722646,49.69830407],[-117.22767442,49.69831317],[-117.22772578,49.69831422],[-117.22840556,49.69837586],[-117.22894155,49.69840391],[-117.22928846,49.6984221],[-117.22933524,49.69858195],[-117.2293591,49.6986638],[-117.22939611,49.69870759],[-117.22943263,49.69875086],[-117.229483,49.69881055],[-117.22967604,49.69883512],[-117.22981085,49.69882745],[-117.22985756,49.6988248],[-117.23001613,49.6988134],[-117.23001618,49.69881341],[-117.23010869,49.69882521],[-117.23025562,49.69884476],[-117.23044196,49.69886966],[-117.23060822,49.69890526],[-117.23085851,49.69898573],[-117.23110354,49.69906015],[-117.23121427,49.69909157],[-117.23134428,49.69912856],[-117.23134443,49.69912851],[-117.231618,49.6990281],[-117.23161806,49.69902809],[-117.23163044,49.69902508],[-117.23163609,49.69902371],[-117.23186739,49.69896762],[-117.2319425,49.69896079],[-117.23209239,49.69894728],[-117.23220424,49.69893577],[-117.23227242,49.69892883],[-117.23243879,49.69891951],[-117.23254183,49.69887932],[-117.23259867,49.69885248],[-117.23264175,49.69883227],[-117.23272943,49.6987721],[-117.23284922,49.69871086],[-117.23301981,49.69863965],[-117.23331413,49.69854002],[-117.23342134,49.69850377],[-117.23366385,49.69844005],[-117.23403062,49.69834377],[-117.23420614,49.69826045],[-117.23425342,49.69822485],[-117.23425348,49.6982248],[-117.23427966,49.69820522],[-117.23426556,49.69807411],[-117.23425089,49.69793538],[-117.23444091,49.69774809],[-117.23458743,49.69748711],[-117.23460882,49.69744602],[-117.23475537,49.69716489],[-117.23493346,49.69689896],[-117.23495569,49.6968658],[-117.23501527,49.69682242],[-117.23519988,49.69668827],[-117.23534878,49.69657504],[-117.23542221,49.69646695],[-117.23542179,49.69638036],[-117.23542154,49.69630501],[-117.23540666,49.69611631],[-117.23540665,49.6961162],[-117.23540665,49.69611576],[-117.23540655,49.69605329],[-117.23541943,49.69585532],[-117.23542488,49.69578169],[-117.2354323,49.69568441],[-117.23543178,49.69557648],[-117.23544825,49.6954795],[-117.23546263,49.69544343],[-117.23548189,49.69539566],[-117.23553249,49.69532445],[-117.23560118,49.69526142],[-117.23569793,49.6951952],[-117.235698,49.69519516],[-117.23570396,49.69519203],[-117.23584091,49.69512007],[-117.23603916,49.69503569],[-117.23616267,49.69499147],[-117.23633455,49.69493003],[-117.23642625,49.69488603],[-117.23653761,49.69483274],[-117.23666489,49.69475156],[-117.23667637,49.69473717],[-117.236717,49.69468639],[-117.23676724,49.69456337],[-117.23679627,49.6944565],[-117.23679904,49.69444642],[-117.23682638,49.69435029],[-117.2368397,49.6942424],[-117.23685335,49.69416158],[-117.23689911,49.69399432],[-117.2368992,49.693994],[-117.23690761,49.69396344],[-117.23697606,49.69378341],[-117.23699211,49.6936814],[-117.23700298,49.69361255],[-117.23703039,49.69354952],[-117.23703787,49.69352974],[-117.23708514,49.69340542],[-117.23711243,49.69336375],[-117.23712663,49.6933423],[-117.23731975,49.69314398],[-117.23741775,49.69304108],[-117.23751756,49.69295171],[-117.23761848,49.69283884],[-117.23769953,49.69270176],[-117.2377438,49.6925775],[-117.23776002,49.6924776],[-117.23776005,49.69247745],[-117.23775617,49.69245811],[-117.23774581,49.69240568],[-117.23773168,49.69235173],[-117.237685,49.69225589],[-117.23766534,49.69220669],[-117.23763378,49.6921271],[-117.23773943,49.69211035],[-117.23797988,49.6920724],[-117.23814328,49.69205217],[-117.23827529,49.69203595],[-117.23847152,49.69199529],[-117.23852943,49.69198332],[-117.23852962,49.69198325],[-117.23877705,49.6919099],[-117.2390184,49.69181555],[-117.23924311,49.69176998],[-117.2392432,49.69176996],[-117.23944327,49.69172659],[-117.23956131,49.69169877],[-117.23961883,49.69168524],[-117.23980045,49.69163503],[-117.24005593,49.69161545],[-117.24038558,49.69162684],[-117.24097721,49.69161153],[-117.24115045,49.69158745],[-117.24148974,49.69154045],[-117.2417262,49.69138105],[-117.2417729,49.69135231],[-117.24193964,49.69124978],[-117.24199615,49.69120163],[-117.24209155,49.69112045],[-117.24230992,49.69104303],[-117.2424391,49.69099187],[-117.24251277,49.6909628],[-117.2426076,49.69093938],[-117.24269751,49.6909173],[-117.24295299,49.69086779],[-117.24307753,49.69085364],[-117.24330266,49.69082822],[-117.24353393,49.69077261],[-117.24369793,49.6907333],[-117.24379891,49.69069146],[-117.24401335,49.69060284],[-117.24414828,49.69048754],[-117.24422477,49.69042238],[-117.24437006,49.69045886],[-117.24472624,49.69054836],[-117.24499435,49.69060257],[-117.24530743,49.69066595],[-117.24620907,49.69075098],[-117.24626362,49.69057098],[-117.24631809,49.69038208],[-117.24635272,49.69034376],[-117.24645141,49.69023478],[-117.24654925,49.69012221],[-117.24656634,49.69010258],[-117.24660115,49.69006496],[-117.24667199,49.68998845],[-117.2466887,49.68996441],[-117.24671793,49.68992242],[-117.24682834,49.68980528],[-117.24687387,49.68970599],[-117.24687399,49.68970575],[-117.24691199,49.68962316],[-117.24695249,49.68940721],[-117.24694969,49.68915737],[-117.24711004,49.68913086],[-117.24723752,49.68910991],[-117.24747378,49.68904889],[-117.24749117,49.6890444],[-117.24759487,49.68900501],[-117.24771122,49.68896087],[-117.24791384,49.68886459],[-117.24791407,49.68886448],[-117.2480009,49.68881528],[-117.24812319,49.68874602],[-117.24822315,49.68866679],[-117.24822395,49.68866615],[-117.24829635,49.68860883],[-117.24838989,49.68849993],[-117.24848478,49.68838961],[-117.24848161,49.68837774],[-117.24847056,49.68833561],[-117.24846932,49.68809277],[-117.24847741,49.68799102],[-117.24848247,49.68792888],[-117.24850968,49.68779892],[-117.24859194,49.68766976],[-117.24877185,49.68760641],[-117.24892417,49.68757011],[-117.24908573,49.68753378],[-117.24915733,49.68751036],[-117.24920286,49.68749557],[-117.24930724,49.68745533],[-117.24940844,49.68741332],[-117.24946828,49.68739024],[-117.24950545,49.68737597],[-117.24955388,49.68736373],[-117.24961293,49.68734887],[-117.24966944,49.68734056],[-117.24973167,49.68733151],[-117.24982728,49.68731788],[-117.24990265,49.68730722],[-117.24996084,49.68729715],[-117.25011492,49.68727072],[-117.25021183,49.68724352],[-117.25028105,49.68722539],[-117.25036913,49.68719657],[-117.25038254,49.68719221],[-117.25039474,49.68718728],[-117.25050245,49.68714396],[-117.25069622,49.68708057],[-117.2507793,49.6870624],[-117.25091784,49.68704411],[-117.25091795,49.6870441],[-117.25101485,49.68703491],[-117.25118093,49.68702558],[-117.25120282,49.68706546],[-117.25123221,49.6870943],[-117.25123226,49.68709431],[-117.25123236,49.6870944],[-117.25130945,49.68710923],[-117.25130955,49.68710925],[-117.25132439,49.68711015],[-117.25140343,49.68711502],[-117.25140357,49.68711494],[-117.25140364,49.68711495],[-117.25149355,49.68706027],[-117.25179963,49.6868743],[-117.25203913,49.68672087],[-117.25206822,49.68670159],[-117.25214068,49.68665386],[-117.25226031,49.6865855],[-117.25237112,49.68653743],[-117.25247097,49.68650453],[-117.25252776,49.68648596],[-117.25262634,49.68643968],[-117.252686,49.68641174],[-117.2527452,49.68637968],[-117.25285501,49.68632034],[-117.25293795,49.68627518],[-117.25311769,49.68618185],[-117.25331119,49.6860675],[-117.25338027,49.68602237],[-117.25341135,49.68600786],[-117.25347698,49.68597736],[-117.25360647,49.68592609],[-117.2537155,49.68589017],[-117.25371554,49.68589016],[-117.253871,49.68583931],[-117.25392926,49.68582034],[-117.25397305,49.6857916],[-117.25400588,49.68577015],[-117.25404989,49.68572734],[-117.25407185,49.68570605],[-117.25416827,49.68560707],[-117.25421737,49.68553624],[-117.25421757,49.68553595],[-117.25430591,49.68540871],[-117.25437485,49.6853366],[-117.2544989,49.68519841],[-117.25457163,49.68513346],[-117.25459076,49.68511643],[-117.25467848,49.68504806],[-117.25477523,49.68499394],[-117.25480837,49.68497633],[-117.25487186,49.68494275],[-117.25495483,49.68490358],[-117.25495499,49.68490351],[-117.25504242,49.68486149],[-117.25512075,49.68481342],[-117.25521748,49.6847591],[-117.25521775,49.68475895],[-117.25532039,49.68470391],[-117.25543575,49.68463363],[-117.25545689,49.6846208],[-117.25545706,49.68462066],[-117.2555577,49.68454002],[-117.25570085,49.68442533],[-117.25578349,49.68458449],[-117.25579883,49.68461404],[-117.25582061,49.68465569],[-117.2558548,49.68469771],[-117.25588968,49.68472016],[-117.2559445,49.6847555],[-117.25598181,49.68477529],[-117.25604949,49.68481129],[-117.25625821,49.68491882],[-117.25638611,49.68496546],[-117.25642866,49.68497746],[-117.25650493,49.68499911],[-117.25657335,49.68501207],[-117.25661436,49.68501993],[-117.25673307,49.68504771],[-117.2568827,49.6850883],[-117.25695205,49.6851061],[-117.2570854,49.68513813],[-117.25717428,49.68515953],[-117.25726098,49.68517586],[-117.25741,49.68520401],[-117.25747762,49.68521839],[-117.25750733,49.68522474],[-117.25761379,49.68525848],[-117.25773419,49.68530519],[-117.25779754,49.68534279],[-117.25791022,49.68540981],[-117.25809545,49.68550737],[-117.25820964,49.68555395],[-117.25826551,49.68557685],[-117.25835907,49.68560209],[-117.25841952,49.68561846],[-117.25842673,49.6856209],[-117.25858946,49.68567614],[-117.25882723,49.68576764],[-117.25889619,49.68581826],[-117.25895712,49.68586312],[-117.2590778,49.68596479],[-117.25907792,49.6859649],[-117.25915673,49.68604252],[-117.25915677,49.68604257],[-117.25926808,49.68616215],[-117.25932252,49.68621517],[-117.25941232,49.68630283],[-117.25949654,49.68638599],[-117.25955169,49.68644058],[-117.2595594,49.68644644],[-117.25966764,49.68652873],[-117.2597048,49.68655703],[-117.2598403,49.68664251],[-117.2599271,49.6866973],[-117.26006651,49.68679913],[-117.26021466,49.68686785],[-117.26044149,49.68694226],[-117.26051085,49.68696897],[-117.26054019,49.68697833],[-117.26059441,49.68699577],[-117.2608258,49.68709109],[-117.26082598,49.68709118],[-117.26102525,49.68719267],[-117.26117354,49.68727029],[-117.26123089,49.68729419],[-117.26133084,49.68733606],[-117.26151174,49.68741652],[-117.26180361,49.68755075],[-117.26193797,49.68762835],[-117.26193801,49.68762837],[-117.26213711,49.68772985],[-117.26225089,49.68782301],[-117.26229041,49.68785541],[-117.262402,49.68798108],[-117.26242796,49.68800419],[-117.2625194,49.6880859],[-117.26262933,49.68816957],[-117.26276398,49.68823224],[-117.26280511,49.68824582],[-117.26290732,49.68827975],[-117.26312485,49.68833922],[-117.26328674,49.68836584],[-117.2633785,49.68839054],[-117.26344873,49.68840955],[-117.26364318,49.68847008],[-117.2637604,49.68853168],[-117.26379775,49.68855648],[-117.26384712,49.68858942],[-117.26393081,49.68867918],[-117.26400044,49.68873899],[-117.2640516,49.68879884],[-117.26406963,49.68883188],[-117.26408415,49.68885889],[-117.26411965,49.68889212],[-117.26415396,49.68892452],[-117.26423317,49.68904527],[-117.26432187,49.68920897],[-117.26445603,49.68923564],[-117.26457167,49.68925337],[-117.26457189,49.6892534],[-117.26466876,49.6892623],[-117.26473117,49.68927212],[-117.26477978,49.68927989],[-117.26485482,49.68930121],[-117.26488101,49.68930869],[-117.26502027,49.68934846],[-117.26520664,49.68941967],[-117.26523812,49.68943174],[-117.26523833,49.68943178],[-117.26558045,49.68949693],[-117.26583495,49.68958737],[-117.26592353,49.68962226],[-117.26604356,49.68966975],[-117.26614112,49.68971462],[-117.2662055,49.68974439],[-117.2663015,49.68978214],[-117.26640457,49.68981596],[-117.26647738,49.68984176],[-117.26648817,49.68984562],[-117.26652282,49.68985222],[-117.26661745,49.68987044],[-117.26670407,49.68988288],[-117.26679346,49.68989589],[-117.2668767,49.68990469],[-117.26709879,49.68995215],[-117.26715893,49.68997378],[-117.26724227,49.69000396],[-117.2673628,49.69005665],[-117.26740136,49.69008132],[-117.26744163,49.69010726],[-117.26752971,49.69015503],[-117.26773014,49.69027337],[-117.26780796,49.69031942],[-117.26792387,49.69040089],[-117.26805843,49.6904956],[-117.26807527,49.69050463],[-117.26814161,49.69054053],[-117.26860035,49.69071036],[-117.26879504,49.69079083],[-117.26881349,49.6908014],[-117.26896642,49.69088926],[-117.26904261,49.69094022],[-117.26908678,49.69096993],[-117.26919099,49.69104311],[-117.26928654,49.69111037],[-117.26958799,49.69130156],[-117.26971818,49.69144217],[-117.26985592,49.69155578],[-117.26992895,49.69159931],[-117.27000116,49.69164251],[-117.27014029,49.69172618],[-117.27031199,49.69186647],[-117.27031209,49.69186653],[-117.2703817,49.69191133],[-117.27050662,49.69193802],[-117.27050668,49.69193804],[-117.27051361,49.69193884],[-117.27065916,49.69195583],[-117.27108804,49.6918301],[-117.27125446,49.69178137],[-117.27148586,49.6917304],[-117.27194664,49.69162898],[-117.27250267,49.69153961],[-117.27299954,49.69148549],[-117.27315754,49.69150028],[-117.27322791,49.6915069],[-117.27347759,49.69152829],[-117.27379206,49.69156353],[-117.2739256,49.6915636],[-117.27413742,49.69156382],[-117.27441009,49.69156916],[-117.27450101,49.69156845],[-117.2746363,49.69156753],[-117.27475161,49.69156214],[-117.27481645,49.69155919],[-117.27499657,49.69151682],[-117.27514867,49.69149546],[-117.27521307,49.69148479],[-117.27529666,49.69147101],[-117.27560581,49.69138334],[-117.27594043,49.69127594],[-117.27607637,49.69123234],[-117.27628139,49.69122117],[-117.27711591,49.69117585],[-117.2773127,49.69137626],[-117.2774004,49.69144239],[-117.27749362,49.69151291],[-117.27765563,49.69157343],[-117.27780203,49.69158803],[-117.27798251,49.69158162],[-117.27822765,49.69157806],[-117.27850443,49.69157735],[-117.27850446,49.69157728],[-117.27850467,49.69157728],[-117.27863236,49.69127416],[-117.27901543,49.69091545],[-117.27954824,49.69061034],[-117.2795483,49.69061032],[-117.2796549,49.69057105],[-117.28023077,49.69035894],[-117.28087815,49.69012359],[-117.28134238,49.68992908],[-117.28152652,49.68985201],[-117.28185592,49.68964277],[-117.28218035,49.68943676],[-117.28296969,49.6892509],[-117.28311001,49.68920867],[-117.28333907,49.68913971],[-117.28358927,49.68906445],[-117.28414769,49.68893017],[-117.28422036,49.68890582],[-117.28467977,49.68875208],[-117.28514253,49.68862419],[-117.28532252,49.6885745],[-117.28547004,49.6885374],[-117.28581621,49.6884505],[-117.28603927,49.68836631],[-117.28606987,49.68835477],[-117.28606999,49.68835472],[-117.28626365,49.68826642],[-117.28632542,49.68822586],[-117.28634632,49.68821218],[-117.28647076,49.68815191],[-117.28651776,49.68812886],[-117.28659997,49.68808875],[-117.28676101,49.68801932],[-117.28676112,49.68801927],[-117.28691321,49.68794994],[-117.28694719,49.68793807],[-117.28712081,49.68787761],[-117.2872145,49.68785185],[-117.28728685,49.68783209],[-117.287459,49.6877687],[-117.28752395,49.68772623],[-117.28766631,49.68763336],[-117.28780521,49.68747867],[-117.28788959,49.68738485],[-117.28832781,49.68698901],[-117.28876553,49.68651321],[-117.28933245,49.6860001],[-117.28989326,49.68550199],[-117.29002566,49.68543972],[-117.29052764,49.68520366],[-117.29107306,49.6849295],[-117.29152885,49.68467955],[-117.29173866,49.68449201],[-117.29181839,49.6844208],[-117.29211588,49.68419819],[-117.2922578,49.68408138],[-117.29234133,49.68401266],[-117.29243246,49.68394111],[-117.29243296,49.68394072],[-117.2925405,49.68385633],[-117.29271967,49.68368098],[-117.29298974,49.6835104],[-117.29325841,49.68336481],[-117.29355766,49.68319018],[-117.29355771,49.68319016],[-117.2936913,49.68312085],[-117.29378801,49.68306664],[-117.29389853,49.6830034],[-117.29400003,49.68295233],[-117.29407803,49.68291317],[-117.29415362,49.68288182],[-117.29434092,49.6828044],[-117.2944699,49.68276014],[-117.2945348,49.682738],[-117.29466265,49.68273762],[-117.29477488,49.68273733],[-117.29518766,49.68273529],[-117.29575716,49.68267086],[-117.29641386,49.68250229],[-117.29710992,49.68220071],[-117.29799544,49.6819534],[-117.29837058,49.68184866],[-117.29898807,49.68170244],[-117.29986422,49.68149502],[-117.30010681,49.68145985],[-117.30086887,49.68134949],[-117.30166543,49.68122906],[-117.30188473,49.68119593],[-117.30279986,49.68099476],[-117.30360749,49.68089364],[-117.30360763,49.68089362],[-117.30429983,49.68075088],[-117.30441953,49.68073024],[-117.30510602,49.68061201],[-117.30602554,49.68038164],[-117.30641461,49.68027831],[-117.3070297,49.68011505],[-117.30803259,49.67990852],[-117.30912702,49.67980666],[-117.31004392,49.6796433],[-117.31046864,49.67950222],[-117.31072622,49.67941674],[-117.3108501,49.67933646],[-117.31117419,49.67912658],[-117.31147568,49.67906133],[-117.31222634,49.67889904],[-117.31327725,49.67855438],[-117.31368857,49.67844473],[-117.31430449,49.67828064],[-117.31533837,49.67811893],[-117.31533842,49.67811893],[-117.31637922,49.67806911],[-117.3163617,49.67792901],[-117.31632096,49.67760158],[-117.316264,49.67738297],[-117.31626389,49.6773829],[-117.31626388,49.67738284],[-117.3159207,49.67715901],[-117.31592064,49.67715899],[-117.31592052,49.67715891],[-117.31529068,49.67692978],[-117.31558969,49.67675789],[-117.31585838,49.67660357],[-117.3163122,49.6762525],[-117.31613875,49.6761348],[-117.31613618,49.67613306],[-117.31586044,49.6759459],[-117.31585896,49.67569991],[-117.31594639,49.67566378],[-117.31630721,49.67551485],[-117.31630572,49.67528402],[-117.31630496,49.67514625],[-117.31630227,49.67474142],[-117.31630141,49.67462039],[-117.31629945,49.67431859],[-117.31634516,49.67390107],[-117.31636058,49.67376085],[-117.31652618,49.67341049],[-117.31663853,49.67314025],[-117.31675802,49.67298031],[-117.31678803,49.67294015],[-117.31681817,49.67283458],[-117.31683007,49.67279305],[-117.31698943,49.67264569],[-117.31710403,49.67253354],[-117.31718416,49.67249198],[-117.31727287,49.67244606],[-117.31739571,49.67239075],[-117.31732419,49.67204915],[-117.31731895,49.67201653],[-117.31730988,49.67195922],[-117.31729576,49.67192326],[-117.31728634,49.67189335],[-117.31728303,49.67187161],[-117.31728138,49.67186038],[-117.31726717,49.67180645],[-117.31725314,49.67177951],[-117.31725304,49.67177051],[-117.31726655,49.67171251],[-117.31726655,49.67171248],[-117.31726569,49.67170815],[-117.31724287,49.67159249],[-117.31723524,49.67138883],[-117.31722494,49.67136374],[-117.31714444,49.67116717],[-117.31700456,49.67096968],[-117.31676181,49.67081843],[-117.31663198,49.67071696],[-117.31660184,49.67068794],[-117.31649234,49.67058231],[-117.31633582,49.67042883],[-117.31617168,49.67028934],[-117.31611805,49.67026098],[-117.31588429,49.67013724],[-117.31525821,49.66976117],[-117.31570509,49.66933521],[-117.3161385,49.66900099],[-117.3162644,49.66890394],[-117.31626143,49.66845424],[-117.31625881,49.66803161],[-117.31625582,49.66758908],[-117.31625507,49.66747382],[-117.31638364,49.66733705],[-117.31651512,49.66719738],[-117.31671069,49.66712675],[-117.31672259,49.66712245],[-117.31688372,49.66706435],[-117.31736113,49.66707504],[-117.31736113,49.66707489],[-117.31736124,49.6670749],[-117.31735958,49.66683843],[-117.31735737,49.66649939],[-117.31739713,49.66622046],[-117.31737432,49.66602483],[-117.31735325,49.66584296],[-117.31734984,49.66530318],[-117.31734667,49.66485365],[-117.31734666,49.66485242],[-117.31734369,49.66439453],[-117.3173404,49.66388218],[-117.31733704,49.6633602],[-117.31737229,49.66311453],[-117.31737232,49.66311438],[-117.31736171,49.66303939],[-117.31734175,49.66289769],[-117.31733402,49.6628413],[-117.31731416,49.6626948],[-117.31728983,49.66250598],[-117.31734356,49.66224498],[-117.31731561,49.66220018],[-117.31731554,49.6622001],[-117.31727369,49.66215523],[-117.31721142,49.66209194],[-117.31717763,49.66205741],[-117.31702291,49.66194605],[-117.31702278,49.66194596],[-117.31680499,49.66181772],[-117.31676616,49.66178822],[-117.31661638,49.6616743],[-117.31655563,49.66161406],[-117.31649289,49.66155185],[-117.31645662,49.66151585],[-117.31641301,49.66146836],[-117.31622895,49.66126768],[-117.31622874,49.66126768],[-117.31622869,49.66126763],[-117.31597155,49.66126233],[-117.3159713,49.66126234],[-117.31570217,49.66126907],[-117.31582793,49.66115588],[-117.31590097,49.66106898],[-117.3159224,49.6610436],[-117.31599073,49.66090059],[-117.31599076,49.6609005],[-117.31602685,49.66076747],[-117.31601524,49.66063859],[-117.31601115,49.66048472],[-117.31601115,49.66048469],[-117.31601463,49.66030579],[-117.31602755,49.66016184],[-117.31602697,49.66007339],[-117.31602685,49.660045],[-117.31603966,49.65985594],[-117.31606634,49.65972099],[-117.31609371,49.65965797],[-117.31614346,49.65951092],[-117.31615105,49.65946758],[-117.31617459,49.65933394],[-117.31613234,49.65922611],[-117.31610798,49.65912866],[-117.31608975,49.65905517],[-117.31603334,49.65888462],[-117.31597696,49.65874078],[-117.31587876,49.65857913],[-117.31586093,49.65854125],[-117.31579444,49.65839954],[-117.31575247,49.65833668],[-117.31571047,49.65826784],[-117.31567276,49.65815202],[-117.3156581,49.65812851],[-117.31559818,49.65803224],[-117.31550497,49.65788269],[-117.31538856,49.65773493],[-117.3153488,49.65763569],[-117.31531166,49.65754236],[-117.31527283,49.65745245],[-117.31523683,49.65736855],[-117.31516351,49.65721403],[-117.31513534,49.65715991],[-117.31512123,49.65710614],[-117.31508331,49.65696835],[-117.3150178,49.65682664],[-117.31495148,49.65672639],[-117.31495123,49.65672602],[-117.31490568,49.656657],[-117.31473841,49.65649854],[-117.31456213,49.6563791],[-117.31452134,49.65636231],[-117.31421502,49.65623604],[-117.31459241,49.65605721],[-117.31481123,49.6558329],[-117.31479834,49.6556709],[-117.31479095,49.65557696],[-117.31456021,49.65536371],[-117.31446266,49.65526136],[-117.31437122,49.6551653],[-117.31434381,49.65508529],[-117.31434374,49.65508508],[-117.31430366,49.65496765],[-117.31454444,49.65482608],[-117.31459966,49.65475506],[-117.31465903,49.65467893],[-117.31465594,49.65463987],[-117.31464718,49.65452598],[-117.31460451,49.6543552],[-117.31460306,49.65413034],[-117.31460306,49.65413026],[-117.31462984,49.65398634],[-117.31462972,49.65396654],[-117.31462965,49.65393229],[-117.31465601,49.65375249],[-117.31465602,49.65375242],[-117.31466896,49.65360864],[-117.31466897,49.65360847],[-117.31441112,49.65325039],[-117.31438618,49.65317825],[-117.31426707,49.65283316],[-117.31424007,49.65241889],[-117.31424,49.65241773],[-117.31423604,49.65235639],[-117.3142356,49.65228775],[-117.31423407,49.65202955],[-117.31423255,49.65178067],[-117.31420822,49.65160387],[-117.31419841,49.65153199],[-117.31393439,49.65140678],[-117.31380614,49.65132917],[-117.31371181,49.65126347],[-117.31334507,49.65096164],[-117.31313992,49.650837],[-117.31301609,49.65076165],[-117.31254183,49.6505619],[-117.3120853,49.65039529],[-117.3116951,49.65001866],[-117.31179972,49.64991822],[-117.31189578,49.6498263],[-117.31205929,49.64965208],[-117.31205957,49.64965178],[-117.3121386,49.64956774],[-117.31226484,49.64933714],[-117.31230899,49.64925661],[-117.31253984,49.64899598],[-117.31261822,49.6488213],[-117.3126566,49.64873584],[-117.31289028,49.64844937],[-117.31312345,49.64808996],[-117.31342586,49.64772136],[-117.31364752,49.64748752],[-117.31371183,49.64741974],[-117.31388104,49.64717945],[-117.31388107,49.64717941],[-117.31402606,49.64699217],[-117.31418942,49.64678685],[-117.31436099,49.64665435],[-117.31447141,49.64656913],[-117.31447977,49.6465655],[-117.31479986,49.64642635],[-117.3149038,49.64636888],[-117.31502511,49.64630187],[-117.31509561,49.6462457],[-117.31517369,49.64618353],[-117.31523887,49.64602437],[-117.31530238,49.64583851],[-117.31534267,49.64575386],[-117.31538122,49.64567327],[-117.3154757,49.6455291],[-117.31573476,49.64536649],[-117.31589656,49.64525907],[-117.31595547,49.64522005],[-117.31613798,49.64508973],[-117.31619847,49.64498021],[-117.31622446,49.64493341],[-117.31631582,49.64478025],[-117.3164118,49.64463008],[-117.31653459,49.64457678],[-117.31664961,49.6445155],[-117.31672944,49.64446397],[-117.31675684,49.64444635],[-117.3167569,49.64444625],[-117.31682096,49.644326],[-117.31683537,49.64430117],[-117.31686643,49.64424806],[-117.31688016,49.64423004],[-117.31713213,49.64394467],[-117.31713226,49.64394452],[-117.31723706,49.64373136],[-117.31731041,49.64359056],[-117.31732687,49.64355906],[-117.31740154,49.64342804],[-117.3174122,49.64320919],[-117.31741222,49.64320907],[-117.31748464,49.64299012],[-117.3175819,49.64279997],[-117.3176732,49.64263881],[-117.31773598,49.6425564],[-117.31774658,49.64254253],[-117.31782427,49.64245566],[-117.31797021,49.64230341],[-117.31802599,49.64224523],[-117.31802615,49.64224508],[-117.31805486,49.64219087],[-117.31810692,49.64209284],[-117.31815364,49.64195683],[-117.31815753,49.64192129],[-117.31816662,49.64183993],[-117.31820255,49.64168393],[-117.31820058,49.64162764],[-117.31819702,49.64152209],[-117.31816349,49.64133908],[-117.31826386,49.64116212],[-117.31829203,49.64100403],[-117.3182927,49.64098603],[-117.31829858,49.64083517],[-117.31829825,49.6407842],[-117.31829822,49.64076334],[-117.31829802,49.64074887],[-117.31829782,49.64071824],[-117.31829162,49.6406871],[-117.31828375,49.6406462],[-117.31822718,49.6404785],[-117.31821003,49.64041236],[-117.31819858,49.64036773],[-117.31819799,49.64027649],[-117.31819772,49.64022392],[-117.31820168,49.64009503],[-117.31821033,49.6400078],[-117.31821864,49.63996784],[-117.31823133,49.63990835],[-117.31823709,49.63988176],[-117.31824162,49.63985692],[-117.31825036,49.63980991],[-117.31824641,49.63920739],[-117.31824641,49.63920729],[-117.31827152,49.63904431],[-117.3182951,49.63896462],[-117.3183229,49.63887128],[-117.31836219,49.63880179],[-117.31843531,49.63867308],[-117.31849716,49.63854276],[-117.31850521,49.63852591],[-117.31851011,49.63847297],[-117.31851808,49.63838803],[-117.31851755,49.63830648],[-117.31851683,49.63816309],[-117.31851614,49.63808929],[-117.31851613,49.63808919],[-117.31851439,49.63782138],[-117.31847178,49.63765959],[-117.31845694,49.63750672],[-117.31844203,49.63734486],[-117.31837611,49.63714715],[-117.31833568,49.63706599],[-117.31827345,49.63694041],[-117.31824768,49.63688347],[-117.31824764,49.63688339],[-117.31824509,49.63687768],[-117.31814692,49.63668906],[-117.31809067,49.63655729],[-117.31803439,49.63642253],[-117.31797809,49.63628476],[-117.31793929,49.6362329],[-117.31792067,49.63621373],[-117.31788531,49.63617703],[-117.31783605,49.63612453],[-117.31780138,49.63608736],[-117.31775037,49.63602818],[-117.31773022,49.6360047],[-117.3176712,49.63592566],[-117.31761535,49.63586299],[-117.31757612,49.63583862],[-117.31757608,49.63583859],[-117.31747158,49.63577346],[-117.31737879,49.63570176],[-117.31731384,49.63565396],[-117.317235,49.63559721],[-117.31715577,49.63554108],[-117.31714228,49.63553151],[-117.31700295,49.63540596],[-117.3170028,49.63540582],[-117.31693816,49.63535206],[-117.31688269,49.6353188],[-117.31688262,49.63531876],[-117.31686382,49.6353074],[-117.31677576,49.63525368],[-117.31672684,49.63521319],[-117.31671102,49.63520002],[-117.31664112,49.6351281],[-117.31658556,49.63507149],[-117.31656805,49.6350565],[-117.31651567,49.63501153],[-117.31650056,49.63499694],[-117.31646009,49.63495755],[-117.31643406,49.6349369],[-117.31640424,49.6349129],[-117.31636083,49.63486244],[-117.31632382,49.63481905],[-117.31623203,49.63469449],[-117.31623199,49.63469443],[-117.31608264,49.63443706],[-117.31608251,49.63443704],[-117.31608249,49.634437],[-117.31598423,49.63442527],[-117.31583779,49.63440774],[-117.31579747,49.63439819],[-117.31562539,49.63435725],[-117.31554183,49.63433054],[-117.31553445,49.6343224],[-117.31545816,49.63423788],[-117.31537434,49.63412418],[-117.31537431,49.63412413],[-117.31536829,49.63411118],[-117.31532302,49.6340133],[-117.31529145,49.63387444],[-117.31527492,49.63373772],[-117.3152736,49.63353085],[-117.31526706,49.63348968],[-117.31524469,49.63334799],[-117.3151881,49.63316225],[-117.3150204,49.63292885],[-117.31536502,49.63268206],[-117.31551633,49.63252474],[-117.31561257,49.63241454],[-117.31565602,49.63234929],[-117.31567659,49.63231849],[-117.31569123,49.63229419],[-117.31573289,49.63222533],[-117.31578626,49.63215023],[-117.31581265,49.63212138],[-117.31584151,49.63209026],[-117.31589637,49.63202083],[-117.31590649,49.6319997],[-117.31590653,49.63199962],[-117.3159281,49.63195496],[-117.31598263,49.63182289],[-117.31604348,49.63172383],[-117.31607876,49.63166656],[-117.31608878,49.63164197],[-117.3160888,49.63164192],[-117.31611038,49.63158967],[-117.31614985,49.63150861],[-117.31616593,49.63147961],[-117.31619722,49.63142338],[-117.31621675,49.63140345],[-117.31632999,49.63128825],[-117.31645531,49.63118014],[-117.31651361,49.63112999],[-117.31665132,49.63098472],[-117.31672241,49.63081453],[-117.31677819,49.63063045],[-117.31680561,49.63056743],[-117.31684238,49.63045702],[-117.31685065,49.63043234],[-117.31686642,49.63039327],[-117.31688701,49.6303424],[-117.3169584,49.63019927],[-117.31702229,49.63008769],[-117.3170588,49.63002401],[-117.31707278,49.63000162],[-117.31718848,49.62981687],[-117.31732397,49.62964794],[-117.31747974,49.6294542],[-117.31754174,49.62937728],[-117.31757765,49.62933299],[-117.3176366,49.629192],[-117.31766651,49.62905492],[-117.31770568,49.62892282],[-117.3177541,49.62879571],[-117.31778155,49.62876216],[-117.31788369,49.62863757],[-117.31802432,49.62849527],[-117.31811889,49.62836909],[-117.31816788,49.62828817],[-117.31818445,49.62826092],[-117.31827118,49.62812597],[-117.31840865,49.62794546],[-117.31855553,49.62781016],[-117.31859865,49.62776416],[-117.31865153,49.62770802],[-117.31867488,49.62766684],[-117.31868966,49.62764103],[-117.31869929,49.62762008],[-117.3187199,49.62757591],[-117.31874732,49.62754103],[-117.31876886,49.62751392],[-117.31883465,49.62745268],[-117.31889209,49.62741321],[-117.31893558,49.62738342],[-117.31906265,49.62728713],[-117.31916186,49.62716693],[-117.3192039,49.62713099],[-117.31930277,49.62704678],[-117.31946806,49.62692323],[-117.31951855,49.6269025],[-117.31971347,49.62682261],[-117.31992942,49.62672468],[-117.31995722,49.62671209],[-117.31995739,49.62671201],[-117.32019968,49.62659141],[-117.32019972,49.62659139],[-117.32030505,49.62647033],[-117.3203784,49.62636316],[-117.32041928,49.62629409],[-117.3204653,49.62623605],[-117.32049597,49.6262033],[-117.32051546,49.62618278],[-117.32058884,49.62611361],[-117.32066203,49.62601147],[-117.32070744,49.62590955],[-117.32070751,49.6259094],[-117.32073449,49.62580139],[-117.32074754,49.62567842],[-117.32075658,49.6255593],[-117.32076037,49.62551041],[-117.32076674,49.62547121],[-117.32077359,49.6254295],[-117.32078351,49.62540658],[-117.32080092,49.62536657],[-117.32082209,49.62531031],[-117.32082225,49.6253099],[-117.32083717,49.62527042],[-117.32085513,49.62519541],[-117.32085515,49.62519531],[-117.32087563,49.62503745],[-117.32089388,49.62495582],[-117.3209041,49.62491047],[-117.32092071,49.62486471],[-117.32093577,49.62482341],[-117.32095575,49.62476606],[-117.32096297,49.62474539],[-117.3210323,49.62476318],[-117.32116015,49.6247224],[-117.32119352,49.62471179],[-117.32130727,49.6246903],[-117.32137634,49.62467728],[-117.32162685,49.62463861],[-117.32176968,49.62461022],[-117.32186638,49.62459109],[-117.32202809,49.6245537],[-117.32215224,49.62452629],[-117.3221954,49.62451244],[-117.32231345,49.62447479],[-117.32253464,49.6244232],[-117.32278815,49.62437153],[-117.32288518,49.62438924],[-117.32296909,49.62440822],[-117.32312093,49.62444261],[-117.32345401,49.62452273],[-117.32352354,49.62453818],[-117.3236525,49.624567],[-117.32380037,49.62459357],[-117.32399444,49.624629],[-117.32410539,49.62465568],[-117.32420243,49.6246734],[-117.32435502,49.62471794],[-117.32440515,49.62472503],[-117.32447956,49.62473564],[-117.3245631,49.62475345],[-117.32490962,49.6248065],[-117.32495665,49.62481233],[-117.32497874,49.62481513],[-117.32506193,49.62483289],[-117.32513285,49.62484861],[-117.32518193,49.62485955],[-117.32528829,49.62488875],[-117.32531158,49.62489514],[-117.32531164,49.62489516],[-117.32532387,49.62489745],[-117.32550127,49.62493076],[-117.32569032,49.62497206],[-117.3259077,49.62501942],[-117.32590775,49.6250194],[-117.32592832,49.62500986],[-117.32601837,49.62496815],[-117.32659422,49.6248357],[-117.32713236,49.62474394],[-117.32713252,49.62474392],[-117.3272627,49.62472175],[-117.3279176,49.62465094],[-117.32803158,49.6246396],[-117.32825917,49.62461708],[-117.3284665,49.62460142],[-117.32846658,49.62460141],[-117.32868512,49.62461387],[-117.32890842,49.62463631],[-117.32903403,49.62465398],[-117.32913617,49.62466846],[-117.32938101,49.62470375],[-117.32963343,49.62472002],[-117.32993033,49.62471717],[-117.3301028,49.62472228],[-117.33029983,49.62472817],[-117.33069661,49.62477196],[-117.3308307,49.62477766],[-117.3308937,49.62478266],[-117.33097388,49.62478915],[-117.33103173,49.62479435],[-117.33107085,49.62479795],[-117.33133407,49.62480614],[-117.3313928,49.62480841],[-117.33162022,49.62481729],[-117.33190191,49.62484046],[-117.33219298,49.62488461],[-117.33235927,49.62492008],[-117.33235937,49.62492011],[-117.33252588,49.6249736],[-117.3326956,49.62504406],[-117.33272749,49.62507264],[-117.33285331,49.62518569],[-117.33295359,49.62534131],[-117.33299965,49.62541297],[-117.33302887,49.62537659],[-117.33319041,49.62517573],[-117.33331708,49.62505907],[-117.33337686,49.62500413],[-117.33344451,49.624965],[-117.33355936,49.62489872],[-117.33368181,49.62482038],[-117.33377075,49.62475416],[-117.33387202,49.62466383],[-117.3339632,49.62458268],[-117.33401804,49.62451062],[-117.33401808,49.62451057],[-117.33402083,49.62450796],[-117.33411904,49.62441449],[-117.33430727,49.62427888],[-117.33430734,49.62427883],[-117.33450913,49.62412252],[-117.33466541,49.624008],[-117.33466558,49.62400787],[-117.33468708,49.62398826],[-117.33474796,49.6239328],[-117.3348485,49.6237856],[-117.3349258,49.62361748],[-117.33505837,49.6234312],[-117.33510344,49.62337761],[-117.33522797,49.6232299],[-117.33531628,49.62313856],[-117.33542022,49.62303139],[-117.33554441,49.62297107],[-117.33554445,49.62297105],[-117.33573781,49.62290455],[-117.33573806,49.62290447],[-117.33574554,49.62290212],[-117.33602792,49.62281376],[-117.33630446,49.62275898],[-117.33660867,49.62270413],[-117.33669162,49.62268591],[-117.33676146,49.62267573],[-117.33688071,49.62265844],[-117.33706531,49.62263102],[-117.33717574,49.62261392],[-117.33724487,49.62260334],[-117.33736959,49.62257434],[-117.33748006,49.62254877],[-117.33754777,49.62252638],[-117.33756275,49.62252147],[-117.3375771,49.62251582],[-117.33763192,49.62249429],[-117.33774663,49.62245315],[-117.3377837,49.62243987],[-117.33812915,49.62233992],[-117.3382103,49.62232806],[-117.33829687,49.62231556],[-117.33851807,49.6222739],[-117.33869767,49.62220403],[-117.33876951,49.62217614],[-117.33902547,49.62203747],[-117.33930751,49.62189273],[-117.33956782,49.62183932],[-117.33967308,49.6218178],[-117.33997276,49.62177792],[-117.33998692,49.62177663],[-117.34018831,49.62175833],[-117.34031577,49.62171734],[-117.34036764,49.62170073],[-117.34045752,49.62166729],[-117.34050577,49.62164938],[-117.34055601,49.62164234],[-117.34063021,49.621632],[-117.34079631,49.62162452],[-117.34094964,49.62159543],[-117.3412833,49.62153224],[-117.34174355,49.62135706],[-117.34209593,49.62111815],[-117.34229439,49.62097147],[-117.34230729,49.62096194],[-117.34237733,49.62091028],[-117.34251553,49.62083188],[-117.3425702,49.62080091],[-117.34275642,49.62077029],[-117.34280739,49.62077422],[-117.34286714,49.6207789],[-117.34314415,49.62079607],[-117.34339335,49.62079533],[-117.34355961,49.62081282],[-117.34369799,49.62080242],[-117.34374141,49.62080164],[-117.34383201,49.6208002],[-117.344007,49.62080554],[-117.34412821,49.620817],[-117.34425197,49.62082876],[-117.3442789,49.62082868],[-117.34433478,49.62082868],[-117.34441202,49.62082828],[-117.34447349,49.6208281],[-117.34460893,49.62083696],[-117.34473672,49.62084542],[-117.34476319,49.62084867],[-117.34480595,49.6208541],[-117.34495604,49.6208861],[-117.3449722,49.62088957],[-117.34498863,49.62089393],[-117.3450833,49.62091923],[-117.34515466,49.62093445],[-117.34519425,49.62094297],[-117.34531008,49.62101846],[-117.34531013,49.6210185],[-117.34542556,49.62106347],[-117.34546262,49.62107792],[-117.34546286,49.62107801],[-117.34563075,49.62113952],[-117.34579595,49.62121108],[-117.34596282,49.62130935],[-117.34601541,49.62133908],[-117.34615308,49.62141688],[-117.3464722,49.62155966],[-117.34647229,49.62155968],[-117.34647233,49.6215597],[-117.34666654,49.62161308],[-117.34691171,49.6216933],[-117.34708744,49.62174375],[-117.34719373,49.62176442],[-117.34722875,49.6217708],[-117.34729063,49.62178219],[-117.34758163,49.62182634],[-117.34780337,49.62185269],[-117.34795586,49.62187903],[-117.34795603,49.62187905],[-117.34805301,49.62188776],[-117.34826549,49.62191411],[-117.34842255,49.62193462],[-117.34852418,49.6219493],[-117.34860442,49.62196208],[-117.34863483,49.62196698],[-117.34885658,49.62200223],[-117.34885685,49.62200227],[-117.34888034,49.62200449],[-117.34913384,49.62202858],[-117.34920695,49.62204399],[-117.34925873,49.62205503],[-117.34935583,49.62208172],[-117.3495221,49.62209921],[-117.34961529,49.62211102],[-117.34966088,49.62211688],[-117.34970569,49.62212151],[-117.34974382,49.62212552],[-117.34982476,49.62213893],[-117.34997468,49.62216388],[-117.35004337,49.62218146],[-117.35011665,49.62220035],[-117.35029362,49.62225717],[-117.35035425,49.62227675],[-117.35056669,49.62235081],[-117.35056691,49.6223509],[-117.35074264,49.62242843],[-117.35099959,49.6225522],[-117.35102056,49.6225623],[-117.35102073,49.62256239],[-117.35129866,49.62270546],[-117.35134794,49.6227319],[-117.35138212,49.6227503],[-117.35149756,49.6228037],[-117.35161331,49.62285747],[-117.35169449,49.62287745],[-117.35179698,49.62290283],[-117.3520395,49.62295659],[-117.35207254,49.62296393],[-117.3524408,49.62304084],[-117.35274452,49.6231359],[-117.35291386,49.62319315],[-117.35299305,49.62322],[-117.35318588,49.62329337],[-117.35321654,49.62330214],[-117.35341383,49.62335879],[-117.35351119,49.62339091],[-117.35359291,49.62341805],[-117.35369946,49.6234717],[-117.35370833,49.62347659],[-117.3537965,49.62352542],[-117.35384338,49.62356136],[-117.35386639,49.62357913],[-117.35402373,49.6236376],[-117.35411853,49.62367613],[-117.35418744,49.62370416],[-117.35435679,49.62377858],[-117.35448853,49.62387115],[-117.35463497,49.62393559],[-117.35471292,49.62395311],[-117.3547967,49.623972],[-117.35490251,49.62414068],[-117.35503454,49.62431301],[-117.35510521,49.62451988],[-117.35511537,49.6245572],[-117.35511973,49.6245737],[-117.35515673,49.62461395],[-117.35518012,49.62463951],[-117.35523132,49.62470823],[-117.35523146,49.62470827],[-117.35541632,49.62476769],[-117.35557956,49.62479119],[-117.35575844,49.62480864],[-117.35588441,49.62483035],[-117.35599865,49.62485884],[-117.35620699,49.62491225],[-117.35639054,49.62495365],[-117.35652115,49.62498314],[-117.35664251,49.62501773],[-117.35677071,49.62505431],[-117.35686801,49.62508101],[-117.35695102,49.62509882],[-117.35710825,49.62514332],[-117.35719298,49.62517889],[-117.35725661,49.62520574],[-117.35730419,49.62522613],[-117.35734002,49.62524159],[-117.35742303,49.6252683],[-117.35752901,49.62529359],[-117.35764515,49.62532147],[-117.35770405,49.62534309],[-117.35774244,49.62535731],[-117.35783164,49.62537793],[-117.35789491,49.62539265],[-117.35828969,49.62551936],[-117.35840193,49.62556223],[-117.3585102,49.6256037],[-117.35860109,49.62565524],[-117.35870959,49.62571694],[-117.35880875,49.62578711],[-117.35889497,49.62584831],[-117.35896531,49.6258889],[-117.35903422,49.62592881],[-117.35919166,49.62599429],[-117.35934906,49.62606276],[-117.35950651,49.62613422],[-117.35958986,49.62616994],[-117.35967544,49.62619953],[-117.35977043,49.62623249],[-117.3598163,49.62625346],[-117.35986757,49.62627701],[-117.35995092,49.62631273],[-117.36082283,49.62625605],[-117.36188369,49.62616279],[-117.36226059,49.62614753],[-117.36292657,49.62612069],[-117.36384639,49.62607365],[-117.36397071,49.62606731],[-117.36421905,49.62605549],[-117.36491483,49.62602242],[-117.36569728,49.62594907],[-117.36619774,49.62597434],[-117.36619791,49.62597435],[-117.36653735,49.62594231],[-117.36673629,49.6259537],[-117.36679401,49.62592813],[-117.36687559,49.62589223],[-117.36699539,49.62586587],[-117.36713177,49.62579248],[-117.36720974,49.62576908],[-117.36732376,49.62573508],[-117.36751109,49.62566637],[-117.36769959,49.62560478],[-117.36769963,49.62560477],[-117.36778252,49.62555955],[-117.36794775,49.62546911],[-117.3679478,49.62546909],[-117.36816873,49.62536052],[-117.36822913,49.62532636],[-117.36826503,49.62530616],[-117.36837059,49.62527249],[-117.36852153,49.6252245],[-117.36867971,49.62518918],[-117.36880855,49.62516053],[-117.369061,49.62511022],[-117.36914522,49.62509348],[-117.36919977,49.62508149],[-117.36943218,49.62503061],[-117.36968882,49.62499381],[-117.36992083,49.62495509],[-117.37017751,49.62492229],[-117.37025622,49.62489658],[-117.37041553,49.6248446],[-117.3705019,49.62481653],[-117.37062716,49.62477594],[-117.37072413,49.62474484],[-117.37081302,49.62471642],[-117.37086078,49.62471016],[-117.37097886,49.62469486],[-117.3711019,49.62468619],[-117.37111262,49.62468544],[-117.3711127,49.62468544],[-117.37136191,49.62469362],[-117.37136195,49.62469362],[-117.37136218,49.62469363],[-117.37158297,49.6246331],[-117.37168527,49.62457637],[-117.37181738,49.62450328],[-117.37222969,49.62410623],[-117.3727069,49.62433259],[-117.37289612,49.62437852],[-117.37295035,49.6243917],[-117.37295042,49.6243917],[-117.37318429,49.62440494],[-117.37340865,49.62437223],[-117.37371154,49.62434627],[-117.37399739,49.62430737],[-117.37404449,49.62429829],[-117.37426616,49.62425569],[-117.37450427,49.62416881],[-117.37457584,49.62414309],[-117.37469271,49.62410124],[-117.3748059,49.6240546],[-117.37486162,49.62403173],[-117.37498885,49.62398604],[-117.37503016,49.62397123],[-117.37509425,49.62394101],[-117.37535656,49.62381739],[-117.37543642,49.6238776],[-117.3755145,49.62393668],[-117.37557528,49.62398748],[-117.37560721,49.62401428],[-117.37568073,49.62409673],[-117.37571914,49.6241399],[-117.37588611,49.62424728],[-117.37591805,49.62428318],[-117.37594188,49.62431016],[-117.37599777,49.62438173],[-117.37613734,49.62451632],[-117.37627188,49.62461779],[-117.37638798,49.62469541],[-117.37642767,49.62472515],[-117.37655514,49.62482077],[-117.37659663,49.62484301],[-117.37663862,49.6248656],[-117.37672199,49.62493717],[-117.37688927,49.6250536],[-117.37691716,49.62507584],[-117.3770239,49.62516104],[-117.37723739,49.62531325],[-117.37743677,49.62543253],[-117.37764132,49.62557248],[-117.37765466,49.62558162],[-117.37765483,49.62558174],[-117.37775209,49.62565355],[-117.37777848,49.62569432],[-117.37779438,49.6257192],[-117.37782747,49.62577136],[-117.37785487,49.62581484],[-117.3778876,49.62585792],[-117.37792972,49.62591364],[-117.37799141,49.62596999],[-117.3780179,49.62599429],[-117.37808113,49.62605513],[-117.37818544,49.62615566],[-117.37832502,49.62629913],[-117.37846616,49.62645021],[-117.37849257,49.62647852],[-117.37854035,49.62668818],[-117.37857214,49.62678599],[-117.37857217,49.62678608],[-117.37860637,49.6268919],[-117.37864942,49.62695106],[-117.37866719,49.6269756],[-117.37877423,49.62708919],[-117.37887824,49.62720877],[-117.37894849,49.62734046],[-117.378985,49.62748426],[-117.37898585,49.62759369],[-117.37898585,49.62759381],[-117.37898682,49.62775426],[-117.37898789,49.62787994],[-117.37898906,49.62803305],[-117.37900194,49.62808667],[-117.37900834,49.62811381],[-117.37902729,49.62818259],[-117.37902734,49.62818271],[-117.37905543,49.62824241],[-117.37905551,49.62824258],[-117.3790883,49.62831148],[-117.37914502,49.62849128],[-117.37916426,49.62855168],[-117.37918772,49.62862592],[-117.37922124,49.6286817],[-117.37925766,49.62874266],[-117.37932694,49.62884496],[-117.37933258,49.6288533],[-117.379358,49.62895916],[-117.37937129,49.62908405],[-117.37937134,49.62908405],[-117.37937134,49.62908411],[-117.3795663,49.62910215],[-117.37996407,49.62913907],[-117.38028443,49.62914653],[-117.38064091,49.62915497],[-117.38160044,49.62926962],[-117.38240371,49.62944693],[-117.38295254,49.62962496],[-117.38313363,49.62966413],[-117.38329795,49.62969974],[-117.3835673,49.62971184],[-117.38385802,49.62972287],[-117.38385819,49.62972288],[-117.38390083,49.6297259],[-117.38430155,49.62975438],[-117.38459689,49.62980406],[-117.38486067,49.62984856],[-117.38508689,49.63004759],[-117.38519201,49.63011055],[-117.38536218,49.63021258],[-117.3856356,49.63034959],[-117.38587853,49.63052267],[-117.38596214,49.63060259],[-117.38607224,49.63070807],[-117.38640581,49.63086473],[-117.38649435,49.63091314],[-117.3867397,49.63104748],[-117.38686243,49.63113585],[-117.38697169,49.63121473],[-117.38717137,49.63134887],[-117.3871715,49.63134896],[-117.38720183,49.63136736],[-117.38733835,49.63145025],[-117.38746252,49.63150646],[-117.38756822,49.6315544],[-117.38773691,49.63165588],[-117.38786726,49.63181717],[-117.38786743,49.63181719],[-117.38786748,49.63181725],[-117.38795,49.63182862],[-117.38818641,49.63186132],[-117.38832272,49.63189607],[-117.38839448,49.63191443],[-117.38847179,49.63193549],[-117.38861204,49.63197383],[-117.38886858,49.6320829],[-117.38912448,49.63219181],[-117.38963144,49.63247693],[-117.3899435,49.63282367],[-117.38994356,49.63282373],[-117.39017301,49.63307973],[-117.39032082,49.6332453],[-117.3904923,49.63335567],[-117.39070558,49.63348955],[-117.39070585,49.6334897],[-117.3907893,49.63353441],[-117.39089595,49.63357892],[-117.39106709,49.63365048],[-117.39114454,49.63368588],[-117.3911645,49.63369504],[-117.39127569,49.63374563],[-117.39133846,49.63377656],[-117.39141457,49.63381427],[-117.39154181,49.63387992],[-117.39158159,49.63390051],[-117.3916301,49.63392232],[-117.39172052,49.6339631],[-117.39186855,49.63402475],[-117.39199849,49.63407899],[-117.3920818,49.63410569],[-117.39232811,49.63412084],[-117.39247835,49.63412083],[-117.39263286,49.63412083],[-117.39270093,49.63411795],[-117.39299581,49.63410559],[-117.39338389,49.63414625],[-117.3933963,49.63396631],[-117.39340972,49.6339123],[-117.39340976,49.63391218],[-117.39342219,49.63372347],[-117.39342094,49.63357037],[-117.39343429,49.63351661],[-117.39344789,49.63347139],[-117.39345134,49.6334606],[-117.39348822,49.63334535],[-117.3936112,49.63313807],[-117.39365223,49.63307497],[-117.39381536,49.63269664],[-117.3938833,49.6325345],[-117.39392339,49.63235447],[-117.39393385,49.63227517],[-117.39394085,49.63222236],[-117.39394581,49.63218351],[-117.39395816,49.63208752],[-117.39396644,49.63202163],[-117.3939756,49.63194962],[-117.39397436,49.63179652],[-117.39397362,49.63171569],[-117.39397628,49.63170501],[-117.39400055,49.63160781],[-117.39401306,49.63145471],[-117.3940113,49.63123566],[-117.39401052,49.6311129],[-117.39402182,49.63101281],[-117.39402185,49.63101257],[-117.39402756,49.63096295],[-117.39405355,49.63089702],[-117.39406985,49.63085583],[-117.39413211,49.63074367],[-117.39418688,49.63066854],[-117.39420158,49.63061738],[-117.3942016,49.63061732],[-117.39422267,49.63054453],[-117.39424396,49.6304276],[-117.39425371,49.63037445],[-117.39425706,49.63035824],[-117.39426695,49.63031152],[-117.39430288,49.63018847],[-117.39437566,49.63005629],[-117.39443875,49.62996085],[-117.39445776,49.62993223],[-117.39451225,49.62982506],[-117.39451228,49.62982497],[-117.39453002,49.62973497],[-117.39455998,49.62963492],[-117.39459994,49.62956834],[-117.39461776,49.62953879],[-117.39470335,49.62944657],[-117.39477228,49.62942841],[-117.39499337,49.62939174],[-117.39514064,49.62936235],[-117.39526994,49.62933667],[-117.39539434,49.62930926],[-117.39551444,49.62928933],[-117.39556046,49.62928172],[-117.39569832,49.62925431],[-117.39569854,49.62925426],[-117.39570059,49.62925385],[-117.39586447,49.62922084],[-117.39611357,49.62918096],[-117.39623769,49.62915354],[-117.39633779,49.62914337],[-117.39651448,49.62912554],[-117.39681903,49.6291155],[-117.39691597,49.62911517],[-117.39708197,49.62909661],[-117.39709884,49.62909546],[-117.39722035,49.62908732],[-117.39736098,49.62905322],[-117.39745993,49.62902936],[-117.39761628,49.62895786],[-117.39761641,49.62895778],[-117.39761655,49.62895771],[-117.39775419,49.62887547],[-117.39784136,49.62879713],[-117.39804755,49.62863157],[-117.39807301,49.62861532],[-117.39825412,49.62849993],[-117.3983872,49.62839548],[-117.39845765,49.62834032],[-117.39865107,49.62811494],[-117.39875689,49.62788172],[-117.39880413,49.62776273],[-117.39880432,49.62776224],[-117.39884726,49.6276544],[-117.39888291,49.62757435],[-117.39892901,49.62747119],[-117.39901947,49.62733336],[-117.39904737,49.62729092],[-117.39908082,49.6272415],[-117.39914787,49.62714256],[-117.39921137,49.62700263],[-117.39921068,49.62694174],[-117.39920954,49.62680183],[-117.39920941,49.62677761],[-117.39923635,49.62666972],[-117.39925832,49.62655863],[-117.39927547,49.62639058],[-117.39931615,49.62628269],[-117.3993842,49.62613849],[-117.39942239,49.62606619],[-117.39942264,49.62606572],[-117.39947957,49.62595822],[-117.39949274,49.62590669],[-117.39950657,49.62585329],[-117.39951778,49.62578603],[-117.39953282,49.62569719],[-117.39953778,49.62566321],[-117.39954327,49.6256272],[-117.39956406,49.62555029],[-117.39960686,49.6254865],[-117.39960698,49.62548633],[-117.39961865,49.62546903],[-117.39969174,49.62537583],[-117.39976475,49.62527364],[-117.39986049,49.62511128],[-117.39989664,49.62502923],[-117.39989667,49.62502916],[-117.39991472,49.62498829],[-117.39992711,49.62495955],[-117.3999602,49.62488305],[-117.39997377,49.62485011],[-117.39999622,49.62479612],[-117.40005595,49.62464745],[-117.40006863,49.62461601],[-117.40013154,49.62439099],[-117.4001573,49.6241478],[-117.40020979,49.62381489],[-117.40021571,49.62376059],[-117.4002355,49.62358102],[-117.40023444,49.62345191],[-117.40023318,49.62326622],[-117.40018912,49.62296144],[-117.40009901,49.6227581],[-117.40006193,49.62267415],[-117.3999656,49.62255018],[-117.39985229,49.62240421],[-117.40014194,49.62233122],[-117.40014182,49.62233116],[-117.40014218,49.62233107],[-117.40012301,49.62232183],[-117.40010533,49.62231306],[-117.40006837,49.62229196],[-117.40005875,49.62228639],[-117.4000032,49.62225068],[-117.40036173,49.62211154],[-117.40036191,49.62211145],[-117.40063786,49.6219766],[-117.40071926,49.62192132],[-117.40083047,49.62184598],[-117.40090792,49.62179371],[-117.40099597,49.62173448],[-117.40143653,49.62146317],[-117.40172977,49.62120724],[-117.40172985,49.62120717],[-117.40174979,49.62118539],[-117.40195846,49.62095759],[-117.40220531,49.62066891],[-117.40252786,49.6204775],[-117.4025865,49.62044272],[-117.40267183,49.62040066],[-117.40299095,49.62024343],[-117.40336356,49.62009821],[-117.4037777,49.61995285],[-117.40390729,49.61991701],[-117.40420613,49.61983458],[-117.40449048,49.61975794],[-117.40457887,49.61973418],[-117.40497953,49.61963384],[-117.40536333,49.61953956],[-117.40574564,49.61945325],[-117.40612648,49.61937497],[-117.40652309,49.6193436],[-117.40659637,49.61933903],[-117.40694742,49.61931724],[-117.40710319,49.61929044],[-117.40733453,49.6192508],[-117.40750355,49.61920222],[-117.40769374,49.61914776],[-117.40808195,49.61906231],[-117.40808209,49.61906227],[-117.40810194,49.61905732],[-117.40844764,49.61897116],[-117.40858071,49.61892343],[-117.40876951,49.61885597],[-117.40902816,49.61870217],[-117.40911165,49.6187739],[-117.40915239,49.61881187],[-117.40923777,49.61889142],[-117.40926535,49.61891718],[-117.40957361,49.61880815],[-117.40957376,49.61880809],[-117.40981717,49.61869949],[-117.41017537,49.6184734],[-117.41042304,49.61831958],[-117.41070482,49.61814868],[-117.41081468,49.61808546],[-117.41105255,49.61794857],[-117.41138296,49.61776501],[-117.41146574,49.61771909],[-117.41224333,49.61744948],[-117.41283559,49.61731039],[-117.41329328,49.617203],[-117.41374228,49.61700753],[-117.41414826,49.61679506],[-117.41414845,49.61679497],[-117.41396419,49.61670901],[-117.41384248,49.61665224],[-117.4143104,49.61632676],[-117.41473651,49.61598957],[-117.41473669,49.61598943],[-117.41479064,49.61593084],[-117.41502496,49.61567661],[-117.41520262,49.61542416],[-117.41527587,49.6153661],[-117.4153523,49.61530563],[-117.41553735,49.61518004],[-117.41574408,49.61507136],[-117.41587743,49.6150169],[-117.41587758,49.61501684],[-117.41593274,49.61498978],[-117.41605647,49.6149264],[-117.41605663,49.61492632],[-117.41611177,49.61489913],[-117.41622151,49.61485662],[-117.41630169,49.61482564],[-117.41651201,49.61475692],[-117.41663631,49.61473292],[-117.41668706,49.61472317],[-117.4168299,49.61469867],[-117.41694234,49.61461248],[-117.41697653,49.61458637],[-117.41723061,49.61444253],[-117.4175922,49.61426735],[-117.41813021,49.61402239],[-117.41825172,49.61396839],[-117.4185912,49.61381783],[-117.41882132,49.61368507],[-117.41898009,49.6135937],[-117.41944764,49.61323204],[-117.41957811,49.61319164],[-117.41982661,49.61311481],[-117.42015771,49.61298729],[-117.42020657,49.61296847],[-117.42036334,49.61287792],[-117.42062455,49.61272707],[-117.42068657,49.61269602],[-117.4210471,49.61251569],[-117.42120872,49.6124353],[-117.42133679,49.61237173],[-117.42160474,49.61225281],[-117.42185269,49.61214314],[-117.42196883,49.61210378],[-117.42214582,49.61204396],[-117.42245863,49.6119144],[-117.42257187,49.61186756],[-117.42294991,49.61165428],[-117.42332816,49.61145204],[-117.4237403,49.61129467],[-117.42413474,49.61115937],[-117.42444212,49.61099523],[-117.42444223,49.61099518],[-117.42464489,49.61077557],[-117.42564163,49.61078989],[-117.42600558,49.61079285],[-117.4264029,49.6107962],[-117.42655616,49.61078786],[-117.42676273,49.61077677],[-117.42710988,49.61078212],[-117.42723367,49.61078409],[-117.42769102,49.61046656],[-117.42772856,49.6104405],[-117.4283879,49.6104031],[-117.42863256,49.61038923],[-117.42930089,49.61032977],[-117.4297341,49.61026212],[-117.42973411,49.61026209],[-117.42973423,49.61026207],[-117.42974858,49.61017264],[-117.42978116,49.60997122],[-117.42978918,49.60967712],[-117.42964797,49.60937377],[-117.42960593,49.60930461],[-117.42948882,49.60911166],[-117.42945701,49.6090074],[-117.42941778,49.60887814],[-117.42931955,49.60865646],[-117.42931923,49.60865573],[-117.42929047,49.60859071],[-117.42926353,49.60854391],[-117.42918214,49.60840222],[-117.42917349,49.60838714],[-117.42914403,49.60830641],[-117.42912921,49.6082655],[-117.42910681,49.60816863],[-117.42907693,49.60791689],[-117.42904271,49.60777766],[-117.42901961,49.60768323],[-117.42892001,49.60738664],[-117.42889144,49.60726985],[-117.4288907,49.60718903],[-117.42887551,49.60703628],[-117.42887518,49.6070081],[-117.42887464,49.60694621],[-117.42886821,49.60688846],[-117.42885984,49.60681126],[-117.42883065,49.60665566],[-117.42883246,49.60647864],[-117.4288331,49.60641868],[-117.42886722,49.60610074],[-117.42886717,49.60610073],[-117.42886719,49.60610058],[-117.428512,49.60602261],[-117.42846506,49.60601228],[-117.42839922,49.60596469],[-117.42827953,49.60587804],[-117.42822343,49.60582401],[-117.42807473,49.60568079],[-117.42794469,49.60550183],[-117.4278707,49.60539985],[-117.42776447,49.60522706],[-117.4276961,49.60511574],[-117.42769597,49.60511566],[-117.42731108,49.60488921],[-117.42716057,49.60481186],[-117.42696357,49.60471055],[-117.42680814,49.6046451],[-117.42665328,49.60457982],[-117.42668718,49.60435103],[-117.42671867,49.60413873],[-117.42672185,49.60396782],[-117.42673005,49.60390209],[-117.42674332,49.60379695],[-117.42668403,49.60352333],[-117.42665534,49.60323061],[-117.42658182,49.60289116],[-117.42654967,49.60274229],[-117.42634199,49.60220643],[-117.42634195,49.60220642],[-117.42634193,49.60220637],[-117.42508908,49.60189916],[-117.42476752,49.60182513],[-117.42412755,49.6016777],[-117.42383636,49.60158802],[-117.42383593,49.60158789],[-117.42338754,49.60144966],[-117.42288758,49.6012476],[-117.42228121,49.60100996],[-117.42163842,49.60082941],[-117.42124507,49.60068393],[-117.42083345,49.6005625],[-117.42062433,49.60051909],[-117.42023726,49.60043863],[-117.41975644,49.60029942],[-117.41936323,49.60015415],[-117.41905702,49.60000211],[-117.41880683,49.59984118],[-117.41844012,49.59967305],[-117.41843994,49.59967297],[-117.41832049,49.59961816],[-117.41819818,49.59955744],[-117.41781108,49.59936514],[-117.41727849,49.59913619],[-117.41689467,49.59901763],[-117.41647411,49.59892327],[-117.416474,49.59892325],[-117.41612284,49.59885554],[-117.41579013,49.59878477],[-117.4154294,49.59867813],[-117.41509611,49.59854142],[-117.41497551,49.59847227],[-117.41475304,49.59834469],[-117.41469752,49.59830189],[-117.41469694,49.59830145],[-117.41447451,49.59812988],[-117.41437436,49.59774347],[-117.41437297,49.59757938],[-117.4143723,49.59748269],[-117.41437082,49.59732575],[-117.41437002,49.59723079],[-117.4143849,49.59716724],[-117.41445032,49.59688879],[-117.41429544,49.5965655],[-117.41424209,49.59636515],[-117.41420465,49.59622397],[-117.41418428,49.5961039],[-117.41415151,49.59590929],[-117.41413544,49.59566646],[-117.41414792,49.59557236],[-117.41419174,49.59524359],[-117.41420658,49.59508154],[-117.41422579,49.5948746],[-117.41426241,49.59450466],[-117.41430226,49.59413401],[-117.41450778,49.59368432],[-117.41469802,49.59327984],[-117.41478713,49.59309686],[-117.41478744,49.59309623],[-117.41487314,49.59292051],[-117.41499406,49.59265704],[-117.41506339,49.59250614],[-117.41514853,49.59219104],[-117.41519665,49.59189409],[-117.41520328,49.59164617],[-117.41520707,49.59150714],[-117.41521029,49.59143783],[-117.41521897,49.59125533],[-117.41513569,49.59091546],[-117.41511842,49.59084485],[-117.41493519,49.59044674],[-117.41468348,49.59010599],[-117.41439003,49.58976525],[-117.41416145,49.58948112],[-117.41416142,49.58948107],[-117.41396994,49.58918204],[-117.41377245,49.58874196],[-117.41373613,49.588579],[-117.41370043,49.58841835],[-117.4137588,49.5883303],[-117.41380679,49.58825808],[-117.41385603,49.5881437],[-117.41389565,49.58805186],[-117.4139037,49.58789301],[-117.41391556,49.58766205],[-117.41391365,49.58745501],[-117.41391364,49.58745428],[-117.41391244,49.58731124],[-117.41393668,49.58690639],[-117.41395078,49.58667695],[-117.41396116,49.58651058],[-117.41398397,49.58629567],[-117.41399947,49.58615061],[-117.41401788,49.58598288],[-117.41403813,49.58579954],[-117.41405956,49.58561653],[-117.4140626,49.58542177],[-117.41404662,49.58516114],[-117.41407175,49.58487309],[-117.41408219,49.58445936],[-117.41405035,49.58426902],[-117.41402369,49.58410871],[-117.41510559,49.58389696],[-117.4156976,49.58384808],[-117.41611786,49.58381348],[-117.41694071,49.58387152],[-117.41723614,49.58392793],[-117.41755046,49.58398811],[-117.41782694,49.58405493],[-117.41792965,49.58407981],[-117.41834102,49.58420122],[-117.4185707,49.58429252],[-117.41892412,49.58443301],[-117.41903185,49.58447962],[-117.41934972,49.58461724],[-117.41978939,49.58480153],[-117.42024291,49.58498578],[-117.42064472,49.58505627],[-117.42112532,49.58517146],[-117.4215602,49.58533178],[-117.42194934,49.58553724],[-117.42211637,49.58565356],[-117.42235246,49.58577853],[-117.42235263,49.58577863],[-117.42264425,49.5859035],[-117.42306037,49.5860279],[-117.42350831,49.58617538],[-117.42357359,49.58619689],[-117.42368455,49.5862325],[-117.42426739,49.58644613],[-117.42426765,49.58644624],[-117.42454513,49.5865622],[-117.42475105,49.58666126],[-117.42482322,49.58669604],[-117.42514284,49.58685678],[-117.42623596,49.58687175],[-117.42711203,49.58692827],[-117.42732054,49.58694175],[-117.42818715,49.58708845],[-117.42846328,49.58711886],[-117.4289503,49.58717254],[-117.42918691,49.58715867],[-117.42933748,49.5871561],[-117.42933754,49.5871561],[-117.4293991,49.58715599],[-117.42959472,49.58715562],[-117.42990939,49.58715503],[-117.43007854,49.58714451],[-117.43059618,49.58711246],[-117.43120704,49.58707928],[-117.43170235,49.58705249],[-117.43280862,49.58694532],[-117.43392806,49.58682034],[-117.43501928,49.58664623],[-117.43608222,49.58636638],[-117.43650572,49.5862502],[-117.43719087,49.58606233],[-117.43831321,49.58573727],[-117.43831335,49.58573723],[-117.43944917,49.58539117],[-117.44006368,49.58514043],[-117.44042308,49.58499379],[-117.44042316,49.58499374],[-117.44042327,49.5849937],[-117.44113859,49.58454124],[-117.44131164,49.58434892],[-117.4415954,49.58403388],[-117.44183737,49.58365026],[-117.44183793,49.58364937],[-117.44198615,49.58341466],[-117.44222682,49.58307442],[-117.44237333,49.58286745],[-117.44275621,49.58239248],[-117.44294667,49.58211402],[-117.44312033,49.58186023],[-117.44326997,49.58159481],[-117.44348801,49.58120825],[-117.4438591,49.58043632],[-117.44408504,49.58011192],[-117.44408514,49.58011177],[-117.44422775,49.57990712],[-117.44433494,49.57978411],[-117.44459764,49.57948282],[-117.44484331,49.57912035],[-117.44494389,49.57878129],[-117.4449639,49.57871399],[-117.44495818,49.57808437],[-117.44496547,49.57736477],[-117.44468507,49.57695209],[-117.44493077,49.57659135],[-117.44500168,49.57648987],[-117.44509484,49.57635703],[-117.44541782,49.57586635],[-117.44546301,49.57579777],[-117.44586194,49.57606308],[-117.4464862,49.57642946],[-117.44717774,49.57666457],[-117.44729735,49.57670525],[-117.44751305,49.5767452],[-117.44829478,49.57689019],[-117.44919298,49.57694196],[-117.44941574,49.57695484],[-117.45052375,49.57712753],[-117.45156419,49.5774202],[-117.45168739,49.57744213],[-117.45270027,49.5776226],[-117.45343733,49.57768319],[-117.45384932,49.57771715],[-117.4546189,49.5778699],[-117.45474181,49.5779011],[-117.45530473,49.57804414],[-117.45548394,49.578035],[-117.45566581,49.57802585],[-117.45589795,49.57802425],[-117.45607917,49.5780231],[-117.45592886,49.57789177],[-117.45591902,49.5777887],[-117.45591699,49.577767],[-117.45596596,49.57774092],[-117.45612491,49.57765627],[-117.45652995,49.57758363],[-117.45707083,49.57754554],[-117.45763418,49.57749533],[-117.45770483,49.57747517],[-117.45804355,49.57737871],[-117.4582985,49.57719581],[-117.4584321,49.57706429],[-117.45868701,49.57681349],[-117.45895651,49.57661204],[-117.45909435,49.57650906],[-117.4593125,49.57649919],[-117.45947684,49.5764799],[-117.45955032,49.57647133],[-117.45983121,49.57640118],[-117.4600885,49.57632534],[-117.4603351,49.57640225],[-117.46054031,49.57645306],[-117.46068026,49.57648776],[-117.46093296,49.57652189],[-117.46126975,49.57656746],[-117.4617094,49.57660663],[-117.46192765,49.57659255],[-117.46215656,49.57657782],[-117.46250657,49.57653445],[-117.46275962,49.57647647],[-117.46305391,49.57639234],[-117.46337618,49.57634008],[-117.4637264,49.57631968],[-117.46405347,49.57624535],[-117.46422335,49.57620678],[-117.46431529,49.57617933],[-117.46469226,49.57606696],[-117.46493809,49.57589706],[-117.46504298,49.57577205],[-117.46508704,49.5757197],[-117.46510268,49.57566387],[-117.46513905,49.57553448],[-117.46527929,49.57525207],[-117.46520937,49.5751714],[-117.46553024,49.57513513],[-117.46553034,49.57513506],[-117.46576124,49.57499442],[-117.46579763,49.57481577],[-117.46581971,49.57470821],[-117.46572696,49.57432398],[-117.46598977,49.57433072],[-117.46625419,49.57433768],[-117.46674562,49.57429872],[-117.46695285,49.57427752],[-117.467478,49.57422392],[-117.46784939,49.5741538],[-117.46824197,49.5740798],[-117.46880456,49.57393061],[-117.46927095,49.57368486],[-117.4695254,49.57339024],[-117.46959326,49.57331172],[-117.46982098,49.57284102],[-117.46979773,49.57278288],[-117.46977823,49.57273346],[-117.47028947,49.5726833],[-117.47028966,49.57268328],[-117.47089862,49.5725989],[-117.47089876,49.57259888],[-117.47160609,49.57248006],[-117.47252403,49.57221047],[-117.47294625,49.57201477],[-117.47322014,49.57188786],[-117.47338506,49.57172776],[-117.47338556,49.57172727],[-117.47357793,49.57154055],[-117.47370558,49.57123321],[-117.47382192,49.57055124],[-117.47406264,49.56999651],[-117.47443133,49.56953329],[-117.47443137,49.56953322],[-117.47473262,49.56906426],[-117.4747703,49.56899217],[-117.47496213,49.56862571],[-117.47515479,49.56843134],[-117.47518413,49.56840179],[-117.47523195,49.56836152],[-117.4754419,49.56818492],[-117.47572998,49.5679339],[-117.47591136,49.56765769],[-117.47591174,49.5676571],[-117.47593869,49.56761615],[-117.47608722,49.56724778],[-117.47621796,49.5672246],[-117.47650908,49.56717306],[-117.47693001,49.56718131],[-117.47732297,49.56777617],[-117.47777767,49.56822337],[-117.47797112,49.56843828],[-117.47816622,49.56865535],[-117.47848839,49.56907277],[-117.47861126,49.56931878],[-117.47861198,49.56932022],[-117.47868116,49.56945884],[-117.47867459,49.56949213],[-117.47860624,49.569837],[-117.47860608,49.57028064],[-117.47864426,49.5704819],[-117.47867754,49.57065808],[-117.47896188,49.57097671],[-117.47906264,49.57102934],[-117.4794591,49.57123664],[-117.48029071,49.571425],[-117.48079926,49.57150534],[-117.48114058,49.57155933],[-117.48154013,49.57155867],[-117.48171104,49.57153559],[-117.48184549,49.57151757],[-117.48205688,49.57143568],[-117.48239184,49.5712694],[-117.48339202,49.57172693],[-117.48407313,49.57208975],[-117.48371752,49.57246894],[-117.48371759,49.57246898],[-117.48371752,49.57246905],[-117.48428324,49.5727975],[-117.48456162,49.57307367],[-117.48469456,49.57320561],[-117.48475879,49.57329977],[-117.48502203,49.57368588],[-117.48538068,49.57420708],[-117.48538076,49.57420709],[-117.48538083,49.57420719],[-117.48597614,49.5742727],[-117.48618078,49.5743007],[-117.48641315,49.57433267],[-117.48669187,49.57438746],[-117.48691136,49.57435856],[-117.48710407,49.57434325],[-117.48721707,49.5743343],[-117.48760864,49.57431472],[-117.4879407,49.57431329],[-117.4883349,49.57425169],[-117.48879798,49.57411675],[-117.4893073,49.57388674],[-117.48977324,49.57361294],[-117.49020164,49.57371037],[-117.49035546,49.57374535],[-117.49039951,49.57393659],[-117.49039962,49.5739371],[-117.49047892,49.57428267],[-117.49084292,49.5747199],[-117.49127764,49.57487388],[-117.49156965,49.5749775],[-117.4924056,49.57500908],[-117.49254451,49.57501436],[-117.49288326,49.57497196],[-117.49353751,49.57489016],[-117.49401292,49.57475317],[-117.49431891,49.57466507],[-117.49446366,49.57459743],[-117.49488502,49.57440069],[-117.49512525,49.57456571],[-117.49539087,49.57474839],[-117.49570049,49.57500223],[-117.49576303,49.57505355],[-117.49639791,49.57491591],[-117.49666214,49.57485046],[-117.49685785,49.57480215],[-117.49735496,49.574711],[-117.49779933,49.57461911],[-117.49788854,49.57460068],[-117.4979414,49.57458897],[-117.4983717,49.57449381],[-117.49883556,49.57431792],[-117.49922682,49.57420324],[-117.49940393,49.57415141],[-117.49986855,49.57389856],[-117.5000546,49.57358311],[-117.50012404,49.57346553],[-117.50020689,49.5732594],[-117.50034267,49.57292207],[-117.50057647,49.57234039],[-117.5006189,49.5722726],[-117.50082316,49.57194661],[-117.50089403,49.57180105],[-117.50098099,49.57162306],[-117.50105063,49.57136991],[-117.50123111,49.57143608],[-117.50138862,49.57150936],[-117.50138867,49.57150938],[-117.50169511,49.571577],[-117.50169518,49.57157699],[-117.50169537,49.57157703],[-117.50202051,49.57152576],[-117.5023027,49.57132459],[-117.50234988,49.57122058],[-117.50243788,49.57102709],[-117.50245338,49.57091773],[-117.50247682,49.57075419],[-117.5025288,49.57063704],[-117.5025637,49.57055881],[-117.50267766,49.57043239],[-117.50270175,49.57040936],[-117.50279655,49.5703191],[-117.50276113,49.57017917],[-117.50272297,49.57005642],[-117.50272294,49.57005633],[-117.50272276,49.57005587],[-117.50268196,49.56995058],[-117.50269283,49.56991202],[-117.50273531,49.56976153],[-117.50278906,49.56960839],[-117.50281552,49.56949448],[-117.50281555,49.56949434],[-117.50281577,49.5694933],[-117.50284195,49.56937129],[-117.50286095,49.56931059],[-117.50287774,49.56925735],[-117.50289968,49.56914626],[-117.50290714,49.56911318],[-117.50292162,49.56905014],[-117.50298254,49.56897656],[-117.5030099,49.56894367],[-117.50316016,49.56878736],[-117.50337319,49.56858049],[-117.50337321,49.56858045],[-117.50348139,49.56834311],[-117.50348386,49.56822353],[-117.5034878,49.56804535],[-117.50335562,49.56775801],[-117.50314036,49.56744825],[-117.5033404,49.56733946],[-117.50337408,49.56732117],[-117.50339346,49.56730839],[-117.5035116,49.5672307],[-117.50361244,49.56717337],[-117.50368259,49.56713577],[-117.50373148,49.56710974],[-117.50385946,49.56703281],[-117.5038875,49.567016],[-117.50393214,49.5669894],[-117.50407511,49.56690436],[-117.50418047,49.56684093],[-117.50418066,49.56684082],[-117.50419338,49.56683304],[-117.50430888,49.56676249],[-117.5044601,49.56666885],[-117.50452857,49.56661473],[-117.50459232,49.56654245],[-117.50465166,49.56646127],[-117.50470572,49.56636193],[-117.50485849,49.56626437],[-117.50490479,49.56623468],[-117.50515447,49.56607513],[-117.50515446,49.5660751],[-117.50515469,49.56607495],[-117.50508971,49.56596974],[-117.50508955,49.56596948],[-117.50507791,49.56595054],[-117.50503437,49.56589889],[-117.50496143,49.56581219],[-117.50477556,49.56566585],[-117.50462818,49.56552592],[-117.5050568,49.56543148],[-117.50516603,49.56540747],[-117.50516628,49.56540736],[-117.50577525,49.56515812],[-117.50642005,49.56469454],[-117.50642017,49.56469439],[-117.50645386,49.56465306],[-117.50688614,49.56412272],[-117.50723112,49.56361143],[-117.50748995,49.56324362],[-117.50750885,49.56321856],[-117.50754908,49.56316534],[-117.50747843,49.56302073],[-117.50739228,49.56271329],[-117.50734604,49.56235609],[-117.50733222,49.56224881],[-117.50754976,49.56144734],[-117.50769134,49.56111236],[-117.50792312,49.5605642],[-117.50804385,49.56034218],[-117.50831221,49.55984902],[-117.5084923,49.55956213],[-117.50869751,49.55923556],[-117.50907936,49.55872418],[-117.5093521,49.55827146],[-117.50952198,49.55798972],[-117.50975061,49.5577496],[-117.51008417,49.55739952],[-117.51035459,49.55718361],[-117.51060545,49.55698351],[-117.51076889,49.55686656],[-117.51102615,49.55668278],[-117.51106035,49.55660489],[-117.51109544,49.55652563],[-117.51111518,49.55637656],[-117.51134586,49.55640252],[-117.51146661,49.55642348],[-117.51187354,49.5564943],[-117.51249494,49.55651851],[-117.51288914,49.55647506],[-117.51322512,49.55643818],[-117.51369998,49.55630716],[-117.51389172,49.55625432],[-117.51449926,49.55602573],[-117.51514676,49.55582812],[-117.51530443,49.55592034],[-117.51552753,49.55603859],[-117.51554543,49.55604808],[-117.51554558,49.55604816],[-117.51586967,49.55621159],[-117.51608988,49.55640771],[-117.51629937,49.55659441],[-117.51663647,49.55677433],[-117.51670933,49.55681323],[-117.51686951,49.55689877],[-117.51747085,49.557127],[-117.5178784,49.55731393],[-117.51804848,49.55748611],[-117.51806807,49.55750597],[-117.51876184,49.55746641],[-117.51909548,49.55744745],[-117.5201645,49.55743071],[-117.52126633,49.55733387],[-117.52218309,49.55720612],[-117.5223648,49.55718083],[-117.5234562,49.55709295],[-117.52422633,49.55713344],[-117.52459958,49.55727066],[-117.52473199,49.55743997],[-117.52479272,49.557532],[-117.52484446,49.55761052],[-117.52502416,49.55776433],[-117.5250243,49.55776445],[-117.52538959,49.55787373],[-117.52594029,49.55793819],[-117.52634845,49.55791279],[-117.52703211,49.55787044],[-117.52701951,49.55741042],[-117.52712757,49.55705381],[-117.52712831,49.55705135],[-117.52716022,49.55694621],[-117.52754461,49.55626086],[-117.52780165,49.55582363],[-117.52786754,49.55571169],[-117.52808132,49.55515808],[-117.52822198,49.55520304],[-117.52844182,49.55527339],[-117.52856968,49.55521156],[-117.52921214,49.55490102],[-117.530209,49.55460063],[-117.53105023,49.55430588],[-117.53114244,49.5542736],[-117.53201306,49.55391968],[-117.53216715,49.55377994],[-117.53238097,49.55358623],[-117.53261251,49.55335751],[-117.53270634,49.5532649],[-117.53287014,49.55302224],[-117.53294661,49.55290902],[-117.53336948,49.5525233],[-117.53350024,49.55238444],[-117.53379011,49.55207676],[-117.53432678,49.5516883],[-117.53484696,49.55134614],[-117.53530927,49.55107732],[-117.53557765,49.5511998],[-117.53557784,49.55119986],[-117.53587359,49.55129451],[-117.5361951,49.55134008],[-117.53628157,49.55134276],[-117.53652893,49.55135041],[-117.53667783,49.55133474],[-117.53673692,49.55131947],[-117.53683238,49.55129498],[-117.53675655,49.55110245],[-117.53679108,49.5508894],[-117.53693598,49.55065587],[-117.53705779,49.55052408],[-117.53708623,49.55049339],[-117.53718131,49.55032284],[-117.53722125,49.55017294],[-117.537206,49.55004298],[-117.53716283,49.54989914],[-117.53710819,49.54978758],[-117.537059,49.54968685],[-117.53703613,49.54956203],[-117.53703442,49.54949588],[-117.5370336,49.5494591],[-117.53716189,49.54945284],[-117.53757717,49.54943271],[-117.53810173,49.5493793],[-117.53833917,49.54930813],[-117.53847833,49.54926649],[-117.53879127,49.54908814],[-117.53900654,49.54882829],[-117.53912478,49.5485469],[-117.5391248,49.54854685],[-117.53919603,49.5483217],[-117.53933672,49.54812515],[-117.53939608,49.54805865],[-117.5395053,49.54793658],[-117.53968355,49.54775567],[-117.53968383,49.54775539],[-117.53971022,49.54772864],[-117.5398057,49.54761126],[-117.53992357,49.54749442],[-117.54007945,49.54734019],[-117.54013322,49.54720996],[-117.54014652,49.54717792],[-117.54019944,49.5469618],[-117.54022533,49.54686974],[-117.54030598,49.54658358],[-117.54041366,49.54633114],[-117.54061671,49.5459345],[-117.54061664,49.54593445],[-117.54055637,49.54590007],[-117.54024113,49.54572025],[-117.54083795,49.5452498],[-117.54136411,49.54475276],[-117.54148962,49.54471556],[-117.54157058,49.54469169],[-117.54169084,49.54464005],[-117.54178013,49.54460179],[-117.54190155,49.54455745],[-117.54214103,49.54447015],[-117.54263988,49.54416398],[-117.54273455,49.54409341],[-117.54324177,49.54371558],[-117.54324173,49.5437152],[-117.54341124,49.54345891],[-117.54361622,49.54314898],[-117.54394505,49.54274767],[-117.5441957,49.54249863],[-117.54448474,49.54238733],[-117.54513768,49.54212841],[-117.54583752,49.54180829],[-117.54602361,49.54155456],[-117.54624906,49.54138858],[-117.54651389,49.54131038],[-117.54691418,49.54126052],[-117.54727305,49.54121384],[-117.54763672,49.54118514],[-117.54822613,49.54115537],[-117.54916937,49.54103995],[-117.55029097,49.54080676],[-117.55062615,49.54084014],[-117.55087858,49.54088991],[-117.55104828,49.54095606],[-117.55130369,49.54113474],[-117.55168162,49.54114494],[-117.55202723,49.54114929],[-117.55225877,49.5411162],[-117.55241246,49.54098954],[-117.55248829,49.5407693],[-117.55347434,49.54050174],[-117.55389156,49.540379],[-117.55433765,49.54024775],[-117.55495485,49.53995896],[-117.55549306,49.5397485],[-117.55587677,49.53945681],[-117.55622938,49.5391323],[-117.55607592,49.53900712],[-117.55596392,49.53888173],[-117.55604166,49.53869446],[-117.55615293,49.53848505],[-117.55602681,49.53833274],[-117.55576115,49.53806417],[-117.55574099,49.53791136],[-117.5557023,49.53774964],[-117.55556414,49.53734853],[-117.55538927,49.5369596],[-117.55524842,49.5367264],[-117.55502383,49.53642166],[-117.55497999,49.53621199],[-117.55490838,49.53599046],[-117.55526275,49.53595878],[-117.5555496,49.53593041],[-117.55574052,49.53583855],[-117.55581233,49.5356713],[-117.55582825,49.53544935],[-117.55581739,49.53538892],[-117.55579381,49.53525763],[-117.55576957,49.5351498],[-117.55572687,49.53504207],[-117.55570167,49.5348503],[-117.55569516,49.53468242],[-117.55566592,49.53454165],[-117.55560868,49.53436802],[-117.5555333,49.53422147],[-117.55542404,49.53406508],[-117.55531347,49.53392869],[-117.55520188,49.53383928],[-117.55517057,49.53380772],[-117.55510713,49.53374379],[-117.55500167,49.53365135],[-117.55486706,49.53356204],[-117.55477398,49.53347854],[-117.55467176,49.53340108],[-117.55453254,49.5333118],[-117.55437439,49.53317763],[-117.55420003,49.53296659],[-117.55400944,49.53267867],[-117.55388374,49.53229049],[-117.55381251,49.53196601],[-117.55380835,49.53159725],[-117.55375792,49.53134763],[-117.55366013,49.53111823],[-117.55338524,49.5308437],[-117.55355415,49.53070798],[-117.55385118,49.53049667],[-117.55406876,49.53037288],[-117.55417006,49.53031525],[-117.55450503,49.53020071],[-117.55485611,49.53015305],[-117.5559052,49.53004907],[-117.55486352,49.52958634],[-117.55453542,49.52943582],[-117.5536411,49.52902552],[-117.55366762,49.52892645],[-117.55367981,49.52878247],[-117.55370592,49.52864742],[-117.55374874,49.52849531],[-117.55379932,49.52835215],[-117.55383464,49.52821706],[-117.55382389,49.52808019],[-117.55429536,49.52781708],[-117.55489538,49.52751737],[-117.55502484,49.5274248],[-117.55510192,49.52731649],[-117.55512661,49.52719245],[-117.55511154,49.52708158],[-117.55508261,49.52696779],[-117.55501138,49.52677924],[-117.55486492,49.52659005],[-117.5546106,49.52636739],[-117.55392487,49.52601089],[-117.55419716,49.52564979],[-117.5544569,49.52540269],[-117.5547024,49.52511667],[-117.55485972,49.52477411],[-117.55494316,49.52441392],[-117.55506181,49.52390963],[-117.5542517,49.52354773],[-117.55347887,49.52322461],[-117.55274335,49.52294029],[-117.55244437,49.52256594],[-117.55222424,49.52224117],[-117.55252595,49.52217577],[-117.55295054,49.52198085],[-117.55345758,49.52160964],[-117.55365262,49.52139691],[-117.55388372,49.52114487],[-117.55356456,49.52088654],[-117.55322252,49.52050639],[-117.55278903,49.51963895],[-117.55266038,49.51925579],[-117.55253392,49.5190685],[-117.55240801,49.51893019],[-117.55212679,49.51890454],[-117.55191026,49.51889658],[-117.55169007,49.51889763],[-117.5516892,49.51889763],[-117.55149597,49.51891354],[-117.55128863,49.51890554],[-117.55103962,49.51887674],[-117.55060999,49.51875885],[-117.54950047,49.51838035],[-117.54850767,49.5181432],[-117.54764456,49.51797239],[-117.54764276,49.51781049],[-117.54765355,49.51754059],[-117.54769259,49.51732453],[-117.54775956,49.51713532],[-117.54858968,49.51724132],[-117.54938528,49.51727952],[-117.55002177,49.51722953],[-117.55037983,49.51712688],[-117.55043709,49.51707764],[-117.55052122,49.51700528],[-117.5506177,49.51684791],[-117.55081376,49.51667308],[-117.55110939,49.51648078],[-117.55120975,49.51639535],[-117.55128697,49.51630003],[-117.55131831,49.516083],[-117.55141021,49.51579273],[-117.55174442,49.51520948],[-117.55068273,49.51539443],[-117.55072582,49.51526629],[-117.55071926,49.51509243],[-117.55066307,49.51487281],[-117.54975543,49.51524293],[-117.54947725,49.51533852],[-117.54913613,49.51545575],[-117.5489159,49.51552875],[-117.54868216,49.5156288],[-117.54844184,49.51541406],[-117.54809233,49.51518185],[-117.5473061,49.51487975],[-117.5473139,49.51434002],[-117.54722063,49.51382276],[-117.54700141,49.51343501],[-117.54665623,49.5131768],[-117.54640547,49.51298709],[-117.54626071,49.51280688],[-117.54572097,49.51244364],[-117.54526947,49.51214593],[-117.54474411,49.51197051],[-117.54405876,49.51189978],[-117.5430766,49.51177746],[-117.54229584,49.51154625],[-117.54181491,49.5112227],[-117.54147759,49.51097542],[-117.54121025,49.51081276],[-117.54097467,49.5107449],[-117.54099607,49.51059789],[-117.54105419,49.5104387],[-117.54109462,49.51034857],[-117.54153465,49.51002769],[-117.54180125,49.5095677],[-117.54189439,49.5089686],[-117.54216983,49.50880565],[-117.54220088,49.50878727],[-117.54220297,49.50855939],[-117.54206743,49.50843636],[-117.54190065,49.50828497],[-117.5419088,49.50777222],[-117.54191606,49.50717853],[-117.54193583,49.50646783],[-117.54194428,49.50598207],[-117.54193942,49.50554134],[-117.54170025,49.50500777],[-117.54158582,49.50437366],[-117.5413481,49.50369216],[-117.54086177,49.50300983],[-117.54086933,49.50244312],[-117.54087551,49.50175048],[-117.54088406,49.50127371],[-117.54089233,49.50076995],[-117.54091231,49.50007725],[-117.54090705,49.49960055],[-117.54104666,49.4989013],[-117.54143062,49.49823687],[-117.54205895,49.49760729],[-117.5420653,49.49693264],[-117.5422032,49.49608048],[-117.54246169,49.4953117],[-117.54284057,49.49460832],[-117.54309607,49.49398647],[-117.54322838,49.49346415],[-117.543224,49.49306839],[-117.54333236,49.49246223],[-117.54342735,49.4918951],[-117.54350896,49.49136702],[-117.54358473,49.49072802],[-117.54360815,49.49049972],[-117.54363458,49.49024206],[-117.54368433,49.4897471],[-117.5436953,49.48964013],[-117.54373417,49.48926115],[-117.54379703,49.48870317],[-117.54387321,49.48810015],[-117.54393526,49.48747022],[-117.54401032,49.48676826],[-117.54406096,49.48635426],[-117.54409761,49.48592233],[-117.54419808,49.48502236],[-117.54364897,49.48447625],[-117.54336483,49.483752],[-117.54334564,49.4828496],[-117.54338257,49.48244465],[-117.54344563,49.48190466],[-117.54411594,49.48134782],[-117.54454654,49.48075513],[-117.54458818,49.48061804],[-117.54473745,49.48012659],[-117.54473315,49.47973986],[-117.52779157,49.47974791],[-117.51679433,49.47974532],[-117.5166734,49.47974529],[-117.51666104,49.47268154],[-117.51666105,49.47258634],[-117.51666106,49.47250194],[-117.51153787,49.47250038],[-117.51111415,49.47250023],[-117.51112857,49.47049473],[-117.51113771,49.4656334],[-117.51113827,49.46533621],[-117.51113863,49.46506516],[-117.50752205,49.46505584],[-117.50587321,49.46505155],[-117.50559305,49.46505082],[-117.50559863,49.46463681],[-117.50560946,49.46383254],[-117.50561659,49.46283467],[-117.50561153,49.4621858],[-117.50557866,49.46201759],[-117.50592421,49.46201616],[-117.50625437,49.46203254],[-117.5065586,49.46202257],[-117.50666975,49.46202186],[-117.50676695,49.4620215],[-117.50697394,49.46202969],[-117.50713899,49.46203753],[-117.50727621,49.46202827],[-117.50756592,49.46197272],[-117.50777191,49.46193641],[-117.50808956,49.46188086],[-117.50843274,49.46178046],[-117.50869455,49.46170711],[-117.50903908,49.46163376],[-117.50936906,49.46156006],[-117.50969991,49.46147781],[-117.50994801,49.46144078],[-117.51018242,49.46140375],[-117.51041634,49.46134002],[-117.51056721,49.46131225],[-117.51091223,49.4612656],[-117.51117103,49.46121961],[-117.5112978,49.46121006],[-117.51162672,49.46111856],[-117.51174214,49.46109802],[-117.51183483,49.46108152],[-117.51209691,49.46105375],[-117.5123989,49.46103417],[-117.51253798,49.46103346],[-117.5125999,49.46102791],[-117.51285587,49.46100497],[-117.51304672,49.4609861],[-117.51316676,49.46097523],[-117.5132551,49.46096723],[-117.51331083,49.4609626],[-117.51358449,49.46093875],[-117.5137373,49.46092023],[-117.51394376,49.4608832],[-117.51430063,49.4607828],[-117.51438387,49.46076428],[-117.51471425,49.46060121],[-117.51479537,49.46054709],[-117.51480772,49.46054298],[-117.51498789,49.460483],[-117.51522102,49.46034699],[-117.51550862,49.46021062],[-117.51546718,49.46018062],[-117.51537228,49.46011191],[-117.51536649,49.46010772],[-117.51533348,49.45954397],[-117.515321,49.45933082],[-117.51536643,49.45932279],[-117.51560431,49.45928074],[-117.51563723,49.45927492],[-117.51578891,49.45923789],[-117.51595308,49.4591389],[-117.51607798,49.45903885],[-117.51627025,49.45897512],[-117.51632484,49.45888504],[-117.51652821,49.45875009],[-117.5165506,49.45874032],[-117.51661305,49.45871307],[-117.51684621,49.45871093],[-117.51696985,49.4587031],[-117.51709997,49.45860297],[-117.51713504,49.45857599],[-117.5171653,49.4585678],[-117.51720482,49.45855712],[-117.51731291,49.45855605],[-117.51745175,49.45848306],[-117.51742935,49.45842566],[-117.51742396,49.45841184],[-117.51743609,49.45833992],[-117.51747614,49.4582769],[-117.51755917,49.45824094],[-117.51757303,49.45824079],[-117.51765521,49.45823987],[-117.51773927,49.45826693],[-117.51787613,49.45827512],[-117.51798598,49.45824806],[-117.51815192,49.45816581],[-117.51815944,49.45804441],[-117.51816418,49.45796785],[-117.51821798,49.45787812],[-117.518313,49.45780513],[-117.5185979,49.45781128],[-117.51869482,49.45781337],[-117.52043607,49.45785091],[-117.52075696,49.45785783],[-117.52092124,49.45778448],[-117.52108539,49.4576855],[-117.52126342,49.45758545],[-117.5213464,49.45753987],[-117.52163565,49.45742202],[-117.52182575,49.45731307],[-117.52203291,49.45715961],[-117.52222194,49.45696912],[-117.52234612,49.45682492],[-117.52250898,49.45660844],[-117.52261676,49.45641902],[-117.52272626,49.456194],[-117.5227661,49.45601348],[-117.52372092,49.45277661],[-117.52382617,49.45248607],[-117.52389369,49.45229949],[-117.52394347,49.45217132],[-117.52408903,49.45179898],[-117.52411816,49.45172447],[-117.52423852,49.45142539],[-117.52430492,49.45119288],[-117.524307,49.45118705],[-117.52437484,49.45099634],[-117.52445809,49.45076242],[-117.52481628,49.44975657],[-117.52484337,49.44968037],[-117.52463217,49.44928961],[-117.52448486,49.44901705],[-117.52429306,49.44918902],[-117.5241711,49.4492791],[-117.52392286,49.44940514],[-117.52366276,49.44958816],[-117.52326698,49.44995809],[-117.52303413,49.45008485],[-117.52281301,49.45022015],[-117.52269016,49.45027605],[-117.52245675,49.45034797],[-117.52216924,49.45048505],[-117.52187989,49.45062],[-117.52160518,49.45074711],[-117.52067876,49.4506477],[-117.5205699,49.45063602],[-117.520569,49.45049217],[-117.52051089,49.45029385],[-117.52054922,49.45010514],[-117.52056217,49.44996913],[-117.52053201,49.44962803],[-117.52048915,49.44952905],[-117.52033385,49.44920611],[-117.52016578,49.44901812],[-117.52009496,49.44892803],[-117.51981905,49.44877707],[-117.5197638,49.44872295],[-117.51965184,49.44856201],[-117.51951079,49.44837295],[-117.51930196,49.44815789],[-117.519148,49.44795316],[-117.51898098,49.44779187],[-117.51884101,49.44763912],[-117.51874287,49.44750383],[-117.51866008,49.44738704],[-117.51854713,49.44721792],[-117.51849118,49.44710113],[-117.51839087,49.44695693],[-117.51820883,49.44667102],[-117.51811194,49.44644599],[-117.51808191,49.44638297],[-117.51798385,49.44622097],[-117.51803793,49.44617682],[-117.51813607,49.44617504],[-117.51827322,49.4462021],[-117.51849584,49.44630891],[-117.51861974,49.44635306],[-117.51878487,49.44633491],[-117.51907481,49.44622488],[-117.51951304,49.44609813],[-117.51983301,49.44610596],[-117.52007717,49.44609612],[-117.52008019,49.44609599],[-117.52027213,49.44597707],[-117.5203681,49.44586883],[-117.52043938,49.4457681],[-117.52047695,49.44571502],[-117.52063922,49.44553414],[-117.52072213,49.44544513],[-117.52092598,49.44528206],[-117.52110499,49.44512896],[-117.52131715,49.44492903],[-117.52133623,49.44491105],[-117.52140312,49.44472306],[-117.52140209,49.44466894],[-117.52269635,49.44432107],[-117.5228473,49.44422138],[-117.5229692,49.44410317],[-117.52322995,49.4439579],[-117.52340852,49.44388527],[-117.52350385,49.44381263],[-117.52357193,49.44374142],[-117.52357784,49.44372059],[-117.52360021,49.44364173],[-117.5236121,49.44357906],[-117.52362105,49.44343363],[-117.52362323,49.44339819],[-117.5236355,49.44325434],[-117.52373243,49.44310195],[-117.52377109,49.44298374],[-117.5237845,49.44287693],[-117.52376954,49.44279574],[-117.52373963,49.44263339],[-117.52373751,49.44242688],[-117.52370959,49.44227448],[-117.52367835,49.44208506],[-117.52364966,49.44192413],[-117.52361455,49.4418611],[-117.52352432,49.4416991],[-117.5234637,49.44163465],[-117.52339841,49.44156523],[-117.52330079,49.44150256],[-117.52321764,49.44146696],[-117.52313441,49.44146696],[-117.52301155,49.44147693],[-117.52289976,49.44151253],[-117.52284527,49.44157662],[-117.52266976,49.4417931],[-117.52234082,49.44198395],[-117.52227273,49.44205516],[-117.52224474,49.44210928],[-117.52223207,49.4421634],[-117.52228374,49.44234571],[-117.52228817,49.44236136],[-117.52221144,49.4423865],[-117.52006505,49.44308975],[-117.52000609,49.44310907],[-117.51994218,49.44304047],[-117.51992216,49.44301899],[-117.51967413,49.44288511],[-117.51965368,49.44287506],[-117.5195481,49.44282316],[-117.51929924,49.44273486],[-117.51902164,49.44257251],[-117.51900883,49.44256502],[-117.51875907,49.44249417],[-117.51848309,49.44242403],[-117.51839909,49.44238806],[-117.51819108,49.44233395],[-117.51801275,49.44229015],[-117.51785907,49.44226487],[-117.5176532,49.44225597],[-117.51754394,49.44227413],[-117.51739086,49.44234712],[-117.51725609,49.44244717],[-117.51718697,49.44251909],[-117.5171458,49.44258211],[-117.51714712,49.44262197],[-117.51714789,49.44264513],[-117.51708414,49.44270425],[-117.51701619,49.44276726],[-117.5169961,49.44278204],[-117.51699102,49.44278578],[-117.51689314,49.4426316],[-117.51676948,49.44253796],[-117.51662902,49.44245856],[-117.51662016,49.44245144],[-117.51332696,49.44245785],[-117.51332788,49.44266685],[-117.51332801,49.442711],[-117.51333382,49.44403919],[-117.51333382,49.44403941],[-117.51334547,49.44670128],[-117.51334726,49.44713096],[-117.51334727,49.44713317],[-117.51128536,49.44714208],[-117.50742896,49.44715881],[-117.50743772,49.4480612],[-117.50746603,49.45097652],[-117.50746605,49.45097854],[-117.49296028,49.45100382],[-117.492627,49.45100431],[-117.49125746,49.45100631],[-117.49111482,49.45100667],[-117.49110605,49.45100667],[-117.49104252,49.45100667],[-117.49070138,49.45100725],[-117.49041524,49.45100774],[-117.49025835,49.45100809],[-117.49022549,49.45100809],[-117.48750166,49.45101236],[-117.48749874,49.45101237],[-117.48749979,49.43841372],[-117.48749992,49.43684395],[-117.48750002,49.43570385],[-117.48750003,49.43552842],[-117.49132406,49.43552274],[-117.49123136,49.42926103],[-117.49123422,49.42926102],[-117.49677987,49.42926127],[-117.49678045,49.43551442],[-117.50053888,49.4354993],[-117.50112242,49.43549718],[-117.50323834,49.4354949],[-117.50333764,49.43549691],[-117.50454556,49.43549594],[-117.51016383,49.43546958],[-117.51588989,49.42650815],[-117.51649405,49.42458205],[-117.51665355,49.42445953],[-117.51604802,49.42142903],[-117.51594169,49.42089682],[-117.51616897,49.39920898],[-117.51616897,49.3992089],[-117.51621528,49.39555713],[-117.51624255,49.39218273],[-117.52683233,49.39222742],[-117.52738616,49.39213744],[-117.52750257,49.39211852],[-117.52753624,49.39102894],[-117.52743484,49.38535292],[-117.52743125,49.38499437],[-117.53304681,49.38489705],[-117.53304866,49.38482882],[-117.53328715,49.38482544],[-117.53320625,49.37899113],[-117.53323882,49.37778419],[-117.53851807,49.37780684],[-117.53851702,49.37758417],[-117.5385792,49.37758405],[-117.53991742,49.37759366],[-117.54003158,49.37182917],[-117.54547338,49.37183785],[-117.54555352,49.37181991],[-117.54560839,49.36667642],[-117.5511193,49.36666118],[-117.55111934,49.36665089],[-117.5512156,49.36665075],[-117.55124888,49.36127146],[-117.55676973,49.36122631],[-117.55688323,49.36122558],[-117.556928,49.35759635],[-117.55960774,49.35756173],[-117.55962096,49.35398292],[-117.56242506,49.35397299],[-117.56242204,49.35218864],[-117.56522526,49.35217982],[-117.56521769,49.34862181],[-117.56521744,49.34850486],[-117.56382038,49.34850401],[-117.55157036,49.34874686],[-117.543777,49.34876197],[-117.49473052,49.34884421],[-117.49473227,49.33962068],[-117.49473179,49.33774473],[-117.49473488,49.32691207],[-117.49473421,49.32256073],[-117.49473922,49.30000001],[-117.49477601,49.29669105],[-117.49484063,49.29087699],[-117.49545976,49.2617625],[-117.49536614,49.25427384],[-117.49503234,49.2434714],[-117.49452154,49.22693082],[-117.494539,49.20403269],[-117.49453944,49.19335561],[-117.49454627,49.18200727],[-117.49452235,49.18018225],[-117.49450744,49.17568711],[-117.49450514,49.17488808],[-117.4942552,49.17488808],[-117.49378191,49.17488808],[-117.48901493,49.17488309],[-117.48898116,49.17488309],[-117.48770633,49.17488843],[-117.48737368,49.17488986],[-117.48725876,49.17488986],[-117.48700363,49.17489021],[-117.48686965,49.17489021],[-117.48413766,49.17489199],[-117.48301385,49.17489235],[-117.48268683,49.1748927],[-117.4725242,49.17489804],[-117.4725123,49.17366041],[-117.47249025,49.17136458],[-117.48327069,49.17131972],[-117.48384313,49.17131723],[-117.48409746,49.17129658],[-117.484097,49.17111463],[-117.48409683,49.17062186],[-117.48409644,49.17045095],[-117.4840889,49.16338402],[-117.48723626,49.16338224],[-117.49451325,49.16337868],[-117.49451364,49.16040458],[-117.49478805,49.16040458],[-117.49680259,49.16040458],[-117.50008163,49.16040422],[-117.50008156,49.15636481],[-117.50008087,49.14951828],[-117.5035038,49.14951899],[-117.50380918,49.14951899],[-117.50409491,49.14951828],[-117.50532647,49.14951792],[-117.50551209,49.14951792],[-117.50560082,49.14951792],[-117.50558162,49.14589758],[-117.50560923,49.14277607],[-117.50562446,49.1391568],[-117.50775899,49.13916071],[-117.51113889,49.13916677],[-117.51114349,49.13548376],[-117.51114457,49.13439887],[-117.51114597,49.13321286],[-117.51114984,49.13204394],[-117.51115656,49.12990442],[-117.51115884,49.1279262],[-117.51116793,49.12594619],[-117.5111696,49.12415631],[-117.5169212,49.12413459],[-117.51695579,49.12194309],[-117.51696012,49.12105617],[-117.51698067,49.11695337],[-117.51676289,49.10689454],[-117.51676129,49.10681372],[-117.51672697,49.10523534],[-117.51668218,49.10314495],[-117.51661416,49.09999994],[-117.5166125,49.09992873],[-117.51657531,49.09913652],[-117.51632256,49.09376618],[-117.51616985,49.08819645],[-117.51606057,49.08819645],[-117.51445397,49.08819965],[-117.51223882,49.08820393],[-117.5084135,49.08821105],[-117.50596975,49.08821568],[-117.5051532,49.08821639],[-117.50253928,49.0882139],[-117.50152334,49.08821283],[-117.5009549,49.08821247],[-117.50066645,49.08821212],[-117.49495384,49.08820606],[-117.49485846,49.08820642],[-117.48941681,49.08821746],[-117.48888762,49.08821853],[-117.46627916,49.08826303],[-117.46617365,49.07702175],[-117.46615516,49.0743072],[-117.46613224,49.07087166],[-117.46612122,49.06926871],[-117.46609866,49.06600086],[-117.4660915,49.0649238],[-117.46607618,49.0626853],[-117.46607788,49.0617439],[-117.46607812,49.06170331],[-117.46608099,49.05998393],[-117.46608106,49.05814492],[-117.46608066,49.05560556],[-117.46608064,49.05542575],[-117.46608468,49.05440637],[-117.46609113,49.05273292],[-117.46609239,49.05180683],[-117.46609412,49.05047164],[-117.46609455,49.0500255],[-117.46609461,49.04999702],[-117.46609441,49.0498546],[-117.46609483,49.04950389],[-117.46609643,49.04835669],[-117.46609665,49.04824025],[-117.46609669,49.04821676],[-117.46609721,49.0467046],[-117.46609785,49.04550221],[-117.46944598,49.04376966],[-117.46944624,49.04305507],[-117.46944644,49.04288843],[-117.46944979,49.0365742],[-117.46945084,49.03400066],[-117.46945286,49.02986226],[-117.46945299,49.02968245],[-117.46945488,49.02624299],[-117.4694584,49.01900409],[-117.46946019,49.01551157],[-117.4694606,49.01512525],[-117.46946218,49.01176519],[-117.46935819,49.00070941],[-117.46935785,49.00066347],[-117.46935916,49.00054989],[-117.42919186,49.00047299],[-117.39094571,49.00036261],[-117.36877411,49.00030529],[-117.35494242,49.00030529],[-117.35199763,49.00030529],[-117.31055455,49.00004394],[-117.29977466,48.99997345],[-117.29944602,48.99997309],[-117.29010852,48.99991612],[-117.24510974,48.99961098],[-117.20033347,48.99930585],[-117.15122157,48.99894303],[-117.13488839,48.99880595],[-117.07269315,48.99905412],[-117.02877815,48.99922182],[-116.99111236,48.99933255],[-116.92883267,48.99950025],[-116.91288253,48.99954583],[-116.88858098,48.99961098],[-116.82841488,48.99972172],[-116.78855965,48.99977904],[-116.75536369,48.99983209],[-116.7274478,48.99986271],[-116.70044677,48.99986271],[-116.65188662,48.99988942],[-116.60733046,48.99988942],[-116.57668989,48.99986271],[-116.50348783,48.99986414],[-116.49925189,48.99986271],[-116.43927703,49.00013723],[-116.39693988,49.00030493],[-116.39683597,49.00030529],[-116.34805371,49.00049969],[-116.32683644,49.00058372],[-116.27749539,49.0007208],[-116.23725188,49.00083189],[-116.21344847,49.00066739],[-116.19416804,49.00055701],[-116.18266263,49.00055666],[-116.1813897,49.00055701],[-116.18102934,49.00055701],[-116.178497,49.00055701],[-116.17813881,49.00055701],[-116.13857954,49.00066739],[-116.10886415,49.0007208],[-116.06230865,49.00083153],[-116.0324469,49.00086179],[-116.02693269,49.00087105],[-116.02693329,49.00087248],[-116.02693361,49.00087354],[-116.02693376,49.00103412],[-116.02693434,49.00109145],[-116.02694064,49.00383376],[-116.02694156,49.00430589],[-116.02702585,49.03972633],[-116.02702592,49.03984347],[-116.02702879,49.04100278],[-116.02703003,49.04151087],[-116.02703006,49.04152974],[-116.02703008,49.04157282],[-116.02704538,49.04797072],[-116.02705228,49.05096299],[-116.02705238,49.0510196],[-116.02705549,49.05219813],[-116.02705551,49.05227077],[-116.02705834,49.05338771],[-116.02705861,49.05345393],[-116.02706254,49.05524381],[-116.02706279,49.05532143],[-116.02706358,49.05560947],[-116.0270639,49.05573089],[-116.02706615,49.05671181],[-116.02709034,49.066959],[-116.02709148,49.06729369],[-116.02709682,49.06971377],[-116.02710773,49.07429617],[-116.02713147,49.08418979],[-116.02716593,49.09866581],[-116.02716874,49.09995223],[-116.0271688,49.09999994],[-116.02716042,49.1059478],[-116.02715857,49.107163],[-116.02715071,49.11274484],[-116.02715004,49.1131162],[-116.02713003,49.1272294],[-116.02712971,49.12758688],[-116.02712453,49.13120116],[-116.02713473,49.13465024],[-116.02713695,49.13530218],[-116.02713728,49.13546738],[-116.02713813,49.13572837],[-116.02713852,49.13585541],[-116.0271387,49.13590996],[-116.02714525,49.13799001],[-116.02714417,49.13872419],[-116.02714348,49.13897521],[-116.02714265,49.13927964],[-116.02714251,49.13947974],[-116.02714222,49.13973325],[-116.0271404,49.14074978],[-116.0271406,49.14079891],[-116.02714041,49.14090786],[-116.02713999,49.14107948],[-116.02713953,49.14126712],[-116.02713932,49.1413191],[-116.02713904,49.14160608],[-116.0271396,49.14188808],[-116.02714001,49.14216117],[-116.02711976,49.15619604],[-116.02711952,49.15636374],[-116.02711916,49.15646237],[-116.027119,49.1565204],[-116.02711414,49.16002681],[-116.02709844,49.17065853],[-116.02709812,49.1708394],[-116.02709804,49.17101992],[-116.02709756,49.17139057],[-116.02707725,49.18514488],[-116.02707703,49.18531507],[-116.02707684,49.18549131],[-116.02705668,49.19931825],[-116.02705636,49.19961983],[-116.02705571,49.19979073],[-116.02734894,49.19979216],[-116.07333341,49.19999582],[-116.07424036,49.20000009],[-116.09757982,49.20009622],[-116.09742318,49.20026998],[-116.09728189,49.20042451],[-116.09713784,49.20057832],[-116.09712903,49.20059755],[-116.09706126,49.20074068],[-116.09698819,49.20089734],[-116.09697739,49.20092013],[-116.09684972,49.20108],[-116.09682088,49.20111738],[-116.09672566,49.20124093],[-116.0966945,49.20129149],[-116.0966387,49.20138193],[-116.0966234,49.20140721],[-116.09655536,49.20158203],[-116.09660075,49.20175828],[-116.09665649,49.20193452],[-116.09670329,49.20211184],[-116.09674375,49.20229271],[-116.09676266,49.20247323],[-116.09674791,49.20251453],[-116.09671954,49.20259251],[-116.09670189,49.20264093],[-116.09654556,49.20279439],[-116.09641176,49.20295141],[-116.09629074,49.20309205],[-116.09627687,49.20310843],[-116.09614929,49.20326972],[-116.09608257,49.20332811],[-116.09601142,49.20339042],[-116.09598772,49.20341143],[-116.09575327,49.20350863],[-116.09549924,49.20358055],[-116.09541699,49.2036126],[-116.09529464,49.2036596],[-116.09526605,49.20367063],[-116.09507777,49.20380166],[-116.09489407,49.20393696],[-116.09485994,49.20396189],[-116.09471054,49.20407048],[-116.09452451,49.20420293],[-116.09450611,49.20421575],[-116.09433343,49.20433254],[-116.09418282,49.20442297],[-116.09414266,49.20444719],[-116.09391069,49.20456077],[-116.09368524,49.20466366],[-116.09364984,49.20467969],[-116.09345951,49.20476621],[-116.09334192,49.20482104],[-116.09326584,49.20485664],[-116.09323577,49.20487053],[-116.09301549,49.20497841],[-116.0929347,49.20502292],[-116.09286026,49.20506387],[-116.09280597,49.20509413],[-116.09260583,49.20521733],[-116.09239295,49.20531026],[-116.09222165,49.20547475],[-116.09204945,49.20560079],[-116.09201257,49.20563035],[-116.09187033,49.20575105],[-116.09183835,49.20577526],[-116.09171491,49.20586961],[-116.09169186,49.20588742],[-116.09160403,49.20594332],[-116.09149484,49.2060131],[-116.09146337,49.2060366],[-116.09134984,49.20612241],[-116.09131495,49.2061484],[-116.09120735,49.20624347],[-116.09115163,49.20629332],[-116.09113456,49.20630578],[-116.09102753,49.20638553],[-116.09097035,49.20642826],[-116.09083104,49.20652653],[-116.0907756,49.20656605],[-116.09060892,49.20669886],[-116.09044994,49.20682241],[-116.09043215,49.20683665],[-116.09032835,49.20691036],[-116.09024582,49.20696875],[-116.09020933,49.20699545],[-116.09011359,49.20706702],[-116.090064,49.20710369],[-116.08988777,49.20724148],[-116.08982791,49.20729026],[-116.08971576,49.20738177],[-116.08954964,49.20752526],[-116.08952411,49.2075427],[-116.0894825,49.20757048],[-116.08935825,49.2076545],[-116.08915283,49.20776524],[-116.08910946,49.20778019],[-116.08889785,49.20784535],[-116.08887006,49.20785603],[-116.08873357,49.20790908],[-116.08866199,49.20793685],[-116.08844086,49.20804438],[-116.08835276,49.2080953],[-116.0882911,49.20813055],[-116.08823529,49.20816295],[-116.08804616,49.20829362],[-116.08785986,49.20842643],[-116.08767214,49.20855817],[-116.08753722,49.20866249],[-116.08750658,49.20868634],[-116.08734483,49.20884586],[-116.08729173,49.20890425],[-116.08720462,49.20900038],[-116.08706358,49.20915455],[-116.08689632,49.20929733],[-116.08671984,49.20943548],[-116.08654452,49.20957505],[-116.08635618,49.20970537],[-116.08630889,49.20972887],[-116.08613835,49.20981361],[-116.08590434,49.20990938],[-116.0858662,49.20992541],[-116.08568882,49.20999911],[-116.08566179,49.21000872],[-116.08541849,49.21007246],[-116.08531329,49.21009845],[-116.08519704,49.21012693],[-116.08516126,49.21013583],[-116.08490677,49.21020455],[-116.08482519,49.2102341],[-116.08472382,49.21027078],[-116.08466766,49.21029143],[-116.0844471,49.21039967],[-116.08439455,49.21042673],[-116.08423106,49.21051076],[-116.0840436,49.21061615],[-116.08402268,49.2106279],[-116.08382899,49.21075501],[-116.08363675,49.2108839],[-116.08343354,49.21100603],[-116.08338303,49.21104626],[-116.08329012,49.21111996],[-116.08326057,49.21114382],[-116.08315441,49.211272],[-116.08312901,49.21130226],[-116.08296567,49.21144717],[-116.08290682,49.21149987],[-116.08281178,49.21158497],[-116.08269178,49.21175623],[-116.08261296,49.21185984],[-116.08256963,49.21191752],[-116.08247845,49.21201935],[-116.08244212,49.21205958],[-116.0822764,49.21222159],[-116.08221348,49.21227464],[-116.08215735,49.21232199],[-116.08210801,49.21236365],[-116.08192617,49.2124986],[-116.08173874,49.21263069],[-116.08154762,49.2127603],[-116.0814723,49.21280017],[-116.08137497,49.2128518],[-116.08133546,49.21287281],[-116.08116633,49.21293262],[-116.08109274,49.21295862],[-116.08107229,49.21296894],[-116.08095545,49.21302805],[-116.08087606,49.21306828],[-116.08075558,49.21318827],[-116.08047665,49.2132958],[-116.0802481,49.21341828],[-116.08021702,49.21343893],[-116.08005502,49.21354682],[-116.07987555,49.21368532],[-116.0798247,49.21370846],[-116.07968036,49.21377326],[-116.07965558,49.2137843],[-116.07940426,49.21384091],[-116.07922355,49.21398191],[-116.07913992,49.21408232],[-116.07911092,49.21411685],[-116.07909067,49.21414142],[-116.07901384,49.21431482],[-116.07892981,49.21448608],[-116.07889018,49.21456762],[-116.07884579,49.21465734],[-116.07876205,49.21482896],[-116.07875404,49.21484783],[-116.07868657,49.215002],[-116.07861025,49.21517469],[-116.07857687,49.21522453],[-116.07850053,49.21533918],[-116.07839094,49.2154905],[-116.0783687,49.21552397],[-116.07827865,49.21566853],[-116.07817889,49.21583588],[-116.07808586,49.21600678],[-116.0780287,49.21608155],[-116.07797662,49.2161492],[-116.07796414,49.21616594],[-116.07778313,49.21630124],[-116.07759234,49.21643191],[-116.0774026,49.21656187],[-116.07724387,49.21666975],[-116.07721202,49.21669147],[-116.07702228,49.21682143],[-116.07697344,49.21685703],[-116.07687369,49.21693038],[-116.07683931,49.21695566],[-116.0767453,49.21702936],[-116.07666335,49.21709381],[-116.07663263,49.21711624],[-116.07653393,49.21718887],[-116.07648037,49.21722804],[-116.07629259,49.21735907],[-116.07610765,49.21749223],[-116.07592522,49.21762646],[-116.07589224,49.21764747],[-116.07586483,49.21766527],[-116.07572711,49.21775286],[-116.07551584,49.21786715],[-116.07529978,49.21791558],[-116.0752661,49.21792305],[-116.07501413,49.21800958],[-116.07499111,49.21802275],[-116.07487441,49.21809004],[-116.07481038,49.21812707],[-116.07462577,49.2182613],[-116.07460525,49.21827555],[-116.07443773,49.21839269],[-116.07425024,49.21852407],[-116.07406162,49.21865474],[-116.07387358,49.21878612],[-116.07375726,49.21886054],[-116.07369712,49.21889899],[-116.07367762,49.21891181],[-116.07355671,49.21897661],[-116.07346441,49.21902575],[-116.07340594,49.21905957],[-116.07329266,49.21912437],[-116.07325827,49.21914431],[-116.0730607,49.21927071],[-116.07295685,49.21935438],[-116.07291397,49.21938928],[-116.07288859,49.21940957],[-116.07274905,49.21956695],[-116.07274084,49.21960291],[-116.07271067,49.21973002],[-116.07270722,49.21990983],[-116.07277562,49.22008216],[-116.07277256,49.22025377],[-116.07270067,49.22045387],[-116.0727028,49.22047381],[-116.07271461,49.22056959],[-116.07272227,49.22063297],[-116.072732,49.22078821],[-116.07273359,49.22081349],[-116.07274294,49.22099294],[-116.07272711,49.22110759],[-116.07271846,49.22117168],[-116.07268417,49.22135041],[-116.07265067,49.2215288],[-116.0726422,49.22155443],[-116.0725917,49.22170469],[-116.07256242,49.22178088],[-116.07252393,49.22187915],[-116.07246136,49.22205397],[-116.072474,49.22223342],[-116.07248984,49.22236481],[-116.07249564,49.22241323],[-116.07249878,49.2224524],[-116.07250836,49.22256811],[-116.07250991,49.22259268],[-116.07251386,49.22277284],[-116.07252272,49.22295301],[-116.07251655,49.22305412],[-116.07251252,49.2231232],[-116.07246756,49.22331155],[-116.07240704,49.22348886],[-116.0723205,49.22364304],[-116.07216146,49.22380255],[-116.07197587,49.22393891],[-116.07184421,49.22404858],[-116.07180474,49.22408098],[-116.0716526,49.22423159],[-116.07164215,49.22425082],[-116.07159733,49.224332],[-116.0715595,49.22440107],[-116.07162465,49.22456806],[-116.07171656,49.22468378],[-116.07175129,49.22472757],[-116.0718489,49.22486892],[-116.07186098,49.22488637],[-116.07198267,49.22506582],[-116.07201742,49.22515697],[-116.07203412,49.22520005],[-116.07204549,49.22522996],[-116.07206254,49.22541012],[-116.07207122,49.22552406],[-116.07207603,49.22558993],[-116.07208222,49.2256615],[-116.07209086,49.22576404],[-116.07210144,49.22582564],[-116.07211479,49.22589863],[-116.0721234,49.22594847],[-116.07212663,49.22597375],[-116.07214362,49.22610051],[-116.07214667,49.22612757],[-116.07215555,49.22625575],[-116.07215985,49.22631699],[-116.07218343,49.22648647],[-116.07220146,49.22662782],[-116.0722067,49.22666556],[-116.07221417,49.22676134],[-116.07221071,49.22680976],[-116.07221068,49.22684573],[-116.07221027,49.22697853],[-116.07220353,49.22702162],[-116.07218546,49.22713484],[-116.07218034,49.22716724],[-116.07214073,49.22728011],[-116.07211867,49.22734313],[-116.07209411,49.2274884],[-116.07208874,49.22752116],[-116.0720789,49.22767177],[-116.07207691,49.22770132],[-116.07205144,49.22788148],[-116.07203854,49.22790569],[-116.0720075,49.22796373],[-116.07196185,49.22804989],[-116.07183285,49.22821012],[-116.07179713,49.22824644],[-116.07168511,49.22836144],[-116.07154179,49.22849816],[-116.07152339,49.22851632],[-116.07148982,49.22855193],[-116.07138466,49.22866266],[-116.0712495,49.22880935],[-116.07110429,49.22897243],[-116.07104762,49.22903046],[-116.07097343,49.22910773],[-116.07095739,49.2291241],[-116.07088078,49.22919175],[-116.07079321,49.22926866],[-116.07077695,49.22928611],[-116.07064799,49.22942105],[-116.0705182,49.22956632],[-116.07035197,49.2297237],[-116.07019975,49.2298622],[-116.07003366,49.23001708],[-116.06994554,49.23009399],[-116.06988586,49.23014633],[-116.0698689,49.23016093],[-116.06969574,49.2303005],[-116.06959258,49.23038168],[-116.06952007,49.23043901],[-116.06941808,49.23052161],[-116.0693472,49.23057893],[-116.06917801,49.23072136],[-116.06913648,49.23076657],[-116.06909602,49.23081108],[-116.06903725,49.23087588],[-116.06892864,49.23106103],[-116.06891846,49.23122054],[-116.06889788,49.231374],[-116.0688963,49.23138539],[-116.06878264,49.23155238],[-116.06869704,49.23173432],[-116.06866412,49.23177741],[-116.06860371,49.23185752],[-116.06857643,49.23189348],[-116.06840894,49.23203732],[-116.06831209,49.23210355],[-116.06826604,49.23213524],[-116.06821919,49.23216728],[-116.06800455,49.23228015],[-116.06788612,49.23233534],[-116.06777965,49.23238448],[-116.06754641,49.23248061],[-116.06748224,49.23249948],[-116.06736895,49.23253295],[-116.06729725,49.23255396],[-116.06708618,49.23258921],[-116.06702995,49.23259846],[-116.06674636,49.23263371],[-116.06647637,49.23265294],[-116.06631052,49.23267217],[-116.06621704,49.2326832],[-116.06594894,49.23272273],[-116.06567422,49.23276616],[-116.06543563,49.2328331],[-116.06525185,49.23289505],[-116.06518572,49.2329182],[-116.06494778,49.23300792],[-116.06489164,49.23302395],[-116.0647549,49.23306276],[-116.06469687,49.23307913],[-116.06443317,49.23313005],[-116.06416784,49.23318097],[-116.0641113,49.23319984],[-116.06398805,49.23324114],[-116.06392534,49.23326179],[-116.06370013,49.23336576],[-116.06366377,49.23338463],[-116.06349289,49.23347435],[-116.06324058,49.23358651],[-116.06293092,49.23373854],[-116.06254183,49.23385746],[-116.06285464,49.23404653],[-116.06322775,49.23433529],[-116.06323727,49.23436092],[-116.0632635,49.23442964],[-116.06329389,49.23451011],[-116.06341257,49.23468315],[-116.06359748,49.23493381],[-116.06363082,49.23498722],[-116.06369574,49.2350919],[-116.06371747,49.23516311],[-116.0637276,49.23520014],[-116.06374803,49.23527776],[-116.06374505,49.23530945],[-116.06373391,49.23542445],[-116.06373098,49.23545685],[-116.06369208,49.23563523],[-116.06367314,49.23581468],[-116.06366389,49.2358567],[-116.06364124,49.23595497],[-116.06363257,49.23599235],[-116.06356522,49.23617928],[-116.06349736,49.23634093],[-116.06345857,49.23643813],[-116.06342716,49.23651504],[-116.06340027,49.23662079],[-116.06338216,49.23669129],[-116.06338409,49.23676962],[-116.06338729,49.23687216],[-116.06338416,49.23702028],[-116.06338337,49.23705197],[-116.06335755,49.23721967],[-116.06331377,49.23740873],[-116.06330436,49.23743721],[-116.06325332,49.23758676],[-116.06319014,49.23775944],[-116.06317488,49.23781677],[-116.06314245,49.2379364],[-116.06313295,49.23799942],[-116.06311883,49.23808879],[-116.06311505,49.23811549],[-116.06310296,49.2382953],[-116.06308895,49.23847475],[-116.06308751,49.23865491],[-116.06308239,49.23870797],[-116.06307039,49.2388219],[-116.06303844,49.23894545],[-116.06302036,49.23901132],[-116.06299948,49.23912241],[-116.06298693,49.2391897],[-116.06297982,49.23926697],[-116.06297449,49.23932643],[-116.06297049,49.23936951],[-116.06297042,49.23953935],[-116.06298638,49.23972877],[-116.06300564,49.23990822],[-116.06301865,49.24008802],[-116.06303433,49.24018914],[-116.06304465,49.24025573],[-116.06310657,49.24044265],[-116.06315786,49.24061925],[-116.06319479,49.24079764],[-116.06320892,49.24083289],[-116.06325922,49.24095964],[-116.06332151,49.24108105],[-116.06335361,49.24114158],[-116.06337706,49.24120888],[-116.06341493,49.24131712],[-116.06342152,49.24136447],[-116.06343116,49.24143355],[-116.06343936,49.24149621],[-116.06343929,49.24167602],[-116.06343115,49.24174402],[-116.06341737,49.24185511],[-116.06338644,49.24203385],[-116.06337959,49.24206946],[-116.06335217,49.24222185],[-116.06337123,49.24238171],[-116.06342514,49.24257149],[-116.0634869,49.2426103],[-116.06361825,49.24269148],[-116.06384818,49.2427958],[-116.0640554,49.24291437],[-116.06423837,49.2430486],[-116.06441687,49.24318604],[-116.0646075,49.24331564],[-116.06480892,49.24343776],[-116.06501169,49.24355954],[-116.0652097,49.24368415],[-116.06540666,49.24380948],[-116.06560126,49.24393659],[-116.06579168,49.24406727],[-116.06596006,49.24420897],[-116.06607434,49.24437454],[-116.06610742,49.2445515],[-116.0661101,49.2447313],[-116.06610325,49.24484417],[-116.06609894,49.24491218],[-116.06607955,49.24509234],[-116.06601069,49.24527535],[-116.06597415,49.24543522],[-116.06618286,49.24555556],[-116.06640291,49.24567377],[-116.06657243,49.24581619],[-116.06671554,49.24596965],[-116.06681261,49.24613949],[-116.0669559,49.24629117],[-116.06713019,49.24643074],[-116.06731588,49.24656426],[-116.06751981,49.24668674],[-116.06777224,49.2467519],[-116.06804252,49.24679356],[-116.06828826,49.24687118],[-116.06852848,49.24695805],[-116.06876596,49.24704956],[-116.0690014,49.24714391],[-116.06923419,49.24723969],[-116.0693131,49.24727743],[-116.06945497,49.24734544],[-116.06965411,49.24747006],[-116.06986135,49.24760322],[-116.06990104,49.24763171],[-116.07003519,49.24772891],[-116.0702047,49.24787062],[-116.07036836,49.24801517],[-116.07053413,49.24815831],[-116.0707018,49.24830108],[-116.07086812,49.24844422],[-116.07103364,49.24858771],[-116.07119971,49.2487312],[-116.07136604,49.24887433],[-116.07153291,49.24901746],[-116.07170109,49.24915953],[-116.07187142,49.24930088],[-116.07199938,49.24940449],[-116.07203642,49.2494344],[-116.07222529,49.24957575],[-116.07237482,49.24967972],[-116.0724139,49.24970678],[-116.07260275,49.24983745],[-116.07278395,49.24997275],[-116.07282617,49.25000764],[-116.07286241,49.25003791],[-116.07295374,49.2501141],[-116.07311343,49.25026044],[-116.07326543,49.25041069],[-116.07341179,49.25056273],[-116.07344045,49.25059905],[-116.07350689,49.25068414],[-116.0735373,49.2507226],[-116.07358134,49.25079167],[-116.07365307,49.2508992],[-116.07378582,49.25104126],[-116.07396605,49.2511787],[-116.07409864,49.25133323],[-116.0741141,49.25139803],[-116.07414085,49.25151125],[-116.07414282,49.25169141],[-116.07412976,49.25187122],[-116.07410986,49.25205067],[-116.07409979,49.25214823],[-116.0740916,49.25223012],[-116.07408346,49.25240993],[-116.07409294,49.2525673],[-116.07412764,49.25276812],[-116.07417637,49.25294543],[-116.0742343,49.25312132],[-116.07429492,49.2532965],[-116.07435658,49.25348093],[-116.0744801,49.25363368],[-116.07453083,49.25377681],[-116.0745457,49.25396872],[-116.07463396,49.25414034],[-116.07471542,49.25431232],[-116.07441362,49.25444263],[-116.07426556,49.25458149],[-116.07424775,49.25461567],[-116.07421,49.25472605],[-116.07419605,49.25476628],[-116.07419489,49.25493861],[-116.07416153,49.25513622],[-116.07410075,49.25524446],[-116.07407258,49.25529395],[-116.07395287,49.25544278],[-116.07384178,49.2556201],[-116.07375746,49.25575219],[-116.07373608,49.25578602],[-116.07362238,49.25595016],[-116.07351115,49.25611465],[-116.07339,49.25626704],[-116.07320228,49.25640875],[-116.07299813,49.2565291],[-116.0727769,49.25663591],[-116.07255479,49.25674166],[-116.0724868,49.25679649],[-116.07238113,49.25688123],[-116.07227684,49.25699695],[-116.07224158,49.25703647],[-116.07211398,49.25719563],[-116.07208241,49.25724298],[-116.07203595,49.25731277],[-116.07200413,49.25736048],[-116.071931,49.25748759],[-116.07190757,49.25752889],[-116.07189169,49.25755346],[-116.07184712,49.25762289],[-116.07180078,49.25769481],[-116.07172514,49.25779023],[-116.07168478,49.25784151],[-116.07151939,49.25800315],[-116.07143783,49.25806938],[-116.07139365,49.25810534],[-116.07134711,49.25814308],[-116.07115826,49.25827411],[-116.0711101,49.25830188],[-116.07102115,49.25835244],[-116.07095127,49.25839232],[-116.07073465,49.25849878],[-116.07059016,49.25857675],[-116.07051965,49.25861521],[-116.0703273,49.25872665],[-116.07010822,49.25885341],[-116.06990009,49.2589709],[-116.06986387,49.25898728],[-116.06971419,49.25905493],[-116.06967397,49.25907309],[-116.06957106,49.25911261],[-116.06943716,49.25916424],[-116.06933582,49.25922299],[-116.06923133,49.25928387],[-116.06903905,49.25941205],[-116.06882287,49.25950641],[-116.06855827,49.25958296],[-116.06842629,49.25965025],[-116.06834823,49.25969013],[-116.06828129,49.25971363],[-116.06809638,49.25977558],[-116.06791556,49.25984252],[-116.06785967,49.25986353],[-116.06765366,49.25998494],[-116.06746542,49.26010208],[-116.06742455,49.26012345],[-116.06723364,49.26021602],[-116.06709947,49.26029328],[-116.06703699,49.26032889],[-116.06687369,49.26048377],[-116.06673468,49.26063901],[-116.06659377,49.26080457],[-116.0665511,49.26092492],[-116.06653741,49.2609648],[-116.06671455,49.26101251],[-116.06690791,49.26121581],[-116.06709559,49.26129237],[-116.06713961,49.26130946],[-116.06720139,49.26133224],[-116.06739408,49.26140559],[-116.06758708,49.26151525],[-116.06778278,49.26165483],[-116.06781992,49.26168616],[-116.0679414,49.26178977],[-116.06809652,49.26195106],[-116.06812016,49.2619799],[-116.06821906,49.26209989],[-116.06825537,49.2621768],[-116.06828798,49.26224587],[-116.06830001,49.26227187],[-116.06830882,49.26245167],[-116.06830742,49.26248657],[-116.06830365,49.26256917],[-116.06830072,49.26263148],[-116.06828965,49.26276108],[-116.06828578,49.26281093],[-116.06827004,49.26299074],[-116.06828467,49.26302456],[-116.06832941,49.26312639],[-116.06834612,49.26316342],[-116.06846052,49.26329765],[-116.0684803,49.26332044],[-116.06849176,49.26335106],[-116.06854639,49.26349491],[-116.06859165,49.26367258],[-116.06863662,49.26384989],[-116.06865496,49.26394282],[-116.06866794,49.26401189],[-116.06867379,49.26406495],[-116.06868883,49.2642184],[-116.0687369,49.26435157],[-116.06874814,49.26438326],[-116.0688927,49.26441316],[-116.06901021,49.26443738],[-116.06909906,49.26444592],[-116.069282,49.26446408],[-116.06935452,49.26447334],[-116.06953281,49.26449648],[-116.06969724,49.26454597],[-116.069811,49.26458158],[-116.06997241,49.2646154],[-116.07005961,49.26463392],[-116.07034464,49.26467344],[-116.07059702,49.26469445],[-116.07088738,49.2646859],[-116.07097704,49.26471474],[-116.07112194,49.26476103],[-116.07133927,49.26487105],[-116.07138054,49.26489277],[-116.07146701,49.26493834],[-116.07155349,49.26498392],[-116.07176298,49.26510035],[-116.07198319,49.26520787],[-116.07216658,49.26534104],[-116.07239775,49.26543931],[-116.07261901,49.26554612],[-116.07282724,49.26565899],[-116.0729923,49.2658064],[-116.07313696,49.26593956],[-116.07330876,49.2661005],[-116.0734012,49.26617064],[-116.07347917,49.26623046],[-116.07360986,49.26629668],[-116.07370821,49.26634475],[-116.0737727,49.26638213],[-116.07390557,49.26645833],[-116.07405627,49.26661748],[-116.07413826,49.26669617],[-116.07421106,49.26676631],[-116.07438259,49.26690696],[-116.07442287,49.26692547],[-116.07453003,49.26697496],[-116.07460725,49.26701057],[-116.07481818,49.26707216],[-116.07485837,49.26708391],[-116.07491157,49.26710421],[-116.07509594,49.26717399],[-116.07530467,49.26729078],[-116.07531634,49.2673303],[-116.07535758,49.26746774],[-116.07536725,49.26763722],[-116.07539816,49.26782593],[-116.07552001,49.26787471],[-116.07592717,49.26788681],[-116.07620126,49.267895],[-116.076313,49.26791814],[-116.07646337,49.26794912],[-116.07657685,49.26798437],[-116.076712,49.26802674],[-116.07695622,49.26810828],[-116.07709797,49.26813142],[-116.07722295,49.26815207],[-116.07748475,49.26817521],[-116.07776683,49.26820512],[-116.07803732,49.26823752],[-116.07823717,49.26827562],[-116.0782945,49.2682863],[-116.07852681,49.26838991],[-116.07873559,49.26850741],[-116.07894514,49.26862384],[-116.07903373,49.26867796],[-116.079135,49.26873956],[-116.07918366,49.2687716],[-116.07933795,49.26887521],[-116.07939968,49.26891189],[-116.07952707,49.26898737],[-116.07960601,49.2690244],[-116.07977809,49.2691038],[-116.07991053,49.26919673],[-116.07995562,49.26922842],[-116.08009133,49.26937191],[-116.08027719,49.26951931],[-116.08047752,49.26964179],[-116.08056222,49.26966921],[-116.08072437,49.26972119],[-116.08094227,49.26976997],[-116.08098479,49.26977923],[-116.08124153,49.26984474],[-116.08147555,49.26991916],[-116.08160851,49.27008722],[-116.08166315,49.27013386],[-116.08177585,49.27022999],[-116.0819304,49.27037847],[-116.08199065,49.27041799],[-116.08208313,49.27047816],[-116.08212497,49.27050522],[-116.08237237,49.27058462],[-116.08262882,49.27064978],[-116.08283722,49.27070425],[-116.08288401,49.27071672],[-116.08312956,49.27079718],[-116.08318177,49.27082424],[-116.08328449,49.27087694],[-116.08334566,49.27090827],[-116.08352428,49.27103752],[-116.08373537,49.27116178],[-116.08377247,49.27118172],[-116.08394702,49.27127607],[-116.08397295,49.27129637],[-116.08412127,49.27141529],[-116.08422079,49.27150466],[-116.08428073,49.27155842],[-116.08438635,49.27162928],[-116.08447606,49.27168874],[-116.08451865,49.27170939],[-116.0846974,49.27179555],[-116.0849314,49.2718892],[-116.08495505,49.2719127],[-116.08498881,49.27194652],[-116.08508227,49.27203981],[-116.08518113,49.27220751],[-116.08518823,49.272278],[-116.08519934,49.27238731],[-116.08519488,49.27246102],[-116.08518864,49.27256712],[-116.08519107,49.2726572],[-116.08519372,49.27273624],[-116.08528005,49.27292922],[-116.08540072,49.2730663],[-116.08556265,49.27322439],[-116.08557934,49.27325537],[-116.08562882,49.27334759],[-116.08565371,49.27339387],[-116.08567173,49.27357012],[-116.08570644,49.27375206],[-116.08571973,49.27382078],[-116.08574096,49.27393044],[-116.08576973,49.27407322],[-116.08577712,49.27410883],[-116.08581273,49.27428721],[-116.08582475,49.27431249],[-116.08588652,49.27444494],[-116.08594927,49.27455532],[-116.08599138,49.27462724],[-116.08599626,49.27467174],[-116.08601041,49.27480669],[-116.08602315,49.27497581],[-116.0860774,49.27517556],[-116.08613404,49.27533899],[-116.08615445,49.27537317],[-116.08621335,49.27547286],[-116.08623293,49.27550669],[-116.08635325,49.27566193],[-116.08645438,49.27583568],[-116.08651894,49.27595887],[-116.08654358,49.27600552],[-116.08662928,49.27617642],[-116.08670528,49.27634946],[-116.08679178,49.27652001],[-116.08683958,49.27657093],[-116.08693576,49.27667347],[-116.08711108,49.27680129],[-116.08732213,49.27692876],[-116.08755494,49.27704483],[-116.08777061,49.2771367],[-116.08784284,49.27715023],[-116.08798869,49.27717764],[-116.08803445,49.27718619],[-116.08826065,49.27718583],[-116.08830947,49.27718547],[-116.08857887,49.27722179],[-116.08880632,49.27728944],[-116.08900126,49.27743649],[-116.08911831,49.27758639],[-116.08920848,49.27776869],[-116.08922603,49.2778253],[-116.08924258,49.27787871],[-116.08926257,49.27794493],[-116.08929738,49.27811299],[-116.08933904,49.27830134],[-116.08934414,49.27834478],[-116.08934768,49.27837967],[-116.08935865,49.27848079],[-116.08934502,49.27853598],[-116.08932054,49.27863247],[-116.08931429,49.27865811],[-116.08919694,49.27881299],[-116.08912544,49.27893796],[-116.0890968,49.27898817],[-116.08901779,49.2791605],[-116.08889839,49.27932286],[-116.08882681,49.27949625],[-116.0887866,49.27967464],[-116.08875718,49.27985551],[-116.08874359,49.28003639],[-116.08876961,49.28021299],[-116.08878749,49.28025073],[-116.0888518,49.28038888],[-116.08899127,49.28054412],[-116.08917872,49.28067336],[-116.08939515,49.28078872],[-116.0896282,49.28088842],[-116.0898736,49.28096461],[-116.09013847,49.28101731],[-116.09040464,49.28106894],[-116.09065742,49.28114015],[-116.09090146,49.2812313],[-116.09110034,49.28134986],[-116.09123365,49.28150688],[-116.09126269,49.28155886],[-116.09132986,49.28167921],[-116.09140806,49.28185154],[-116.09146277,49.2820285],[-116.09148166,49.28220902],[-116.09147236,49.2823931],[-116.09150891,49.28256721],[-116.09161493,49.28273419],[-116.09165147,49.28277336],[-116.09176311,49.28289335],[-116.09194986,49.28302438],[-116.0921716,49.28312158],[-116.09242038,49.2831992],[-116.09268223,49.28326614],[-116.09294442,49.28332951],[-116.09320149,49.28339396],[-116.09346109,49.28345484],[-116.09372337,49.28350968],[-116.09398878,49.28355703],[-116.09425667,49.28359477],[-116.09452769,49.28362504],[-116.09480034,49.28364996],[-116.09507366,49.28367239],[-116.09534724,49.28369447],[-116.09562113,49.28371227],[-116.09589622,49.28372687],[-116.09617126,49.28374075],[-116.09644486,49.2837582],[-116.09671583,49.28378241],[-116.09697635,49.28383511],[-116.09722653,49.28391308],[-116.09748137,49.28398145],[-116.09768156,49.28403379],[-116.09773638,49.28404803],[-116.09800108,49.28409716],[-116.09827318,49.28412209],[-116.09836691,49.28410927],[-116.09854247,49.28408577],[-116.09879964,49.28402275],[-116.09906049,49.28401669],[-116.0993121,49.28404126],[-116.09935189,49.28404518],[-116.09956426,49.28405586],[-116.09962064,49.28405871],[-116.09979226,49.28405301],[-116.09985546,49.28405088],[-116.09989552,49.28404981],[-116.10016945,49.28403841],[-116.10044109,49.28401029],[-116.10064014,49.28399213],[-116.10071373,49.28398536],[-116.10083424,49.28398323],[-116.10097386,49.28398109],[-116.10126099,49.28400637],[-116.10153105,49.28403877],[-116.10180831,49.28410784],[-116.10196849,49.28423638],[-116.10205537,49.28429762],[-116.10209909,49.28432824],[-116.10215587,49.28436812],[-116.10231434,49.28451517],[-116.10236896,49.28458033],[-116.10240863,49.28462661],[-116.10244745,49.28467254],[-116.10255026,49.28483953],[-116.10257089,49.28487727],[-116.10259978,49.28493104],[-116.10264201,49.28500901],[-116.10272595,49.28518027],[-116.10289908,49.28546939],[-116.10300109,49.28563673],[-116.1030568,49.28573643],[-116.10308975,49.28579446],[-116.10316382,49.28597961],[-116.10317424,49.28601023],[-116.10318448,49.28604263],[-116.10322154,49.2861555],[-116.10324236,49.28623597],[-116.10326369,49.28632107],[-116.10329651,49.28650052],[-116.10331134,49.28657636],[-116.10333454,49.28669029],[-116.10336161,49.28680494],[-116.10337198,49.28684945],[-116.10342859,49.28704456],[-116.10344042,49.28707091],[-116.10348426,49.28716811],[-116.10350633,49.28721689],[-116.10354822,49.28729843],[-116.10359764,49.28739777],[-116.10364362,49.28751883],[-116.10365967,49.28756226],[-116.1037122,49.28772783],[-116.10375056,49.28783429],[-116.10378356,49.28792294],[-116.10380353,49.28798312],[-116.10383966,49.28808887],[-116.1038993,49.2882644],[-116.10395814,49.28844029],[-116.10401724,49.28861582],[-116.10403647,49.28867244],[-116.10407608,49.28879171],[-116.10413518,49.28896725],[-116.10419416,49.28914064],[-116.10425287,49.28931903],[-116.10428163,49.28938988],[-116.10431104,49.28946287],[-116.10432307,49.28949278],[-116.10440948,49.28966368],[-116.1044441,49.28972706],[-116.10449625,49.28982106],[-116.10452862,49.28987838],[-116.10460035,49.29000087],[-116.1046811,49.29017284],[-116.10476051,49.29034517],[-116.1048682,49.29051073],[-116.10488602,49.29054171],[-116.10494749,49.29064639],[-116.10496648,49.29067879],[-116.10503698,49.2908529],[-116.10504637,49.29090417],[-116.10507059,49.29103128],[-116.10507543,49.29113347],[-116.10507739,49.29118367],[-116.10507863,49.29121109],[-116.10506484,49.29139089],[-116.10505877,49.29151302],[-116.10505595,49.2915707],[-116.10505509,49.29176226],[-116.10506504,49.29192711],[-116.10507244,49.29211012],[-116.10507265,49.29219272],[-116.10507339,49.29228993],[-116.10505293,49.2924676],[-116.10487317,49.29283932],[-116.10532271,49.29282899],[-116.10557994,49.29282579],[-116.10586945,49.2927795],[-116.10614531,49.29275778],[-116.10641304,49.29271755],[-116.10664953,49.29264064],[-116.10690725,49.29255768],[-116.10714317,49.29246546],[-116.10737963,49.29237324],[-116.10761525,49.29228067],[-116.10785142,49.2921881],[-116.108087,49.29209481],[-116.10832199,49.29200081],[-116.1085567,49.29190646],[-116.10879056,49.29181175],[-116.10902354,49.29171597],[-116.10925594,49.29161948],[-116.10948666,49.29152228],[-116.10971679,49.29142436],[-116.10994576,49.29132503],[-116.11016953,49.2912207],[-116.1103815,49.29110534],[-116.11058291,49.29098179],[-116.11077616,49.29085361],[-116.11096803,49.29072045],[-116.11114276,49.29057838],[-116.11127344,49.29042457],[-116.11131861,49.29024975],[-116.11133161,49.29006567],[-116.11139057,49.28988835],[-116.11148117,49.28971567],[-116.11163051,49.28956862],[-116.11181507,49.28943652],[-116.1120167,49.28931191],[-116.11223764,49.28918622],[-116.11243975,49.28908011],[-116.11268925,49.28900178],[-116.11293715,49.28892416],[-116.11302365,49.28889924],[-116.11318889,49.28885189],[-116.11344418,49.28878459],[-116.1137016,49.28872121],[-116.11396056,49.28866104],[-116.11422128,49.288603],[-116.11448208,49.28854639],[-116.11474317,49.28849014],[-116.11500422,49.28843317],[-116.11526439,49.28837513],[-116.11552243,49.28831318],[-116.11577655,49.28824446],[-116.11602887,49.28817289],[-116.11628387,49.28810524],[-116.11654433,49.28804756],[-116.11682445,49.28800982],[-116.11708772,49.2880027],[-116.11730319,49.28801979],[-116.11736104,49.28802442],[-116.11763164,49.28805611],[-116.11790365,49.28808352],[-116.11817829,49.28808958],[-116.1184308,49.28804614],[-116.11865782,49.28793185],[-116.11882062,49.28778658],[-116.11895214,49.28762849],[-116.11906864,49.28746542],[-116.11918128,49.28730163],[-116.11930055,49.28713927],[-116.11941818,49.28697691],[-116.11952831,49.28681206],[-116.11963315,49.28664543],[-116.11973414,49.28647808],[-116.11983319,49.28631038],[-116.11993279,49.28614268],[-116.12003322,49.28597534],[-116.12009014,49.28588455],[-116.12013752,49.28580871],[-116.12024656,49.28564385],[-116.12036306,49.28548078],[-116.12048846,49.28532056],[-116.12061262,49.28517743],[-116.12077271,49.28501293],[-116.12082662,49.28496629],[-116.12093861,49.28486944],[-116.12113183,49.28474126],[-116.12134381,49.28462661],[-116.12156927,49.28452371],[-116.1218031,49.284429],[-116.12204215,49.28433999],[-116.12228384,49.28425418],[-116.12252612,49.28416909],[-116.12259729,49.28414345],[-116.12276692,49.28408221],[-116.12298606,49.28397361],[-116.12320424,49.28386252],[-116.12342208,49.28375037],[-116.12360674,49.28362041],[-116.12375003,49.28346802],[-116.12387727,49.28330673],[-116.12401349,49.28314971],[-116.12416945,49.28299945],[-116.12433095,49.28285062],[-116.12448058,49.2826993],[-116.12460176,49.28254193],[-116.12463677,49.28236604],[-116.12463722,49.28218196],[-116.12471067,49.28201034],[-116.1248232,49.28184442],[-116.12491121,49.28167458],[-116.12495627,49.28149762],[-116.12498315,49.28131782],[-116.12500621,49.28113801],[-116.12501832,49.28095749],[-116.12503429,49.28077769],[-116.12514584,49.28057937],[-116.12535541,49.28058399],[-116.12563442,49.2806253],[-116.12589908,49.28067372],[-116.1261623,49.2807257],[-116.12643022,49.28076879],[-116.1266994,49.28081009],[-116.12695554,49.28087204],[-116.12721058,49.28094859],[-116.12745381,49.28103867],[-116.1276641,49.28114976],[-116.12782764,49.28128898],[-116.12795958,49.28144885],[-116.12807773,49.28161583],[-116.12819863,49.28177819],[-116.12831869,49.2819402],[-116.128435,49.28210363],[-116.12854674,49.28226812],[-116.12865256,49.28243404],[-116.12875111,49.28260174],[-116.1288465,49.28277158],[-116.12893299,49.2829432],[-116.12900486,49.28311695],[-116.12905611,49.28329284],[-116.12908565,49.28347087],[-116.12910082,49.28365067],[-116.12910923,49.28383155],[-116.1291179,49.28401207],[-116.12913496,49.28419152],[-116.12924037,49.28443328],[-116.12938582,49.28443292],[-116.12966847,49.28437239],[-116.12991011,49.28428587],[-116.13015379,49.28420184],[-116.1304014,49.28412458],[-116.13056542,49.28409503],[-116.13066675,49.28407687],[-116.13093302,49.28403094],[-116.13119879,49.28398572],[-116.13146472,49.28393872],[-116.13172769,49.28388745],[-116.13198716,49.28382727],[-116.13224696,49.28376817],[-116.13250823,49.28371085],[-116.1327587,49.28368023],[-116.13296434,49.28365815],[-116.13304872,49.28364925],[-116.13320592,49.28362468],[-116.13331607,49.28360795],[-116.13358237,49.28356273],[-116.13384934,49.28351965],[-116.13411885,49.28348297],[-116.1344057,49.28345876],[-116.13466556,49.28344487],[-116.13493988,49.28343597],[-116.13521502,49.28343668],[-116.13548836,49.28345912],[-116.13576042,49.28346339],[-116.1360333,49.28343811],[-116.1363072,49.28341675],[-116.13658531,49.28340713],[-116.13687225,49.28339432],[-116.13713758,49.28341497],[-116.13735111,49.28351003],[-116.13752849,49.28365673],[-116.13770723,49.28379843],[-116.13789023,49.28393338],[-116.13805596,49.28407651],[-116.13820121,49.28422926],[-116.13833872,49.28438521],[-116.13847813,49.2845408],[-116.13862788,49.28469106],[-116.13881409,49.28482458],[-116.13899572,49.28495916],[-116.13911475,49.28512117],[-116.13922365,49.28528745],[-116.1393986,49.28542453],[-116.1396082,49.28554665],[-116.1397862,49.28567946],[-116.13983489,49.28585749],[-116.13994309,49.28602091],[-116.14009618,49.28617188],[-116.14026357,49.28631501],[-116.14044871,49.28644853],[-116.14065013,49.28657066],[-116.14086443,49.28668388],[-116.14107688,49.28679818],[-116.14128908,49.28691282],[-116.14148972,49.28703531],[-116.14167432,49.28716883],[-116.14186919,49.28729558],[-116.14207828,49.28741308],[-116.14220587,49.28747396],[-116.14230009,49.28751883],[-116.14252948,49.28761852],[-116.14275457,49.28773424],[-116.14287545,49.2877969],[-116.14296089,49.28784105],[-116.14308295,49.28788592],[-116.14320052,49.28792864],[-116.14346195,49.28798632],[-116.1434992,49.28799843],[-116.14370417,49.28806643],[-116.14393972,49.28818357],[-116.14409733,49.28821989],[-116.14417585,49.2882377],[-116.14432177,49.28822132],[-116.14443136,49.28820921],[-116.14469166,49.28812483],[-116.14488836,49.28806003],[-116.14493687,49.288044],[-116.14519366,49.28797991],[-116.14545463,49.28792223],[-116.14551926,49.28790657],[-116.14569671,49.28786348],[-116.14596282,49.28778551],[-116.14604297,49.28775952],[-116.14620916,49.2877054],[-116.14625178,49.28769151],[-116.14645554,49.287626],[-116.14669207,49.28755586],[-116.14695298,49.28747289],[-116.14720949,49.28738922],[-116.14740191,49.28734044],[-116.14745519,49.28732691],[-116.14766805,49.28727778],[-116.1477144,49.2872671],[-116.14796964,49.2871998],[-116.14801288,49.28718734],[-116.14822221,49.28712859],[-116.14829409,49.28710118],[-116.14845925,49.28703851],[-116.14870327,49.28693169],[-116.14886912,49.2869203],[-116.14895177,49.2869146],[-116.14899196,49.28694024],[-116.14912536,49.28702676],[-116.14925444,49.28720158],[-116.14931856,49.28725962],[-116.14941543,49.28734685],[-116.14963195,49.28747467],[-116.14977963,49.28751883],[-116.149864,49.28754375],[-116.15006553,49.28757971],[-116.15013058,49.2875911],[-116.15028319,49.28763063],[-116.15038595,49.28765733],[-116.15062534,49.28774527],[-116.15085579,49.28782966],[-116.15111819,49.28790443],[-116.15126075,49.28793505],[-116.15136293,49.28795641],[-116.15166831,49.28799451],[-116.1517351,49.28799807],[-116.1519237,49.28800769],[-116.15205984,49.28800662],[-116.15219899,49.28800591],[-116.15231637,49.28800128],[-116.15247352,49.28799522],[-116.15256817,49.28799415],[-116.15274823,49.28799273],[-116.15280709,49.28799594],[-116.15290894,49.28800163],[-116.15302255,49.28800768],[-116.1531795,49.28802727],[-116.15329246,49.28804115],[-116.15355703,49.28809136],[-116.15362789,49.28809919],[-116.15382673,49.28812127],[-116.15410195,49.28811806],[-116.15436321,49.28811913],[-116.15465206,49.28812055],[-116.1549156,49.28807462],[-116.15526989,49.28803617],[-116.1553213,49.28801837],[-116.15551283,49.28793469],[-116.15571484,49.28787701],[-116.15576022,49.28786384],[-116.15604294,49.28783393],[-116.15617,49.28783642],[-116.15630637,49.28783963],[-116.15639537,49.2878496],[-116.1565791,49.28786989],[-116.15684968,49.2879055],[-116.15688949,49.28790479],[-116.15696915,49.28790407],[-116.15713006,49.28790194],[-116.15719899,49.28787559],[-116.15731122,49.28783286],[-116.15735611,49.28781577],[-116.15751713,49.28766516],[-116.15756555,49.28761852],[-116.15767295,49.2875142],[-116.15783709,49.28737071],[-116.15787711,49.28735433],[-116.15806838,49.28727564],[-116.15831322,49.28718378],[-116.15846266,49.28721547],[-116.15856623,49.28723719],[-116.15869247,49.28727849],[-116.15881648,49.28731908],[-116.15906169,49.28740346],[-116.1591095,49.28740916],[-116.15921259,49.28742234],[-116.15932748,49.28743658],[-116.15960561,49.28742696],[-116.15971793,49.28741023],[-116.15987248,49.28738709],[-116.16012542,49.28734222],[-116.16041012,49.28730413],[-116.16047752,49.28730377],[-116.16059677,49.28730341],[-116.16068353,49.2873027],[-116.16081182,49.28732727],[-116.16093324,49.28735077],[-116.16110737,49.28741379],[-116.16119736,49.28744619],[-116.16137083,49.28748785],[-116.16144389,49.28750565],[-116.16163561,49.28754161],[-116.16170897,49.28755514],[-116.16197059,49.28761104],[-116.16200684,49.28762457],[-116.1622087,49.28770006],[-116.16236188,49.28776415],[-116.16244154,49.28779726],[-116.16269212,49.28789945],[-116.16280104,49.28791903],[-116.16294193,49.28794431],[-116.16302036,49.28793149],[-116.16315668,49.28790941],[-116.16319671,49.28790301],[-116.16340977,49.28778978],[-116.16366407,49.28770611],[-116.1637388,49.28769543],[-116.16385171,49.28767941],[-116.16392996,49.28766837],[-116.16420675,49.28767371],[-116.16447559,49.28771715],[-116.16451522,49.28771821],[-116.16468002,49.28772213],[-116.16474561,49.28772356],[-116.16492755,49.28769258],[-116.16499812,49.28768083],[-116.16526993,49.28761247],[-116.16533018,49.2875968],[-116.16552657,49.28754624],[-116.16559736,49.28753342],[-116.1657265,49.28750992],[-116.16579077,49.28749782],[-116.16601218,49.28748429],[-116.16605787,49.28748144],[-116.16633705,49.28750494],[-116.16652873,49.28752096],[-116.16661102,49.28752808],[-116.16676252,49.28752844],[-116.16686652,49.28752879],[-116.1669336,49.28752274],[-116.1670683,49.28750601],[-116.16710118,49.28752274],[-116.16724951,49.28759751],[-116.16732337,49.28778408],[-116.16744218,49.28794502],[-116.16747505,49.28798098],[-116.16752398,49.28803047],[-116.16759925,49.28810667],[-116.16775712,49.28824873],[-116.16792753,49.28839543],[-116.16804804,49.28849939],[-116.16809367,49.28853892],[-116.16825797,49.28868347],[-116.16827874,49.28870804],[-116.16836704,49.28881201],[-116.16839129,49.28884014],[-116.16850321,49.28899003],[-116.16865692,49.28915489],[-116.16870074,49.28919619],[-116.16881378,49.289303],[-116.16898026,49.28944756],[-116.16902557,49.28950061],[-116.1691048,49.28959354],[-116.16915996,49.28972421],[-116.16918103,49.28977833],[-116.16922859,49.28982284],[-116.16933778,49.28992432],[-116.16951187,49.29006816],[-116.16965631,49.29021841],[-116.16976523,49.2903441],[-116.16979183,49.29037508],[-116.16992092,49.29053388],[-116.16995579,49.29058088],[-116.17004123,49.29069659],[-116.17006722,49.29075071],[-116.17011803,49.29085753],[-116.17013567,49.29096648],[-116.17014623,49.29104695],[-116.17018146,49.29112421],[-116.17022449,49.29121892],[-116.17033813,49.29139873],[-116.17044785,49.29154791],[-116.17056893,49.29170956],[-116.17067983,49.29187477],[-116.17070207,49.29192034],[-116.17073083,49.29197981],[-116.17076322,49.29204568],[-116.17081924,49.29222975],[-116.17079361,49.29248041],[-116.17083647,49.29258153],[-116.17084476,49.29276134],[-116.17085825,49.2929415],[-116.17085204,49.2929764],[-116.17083469,49.29307467],[-116.17082712,49.29311917],[-116.1707565,49.29329862],[-116.17068969,49.2934681],[-116.17067923,49.29350513],[-116.17066001,49.29357528],[-116.17064079,49.29364542],[-116.17062704,49.29376398],[-116.17062011,49.29382451],[-116.17063823,49.29400432],[-116.17064769,49.29409404],[-116.17065715,49.29418377],[-116.17066267,49.29425213],[-116.17066729,49.29430946],[-116.17067226,49.29436322],[-116.17067571,49.29455371],[-116.17065476,49.29472319],[-116.1706379,49.29476769],[-116.17060398,49.29485778],[-116.17058983,49.29489694],[-116.17048862,49.29507105],[-116.17040851,49.29523697],[-116.17038504,49.29529002],[-116.17035546,49.29535554],[-116.17033124,49.29540966],[-116.17025645,49.2955827],[-116.17028396,49.29579313],[-116.17015639,49.29592593],[-116.17001746,49.29609933],[-116.16996751,49.29618585],[-116.16993699,49.29623962],[-116.16992085,49.29626774],[-116.16987153,49.29633183],[-116.16979758,49.29642832],[-116.16963613,49.29658961],[-116.16948515,49.29672385],[-116.16930179,49.29685986],[-116.16926248,49.29690294],[-116.16917151,49.29700264],[-116.16913157,49.29707812],[-116.1690804,49.29718636],[-116.16905477,49.29721093],[-116.16897619,49.29728855],[-116.16893015,49.29733341],[-116.16876482,49.29744556],[-116.16873748,49.29746408],[-116.1685354,49.29757339],[-116.16842291,49.29776031],[-116.16841323,49.29779165],[-116.16839014,49.29786571],[-116.16836942,49.29793336],[-116.16837542,49.29811565],[-116.16838339,49.29829902],[-116.16840727,49.29833],[-116.168476,49.29842008],[-116.16850255,49.29845497],[-116.16858747,49.29851764],[-116.16868979,49.29859348],[-116.16871072,49.29862552],[-116.16876817,49.29871382],[-116.16879303,49.29875263],[-116.1687874,49.29893671],[-116.16876584,49.29906631],[-116.16875699,49.29912186],[-116.16874087,49.29924149],[-116.16873383,49.29929526],[-116.16873674,49.29949037],[-116.16879272,49.29961998],[-116.16880493,49.29964739],[-116.168877,49.29981046],[-116.16889434,49.29999988],[-116.1687782,49.30027582],[-116.16874532,49.30033137],[-116.16854841,49.30042109],[-116.16836656,49.3005596],[-116.16832224,49.30062511],[-116.16827443,49.30069632],[-116.16825884,49.30071982],[-116.16826261,49.30087221],[-116.16825946,49.3009128],[-116.16823366,49.30098223],[-116.16819839,49.3010773],[-116.16811317,49.30124892],[-116.16802229,49.30143157],[-116.16793851,49.30159037],[-116.16788655,49.30169897],[-116.16785627,49.30176163],[-116.16782891,49.3018948],[-116.16781743,49.30194713],[-116.16777355,49.30210665],[-116.16774611,49.3021807],[-116.16770118,49.30230247],[-116.16766401,49.30246946],[-116.16763161,49.3026482],[-116.16757124,49.3028248],[-116.16754985,49.30285186],[-116.16748514,49.30293304],[-116.16744564,49.30298254],[-116.16735775,49.30305481],[-116.16727117,49.30312602],[-116.16709739,49.30326239],[-116.16690557,49.30340802],[-116.16670031,49.30352872],[-116.16656228,49.30364088],[-116.16658815,49.30368752],[-116.16669242,49.3038068],[-116.16687221,49.30395278],[-116.16691763,49.3041219],[-116.16693777,49.3041543],[-116.16699213,49.30424082],[-116.16701981,49.30428569],[-116.16717447,49.3044363],[-116.16722472,49.30447475],[-116.1673084,49.3045392],[-116.16735265,49.30457302],[-116.16745997,49.30464031],[-116.1675404,49.30469087],[-116.16757777,49.304719],[-116.16762416,49.30475674],[-116.16772523,49.30483899],[-116.16786268,49.30499387],[-116.1678751,49.30504408],[-116.16791361,49.30518294],[-116.16798075,49.30528762],[-116.16801279,49.30533711],[-116.16804384,49.30535954],[-116.16815656,49.30544001],[-116.16819784,49.30546956],[-116.16829207,49.3055276],[-116.16839902,49.30559311],[-116.16842474,49.30561305],[-116.16845846,49.3056394],[-116.16857671,49.30573055],[-116.16873959,49.30587653],[-116.16878557,49.305931],[-116.16881747,49.30596839],[-116.16887309,49.3060339],[-116.16897184,49.3062041],[-116.16897663,49.30624504],[-116.16898662,49.30632409],[-116.16899332,49.30637927],[-116.1689504,49.30655979],[-116.1689475,49.30658543],[-116.16892849,49.30673996],[-116.16893171,49.30683929],[-116.16893434,49.30691869],[-116.16900749,49.3071042],[-116.16906943,49.30718466],[-116.16912312,49.30725445],[-116.16926735,49.30740827],[-116.16940675,49.3075635],[-116.16943395,49.30759982],[-116.16949338,49.30767922],[-116.16952766,49.3077248],[-116.16962873,49.3078925],[-116.16973279,49.30805984],[-116.16974018,49.30808868],[-116.16976718,49.308193],[-116.16977807,49.30823537],[-116.16978813,49.30841589],[-116.16981838,49.3086103],[-116.16988478,49.30876839],[-116.16994653,49.30891686],[-116.16995699,49.30894214],[-116.17000269,49.30912017],[-116.17000603,49.30918319],[-116.17001023,49.30926116],[-116.17001239,49.3092989],[-116.16998726,49.30935587],[-116.16993468,49.3094723],[-116.16983026,49.30963715],[-116.16985258,49.30968344],[-116.16991248,49.30980913],[-116.17005619,49.30996294],[-116.17010858,49.31001457],[-116.17020869,49.31011284],[-116.17037904,49.31026452],[-116.17044013,49.3103108],[-116.17054981,49.31039483],[-116.1706183,49.31048919],[-116.17077839,49.31062377],[-116.17107271,49.31080857],[-116.17119304,49.31098303],[-116.17129679,49.31112545],[-116.17146833,49.31128318],[-116.17156473,49.31134514],[-116.1716166,49.31137825],[-116.17166394,49.31140851],[-116.17188962,49.31151533],[-116.17206299,49.31157194],[-116.17212283,49.31159152],[-116.17228577,49.31160434],[-116.17242733,49.31161574],[-116.17257196,49.31164742],[-116.17266986,49.31166879],[-116.17292278,49.31176492],[-116.17307352,49.31187423],[-116.17309953,49.31189915],[-116.17313841,49.31196752],[-116.17318727,49.31205261],[-116.17332335,49.31221568],[-116.17346089,49.31238517],[-116.17349219,49.31252118],[-116.17349904,49.31255002],[-116.17358336,49.31269137],[-116.17371333,49.31281456],[-116.17398649,49.31284447],[-116.17403025,49.31285515],[-116.17417892,49.3128904],[-116.1742307,49.31290286],[-116.17431249,49.31299081],[-116.17437541,49.31305917],[-116.17440699,49.31318557],[-116.1744204,49.31323827],[-116.174432,49.31326426],[-116.17448292,49.31338033],[-116.17449611,49.31341024],[-116.17465936,49.31356121],[-116.17488365,49.3136577],[-116.17513426,49.31374635],[-116.17540077,49.31376024],[-116.17547679,49.31377163],[-116.17564506,49.3137962],[-116.17590212,49.31389732],[-116.1759809,49.31395642],[-116.1760457,49.3140052],[-116.17607768,49.31402941],[-116.17615011,49.31421065],[-116.17621121,49.31438475],[-116.17623168,49.31440825],[-116.17630324,49.31448908],[-116.17634645,49.3145375],[-116.17653007,49.31467672],[-116.17670504,49.31481273],[-116.17689088,49.31495729],[-116.17704922,49.31509366],[-116.17715976,49.3151873],[-116.17721318,49.31523287],[-116.17741081,49.3153639],[-116.17753118,49.31542906],[-116.17758219,49.31545647],[-116.17762304,49.31547819],[-116.17785563,49.31557611],[-116.17789847,49.31558501],[-116.17811903,49.31563058],[-116.17840264,49.31568506],[-116.17857765,49.31579793],[-116.17872974,49.31596313],[-116.17875153,49.31600942],[-116.17880659,49.31612585],[-116.17882111,49.31620703],[-116.17883213,49.31626542],[-116.1788391,49.31630566],[-116.17883896,49.316379],[-116.17883916,49.31649116],[-116.17884171,49.31660154],[-116.17884737,49.31668058],[-116.17889616,49.31684436],[-116.17894233,49.31701954],[-116.17895611,49.31705016],[-116.17899232,49.31712849],[-116.17902136,49.31719152],[-116.17912705,49.31734747],[-116.17926193,49.31751695],[-116.17935217,49.31759457],[-116.17941681,49.31764975],[-116.17964254,49.31777046],[-116.17986506,49.31787798],[-116.18009786,49.31799335],[-116.18031729,49.31808521],[-116.18066236,49.31813007],[-116.18066926,49.3183437],[-116.18078373,49.31847651],[-116.18080508,49.31850108],[-116.18096832,49.31864599],[-116.18111855,49.31878307],[-116.18128123,49.31894187],[-116.18140828,49.31906542],[-116.18143489,49.31909106],[-116.18162012,49.31922422],[-116.18179376,49.3193645],[-116.18184784,49.31939762],[-116.18195117,49.31946064],[-116.18199308,49.31948627],[-116.18222466,49.3195849],[-116.18245191,49.31968887],[-116.18259266,49.31977076],[-116.18265569,49.31980743],[-116.18280373,49.3199584],[-116.18294416,49.32011471],[-116.18296956,49.32013821],[-116.18310263,49.32026175],[-116.18314536,49.32030626],[-116.18322704,49.32039136],[-116.18324857,49.32041415],[-116.18336997,49.32057651],[-116.18351649,49.32073424],[-116.18360478,49.32089553],[-116.18367356,49.32107355],[-116.18368916,49.32114476],[-116.18371234,49.32124766],[-116.18374045,49.32138368],[-116.18374973,49.32142605],[-116.18376668,49.3214969],[-116.18378409,49.32157096],[-116.183792,49.32160372],[-116.1838378,49.32178103],[-116.18385539,49.32184405],[-116.18388688,49.32195834],[-116.18391144,49.32202386],[-116.18395831,49.3221442],[-116.18405303,49.32231262],[-116.18405907,49.32241658],[-116.18406296,49.32247889],[-116.18402602,49.32266119],[-116.18398653,49.32283708],[-116.18398456,49.32288301],[-116.18398048,49.32297274],[-116.18397809,49.32301618],[-116.18401132,49.32320738],[-116.18401697,49.32323871],[-116.18404366,49.32337365],[-116.18408216,49.32355203],[-116.18412511,49.32373647],[-116.18416143,49.3238116],[-116.18420544,49.32390132],[-116.18422641,49.323938],[-116.1843029,49.32406973],[-116.18432359,49.32410605],[-116.18439739,49.3242385],[-116.1844179,49.32428586],[-116.18447884,49.32442258],[-116.18454019,49.32452406],[-116.18457288,49.32457889],[-116.18465095,49.32468606],[-116.18469133,49.32474161],[-116.18481163,49.32490325],[-116.18490523,49.32508484],[-116.18492797,49.32513754],[-116.18497557,49.32524684],[-116.1849832,49.32527462],[-116.18502384,49.3254238],[-116.18506992,49.32561002],[-116.18512731,49.32572787],[-116.18514879,49.32577309],[-116.18524529,49.32601841],[-116.18522367,49.32610208],[-116.18508596,49.32620925],[-116.18502137,49.32626337],[-116.18496353,49.32634883],[-116.18492103,49.32641185],[-116.18485177,49.32658738],[-116.18482633,49.3266618],[-116.1847862,49.32677466],[-116.18473034,49.32690356],[-116.18471611,49.32693596],[-116.18465845,49.32705274],[-116.18462625,49.32711897],[-116.18460827,49.32716205],[-116.18455864,49.32728062],[-116.18449123,49.32745508],[-116.1844263,49.3276299],[-116.18441749,49.32766159],[-116.18439183,49.32775559],[-116.18437788,49.32780686],[-116.18433816,49.32799236],[-116.18429777,49.32817573],[-116.1842702,49.3282886],[-116.18425714,49.32834094],[-116.18424071,49.32840111],[-116.18420818,49.3285179],[-116.18415686,49.32871052],[-116.18415229,49.32887573],[-116.18410782,49.32906871],[-116.18390537,49.32908687],[-116.18362543,49.32909257],[-116.18334558,49.32909969],[-116.18308068,49.32911037],[-116.18300175,49.32911535],[-116.18280528,49.32912817],[-116.18273067,49.3291417],[-116.18261635,49.32916271],[-116.18254094,49.32917659],[-116.18228011,49.32926632],[-116.18220905,49.32930798],[-116.18209154,49.32937741],[-116.18190723,49.32952873],[-116.18185542,49.32957715],[-116.18175983,49.32966652],[-116.18161889,49.3298214],[-116.18148379,49.32997807],[-116.1814297,49.33004821],[-116.18139567,49.33009236],[-116.18135958,49.33013865],[-116.18124791,49.33031774],[-116.18117497,49.3304769],[-116.18110399,49.33065101],[-116.18103494,49.33082547],[-116.181011,49.33086927],[-116.1809735,49.33093834],[-116.18094237,49.3309946],[-116.18080498,49.33117298],[-116.18067103,49.33130721],[-116.18053088,49.331424],[-116.18050119,49.33144892],[-116.18042088,49.33150055],[-116.18029621,49.33158315],[-116.18015711,49.3316946],[-116.18013205,49.33171454],[-116.17997233,49.33186123],[-116.17977936,49.33200472],[-116.17959335,49.33212221],[-116.17956455,49.33214358],[-116.17944727,49.33223117],[-116.17941216,49.3322568],[-116.1792471,49.33240563],[-116.17907473,49.33254164],[-116.17905307,49.33256372],[-116.17899474,49.33262211],[-116.1789251,49.33269261],[-116.17885522,49.33278732],[-116.17882283,49.33283147],[-116.17880588,49.33285461],[-116.17871675,49.33302659],[-116.17871113,49.33306611],[-116.178704,49.3331124],[-116.17869994,49.33314124],[-116.1787278,49.33328615],[-116.17874627,49.33338264],[-116.17883422,49.33354607],[-116.17890282,49.33372908],[-116.17893401,49.33378142],[-116.17899498,49.33388503],[-116.17912558,49.33398828],[-116.17919002,49.3340392],[-116.17928171,49.33414032],[-116.17932199,49.33418447],[-116.17940336,49.33432404],[-116.17942012,49.33435359],[-116.17944492,49.33440878],[-116.17950403,49.33453661],[-116.17958125,49.33466122],[-116.17960031,49.33469291],[-116.17971853,49.3348599],[-116.17981473,49.33502404],[-116.17986175,49.33511804],[-116.17988337,49.33516076],[-116.17990067,49.33519495],[-116.17996807,49.33537582],[-116.17997708,49.33542709],[-116.17999811,49.33554851],[-116.18000836,49.33564428],[-116.1800179,49.33572796],[-116.18002178,49.33576641],[-116.18003549,49.33590741],[-116.18003968,49.33593696],[-116.18004931,49.33600354],[-116.180061,49.3360865],[-116.18009331,49.33626524],[-116.18013378,49.33644327],[-116.1801745,49.33662094],[-116.18021816,49.33681605],[-116.18023322,49.33687729],[-116.18025734,49.33697663],[-116.18030357,49.33715502],[-116.18035187,49.33733126],[-116.18035744,49.33736117],[-116.18038444,49.33750964],[-116.18039377,49.33761753],[-116.18040042,49.33768909],[-116.18041022,49.33785644],[-116.18041741,49.33794652],[-116.18042695,49.33804871],[-116.1804438,49.33823848],[-116.18043758,49.33833284],[-116.18043322,49.33840761],[-116.18041602,49.33851051],[-116.18040355,49.3385867],[-116.18036972,49.33877398],[-116.18037292,49.33894525],[-116.18037214,49.33911366],[-116.1803519,49.33927637],[-116.18034806,49.33930415],[-116.18033134,49.33949428],[-116.18041034,49.33975598],[-116.1801737,49.33971824],[-116.17988869,49.33975491],[-116.1796158,49.33977912],[-116.17946248,49.33980654],[-116.17936622,49.33982363],[-116.17925998,49.33985247],[-116.17915724,49.33988024],[-116.17911179,49.3398927],[-116.17887237,49.33997068],[-116.17861105,49.34004331],[-116.1785659,49.34006076],[-116.17844301,49.34010847],[-116.17837571,49.34013482],[-116.17815212,49.34024056],[-116.17791899,49.34034667],[-116.17768957,49.34043675],[-116.17765122,49.34045847],[-116.17755468,49.34051294],[-116.17748275,49.34055353],[-116.17729231,49.34068421],[-116.17709789,49.34081203],[-116.17689174,49.34093095],[-116.1766839,49.34104916],[-116.17647948,49.3411695],[-116.17635964,49.34124143],[-116.17632189,49.34126386],[-116.17627677,49.34129127],[-116.1760752,49.34141376],[-116.17598753,49.34147037],[-116.17591563,49.3415163],[-116.17587875,49.3415398],[-116.17568827,49.34166976],[-116.17548543,49.34180791],[-116.17530647,49.34192932],[-116.1750988,49.34206426],[-116.17502854,49.34210557],[-116.17490757,49.34217678],[-116.17468481,49.34229677],[-116.17447673,49.34240145],[-116.17425687,49.3425104],[-116.17421873,49.34253568],[-116.17410457,49.34261116],[-116.17406378,49.34263786],[-116.17394789,49.34273507],[-116.17389423,49.34277993],[-116.17382608,49.34290384],[-116.17387819,49.34304697],[-116.17389091,49.34308222],[-116.17393902,49.34325953],[-116.17394628,49.34329015],[-116.17398359,49.3434372],[-116.17398765,49.34348776],[-116.17399514,49.34357357],[-116.17399874,49.3436163],[-116.17398497,49.3437961],[-116.17397995,49.34383171],[-116.17396364,49.3439403],[-116.17395859,49.3439752],[-116.17392892,49.34415429],[-116.17392335,49.34423618],[-116.17391515,49.34433873],[-116.17389992,49.34439569],[-116.17386952,49.34451106],[-116.17382002,49.34469193],[-116.17379486,49.34486853],[-116.17377623,49.34490948],[-116.17373963,49.34498888],[-116.17371687,49.34503873],[-116.17358578,49.34519824],[-116.17356357,49.34522031],[-116.17352665,49.34525699],[-116.17343476,49.34534885],[-116.17327055,49.3454934],[-116.17310634,49.34563796],[-116.17293763,49.34578038],[-116.17289503,49.3458135],[-116.17275933,49.34591782],[-116.1725723,49.34605063],[-116.17250473,49.34608659],[-116.17242446,49.34612967],[-116.17236088,49.34616385],[-116.17211959,49.34625215],[-116.1720347,49.3462817],[-116.17187644,49.34633689],[-116.17161463,49.34642021],[-116.17151944,49.34644656],[-116.17137615,49.34648679],[-116.17111258,49.34655408],[-116.17086212,49.34661675],[-116.17076756,49.34664452],[-116.17062869,49.34668547],[-116.17037246,49.34678018],[-116.17013603,49.34687239],[-116.16987282,49.3469785],[-116.16967162,49.34706573],[-116.16952988,49.34713231],[-116.16949292,49.34714976],[-116.16944797,49.34717077],[-116.16922499,49.34727794],[-116.16912289,49.34734025],[-116.16905826,49.34737977],[-116.16902475,49.34740007],[-116.16886368,49.34754711],[-116.16884673,49.34757489],[-116.16878582,49.34767316],[-116.16876163,49.34771268],[-116.16869301,49.34786115],[-116.16868161,49.34788572],[-116.16856295,49.34806161],[-116.16842464,49.3481727],[-116.16838881,49.34820011],[-116.16820349,49.34832046],[-116.1681817,49.34834966],[-116.16811756,49.34843475],[-116.1680861,49.34847605],[-116.16803958,49.34867046],[-116.16796885,49.34884813],[-116.16792003,49.349008],[-116.16789617,49.34908099],[-116.16786309,49.34918318],[-116.16774086,49.34934482],[-116.16770461,49.349379],[-116.16763568,49.34944309],[-116.16758337,49.34949223],[-116.16746255,49.34958943],[-116.16740931,49.34963216],[-116.16738391,49.34965566],[-116.16730564,49.34972829],[-116.16725068,49.34977885],[-116.16710499,49.34993195],[-116.16706882,49.34997219],[-116.16699295,49.35005764],[-116.16696654,49.35008719],[-116.16691544,49.35014772],[-116.16682182,49.35025667],[-116.16673102,49.35034853],[-116.16668463,49.35039624],[-116.16653302,49.35054614],[-116.16638788,49.35069925],[-116.1663364,49.35075799],[-116.16627189,49.35083205],[-116.1662514,49.35085555],[-116.16621877,49.35090469],[-116.16614112,49.3510204],[-116.16606709,49.35113719],[-116.16603529,49.35118668],[-116.1659155,49.35136186],[-116.16580207,49.3514733],[-116.1657739,49.35150072],[-116.16560038,49.35164065],[-116.16530391,49.35185535],[-116.1652746,49.35187742],[-116.16512249,49.351991],[-116.16494502,49.3521288],[-116.1649015,49.3521555],[-116.16483001,49.35219929],[-116.16474481,49.35225163],[-116.16453094,49.35236522],[-116.16435596,49.35245245],[-116.1643119,49.35247452],[-116.16408537,49.35257742],[-116.1640347,49.35259416],[-116.16392886,49.35263012],[-116.16384123,49.35265967],[-116.1635865,49.3527291],[-116.16353167,49.35274477],[-116.16333408,49.35280067],[-116.16319784,49.35284019],[-116.16308229,49.35287366],[-116.16302459,49.35289182],[-116.16283377,49.35295128],[-116.16276527,49.35297157],[-116.16259443,49.35302213],[-116.16253442,49.35303815],[-116.16232716,49.35309227],[-116.16225761,49.35311328],[-116.1621215,49.35315494],[-116.16207772,49.35316811],[-116.16188862,49.35323825],[-116.16182386,49.35326175],[-116.16167379,49.35331231],[-116.16159309,49.35333902],[-116.16131964,49.3534202],[-116.16108795,49.35348179],[-116.16092009,49.35352274],[-116.16084494,49.35354161],[-116.16074461,49.3535644],[-116.16056956,49.35360392],[-116.16053294,49.35361318],[-116.160366,49.3536559],[-116.16031323,49.35366943],[-116.16015289,49.35371287],[-116.16004823,49.353741],[-116.15979879,49.35379833],[-116.15970628,49.35382396],[-116.15958391,49.35385779],[-116.15954573,49.35386847],[-116.15930498,49.35395748],[-116.15919018,49.35401302],[-116.15911869,49.35404756],[-116.15908467,49.35406394],[-116.15889218,49.35419746],[-116.15870835,49.35431104],[-116.15855074,49.35438688],[-116.15847146,49.35442391],[-116.15843917,49.35444171],[-116.15837428,49.35447696],[-116.15825985,49.35453891],[-116.15805626,49.35466033],[-116.15799485,49.35470377],[-116.15793269,49.35474827],[-116.15787053,49.35479278],[-116.15770461,49.35493662],[-116.15765288,49.35498647],[-116.15758201,49.35505483],[-116.15754991,49.35508545],[-116.15741044,49.35523286],[-116.15724909,49.35538952],[-116.15720056,49.3554148],[-116.1569688,49.35553586],[-116.15676758,49.35559069],[-116.15675681,49.35561669],[-116.15673097,49.35567935],[-116.15671662,49.35571424],[-116.1568891,49.35588194],[-116.15691272,49.35590259],[-116.15700264,49.35598164],[-116.15705506,49.35602721],[-116.15721989,49.35617177],[-116.15726685,49.35621272],[-116.15738469,49.35631562],[-116.15758359,49.35643988],[-116.15777559,49.35657233],[-116.15797554,49.35670977],[-116.15814106,49.35683794],[-116.15833261,49.35696719],[-116.15850679,49.35711709],[-116.15853003,49.35714985],[-116.1586157,49.35727268],[-116.15870591,49.35743077],[-116.15874147,49.35749629],[-116.15880347,49.35761165],[-116.15883386,49.35766363],[-116.15889418,49.35776902],[-116.15901004,49.35794491],[-116.15907684,49.35804425],[-116.15912115,49.35810976],[-116.15923496,49.3582739],[-116.15926186,49.35832695],[-116.15930192,49.35840386],[-116.15932231,49.35844374],[-116.15938078,49.35861963],[-116.15943924,49.35879552],[-116.1594946,49.35896037],[-116.15955807,49.35914694],[-116.1595793,49.35920106],[-116.15960238,49.35925874],[-116.15962656,49.35932105],[-116.15971396,49.35951012],[-116.15981062,49.35967533],[-116.15988365,49.359806],[-116.1598974,49.35983056],[-116.15997207,49.36001678],[-116.16002601,49.36018056],[-116.1600374,49.36021154],[-116.1600955,49.36036714],[-116.16017543,49.36052665],[-116.160187,49.3605651],[-116.16020482,49.36062634],[-116.1602277,49.3607036],[-116.16023618,49.36088911],[-116.16013886,49.36102797],[-116.16007704,49.36122629],[-116.16003851,49.36129145],[-116.15997762,49.36139435],[-116.15996513,49.36141891],[-116.15989123,49.36156561],[-116.15982331,49.36173936],[-116.15980712,49.36191881],[-116.15980354,49.36209897],[-116.15980076,49.36227878],[-116.15979996,49.36234857],[-116.15979828,49.36245894],[-116.15980206,49.36263875],[-116.15980547,49.36269643],[-116.15981098,49.36278972],[-116.15981241,49.36281856],[-116.15982579,49.36295706],[-116.1598305,49.36300904],[-116.15983828,49.36317781],[-116.15983849,49.36320914],[-116.15983883,49.36330742],[-116.15983879,49.36335762],[-116.15983493,49.36353742],[-116.15983136,49.36371759],[-116.15983023,49.36389739],[-116.15982784,49.36394475],[-116.15982107,49.36406616],[-116.15979211,49.36425594],[-116.15977483,49.36437522],[-116.15976634,49.36443503],[-116.15974776,49.36459704],[-116.15974717,49.3646241],[-116.15976897,49.3647569],[-116.15977465,49.36479287],[-116.15982749,49.36496982],[-116.15988074,49.36510762],[-116.15990182,49.36515426],[-116.16000626,49.36531163],[-116.1600898,49.36548539],[-116.16007455,49.36565736],[-116.16002247,49.36584892],[-116.16001302,49.36593401],[-116.16000319,49.36601733],[-116.15999228,49.36619785],[-116.15999499,49.36637765],[-116.16000442,49.36644459],[-116.16000834,49.36647379],[-116.16001983,49.3665571],[-116.16007344,49.36673762],[-116.16014445,49.36684729],[-116.16017243,49.36689037],[-116.16037555,49.36702425],[-116.16057951,49.36714922],[-116.16068034,49.36723147],[-116.16076215,49.36729734],[-116.16088658,49.36738564],[-116.16093794,49.36742196],[-116.16109437,49.3675245],[-116.16113248,49.36754942],[-116.16132547,49.36767831],[-116.16152171,49.36780649],[-116.16170726,49.36793894],[-116.16177204,49.36799876],[-116.16183014,49.36805181],[-116.16186568,49.36808421],[-116.16193708,49.36819566],[-116.16197441,49.36825334],[-116.16210639,49.36842282],[-116.16225079,49.36849296],[-116.16230539,49.36851931],[-116.16252413,49.36861188],[-116.16272664,49.36874896],[-116.16282121,49.36881305],[-116.16291834,49.36887892],[-116.16312683,49.36901066],[-116.16321357,49.36905339],[-116.16333493,49.36911285],[-116.16347824,49.3691691],[-116.16355859,49.36920079],[-116.1636314,49.36922536],[-116.16381821,49.3692866],[-116.16386002,49.36930476],[-116.16396918,49.36935212],[-116.16404663,49.36938558],[-116.16426218,49.3694981],[-116.16432208,49.36953085],[-116.16447408,49.36961346],[-116.16470331,49.36973523],[-116.16478138,49.36976549],[-116.16492188,49.36982032],[-116.16513204,49.3698926],[-116.16518429,49.36991147],[-116.1653324,49.36997022],[-116.16540131,49.36999799],[-116.16550782,49.37004215],[-116.16564909,49.37010054],[-116.16580932,49.37016071],[-116.16587225,49.37018457],[-116.16611439,49.37027037],[-116.16635476,49.37035868],[-116.16646068,49.37040211],[-116.16652711,49.37042953],[-116.16658819,49.37045445],[-116.16681053,49.37056127],[-116.16684276,49.3705837],[-116.16689947,49.37062251],[-116.16699953,49.37069123],[-116.16717036,49.37083294],[-116.16724227,49.37089738],[-116.16730867,49.37095649],[-116.1673332,49.37097821],[-116.16738033,49.37102592],[-116.16749416,49.37113772],[-116.16753691,49.37117154],[-116.16765885,49.37126803],[-116.16784688,49.37140013],[-116.1679049,49.37143324],[-116.16798412,49.3714781],[-116.16805376,49.37151798],[-116.16829339,49.37162587],[-116.16851717,49.37171986],[-116.16872934,49.37183024],[-116.16876739,49.37203746],[-116.16885786,49.37217917],[-116.16895024,49.37236681],[-116.16901161,49.3725249],[-116.16903221,49.37257225],[-116.16907697,49.37267195],[-116.1690878,49.37269758],[-116.16918262,49.37286635],[-116.16926944,49.3730248],[-116.16936751,49.37321137],[-116.16946028,49.3733869],[-116.16954551,49.37354606],[-116.16964501,49.3737337],[-116.16971729,49.37389107],[-116.16981549,49.37406126],[-116.1699382,49.37421615],[-116.16995525,49.37424071],[-116.17002539,49.37434397],[-116.17004998,49.37438029],[-116.17015319,49.37454728],[-116.17025934,49.3747132],[-116.1702934,49.37476162],[-116.17034481,49.37483497],[-116.17037436,49.37487662],[-116.17049932,49.37503685],[-116.1705351,49.37508207],[-116.17062537,49.37519707],[-116.17071213,49.37530389],[-116.17075461,49.37535587],[-116.17088815,49.37551325],[-116.17101778,49.37567382],[-116.1711764,49.37583441],[-116.17138553,49.37592983],[-116.1715821,49.37597967],[-116.17163263,49.37599249],[-116.17191755,49.37601564],[-116.17206121,49.37601742],[-116.17219532,49.37601955],[-116.17247311,49.37601492],[-116.17251266,49.3760224],[-116.17262108,49.37604305],[-116.17273366,49.37606477],[-116.1728907,49.37613028],[-116.17295492,49.37615699],[-116.17315853,49.37629264],[-116.1731861,49.37631472],[-116.17324903,49.37636564],[-116.17333123,49.37643257],[-116.17350643,49.37658674],[-116.1736589,49.37672204],[-116.17370298,49.37675943],[-116.17382686,49.37686482],[-116.17399852,49.37700546],[-116.17404263,49.37703893],[-116.17407214,49.37706136],[-116.17417842,49.37714219],[-116.17436413,49.37727535],[-116.17446165,49.37733766],[-116.17451367,49.37737077],[-116.1745606,49.37740104],[-116.17477049,49.37751782],[-116.17492132,49.37759366],[-116.17495684,49.37761146],[-116.17498869,49.37762748],[-116.17523147,49.37773181],[-116.1754487,49.37777952],[-116.17569387,49.37792835],[-116.17592019,49.37801344],[-116.17616278,49.37810103],[-116.17622145,49.37813557],[-116.17630365,49.37818399],[-116.17636401,49.37821924],[-116.17652673,49.37836558],[-116.17668706,49.37851299],[-116.17685479,49.37865612],[-116.17698198,49.37877077],[-116.17701584,49.37880174],[-116.17716498,49.37895414],[-116.17719262,49.37899544],[-116.17723917,49.37906487],[-116.17727435,49.37911792],[-116.17735845,49.37930734],[-116.17741451,49.37946685],[-116.17744176,49.37953806],[-116.17748157,49.37964096],[-116.17758673,49.37980759],[-116.17762017,49.37984533],[-116.17766456,49.37989696],[-116.17772243,49.37996354],[-116.17787395,49.38011415],[-116.17802731,49.3802637],[-116.17818442,49.38041181],[-116.17822707,49.38044813],[-116.1782613,49.38047626],[-116.17835347,49.38055388],[-116.17853262,49.38069096],[-116.17858718,49.38072514],[-116.17868349,49.38078531],[-116.17873094,49.38081487],[-116.1788432,49.38087183],[-116.17894952,49.3809256],[-116.17899865,49.38095586],[-116.17908672,49.38101069],[-116.17914919,49.38104915],[-116.17933075,49.38119905],[-116.17940313,49.38129767],[-116.17944131,49.38135037],[-116.17953428,49.38150952],[-116.17965546,49.38168292],[-116.17968364,49.38171497],[-116.17979342,49.38183958],[-116.17994466,49.38198984],[-116.1799696,49.38202722],[-116.18002165,49.38210591],[-116.18005321,49.38215327],[-116.18011079,49.38233307],[-116.180137,49.38251395],[-116.18012895,49.38268912],[-116.18010644,49.38287854],[-116.18009176,49.3829526],[-116.18007365,49.38304696],[-116.18003241,49.38322498],[-116.17999585,49.38340337],[-116.17997976,49.38346318],[-116.17996036,49.38353617],[-116.17994855,49.38358068],[-116.1798912,49.38372274],[-116.17987862,49.38375443],[-116.17977266,49.38392035],[-116.17971226,49.38400723],[-116.17969189,49.38403678],[-116.17965867,49.38408449],[-116.17954253,49.38424935],[-116.17943565,49.38441349],[-116.17936082,49.38453775],[-116.1793347,49.38458083],[-116.17925013,49.38475209],[-116.17924014,49.38477702],[-116.17920893,49.38485357],[-116.1791802,49.38492585],[-116.17915655,49.38499634],[-116.17912024,49.38510173],[-116.17906496,49.38527798],[-116.17904557,49.38531928],[-116.1790002,49.38541506],[-116.17898421,49.38544924],[-116.17888178,49.38560555],[-116.17878684,49.38579533],[-116.17869805,49.38595555],[-116.17859294,49.38612183],[-116.17850413,49.38630448],[-116.17843541,49.38646648],[-116.17840906,49.38652381],[-116.17835665,49.38663881],[-116.17825516,49.38680616],[-116.17815228,49.38697315],[-116.17804801,49.38713978],[-116.17793905,49.3873146],[-116.17783477,49.38744029],[-116.17781465,49.38746485],[-116.17767915,49.38762152],[-116.17756487,49.3877853],[-116.17749903,49.38789069],[-116.17746665,49.38794339],[-116.17744612,49.38797935],[-116.17736854,49.38812142],[-116.17734637,49.38815275],[-116.17725203,49.38828449],[-116.17720136,49.38834217],[-116.17711103,49.3884497],[-116.17708774,49.38849883],[-116.17703361,49.38861241],[-116.17701637,49.38868932],[-116.17700122,49.38875554],[-116.1770129,49.38897167],[-116.17702597,49.38915183],[-116.17704394,49.38922304],[-116.1770582,49.3892825],[-116.17706975,49.38932879],[-116.17714454,49.3895029],[-116.1771845,49.38956236],[-116.17721161,49.38960366],[-116.17725432,49.38966775],[-116.17739372,49.38982477],[-116.17746815,49.38988423],[-116.17752274,49.38992767],[-116.17756672,49.38996292],[-116.17777672,49.3900797],[-116.17799357,49.39019222],[-116.17802772,49.39020966],[-116.17821324,49.39030152],[-116.17841418,49.3904087],[-116.17862134,49.39054186],[-116.17878232,49.39065295],[-116.17882111,49.3906793],[-116.17899884,49.39079145],[-116.17903518,49.39081353],[-116.17921382,49.39091821],[-116.1793029,49.39097553],[-116.17936553,49.39101612],[-116.17940967,49.39104496],[-116.179599,49.39117706],[-116.17977526,49.39132375],[-116.17980195,49.39135793],[-116.17989557,49.39147685],[-116.17994785,49.3915769],[-116.17996667,49.39161215],[-116.17998524,49.39164776],[-116.18005813,49.39183077],[-116.18010153,49.39192868],[-116.18013045,49.39199526],[-116.1802136,49.39216688],[-116.18024544,49.39221388],[-116.18029052,49.39228082],[-116.18032447,49.39233102],[-116.18047665,49.39249089],[-116.18055423,49.39256139],[-116.18063037,49.39263082],[-116.18067368,49.39266856],[-116.18080186,49.39278428],[-116.18092509,49.3929356],[-116.18106212,49.39308906],[-116.18120675,49.39325035],[-116.18136081,49.39339135],[-116.18142352,49.39345116],[-116.18151615,49.39353982],[-116.18157345,49.39361423],[-116.18164964,49.39371144],[-116.18175182,49.39382217],[-116.18178141,49.39385457],[-116.181904,49.39396815],[-116.18194049,49.39400162],[-116.18197168,49.39403331],[-116.18202491,49.39408565],[-116.18209159,49.39415223],[-116.18223303,49.39431495],[-116.18231047,49.39448229],[-116.18234214,49.39452181],[-116.18241023,49.39460726],[-116.18243537,49.39463824],[-116.18266428,49.39476393],[-116.18285425,49.39479775],[-116.18290321,49.39480665],[-116.18316205,49.39483514],[-116.18339656,49.39490421],[-116.18343471,49.39491525],[-116.18354193,49.39493768],[-116.18368851,49.39496866],[-116.18396798,49.39502598],[-116.18422107,49.39508117],[-116.18448133,49.3951239],[-116.18456048,49.39514348],[-116.18469322,49.39517624],[-116.18473654,49.39518692],[-116.18497131,49.3952827],[-116.18504257,49.39531652],[-116.18511437,49.39535035],[-116.1851949,49.39538809],[-116.18534177,49.39546428],[-116.18541122,49.39549989],[-116.18546589,49.39552624],[-116.18558761,49.39558463],[-116.18563297,49.39560635],[-116.18586509,49.39570355],[-116.18590231,49.39571744],[-116.18599015,49.39574948],[-116.18610541,49.3957915],[-116.1863506,49.3958741],[-116.18659679,49.39595528],[-116.186708,49.39599373],[-116.1868262,49.39603468],[-116.18707743,49.39613117],[-116.18719408,49.39617817],[-116.18723055,49.39619312],[-116.18731133,49.39622588],[-116.18754321,49.39632344],[-116.18758292,49.39634231],[-116.18776732,49.39642812],[-116.18798756,49.39653671],[-116.18805465,49.39656484],[-116.18813745,49.39659938],[-116.1882194,49.39663356],[-116.18847853,49.39671581],[-116.18865934,49.39674714],[-116.18873204,49.3967596],[-116.18898617,49.39680019],[-116.18916716,49.396839],[-116.18927333,49.39686214],[-116.18952798,49.39690665],[-116.18980552,49.39695436],[-116.18986244,49.39696825],[-116.19005321,49.39701489],[-116.19016009,49.39705406],[-116.19025101,49.39708717],[-116.19029325,49.39710248],[-116.1905122,49.39721214],[-116.190727,49.39732537],[-116.19093784,49.39744109],[-116.19099653,49.39747491],[-116.19105299,49.39750802],[-116.19114373,49.39756072],[-116.19136789,49.39770172],[-116.1915361,49.39781352],[-116.191734,49.39795451],[-116.19189947,49.39808412],[-116.19208433,49.39823117],[-116.19216368,49.39828529],[-116.1922636,49.39835365],[-116.19246214,49.39847827],[-116.19249172,49.39849678],[-116.19266098,49.39860324],[-116.19285903,49.39872857],[-116.19290008,49.39876026],[-116.19295888,49.39880477],[-116.19303832,49.39886494],[-116.19320648,49.39902481],[-116.19325951,49.39909139],[-116.19332406,49.39917186],[-116.19344205,49.39933457],[-116.19357372,49.39949266],[-116.19368868,49.39965502],[-116.19376731,49.39982699],[-116.19384299,49.40000003],[-116.19387538,49.40007338],[-116.194009,49.40034398],[-116.19409575,49.40053233],[-116.19414213,49.40063309],[-116.19415231,49.40085776],[-116.19404017,49.40113548],[-116.19401574,49.40161259],[-116.1944044,49.40170517],[-116.19480398,49.40172582],[-116.19521629,49.401713],[-116.1956358,49.40170161],[-116.19605759,49.40177673],[-116.19647793,49.40189957],[-116.19686594,49.40207511],[-116.19722073,49.40228447],[-116.19754286,49.40252765],[-116.19777341,49.4027719],[-116.19800487,49.40295064],[-116.19818191,49.4030717],[-116.19859766,49.40303467],[-116.19903811,49.40306564],[-116.19950354,49.40316498],[-116.19996956,49.40335405],[-116.20011842,49.40342597],[-116.20038877,49.40356056],[-116.2007479,49.40379092],[-116.20107432,49.4040722],[-116.20135939,49.40432607],[-116.20133069,49.40439764],[-116.20163831,49.40423953],[-116.2018558,49.40412775],[-116.20240185,49.40379342],[-116.20295496,49.40406829],[-116.20343914,49.40423634],[-116.20385497,49.4042983],[-116.2042543,49.40431005],[-116.2049106,49.40465649],[-116.20521212,49.40492815],[-116.20546624,49.40522973],[-116.20560713,49.40562958],[-116.2057968,49.4061106],[-116.20612761,49.40668848],[-116.20645292,49.40729661],[-116.20677377,49.4079343],[-116.20703694,49.40870088],[-116.20699507,49.40893125],[-116.20679254,49.40923176],[-116.20651706,49.4096138],[-116.20636536,49.41017921],[-116.20643697,49.41086461],[-116.20680743,49.41096609],[-116.20614133,49.41132321],[-116.20559584,49.41172804],[-116.20524339,49.41222367],[-116.20487407,49.41270754],[-116.20446107,49.41313552],[-116.2041619,49.41343959],[-116.20469093,49.41367992],[-116.20525227,49.41392951],[-116.20570662,49.41425851],[-116.20606041,49.41463379],[-116.20631418,49.41505535],[-116.20683214,49.41541674],[-116.2074754,49.4157201],[-116.20865979,49.41580911],[-116.20969124,49.41596898],[-116.2105979,49.4161552],[-116.21123176,49.41636812],[-116.21182693,49.41661023],[-116.21235043,49.41694065],[-116.21319091,49.41707417],[-116.21399924,49.4172935],[-116.21476978,49.41740672],[-116.21574967,49.4178233],[-116.21667208,49.41828332],[-116.21685653,49.41880636],[-116.21739508,49.41877076],[-116.21809834,49.41877859],[-116.21877643,49.41879105],[-116.2194468,49.41874085],[-116.22010882,49.41862727],[-116.2207446,49.41854466],[-116.22145478,49.41857137],[-116.22224022,49.41870774],[-116.22323924,49.41889431],[-116.22384692,49.4188352],[-116.2245789,49.41876827],[-116.22521768,49.41874263],[-116.22576489,49.4187583],[-116.22632193,49.41877788],[-116.22688159,49.41873871],[-116.22726075,49.41860947],[-116.22769169,49.41867818],[-116.22817471,49.41894522],[-116.22903868,49.41894095],[-116.22982714,49.41909014],[-116.230539,49.41939278],[-116.23083701,49.41946684],[-116.23131185,49.41963774],[-116.23201675,49.41984639],[-116.23283217,49.42000163],[-116.23364363,49.42013301],[-116.23423376,49.42012589],[-116.23477931,49.42021063],[-116.23528051,49.42038688],[-116.2357171,49.42039258],[-116.23623163,49.4204321],[-116.23682294,49.42050473],[-116.23760459,49.42077996],[-116.23784443,49.42092096],[-116.23805388,49.42115773],[-116.23826638,49.42147782],[-116.23843907,49.42183494],[-116.23856688,49.42218352],[-116.23861552,49.42259156],[-116.23856789,49.42300493],[-116.23842707,49.42357284],[-116.23821471,49.42413896],[-116.23776876,49.42444196],[-116.23709041,49.42459649],[-116.23639919,49.42471185],[-116.23592948,49.42478947],[-116.23585998,49.42480727],[-116.23536189,49.42492975],[-116.23421053,49.42534491],[-116.23397494,49.42542431],[-116.2339161,49.42598153],[-116.23372034,49.42654196],[-116.23346698,49.42706998],[-116.2330172,49.4276126],[-116.23261183,49.42795192],[-116.23237431,49.42815737],[-116.23275479,49.42852267],[-116.23310729,49.42891754],[-116.23350055,49.42931596],[-116.2339056,49.42970156],[-116.23430782,49.43002913],[-116.23471235,49.43034958],[-116.23511981,49.43072094],[-116.23558031,49.43128172],[-116.23594117,49.43173391],[-116.23623796,49.43214658],[-116.23640775,49.43246845],[-116.23649437,49.43280812],[-116.23650568,49.43296977],[-116.2370051,49.43296728],[-116.23751976,49.43308442],[-116.23804851,49.43340273],[-116.2385741,49.43388304],[-116.23921121,49.434598],[-116.23956166,49.43512175],[-116.2399424,49.43547531],[-116.24029219,49.43604428],[-116.24066641,49.43684718],[-116.24103581,49.43703838],[-116.24114761,49.43712205],[-116.24133092,49.43727124],[-116.24174345,49.4376458],[-116.24226061,49.43809016],[-116.24245184,49.43821727],[-116.24309601,49.43858329],[-116.24366805,49.4390547],[-116.24416796,49.43963151],[-116.2449046,49.44017627],[-116.24574329,49.44034967],[-116.24656819,49.44055582],[-116.24737796,49.44079509],[-116.24738223,49.44143349],[-116.24767167,49.44204412],[-116.24774943,49.44247352],[-116.24777446,49.44285734],[-116.24811811,49.4429136],[-116.2483896,49.44302326],[-116.24871693,49.44327428],[-116.2491507,49.44365704],[-116.24963128,49.4440138],[-116.25013923,49.44427585],[-116.25031642,49.44461482],[-116.25041946,49.44490749],[-116.25098933,49.4452169],[-116.2513891,49.44552524],[-116.25213805,49.44599701],[-116.25268793,49.44641715],[-116.25303934,49.44678638],[-116.25365887,49.44718623],[-116.25421364,49.4475964],[-116.25477335,49.44799803],[-116.25521616,49.44841247],[-116.25562926,49.44884187],[-116.25589168,49.4492613],[-116.25611306,49.44970245],[-116.25498959,49.45010906],[-116.2542181,49.44993709],[-116.25351451,49.44990575],[-116.25288017,49.45001471],[-116.25203811,49.45003607],[-116.25098011,49.45005921],[-116.25016546,49.45018775],[-116.24941194,49.45034299],[-116.24868175,49.45056303],[-116.24803557,49.45072681],[-116.2474115,49.45092371],[-116.24654331,49.45117864],[-116.24621079,49.45156638],[-116.24600263,49.45195484],[-116.2457485,49.45233083],[-116.24525814,49.45269151],[-116.24468633,49.45291368],[-116.24403198,49.45299736],[-116.24404209,49.45331318],[-116.24402239,49.4535998],[-116.24376646,49.4540032],[-116.2435639,49.45439771],[-116.24345859,49.45477548],[-116.24343734,49.45516144],[-116.24345378,49.45558408],[-116.24333784,49.45595829],[-116.24335681,49.45651409],[-116.24345713,49.45714643],[-116.24380587,49.45781724],[-116.24392274,49.45828473],[-116.24420482,49.4587914],[-116.24443421,49.45941947],[-116.24475064,49.45998702],[-116.24501209,49.46054246],[-116.24529392,49.46106123],[-116.24554251,49.46155258],[-116.2457559,49.46202471],[-116.24589975,49.46254811],[-116.24587237,49.46304088],[-116.24567314,49.46350233],[-116.24540077,49.46388722],[-116.24515587,49.46423935],[-116.24568988,49.4645217],[-116.24581645,49.46465771],[-116.24605664,49.46492013],[-116.24613783,49.46501946],[-116.24647661,49.46540863],[-116.24651736,49.46546275],[-116.24681482,49.46586936],[-116.24701136,49.46596051],[-116.24734857,49.46614281],[-116.24830492,49.46618197],[-116.24909585,49.46621722],[-116.24972104,49.4662482],[-116.25028443,49.46629769],[-116.25082865,49.46630909],[-116.25131817,49.46631336],[-116.25180382,49.46634256],[-116.25232888,49.46627384],[-116.25237051,49.46626529],[-116.25284274,49.46626921],[-116.25333753,49.4664013],[-116.25385541,49.46666158],[-116.25444493,49.46689016],[-116.25517074,49.46727292],[-116.25552132,49.46762684],[-116.25580365,49.46800532],[-116.25592279,49.46835105],[-116.25609825,49.46870781],[-116.25644058,49.46900583],[-116.25694922,49.46924509],[-116.25742249,49.46948792],[-116.25781145,49.46972754],[-116.25888621,49.46984219],[-116.25975492,49.47000669],[-116.2605649,49.47019468],[-116.26150484,49.47039265],[-116.26237045,49.47066503],[-116.26315554,49.47086584],[-116.26385969,49.47105633],[-116.26448261,49.47123614],[-116.26508834,49.471375],[-116.26595625,49.47148858],[-116.26696546,49.47168085],[-116.26811597,49.4719518],[-116.26843532,49.47226086],[-116.26889561,49.47254249],[-116.26949771,49.47279707],[-116.26997201,49.47264717],[-116.27044476,49.47253217],[-116.27090724,49.47248232],[-116.27137884,49.47253003],[-116.27227467,49.47231996],[-116.27305431,49.47218074],[-116.27358746,49.4722103],[-116.27407558,49.47219641],[-116.27476875,49.47196676],[-116.2750518,49.47243639],[-116.27575061,49.47246879],[-116.27643061,49.47255282],[-116.2769026,49.47268171],[-116.27745318,49.47279316],[-116.27815657,49.47294127],[-116.27893424,49.47314422],[-116.27956682,49.47358288],[-116.28021914,49.47400053],[-116.28088931,49.47439753],[-116.28184958,49.47483547],[-116.282739,49.47536243],[-116.28319556,49.47539732],[-116.28360623,49.47562199],[-116.28397152,49.47603572],[-116.28429819,49.47636187],[-116.28473731,49.47685215],[-116.28512547,49.47737128],[-116.28542004,49.4779876],[-116.28576642,49.47885352],[-116.28547967,49.47893862],[-116.28530417,49.47909457],[-116.28508535,49.47927082],[-116.28484275,49.47951044],[-116.28448762,49.47977214],[-116.28396713,49.48011074],[-116.28329885,49.48050204],[-116.28285238,49.48084136],[-116.28232029,49.48133271],[-116.28188403,49.4818935],[-116.28139665,49.48249345],[-116.2808191,49.4830642],[-116.2803371,49.4835381],[-116.27994951,49.48391445],[-116.27973541,49.48436592],[-116.27943523,49.48507447],[-116.27926082,49.48565804],[-116.2799209,49.48586028],[-116.28107734,49.48609242],[-116.28114602,49.48653464],[-116.28134067,49.48697543],[-116.28164747,49.48747497],[-116.28187208,49.48795814],[-116.28201395,49.48842492],[-116.28206181,49.48892874],[-116.28205834,49.48950554],[-116.28195783,49.48998265],[-116.28176029,49.49036007],[-116.28124152,49.49068763],[-116.28073324,49.49104938],[-116.28026648,49.49147522],[-116.27984441,49.49202141],[-116.27952045,49.49243906],[-116.27923991,49.49275523],[-116.27954768,49.49308992],[-116.27982329,49.49346021],[-116.2800923,49.49392095],[-116.2802478,49.49464124],[-116.28031088,49.49514149],[-116.28023048,49.49560258],[-116.27992357,49.4960124],[-116.27946242,49.49639052],[-116.28028276,49.49653437],[-116.28093793,49.49674159],[-116.28142841,49.49701148],[-116.2817685,49.49734012],[-116.2819997,49.49759363],[-116.28275059,49.49820105],[-116.28311831,49.498545],[-116.28330907,49.49872587],[-116.28356685,49.49935324],[-116.28391336,49.49980222],[-116.28434805,49.50007282],[-116.28498092,49.50035552],[-116.2854774,49.50072617],[-116.28583754,49.50118548],[-116.28613105,49.50155008],[-116.28652293,49.50185201],[-116.28710786,49.50202363],[-116.28775644,49.5021835],[-116.28849031,49.50235618],[-116.28948103,49.50262286],[-116.29019028,49.50292729],[-116.29105105,49.50327124],[-116.29192656,49.50354041],[-116.29302326,49.50377184],[-116.29389229,49.50387012],[-116.29466907,49.50394987],[-116.29453527,49.50458792],[-116.29457701,49.50521884],[-116.29466961,49.50581487],[-116.29495153,49.50638028],[-116.29520518,49.50702652],[-116.29537541,49.50765104],[-116.29508905,49.50804519],[-116.29489406,49.5084607],[-116.29479128,49.50889793],[-116.29578213,49.50914681],[-116.29565787,49.50946405],[-116.29559282,49.50983826],[-116.29546495,49.51038303],[-116.29525905,49.51093348],[-116.29519385,49.51154981],[-116.29528467,49.51206822],[-116.29553176,49.51248836],[-116.29572074,49.51288429],[-116.29591361,49.5133582],[-116.29610983,49.51391008],[-116.296406,49.51445163],[-116.29670685,49.51498109],[-116.29703179,49.51545677],[-116.29741387,49.515873],[-116.29780432,49.51629919],[-116.29820149,49.51673536],[-116.29857204,49.51711419],[-116.2989193,49.51742004],[-116.29922935,49.51765005],[-116.29955179,49.51795768],[-116.29985098,49.51827421],[-116.30016474,49.5185911],[-116.30025978,49.51869079],[-116.30042298,49.51885351],[-116.2998802,49.51915616],[-116.29939737,49.51942889],[-116.29901616,49.51965142],[-116.29870003,49.5198914],[-116.29834515,49.52019903],[-116.29807746,49.52057538],[-116.2977968,49.5208734],[-116.29747566,49.5211205],[-116.29715431,49.52135229],[-116.2969209,49.52159084],[-116.29673337,49.52182655],[-116.29659252,49.52201454],[-116.2968677,49.52238484],[-116.29721663,49.5227829],[-116.29737947,49.52300864],[-116.29750297,49.52305457],[-116.29783408,49.52309231],[-116.29823371,49.52316993],[-116.29857314,49.52327782],[-116.29891179,49.52342273],[-116.29916759,49.5235591],[-116.29945547,49.52373178],[-116.29988325,49.5237795],[-116.30024197,49.52379979],[-116.3005458,49.52381937],[-116.30097337,49.52387598],[-116.30137328,49.5239415],[-116.30173177,49.52400666],[-116.30206686,49.52416759],[-116.30249043,49.52441576],[-116.30303265,49.5248238],[-116.30330549,49.52507731],[-116.3039076,49.5254946],[-116.30397597,49.52554017],[-116.30430411,49.52577588],[-116.30476245,49.52581291],[-116.30525672,49.52581754],[-116.30567222,49.52578122],[-116.30611404,49.52578086],[-116.30658426,49.52576271],[-116.30706822,49.5257328],[-116.30756666,49.52566978],[-116.30798474,49.52554231],[-116.30846005,49.52536927],[-116.30916509,49.52501357],[-116.30963523,49.52488148],[-116.31012669,49.52476434],[-116.31064379,49.52466144],[-116.31117798,49.52456388],[-116.31171811,49.52446098],[-116.3122632,49.52437446],[-116.31287637,49.52430503],[-116.31359428,49.52427548],[-116.31447712,49.52425554],[-116.31545187,49.52425625],[-116.31648371,49.52426159],[-116.31750714,49.52428046],[-116.31832495,49.52379374],[-116.31873788,49.52321729],[-116.31981064,49.52358153],[-116.32088551,49.52380371],[-116.32196194,49.52388382],[-116.32303951,49.52390839],[-116.32330606,49.52363102],[-116.32345822,49.52326892],[-116.32370648,49.52275584],[-116.32419526,49.52228692],[-116.32526019,49.52219115],[-116.32638102,49.52208682],[-116.32755692,49.5219736],[-116.32766775,49.52260417],[-116.32801763,49.5231888],[-116.3287336,49.52372466],[-116.32969674,49.52412095],[-116.33067108,49.52451617],[-116.33152778,49.52483519],[-116.33214309,49.52521759],[-116.3327536,49.52558966],[-116.33323491,49.52610915],[-116.33371035,49.52669877],[-116.3340604,49.52736316],[-116.33447726,49.52742262],[-116.33491669,49.52743117],[-116.33522091,49.52737598],[-116.33567823,49.52730975],[-116.33628727,49.52723213],[-116.33690935,49.52720863],[-116.33753151,49.52719439],[-116.33826294,49.52726133],[-116.33888335,49.52737313],[-116.33927084,49.52743224],[-116.33959997,49.52751199],[-116.34017723,49.52772206],[-116.34063078,49.52793178],[-116.341331,49.52825044],[-116.34169868,49.52795385],[-116.34209804,49.52761133],[-116.34252851,49.52722288],[-116.34291246,49.52674826],[-116.34342013,49.52611057],[-116.34404919,49.52545935],[-116.34477541,49.52523575],[-116.3455198,49.52503316],[-116.34624149,49.52491922],[-116.34683106,49.52478249],[-116.34728936,49.52462334],[-116.3478547,49.52435772],[-116.34855892,49.52416154],[-116.34940207,49.5240355],[-116.35032991,49.52384892],[-116.35047946,49.52337609],[-116.35067547,49.52304033],[-116.35090716,49.52272487],[-116.3510625,49.52245569],[-116.3512374,49.52213596],[-116.35138444,49.52180981],[-116.35155406,49.52149293],[-116.35178815,49.52121236],[-116.35201245,49.5209528],[-116.3523809,49.52064018],[-116.35270224,49.52037207],[-116.35299472,49.52016699],[-116.35328286,49.51997045],[-116.35360298,49.51979242],[-116.35395074,49.51964145],[-116.35427086,49.51946343],[-116.35457685,49.5193032],[-116.35496582,49.51912553],[-116.355341,49.51897457],[-116.35545617,49.51861567],[-116.35554287,49.51833723],[-116.35567166,49.51796908],[-116.3560205,49.51771023],[-116.35643873,49.51745173],[-116.35670361,49.51726409],[-116.35702359,49.51706826],[-116.35749909,49.51698068],[-116.35791056,49.51686318],[-116.35825795,49.51671506],[-116.35863393,49.51650428],[-116.35896843,49.51626038],[-116.3592484,49.51600117],[-116.35946753,49.51578648],[-116.3596687,49.51555362],[-116.35980945,49.51534746],[-116.36040388,49.51530296],[-116.36092891,49.51530189],[-116.36141224,49.5153204],[-116.36192273,49.51538307],[-116.36240528,49.51546994],[-116.36277224,49.51557071],[-116.36313469,49.51565367],[-116.36354824,49.51574589],[-116.36386558,49.51590647],[-116.36415182,49.5160731],[-116.36466783,49.51642666],[-116.36519316,49.51674426],[-116.36557708,49.51694756],[-116.36598951,49.51712666],[-116.3663336,49.51724522],[-116.36685551,49.5174731],[-116.36726727,49.5176821],[-116.3676878,49.51780351],[-116.36808253,49.51790071],[-116.36845895,49.51801073],[-116.3688495,49.51819446],[-116.36942632,49.51844263],[-116.36993521,49.5186203],[-116.37036247,49.51871572],[-116.37079429,49.51877803],[-116.37125829,49.51887345],[-116.37170964,49.51889695],[-116.37210003,49.5189589],[-116.37215485,49.51898632],[-116.37255359,49.5191412],[-116.37299386,49.5193057],[-116.37336562,49.51941536],[-116.37375137,49.51948942],[-116.37409572,49.51958733],[-116.37439782,49.51970875],[-116.37496289,49.51982589],[-116.37551416,49.51993377],[-116.37605192,49.52003276],[-116.3768647,49.52022609],[-116.37726338,49.52035997],[-116.3777407,49.52050061],[-116.3782726,49.5206651],[-116.37875024,49.52076694],[-116.37881956,49.52075803],[-116.37945818,49.52052767],[-116.37954096,49.52051912],[-116.37987336,49.52047604],[-116.38044103,49.52038916],[-116.38093877,49.52033789],[-116.3814415,49.52028342],[-116.38187959,49.5202617],[-116.38236174,49.52034537],[-116.38294075,49.52046536],[-116.3834962,49.52062131],[-116.3840978,49.52075056],[-116.3848155,49.52082604],[-116.38535378,49.52086485],[-116.38572689,49.52086699],[-116.38613649,49.52088123],[-116.38655496,49.52091648],[-116.3870383,49.52094603],[-116.38749378,49.52095742],[-116.38804632,49.52099623],[-116.38848836,49.52085773],[-116.38895031,49.52076124],[-116.38943872,49.52072955],[-116.3899587,49.52076551],[-116.39049338,49.52084705],[-116.39115528,49.52096775],[-116.39135956,49.52121165],[-116.39160527,49.52146765],[-116.39181803,49.5217386],[-116.39199892,49.52202451],[-116.39218715,49.52243931],[-116.39243228,49.52271027],[-116.39282746,49.52282029],[-116.39328249,49.52289186],[-116.39379786,49.52292426],[-116.39454371,49.52294633],[-116.39516565,49.52294954],[-116.39557972,49.52296057],[-116.39614616,49.52295452],[-116.39678177,49.52294918],[-116.39732074,49.52296983],[-116.39791481,49.52295488],[-116.39827362,49.52298372],[-116.39839798,49.52299333],[-116.39901891,49.52306846],[-116.39920789,49.52307273],[-116.39950259,49.52307095],[-116.39970508,49.52308412],[-116.39999957,49.52311866],[-116.40026145,49.52313789],[-116.4005516,49.52315747],[-116.40087805,49.52318631],[-116.40135205,49.52324257],[-116.4017181,49.52319058],[-116.4020853,49.52317456],[-116.40226561,49.52312151],[-116.40245923,49.52308626],[-116.40274974,49.52305208],[-116.40313663,49.52305101],[-116.40346832,49.52306454],[-116.40376261,49.52310798],[-116.40406099,49.52316673],[-116.40434246,49.52326215],[-116.40458394,49.52335828],[-116.40485848,49.52350355],[-116.40507793,49.52362176],[-116.40534285,49.52370401],[-116.40559711,49.5237592],[-116.40583092,49.52380833],[-116.40611604,49.52385783],[-116.4064419,49.52395254],[-116.4067726,49.52402624],[-116.40703414,49.52409923],[-116.40729598,49.52417258],[-116.40755433,49.52425482],[-116.40778241,49.52431607],[-116.40795594,49.52432283],[-116.40815221,49.52433707],[-116.40837171,49.52435808],[-116.40850914,49.52438585],[-116.40882155,49.52447237],[-116.40906265,49.52458631],[-116.40928676,49.52473549],[-116.40952578,49.5249096],[-116.41010191,49.52526032],[-116.41100729,49.52579261],[-116.41071639,49.52621988],[-116.41059889,49.52643315],[-116.41050332,49.52659551],[-116.41055556,49.52673402],[-116.41063733,49.52696118],[-116.41083312,49.52727308],[-116.41093004,49.52786021],[-116.41097492,49.52849114],[-116.41116475,49.52880375],[-116.41136947,49.52902379],[-116.41154636,49.52922247],[-116.41171936,49.52938518],[-116.41179445,49.52952476],[-116.41185284,49.52965293],[-116.41189482,49.52977008],[-116.41193876,49.52995024],[-116.4119911,49.53018737],[-116.4120588,49.53026855],[-116.41219087,49.53043411],[-116.41229934,49.53059968],[-116.41240783,49.53078091],[-116.41264628,49.53098101],[-116.41301527,49.53119998],[-116.41300465,49.53159449],[-116.41306971,49.53190675],[-116.41321124,49.5321364],[-116.41332014,49.53230766],[-116.41345586,49.53247038],[-116.41355128,49.53261778],[-116.41365915,49.53281326],[-116.41372693,49.53292256],[-116.41382209,49.53305074],[-116.41402776,49.53322877],[-116.41396817,49.53345735],[-116.41394867,49.53366315],[-116.41395024,49.53391488],[-116.41393255,49.53423568],[-116.41394943,49.53438558],[-116.41397524,49.53452978],[-116.41401023,49.53466793],[-116.41406382,49.53482103],[-116.41442676,49.53490684],[-116.4148035,49.53496274],[-116.41513258,49.53496524],[-116.41541652,49.53495384],[-116.4156422,49.53494886],[-116.41581902,49.53496274],[-116.41596891,49.53498375],[-116.41638239,49.53509377],[-116.41669437,49.53518812],[-116.41711287,49.53526824],[-116.41735427,49.53549718],[-116.41758478,49.53563034],[-116.41782116,49.5357457],[-116.41799524,49.53583329],[-116.41823709,49.53590557],[-116.41848646,49.53596788],[-116.41901218,49.53607434],[-116.41947583,49.53621462],[-116.41987766,49.53638838],[-116.4201521,49.53654896],[-116.42040839,49.53670882],[-116.42063997,49.53684911],[-116.420866,49.5369691],[-116.42115449,49.53708766],[-116.42118384,49.53718843],[-116.42123461,49.53731269],[-116.42155202,49.53735933],[-116.42182336,49.53742947],[-116.42204759,49.53752383],[-116.42229499,49.53765094],[-116.42252416,49.53775704],[-116.42285934,49.5378724],[-116.42330002,49.53799773],[-116.42399375,49.53777627],[-116.42468746,49.5375548],[-116.42538118,49.53733334],[-116.42607489,49.53711187],[-116.42665406,49.53681493],[-116.42723323,49.53651798],[-116.42758344,49.53614519],[-116.42793207,49.53584682],[-116.42805176,49.53547261],[-116.42828671,49.53509911],[-116.4285221,49.53465048],[-116.42921578,49.53442902],[-116.42979492,49.53413207],[-116.43037407,49.53383513],[-116.43095376,49.53353818],[-116.4317614,49.5333922],[-116.43268355,49.5333217],[-116.4333007,49.53333665],[-116.43399166,49.53334021],[-116.43475667,49.53333202],[-116.4357928,49.53333701],[-116.43671495,49.53326651],[-116.43752312,49.53312053],[-116.43821674,49.53289906],[-116.43891037,49.5326776],[-116.43960344,49.53245613],[-116.44026444,49.53228523],[-116.44089202,49.53216524],[-116.44094661,49.53184479],[-116.44099844,49.53133849],[-116.44103374,49.5308158],[-116.44111421,49.53046936],[-116.44126039,49.5303184],[-116.44143049,49.53020304],[-116.44160669,49.53010014],[-116.44192142,49.52999368],[-116.44217995,49.52993778],[-116.44241798,49.52993706],[-116.44268673,49.52993635],[-116.4429862,49.52993564],[-116.4432167,49.52987903],[-116.44342484,49.52980889],[-116.44366759,49.52968534],[-116.44391157,49.52954434],[-116.44415557,49.52943076],[-116.44450532,49.52933854],[-116.44496026,49.52926769],[-116.44530065,49.52919042],[-116.44560519,49.52912989],[-116.44587444,49.5290861],[-116.44604062,49.52905085],[-116.44620672,49.52903376],[-116.44628969,49.52901631],[-116.44656705,49.52895151],[-116.44683068,49.52887496],[-116.44719158,49.52872364],[-116.44745537,49.52859902],[-116.44765589,49.52850288],[-116.44789645,49.52844129],[-116.44818957,49.52842847],[-116.44851632,49.5284452],[-116.44874852,49.52845126],[-116.44895422,49.52844734],[-116.44917595,49.5284064],[-116.44942063,49.52832949],[-116.44963741,49.52828854],[-116.44982196,49.5282686],[-116.4500271,49.52820665],[-116.45024565,49.52813651],[-116.45049225,49.52808274],[-116.45077787,49.52805711],[-116.45095794,49.52801296],[-116.45115212,49.527951],[-116.45138339,49.52789012],[-116.4516236,49.5278392],[-116.4518449,49.52781926],[-116.45200621,49.52780823],[-116.45220102,49.52778615],[-116.45235986,49.52775197],[-116.45248189,49.52770533],[-116.45252536,49.52749882],[-116.45261044,49.52732222],[-116.4526674,49.52713956],[-116.4527811,49.52685223],[-116.45282436,49.52673544],[-116.45289471,49.52658305],[-116.45297987,49.52637654],[-116.45305159,49.52614297],[-116.45310447,49.52597242],[-116.45317985,49.52580187],[-116.45325614,49.5255594],[-116.45326852,49.52531657],[-116.453284,49.52513677],[-116.453313,49.52501998],[-116.45334163,49.524921],[-116.4533989,49.52475045],[-116.45351141,49.5245621],[-116.45373644,49.52423951],[-116.45390905,49.52400915],[-116.45403068,49.52387207],[-116.4541291,49.52370152],[-116.4542833,49.52351317],[-116.45443697,49.52335223],[-116.45459109,49.52318204],[-116.45475856,49.52300294],[-116.45487031,49.52290432],[-116.45505177,49.52275228],[-116.45521897,49.52260025],[-116.45534982,49.52245783],[-116.45549888,49.52231683],[-116.45566192,49.52215269],[-116.45582051,49.52196434],[-116.4559599,49.52183011],[-116.45614135,49.52167807],[-116.45639214,49.52149043],[-116.45650365,49.52140391],[-116.4566291,49.52129354],[-116.4567731,49.52118957],[-116.45693521,49.52109735],[-116.4571994,49.52096348],[-116.45756026,49.52081215],[-116.45772699,49.5207502],[-116.45787915,49.52068789],[-116.45794883,49.52066119],[-116.45807447,49.52054191],[-116.45825558,49.52039272],[-116.45852258,49.52028698],[-116.45878277,49.52019725],[-116.45873445,49.51997223],[-116.45874711,49.51970234],[-116.45886039,49.51942426],[-116.45891318,49.51924446],[-116.45894704,49.51907996],[-116.45897195,49.51894786],[-116.4590053,49.51883428],[-116.4590758,49.51871465],[-116.45916529,49.51853805],[-116.45921769,49.51836429],[-116.45923245,49.51824751],[-116.4592483,49.5180766],[-116.45922248,49.5179057],[-116.45918303,49.51771664],[-116.45915729,49.51758169],[-116.45908553,49.51738942],[-116.45898781,49.51708607],[-116.45886303,49.51667162],[-116.45878348,49.51639248],[-116.458753,49.51624863],[-116.4587218,49.51612544],[-116.45869071,49.51602325],[-116.45865127,49.51583419],[-116.45858376,49.51568999],[-116.45853014,49.51553688],[-116.45850431,49.51539268],[-116.45850612,49.51521287],[-116.45849078,49.51496115],[-116.45845637,49.51475392],[-116.45840692,49.51462468],[-116.45836217,49.51450754],[-116.45833111,49.51437473],[-116.45831011,49.51421344],[-116.45829755,49.51407849],[-116.45826145,49.5136377],[-116.4582231,49.51333185],[-116.45823094,49.51304701],[-116.45826642,49.51287397],[-116.4583125,49.51273831],[-116.45839241,49.51258877],[-116.45846817,49.51241537],[-116.45859443,49.51222702],[-116.45865096,49.5121462],[-116.45883358,49.51185922],[-116.45879268,49.51166446],[-116.45874754,49.51146008],[-116.45869741,49.51124716],[-116.45858066,49.51109655],[-116.45841893,49.51089503],[-116.45821135,49.51064223],[-116.45814355,49.51055179],[-116.4580201,49.5104343],[-116.45787437,49.5103079],[-116.45772786,49.5102171],[-116.45749879,49.51011421],[-116.4572238,49.50998994],[-116.45705939,49.50989025],[-116.45683994,49.50977204],[-116.45668899,49.5096727],[-116.45648281,49.50956375],[-116.45620835,49.50940032],[-116.45596114,49.50927321],[-116.45575033,49.50917636],[-116.45557207,49.50907062],[-116.45542581,49.50895597],[-116.4551925,49.50881996],[-116.45508344,49.50871172],[-116.45486538,49.50844966],[-116.45474244,49.5082962],[-116.45465621,49.50819686],[-116.45456983,49.50809147],[-116.45450349,49.50799035],[-116.45445704,49.5078992],[-116.45437578,49.50774575],[-116.45429471,49.50758339],[-116.45425556,49.50738542],[-116.45418869,49.5071871],[-116.4540805,49.50699768],[-116.45399928,49.50681752],[-116.45387246,49.50663985],[-116.45372695,49.50646538],[-116.4535769,49.50628486],[-116.45345404,49.50616737],[-116.45333147,49.50602281],[-116.45309878,49.50583268],[-116.45318014,49.50553929],[-116.45324742,49.50530287],[-116.45328146,49.50513197],[-116.45327345,49.50500628],[-116.45326091,49.50489804],[-116.45327618,49.50479941],[-116.45329081,49.50469153],[-116.45330623,49.50457154],[-116.45330774,49.5044487],[-116.45324055,49.50424148],[-116.45320044,49.50411544],[-116.45309405,49.50379107],[-116.45309428,49.50372805],[-116.45313776,49.5035664],[-116.45319416,49.50346778],[-116.45325075,49.50333283],[-116.45336375,49.50312668],[-116.45340664,49.50299173],[-116.45344947,49.50284825],[-116.45346534,49.5026955],[-116.45348013,49.50260542],[-116.45353697,49.50243487],[-116.45360826,49.50225542],[-116.45367866,49.50212973],[-116.45372145,49.50201295],[-116.45389007,49.50174377],[-116.45393227,49.50168111],[-116.45404429,49.50154687],[-116.45409986,49.50148706],[-116.45420729,49.50136173],[-116.45436631,49.50117053],[-116.45454804,49.50095547],[-116.45461795,49.50086575],[-116.45471656,49.50070445],[-116.45481497,49.50055206],[-116.45497018,49.50025583],[-116.45503615,49.50009418],[-116.45505852,49.50002226],[-116.45506982,49.49996849],[-116.45508521,49.49985171],[-116.45575882,49.49969291],[-116.45622974,49.49958716],[-116.45645705,49.49954906],[-116.45664459,49.49952628],[-116.45680133,49.49951773],[-116.45700901,49.49948889],[-116.45721165,49.49944688],[-116.45747315,49.49939596],[-116.45779325,49.4993365],[-116.45825092,49.49930766],[-116.45873237,49.49930517],[-116.45926132,49.49935858],[-116.45961227,49.49925817],[-116.4600142,49.49914601],[-116.46035631,49.49900964],[-116.46056089,49.49893274],[-116.4607217,49.49884942],[-116.46082568,49.49871412],[-116.46094167,49.49853894],[-116.46101158,49.49844922],[-116.4611787,49.49828793],[-116.46131837,49.49818076],[-116.4614576,49.49805542],[-116.46163838,49.4979365],[-116.46177742,49.49785924],[-116.46256901,49.49747613],[-116.46268091,49.49733264],[-116.46277843,49.49723401],[-116.46287668,49.49712648],[-116.46308561,49.49694775],[-116.46316893,49.49688508],[-116.46329499,49.49675975],[-116.46344919,49.49653544],[-116.4635753,49.4963834],[-116.4636311,49.49631148],[-116.46372881,49.49620395],[-116.46386181,49.49611886],[-116.46400707,49.49604052],[-116.46421492,49.49596362],[-116.46437432,49.4958682],[-116.46450422,49.49574286],[-116.46460571,49.49558763],[-116.46466319,49.49539892],[-116.46469222,49.49524617],[-116.46469413,49.49506637],[-116.4647245,49.4948506],[-116.46475885,49.49465263],[-116.4647975,49.49447283],[-116.46477644,49.49427807],[-116.46480622,49.49407725],[-116.46484093,49.49386469],[-116.46491685,49.49367313],[-116.46493115,49.49361901],[-116.4649412,49.49350828],[-116.46493292,49.4934214],[-116.46498991,49.49326866],[-116.46504681,49.49313407],[-116.46513032,49.4930625],[-116.46522789,49.49299984],[-116.46536193,49.49294145],[-116.46556355,49.49286952],[-116.46583298,49.49278371],[-116.46615648,49.49268331],[-116.46643813,49.49260747],[-116.46671011,49.49256581],[-116.46682034,49.49256652],[-116.46690321,49.49257578],[-116.46712816,49.49262171],[-116.46734184,49.49258895],[-116.46756622,49.49254089],[-116.46779415,49.49246896],[-116.46792755,49.49247965],[-116.46803364,49.49247217],[-116.4681199,49.49245543],[-116.46824472,49.49237497],[-116.46838374,49.4922977],[-116.46852251,49.49223254],[-116.4687302,49.49216133],[-116.46899395,49.49207268],[-116.46925108,49.49209689],[-116.46952745,49.49209831],[-116.4698222,49.49207659],[-116.47001619,49.49204455],[-116.47018168,49.49202425],[-116.47042152,49.49198936],[-116.47065223,49.49194557],[-116.47150759,49.49244119],[-116.47252386,49.49283534],[-116.47346156,49.49323839],[-116.47419773,49.4936945],[-116.47468747,49.49423961],[-116.47578171,49.49433432],[-116.47689093,49.49435746],[-116.47800125,49.49428732],[-116.47910837,49.49406657],[-116.48021586,49.49379668],[-116.48050693,49.49367206],[-116.48070033,49.49365497],[-116.48094928,49.49362898],[-116.48121189,49.49359444],[-116.48152833,49.49359658],[-116.48190273,49.49359658],[-116.48233528,49.49359338],[-116.48272874,49.49352929],[-116.48305925,49.49346662],[-116.48332712,49.49340574],[-116.48358962,49.49336194],[-116.48382511,49.49330035],[-116.48406073,49.49322914],[-116.48418495,49.49320279],[-116.48446209,49.49314119],[-116.48480795,49.49307069],[-116.48505737,49.49299699],[-116.48533464,49.49290228],[-116.48543135,49.49286667],[-116.48565318,49.49281362],[-116.48588807,49.49277873],[-116.48599894,49.49276128],[-116.48628948,49.49269933],[-116.48657977,49.49263773],[-116.48682892,49.49260284],[-116.48697631,49.49258254],[-116.48716097,49.4925505],[-116.48736874,49.49248855],[-116.48763215,49.49239953],[-116.48786737,49.49232263],[-116.48805235,49.49224073],[-116.48822851,49.4921503],[-116.48846468,49.49198972],[-116.4886453,49.49187329],[-116.48883559,49.49174226],[-116.48900715,49.49164114],[-116.48910405,49.49159664],[-116.48935417,49.4914357],[-116.48959106,49.4912388],[-116.48967464,49.49117649],[-116.48984112,49.49106932],[-116.48993846,49.49101556],[-116.49006837,49.49092619],[-116.49018004,49.49083077],[-116.49027007,49.4907122],[-116.49035726,49.49057655],[-116.49042783,49.49041525],[-116.49053987,49.49026286],[-116.49065187,49.49013718],[-116.49088832,49.48994954],[-116.49111147,49.48977934],[-116.49130613,49.48963657],[-116.49151009,49.48946637],[-116.49166837,49.48930508],[-116.49175204,49.48922461],[-116.49191963,49.48906332],[-116.4920309,49.48897395],[-116.4923642,49.48876851],[-116.49247574,49.4887062],[-116.49267029,49.48855417],[-116.49278172,49.4884826],[-116.49301803,49.48833982],[-116.49325444,49.48817889],[-116.49337902,49.48810732],[-116.49361601,49.48791968],[-116.49371347,49.48782106],[-116.49390857,49.48766902],[-116.49400594,49.48758855],[-116.49413139,49.48746322],[-116.49429859,49.48731974],[-116.49452129,49.4871588],[-116.49461866,49.48707833],[-116.49477057,49.48695122],[-116.49493419,49.48683087],[-116.49513335,49.48672085],[-116.49534186,49.48659588],[-116.49556372,49.486462],[-116.49568885,49.48639044],[-116.4960359,49.48622096],[-116.49624441,49.48609598],[-116.49639718,49.48598881],[-116.49675704,49.48592721],[-116.4971883,49.48556048],[-116.49735531,49.48545331],[-116.49763291,49.48530163],[-116.4977255,49.48523896],[-116.4978278,49.4851585],[-116.49792546,49.48505097],[-116.49842252,49.48477432],[-116.49910746,49.48437162],[-116.49985381,49.4838411],[-116.50034536,49.48330738],[-116.50084664,49.48291181],[-116.50146714,49.48250876],[-116.5024437,49.4819672],[-116.50329698,49.4813174],[-116.50402809,49.48065265],[-116.50487372,49.48016664],[-116.50583318,49.47992382],[-116.50680572,49.47975006],[-116.50754476,49.47947448],[-116.5080509,49.4790319],[-116.50881656,49.47871431],[-116.50950563,49.47848038],[-116.50959053,49.47830093],[-116.5096185,49.47824681],[-116.50970264,49.47813038],[-116.50975863,49.47802285],[-116.50979699,49.47790607],[-116.50981641,49.47778893],[-116.5098177,49.47766324],[-116.50980498,49.4775372],[-116.51022871,49.47750017],[-116.51061597,49.47746278],[-116.51091048,49.47744284],[-116.51111751,49.47742575],[-116.51131119,49.47741756],[-116.51158737,49.47740973],[-116.51191846,49.47741115],[-116.5121254,49.47741222],[-116.51230519,49.47741293],[-116.51246615,49.47742255],[-116.51262199,49.47744106],[-116.51275941,49.47750159],[-116.5128831,49.47757707],[-116.51298338,49.47767036],[-116.5130743,49.47776685],[-116.51315629,49.47785729],[-116.51330645,49.47805561],[-116.51338806,49.47816385],[-116.51425059,49.47795769],[-116.51470375,49.47774371],[-116.51508122,49.47757529],[-116.51534154,49.47744355],[-116.51560482,49.47735775],[-116.51583611,49.47724167],[-116.51597008,49.47717936],[-116.5161179,49.47712311],[-116.51621493,49.4770964],[-116.51631151,49.47707896],[-116.51644994,49.47705261],[-116.5166713,49.47701736],[-116.51679529,49.47699991],[-116.51705814,49.47694686],[-116.51729687,49.47688206],[-116.51749674,49.47681405],[-116.51769585,49.47671578],[-116.51777445,49.47662606],[-116.51784942,49.47652743],[-116.51790549,49.47640175],[-116.51801816,49.47620449],[-116.5180604,49.47612367],[-116.51815815,49.47597128],[-116.51828449,49.47580073],[-116.51843797,49.47563054],[-116.51853588,49.47549595],[-116.51867547,49.47533466],[-116.51870354,49.47528979],[-116.51884341,49.47510144],[-116.51889955,49.47499997],[-116.51894173,49.47489493],[-116.51895687,49.47478705],[-116.51899972,49.4746254],[-116.51902807,49.47455348],[-116.51908425,49.47443705],[-116.51915492,49.47432026],[-116.51922461,49.47421274],[-116.51930878,49.47410485],[-116.51944829,49.47396172],[-116.5194899,49.47389905],[-116.51956018,49.47380007],[-116.51963006,49.47368364],[-116.5196999,49.47359392],[-116.51975632,49.47347713],[-116.51982675,49.4733607],[-116.51993884,49.47319015],[-116.5199809,49.47311823],[-116.52006467,49.4729929],[-116.52019085,49.47280455],[-116.52033117,49.47260694],[-116.5204294,49.47241859],[-116.52050033,49.47221208],[-116.52055676,49.47209529],[-116.52059943,49.47194255],[-116.52065686,49.47172713],[-116.52070029,49.47151137],[-116.52078451,49.47137678],[-116.52085908,49.47129596],[-116.52102257,49.47119768],[-116.52124288,49.47108161],[-116.52138626,49.47103639],[-116.5215891,49.4709602],[-116.52188887,49.47087154],[-116.52228142,49.47076223],[-116.52281994,49.47071061],[-116.52298335,49.47047134],[-116.52321122,49.47022922],[-116.52350328,49.46998461],[-116.52376778,49.46978807],[-116.52405917,49.46960008],[-116.52432308,49.46943024],[-116.52444792,49.46935903],[-116.5245732,49.46927856],[-116.52480961,49.46909947],[-116.52493453,49.4690101],[-116.52517655,49.46889118],[-116.5253964,49.46879611],[-116.52562709,49.46873416],[-116.52583945,49.46869606],[-116.52600052,49.46867256],[-116.52619401,49.46864657],[-116.52644284,49.46862058],[-116.5265531,49.46860313],[-116.52670565,49.46856753],[-116.52687148,49.46851447],[-116.52702406,49.46845217],[-116.52734273,49.46833645],[-116.52748122,49.46829194],[-116.52761927,49.46825669],[-116.52773186,49.46821005],[-116.52784136,49.46815842],[-116.52813973,49.46820186],[-116.5283817,49.46821076],[-116.52862715,49.46820684],[-116.52893131,49.46818085],[-116.52922152,49.46815522],[-116.52956672,49.46812068],[-116.52988433,49.46809504],[-116.52999495,49.4680865],[-116.53021579,49.46808721],[-116.53053301,49.46807938],[-116.53067113,49.46808009],[-116.53089227,49.46808116],[-116.53116821,49.46808223],[-116.53149967,49.46807439],[-116.53183069,49.46807582],[-116.53212032,49.46807689],[-116.53239626,49.46807795],[-116.53268606,49.46812424],[-116.53293432,49.46815237],[-116.53314092,49.46815308],[-116.53330643,49.46815379],[-116.53356886,49.46814596],[-116.53381287,49.46815273],[-116.53398268,49.46817551],[-116.53413441,49.46820222],[-116.53427195,49.46822963],[-116.53439598,49.46824815],[-116.53454795,49.46826666],[-116.53483711,49.46830369],[-116.53500289,49.46833146],[-116.53527787,49.46840445],[-116.53546618,49.46845644],[-116.535622,49.4684867],[-116.53575268,49.46846356],[-116.5358961,49.46841905],[-116.53605145,49.46835354],[-116.53635699,49.468157],[-116.53663436,49.46799606],[-116.5367451,49.46794265],[-116.53695322,49.46784474],[-116.53709171,49.46780023],[-116.53759059,49.46759515],[-116.5378126,49.46748833],[-116.53795082,49.46741676],[-116.5380758,49.46736336],[-116.53820023,49.46730995],[-116.53832482,49.46727434],[-116.5384539,49.467248],[-116.53858897,49.4672366],[-116.53872554,49.46723091],[-116.53886839,49.46724052],[-116.53901543,49.46725903],[-116.53913946,49.46727755],[-116.53927719,49.46729606],[-116.53943932,49.46731493],[-116.53965864,49.46734057],[-116.53993409,49.46737368],[-116.54021275,49.46742887],[-116.5404258,49.46747053],[-116.54057275,49.46749937],[-116.54072927,49.46746982],[-116.54091869,49.46740181],[-116.54125169,49.46718711],[-116.54129277,49.46724123],[-116.5413196,49.46729535],[-116.54136049,49.46735837],[-116.54140149,49.46743065],[-116.54145541,49.46753853],[-116.54149593,49.46764677],[-116.54179945,49.46763894],[-116.54186843,49.4676304],[-116.54214518,49.4676044],[-116.542242,49.4675866],[-116.54247676,49.46755171],[-116.54261496,49.46753426],[-116.54275297,49.46752572],[-116.54289108,49.46752643],[-116.5430289,49.46752679],[-116.54315331,49.4675275],[-116.54326374,49.46752785],[-116.54337416,49.46752821],[-116.54349803,49.46752892],[-116.54368995,49.46755456],[-116.54398998,49.46760583],[-116.54458274,49.46767099],[-116.54502693,49.46774255],[-116.54539277,49.46781412],[-116.54570501,49.46787536],[-116.54599261,49.46795227],[-116.5463184,49.46800746],[-116.54647651,49.46803523],[-116.54668379,49.46812282],[-116.54694192,49.46827093],[-116.5470653,49.46833431],[-116.54723043,49.46840695],[-116.54750552,49.4685159],[-116.54762909,49.46857037],[-116.54787643,49.46867042],[-116.54817946,49.46877938],[-116.5484817,49.46888868],[-116.54840351,49.46841158],[-116.54841211,49.46796473],[-116.54847526,49.46745629],[-116.54850927,49.46693467],[-116.54851388,49.46640024],[-116.5486022,49.46617343],[-116.54879829,49.46600253],[-116.54892306,49.46595802],[-116.54914456,49.46585975],[-116.54938005,49.46576183],[-116.54960185,49.46566392],[-116.54982354,49.46555675],[-116.55011467,49.46540507],[-116.55025322,49.4653424],[-116.55047521,49.46523559],[-116.55065445,49.46510527],[-116.55081799,49.46496997],[-116.55092054,49.46485924],[-116.55103157,49.46475599],[-116.55115654,49.46465629],[-116.55132301,49.46457013],[-116.55151723,49.46449286],[-116.5517755,49.4644188],[-116.55198175,49.46432196],[-116.55215891,49.46421265],[-116.55230727,49.46409124],[-116.55244695,49.46394775],[-116.55262785,49.46373269],[-116.55268395,49.46364297],[-116.55280966,49.46347242],[-116.55293548,49.46331112],[-116.5530473,49.46314948],[-116.55315923,49.46299709],[-116.55329386,49.46283259],[-116.55341009,49.46271011],[-116.55356338,49.46258478],[-116.55378555,49.46241494],[-116.55385497,49.46234302],[-116.55393923,49.46221769],[-116.55402355,49.46204678],[-116.55407136,49.46197913],[-116.55413982,49.4618976],[-116.55426045,49.46178687],[-116.55473966,49.46170391],[-116.55505636,49.46160029],[-116.55521109,49.46147603],[-116.55525816,49.46130513],[-116.55527335,49.46117908],[-116.55530179,49.4610623],[-116.55535847,49.46094587],[-116.55544244,49.46076606],[-116.55554142,49.46055065],[-116.55561114,49.46042497],[-116.55569511,49.46029928],[-116.55577937,49.46017395],[-116.55593266,49.4599945],[-116.55611364,49.4598154],[-116.55633653,49.45960925],[-116.55644799,49.45949282],[-116.55653157,49.45938494],[-116.55662898,49.45925961],[-116.55671294,49.45913392],[-116.55679691,49.45900823],[-116.556923,49.45881988],[-116.55704883,49.45860447],[-116.55711929,49.45846988],[-116.55720345,49.45833529],[-116.55727336,49.45820071],[-116.55732983,49.45806576],[-116.55735847,49.45794008],[-116.55737386,49.45780513],[-116.5573752,49.45766129],[-116.55736237,49.4575534],[-116.55839682,49.45758438],[-116.5586589,49.45757619],[-116.5587558,49.45756764],[-116.55901825,49.45754165],[-116.5591977,49.45751531],[-116.55947424,49.45747151],[-116.55957103,49.45745371],[-116.55976723,49.45706775],[-116.5601216,49.45675727],[-116.5606611,49.45657853],[-116.56118675,49.45658352],[-116.56156972,49.45664298],[-116.56178085,49.45670066],[-116.56196722,49.45674125],[-116.56218487,49.45679822],[-116.56250124,49.45688011],[-116.5628043,49.4569442],[-116.56307998,49.45700829],[-116.56324498,49.45704496],[-116.56341062,49.45706347],[-116.56360359,49.45707344],[-116.56376895,49.4570649],[-116.56398091,49.45702965],[-116.56414853,49.45697945],[-116.56428075,49.45693209],[-116.56436392,49.45689613],[-116.56444263,49.45686658],[-116.56451645,49.45683382],[-116.56461345,49.45678041],[-116.56469666,49.45671775],[-116.56487255,49.45661022],[-116.56502338,49.45655503],[-116.56516746,49.45651266],[-116.56549865,49.45651373],[-116.56567836,49.45651444],[-116.56587122,49.45651515],[-116.56603705,49.45652477],[-116.56621638,49.45654328],[-116.56638157,49.45657105],[-116.56662959,49.45660808],[-116.56675783,49.4566323],[-116.56690535,49.45665401],[-116.56707063,49.45666363],[-116.5672223,49.45665508],[-116.56737408,49.45665579],[-116.56767797,49.4566387],[-116.56785713,49.45663942],[-116.5682024,49.45662268],[-116.56836825,49.45660559],[-116.56853362,49.45659705],[-116.56886511,49.45659847],[-116.56903028,49.45659883],[-116.56925138,49.45659989],[-116.56934808,49.45660025],[-116.56972546,49.45658067],[-116.57006592,49.45653082],[-116.57021797,49.45650447],[-116.57037002,49.45647812],[-116.57052232,49.45645142],[-116.57068806,49.45642507],[-116.5708675,49.45639872],[-116.57101947,49.45639054],[-116.57119907,49.45638199],[-116.57136454,49.4563827],[-116.57151632,49.45638341],[-116.57169538,49.45637487],[-116.57184716,49.45637558],[-116.57227817,49.45636312],[-116.57263396,49.45635956],[-116.57291476,49.45636454],[-116.57326697,49.45641866],[-116.57359903,49.45648987],[-116.57370942,49.45649023],[-116.57387471,49.45649984],[-116.57412338,49.45649201],[-116.57425208,49.45648026],[-116.57443808,49.45643825],[-116.57466215,49.45637701],[-116.57491163,49.45628799],[-116.57517453,49.45617192],[-116.57531296,49.45612741],[-116.57557578,49.4560295],[-116.57582743,49.45587462],[-116.57616495,49.45564069],[-116.57658947,49.45532843],[-116.57748481,49.45498199],[-116.57848508,49.4547057],[-116.57956649,49.45464267],[-116.58063321,49.45467757],[-116.58165759,49.45483744],[-116.58157448,49.45488194],[-116.58147725,49.45493571],[-116.58140795,49.45498947],[-116.58131967,49.45504608],[-116.58119549,49.45509059],[-116.58103203,49.4551529],[-116.58083095,49.45523301],[-116.58068226,49.45535656],[-116.58057452,49.45546302],[-116.58050585,49.45555274],[-116.5804226,49.45564532],[-116.58032504,49.4557678],[-116.5802552,49.45587568],[-116.5802174,49.45595651],[-116.58019333,49.4560765],[-116.58018271,49.4562353],[-116.58019146,49.45631612],[-116.58020929,49.4563973],[-116.58026306,49.45656821],[-116.58034434,49.45674837],[-116.58045283,49.45691073],[-116.58052116,49.45700117],[-116.58064399,49.45719949],[-116.58069814,49.45729847],[-116.58082016,49.45752385],[-116.58092892,49.45773997],[-116.58098318,49.45784821],[-116.58103745,49.45795645],[-116.58110565,49.45806434],[-116.58122832,49.45824486],[-116.58132376,49.45838906],[-116.5814056,49.4584884],[-116.5815015,49.45859664],[-116.58161073,49.45869597],[-116.58172051,49.45879531],[-116.58180224,49.45888539],[-116.58181459,49.45903956],[-116.58181326,49.4592094],[-116.58216992,49.45944475],[-116.58243058,49.45964343],[-116.58250823,49.4596915],[-116.58259533,49.45973387],[-116.58278362,49.45981255],[-116.58292559,49.45987914],[-116.5829986,49.45995426],[-116.58306224,49.4600326],[-116.58317585,49.46015864],[-116.58329021,49.46024516],[-116.58340495,49.46032171],[-116.58352823,49.46037583],[-116.5836383,49.4604214],[-116.58373463,49.46043956],[-116.58383127,49.46045808],[-116.58398297,49.46050365],[-116.58403768,49.46052181],[-116.58446474,49.46064928],[-116.58476704,49.46076713],[-116.58505594,49.46088534],[-116.58520746,49.46093982],[-116.58534474,49.46099429],[-116.58549626,49.46104877],[-116.58564723,49.46110324],[-116.58579856,49.46116662],[-116.5859362,49.46123],[-116.58605971,49.46130263],[-116.58616941,49.46136601],[-116.58627955,49.46142013],[-116.5864994,49.46151092],[-116.58660991,49.46154724],[-116.58670618,49.46158356],[-116.5868159,49.46162023],[-116.58689872,49.46165619],[-116.58698129,49.46169251],[-116.58706989,49.46172491],[-116.5871645,49.4617534],[-116.58729805,49.46177476],[-116.58739893,49.46179897],[-116.58750435,49.46182924],[-116.58761462,49.46186591],[-116.58786204,49.4619745],[-116.58799914,49.46203788],[-116.58815078,49.46210162],[-116.58827374,49.46220095],[-116.58850681,49.46242669],[-116.5887122,49.46262537],[-116.58882154,49.46270655],[-116.58905476,49.46286926],[-116.58917884,49.4629419],[-116.58932673,49.46299139],[-116.58949512,49.46303269],[-116.58969264,49.46306367],[-116.58988235,49.46310426],[-116.59006022,49.46315161],[-116.58965572,49.46368106],[-116.58922436,49.46420268],[-116.58921313,49.46421799],[-116.58919474,49.46424434],[-116.58918358,49.46427211],[-116.58916893,49.46429703],[-116.58915205,49.464333],[-116.58913499,49.46437786],[-116.58908208,49.46448823],[-116.58906746,49.46453274],[-116.58905408,49.46457155],[-116.58904277,49.46460502],[-116.5890377,49.46463742],[-116.5890305,49.46465558],[-116.58901532,49.46474958],[-116.58900865,49.46481331],[-116.58899342,49.46491051],[-116.58897731,49.4650184],[-116.58897113,49.46508142],[-116.58895679,49.46514515],[-116.58894254,49.46522918],[-116.58893458,49.4652979],[-116.58893284,49.46538833],[-116.58893325,49.46545919],[-116.58892491,49.46553396],[-116.58892363,49.46563472],[-116.58892402,49.46571661],[-116.58891553,49.46579708],[-116.58891596,49.46590639],[-116.58891455,49.46601285],[-116.58891388,49.46606092],[-116.5889141,49.46613284],[-116.58890607,49.46621972],[-116.58889894,49.46633045],[-116.5888902,49.46640344],[-116.58888294,49.46647429],[-116.58887511,49.46658289],[-116.58883973,49.46669327],[-116.58879354,49.46682857],[-116.58873599,49.46698879],[-116.58872258,49.4671305],[-116.58871295,49.46726758],[-116.58872588,49.46742887],[-116.58873594,49.4676304],[-116.5886969,49.46795725],[-116.5887017,49.46845217],[-116.58864423,49.46908345],[-116.58865199,49.46977597],[-116.58874315,49.47046991],[-116.58900038,49.47107663],[-116.58933714,49.47147042],[-116.58967109,49.47169545],[-116.58992325,49.47183431],[-116.59009714,49.47194005],[-116.59028433,49.47209351],[-116.59037245,49.47220282],[-116.59046971,49.47232103],[-116.59057611,49.47244814],[-116.59085038,49.47266213],[-116.59081738,49.47293095],[-116.59084657,49.47313105],[-116.59093708,49.47326208],[-116.59102416,49.47336426],[-116.59113319,49.47353552],[-116.59121452,49.47367973],[-116.59128276,49.47377906],[-116.59139204,49.47389656],[-116.59152914,49.4740048],[-116.59175314,49.47419743],[-116.59188648,49.4743637],[-116.59199421,49.4745282],[-116.59204846,49.47462718],[-116.59213752,49.47482159],[-116.59220179,49.47502169],[-116.59231208,49.47521395],[-116.5926805,49.47540302],[-116.59322733,49.47564585],[-116.59392599,49.47590826],[-116.59454905,49.47622016],[-116.59518383,49.47648933],[-116.59578581,49.47676314],[-116.59600242,49.47667413],[-116.59620903,49.47659473],[-116.59635855,49.47646833],[-116.5964297,49.47624686],[-116.59645526,49.47592891],[-116.59667981,49.47603359],[-116.59707513,49.4760521],[-116.59764203,49.4759841],[-116.59866515,49.47578364],[-116.59974722,49.47566757],[-116.60084294,49.47559244],[-116.60187256,49.47552408],[-116.60283609,49.47546248],[-116.60352733,49.47535994],[-116.60362507,49.47520719],[-116.60375089,49.47505266],[-116.60400151,49.4749227],[-116.60437826,49.47481696],[-116.60488096,49.47469875],[-116.60521314,49.4745752],[-116.605458,49.47443384],[-116.60564806,49.4742697],[-116.60591174,49.47408171],[-116.6060369,49.47398629],[-116.60613414,49.47390261],[-116.60628757,49.47373207],[-116.6068121,49.47388196],[-116.60745419,49.47396386],[-116.6085612,49.47398878],[-116.60966059,49.47401441],[-116.61075314,49.47394926],[-116.61184446,49.47387093],[-116.61294083,49.47371853],[-116.6140335,49.47344331],[-116.61483305,49.4733842],[-116.61555206,49.47338563],[-116.61553991,49.47318766],[-116.61554164,49.47298079],[-116.6155432,49.47278283],[-116.61555864,49.47257596],[-116.61561527,49.47239331],[-116.61569929,49.47222169],[-116.61578343,49.47208212],[-116.61589519,49.47191157],[-116.61599271,49.47174102],[-116.61610423,49.47159753],[-116.61618885,49.47142663],[-116.61623057,49.4713369],[-116.61630106,49.47117525],[-116.61638512,49.47097764],[-116.61646931,49.470816],[-116.61654003,49.47062729],[-116.61658223,49.47048344],[-116.61661116,49.47037592],[-116.61666711,49.47021391],[-116.61668199,49.47012419],[-116.61669726,49.46992622],[-116.6166986,49.46975532],[-116.61672686,49.46963853],[-116.61676999,49.46944698],[-116.61682651,49.46927002],[-116.61686861,49.46918919],[-116.61691082,49.46911763],[-116.61702247,49.46893782],[-116.61716176,49.46877653],[-116.61743951,49.46857536],[-116.61780879,49.46840481],[-116.61826983,49.46826453],[-116.61881315,49.46816732],[-116.61915502,49.46803843],[-116.6194688,49.46788462],[-116.61967693,49.46773223],[-116.61979588,49.46763075],[-116.61990368,49.46755313],[-116.62005218,49.46743991],[-116.62016754,49.46733808],[-116.62026533,49.46723945],[-116.62039056,49.46709596],[-116.62043242,49.4670422],[-116.62054442,49.46684459],[-116.62066987,49.46664734],[-116.62072566,49.46656651],[-116.62085107,49.46641412],[-116.62093526,49.46625247],[-116.62101945,49.46609083],[-116.62109807,49.4659922],[-116.62117691,49.46590817],[-116.62125579,49.46583981],[-116.62138121,49.46571412],[-116.62150598,49.46563259],[-116.62161228,49.46557597],[-116.62169957,49.46554429],[-116.62194839,49.46550013],[-116.62213758,49.46544958],[-116.62227325,49.4653862],[-116.62238704,49.4653157],[-116.62247513,49.46522313],[-116.62251752,49.46509708],[-116.62260435,49.46497959],[-116.62273393,49.46486601],[-116.62290655,49.4647567],[-116.62308622,49.46470329],[-116.62315671,49.46454164],[-116.62321274,49.46443376],[-116.62331026,49.46426321],[-116.62339505,49.4640567],[-116.62343702,49.46393991],[-116.62346565,49.46383203],[-116.62351754,49.46369709],[-116.62360587,49.46353579],[-116.62367536,49.46345497],[-116.62382854,49.46329653],[-116.62400895,49.46313203],[-116.62406505,49.46307827],[-116.62414383,49.46298569],[-116.62423195,49.46286321],[-116.62438535,49.46269266],[-116.62452564,49.46260222],[-116.62470993,49.46252567],[-116.62493882,49.46246372],[-116.62520119,49.46242527],[-116.62530886,49.46240284],[-116.62541499,49.46235904],[-116.62551962,49.4622946],[-116.62563096,49.46217496],[-116.62572507,49.46210518],[-116.62584362,49.46202862],[-116.62600127,49.46190935],[-116.62617248,49.46175411],[-116.62625621,49.46167328],[-116.62643634,49.46153905],[-116.62659782,49.46146535],[-116.62677012,49.46141621],[-116.62695288,49.46139058],[-116.62712298,49.46136031],[-116.62726613,49.46132863],[-116.62737657,49.46129907],[-116.62832999,49.46114312],[-116.62938331,49.46092166],[-116.6304563,49.46081342],[-116.63154782,49.46081769],[-116.63263535,49.46117196],[-116.63339167,49.46152517],[-116.63354219,49.46167863],[-116.63365151,49.46182283],[-116.63381604,49.46200334],[-116.63402184,49.46217496],[-116.63414929,49.462301],[-116.6342681,49.4624363],[-116.63433638,49.46253564],[-116.63444588,49.46267094],[-116.63448687,49.46273396],[-116.63459576,49.46290238],[-116.63471911,49.46305868],[-116.63497144,49.46313132],[-116.63535281,49.46320431],[-116.63553321,49.46325202],[-116.63572544,49.46334566],[-116.63593003,49.46348523],[-116.63603985,49.46354541],[-116.63621423,49.46361199],[-116.63643938,49.46368747],[-116.63661515,49.46377328],[-116.6368012,49.46388366],[-116.63693726,49.4639392],[-116.63705842,49.46397445],[-116.63720118,49.4639449],[-116.63733921,49.46391819],[-116.63746513,49.46390573],[-116.63758306,49.46390395],[-116.63785915,49.46389612],[-116.63815831,49.46391179],[-116.6383787,49.46393671],[-116.63863129,49.46396733],[-116.63893474,49.4639894],[-116.63918351,49.46399012],[-116.63930286,49.46399653],[-116.63940399,49.46400863],[-116.63954668,49.46402715],[-116.6397392,49.46406061],[-116.63998297,49.46410939],[-116.64016337,49.46400222],[-116.64045375,49.46385909],[-116.64055091,49.46382028],[-116.64064621,49.46379358],[-116.64074004,49.46377293],[-116.6408548,49.46376153],[-116.64092859,49.46375548],[-116.6410069,49.46374373],[-116.64110342,49.46372628],[-116.64124201,49.46369958],[-116.64136612,49.46369993],[-116.64151762,49.46370029],[-116.64180756,49.46369851],[-116.64204668,49.46370207],[-116.64223556,49.46371168],[-116.64240075,49.46371204],[-116.64253371,49.46378147],[-116.64271264,49.46386906],[-116.64292208,49.46393172],[-116.64313068,49.46397516],[-116.64321298,49.46398442],[-116.64335964,49.46405385],[-116.64347436,49.46410227],[-116.64372726,49.46417491],[-116.64394726,49.46423579],[-116.64415238,49.46426535],[-116.64435623,49.46428493],[-116.6446187,49.46428564],[-116.64481181,49.46427425],[-116.64495017,49.46425965],[-116.64510184,49.46424719],[-116.64523522,49.46425075],[-116.64535002,49.46426997],[-116.6455018,49.46431555],[-116.64563443,49.46438783],[-116.64573545,49.4644512],[-116.64587241,49.46461321],[-116.6460089,49.46480263],[-116.64614522,49.46500095],[-116.64621357,49.46511204],[-116.64625415,49.46519927],[-116.64632205,49.46537943],[-116.64642069,49.4655304],[-116.64654956,49.46569774],[-116.64678733,49.46589357],[-116.64688546,49.46596585],[-116.64696406,49.46605593],[-116.64701105,49.46617094],[-116.64703281,49.46630802],[-116.64706011,49.4664159],[-116.64816274,49.46656331],[-116.6491699,49.46630268],[-116.64999492,49.4660951],[-116.65063786,49.46594128],[-116.65072054,49.46595944],[-116.65080322,49.4659776],[-116.65095922,49.46601712],[-116.6511384,49.46607765],[-116.65131867,49.46615314],[-116.65147778,49.46623147],[-116.65160127,49.46633971],[-116.65159077,49.46646254],[-116.65156441,49.46655939],[-116.65153002,49.46665125],[-116.65151384,49.46673742],[-116.65151012,49.46682536],[-116.65152817,49.46691509],[-116.65155486,49.46701443],[-116.65162227,49.46722129],[-116.65166303,49.46732953],[-116.65174448,49.4675186],[-116.6517716,49.46760868],[-116.65181202,49.46773472],[-116.65182471,49.46787856],[-116.65185144,49.46800461],[-116.65190971,49.46821753],[-116.6520297,49.46836778],[-116.65219292,49.46849845],[-116.65239931,49.46860883],[-116.65257808,49.46870852],[-116.65260542,49.46877154],[-116.65297613,49.4690425],[-116.65309925,49.46917175],[-116.65320889,49.46930384],[-116.6533316,49.4694573],[-116.653423,49.46955343],[-116.6535332,49.46962571],[-116.65371618,49.46976422],[-116.65397249,49.46996895],[-116.65429171,49.47031467],[-116.65429115,49.4704044],[-116.65426255,49.47053044],[-116.65484085,49.47076615],[-116.6559091,49.47105206],[-116.65694472,49.4712251],[-116.65756775,49.4711959],[-116.65803381,49.47118914],[-116.65835615,49.47119519],[-116.65863358,49.47122012],[-116.658928,49.47121905],[-116.65918123,49.47118665],[-116.65936563,49.47115709],[-116.65968251,49.47116706],[-116.65994008,49.47118273],[-116.66020693,49.47118665],[-116.66044312,49.47118344],[-116.66066256,49.47120587],[-116.66086476,49.47125465],[-116.66112905,49.47138817],[-116.66135822,49.47150603],[-116.66155992,49.47160038],[-116.66171617,49.4716278],[-116.66188811,49.47164133],[-116.66202537,49.47169367],[-116.66217722,49.47176203],[-116.66238309,49.47189448],[-116.66253434,49.47200307],[-116.66271264,49.47214443],[-116.66283598,49.47226477],[-116.66285034,49.47240079],[-116.66283093,49.47255068],[-116.66274069,49.47273227],[-116.66259694,49.47293878],[-116.66252715,49.47305557],[-116.6624997,49.47325638],[-116.66250074,49.4734871],[-116.66260468,49.47380221],[-116.66276319,49.47419244],[-116.66290386,49.47447764],[-116.66295818,49.47461294],[-116.66299867,49.47473898],[-116.6630255,49.47484687],[-116.66306578,49.47499997],[-116.66311272,49.4751018],[-116.66317947,49.47521609],[-116.66328572,49.47532718],[-116.6633939,49.47542367],[-116.66351184,49.47551482],[-116.66360307,49.47561914],[-116.66364653,49.475737],[-116.66365321,49.47586517],[-116.66365281,49.47596416],[-116.66365149,49.4760991],[-116.66367871,49.47621589],[-116.66373308,49.47633303],[-116.66377374,49.47645017],[-116.66385573,49.47658511],[-116.66396466,49.47674747],[-116.66406084,49.47685571],[-116.66422545,49.47700027],[-116.66440328,49.47721639],[-116.66444469,49.47726161],[-116.66458141,49.47743287],[-116.66463143,49.47753186],[-116.664663,49.47762194],[-116.66464876,49.4776668],[-116.66452348,49.47779249],[-116.66435698,49.47795378],[-116.66417596,49.47817845],[-116.66413416,49.47823221],[-116.66407832,49.47830378],[-116.66405069,49.478349],[-116.66392507,49.47849248],[-116.66388365,49.47855515],[-116.66375803,49.47869864],[-116.6636329,49.47887845],[-116.66356283,49.47899487],[-116.66347896,49.47916578],[-116.6634647,49.4792288],[-116.66340831,49.47940825],[-116.66336534,49.47960622],[-116.66333683,49.47977712],[-116.66330853,49.47985795],[-116.66326599,49.47998363],[-116.66318238,49.48015418],[-116.66308431,49.48035179],[-116.66301471,49.48045967],[-116.6628615,49.48063022],[-116.6627779,49.48073775],[-116.66266617,49.4809172],[-116.66274321,49.48105535],[-116.66281604,49.4812145],[-116.66288375,49.48143063],[-116.66289652,49.48152961],[-116.66296171,49.48168165],[-116.66304802,49.48180804],[-116.66315651,49.48190809],[-116.66326621,49.48199853],[-116.66345795,49.48220575],[-116.66356731,49.48237702],[-116.66363521,49.48252122],[-116.66376282,49.48276155],[-116.6639626,49.48308876],[-116.66341101,49.48327106],[-116.66263885,49.48334975],[-116.66164669,49.48332483],[-116.66066361,49.48325219],[-116.65979248,49.48324472],[-116.65916569,49.48338856],[-116.65857484,49.48358866],[-116.65813697,49.48390519],[-116.65771023,49.48417188],[-116.657465,49.48441399],[-116.65728422,49.48457137],[-116.65684617,49.48469207],[-116.65634402,49.48476862],[-116.65577749,49.48480066],[-116.65568088,49.48485443],[-116.65536187,49.48500646],[-116.65512666,49.48513179],[-116.6550016,49.48521226],[-116.65477953,49.48540061],[-116.65469612,49.48548108],[-116.65451515,49.48566943],[-116.65443146,49.48576841],[-116.65425086,49.4859208],[-116.65399854,49.48606679],[-116.65365527,49.48620956],[-116.65321719,49.48638225],[-116.65289087,49.48653927],[-116.65269934,49.48666246],[-116.65265734,49.48674329],[-116.65258758,49.48690493],[-116.65239233,49.48711144],[-116.65224132,49.48724888],[-116.65211954,49.4873443],[-116.65201762,49.48738916],[-116.65169953,49.48748708],[-116.65150541,49.48756755],[-116.6513252,49.48766582],[-116.65120068,49.48774629],[-116.65103377,49.48789868],[-116.65093643,49.48802436],[-116.65089843,49.48820417],[-116.65087885,49.48836617],[-116.65084979,49.48853708],[-116.65080711,49.48871653],[-116.65079229,49.48884257],[-116.65079158,49.48895936],[-116.65077712,49.48904944],[-116.65074845,49.48916622],[-116.65069237,49.48934603],[-116.65058117,49.48940264],[-116.65037412,49.48945284],[-116.65005597,49.4895091],[-116.64979722,49.48962019],[-116.64961209,49.48977436],[-116.64958412,49.48983738],[-116.64954579,49.49002004],[-116.64952603,49.49022405],[-116.64953827,49.49043092],[-116.6495377,49.49055696],[-116.64955053,49.49068265],[-116.64957698,49.49079979],[-116.64967233,49.49098885],[-116.64975414,49.49116902],[-116.64930674,49.49150549],[-116.64877477,49.49190676],[-116.64827713,49.49239811],[-116.6476674,49.49290085],[-116.64717565,49.49346093],[-116.64656057,49.49400996],[-116.64595087,49.49457252],[-116.64539792,49.49504251],[-116.64495653,49.49540497],[-116.64468952,49.49560116],[-116.64460278,49.49571082],[-116.64457043,49.49577384],[-116.64452826,49.49584861],[-116.64447256,49.49592944],[-116.64440281,49.49601311],[-116.64434715,49.49609073],[-116.6443099,49.49615054],[-116.64427228,49.49621641],[-116.64422096,49.49629724],[-116.6441512,49.49641402],[-116.64408124,49.49655787],[-116.64402484,49.49669246],[-116.64399691,49.49673732],[-116.64389869,49.49694383],[-116.64378712,49.49711438],[-116.64369381,49.49727603],[-116.64361927,49.49744693],[-116.64354862,49.49764454],[-116.64345059,49.49782399],[-116.64331123,49.49798564],[-116.64325556,49.4980483],[-116.64315879,49.49807786],[-116.64306215,49.49810171],[-116.64289886,49.49813625],[-116.64276044,49.49818076],[-116.64264687,49.49823523],[-116.64247045,49.49838869],[-116.64232692,49.49853111],[-116.64209077,49.4986924],[-116.64199381,49.49876397],[-116.64175766,49.49892526],[-116.64163772,49.49899362],[-116.641508,49.49905949],[-116.6413972,49.4991218],[-116.64119845,49.49921438],[-116.64108431,49.499313],[-116.64097621,49.49944154],[-116.64091066,49.49955227],[-116.6408824,49.49961493],[-116.64087746,49.49967796],[-116.64088185,49.49974098],[-116.64090656,49.50014581],[-116.64091435,49.50095547],[-116.64079744,49.50162449],[-116.64055498,49.50225257],[-116.64017774,49.50278914],[-116.63991373,49.50322602],[-116.63975839,49.50349021],[-116.6397297,49.5036693],[-116.63970549,49.50379392],[-116.63967721,49.50393777],[-116.63960694,49.50409941],[-116.63955034,49.5042162],[-116.63941138,49.50435363],[-116.63928645,49.50445831],[-116.63918911,49.50452098],[-116.63905046,49.5046107],[-116.63900849,49.50467337],[-116.63895244,49.50479016],[-116.6389101,49.50490694],[-116.63885829,49.50504758],[-116.63876989,49.50521243],[-116.63863024,49.50543675],[-116.6385041,49.5056251],[-116.63847598,49.50569702],[-116.6384431,49.505775],[-116.63839217,49.50584977],[-116.63830383,49.50599326],[-116.63820996,49.50617306],[-116.63818223,49.50625389],[-116.63816749,49.50634361],[-116.63813427,49.5064725],[-116.63808279,49.50659534],[-116.63802181,49.50671213],[-116.6379508,49.50678974],[-116.63787371,49.50685561],[-116.63761018,49.50702866],[-116.63744457,49.50720597],[-116.63730344,49.50738435],[-116.63713616,49.50759086],[-116.63698299,49.50778812],[-116.63688966,49.5079049],[-116.63682942,49.50799463],[-116.63685596,49.50815663],[-116.63685968,49.50827342],[-116.63691217,49.50841548],[-116.63700003,49.50855398],[-116.6371373,49.50868216],[-116.63730701,49.50879681],[-116.63740331,49.50884203],[-116.63751329,49.50890541],[-116.63770535,49.50905887],[-116.63780153,49.50915785],[-116.63788359,49.50926609],[-116.63796564,49.50937433],[-116.63804768,49.50950073],[-116.63810216,49.50961787],[-116.63815579,49.50981583],[-116.6381829,49.50989666],[-116.63820939,49.51003196],[-116.638236,49.51015764],[-116.63827661,49.51028369],[-116.63831717,49.51038302],[-116.63835778,49.51050907],[-116.63839856,49.51062621],[-116.63841199,49.51068887],[-116.63845169,49.51086904],[-116.63849178,49.5110581],[-116.63854615,49.51122901],[-116.63858623,49.51135505],[-116.63861326,49.51142733],[-116.6386815,49.51158933],[-116.63872231,49.51168831],[-116.63873549,49.51175133],[-116.63878946,49.5119315],[-116.63882951,49.5120757],[-116.6388568,49.51214762],[-116.63893819,49.51232778],[-116.63900662,49.51246273],[-116.63906073,49.51257097],[-116.63910136,49.51269701],[-116.63911441,49.51283195],[-116.63916839,49.51301212],[-116.63922257,49.51314706],[-116.63935996,49.51321364],[-116.63954842,49.51330693],[-116.63971032,49.51341552],[-116.63983081,49.51352768],[-116.63990939,49.51364411],[-116.63996309,49.51387198],[-116.63991761,49.51421878],[-116.63981502,49.51462717],[-116.6396512,49.51498643],[-116.63954829,49.51522106],[-116.63950934,49.51544182],[-116.63949449,49.51562162],[-116.63947944,49.51574731],[-116.63945032,49.51594527],[-116.63943529,49.51615214],[-116.63942025,49.51627783],[-116.63939164,49.51641277],[-116.63939032,49.51661964],[-116.63936138,49.51679054],[-116.63933284,49.51695219],[-116.63929031,49.51708429],[-116.63924785,49.51717686],[-116.63922007,49.51723098],[-116.63909437,49.51742823],[-116.63898264,49.51758098],[-116.63878768,49.51778713],[-116.63868982,49.51791282],[-116.63853687,49.51810117],[-116.63845257,49.51823576],[-116.63838251,49.51838851],[-116.63835443,49.51844227],[-116.63827017,49.51863988],[-116.63821415,49.51877482],[-116.63808822,49.51895427],[-116.63793503,49.51912482],[-116.63785197,49.51916933],[-116.63756011,49.51934842],[-116.63725495,49.51951826],[-116.63713018,49.51958093],[-116.63681111,49.51979598],[-116.63657498,49.51993911],[-116.63629688,49.52016307],[-116.63599177,49.52037777],[-116.63579675,49.52053906],[-116.63557447,49.52069145],[-116.63540815,49.52082568],[-116.63532418,49.52092431],[-116.63517591,49.52107991],[-116.63505942,49.52122055],[-116.63501714,49.52131917],[-116.63500291,49.52140035],[-116.63471211,49.52149827],[-116.63370019,49.5219177],[-116.63273788,49.52232965],[-116.63204814,49.52280391],[-116.63175772,49.52339959],[-116.63172189,49.52408819],[-116.63102934,49.52434099],[-116.63079959,49.52446703],[-116.63068677,49.52457954],[-116.63070856,49.52468778],[-116.63072182,49.52479567],[-116.63076949,49.52496764],[-116.6308389,49.52514068],[-116.63095252,49.525318],[-116.63118639,49.52548961],[-116.63137859,49.52564307],[-116.63144384,49.52572354],[-116.63147849,49.52580935],[-116.63148291,49.52590157],[-116.63144483,49.5260123],[-116.63143063,49.52605716],[-116.63064554,49.52617644],[-116.62983568,49.52643778],[-116.62908298,49.52687715],[-116.6286011,49.52729231],[-116.62836559,49.5275946],[-116.62826726,49.52774699],[-116.62823934,49.52779185],[-116.62807226,49.52798946],[-116.62796094,49.52811479],[-116.62782089,49.5283035],[-116.62773699,49.52844698],[-116.62769518,49.52851891],[-116.62752796,49.52870726],[-116.62736073,49.52889561],[-116.627277,49.52901204],[-116.62722027,49.52915589],[-116.62720541,49.52927267],[-116.62721883,49.52938981],[-116.62720577,49.52948666],[-116.62717553,49.52959953],[-116.62707737,49.52977613],[-116.62695201,49.52993742],[-116.62692375,49.5300364],[-116.62689444,49.53019841],[-116.62684744,49.53035115],[-116.62679583,49.53046794],[-116.62668378,49.53063849],[-116.62662763,49.53074601],[-116.62654372,49.53090766],[-116.62651532,49.53099739],[-116.62648706,49.53109637],[-116.62645783,49.53128508],[-116.62641521,49.53145598],[-116.6263731,49.53154571],[-116.62630266,49.53168955],[-116.62620503,49.5318512],[-116.62616325,49.53190497],[-116.62603717,49.53209332],[-116.6259253,49.53223681],[-116.62574419,49.53245222],[-116.62549217,49.53285634],[-116.62545045,49.53295496],[-116.62536583,49.53312551],[-116.62532354,49.53326046],[-116.62530886,49.53335018],[-116.62526593,49.53353889],[-116.62518169,49.5337365],[-116.62505561,49.53394301],[-116.62491612,49.53413172],[-116.62480376,49.53432007],[-116.62474809,49.53440089],[-116.62458855,49.53457821],[-116.624437,49.53472668],[-116.62426418,49.53482922],[-116.62408063,49.53492037],[-116.62383108,49.53500939],[-116.62365145,49.53505389],[-116.62347095,49.5351162],[-116.62325015,49.53529245],[-116.62296191,49.53546549],[-116.62258723,49.53563817],[-116.62229439,49.53580125],[-116.62210231,49.53595435],[-116.62201203,49.53611884],[-116.62200141,49.5362958],[-116.62200932,49.53649662],[-116.62203567,49.53669458],[-116.62206243,49.53680282],[-116.62211606,49.53700969],[-116.6221425,49.53715389],[-116.62218289,49.53731589],[-116.62220952,49.53739672],[-116.62227765,49.53755908],[-116.62235951,49.53770328],[-116.62248226,49.5379283],[-116.62256323,49.53814478],[-116.6226443,49.53836981],[-116.62267115,49.53850475],[-116.62269794,49.53857667],[-116.62273849,49.53874794],[-116.62279213,49.5389548],[-116.62284609,49.53914387],[-116.62285917,49.53921579],[-116.62288499,49.53941375],[-116.62289741,49.53959392],[-116.62323459,49.54013155],[-116.62342966,49.54048618],[-116.62351162,49.54067525],[-116.62359262,49.54087357],[-116.62363258,49.54106228],[-116.62356077,49.54126416],[-116.62329147,49.54150307],[-116.62282552,49.54177937],[-116.62301487,49.54234976],[-116.62316804,49.54276705],[-116.62323709,49.54300312],[-116.6232571,49.54321105],[-116.62325632,49.54329187],[-116.62321359,49.54347168],[-116.62318537,49.54355251],[-116.62315621,49.54374121],[-116.62309921,49.54393918],[-116.6231251,49.54413394],[-116.62311002,49.54433475],[-116.6230673,49.54451456],[-116.62301087,49.54467621],[-116.62299126,49.54480225],[-116.62298092,49.5449639],[-116.6229799,49.54504508],[-116.62299245,49.54523378],[-116.62296376,49.54539579],[-116.62294941,49.54546771],[-116.62290615,49.54564752],[-116.62289189,49.54574614],[-116.62289033,49.54594411],[-116.62288892,49.54613317],[-116.62289744,49.5462172],[-116.62291495,49.54630408],[-116.62304231,49.54652341],[-116.62317179,49.54666155],[-116.62331219,49.54678795],[-116.62345457,49.54689334],[-116.62358285,49.54697168],[-116.62369752,49.54704431],[-116.62387493,49.5470938],[-116.62422425,49.547076],[-116.62483098,49.54703683],[-116.62565728,49.54703861],[-116.62659947,49.54714365],[-116.62682108,49.54715326],[-116.62697573,49.54716288],[-116.62716151,49.54718139],[-116.62740369,49.54724192],[-116.62769026,49.54732702],[-116.62778668,49.54737223],[-116.62797969,49.54747193],[-116.62821364,49.54763429],[-116.62839176,49.54780591],[-116.62858371,49.54800423],[-116.62870726,49.54813988],[-116.62879821,49.54828693],[-116.62887071,49.54845499],[-116.62892461,49.54867111],[-116.62901983,49.54887834],[-116.62904666,49.54895026],[-116.62907258,49.54916638],[-116.62908579,49.54928317],[-116.62911172,49.54948113],[-116.62913779,49.5496702],[-116.62917829,49.5498322],[-116.62921855,49.5499764],[-116.62928679,49.55010244],[-116.62947906,49.55028296],[-116.62953404,49.55034598],[-116.62973507,49.55052259],[-116.6300017,49.55065931],[-116.63063654,49.55079924],[-116.63110613,49.55085478],[-116.63109576,49.55097157],[-116.63110437,49.5510855],[-116.63113088,49.55119659],[-116.63114906,49.55126282],[-116.63114521,49.55134257],[-116.63112945,49.55142447],[-116.63107331,49.5515384],[-116.63094764,49.55170895],[-116.63078065,49.55187024],[-116.63060418,49.55204044],[-116.63047371,49.55218393],[-116.63040421,49.55229181],[-116.63031925,49.55250722],[-116.63033267,49.55256134],[-116.63027034,49.55266602],[-116.63023253,49.55278281],[-116.63021978,49.5529117],[-116.63024603,49.5530737],[-116.63028616,49.5532268],[-116.63032698,49.55335285],[-116.63043612,49.55355117],[-116.63058627,49.55377655],[-116.63076486,49.55393891],[-116.63087489,49.55401119],[-116.63098507,49.55407456],[-116.63127487,49.55416536],[-116.63142622,49.55422874],[-116.63177107,49.55434694],[-116.63203313,49.55445554],[-116.63217091,49.55451002],[-116.63240514,49.55462787],[-116.63262536,49.55476353],[-116.63281325,49.55489277],[-116.63297169,49.55503519],[-116.63311991,49.55518758],[-116.63318809,49.55528692],[-116.63329725,49.55546709],[-116.63333798,49.55554827],[-116.6334477,49.55572843],[-116.63359803,49.55592675],[-116.63366622,49.55602609],[-116.63373476,49.55616993],[-116.63387505,49.55630452],[-116.63408789,49.55640421],[-116.63448253,49.55641134],[-116.63498627,49.55641703],[-116.63572386,49.55640137],[-116.63639259,49.55632446],[-116.63696069,49.5562091],[-116.63742683,49.55605564],[-116.6375236,49.55610121],[-116.63769801,49.55616459],[-116.63788648,49.55622512],[-116.63809035,49.5563006],[-116.63829588,49.55639425],[-116.63847905,49.55653667],[-116.6386527,49.55669831],[-116.63872144,49.55677949],[-116.63887195,49.55696891],[-116.63895398,49.55709496],[-116.63917407,49.55731144],[-116.6393246,49.55751902],[-116.63950243,49.55771734],[-116.63963963,49.55791566],[-116.63972182,49.5580328],[-116.63983063,49.55822222],[-116.63991251,49.55842908],[-116.63999374,49.55862741],[-116.6400482,49.55878051],[-116.64008867,49.55887949],[-116.64019746,49.55910452],[-116.64027523,49.55922486],[-116.64040173,49.55935802],[-116.64056812,49.55951042],[-116.64072832,49.55967883],[-116.6408695,49.55985329],[-116.64093827,49.55995263],[-116.64103418,49.56005162],[-116.64122675,49.56022323],[-116.64143288,49.56038559],[-116.64165236,49.56057537],[-116.6418865,49.56075589],[-116.64201017,49.56085523],[-116.64221605,49.56107171],[-116.64233944,49.561207],[-116.64257284,49.56140283],[-116.64284799,49.56159546],[-116.64302726,49.56170405],[-116.64314159,49.56178523],[-116.64327445,49.56189347],[-116.64345331,49.56204693],[-116.64361789,49.56220039],[-116.64390698,49.56241723],[-116.64397077,49.56248345],[-116.64422735,49.56269495],[-116.64460942,49.56301504],[-116.64521029,49.56343269],[-116.64579038,49.56392297],[-116.64646325,49.56438798],[-116.64689168,49.56486509],[-116.64731291,49.5652838],[-116.64760766,49.56568152],[-116.6481583,49.56608706],[-116.64883301,49.56650684],[-116.649518,49.56694586],[-116.65008947,49.56738629],[-116.6505756,49.56776228],[-116.65067199,49.5677808],[-116.65100369,49.56787159],[-116.65127955,49.56795028],[-116.65150042,49.56799906],[-116.65179987,49.56800582],[-116.65208113,49.56800084],[-116.65235802,49.56799265],[-116.65268995,49.56797556],[-116.65304493,49.56797983],[-116.65343664,49.56800476],[-116.65363485,49.56800867],[-116.65387938,49.56799728],[-116.65397643,49.56797058],[-116.65413374,49.56784204],[-116.65428257,49.5676925],[-116.65436162,49.56758497],[-116.654441,49.56745323],[-116.65453866,49.56733075],[-116.65467153,49.5672129],[-116.65483998,49.56710074],[-116.65497421,49.56702917],[-116.65509458,49.56696651],[-116.65520052,49.56691274],[-116.65543189,49.56679062],[-116.65567306,49.56663538],[-116.6558071,49.56655776],[-116.65592272,49.56650115],[-116.65614484,49.56640893],[-116.65635301,49.5662957],[-116.65649227,49.56612516],[-116.65661296,49.56598452],[-116.65673208,49.56588411],[-116.6568544,49.56579332],[-116.65695184,49.56572175],[-116.65704913,49.56564092],[-116.65717468,49.56548853],[-116.65728557,49.56543477],[-116.65735502,49.56541697],[-116.65754844,49.56539062],[-116.65782545,49.56537353],[-116.65796369,49.56536498],[-116.65812937,49.56535644],[-116.65847532,49.56539347],[-116.65873721,49.56545115],[-116.65899949,49.56552094],[-116.65927559,49.56562063],[-116.65952383,49.56571142],[-116.65963443,49.56575059],[-116.65975832,49.56578406],[-116.66003868,49.56589265],[-116.660324,49.56601941],[-116.66053052,49.5661102],[-116.66083342,49.56629072],[-116.6609573,49.56638116],[-116.66110898,49.56646554],[-116.66127435,49.56653497],[-116.66144483,49.56653533],[-116.66166188,49.56652714],[-116.66198084,49.56640216],[-116.6620503,49.56638436],[-116.66224369,49.56633986],[-116.66252083,49.56629571],[-116.66260402,49.56629606],[-116.66268667,49.56629642],[-116.66276971,49.56628752],[-116.6628805,49.56627897],[-116.6631018,49.56625832],[-116.66333704,49.56622628],[-116.66346194,49.56620847],[-116.66357273,49.56619993],[-116.66371094,49.56617322],[-116.66396035,49.56614688],[-116.66416751,49.56613869],[-116.6644258,49.56614225],[-116.66462832,49.56617002],[-116.66480936,49.56621132],[-116.66496899,49.56626687],[-116.66519836,49.56639042],[-116.66542355,49.56653818],[-116.66567075,49.5667365],[-116.66581772,49.56684509],[-116.66591891,49.56690812],[-116.66605678,49.56696259],[-116.66633247,49.56703523],[-116.66654731,49.56709113],[-116.66677772,49.56712459],[-116.66702375,49.56713634],[-116.66710637,49.56711854],[-116.66718074,49.56710394],[-116.66725916,49.56709219],[-116.66735606,49.56707439],[-116.66748055,49.56704769],[-116.66781325,49.56694087],[-116.66800732,49.56688746],[-116.66816387,49.56686361],[-116.66838053,49.56684331],[-116.66867128,49.56682622],[-116.66901863,49.56725206],[-116.66931519,49.56772739],[-116.66956206,49.56830598],[-116.66982609,49.56872932],[-116.67010896,49.56899814],[-116.67031566,49.56911564],[-116.67059091,49.56927836],[-116.67071455,49.56937947],[-116.67083413,49.56949199],[-116.670934,49.56964794],[-116.67097553,49.56972022],[-116.67107057,49.56992744],[-116.67113891,49.57006238],[-116.67127595,49.5702518],[-116.67137821,49.57035684],[-116.67148643,49.57045012],[-116.67159248,49.5705046],[-116.67179538,49.57050496],[-116.67198882,49.57048252],[-116.67217818,49.57044621],[-116.67239576,49.57036289],[-116.67255091,49.57031732],[-116.67273755,49.57027067],[-116.67294343,49.57024931],[-116.67310157,49.57023898],[-116.67332942,49.57021762],[-116.67354502,49.57014427],[-116.67381268,49.57005206],[-116.67416869,49.56994489],[-116.67452843,49.56993598],[-116.6748189,49.5699399],[-116.67504007,49.56995664],[-116.67520615,49.56993883],[-116.67544143,49.56990358],[-116.67556608,49.56988614],[-116.67565804,49.56986833],[-116.67577361,49.56985053],[-116.67592568,49.56981493],[-116.67604004,49.56978146],[-116.67618473,49.56973197],[-116.67634166,49.56966325],[-116.6764251,49.56962764],[-116.67655909,49.56958883],[-116.67670235,49.56955643],[-116.67677111,49.56954753],[-116.67692373,49.56951193],[-116.67706222,49.56946742],[-116.67714525,49.56945852],[-116.67742215,49.56945033],[-116.67767108,49.5694603],[-116.67782277,49.56946956],[-116.67797803,49.56945389],[-116.67813689,49.56943146],[-116.67829371,49.5693898],[-116.67842286,49.56934529],[-116.67859266,49.5693047],[-116.67875552,49.56927729],[-116.67897205,49.56926589],[-116.67926195,49.56936559],[-116.67956598,49.56943858],[-116.67966264,49.56945674],[-116.67999399,49.56953863],[-116.68029772,49.56961126],[-116.68060159,49.569675],[-116.68082269,49.56972983],[-116.68098804,49.56978431],[-116.68130554,49.5698751],[-116.68143901,49.56991142],[-116.68163689,49.56995699],[-116.68173355,49.56997515],[-116.6819685,49.57003853],[-116.68207853,49.5700841],[-116.68220296,49.57013822],[-116.68252012,49.57029204],[-116.68282366,49.57041879],[-116.6829706,49.57049427],[-116.6830852,49.57056335],[-116.68322243,49.57074387],[-116.68338685,49.57094219],[-116.68348257,49.57110419],[-116.68356521,49.57120353],[-116.68374391,49.57140185],[-116.6839362,49.57160907],[-116.68403215,49.57169951],[-116.68416998,49.57181665],[-116.68432105,49.57197011],[-116.6845412,49.57215063],[-116.68471058,49.57228878],[-116.68487132,49.57243939],[-116.68496753,49.57252947],[-116.68509135,49.57262881],[-116.68536646,49.57282749],[-116.68549039,49.57289976],[-116.68560059,49.57297204],[-116.68563713,49.57304681],[-116.68565521,49.57308883],[-116.68566828,49.57321487],[-116.68569521,49.57333201],[-116.68565226,49.57353567],[-116.68564678,49.5736845],[-116.68565076,49.57378171],[-116.68566375,49.57397041],[-116.68569032,49.57413242],[-116.68567538,49.57424422],[-116.68564725,49.57436634],[-116.68557288,49.57447992],[-116.68549348,49.57458176],[-116.6854102,49.57466543],[-116.68534962,49.57475515],[-116.68531231,49.57485093],[-116.68527868,49.57501899],[-116.68522682,49.57519274],[-116.68515688,49.57536329],[-116.68512832,49.57546227],[-116.68507172,49.57564208],[-116.68504384,49.5757108],[-116.68500174,49.57579447],[-116.68494582,49.57586639],[-116.68489909,49.57595042],[-116.68484778,49.576064],[-116.6848242,49.57612097],[-116.68480578,49.57618079],[-116.68476304,49.57635169],[-116.68473458,49.57646242],[-116.68472309,49.57657957],[-116.68474243,49.57670846],[-116.68485039,49.57710154],[-116.68504996,49.57762066],[-116.68518407,49.57800377],[-116.68533329,49.57827402],[-116.68549653,49.57843139],[-116.68555126,49.57848551],[-116.68571654,49.57864787],[-116.68581278,49.57873795],[-116.68606041,49.57896369],[-116.68610124,49.57900855],[-116.68618406,49.57909899],[-116.68514729,49.57920118],[-116.68406834,49.57921293],[-116.68295022,49.57908795],[-116.68181398,49.57887112],[-116.6817432,49.57935962],[-116.68164901,49.57965621],[-116.68153194,49.57976089],[-116.68122727,49.57978688],[-116.68113049,49.57979579],[-116.68086261,49.57982178],[-116.68061827,49.57985738],[-116.67971996,49.57965693],[-116.67922689,49.58009238],[-116.67893427,49.58045021],[-116.67878812,49.58070372],[-116.67868823,49.58089528],[-116.67832935,49.58077849],[-116.67795991,49.58086145],[-116.67757989,49.58114416],[-116.67715723,49.58112885],[-116.67669448,49.58115947],[-116.67628649,49.58126237],[-116.6759736,49.58139126],[-116.67589506,49.58143007],[-116.67583953,49.58146152],[-116.6758209,49.58147208],[-116.67555714,49.58163622],[-116.67536265,49.5817765],[-116.67526515,49.58187513],[-116.67518128,49.58200082],[-116.67512496,49.58209944],[-116.67502718,49.58227925],[-116.67498498,49.58235117],[-116.67488693,49.58254878],[-116.67481662,49.58276419],[-116.67478358,49.58289024],[-116.67474582,49.58301913],[-116.67471738,49.58313378],[-116.67470275,49.58323169],[-116.67468811,49.58337554],[-116.67464525,49.58355534],[-116.67464483,49.58364542],[-116.67467117,49.58382523],[-116.67468866,49.58391246],[-116.67469763,49.58399614],[-116.6747105,49.58415814],[-116.67473636,49.58437426],[-116.67477287,49.58449425],[-116.67483175,49.58462635],[-116.67487262,49.58468937],[-116.67506083,49.58486383],[-116.6752135,49.58497314],[-116.67535011,49.58505966],[-116.67550649,49.58513194],[-116.67580971,49.58523164],[-116.67611361,49.58532243],[-116.67639015,49.58538616],[-116.67661122,49.5854499],[-116.67684585,49.58550437],[-116.6770115,49.58552289],[-116.67724639,49.58555956],[-116.67748157,49.58561404],[-116.67771637,49.58567777],[-116.6778652,49.58574115],[-116.67805183,49.58583159],[-116.67825417,49.58595798],[-116.67837724,49.5861385],[-116.67841854,49.58621043],[-116.6784864,49.58639059],[-116.67861748,49.58654689],[-116.67886913,49.58683031],[-116.67936454,49.58726042],[-116.67988542,49.58778453],[-116.68054775,49.5883122],[-116.68110814,49.58886337],[-116.68172161,49.58933087],[-116.6822064,49.58968372],[-116.68268334,49.5898831],[-116.68259006,49.5900565],[-116.68254297,49.59023061],[-116.68254171,49.59040437],[-116.68205737,49.59036698],[-116.68186382,49.59033956],[-116.6816845,49.59029399],[-116.68161524,49.59027583],[-116.68133921,49.5902121],[-116.68116429,49.59016652],[-116.6809802,49.59013021],[-116.68067594,49.59010243],[-116.68059283,49.59009318],[-116.68050959,49.59009282],[-116.68030205,49.59008321],[-116.68016406,49.59009211],[-116.67990078,49.5901003],[-116.6797256,49.59012878],[-116.67954056,49.5901683],[-116.679388,49.59021566],[-116.679157,49.59029613],[-116.67891641,49.5903944],[-116.6787777,49.59043285],[-116.67862537,49.59046561],[-116.67850128,49.59045208],[-116.67838573,49.59043178],[-116.67824468,49.59040152],[-116.67805724,49.59038905],[-116.6778234,49.5903944],[-116.67751891,49.5904446],[-116.67743554,49.59045314],[-116.67714513,49.5904973],[-116.67685367,49.5905596],[-116.67653478,49.59065752],[-116.67631799,49.59072303],[-116.67617606,49.59078356],[-116.67603545,49.59085406],[-116.67578551,49.59103315],[-116.67566508,49.59112288],[-116.67553492,49.59123931],[-116.67541393,49.59137105],[-116.67534896,49.59150279],[-116.67529717,49.59163453],[-116.67525039,49.59174241],[-116.67519916,49.59183214],[-116.67514309,49.5918948],[-116.67507319,49.59198453],[-116.67500342,49.59206535],[-116.67493416,49.59212801],[-116.67486478,49.59218213],[-116.67478107,49.59223554],[-116.67471138,49.59228931],[-116.67455812,49.59245095],[-116.67446555,49.59255278],[-116.67438632,49.59268132],[-116.67432074,49.59283691],[-116.67426412,49.59296296],[-116.67418022,49.59315131],[-116.67409601,49.59328625],[-116.67397041,49.59349276],[-116.6739142,49.59356433],[-116.67383028,49.59371708],[-116.67366307,49.59391469],[-116.67355159,49.59403111],[-116.67346796,49.59412084],[-116.67342587,49.5941657],[-116.67328663,49.59434515],[-116.67320292,49.59446194],[-116.67315115,49.59455166],[-116.67311886,49.59462359],[-116.67304804,49.59480339],[-116.67299166,49.5950099],[-116.67296271,49.59518081],[-116.67293372,49.59533355],[-116.67289154,49.5954863],[-116.67284912,49.5956394],[-116.67282093,49.59571097],[-116.67280644,49.59574693],[-116.67275053,49.59589968],[-116.67265199,49.59609729],[-116.67251229,49.59631305],[-116.67240048,49.59647435],[-116.67235818,49.59655517],[-116.6723019,49.59671717],[-116.67227388,49.596798],[-116.67224477,49.59695965],[-116.67224402,49.59713981],[-116.67225607,49.59734667],[-116.6722969,49.59751758],[-116.67170997,49.5976867],[-116.67087824,49.59783731],[-116.67006512,49.59801178],[-116.66959409,49.59811753],[-116.66924277,49.59826849],[-116.66895207,49.59846753],[-116.66863981,49.59868258],[-116.66826629,49.5989044],[-116.66796823,49.59909026],[-116.66774595,49.59924052],[-116.66756475,49.59945593],[-116.66748976,49.59959657],[-116.66743844,49.59971656],[-116.66739564,49.59989636],[-116.66735266,49.60006691],[-116.66729612,49.60024672],[-116.66726815,49.6003457],[-116.66723875,49.60057037],[-116.66721019,49.60073202],[-116.66715386,49.60087586],[-116.66711119,49.60104677],[-116.66708258,49.60110943],[-116.66702584,49.6013252],[-116.66697435,49.60143593],[-116.66689963,49.60155877],[-116.6667049,49.60173822],[-116.66653743,49.60195363],[-116.66648148,49.6020074],[-116.66638386,49.60211493],[-116.66617522,49.60228512],[-116.66595298,49.60244641],[-116.66570259,49.6026166],[-116.66549353,49.6027779],[-116.6652431,49.60299331],[-116.66507579,49.6031546],[-116.6650064,49.60322617],[-116.664931,49.60340704],[-116.66481749,49.60365557],[-116.66466423,49.60397174],[-116.66443003,49.6042961],[-116.66426086,49.60453537],[-116.66415648,49.6046899],[-116.66413743,49.60477998],[-116.66405293,49.60499539],[-116.66401048,49.60513033],[-116.66398142,49.60531014],[-116.66393915,49.60542977],[-116.66389258,49.60554371],[-116.66384995,49.6056694],[-116.66384004,49.60579544],[-116.663839,49.60589442],[-116.66384318,49.60601441],[-116.66386521,49.60615541],[-116.66389253,49.60620953],[-116.66391946,49.60629035],[-116.66396057,49.60636263],[-116.66397397,49.60640749],[-116.66407011,49.60653354],[-116.66398646,49.60662647],[-116.66388882,49.6067372],[-116.6637665,49.60684152],[-116.66363355,49.60692235],[-116.66343012,49.60699071],[-116.66320823,49.60706192],[-116.66304159,49.60713348],[-116.66295854,49.60717799],[-116.66266638,49.60734818],[-116.66237472,49.60750022],[-116.6620966,49.60768821],[-116.66180474,49.60787621],[-116.66159564,49.60808272],[-116.66151209,49.60814539],[-116.66128966,49.60829742],[-116.66112266,49.60845907],[-116.66088139,49.60862321],[-116.66065007,49.60876349],[-116.66052501,49.6088258],[-116.66028875,49.60892407],[-116.66017798,49.60896893],[-116.66005254,49.6090405],[-116.65992317,49.60913201],[-116.65981607,49.60921675],[-116.6597188,49.60931822],[-116.65966302,49.60938124],[-116.6595783,49.60955179],[-116.65952648,49.6097494],[-116.65949242,49.60995627],[-116.6594912,49.61017204],[-116.65947685,49.61027992],[-116.6584512,49.61021619],[-116.65739574,49.61030484],[-116.6563094,49.6105466],[-116.65534682,49.61095143],[-116.65452731,49.61134487],[-116.65439606,49.6114581],[-116.6542469,49.61164075],[-116.65411933,49.61205698],[-116.65404762,49.61265657],[-116.65293081,49.61270998],[-116.65223264,49.61268505],[-116.65163896,49.61264019],[-116.65161388,49.61297595],[-116.65154133,49.61338256],[-116.65142295,49.61386003],[-116.65091729,49.61439517],[-116.65028494,49.61488795],[-116.64960354,49.61513362],[-116.64885145,49.6152942],[-116.64906122,49.61562177],[-116.64923967,49.61606506],[-116.64926558,49.61612915],[-116.64926822,49.61679354],[-116.6491993,49.61740025],[-116.64893904,49.61789695],[-116.64880177,49.61835732],[-116.64854294,49.61885117],[-116.64840345,49.61942655],[-116.64814235,49.62003148],[-116.64775952,49.62059084],[-116.64713462,49.62110854],[-116.64650167,49.62159028],[-116.64605957,49.6220948],[-116.64580803,49.62262176],[-116.64560753,49.62290304],[-116.64546758,49.62312237],[-116.64538791,49.6232801],[-116.64538687,49.62344175],[-116.64538624,49.62351403],[-116.64538513,49.62370274],[-116.64538404,49.62382878],[-116.64536966,49.6239185],[-116.64536806,49.62412537],[-116.64536772,49.62421545],[-116.64536588,49.62444012],[-116.64535079,49.62462919],[-116.64534939,49.62480009],[-116.64536166,49.62499805],[-116.64536056,49.62518676],[-116.64535051,49.62530355],[-116.64533124,49.62541143],[-116.64527421,49.62559124],[-116.64520379,49.62580701],[-116.64514725,49.62596865],[-116.64506274,49.62614846],[-116.64500652,49.62626525],[-116.64493625,49.62638167],[-116.64484769,49.62655543],[-116.64479533,49.62671423],[-116.64476633,49.62689403],[-116.64475201,49.62700192],[-116.64472315,49.6271276],[-116.64469435,49.62727145],[-116.64468035,49.62733447],[-116.64466536,49.62745126],[-116.64462231,49.62767592],[-116.64462155,49.6277571],[-116.64463479,49.62783793],[-116.64466169,49.62799103],[-116.64467473,49.62810782],[-116.64467405,49.62816194],[-116.64468664,49.6283777],[-116.64468563,49.62852191],[-116.64472124,49.62865293],[-116.64478033,49.62878894],[-116.64486239,49.62890609],[-116.64494505,49.62899937],[-116.64505434,49.62917953],[-116.64508629,49.62923971],[-116.64512266,49.62929667],[-116.64515038,49.62934154],[-116.64519148,49.62939566],[-116.64525986,49.62953096],[-116.6455213,49.62970257],[-116.64574194,49.62988309],[-116.64592106,49.63000059],[-116.64618264,49.63016331],[-116.6463479,49.63028971],[-116.64645831,49.63036198],[-116.64665759,49.63048055],[-116.64688786,49.6305774],[-116.64714882,49.63065217],[-116.64736071,49.63071448],[-116.64754907,49.63078533],[-116.64779733,49.63091493],[-116.64805022,49.6310894],[-116.64823829,49.63124001],[-116.64829326,49.63128523],[-116.6483486,49.63132119],[-116.6484316,49.63136641],[-116.64862393,49.63152912],[-116.64869307,49.63158324],[-116.64877528,49.63164626],[-116.64905136,49.63181824],[-116.64913232,49.63188624],[-116.64921165,49.63196849],[-116.64929855,49.63209774],[-116.65026813,49.63207175],[-116.6512938,49.63190689],[-116.65237611,49.63160318],[-116.65350018,49.6313098],[-116.65461253,49.63104916],[-116.65571434,49.63088467],[-116.65674381,49.6308309],[-116.6577137,49.63079174],[-116.65771388,49.63075578],[-116.65774298,49.63054001],[-116.65786902,49.6303335],[-116.65791115,49.63026158],[-116.65798089,49.63018075],[-116.65806456,49.63010919],[-116.65906992,49.63024413],[-116.66004209,49.63025481],[-116.66090413,49.63022134],[-116.66165558,49.6300896],[-116.662518,49.62998813],[-116.66349888,49.62985212],[-116.6646168,49.62975634],[-116.66571542,49.62972572],[-116.66681344,49.6297777],[-116.66767963,49.63001519],[-116.66849025,49.63032816],[-116.6686909,49.6304218],[-116.66891333,49.63050939],[-116.66919309,49.63056422],[-116.66949879,49.63061015],[-116.66955431,49.63061015],[-116.66984478,49.63070985],[-116.67016248,49.6308099],[-116.67030059,49.63084621],[-116.67050803,49.63090069],[-116.67077046,49.63100039],[-116.67097921,49.63109901],[-116.67117544,49.63117841],[-116.67139668,49.63125425],[-116.67165453,49.63134469],[-116.67187512,49.63142622],[-116.67199956,49.6314807],[-116.67228927,49.63164342],[-116.67249608,49.63175201],[-116.67267124,49.63186025],[-116.67290355,49.63204077],[-116.67312989,49.63223945],[-116.67323069,49.63238365],[-116.67333627,49.63249474],[-116.67345077,49.63259692],[-116.67361632,49.63272938],[-116.67380449,49.63287999],[-116.6740941,49.6330516],[-116.67431789,49.63315237],[-116.67454496,49.63323568],[-116.67478803,49.63328161],[-116.67499246,49.63331188],[-116.67521393,49.6333247],[-116.67546302,49.63332541],[-116.6756472,49.63366757],[-116.67593828,49.63404036],[-116.67629781,49.63435796],[-116.6766595,49.63460577],[-116.67670083,49.63466915],[-116.6767417,49.63476813],[-116.67680994,49.63487602],[-116.67686005,49.63496325],[-116.67691955,49.63509249],[-116.67697393,49.63520928],[-116.67701016,49.63530862],[-116.67702794,49.6354076],[-116.6770274,49.63549733],[-116.67701286,49.63558741],[-116.67701259,49.63563227],[-116.67695186,49.63577398],[-116.67685694,49.63592459],[-116.67672836,49.6360841],[-116.67656998,49.63629382],[-116.67647524,49.63644336],[-116.67636967,49.63655694],[-116.67625807,49.63664666],[-116.6760525,49.63679905],[-116.67587147,49.63694539],[-116.67571498,49.63708568],[-116.67563557,49.63726548],[-116.67559244,49.63746914],[-116.67550694,49.63785867],[-116.67529143,49.6383137],[-116.6751231,49.63863308],[-116.67501991,49.63887982],[-116.67498209,49.63905358],[-116.67504979,49.63923374],[-116.67507709,49.63929676],[-116.67515945,49.63946767],[-116.6752279,49.63958481],[-116.67532394,49.63969625],[-116.67540607,49.63979523],[-116.67548876,49.63990134],[-116.6755619,49.64001171],[-116.67563957,49.64016161],[-116.67570803,49.64027875],[-116.67580347,49.64044111],[-116.67661255,49.64096807],[-116.67732495,49.64146476],[-116.67794066,49.64193119],[-116.67787035,49.64208679],[-116.67778609,49.64223633],[-116.6776742,49.64239798],[-116.67756255,49.64253862],[-116.67745116,49.64265825],[-116.67727309,49.64277967],[-116.67708466,49.64288826],[-116.67683927,49.64298938],[-116.67657539,49.64309655],[-116.67635155,49.64321975],[-116.67612616,49.64336822],[-116.67592122,49.64356262],[-116.67583304,49.64367015],[-116.67577077,49.64379904],[-116.67571089,49.64395784],[-116.67568687,49.64412839],[-116.67565351,49.64425443],[-116.67562572,49.64432636],[-116.67555496,49.64449691],[-116.67552728,49.64455993],[-116.67542903,49.64473048],[-116.67527513,49.64490993],[-116.67523352,49.64496369],[-116.67516902,49.64515062],[-116.67509658,49.6453792],[-116.67501651,49.6456498],[-116.67489813,49.64588836],[-116.67479192,49.64607279],[-116.67469872,49.64620346],[-116.67462876,49.64633236],[-116.67453075,49.6464819],[-116.67443308,49.64662539],[-116.67433462,49.64676923],[-116.6742507,49.64691272],[-116.67422259,49.64696684],[-116.67419462,49.64702951],[-116.67416614,49.64713739],[-116.67413766,49.64724527],[-116.67412362,49.6473172],[-116.67409499,49.64746104],[-116.67408028,49.64754507],[-116.67406578,49.6476558],[-116.67405124,49.64779359],[-116.67403648,49.64792854],[-116.67403575,49.64799156],[-116.67403959,49.64811155],[-116.67403434,49.64820733],[-116.6740203,49.64827925],[-116.67399534,49.64848932],[-116.67394035,49.64866094],[-116.67378104,49.64882437],[-116.67343344,49.64896429],[-116.67290625,49.64910387],[-116.67290581,49.64938657],[-116.67284931,49.64958739],[-116.6727359,49.64970595],[-116.67265297,49.64974156],[-116.67252765,49.64980422],[-116.67240212,49.64988469],[-116.67213808,49.65002782],[-116.67189275,49.6501471],[-116.67175073,49.65023469],[-116.67163779,49.65031444],[-116.6715538,49.65039527],[-116.67147006,49.65047574],[-116.67134458,49.65060142],[-116.67123307,49.65072996],[-116.67114896,49.65084354],[-116.67108802,49.65097528],[-116.6710369,49.65106821],[-116.67100817,49.65122095],[-116.67099331,49.6513648],[-116.67093661,49.6515357],[-116.67090811,49.65167065],[-116.67087924,49.65185936],[-116.67087852,49.65192238],[-116.67085004,49.65205412],[-116.6707751,49.65219974],[-116.67066787,49.65237136],[-116.670447,49.65250773],[-116.67027053,49.65259425],[-116.67013956,49.65263092],[-116.6699733,49.65263911],[-116.66984879,49.65265691],[-116.66967281,49.65267756],[-116.6694786,49.65270071],[-116.66926623,49.65272706],[-116.66914117,49.65274486],[-116.66894703,49.65278936],[-116.66887751,49.65280717],[-116.66880843,49.65283387],[-116.6686694,49.65286948],[-116.66833666,49.65295849],[-116.66804462,49.6530475],[-116.66779514,49.65311871],[-116.66757284,49.65317212],[-116.66729058,49.65324938],[-116.66703176,49.65334125],[-116.66690655,49.65339501],[-116.66665646,49.65352034],[-116.666559,49.65357375],[-116.66628058,49.653771],[-116.66605759,49.65397716],[-116.6658899,49.65418367],[-116.66582002,49.65425523],[-116.66572202,49.65438092],[-116.66559664,49.6544977],[-116.66541501,49.65469496],[-116.66531547,49.65486657],[-116.66525596,49.65498514],[-116.66524618,49.65507237],[-116.66524481,49.65526108],[-116.6652489,49.65536006],[-116.66528224,49.65545014],[-116.66532604,49.65554022],[-116.66545132,49.6557033],[-116.66558511,49.65591764],[-116.66572821,49.6561829],[-116.66578628,49.65644389],[-116.6658296,49.65666499],[-116.66585786,49.65684587],[-116.66589013,49.65703208],[-116.6659211,49.6572329],[-116.66595028,49.65744902],[-116.66600383,49.65756794],[-116.66608293,49.65770716],[-116.6662106,49.65787237],[-116.66627462,49.65799841],[-116.66630463,49.65814261],[-116.66631871,49.65830426],[-116.66630384,49.65847516],[-116.66627513,49.65862791],[-116.66624604,49.65881698],[-116.66621663,49.65903274],[-116.66620225,49.65915843],[-116.66613318,49.65930512],[-116.66603835,49.65946997],[-116.66595826,49.65966438],[-116.66583886,49.6600539],[-116.66565292,49.66044022],[-116.66531639,49.66076992],[-116.66503483,49.66101702],[-116.66480738,49.66118116],[-116.66460752,49.66133961],[-116.66446823,49.66142007],[-116.66434345,49.66148274],[-116.66403749,49.66160771],[-116.66373956,49.66170598],[-116.66347727,49.66181316],[-116.66323124,49.66196519],[-116.66309235,49.66206097],[-116.66292784,49.6622041],[-116.66279475,49.66234474],[-116.66268695,49.66251244],[-116.66254747,49.66268299],[-116.66250045,49.66277556],[-116.66246277,49.66287134],[-116.66243443,49.66297033],[-116.66236901,49.66308711],[-116.66230857,49.66317684],[-116.66215525,49.66332923],[-116.66208548,49.66339189],[-116.66201546,49.66345491],[-116.66189022,49.66358024],[-116.66182056,49.66363401],[-116.66170898,49.66369667],[-116.66146304,49.66384301],[-116.6612609,49.66392526],[-116.6610696,49.66399184],[-116.66098596,49.66406341],[-116.66084604,49.66422505],[-116.66070658,49.66436854],[-116.66062271,49.66448497],[-116.66052936,49.66458965],[-116.6604412,49.66467332],[-116.66028799,49.66481681],[-116.66016182,49.66497846],[-116.65993813,49.66524764],[-116.65941109,49.66533594],[-116.65914724,49.66543421],[-116.65905597,49.66549296],[-116.6589617,49.66556559],[-116.65883117,49.66569697],[-116.6586731,49.66585542],[-116.65860353,49.66592734],[-116.65839396,49.66611569],[-116.65831066,49.66618121],[-116.65819918,49.66625883],[-116.6580595,49.66637561],[-116.65798983,49.66642937],[-116.65792006,49.66649204],[-116.65780865,49.66663553],[-116.65769634,49.66678827],[-116.65758423,49.66699478],[-116.65741645,49.6672102],[-116.65735067,49.66734977],[-116.65727615,49.66747652],[-116.65715012,49.66762286],[-116.65708943,49.66771294],[-116.65705211,49.66777561],[-116.65688703,49.66826376],[-116.65679493,49.66884519],[-116.65677626,49.66952881],[-116.65683637,49.67023059],[-116.65697473,49.67092347],[-116.6567116,49.6709046],[-116.65647786,49.67084407],[-116.65624534,49.67079529],[-116.65605338,49.67078567],[-116.65588088,49.67078532],[-116.65574159,49.67083873],[-116.65551918,49.67094625],[-116.65524146,49.67105343],[-116.65511614,49.67108903],[-116.65485276,49.67114208],[-116.65465801,49.67118659],[-116.65440827,49.67124854],[-116.65415886,49.67128379],[-116.65407557,49.67130159],[-116.65400614,49.6713105],[-116.65388128,49.67132794],[-116.6537981,49.67133684],[-116.65361756,49.67136319],[-116.65334007,49.6714255],[-116.65302046,49.67148745],[-116.65292342,49.67150526],[-116.65265994,49.67154015],[-116.65239623,49.6715754],[-116.65214681,49.67161065],[-116.6517998,49.6716637],[-116.65168869,49.67168115],[-116.65148063,49.67173455],[-116.65124418,49.67181467],[-116.65099427,49.67189513],[-116.65075837,49.67197525],[-116.65052203,49.67204646],[-116.65025807,49.67212657],[-116.65000784,49.67223374],[-116.64977147,49.67233201],[-116.64952137,49.67240322],[-116.64927182,49.67247443],[-116.64914638,49.67251894],[-116.64891012,49.67260831],[-116.64879899,49.67265281],[-116.64852146,49.67274218],[-116.64842399,49.67277173],[-116.64829898,49.67280449],[-116.64803526,49.67286039],[-116.64777173,49.67292875],[-116.64745175,49.67304447],[-116.64724322,49.67311604],[-116.64691001,49.67325881],[-116.64667353,49.67336599],[-116.64643715,49.67346426],[-116.64611735,49.67361629],[-116.64600621,49.6736608],[-116.64576994,49.67375017],[-116.64557494,49.67383954],[-116.64540777,49.67394671],[-116.64512921,49.6741258],[-116.64505953,49.67417956],[-116.64492016,49.67431415],[-116.64473851,49.67451141],[-116.6445156,49.67470866],[-116.64437603,49.67483399],[-116.64412494,49.67504014],[-116.64398998,49.67515088],[-116.64381783,49.67530896],[-116.64362275,49.67547951],[-116.64348331,49.67556888],[-116.64335793,49.67565861],[-116.6432328,49.67574798],[-116.64311184,49.6758345],[-116.64300957,49.67590037],[-116.64273168,49.6760435],[-116.64256464,49.67611471],[-116.6424286,49.6761642],[-116.64230967,49.67620087],[-116.64220789,49.67622153],[-116.64209862,49.67624823],[-116.64198099,49.67628384],[-116.64187758,49.67636964],[-116.64179528,49.67645118],[-116.64170179,49.67656796],[-116.64157618,49.6767232],[-116.64143622,49.67688485],[-116.64139406,49.67693862],[-116.64135208,49.67702549],[-116.64132399,49.67710026],[-116.64128109,49.67724411],[-116.64123831,49.67737905],[-116.64120975,49.67749584],[-116.64118189,49.6775496],[-116.64106989,49.67772015],[-116.64104159,49.67776501],[-116.64098565,49.67784584],[-116.64088775,49.67796262],[-116.64083172,49.67802529],[-116.64078967,49.67807015],[-116.64076191,49.67811501],[-116.64071951,49.67818978],[-116.64069581,49.67826776],[-116.6406863,49.67833078],[-116.64068144,49.67839344],[-116.64067655,49.67843866],[-116.64067481,49.67861847],[-116.64067465,49.67868149],[-116.64067361,49.67879828],[-116.64067337,49.67884314],[-116.64067273,49.67895138],[-116.64069896,49.67911303],[-116.64070762,49.67917605],[-116.64071625,49.67926613],[-116.64072487,49.67938327],[-116.64072393,49.67949115],[-116.64072369,49.67953602],[-116.64063039,49.67967559],[-116.64046669,49.67992483],[-116.64023289,49.68028408],[-116.64008998,49.68088332],[-116.63979848,49.68093637],[-116.63968736,49.68095382],[-116.6395904,49.68096272],[-116.63945165,49.68098907],[-116.63913209,49.68104212],[-116.63896583,49.68106847],[-116.63878557,49.68109517],[-116.63847074,49.68116602],[-116.63814665,49.68125504],[-116.63799403,49.68129029],[-116.63770253,49.68134334],[-116.63761414,49.6813971],[-116.63744223,49.68148647],[-116.63732349,49.68155626],[-116.6371828,49.68162676],[-116.63706208,49.68166521],[-116.63693739,49.68169191],[-116.63671544,49.68172716],[-116.63636804,49.68180692],[-116.63595151,49.68186887],[-116.63566412,49.68204476],[-116.63538104,49.68218184],[-116.63523744,49.68219929],[-116.63510386,49.68220783],[-116.63477112,49.68220677],[-116.63470157,49.68222457],[-116.63454849,49.68227798],[-116.63432594,49.68236734],[-116.63421524,49.6823969],[-116.63410377,49.6824204],[-116.63386815,49.6824738],[-116.63373344,49.68250941],[-116.63359928,49.68254501],[-116.63346483,49.68258026],[-116.63331736,49.68257706],[-116.6331122,49.68257136],[-116.6329152,49.68255783],[-116.63275832,49.68253327],[-116.63263367,49.68250585],[-116.63254182,49.68247238],[-116.63245448,49.68243321],[-116.63227508,49.68233067],[-116.63206772,49.68224308],[-116.63194748,49.68221567],[-116.63181058,49.68220356],[-116.63166613,49.6821968],[-116.63152716,49.68219644],[-116.63130533,49.68219573],[-116.63117142,49.68218647],[-116.63105602,49.68216796],[-116.63089473,49.68214339],[-116.63069601,49.68212202],[-116.63051612,49.68211241],[-116.6304052,49.68211206],[-116.63030805,49.6821117],[-116.63009998,49.68211099],[-116.62997531,49.68211063],[-116.62986451,49.68210137],[-116.62962893,49.68210066],[-116.62943451,49.68210885],[-116.62935166,49.68210849],[-116.629227,49.68208428],[-116.62907508,49.68203586],[-116.6289225,49.68199634],[-116.62872866,49.68195361],[-116.62852139,49.68190804],[-116.62820255,49.68187101],[-116.62807799,49.68186175],[-116.62780083,49.68186068],[-116.62764865,49.68186033],[-116.62749573,49.68185071],[-116.62738481,49.68185036],[-116.62730197,49.68185],[-116.62699705,49.68184929],[-116.62673376,49.68183932],[-116.6265257,49.68183861],[-116.62642854,49.68183825],[-116.62615169,49.68183754],[-116.62597112,49.68186389],[-116.62581825,49.68189949],[-116.62568826,49.68197676],[-116.62556759,49.68206043],[-116.62546981,49.68214125],[-116.62538614,49.68221282],[-116.62528882,49.68227548],[-116.62514957,49.68234705],[-116.6249543,49.68245422],[-116.62481552,49.68250763],[-116.624704,49.68256139],[-116.62472965,49.68282238],[-116.62472949,49.6828854],[-116.62472902,49.68294807],[-116.6247282,49.68301999],[-116.62471879,49.68307411],[-116.62469973,49.68312787],[-116.6246715,49.68319089],[-116.624639,49.68324181],[-116.62460156,49.68328952],[-116.62455958,49.68335254],[-116.62445661,49.68347502],[-116.62437774,49.68358576],[-116.62430271,49.68372034],[-116.62423636,49.68389089],[-116.62420813,49.68395391],[-116.62418475,49.68402584],[-116.62416566,49.68410666],[-116.62416492,49.68419674],[-116.62416399,49.68427757],[-116.62416326,49.68436765],[-116.62414901,49.68445737],[-116.62410634,49.68455635],[-116.62409626,49.68466709],[-116.62410428,49.68483514],[-116.62414226,49.68529694],[-116.62395428,49.68594282],[-116.6236888,49.68659654],[-116.6235768,49.68674002],[-116.6235072,49.68681195],[-116.62342287,49.68689241],[-116.62333939,49.68697324],[-116.6231993,49.68714379],[-116.62314326,49.68720645],[-116.62296178,49.6873859],[-116.62290585,49.68743967],[-116.62279409,49.68753829],[-116.62268257,49.68763656],[-116.62252861,49.68781601],[-116.62240318,49.6879328],[-116.62226349,49.68803997],[-116.62218465,49.68809979],[-116.62209601,49.68817456],[-116.62199858,49.68824613],[-116.62187308,49.68831769],[-116.62160868,49.68845157],[-116.62148329,49.68851423],[-116.62127491,49.6886125],[-116.62106632,49.68870472],[-116.6208991,49.68879124],[-116.62081545,49.68883575],[-116.62066243,49.68890731],[-116.62049546,49.68896962],[-116.62024538,49.68903193],[-116.62006487,49.68907644],[-116.61974558,49.68914729],[-116.61953733,49.6892096],[-116.61925907,49.68932532],[-116.61907809,49.68938799],[-116.61875867,49.6894948],[-116.61852179,49.68960482],[-116.61827595,49.68975401],[-116.61802029,49.689942],[-116.61795071,49.68998687],[-116.61772719,49.69015706],[-116.61757384,49.69025533],[-116.61743447,49.6903358],[-116.61726769,49.69040736],[-116.61708695,49.69046967],[-116.61679526,49.69055869],[-116.61653121,49.69061174],[-116.61626772,49.69066479],[-116.61601755,49.69070894],[-116.6159067,49.69072674],[-116.61568438,49.6907887],[-116.61542031,49.69086881],[-116.61517011,49.69094002],[-116.61493367,49.69101123],[-116.61460003,49.69110914],[-116.61431746,49.69121916],[-116.6140853,49.69132313],[-116.61390453,49.6914125],[-116.61372377,49.69150187],[-116.61338991,49.69161758],[-116.61313948,49.6917066],[-116.61280577,49.69188569],[-116.61263843,49.69200177],[-116.61255453,49.69204663],[-116.6123598,49.69212674],[-116.61204,49.69224281],[-116.61194269,49.69227842],[-116.61159517,49.69238523],[-116.61137755,49.69244754],[-116.61115215,49.69248849],[-116.61092859,49.69251804],[-116.61068951,49.69257715],[-116.61048415,49.69265512],[-116.61031202,49.69275268],[-116.61019098,49.69286626],[-116.61012708,49.69298874],[-116.61005535,49.69309948],[-116.60991086,49.69324296],[-116.60977111,49.69335654],[-116.60961311,49.69345197],[-116.60938114,49.69356519],[-116.60910305,49.69369017],[-116.6090195,49.69372577],[-116.60872778,49.69381478],[-116.60850511,49.69385893],[-116.60831128,49.69388528],[-116.60799211,49.69389312],[-116.607271,49.69392658],[-116.60707684,49.69393513],[-116.60688226,49.69395222],[-116.60678506,49.69397892],[-116.60649336,49.69404088],[-116.60622927,49.69412099],[-116.60593768,49.69417404],[-116.6057709,49.69421855],[-116.60570158,49.69423599],[-116.60535415,49.69433391],[-116.6052706,49.69436951],[-116.60492295,49.69448523],[-116.60463586,49.69455324],[-116.60445708,49.69457852],[-116.604326,49.69459133],[-116.60399318,49.69459027],[-116.60364619,49.69459774],[-116.6034558,49.69470812],[-116.60329801,49.69478574],[-116.60270329,49.6946216],[-116.60245416,49.69454896],[-116.60152677,49.69434779],[-116.60064533,49.6941979],[-116.59999039,49.69405476],[-116.59920184,49.69380019],[-116.59856273,49.69395364],[-116.59792443,49.69403838],[-116.59693873,49.69417012],[-116.59675869,49.69416941],[-116.59645336,49.6941954],[-116.59545409,49.69428157],[-116.59403842,49.69450161],[-116.59313521,49.69468747],[-116.59216212,49.6949837],[-116.59132755,49.69530166],[-116.59078649,49.6955217],[-116.59033123,49.69579586],[-116.58996177,49.69612414],[-116.58940476,49.69643711],[-116.58888463,49.69689784],[-116.58841699,49.69737816],[-116.58788068,49.69789799],[-116.58747842,49.69844204],[-116.58720222,49.69903059],[-116.58699244,49.69963054],[-116.58702005,49.6996487],[-116.5871025,49.69975694],[-116.58726682,49.70000048],[-116.58734916,49.70011762],[-116.58768137,49.70070048],[-116.58807452,49.70125343],[-116.58895119,49.70142469],[-116.58961197,49.70165968],[-116.59009338,49.70189931],[-116.59049317,49.70218842],[-116.59098967,49.70252311],[-116.59207198,49.70248181],[-116.59312367,49.70273746],[-116.59346631,49.70320531],[-116.59405971,49.70357026],[-116.59472383,49.70375363],[-116.59533342,49.70380668],[-116.59567098,49.70421436],[-116.59597831,49.70466334],[-116.5963022,49.70517428],[-116.59675975,49.70558445],[-116.59723187,49.70590205],[-116.59771849,49.70612636],[-116.59826373,49.70635032],[-116.59894336,49.70667041],[-116.59970464,49.70687977],[-116.59967908,49.70714966],[-116.59969872,49.70759045],[-116.59989152,49.70776207],[-116.60000156,49.70789737],[-116.60042675,49.70844747],[-116.60063057,49.7089698],[-116.60090108,49.70926461],[-116.60124827,49.70977234],[-116.60173184,49.71002585],[-116.6023521,49.71045097],[-116.60258995,49.71076038],[-116.6027785,49.71094695],[-116.60358015,49.71125565],[-116.60395099,49.71172457],[-116.60423771,49.71228322],[-116.60452523,49.71276994],[-116.60490693,49.71302594],[-116.60558774,49.71341226],[-116.60609512,49.71374766],[-116.60653945,49.71408983],[-116.60688307,49.71448683],[-116.60733759,49.71489308],[-116.60779146,49.71536236],[-116.60718787,49.71568708],[-116.60644081,49.71601144],[-116.60560531,49.71636251],[-116.60477512,49.71670432],[-116.60393972,49.7170974],[-116.60329405,49.71746699],[-116.60273588,49.71785971],[-116.60213494,49.7183564],[-116.60157955,49.71841729],[-116.60104265,49.71850239],[-116.60052886,49.71856363],[-116.59999657,49.71865478],[-116.59985718,49.71868112],[-116.59953938,49.719118],[-116.59917105,49.71946159],[-116.59874389,49.71970477],[-116.59834817,49.72004338],[-116.59777363,49.72030615],[-116.59723338,49.72061484],[-116.59699121,49.7208032],[-116.59663323,49.7210268],[-116.59615972,49.721286],[-116.59483698,49.72183005],[-116.59366796,49.72223951],[-116.59286044,49.72264149],[-116.59231718,49.72302532],[-116.59195936,49.72345472],[-116.59170112,49.72393361],[-116.59145805,49.72440253],[-116.59123006,49.72472155],[-116.59105622,49.72504271],[-116.59081768,49.72539449],[-116.59058656,49.72574271],[-116.59022239,49.72613116],[-116.58976012,49.726651],[-116.59031774,49.72690771],[-116.59081898,49.72723635],[-116.59141307,49.72756534],[-116.59207052,49.72802643],[-116.59266433,49.72838213],[-116.59318853,49.72873177],[-116.5936935,49.72918324],[-116.59414513,49.72956458],[-116.59452005,49.72992383],[-116.59471156,49.73021223],[-116.59475613,49.73080613],[-116.59493267,49.7314545],[-116.59524566,49.73220186],[-116.59530167,49.73285094],[-116.59510952,49.73338181],[-116.59463444,49.73374677],[-116.59407002,49.73397891],[-116.59338289,49.73423313],[-116.5926318,49.73445958],[-116.59189879,49.73473552],[-116.59125518,49.73500328],[-116.59053992,49.7353045],[-116.58985248,49.73565307],[-116.58916327,49.73600022],[-116.58844796,49.73635165],[-116.58771869,49.73671767],[-116.58739897,49.7369313],[-116.58699318,49.73717377],[-116.58729982,49.73736675],[-116.58751969,49.73763735],[-116.58765225,49.73798557],[-116.5883862,49.73818603],[-116.58915696,49.73839859],[-116.58996483,49.73862362],[-116.5904454,49.73868628],[-116.59095041,49.73874788],[-116.5914807,49.73880876],[-116.59193297,49.73893623],[-116.59251707,49.73895439],[-116.59304183,49.73905195],[-116.59350786,49.73922962],[-116.59387171,49.73941085],[-116.59430479,49.7396672],[-116.59476982,49.73989971],[-116.59523994,49.74014396],[-116.59593076,49.74047936],[-116.59656302,49.74068836],[-116.59730138,49.74089772],[-116.59839562,49.74118043],[-116.59867785,49.74173622],[-116.59897375,49.74213287],[-116.59921715,49.74252737],[-116.59940803,49.74291974],[-116.5994148,49.74324375],[-116.5993891,49.74358841],[-116.59938469,49.74409828],[-116.5994446,49.7446968],[-116.59962466,49.74529212],[-116.59992992,49.74584187],[-116.60008156,49.7461883],[-116.60011436,49.74652014],[-116.60115502,49.74657782],[-116.60188968,49.74667004],[-116.60241757,49.7465999],[-116.60277923,49.74656536],[-116.6033962,49.74654329],[-116.60399725,49.74657533],[-116.60458291,49.7466615],[-116.60508331,49.74652513],[-116.60571047,49.74642935],[-116.60645002,49.74632004],[-116.60728922,49.74626984],[-116.60810353,49.74627874],[-116.60884612,49.74639695],[-116.60966446,49.74644466],[-116.61074511,49.74676333],[-116.61082779,49.74679039],[-116.61137994,49.7471881],[-116.61216935,49.74744268],[-116.61292317,49.74767304],[-116.61362812,49.74785214],[-116.61433083,49.7479205],[-116.61508039,49.74792904],[-116.61604081,49.74834206],[-116.61699535,49.74859379],[-116.61794297,49.74868494],[-116.61888163,49.74878108],[-116.61981997,49.74893988],[-116.62076177,49.74920692],[-116.62122893,49.74963133],[-116.62187538,49.74997812],[-116.62263456,49.75032528],[-116.62330371,49.75072619],[-116.62339871,49.75101459],[-116.62345466,49.75159318],[-116.6234711,49.75246266],[-116.62335521,49.7528593],[-116.6232009,49.75324455],[-116.62305164,49.75382349],[-116.62296997,49.75441311],[-116.6224402,49.75469012],[-116.62243463,49.7554097],[-116.62242886,49.75618305],[-116.6224229,49.75692079],[-116.62267408,49.75735019],[-116.62295292,49.75783371],[-116.62325887,49.75837135],[-116.62281908,49.7589186],[-116.62252855,49.75942135],[-116.62238616,49.75987958],[-116.62238064,49.76060807],[-116.62218383,49.7612632],[-116.62208316,49.76194754],[-116.62204614,49.76254214],[-116.62210633,49.76315883],[-116.62228027,49.76354621],[-116.62259883,49.76385989],[-116.62306122,49.76410023],[-116.62396096,49.76453497],[-116.6249391,49.76490491],[-116.62590896,49.76516874],[-116.62687082,49.76532683],[-116.62721843,49.76585557],[-116.62767113,49.76637184],[-116.62813607,49.76689916],[-116.6286135,49.76743715],[-116.62905825,49.76799615],[-116.62888611,49.76870612],[-116.6287603,49.76938333],[-116.62876589,49.76987504],[-116.62879085,49.77026207],[-116.62880178,49.7706758],[-116.62871413,49.77118603],[-116.62853936,49.77167631],[-116.62827628,49.77218511],[-116.62808616,49.77283099],[-116.62801584,49.77352137],[-116.62812231,49.77416334],[-116.62784265,49.77458917],[-116.62755093,49.77504207],[-116.62731579,49.77550886],[-116.6272194,49.77595036],[-116.62703503,49.77648337],[-116.62696231,49.77692096],[-116.62764027,49.7768494],[-116.62831156,49.77686257],[-116.62909254,49.77685901],[-116.62999113,49.77680489],[-116.63040489,49.77671908],[-116.6309367,49.77663398],[-116.63195703,49.77638831],[-116.63260899,49.77632244],[-116.63326079,49.77642854],[-116.63402347,49.77659767],[-116.6347869,49.77686399],[-116.63555144,49.77699929],[-116.63620324,49.77708225],[-116.63685058,49.77703347],[-116.63701528,49.77750667],[-116.63721878,49.77794283],[-116.63721467,49.77847371],[-116.63723743,49.77913027],[-116.63730281,49.77973306],[-116.63751141,49.7802586],[-116.63770199,49.78079588],[-116.63782012,49.7813239],[-116.63788407,49.78183057],[-116.63885843,49.78222935],[-116.63983675,49.78265839],[-116.64071116,49.78313977],[-116.64136969,49.78368631],[-116.64170252,49.7843589],[-116.64192394,49.78509308],[-116.64217327,49.78578844],[-116.64259074,49.78632644],[-116.64307096,49.78674872],[-116.64362671,49.78671454],[-116.64469368,49.78651088],[-116.64574194,49.78626235],[-116.646716,49.78601027],[-116.64748169,49.78577883],[-116.64803027,49.78551357],[-116.64835637,49.78519989],[-116.64889471,49.78502542],[-116.64965509,49.78490401],[-116.65064209,49.78480182],[-116.65144406,49.78472563],[-116.65225476,49.78468077],[-116.65307983,49.7847502],[-116.65385794,49.78474058],[-116.65458854,49.78465193],[-116.65535124,49.78487019],[-116.65560045,49.78496062],[-116.65634588,49.78522873],[-116.65700229,49.78538682],[-116.65756963,49.78543417],[-116.65825031,49.78543631],[-116.65906495,49.78548972],[-116.6599065,49.78563605],[-116.66082238,49.78584256],[-116.66169652,49.78618082],[-116.66249311,49.78657318],[-116.66314254,49.78714144],[-116.66343477,49.78745513],[-116.66361358,49.78776454],[-116.66378359,49.78817791],[-116.66411664,49.78869561],[-116.6647778,49.78927099],[-116.66566166,49.78979617],[-116.66667803,49.79017394],[-116.6667914,49.79094088],[-116.66713872,49.79167648],[-116.66771861,49.7923804],[-116.66808545,49.79316621],[-116.66854155,49.793957],[-116.66912523,49.79395842],[-116.6696253,49.7939691],[-116.66998481,49.79425181],[-116.67034448,49.79447185],[-116.67058844,49.79470934],[-116.67079942,49.79497068],[-116.67084121,49.79520461],[-116.67091243,49.79541183],[-116.67103116,49.79560694],[-116.67116913,49.79581737],[-116.67160709,49.79604631],[-116.67210566,49.79629057],[-116.6726643,49.79655013],[-116.67285142,49.79679652],[-116.67307802,49.79704006],[-116.67343779,49.79728965],[-116.67380207,49.79748548],[-116.67411579,49.79769626],[-116.67431675,49.79786574],[-116.67447481,49.79803024],[-116.67484847,49.79827413],[-116.67490342,49.79835531],[-116.67507317,49.79860455],[-116.67516231,49.79887871],[-116.67522246,49.79917174],[-116.6752852,49.79946264],[-116.67532554,49.79963069],[-116.67534289,49.7998137],[-116.67533695,49.80001131],[-116.67562723,49.80022815],[-116.67591787,49.80047169],[-116.67618909,49.80073944],[-116.67648814,49.80100683],[-116.67683427,49.80125073],[-116.67721259,49.80146472],[-116.67756193,49.80165271],[-116.67784005,49.80185922],[-116.67795108,49.80206645],[-116.67807063,49.8022637],[-116.67822544,49.80243781],[-116.67850517,49.8025667],[-116.67884909,49.80266568],[-116.67886294,49.80270164],[-116.67894574,49.80273761],[-116.67919968,49.80286151],[-116.67943063,49.80299076],[-116.67952598,49.8032432],[-116.67963568,49.80348603],[-116.6797319,49.80363949],[-116.67986895,49.80392753],[-116.67997841,49.80417072],[-116.6800606,49.80435978],[-116.68019331,49.80459406],[-116.68026919,49.80482194],[-116.68032031,49.80504411],[-116.68031908,49.80520612],[-116.68027532,49.80551161],[-116.68017657,49.80578719],[-116.68004969,49.80605957],[-116.67985298,49.80633801],[-116.67964286,49.80664314],[-116.67946037,49.80689452],[-116.67922205,49.80716369],[-116.67891507,49.80742361],[-116.67887271,49.80745067],[-116.67887228,49.80751939],[-116.67888571,49.80763048],[-116.67891178,49.80789146],[-116.67899315,49.80817951],[-116.67904718,49.80842234],[-116.67911482,49.80870148],[-116.67914091,49.80896247],[-116.6792088,49.80924126],[-116.67923483,49.80951115],[-116.67927441,49.80978139],[-116.67937044,49.81001531],[-116.67956777,49.81029766],[-116.67979746,49.81056506],[-116.68007393,49.81078296],[-116.68037866,49.81098947],[-116.68071545,49.81116145],[-116.6809745,49.81127004],[-116.68141809,49.81143596],[-116.68184759,49.81165921],[-116.68213841,49.81181302],[-116.68228152,49.81187925],[-116.6825974,49.81196221],[-116.68295668,49.81203983],[-116.68331763,49.81213988],[-116.68370603,49.81221287],[-116.68416392,49.81234924],[-116.68437184,49.81242152],[-116.68480174,49.81262981],[-116.68506912,49.81282813],[-116.68524845,49.81298764],[-116.68534051,49.81310799],[-116.68524882,49.81317065],[-116.68517914,49.81324542],[-116.68513062,49.81333194],[-116.68475058,49.813359],[-116.68437945,49.81345407],[-116.68404777,49.8136321],[-116.68375094,49.8138589],[-116.68331863,49.81413662],[-116.68285851,49.81435132],[-116.682483,49.81438621],[-116.68209309,49.81443001],[-116.68172991,49.81449908],[-116.68136508,49.81458418],[-116.68099316,49.81471485],[-116.68073287,49.81482523],[-116.68047766,49.81491139],[-116.68031073,49.8149559],[-116.67997165,49.81503886],[-116.67958676,49.81512182],[-116.67915522,49.81520442],[-116.67875163,49.81527528],[-116.67842193,49.81536144],[-116.67816696,49.81545366],[-116.67788939,49.81560676],[-116.67763346,49.81574206],[-116.67739941,49.8158592],[-116.67717196,49.81591866],[-116.67693974,49.8160059],[-116.67671659,49.8161152],[-116.67636837,49.81620422],[-116.67602946,49.81630213],[-116.67569988,49.81642817],[-116.67537,49.81657309],[-116.67507237,49.81669521],[-116.6749693,49.81691383],[-116.67473866,49.81715986],[-116.67447006,49.81740411],[-116.67414376,49.81766403],[-116.67385499,49.81792395],[-116.67363073,49.81820238],[-116.67349015,49.81844984],[-116.67337699,49.81871118],[-116.67337506,49.81899211],[-116.67340097,49.81926306],[-116.67348292,49.81951515],[-116.67358786,49.81974907],[-116.6736603,49.8199741],[-116.67367307,49.82016316],[-116.67368559,49.82034297],[-116.67367063,49.82050497],[-116.67374024,49.82054093],[-116.67412756,49.82077593],[-116.67454312,49.82104688],[-116.67488892,49.82125482],[-116.67497169,49.82136306],[-116.6751374,49.82154322],[-116.67536116,49.821801],[-116.67554616,49.82205416],[-116.67569289,49.82227954],[-116.67594215,49.82249709],[-116.67622765,49.8227157],[-116.67658977,49.82286952],[-116.67693513,49.82297954],[-116.67726342,49.82304541],[-116.67751229,49.82308315],[-116.67772669,49.82312445],[-116.6781011,49.8232067],[-116.67826817,49.82324302],[-116.67843437,49.82328859],[-116.6785492,49.82344169],[-116.67872402,49.82363111],[-116.67904259,49.82382979],[-116.67937508,49.82401066],[-116.67977669,49.8242186],[-116.6800818,49.82435425],[-116.6805398,49.82449952],[-116.68090027,49.82460848],[-116.68115006,49.82471707],[-116.68146404,49.82490079],[-116.68175953,49.8250336],[-116.682088,49.82513935],[-116.68234242,49.82520593],[-116.68234212,49.82521519],[-116.68232795,49.82528711],[-116.68220907,49.82548152],[-116.68202001,49.82565278],[-116.68175913,49.8258009],[-116.68146635,49.82594403],[-116.68117316,49.82611422],[-116.68087556,49.82628121],[-116.68061965,49.82644855],[-116.68035888,49.82659489],[-116.6802591,49.8267423],[-116.68020285,49.8268922],[-116.68018899,49.82704387],[-116.68016292,49.82728065],[-116.68006867,49.82752348],[-116.67986452,49.82776559],[-116.67958506,49.82800486],[-116.67929144,49.82825588],[-116.67894205,49.82856066],[-116.67874075,49.82884194],[-116.67857674,49.82911717],[-116.67860713,49.829381],[-116.67870296,49.82964519],[-116.67886338,49.82990938],[-116.67900077,49.83014367],[-116.67912443,49.83036905],[-116.67927603,49.83057307],[-116.67949267,49.8308045],[-116.67966081,49.83104305],[-116.67975179,49.83126701],[-116.67975527,49.83145608],[-116.67970015,49.83160277],[-116.6798053,49.83182779],[-116.67995235,49.83206813],[-116.68014046,49.83232342],[-116.68041664,49.83263603],[-116.68077608,49.83297286],[-116.68083072,49.83309],[-116.68096816,49.83332428],[-116.68110762,49.83355322],[-116.68130339,49.83377576],[-116.68158181,49.83397443],[-116.68188568,49.83410724],[-116.68220018,49.83419091],[-116.68263529,49.83430627],[-116.68303266,49.83445404],[-116.68344886,49.8345993],[-116.68385141,49.83470826],[-116.68426781,49.83486207],[-116.68468357,49.8350433],[-116.68512783,49.83520637],[-116.68551619,49.83534239],[-116.68594622,49.83554142],[-116.68637486,49.83585724],[-116.68676304,49.83609223],[-116.68706441,49.83625281],[-116.68733082,49.83641766],[-116.68751,49.83671497],[-116.6876281,49.83702402],[-116.68768694,49.83731812],[-116.6877962,49.83757021],[-116.68785022,49.83783119],[-116.68790398,49.83808613],[-116.6879304,49.83834391],[-116.68795694,49.83851481],[-116.68793284,49.83865581],[-116.68791337,49.83886552],[-116.68794401,49.83911156],[-116.68800757,49.83934263],[-116.68806149,49.83956766],[-116.68807447,49.83968444],[-116.6880733,49.83994543],[-116.68809909,49.84022422],[-116.68814688,49.84048627],[-116.68823027,49.8407672],[-116.68836701,49.8410645],[-116.68854168,49.84133475],[-116.68867444,49.84159288],[-116.6888352,49.84182717],[-116.68900535,49.84206145],[-116.6891243,49.84226582],[-116.68929471,49.84250295],[-116.68955261,49.84275255],[-116.68987582,49.84297223],[-116.69020821,49.84318017],[-116.69026247,49.84339593],[-116.69028813,49.84371994],[-116.69032803,49.84400799],[-116.69032697,49.84418779],[-116.69031119,49.84444842],[-116.68994859,49.8445823],[-116.68971194,49.84464461],[-116.68937774,49.84473398],[-116.68915434,49.84479629],[-116.68892207,49.8448675],[-116.68862506,49.84496862],[-116.68825801,49.84504873],[-116.68783106,49.84511638],[-116.68746942,49.84516053],[-116.68707938,49.84524919],[-116.68650748,49.84544573],[-116.68608907,49.84564227],[-116.68583766,49.84579751],[-116.68559563,49.84595595],[-116.68536269,49.84611724],[-116.68497215,49.84632304],[-116.68462306,49.84651994],[-116.68491478,49.84655661],[-116.68517399,49.84663815],[-116.68540059,49.84673499],[-116.68559452,49.84684644],[-116.6857743,49.84697284],[-116.68599577,49.84716226],[-116.68621687,49.84737874],[-116.68650741,49.84762833],[-116.68673608,49.8478619],[-116.68693593,49.84809725],[-116.68715155,49.8483707],[-116.68730303,49.84865874],[-116.68744462,49.84893789],[-116.68755435,49.84924409],[-116.68763614,49.84949297],[-116.68774555,49.84974826],[-116.6878273,49.85000925],[-116.68786721,49.8503062],[-116.68789323,49.85062095],[-116.68793306,49.85087303],[-116.68794563,49.85110696],[-116.68797442,49.85142171],[-116.68796465,49.85171866],[-116.68788394,49.85200635],[-116.6878129,49.85228478],[-116.6876999,49.85256321],[-116.68753007,49.85296769],[-116.6874726,49.85324648],[-116.68741504,49.85354307],[-116.68732945,49.85387562],[-116.68727237,49.85412735],[-116.6872474,49.85435807],[-116.68725532,49.85458595],[-116.68729642,49.85473905],[-116.68735001,49.85500894],[-116.68736235,49.85523361],[-116.68723796,49.85542018],[-116.68708658,49.85561067],[-116.68689019,49.85582003],[-116.68672219,49.85604434],[-116.68660487,49.8562391],[-116.68647817,49.85649973],[-116.68629497,49.85679596],[-116.68614035,49.85705624],[-116.68605503,49.85732577],[-116.6860258,49.85759566],[-116.68605181,49.85786555],[-116.68610543,49.85813543],[-116.68617354,49.85837862],[-116.68619074,49.85856732],[-116.68617124,49.85875639],[-116.68594704,49.85901666],[-116.6859176,49.85926839],[-116.68591612,49.85950196],[-116.68596965,49.85980817],[-116.68596853,49.85995201],[-116.68595361,49.86009586],[-116.68595308,49.8602276],[-116.68592415,49.86035969],[-116.68586784,49.86049143],[-116.68547645,49.86076915],[-116.68512717,49.86102017],[-116.68481905,49.86126193],[-116.68440046,49.86150369],[-116.68406982,49.86171874],[-116.68374823,49.86194875],[-116.6834641,49.8621339],[-116.68326312,49.8623162],[-116.68311393,49.86246254],[-116.68310775,49.86270536],[-116.68316601,49.86300231],[-116.6832758,49.86326366],[-116.68335795,49.86345272],[-116.68349533,49.86372296],[-116.6835223,49.86382195],[-116.68386926,49.86396971],[-116.68421187,49.86409646],[-116.68445222,49.8642161],[-116.68468771,49.86435567],[-116.6849919,49.86464443],[-116.68518106,49.86481284],[-116.68530987,49.86494209],[-116.68544837,49.86506848],[-116.68556369,49.86517957],[-116.68569258,49.86529102],[-116.685845,49.86546228],[-116.68602874,49.86567235],[-116.68618148,49.86598781],[-116.6862679,49.866231],[-116.68628855,49.8664019],[-116.6864816,49.86664829],[-116.68675857,49.86690678],[-116.68699376,49.86711436],[-116.68714565,49.86728562],[-116.68743605,49.86758328],[-116.68757368,49.86779941],[-116.68773961,49.86798883],[-116.68798372,49.86825017],[-116.68829278,49.86851187],[-116.68875431,49.8685991],[-116.68919139,49.86870022],[-116.68954598,49.86887397],[-116.68983391,49.86904666],[-116.69002791,49.86919121],[-116.69001358,49.86925388],[-116.69020709,49.86946751],[-116.69034045,49.86965373],[-116.69039331,49.86980754],[-116.69042671,49.86995673],[-116.69043903,49.87014543],[-116.69043717,49.87045128],[-116.69043103,49.87071832],[-116.6904615,49.87101812],[-116.69056565,49.87118012],[-116.69062639,49.87136029],[-116.69083948,49.87142081],[-116.69115424,49.87148775],[-116.69162686,49.8715967],[-116.69199161,49.87183775],[-116.69236607,49.87205744],[-116.69270042,49.8722173],[-116.69298599,49.87233801],[-116.69349954,49.87252814],[-116.69386985,49.8726791],[-116.69424906,49.87280906],[-116.69465206,49.87292692],[-116.69461903,49.87306186],[-116.69460901,49.87316974],[-116.69462209,49.87330754],[-116.69462121,49.87341257],[-116.69465394,49.87357244],[-116.69472127,49.87374868],[-116.69484983,49.87397976],[-116.69493573,49.87427778],[-116.69498967,49.87458292],[-116.69497387,49.8748617],[-116.69498699,49.87498739],[-116.69505427,49.87538332],[-116.69509432,49.87565321],[-116.69514397,49.87586648],[-116.69513839,49.87599929],[-116.69511888,49.87611216],[-116.69503095,49.87612676],[-116.69486815,49.87614741],[-116.69445088,49.8761645],[-116.69414163,49.87617554],[-116.69383469,49.87621862],[-116.69353115,49.87629375],[-116.69319639,49.87642477],[-116.69283369,49.87657396],[-116.69242918,49.8767438],[-116.69219936,49.87683708],[-116.69193594,49.87692538],[-116.69157844,49.87698413],[-116.69120579,49.87697808],[-116.69079468,49.87694034],[-116.69032998,49.87685595],[-116.68984137,49.87685382],[-116.68937011,49.87695351],[-116.68895652,49.87713011],[-116.68869573,49.87728535],[-116.68836525,49.87745519],[-116.68788592,49.87768484],[-116.68736925,49.87792625],[-116.68696917,49.87808718],[-116.68656002,49.87822996],[-116.686197,49.87838199],[-116.68573651,49.87858744],[-116.68535931,49.87876653],[-116.68503788,49.87895453],[-116.68460482,49.87922299],[-116.6842412,49.87947401],[-116.68382269,49.87967945],[-116.6833893,49.87996607],[-116.68285803,49.8802705],[-116.68245301,49.8804973],[-116.6820386,49.8807209],[-116.68161509,49.88094165],[-116.68115393,49.88118341],[-116.68069302,49.88142482],[-116.68026486,49.88163062],[-116.67986922,49.88185422],[-116.67949231,49.88201515],[-116.67911557,49.88212197],[-116.67867246,49.88227471],[-116.6782039,49.88246449],[-116.67774769,49.88270304],[-116.67737035,49.88290884],[-116.67698714,49.88307975],[-116.67660295,49.88323036],[-116.67613833,49.88333397],[-116.67562664,49.88347069],[-116.67519419,49.88362237],[-116.67476197,49.88369892],[-116.67434449,49.88375482],[-116.67385659,49.88378936],[-116.67345299,49.88382425],[-116.67309087,49.88385025],[-116.67287303,49.88378046],[-116.67253502,49.88370783],[-116.67207593,49.88363127],[-116.67158942,49.88358499],[-116.67106094,49.8835298],[-116.67049001,49.88350986],[-116.67003013,49.88360172],[-116.66957035,49.88366047],[-116.66918151,49.88348814],[-116.66888694,49.88337563],[-116.66857343,49.88332364],[-116.66824074,49.88333255],[-116.66778162,49.88336139],[-116.66732154,49.88342298],[-116.66690811,49.88350594],[-116.66666045,49.88353906],[-116.66641132,49.88354938],[-116.66610515,49.88353336],[-116.66587809,49.88350274],[-116.6656896,49.88348031],[-116.66553939,49.88346571],[-116.66525242,49.88342013],[-116.66483067,49.88334073],[-116.66439512,49.88326774],[-116.66399482,49.88319653],[-116.66358856,49.88314847],[-116.6631879,49.88315737],[-116.66283336,49.88314419],[-116.66255115,49.88308046],[-116.66232302,49.88293804],[-116.66206394,49.88281734],[-116.66172609,49.88274613],[-116.66130842,49.88272512],[-116.66092482,49.8827269],[-116.66053852,49.88270767],[-116.66024195,49.88264394],[-116.65983879,49.88255279],[-116.65943125,49.88245274],[-116.65903454,49.88235945],[-116.65864001,49.88233453],[-116.65824373,49.88240218],[-116.65784383,49.88252894],[-116.65759837,49.88247446],[-116.65728915,49.88243957],[-116.65691796,49.88244419],[-116.6565495,49.88248906],[-116.65614118,49.8825268],[-116.65573702,49.8825649],[-116.65533809,49.88260264],[-116.65506348,49.88272156],[-116.65471933,49.88282268],[-116.6543595,49.8829683],[-116.65403029,49.88313529],[-116.65373165,49.88332614],[-116.65347886,49.88348244],[-116.65319135,49.88363056],[-116.65293074,49.88377975],[-116.65263214,49.88396169],[-116.65244554,49.88412298],[-116.65221723,49.88427502],[-116.652054,49.8843975],[-116.65189945,49.88456199],[-116.65170753,49.88456627],[-116.6514772,49.88455487],[-116.65113482,49.88446693],[-116.65083393,49.88436688],[-116.65056102,49.88425828],[-116.65030781,49.88417247],[-116.65003757,49.8841066],[-116.64968971,49.88408773],[-116.64936541,49.8840386],[-116.64900794,49.88400477],[-116.64854426,49.88397914],[-116.64807147,49.88396596],[-116.64758863,49.88396418],[-116.64712003,49.88393605],[-116.64667006,49.88394353],[-116.64626785,49.88391932],[-116.64585397,49.88386306],[-116.6454884,49.88377191],[-116.64512368,49.88367792],[-116.64474408,49.88359994],[-116.64434818,49.88353763],[-116.64400108,49.88346785],[-116.64373926,49.8837007],[-116.64345404,49.88398768],[-116.64331424,49.88411301],[-116.6430478,49.88433732],[-116.64281016,49.88453422],[-116.64250163,49.88477634],[-116.6421491,49.885027],[-116.64175129,49.88526876],[-116.64128558,49.8854831],[-116.64089422,49.8856978],[-116.64054472,49.88587654],[-116.64018963,49.88602323],[-116.63981425,49.88615604],[-116.63943156,49.88622476],[-116.63901088,49.88627639],[-116.63857399,49.88632908],[-116.63811874,49.88640848],[-116.63770507,49.88653025],[-116.63727699,49.88665772],[-116.63683535,49.88679124],[-116.63644454,49.88686209],[-116.63574748,49.8870038],[-116.63534328,49.88710456],[-116.63493841,49.88723524],[-116.63452501,49.88734454],[-116.63411074,49.88747842],[-116.63376438,49.88767104],[-116.63343028,49.88788681],[-116.63314952,49.88815599],[-116.63298081,49.8883892],[-116.63279792,49.88864948],[-116.63265669,49.88892791],[-116.63244547,49.88921489],[-116.63218358,49.88946305],[-116.63191322,49.88968096],[-116.63153084,49.88992272],[-116.63119992,49.8900744],[-116.63080467,49.89021112],[-116.63043196,49.89037775],[-116.63005483,49.89054759],[-116.62985893,49.89066366],[-116.62985869,49.89072668],[-116.62970351,49.89096916],[-116.62954861,49.89120237],[-116.62939331,49.89147475],[-116.62925404,49.89172221],[-116.62915152,49.89194759],[-116.62905871,49.8921484],[-116.62897527,49.89237093],[-116.628925,49.89262159],[-116.62891594,49.89284448],[-116.62888487,49.89305598],[-116.62882289,49.8932867],[-116.62870468,49.89355338],[-116.62858177,49.89380761],[-116.62838464,49.89410384],[-116.62806271,49.89436376],[-116.62773973,49.89467744],[-116.62749825,49.89490959],[-116.627226,49.89514067],[-116.62688508,49.89536712],[-116.62653514,49.89565409],[-116.62621778,49.89586879],[-116.62587757,49.89605643],[-116.62561161,49.89621167],[-116.62536431,49.89639682],[-116.62513245,49.89658766],[-116.6248974,49.89675501],[-116.62467352,49.89688924],[-116.62462601,49.89701777],[-116.62454612,49.89716767],[-116.62443318,49.89734712],[-116.62434844,49.89752657],[-116.62422589,49.89777225],[-116.62406629,49.89801152],[-116.62382748,49.89828959],[-116.62365781,49.89855877],[-116.62357288,49.89879234],[-116.62354286,49.89905297],[-116.62352232,49.8992958],[-116.62352526,49.89954788],[-116.62352302,49.89984447],[-116.62350764,49.90000185],[-116.62349264,49.90013216],[-116.62344949,49.90028491],[-116.62319654,49.90058114],[-116.62295758,49.90089483],[-116.62283061,49.9011373],[-116.62271709,49.90140683],[-116.62259852,49.90169737],[-116.62250309,49.90200892],[-116.62247342,49.90225139],[-116.62245759,49.90250347],[-116.6224271,49.90281787],[-116.62244028,49.90291685],[-116.6224343,49.90312087],[-116.62239565,49.90333058],[-116.62237912,49.90361827],[-116.62235039,49.90376212],[-116.62230763,49.9038878],[-116.62229307,49.90394192],[-116.62227888,49.90396898],[-116.62227717,49.90421181],[-116.62235246,49.90446888],[-116.62243612,49.90467682],[-116.62254604,49.90487229],[-116.62261359,49.90512615],[-116.622621,49.90540316],[-116.62252095,49.90569335],[-116.62237481,49.90597498],[-116.62230311,49.90622636],[-116.62211931,49.90660377],[-116.62193582,49.90688185],[-116.62191566,49.90710972],[-116.62191847,49.90733154],[-116.6219584,49.90761033],[-116.62195621,49.90784426],[-116.62197912,49.90809314],[-116.62197137,49.90833917],[-116.62192254,49.9086176],[-116.62184107,49.90890814],[-116.62176458,49.90920188],[-116.62169294,49.90944436],[-116.62162109,49.90974985],[-116.62154969,49.91001048],[-116.62128443,49.91003683],[-116.62100866,49.91010982],[-116.62070757,49.91020275],[-116.62037722,49.91033662],[-116.62007875,49.91049649],[-116.61981721,49.91066134],[-116.6196474,49.91080376],[-116.61945189,49.91089028],[-116.61923038,49.91092055],[-116.61879636,49.91119471],[-116.61851874,49.91146175],[-116.61832803,49.9117238],[-116.61828704,49.91198764],[-116.61824021,49.91222619],[-116.61818786,49.91243982],[-116.61812135,49.91264669],[-116.61803082,49.91292228],[-116.61797787,49.91311668],[-116.61791616,49.91329969],[-116.61787328,49.91346739],[-116.61781588,49.91367711],[-116.61773043,49.91391958],[-116.61762665,49.91410508],[-116.61749047,49.91430554],[-116.61734798,49.91451276],[-116.61724912,49.91472248],[-116.61719326,49.91493397],[-116.61701091,49.9150504],[-116.61674491,49.91520243],[-116.61656339,49.91530961],[-116.61617072,49.91563219],[-116.6159085,49.91589211],[-116.61580052,49.91607085],[-116.61571093,49.91623249],[-116.61564029,49.91637705],[-116.61543877,49.91659211],[-116.61513472,49.91687909],[-116.61483043,49.9171447],[-116.61461503,49.91738397],[-116.61442768,49.91758727],[-116.6142653,49.91759261],[-116.61395859,49.91759475],[-116.61352548,49.91761504],[-116.61310847,49.91765777],[-116.61269912,49.91774322],[-116.61216908,49.91786749],[-116.61207062,49.91794795],[-116.61193091,49.91804658],[-116.61169255,49.91820182],[-116.61135156,49.91844358],[-116.61099223,49.91869994],[-116.61060017,49.91891464],[-116.61026455,49.91912044],[-116.60990078,49.91929882],[-116.60943932,49.91950426],[-116.60907074,49.91972501],[-116.6086836,49.91994541],[-116.6082961,49.92019286],[-116.60787151,49.92045243],[-116.60748398,49.92071199],[-116.60710098,49.92101641],[-116.60669436,49.9213568],[-116.60646894,49.92160176],[-116.60634228,49.92176021],[-116.60612679,49.92202048],[-116.60582748,49.92227719],[-116.60549086,49.92253106],[-116.60511044,49.92272155],[-116.60470326,49.92289708],[-116.60433977,49.92307582],[-116.60398963,49.92330832],[-116.60357422,49.92353762],[-116.60329436,49.92369286],[-116.60318866,49.92378223],[-116.60312083,49.92388085],[-116.60306842,49.92409377],[-116.60304792,49.92426753],[-116.60303302,49.92442027],[-116.60293295,49.92473467],[-116.60287485,49.9249985],[-116.60283127,49.92520501],[-116.60276334,49.92540191],[-116.60265615,49.92564545],[-116.60244938,49.92592922],[-116.60196062,49.9260987],[-116.60149955,49.92624077],[-116.60109422,49.92635649],[-116.60066265,49.92636396],[-116.60010527,49.92636218],[-116.60000099,49.92636183],[-116.59950611,49.92636005],[-116.59906053,49.92634046],[-116.59869378,49.92631803],[-116.59835501,49.92629916],[-116.59804414,49.92628314],[-116.59799717,49.92634581],[-116.59793103,49.92643553],[-116.59784653,49.92655196],[-116.5977155,49.9266894],[-116.59745693,49.92686351],[-116.59711786,49.92706218],[-116.59673733,49.92719891],[-116.59634682,49.92727937],[-116.59594855,49.92728507],[-116.59563021,49.92723487],[-116.59538969,49.92716401],[-116.59500032,49.9270458],[-116.59467584,49.92696997],[-116.59430293,49.92694362],[-116.59390082,49.926934],[-116.59352431,49.92694184],[-116.59314817,49.92692261],[-116.59273035,49.92694789],[-116.59231174,49.92697352],[-116.59188009,49.9269988],[-116.59147585,49.92702444],[-116.59125397,49.92703583],[-116.59108275,49.92700415],[-116.59095363,49.9269016],[-116.59080907,49.92674352],[-116.59043585,49.92698777],[-116.5900223,49.9272014],[-116.58959156,49.9273926],[-116.58924986,49.92751223],[-116.58888866,49.92762083],[-116.5885675,49.92769774],[-116.58829281,49.92777785],[-116.58791567,49.92787825],[-116.58758024,49.92800002],[-116.58721217,49.92811859],[-116.58683385,49.92819336],[-116.58646341,49.92824784],[-116.58609619,49.9283105],[-116.58575168,49.92839239],[-116.58538117,49.9285957],[-116.58507264,49.92883675],[-116.5848257,49.92911447],[-116.58467742,49.92924478],[-116.5845585,49.92941925],[-116.58423576,49.92970908],[-116.58385713,49.92999249],[-116.58352004,49.93027021],[-116.58323886,49.93053903],[-116.58304178,49.93079895],[-116.58277498,49.93106777],[-116.58253971,49.93141777],[-116.5823223,49.93180373],[-116.58233377,49.93209178],[-116.58233223,49.93228939],[-116.58224069,49.93252296],[-116.58222759,49.932743],[-116.58226619,49.93293776],[-116.58226755,49.93313679],[-116.58219772,49.93335327],[-116.58211167,49.93359574],[-116.58212307,49.93377377],[-116.58217853,49.93395286],[-116.58223008,49.93409101],[-116.58224098,49.93424483],[-116.58221155,49.93441466],[-116.58218677,49.93462758],[-116.58218633,49.93467244],[-116.58219956,49.93477143],[-116.58220236,49.93497723],[-116.58214915,49.93517519],[-116.58204098,49.93536461],[-116.58185779,49.93561563],[-116.5816326,49.93585774],[-116.58142116,49.93611766],[-116.58116827,49.93636868],[-116.58099906,49.93658089],[-116.580886,49.93680556],[-116.58082792,49.93704197],[-116.58072943,49.93731542],[-116.58068831,49.93759314],[-116.58071762,49.93782315],[-116.58071907,49.9380229],[-116.58071548,49.93819701],[-116.58068664,49.93835153],[-116.58069328,49.93849146],[-116.58071675,49.93862463],[-116.58079691,49.93899385],[-116.58079648,49.93903872],[-116.58081004,49.93911954],[-116.58093282,49.93940189],[-116.58108355,49.93967818],[-116.58115062,49.93999329],[-116.58120527,49.94012859],[-116.58127396,49.94027244],[-116.58132747,49.94050672],[-116.58136736,49.94074955],[-116.58138451,49.9409265],[-116.58137825,49.9410643],[-116.58134411,49.94127401],[-116.58133347,49.94140611],[-116.58133177,49.94158876],[-116.58132101,49.94176287],[-116.58130112,49.94192772],[-116.58129887,49.94219726],[-116.58129583,49.94255722],[-116.58134008,49.94283316],[-116.58141612,49.94311516],[-116.58148407,49.94333733],[-116.58155694,49.94349364],[-116.58163077,49.94360188],[-116.581695,49.94368306],[-116.58174513,49.94375498],[-116.58180929,49.94385717],[-116.58186901,49.94397146],[-116.58201046,49.94422355],[-116.58216125,49.94451516],[-116.58232101,49.94484522],[-116.58238183,49.94520732],[-116.58238936,49.94559221],[-116.58240389,49.946012],[-116.58245977,49.946362],[-116.58257016,49.94668102],[-116.58262495,49.94678641],[-116.58266621,49.94687044],[-116.5825668,49.94707695],[-116.58244887,49.94727421],[-116.58229829,49.94747146],[-116.58213405,49.94770788],[-116.58208118,49.94786846],[-116.58205708,49.94801052],[-116.58211032,49.94825335],[-116.58213285,49.94834129],[-116.58218354,49.94843173],[-116.58226178,49.94852395],[-116.58248258,49.94873153],[-116.58230951,49.94889068],[-116.58208948,49.94905376],[-116.5820614,49.94909862],[-116.58200121,49.94927949],[-116.58196071,49.94946393],[-116.58197289,49.9496651],[-116.58196648,49.94987802],[-116.5818991,49.95011444],[-116.58178975,49.95041993],[-116.58161491,49.95077883],[-116.5812917,49.95105655],[-116.58095534,49.95128015],[-116.58092777,49.95144821],[-116.58086889,49.9516127],[-116.58077826,49.95186443],[-116.5806555,49.95210655],[-116.58060189,49.95237928],[-116.58062241,49.95266413],[-116.58028643,49.95285177],[-116.57995444,49.95309637],[-116.57962645,49.95339795],[-116.57935442,49.95368493],[-116.57917539,49.95396301],[-116.57872328,49.95411753],[-116.57826429,49.95420156],[-116.57781171,49.95425212],[-116.57736979,49.95430731],[-116.57696967,49.95435965],[-116.57662392,49.95457435],[-116.57631366,49.95477124],[-116.5760428,49.95492613],[-116.57579259,49.95502119],[-116.57546668,49.95512979],[-116.57513532,49.95527043],[-116.57460001,49.95537048],[-116.57401417,49.95542246],[-116.57337752,49.95542602],[-116.57269485,49.95536051],[-116.57222539,49.95536478],[-116.57176055,49.95539291],[-116.57127409,49.95524729],[-116.57081457,49.95516468],[-116.57037425,49.95504612],[-116.56992418,49.95495461],[-116.56942318,49.9548567],[-116.56895048,49.95474418],[-116.56866568,49.95470609],[-116.56840739,49.95465197],[-116.56799953,49.95454658],[-116.5676664,49.95440736],[-116.56740776,49.95423467],[-116.56702798,49.9540595],[-116.56662108,49.95387791],[-116.56631053,49.95378391],[-116.5659069,49.95371021],[-116.56549378,49.95367282],[-116.56493016,49.95364185],[-116.5643792,49.95356672],[-116.56390223,49.95341219],[-116.56351124,49.95328473],[-116.56314663,49.95322028],[-116.56284466,49.95321921],[-116.56255663,49.95318823],[-116.56224571,49.95312699],[-116.56189367,49.95302979],[-116.5615228,49.95292618],[-116.56113922,49.95317969],[-116.56073798,49.95340899],[-116.56024786,49.95365004],[-116.5599341,49.95387364],[-116.55972851,49.95403493],[-116.5593268,49.95423111],[-116.55888786,49.95448142],[-116.55846671,49.95478549],[-116.55806077,49.95500873],[-116.55761226,49.95522307],[-116.55716418,49.95546412],[-116.55672962,49.95572333],[-116.55666957,49.95588782],[-116.55656395,49.95602846],[-116.55630195,49.95624922],[-116.55597936,49.95646712],[-116.55568437,49.95669962],[-116.55542171,49.95695349],[-116.55513562,49.95727038],[-116.55491866,49.95757124],[-116.55467955,49.95784398],[-116.55443751,49.95805903],[-116.55417833,49.95825878],[-116.55397209,49.95843787],[-116.55366314,49.95871559],[-116.55349324,49.95895771],[-116.55329622,49.95919982],[-116.55304775,49.95942663],[-116.55280401,49.95965059],[-116.552565,49.95987169],[-116.55238158,49.96009565],[-116.55224089,49.96020923],[-116.55203527,49.96036411],[-116.55179367,49.9605222],[-116.55158154,49.96064148],[-116.55120328,49.96085582],[-116.55070843,49.96107871],[-116.55031434,49.96130801],[-116.54995593,49.96154336],[-116.5496719,49.96163843],[-116.54941931,49.9617602],[-116.54919988,49.96190938],[-116.54883676,49.96196172],[-116.54854308,49.96203863],[-116.54826346,49.96213049],[-116.54781592,49.96227255],[-116.54745232,49.96239717],[-116.54720032,49.96251325],[-116.54706278,49.96260938],[-116.54690057,49.9627486],[-116.54672151,49.96299677],[-116.54645567,49.96311284],[-116.54602199,49.963246],[-116.54585461,49.96329941],[-116.54571934,49.96335282],[-116.54557909,49.96340623],[-116.54538042,49.96346248],[-116.54512745,49.96352123],[-116.54485055,49.96359707],[-116.54458181,49.96369],[-116.54428788,49.9638139],[-116.54401262,49.96394849],[-116.54372791,49.96407347],[-116.54354578,49.96415073],[-116.54325189,49.96428745],[-116.54311128,49.96436792],[-116.54280545,49.96448257],[-116.54257024,49.96456055],[-116.54236988,49.96462891],[-116.54214874,49.96474676],[-116.54194511,49.96485607],[-116.54178891,49.96499137],[-116.54157184,49.96513628],[-116.54131256,49.96535704],[-116.54091246,49.96556924],[-116.54046288,49.9657665],[-116.53997833,49.96586334],[-116.5394475,49.96597514],[-116.53894898,49.96611721],[-116.53843974,49.96622901],[-116.53792054,49.96623221],[-116.53739187,49.96612611],[-116.53696208,49.96652702],[-116.53657526,49.96694111],[-116.53657835,49.96707819],[-116.5365583,49.96723201],[-116.53644464,49.96745347],[-116.53608883,49.96771873],[-116.53572394,49.96796904],[-116.53534997,49.96820439],[-116.53529389,49.9682521],[-116.53514379,49.96835357],[-116.53488814,49.96856258],[-116.53466065,49.9688143],[-116.53446306,49.96910947],[-116.53444761,49.96941105],[-116.5344061,49.96969981],[-116.53426061,49.96997397],[-116.53403339,49.97023175],[-116.53374778,49.97046176],[-116.53351753,49.97071349],[-116.533309,49.97096664],[-116.53310395,49.9711906],[-116.53262954,49.97121552],[-116.5321134,49.97121339],[-116.53178358,49.97123332],[-116.53151357,49.97123795],[-116.53108085,49.97130525],[-116.5306199,49.97137254],[-116.53013151,49.97143948],[-116.52967022,49.97151852],[-116.52906913,49.97166878],[-116.52855134,49.9718468],[-116.52810405,49.97196181],[-116.52790067,49.97217366],[-116.52767603,49.97248556],[-116.52743015,49.97289751],[-116.52720096,49.97333831],[-116.52691507,49.97378266],[-116.52673828,49.97393576],[-116.52652148,49.97407783],[-116.52625059,49.9741939],[-116.52601712,49.97429181],[-116.52554994,49.97456277],[-116.52517527,49.97482803],[-116.52495087,49.9749409],[-116.52468498,49.97504166],[-116.52450009,49.97524675],[-116.52423282,49.97546857],[-116.52388372,49.97570712],[-116.52346304,49.9758912],[-116.52318256,49.97605498],[-116.52291585,49.97623978],[-116.52271422,49.97642172],[-116.52251261,49.97660687],[-116.52224563,49.9767856],[-116.52191851,49.9769882],[-116.52157704,49.97716978],[-116.52128717,49.97732146],[-116.52093234,49.97751765],[-116.52068465,49.97764262],[-116.52054436,49.97769603],[-116.52040504,49.97770457],[-116.52012591,49.97769425],[-116.52005572,49.97773911],[-116.51985014,49.97785519],[-116.51953758,49.97799155],[-116.51911755,49.97814893],[-116.5190316,49.97834618],[-116.51889428,49.97860361],[-116.51875258,49.97883682],[-116.51865763,49.97900132],[-116.51857812,49.97909994],[-116.5184216,49.97937802],[-116.51825189,49.97962619],[-116.51804013,49.97986225],[-116.51780026,49.98013997],[-116.51752337,49.98038458],[-116.51725031,49.98059145],[-116.51694031,49.98076591],[-116.51659343,49.98090869],[-116.51617933,49.98106464],[-116.51585221,49.98125513],[-116.51563857,49.98150116],[-116.51549615,49.98178529],[-116.51543767,49.98207298],[-116.51543243,49.98215701],[-116.51542227,49.98221683],[-116.51536352,49.98249526],[-116.51532005,49.98267507],[-116.51519685,49.98292323],[-116.51503627,49.98317746],[-116.51485208,49.98345553],[-116.514677,49.98373966],[-116.51451639,49.98400279],[-116.51436968,49.9842449],[-116.51425165,49.98444856],[-116.51412898,49.98462196],[-116.51391721,49.98485482],[-116.51367769,49.98510548],[-116.51348957,49.98528386],[-116.51326474,49.98546972],[-116.51289043,49.98568691],[-116.5125676,49.98591942],[-116.51225362,49.98615192],[-116.51202875,49.98632496],[-116.51189268,49.98643818],[-116.51154516,49.98631072],[-116.51132305,49.98621102],[-116.51097051,49.98609246],[-116.51075277,49.98601056],[-116.51040572,49.98589449],[-116.51005778,49.98581189],[-116.50970958,49.98576346],[-116.50922143,49.98570756],[-116.50869154,49.98570507],[-116.50830137,49.98567659],[-116.50778554,49.98561748],[-116.50735892,49.98551565],[-116.50696494,49.985401],[-116.50661862,49.98516565],[-116.50632795,49.98493956],[-116.50599079,49.98470136],[-116.50561198,49.98450197],[-116.50519063,49.98434103],[-116.50480694,49.98411174],[-116.50446952,49.98387959],[-116.50408202,49.98362608],[-116.50369398,49.98337257],[-116.50340374,49.98311052],[-116.50304805,49.98287196],[-116.50268285,49.98266652],[-116.50241502,49.9824974],[-116.5021327,49.98236138],[-116.50183614,49.98225813],[-116.50146068,49.98214882],[-116.50129416,49.98208509],[-116.5012687,49.98182695],[-116.50127044,49.98164429],[-116.50128709,49.98139257],[-116.50123893,49.98113122],[-116.50120884,49.98086454],[-116.50119812,49.98059145],[-116.50122866,49.98033082],[-116.50123164,49.98002497],[-116.50116563,49.9796561],[-116.50112658,49.97941291],[-116.50115789,49.97908926],[-116.50116061,49.97879267],[-116.50109413,49.97847756],[-116.50104154,49.97815356],[-116.50049845,49.97807309],[-116.50005135,49.97800437],[-116.49961731,49.97788937],[-116.49924888,49.97768392],[-116.49887643,49.97747065],[-116.49849912,49.97724918],[-116.49809227,49.97702558],[-116.49763847,49.97684364],[-116.49715275,49.97661078],[-116.4966943,49.97641068],[-116.49626374,49.97624405],[-116.49585156,49.97612548],[-116.49544395,49.9759617],[-116.49488837,49.97575234],[-116.49459849,49.97543617],[-116.49432309,49.97510219],[-116.49394931,49.97486684],[-116.49351068,49.97456811],[-116.49313267,49.97427864],[-116.49275785,49.97409705],[-116.49234148,49.97392437],[-116.49181329,49.97373317],[-116.49141076,49.97356048],[-116.49110051,49.97344833],[-116.49086897,49.97338744],[-116.49054487,49.97327208],[-116.49017389,49.97317737],[-116.48979809,49.97310972],[-116.48944084,49.97305133],[-116.48906902,49.97303174],[-116.4886049,49.97296374],[-116.48820133,49.97284802],[-116.48784521,49.97270845],[-116.48761768,49.97254858],[-116.48740709,49.97237376],[-116.48697716,49.97213805],[-116.48658877,49.97197142],[-116.4862092,49.97181369],[-116.48584305,49.97169833],[-116.48545871,49.97155555],[-116.48515283,49.9714612],[-116.48484734,49.97134619],[-116.48456003,49.97124579],[-116.48425959,49.97126644],[-116.4839419,49.97126715],[-116.48354726,49.9712052],[-116.48325042,49.97114111],[-116.48286132,49.97101328],[-116.48250017,49.97089472],[-116.48199955,49.97075764],[-116.4817221,49.97062447],[-116.4814581,49.97052158],[-116.48119001,49.97039731],[-116.48091686,49.97029406],[-116.48052771,49.97019365],[-116.47995652,49.97010998],[-116.47953972,49.96999106],[-116.47942875,49.96991593],[-116.4792448,49.96974111],[-116.47900097,49.96951502],[-116.47881471,49.96939253],[-116.47856461,49.96931527],[-116.4782502,49.96928394],[-116.47809728,49.96923836],[-116.4777019,49.96912051],[-116.47732148,49.96904681],[-116.47695658,49.96901725],[-116.47659751,49.96883068],[-116.47627797,49.96870642],[-116.47596692,49.96866298],[-116.47564476,49.96866939],[-116.47532374,49.96869503],[-116.47510647,49.9687139],[-116.47492341,49.96874737],[-116.47450412,49.96882641],[-116.47429506,49.96882534],[-116.47389315,49.96860779],[-116.4734908,49.9684198],[-116.47310216,49.96827132],[-116.47296221,49.96829767],[-116.47250251,49.96825067],[-116.47232187,49.9682108],[-116.47201193,49.96808226],[-116.47162769,49.96790495],[-116.47129498,49.96775327],[-116.47107739,49.96768348],[-116.47082707,49.96760337],[-116.47054458,49.96751293],[-116.47028931,49.96745205],[-116.46999272,49.96739971],[-116.46963195,49.967373],[-116.46924944,49.96736339],[-116.46887255,49.96737051],[-116.46877537,49.96737016],[-116.4686364,49.96730357],[-116.46834185,49.96716721],[-116.46799804,49.96703084],[-116.46755343,49.96689696],[-116.46733078,49.96684177],[-116.46688538,49.96675881],[-116.46645152,49.96661497],[-116.4660246,49.96644905],[-116.46564535,49.9662493],[-116.4653627,49.96606522],[-116.46516596,49.96592352],[-116.46463544,49.96598404],[-116.46422665,49.96594915],[-116.46393844,49.96594488],[-116.46389667,49.96593562],[-116.46343118,49.96600541],[-116.4629611,49.96604813],[-116.46259787,49.96610047],[-116.46201383,49.96599864],[-116.46153977,49.96595164],[-116.46121615,49.96596019],[-116.46089809,49.96598476],[-116.46063118,49.96615424],[-116.46035547,49.96631802],[-116.46008397,49.96646365],[-116.4598176,49.96661711],[-116.45957586,49.9667581],[-116.45932978,49.96685566],[-116.45908017,49.9668845],[-116.45880584,49.96687133],[-116.45850373,49.96687275],[-116.45814101,49.96689625],[-116.45775158,49.96695927],[-116.45736769,49.96703832],[-116.4570507,49.96714478],[-116.45656611,49.96726548],[-116.45610458,49.96737122],[-116.45563846,49.96751008],[-116.45516263,49.96764859],[-116.45475217,49.96778781],[-116.45435097,49.96789676],[-116.45383402,49.96801141],[-116.45345616,49.96809935],[-116.45307821,49.96821471],[-116.45261666,49.96837422],[-116.45224112,49.96856151],[-116.45191806,49.96876659],[-116.45168132,49.9689966],[-116.45150513,49.96924157],[-116.45139033,49.96950184],[-116.45128988,49.96977102],[-116.4511473,49.97004909],[-116.45104565,49.97039945],[-116.45093111,49.97066898],[-116.4507981,49.97091715],[-116.45070183,49.97118027],[-116.45074066,49.97145942],[-116.45076686,49.97173037],[-116.45076687,49.97199919],[-116.45071389,49.97219395],[-116.45066115,49.97233139],[-116.45061673,49.9725322],[-116.45062813,49.97275402],[-116.45069571,49.97298831],[-116.45080222,49.97342055],[-116.45081352,49.97366338],[-116.45087916,49.97401445],[-116.45093396,49.97435234],[-116.45091198,49.97467315],[-116.45076246,49.9749822],[-116.45059104,49.97523713],[-116.4503979,49.97544329],[-116.45023341,49.97559425],[-116.44996237,49.97573596],[-116.44968637,49.97589369],[-116.4494051,49.97606709],[-116.44917988,49.97625473],[-116.44889835,49.97646943],[-116.44865885,49.97669303],[-116.44830681,49.9769971],[-116.44813687,49.97721215],[-116.44793891,49.97744537],[-116.44769935,49.97767787],[-116.44743595,49.97792568],[-116.44714919,49.97818809],[-116.44685317,49.97847436],[-116.44656661,49.97875493],[-116.44624743,49.97902019],[-116.44586833,49.97924308],[-116.44553688,49.97934954],[-116.44526135,49.9794592],[-116.4450412,49.97957207],[-116.44475168,49.97970844],[-116.44445254,49.97982985],[-116.44420017,49.97996373],[-116.4438354,49.98014496],[-116.44349852,49.98033794],[-116.44346801,49.98052985],[-116.44340958,49.98076947],[-116.44330882,49.98105681],[-116.44316612,49.98130783],[-116.44296765,49.9815859],[-116.44277026,49.9818006],[-116.44268131,49.98199216],[-116.44267865,49.98220793],[-116.44276259,49.98244826],[-116.44292721,49.98256683],[-116.4430899,49.98271067],[-116.44324528,49.98295421],[-116.44336872,49.98309877],[-116.44338174,49.98321555],[-116.44336602,49.98332344],[-116.44330874,49.98349399],[-116.4432785,49.98369195],[-116.44322057,49.9838803],[-116.44304936,49.98419434],[-116.44285047,49.98450838],[-116.44266888,49.9847893],[-116.44253249,49.98505528],[-116.44250452,49.98532303],[-116.4425171,49.985589],[-116.442547,49.98584108],[-116.44255339,49.98608071],[-116.44250835,49.9863684],[-116.44244922,49.98664683],[-116.44244159,49.98689393],[-116.44245734,49.98713284],[-116.44251547,49.98732475],[-116.44252223,49.98755583],[-116.44252184,49.98758289],[-116.44259553,49.98764306],[-116.44268735,49.98773635],[-116.4428993,49.98791723],[-116.44311368,49.98803437],[-116.44329698,49.98811305],[-116.44345007,49.98815364],[-116.44368622,49.98837974],[-116.44389657,49.98855171],[-116.4440858,49.98867562],[-116.4442794,49.98880522],[-116.44470994,49.98898716],[-116.44510798,49.98912709],[-116.44545541,49.98924886],[-116.44575647,49.98938487],[-116.4460776,49.98959459],[-116.44634788,49.98983065],[-116.44656653,49.99009342],[-116.44666083,49.99039357],[-116.4468115,49.99062643],[-116.44702764,49.9908511],[-116.44730875,49.99106829],[-116.44764107,49.99129474],[-116.44795612,49.99152617],[-116.44829607,49.99174479],[-116.44876347,49.99192958],[-116.44930663,49.99218522],[-116.44971766,49.9924309],[-116.44999687,49.99266696],[-116.45024059,49.99291513],[-116.450563,49.99317932],[-116.45078454,49.99334239],[-116.4511869,49.99354606],[-116.45154771,49.99370877],[-116.45181123,49.99383909],[-116.45207632,49.993984],[-116.45235157,49.99416238],[-116.45269353,49.99434361],[-116.45304498,49.99452235],[-116.45341021,49.99473491],[-116.45373782,49.9949603],[-116.45401541,49.99510236],[-116.45431773,49.99523588],[-116.4546447,49.99536014],[-116.45504255,49.99555918],[-116.45546782,49.995802],[-116.45604537,49.9961164],[-116.45657662,49.99644254],[-116.45703809,49.99676548],[-116.457272,49.99704249],[-116.45759515,49.9971169],[-116.45790171,49.99715429],[-116.4581917,49.99715465],[-116.45858275,49.99712972],[-116.45879219,49.99713043],[-116.45925183,49.99720449],[-116.45953023,49.99722408],[-116.45956238,49.99728995],[-116.45964618,49.9974135],[-116.45980297,49.99754203],[-116.46003252,49.99767591],[-116.46034707,49.99783435],[-116.46061015,49.9979903],[-116.46086182,49.99810175],[-116.4611104,49.99818471],[-116.4611049,49.9982787],[-116.46112217,49.99837662],[-116.46124497,49.9984902],[-116.46143111,49.99860592],[-116.46165799,49.99869707],[-116.46191319,49.998764],[-116.46227588,49.99876578],[-116.46269414,49.99879462],[-116.46305606,49.99885942],[-116.46340902,49.99893882],[-116.46365696,49.9990549],[-116.46383524,49.99920052],[-116.46394361,49.99937606],[-116.46398854,49.99952631],[-116.46404615,49.99963242],[-116.4641488,49.99972784],[-116.46430104,49.99984533],[-116.46448129,49.99996319],[-116.46459003,50.00005861],[-116.46480729,50.00020637],[-116.46513226,50.00040683],[-116.46552032,50.00060657],[-116.46570599,50.00067316],[-116.46590974,50.0007344],[-116.46597917,50.00076146],[-116.46636458,50.00124889],[-116.46641948,50.00132117],[-116.46652957,50.00145647],[-116.46686137,50.00174594],[-116.46687665,50.00206069],[-116.46692436,50.0023758],[-116.4669734,50.0025378],[-116.46702294,50.00272402],[-116.46704425,50.00289492],[-116.46707004,50.00306013],[-116.46707603,50.00325489],[-116.46715774,50.00340728],[-116.46734285,50.00348917],[-116.46759055,50.00351801],[-116.46785576,50.00351339],[-116.46812563,50.00352371],[-116.46820247,50.00374268],[-116.46830716,50.00392605],[-116.46841428,50.0040464],[-116.46855612,50.0041493],[-116.46869439,50.00422763],[-116.4688568,50.00430952],[-116.46891633,50.00435581],[-116.46896735,50.00439996],[-116.46895093,50.00458866],[-116.46884514,50.00491196],[-116.46869306,50.0052349],[-116.46849832,50.00555784],[-116.46829071,50.00583271],[-116.46807401,50.00609263],[-116.46788623,50.00641272],[-116.46778339,50.00671002],[-116.4677666,50.00698454],[-116.46782003,50.00718286],[-116.46784639,50.00734486],[-116.46791356,50.00756989],[-116.46795381,50.00772299],[-116.46797959,50.0078939],[-116.46800635,50.00801994],[-116.46810111,50.00829018],[-116.46811383,50.00838917],[-116.46809806,50.00856007],[-116.46806746,50.00877584],[-116.46806691,50.00886592],[-116.46808866,50.00900086],[-116.46814685,50.00918103],[-116.46820097,50.00933413],[-116.46826921,50.00949649],[-116.46834158,50.0096617],[-116.46842807,50.00983296],[-116.46845494,50.01009964],[-116.46845433,50.01039659],[-116.46846677,50.01067538],[-116.46856391,50.01090681],[-116.46874433,50.01109054],[-116.46895704,50.01122334],[-116.46910702,50.01139496],[-116.4692646,50.01161749],[-116.46940091,50.01191195],[-116.46948152,50.01220925],[-116.46961457,50.01238051],[-116.4697524,50.01254002],[-116.46989499,50.01268779],[-116.47004564,50.01291317],[-116.47015431,50.01318341],[-116.47037422,50.01352629],[-116.47057775,50.01374811],[-116.47076662,50.01392685],[-116.47092777,50.01407746],[-116.47106389,50.01425798],[-116.4710766,50.01436586],[-116.47111625,50.01456418],[-116.47116854,50.01488819],[-116.4711243,50.01513351],[-116.47104727,50.0153653],[-116.47092525,50.01558356],[-116.47074743,50.01583458],[-116.47049626,50.01611408],[-116.47019209,50.01641743],[-116.46987997,50.01670014],[-116.46958877,50.01698142],[-116.46931713,50.01725202],[-116.46906018,50.01751657],[-116.46900086,50.01781921],[-116.46913588,50.0182066],[-116.46879911,50.01840278],[-116.46851793,50.01854236],[-116.46829402,50.01862532],[-116.46827903,50.0187332],[-116.46827686,50.01892226],[-116.46834562,50.01901234],[-116.46846022,50.01917186],[-116.46853841,50.01926514],[-116.46850902,50.01937303],[-116.46850209,50.01957384],[-116.46851842,50.01978676],[-116.46854828,50.02001463],[-116.46853363,50.02024357],[-116.46849691,50.02046112],[-116.46842517,50.02064983],[-116.46830687,50.02083213],[-116.46822141,50.02096351],[-116.46816964,50.02104434],[-116.46809763,50.02122379],[-116.46793788,50.02136407],[-116.46777374,50.02148335],[-116.46766015,50.02165639],[-116.4675325,50.02182088],[-116.46736383,50.02196687],[-116.46726777,50.02209754],[-116.46719296,50.02222714],[-116.46696467,50.02227378],[-116.46670372,50.02231473],[-116.46662807,50.022716],[-116.46683478,50.02310481],[-116.46744694,50.02342953],[-116.46825007,50.02358797],[-116.46909039,50.02362073],[-116.46932477,50.02389774],[-116.46955874,50.02421641],[-116.46961556,50.0246604],[-116.46972086,50.02512576],[-116.46987378,50.02561213],[-116.47012511,50.0260248],[-116.47038612,50.02638797],[-116.4706996,50.02664112],[-116.47096339,50.02681025],[-116.47116211,50.02694911],[-116.4706883,50.02726065],[-116.47038734,50.02756828],[-116.47025804,50.02787128],[-116.4702549,50.02814722],[-116.47024391,50.02832988],[-116.47025503,50.02856096],[-116.47022037,50.02878847],[-116.47020919,50.02895048],[-116.47020233,50.02914809],[-116.47021769,50.02930938],[-116.47024543,50.02945429],[-116.47029503,50.02958033],[-116.47040358,50.02987764],[-116.47023589,50.03006492],[-116.47003676,50.03024473],[-116.46978643,50.03055449],[-116.46980584,50.03091126],[-116.47009475,50.03131538],[-116.47074884,50.03190892],[-116.47131173,50.03238211],[-116.4717823,50.03273496],[-116.47159581,50.03319284],[-116.4715073,50.0335172],[-116.47144937,50.03384869],[-116.47151516,50.03420901],[-116.47153166,50.03452982],[-116.47162481,50.03479401],[-116.47183523,50.03502473],[-116.47192531,50.03527325],[-116.4718402,50.03553068],[-116.47159557,50.03577422],[-116.47140303,50.03609111],[-116.4711016,50.03637773],[-116.47069263,50.03663373],[-116.47081719,50.03673307],[-116.47030055,50.03729136],[-116.46999984,50.03779446],[-116.46991622,50.03824309],[-116.46996526,50.03857386],[-116.46997591,50.03883876],[-116.46998202,50.0390289],[-116.46991009,50.03922045],[-116.470039,50.03932477],[-116.47020996,50.03944049],[-116.4705476,50.03963383],[-116.47089519,50.03980224],[-116.4711867,50.03996353],[-116.47133901,50.04008139],[-116.47142205,50.04014441],[-116.47144843,50.04027045],[-116.47191789,50.04033668],[-116.47260555,50.0404677],[-116.47355344,50.04059196],[-116.47451917,50.04082732],[-116.47524605,50.04105448],[-116.47590119,50.04133113],[-116.47639877,50.04150239],[-116.47692172,50.04164161],[-116.47741437,50.04170961],[-116.47772595,50.04178296],[-116.47803665,50.04188337],[-116.47830992,50.04197452],[-116.47855747,50.04208454],[-116.47878707,50.04220453],[-116.47906029,50.04232558],[-116.47926927,50.04240463],[-116.47944056,50.04245625],[-116.47958173,50.04260971],[-116.47974483,50.04276353],[-116.48004338,50.04300173],[-116.48024569,50.04324527],[-116.48035124,50.04349486],[-116.48046562,50.04370422],[-116.48061208,50.04390966],[-116.48086097,50.04416851],[-116.48112281,50.04449643],[-116.48145656,50.04459079],[-116.48164178,50.04468585],[-116.48180373,50.04479623],[-116.48196899,50.04501307],[-116.48221728,50.04531073],[-116.48246497,50.0456536],[-116.4826441,50.04587044],[-116.48278195,50.04604491],[-116.48294308,50.04623148],[-116.48316462,50.04638422],[-116.48340526,50.0465213],[-116.48385013,50.04670325],[-116.48403109,50.04680294],[-116.48414163,50.04687522],[-116.48431468,50.04709206],[-116.48452406,50.04729073],[-116.4847507,50.04739577],[-116.48498877,50.04750757],[-116.48523722,50.04762685],[-116.48561251,50.04780843],[-116.48594038,50.04791382],[-116.48633226,50.04797934],[-116.48690027,50.04797578],[-116.48737233,50.04796581],[-116.48778972,50.04797969],[-116.48817078,50.04800853],[-116.48849664,50.04802491],[-116.4887665,50.04802919],[-116.48892016,50.0480299],[-116.48901239,50.04811108],[-116.48918354,50.04824282],[-116.48941033,50.04837669],[-116.48977624,50.04854938],[-116.49024031,50.04870106],[-116.49043362,50.04887802],[-116.49059934,50.0490596],[-116.4907135,50.04930492],[-116.49080342,50.04955807],[-116.49090005,50.04969337],[-116.49102383,50.04984968],[-116.49120836,50.05001845],[-116.49142972,50.05022318],[-116.49167439,50.05043112],[-116.49189109,50.05061199],[-116.4920901,50.05075405],[-116.49222895,50.05083844],[-116.49232594,50.05090466],[-116.49250106,50.05106133],[-116.49271361,50.05124826],[-116.49291509,50.05141418],[-116.49305196,50.05153452],[-116.49316126,50.05161107],[-116.49329087,50.05169439],[-116.4935258,50.05179551],[-116.49375211,50.05182043],[-116.49398076,50.05173462],[-116.49423267,50.05157867],[-116.49427271,50.051589],[-116.49437337,50.05159825],[-116.49453153,50.05162389],[-116.49478261,50.05164988],[-116.49506923,50.05173711],[-116.49539372,50.0518685],[-116.49561105,50.05201056],[-116.4958114,50.05210634],[-116.49600032,50.05217114],[-116.49616252,50.05221672],[-116.49637632,50.05228971],[-116.49658036,50.05238335],[-116.49684403,50.05250156],[-116.49716896,50.05264362],[-116.49731228,50.05273121],[-116.49747833,50.05285512],[-116.49764335,50.05295553],[-116.49780408,50.05302424],[-116.49796076,50.05306092],[-116.49797492,50.05303386],[-116.49805736,50.05318019],[-116.49813468,50.05334932],[-116.49825967,50.05357577],[-116.49844034,50.05378655],[-116.49864805,50.05394428],[-116.49885804,50.0540543],[-116.4988612,50.05421595],[-116.49888268,50.05440502],[-116.49881126,50.0545485],[-116.49871657,50.05467099],[-116.49858775,50.05482053],[-116.49847639,50.05497292],[-116.49836752,50.05514347],[-116.49824419,50.05532862],[-116.49804561,50.05559743],[-116.49790782,50.05588192],[-116.49773221,50.05621981],[-116.49757551,50.05650679],[-116.49741384,50.05682119],[-116.49723855,50.05711101],[-116.4969922,50.05748166],[-116.49689156,50.05775404],[-116.49683253,50.05807485],[-116.49683103,50.05820053],[-116.49690296,50.05847683],[-116.49703504,50.05877698],[-116.49714329,50.05909244],[-116.49728072,50.05931783],[-116.49731228,50.05940185],[-116.49736212,50.05955211],[-116.49746179,50.05980419],[-116.49757034,50.06008939],[-116.4976883,50.0604077],[-116.49774937,50.06079188],[-116.49782131,50.06107388],[-116.49791544,50.06138008],[-116.49809332,50.06176782],[-116.49823197,50.06185826],[-116.49830102,50.06192164],[-116.49846769,50.06203023],[-116.49851294,50.06214844],[-116.49854911,50.06227342],[-116.49860192,50.06253725],[-116.49866949,50.06275943],[-116.49870892,50.06285948],[-116.49874178,50.06297555],[-116.49880523,50.06315287],[-116.49889715,50.0633081],[-116.49900113,50.0634345],[-116.49912083,50.06356304],[-116.49924191,50.06370653],[-116.49937053,50.06387779],[-116.49949446,50.06405831],[-116.49952816,50.06438231],[-116.49959988,50.06466146],[-116.49972589,50.06510546],[-116.4998009,50.06549854],[-116.49986878,50.06571466],[-116.49994219,50.06595179],[-116.49998573,50.06622275],[-116.49997978,50.0665286],[-116.49992981,50.06684121],[-116.49983046,50.06711751],[-116.49970119,50.06734609],[-116.49957331,50.06752341],[-116.49947566,50.06767366],[-116.49940282,50.06781929],[-116.49932331,50.06797381],[-116.49919709,50.06815113],[-116.49906821,50.06832666],[-116.49894984,50.06849579],[-116.49905107,50.06862219],[-116.49920836,50.06874289],[-116.49902117,50.06897183],[-116.4988683,50.06920006],[-116.49903083,50.06939553],[-116.49917117,50.06960311],[-116.49920597,50.06986018],[-116.49919405,50.07010692],[-116.49919177,50.0703348],[-116.49922252,50.07047579],[-116.49924941,50.07060789],[-116.49927156,50.07073073],[-116.49931118,50.07095575],[-116.49933639,50.07117188],[-116.49935768,50.0714147],[-116.49934626,50.07159451],[-116.49936729,50.07182238],[-116.49934403,50.07210829],[-116.49929612,50.07238566],[-116.49924312,50.07254766],[-116.49920865,50.07272711],[-116.49912231,50.07298774],[-116.49910544,50.07324659],[-116.49911667,50.07349441],[-116.49919821,50.07372548],[-116.49936385,50.07395122],[-116.49947399,50.07408652],[-116.49954306,50.0741766],[-116.49969843,50.07446821],[-116.49976113,50.07468148],[-116.49977801,50.07487909],[-116.49979909,50.07505926],[-116.49971831,50.07525366],[-116.49959453,50.07547512],[-116.49942912,50.07572329],[-116.4993575,50.07590274],[-116.49915793,50.07623458],[-116.49891789,50.0764856],[-116.49870613,50.0766736],[-116.4984805,50.07687049],[-116.49836752,50.07697767],[-116.49811331,50.07723153],[-116.49790183,50.07745549],[-116.49776443,50.07765559],[-116.49765609,50.07789094],[-116.49754805,50.07813555],[-116.4974397,50.0783887],[-116.49734924,50.07861337],[-116.49728614,50.07881596],[-116.49722407,50.07897263],[-116.49710166,50.07912181],[-116.49691683,50.07939099],[-116.49674726,50.07956118],[-116.4965985,50.07972532],[-116.49648305,50.07988376],[-116.49640616,50.08009918],[-116.4962649,50.08026047],[-116.49614194,50.08042176],[-116.49609043,50.08061154],[-116.49601974,50.08082196],[-116.49589634,50.0810623],[-116.49569504,50.08126738],[-116.49549456,50.08147532],[-116.49534388,50.08162771],[-116.49524775,50.08174912],[-116.49513008,50.08183564],[-116.49497521,50.08193676],[-116.49500296,50.08199978],[-116.49509251,50.08216998],[-116.49520864,50.08233946],[-116.49543847,50.08250253],[-116.49568992,50.08265029],[-116.49598719,50.0827596],[-116.49590672,50.08290024],[-116.4957785,50.0831274],[-116.49560284,50.08344144],[-116.49546463,50.08369851],[-116.4953221,50.08385197],[-116.49517767,50.08397908],[-116.49510501,50.08421585],[-116.4950754,50.08439637],[-116.49506424,50.08457832],[-116.49507203,50.08473427],[-116.4950987,50.08486031],[-116.49510648,50.08500415],[-116.49512373,50.08511239],[-116.49512625,50.08531321],[-116.49510463,50.08559769],[-116.49509023,50.08564291],[-116.49495874,50.08620868],[-116.49481758,50.0867659],[-116.49470081,50.08720598],[-116.49465981,50.08756559],[-116.49470345,50.08787144],[-116.49467771,50.08807546],[-116.49460169,50.088225],[-116.49447514,50.08832043],[-116.49468898,50.08848101],[-116.49485033,50.08865583],[-116.49495855,50.08884418],[-116.49516568,50.08913258],[-116.49528484,50.0893042],[-116.49541369,50.08947866],[-116.49555114,50.08965598],[-116.49562476,50.08977347],[-116.49574418,50.08993584],[-116.49591492,50.09008324],[-116.49610404,50.09028797],[-116.49607896,50.090466],[-116.49603034,50.09066539],[-116.49589737,50.09088578],[-116.49571838,50.09107378],[-116.49549312,50.09122973],[-116.49530054,50.09136396],[-116.4951615,50.09155196],[-116.49507665,50.09179443],[-116.49505511,50.09208212],[-116.49499195,50.09236091],[-116.49491797,50.09270236],[-116.49490382,50.09275613],[-116.49501304,50.09301747],[-116.49526475,50.09342942],[-116.49547561,50.09376909],[-116.49564506,50.09403649],[-116.49578233,50.09430389],[-116.49596597,50.09455953],[-116.49627407,50.0947899],[-116.49657196,50.09498501],[-116.4965489,50.09513669],[-116.49654103,50.0952727],[-116.49640291,50.09554188],[-116.49631173,50.09582921],[-116.49622499,50.09608984],[-116.49606749,50.09643984],[-116.49595741,50.09670297],[-116.49584762,50.09692763],[-116.49573888,50.09711278],[-116.49552665,50.0973549],[-116.49524443,50.0975785],[-116.49505286,50.09777433],[-116.49494831,50.09796873],[-116.49493077,50.09816171],[-116.49494414,50.09821583],[-116.49499809,50.09840169],[-116.49507826,50.0987378],[-116.49507515,50.09907961],[-116.49482681,50.09945525],[-116.49463337,50.09985118],[-116.49429254,50.09989569],[-116.49394682,50.09996512],[-116.49345629,50.10010077],[-116.49291336,50.10032331],[-116.49231801,50.10063272],[-116.49196216,50.10078404],[-116.49143359,50.10095245],[-116.49126545,50.10128643],[-116.49117849,50.10159512],[-116.4911721,50.10187783],[-116.49110109,50.10196756],[-116.4908139,50.10226308],[-116.49054005,50.10259741],[-116.4902796,50.10297127],[-116.48977434,50.10313078],[-116.48931602,50.10329065],[-116.48888049,50.10347473],[-116.48846408,50.10364955],[-116.48805516,50.10378271],[-116.48764569,50.10390697],[-116.4872903,50.10399207],[-116.48685558,50.10412238],[-116.48653216,50.10425875],[-116.48613067,50.10433174],[-116.48584583,50.10438764],[-116.48561197,50.10445743],[-116.48531226,50.10455926],[-116.48488272,50.104644],[-116.48449016,50.10474441],[-116.484192,50.10485692],[-116.48395161,50.10496694],[-116.48371205,50.10512752],[-116.48355272,50.10521974],[-116.48332734,50.10538957],[-116.48300815,50.10560712],[-116.48265566,50.10585458],[-116.48244965,50.10608032],[-116.4822869,50.10630855],[-116.4821003,50.10678423],[-116.48188383,50.10737706],[-116.48160814,50.1078855],[-116.48147237,50.10835834],[-116.48126772,50.10874145],[-116.48101868,50.10921999],[-116.48069354,50.10968321],[-116.48027397,50.11014003],[-116.48020345,50.11019343],[-116.48053686,50.11039282],[-116.48082913,50.11052029],[-116.48119135,50.11067446],[-116.48137745,50.11069938],[-116.4815494,50.11073036],[-116.48170745,50.11076703],[-116.48250244,50.11097746],[-116.48224219,50.11118112],[-116.482037,50.1113709],[-116.48176939,50.11151652],[-116.48176453,50.11167247],[-116.48164512,50.11180279],[-116.48164174,50.11196871],[-116.48140213,50.11214068],[-116.48115884,50.11238921],[-116.48079638,50.11268437],[-116.48043369,50.11301871],[-116.48018545,50.11341927],[-116.4800517,50.11388926],[-116.47999402,50.11431474],[-116.47985018,50.11466189],[-116.47962073,50.11493071],[-116.47895312,50.11499978],[-116.4783319,50.11509592],[-116.47794694,50.11521591],[-116.47755055,50.11535904],[-116.47718964,50.11552247],[-116.4767543,50.11570049],[-116.47639336,50.11586072],[-116.47590137,50.11609215],[-116.4756335,50.11626484],[-116.47531428,50.11647348],[-116.47494312,50.11671738],[-116.4748307,50.11678895],[-116.47440557,50.11671987],[-116.47395839,50.11669103],[-116.47348907,50.11670171],[-116.47311136,50.11670029],[-116.47260777,50.1166978],[-116.47237922,50.11672094],[-116.47205521,50.11675049],[-116.47166987,50.1167715],[-116.47133381,50.11679998],[-116.47095085,50.11684342],[-116.47058672,50.11687155],[-116.47026271,50.11693991],[-116.46998826,50.1170186],[-116.46950964,50.11692069],[-116.46920991,50.1168833],[-116.4689552,50.11686122],[-116.46818714,50.11675868],[-116.46747908,50.11667145],[-116.46691908,50.11659098],[-116.46637655,50.11647455],[-116.46588845,50.11634922],[-116.46543732,50.11622745],[-116.46508867,50.11613274],[-116.46475449,50.11601453],[-116.46426903,50.11580126],[-116.46376188,50.11567699],[-116.463307,50.11565777],[-116.46289283,50.11569409],[-116.46265953,50.11570797],[-116.4623587,50.11580161],[-116.46205695,50.1159451],[-116.46175486,50.11613844],[-116.46144892,50.1163948],[-116.46094114,50.11677933],[-116.46059999,50.11702145],[-116.46031169,50.11719307],[-116.4599987,50.11728742],[-116.45981411,50.11750532],[-116.45958788,50.11773533],[-116.45926569,50.11774281],[-116.45890265,50.11773213],[-116.45859514,50.11770364],[-116.45813045,50.11768655],[-116.45766241,50.11769617],[-116.45717204,50.11778198],[-116.45666704,50.11789556],[-116.4562882,50.11798956],[-116.45589691,50.11811382],[-116.45552614,50.11821387],[-116.45511428,50.11833493],[-116.45469743,50.11848589],[-116.4542473,50.11870878],[-116.45395182,50.1188512],[-116.45365608,50.11902068],[-116.45351503,50.11915491],[-116.4532172,50.11938243],[-116.45284277,50.11961636],[-116.45225209,50.11988945],[-116.45183541,50.12021239],[-116.45149985,50.12058055],[-116.45124653,50.12099392],[-116.45098536,50.12141549],[-116.45084635,50.12171173],[-116.45074145,50.12193889],[-116.45051091,50.1225043],[-116.45018394,50.12299743],[-116.44981448,50.1234546],[-116.44961283,50.12399331],[-116.44952732,50.12412754],[-116.44924494,50.12434224],[-116.44899006,50.1246107],[-116.44859175,50.1251665],[-116.44881278,50.12544636],[-116.44917063,50.12592489],[-116.44936833,50.12620155],[-116.44947321,50.12641197],[-116.44962657,50.12684137],[-116.44978519,50.12724371],[-116.44988808,50.12763501],[-116.44993024,50.12804198],[-116.44991398,50.12821289],[-116.44968458,50.12871528],[-116.44947045,50.12905709],[-116.44936405,50.1294224],[-116.44936426,50.1298112],[-116.44864713,50.13011955],[-116.44819177,50.13038801],[-116.4478246,50.13066715],[-116.44744729,50.13102499],[-116.44722051,50.13129381],[-116.4473986,50.13162743],[-116.4475704,50.13208994],[-116.44765436,50.13248302],[-116.44765256,50.13263612],[-116.44731278,50.13299431],[-116.44713865,50.13310718],[-116.44692235,50.13326527],[-116.44666384,50.13346786],[-116.4465291,50.13382676],[-116.44641272,50.13419207],[-116.44636434,50.13458943],[-116.44636565,50.13501313],[-116.44645515,50.13534639],[-116.44657272,50.13567681],[-116.44671837,50.13600438],[-116.44695029,50.1365],[-116.44703184,50.13672432],[-116.44708469,50.13697427],[-116.44710996,50.13724415],[-116.4470634,50.13763083],[-116.44693816,50.13799293],[-116.44689632,50.13836465],[-116.44704443,50.13873886],[-116.44734923,50.13911628],[-116.44804859,50.13955422],[-116.44874943,50.13987752],[-116.44932692,50.14023891],[-116.44978081,50.14063876],[-116.45004446,50.14095885],[-116.45019596,50.14131526],[-116.45031198,50.14166347],[-116.45045528,50.142027],[-116.45067005,50.14229369],[-116.45096779,50.1425091],[-116.45127421,50.14264547],[-116.45158658,50.14280071],[-116.45186816,50.14305101],[-116.45208301,50.14342771],[-116.45222572,50.14387314],[-116.45222026,50.14434989],[-116.45220138,50.14478143],[-116.45219617,50.14524002],[-116.45217731,50.14565375],[-116.45217087,50.14622023],[-116.45203817,50.14665818],[-116.45191004,50.14702064],[-116.45178499,50.14730655],[-116.45189513,50.14760599],[-116.45200135,50.14800833],[-116.45210278,50.14851321],[-116.45210009,50.14874714],[-116.45201719,50.14907043],[-116.45185954,50.14937877],[-116.45162762,50.14967145],[-116.45205878,50.14988935],[-116.45229775,50.15022297],[-116.45266591,50.15065665],[-116.45308031,50.15115334],[-116.45313615,50.1514332],[-116.45312759,50.15180207],[-116.45305347,50.15225924],[-116.45302795,50.15245115],[-116.45303548,50.15262811],[-116.45303063,50.15305964],[-116.45301166,50.15350934],[-116.45299058,50.15370695],[-116.45300627,50.15394087],[-116.45297982,50.15424352],[-116.45295356,50.15448919],[-116.45296433,50.15475623],[-116.45298061,50.15500226],[-116.45292013,50.15539748],[-116.45309177,50.15546727],[-116.45339361,50.15559758],[-116.45379235,50.15580943],[-116.45400524,50.15595114],[-116.45436729,50.15616869],[-116.45471389,50.15643146],[-116.45494167,50.15650124],[-116.45541171,50.15662942],[-116.45606184,50.15688721],[-116.45669441,50.15710903],[-116.45718134,50.15733334],[-116.45731929,50.15751386],[-116.45752521,50.1579016],[-116.45774739,50.15790338],[-116.45801479,50.15792189],[-116.45846197,50.15800485],[-116.45888297,50.15793471],[-116.45942937,50.15785353],[-116.46004708,50.15773319],[-116.46048174,50.1576723],[-116.46102959,50.15762708],[-116.46157858,50.15761747],[-116.46205904,50.15766162],[-116.46257639,50.15770221],[-116.46308493,50.15771431],[-116.46365405,50.15774992],[-116.46420355,50.15782469],[-116.46466065,50.15787454],[-116.46510562,50.15787561],[-116.46556132,50.1578578],[-116.46602357,50.15784178],[-116.46642284,50.15799382],[-116.46684622,50.15813339],[-116.46718678,50.15813517],[-116.46768626,50.15811025],[-116.4681905,50.15809458],[-116.46827241,50.1583018],[-116.46875424,50.158331],[-116.46926059,50.15838441],[-116.46972351,50.1584574],[-116.470229,50.15857774],[-116.47070382,50.15869987],[-116.4712437,50.1588341],[-116.47177459,50.15892632],[-116.47228216,50.15901284],[-116.47263506,50.15919122],[-116.47306249,50.15937601],[-116.47343917,50.15949458],[-116.47409535,50.15965053],[-116.4743315,50.1598225],[-116.47467896,50.160034],[-116.4750969,50.16024157],[-116.475473,50.16040643],[-116.475803,50.16053069],[-116.47612803,50.16065816],[-116.47649106,50.16075856],[-116.47663272,50.16059727],[-116.47683237,50.16083227],[-116.47711052,50.16100139],[-116.47746715,50.16110465],[-116.47750226,50.16135673],[-116.47759333,50.16153689],[-116.4777062,50.16175337],[-116.47784056,50.16200581],[-116.47793008,50.16233018],[-116.47795337,50.16274391],[-116.47796142,50.16328938],[-116.47810797,50.16383877],[-116.47832317,50.16436751],[-116.47842805,50.16475062],[-116.47848802,50.16510276],[-116.47863283,50.16536517],[-116.47883104,50.16560479],[-116.47908243,50.16582198],[-116.47936443,50.16605698],[-116.47967851,50.16633114],[-116.47990581,50.1664821],[-116.48030486,50.16671176],[-116.48067088,50.16696206],[-116.48094369,50.1671821],[-116.48156407,50.16749685],[-116.48209692,50.16787284],[-116.48256233,50.1682556],[-116.48301025,50.16860631],[-116.48343172,50.16887798],[-116.48370977,50.16906526],[-116.48390404,50.16922798],[-116.48410622,50.16952279],[-116.48434399,50.17001236],[-116.48458731,50.17038835],[-116.48486873,50.17068032],[-116.48539565,50.1711414],[-116.48561737,50.17135824],[-116.48633599,50.1718471],[-116.48687729,50.17227508],[-116.48723229,50.17254247],[-116.48759542,50.17277284],[-116.48782744,50.17289674],[-116.48831837,50.17328876],[-116.48867488,50.17355722],[-116.4889811,50.17375625],[-116.48924413,50.17400051],[-116.48934918,50.17422055],[-116.48950088,50.17446907],[-116.48982249,50.17476744],[-116.49012968,50.17500244],[-116.49077131,50.17528407],[-116.4910908,50.17552548],[-116.49166142,50.17585483],[-116.49163033,50.17629811],[-116.49156236,50.17668158],[-116.49133771,50.17700238],[-116.49121528,50.17728188],[-116.49091147,50.17758026],[-116.49064367,50.17791779],[-116.49026993,50.17822898],[-116.48993879,50.17847145],[-116.48948524,50.17856545],[-116.48892977,50.17856794],[-116.48844724,50.17856866],[-116.48801158,50.17868687],[-116.48782998,50.17894073],[-116.48777969,50.17928539],[-116.48786793,50.17959338],[-116.48782772,50.17987216],[-116.48791523,50.18014632],[-116.48810624,50.18046179],[-116.48841443,50.1808741],[-116.48854254,50.18114826],[-116.48860464,50.18143844],[-116.48860084,50.18178915],[-116.48854485,50.18211458],[-116.48845421,50.18241509],[-116.48840669,50.18279963],[-116.48830611,50.18317882],[-116.48816776,50.18361321],[-116.48791825,50.18408569],[-116.48770547,50.18445741],[-116.48762678,50.18485583],[-116.4876813,50.1852806],[-116.48748393,50.18538777],[-116.48753306,50.18606249],[-116.48759278,50.18657556],[-116.48766386,50.18692663],[-116.4881021,50.18727912],[-116.48834285,50.18759601],[-116.48838633,50.18787693],[-116.48841506,50.18812012],[-116.48844973,50.18837007],[-116.48849065,50.18862714],[-116.48846934,50.18889061],[-116.48847128,50.18910959],[-116.48848257,50.18938232],[-116.48844676,50.18969707],[-116.4884022,50.18990679],[-116.48831427,50.19027495],[-116.4883047,50.19044087],[-116.48833588,50.19059112],[-116.48840016,50.19070114],[-116.48847724,50.19077947],[-116.48899234,50.1910515],[-116.48944284,50.19130821],[-116.48994963,50.19162652],[-116.49046723,50.19199325],[-116.49081566,50.19216594],[-116.49139198,50.19243227],[-116.49194032,50.19270536],[-116.4924413,50.19300622],[-116.49304914,50.19335088],[-116.49365662,50.19375215],[-116.49387379,50.1940078],[-116.49433594,50.19443862],[-116.49473028,50.1942606],[-116.49510622,50.19449879],[-116.49560792,50.19472311],[-116.49583517,50.19473806],[-116.49607033,50.19473414],[-116.49689318,50.19506136],[-116.49714861,50.19537006],[-116.49747508,50.19571151],[-116.49791986,50.19603694],[-116.49829347,50.19649732],[-116.49875479,50.19661731],[-116.49915926,50.19676186],[-116.50003752,50.19720657],[-116.50026501,50.19732122],[-116.50066415,50.19755978],[-116.50108174,50.19781364],[-116.50116542,50.19786776],[-116.50200038,50.19839294],[-116.50218107,50.19854675],[-116.50258048,50.19892809],[-116.50284549,50.19932295],[-116.50311804,50.19961491],[-116.50335738,50.19994568],[-116.50360943,50.20000087],[-116.50407979,50.20009879],[-116.50439205,50.20018388],[-116.50517604,50.20023231],[-116.50583438,50.20024406],[-116.50646132,50.20027895],[-116.5071084,50.20036654],[-116.50747297,50.2003231],[-116.50845497,50.20022839],[-116.50849191,50.2002793],[-116.50855163,50.20038149],[-116.5088266,50.20088637],[-116.50908692,50.20147208],[-116.50915318,50.20184131],[-116.50923009,50.20208841],[-116.50928236,50.20240814],[-116.50931119,50.20280122],[-116.5091199,50.20323311],[-116.5089587,50.20363403],[-116.50888037,50.20396338],[-116.50896,50.20423255],[-116.50974487,50.20411791],[-116.51047301,50.20396908],[-116.51102633,50.20376185],[-116.51161781,50.20367213],[-116.51220578,50.20355499],[-116.51291549,50.20357386],[-116.51362067,50.20358062],[-116.51433356,50.20374049],[-116.51516533,50.20389003],[-116.51611784,50.20407696],[-116.51717707,50.20435112],[-116.5182279,50.20467014],[-116.51927176,50.20492045],[-116.52031193,50.20504756],[-116.52137491,50.205112],[-116.52244009,50.20523021],[-116.52350705,50.20534664],[-116.52449142,50.2053267],[-116.52539263,50.2051704],[-116.52612774,50.20499664],[-116.52669199,50.20493291],[-116.52717047,50.20491083],[-116.52763342,50.20482681],[-116.52825929,50.2048414],[-116.52902386,50.20502833],[-116.52984253,50.2053502],[-116.53070667,50.20580666],[-116.53146761,50.20605839],[-116.53227094,50.2062147],[-116.53310829,50.20623001],[-116.5338046,50.20619689],[-116.53434234,50.20617197],[-116.53477651,50.20618871],[-116.53538018,50.2062122],[-116.5359257,50.20618728],[-116.53667621,50.20598932],[-116.53744818,50.20574364],[-116.53792613,50.20555458],[-116.53847932,50.20536694],[-116.53896933,50.2052441],[-116.53935882,50.20520244],[-116.54008921,50.20555921],[-116.54078672,50.2058558],[-116.5413035,50.20605376],[-116.54187273,50.20628164],[-116.54257735,50.20650025],[-116.54343658,50.20667578],[-116.54449937,50.20676587],[-116.54547576,50.20689939],[-116.5459095,50.20698519],[-116.54665433,50.20712299],[-116.54753734,50.20725722],[-116.54857275,50.20738825],[-116.54883894,50.20741637],[-116.54914693,50.20745661],[-116.54943628,50.20749969],[-116.549707,50.20754562],[-116.54998073,50.20787639],[-116.55035917,50.20822248],[-116.55068413,50.20845462],[-116.55104935,50.20882171],[-116.55131689,50.20922761],[-116.55137134,50.20939068],[-116.55138374,50.20953061],[-116.55148014,50.20974389],[-116.55173952,50.21014872],[-116.55222657,50.21048412],[-116.55294192,50.2107508],[-116.5536691,50.21094556],[-116.55425597,50.21127171],[-116.55480244,50.21162527],[-116.55523641,50.21205075],[-116.55564483,50.21248514],[-116.55589472,50.21290563],[-116.55606269,50.21325706],[-116.55621847,50.21365975],[-116.55614971,50.21398874],[-116.55624751,50.21451392],[-116.55647599,50.2150213],[-116.55695214,50.21542506],[-116.55731333,50.21579998],[-116.55767471,50.21612328],[-116.55780501,50.2165096],[-116.55805304,50.21697211],[-116.55832712,50.21798436],[-116.55833733,50.21841625],[-116.55822842,50.21907246],[-116.55798873,50.21973685],[-116.55796739,50.21997363],[-116.55799785,50.22021361],[-116.55808005,50.22044789],[-116.55827339,50.22074519],[-116.55856516,50.22106137],[-116.55820553,50.22118065],[-116.55781222,50.2212661],[-116.55738491,50.22131737],[-116.55662618,50.22153955],[-116.55604137,50.22180124],[-116.55555555,50.2220989],[-116.55507877,50.22244285],[-116.55468946,50.22277932],[-116.55450408,50.22293029],[-116.55439738,50.22303283],[-116.5544615,50.22314926],[-116.55462398,50.22330343],[-116.55489732,50.22356264],[-116.55541717,50.22393934],[-116.55584209,50.2242986],[-116.55620071,50.22472159],[-116.55649415,50.22520831],[-116.55643608,50.22539702],[-116.55654552,50.22618282],[-116.55681396,50.22666955],[-116.55712173,50.2270815],[-116.55736459,50.22741405],[-116.55754968,50.2277758],[-116.55780423,50.22820627],[-116.55810307,50.22857834],[-116.55842832,50.22894437],[-116.55868511,50.22929081],[-116.5589492,50.22972448],[-116.55926632,50.23012041],[-116.55949827,50.23048536],[-116.55965221,50.23087737],[-116.55971392,50.23127651],[-116.55959562,50.23162295],[-116.55943862,50.23205876],[-116.55924357,50.23258465],[-116.55924348,50.23261171],[-116.55896382,50.23304538],[-116.558801,50.23346445],[-116.55827258,50.23383439],[-116.55793867,50.23421786],[-116.55779925,50.23461486],[-116.5577226,50.23484558],[-116.55698421,50.23484273],[-116.55638293,50.2349702],[-116.55580671,50.23510906],[-116.55524559,50.23535473],[-116.55467655,50.23555733],[-116.55418415,50.23585321],[-116.55374424,50.23608927],[-116.55333377,50.23632462],[-116.55264485,50.23656175],[-116.55255908,50.2367234],[-116.55207648,50.23733296],[-116.55205412,50.23774278],[-116.5521337,50.23818677],[-116.55231634,50.23866495],[-116.55250079,50.23927843],[-116.55262745,50.23989832],[-116.55252594,50.24023977],[-116.55196115,50.24032344],[-116.55140666,50.24045732],[-116.55106487,50.24056093],[-116.55056978,50.24068199],[-116.5501751,50.24085823],[-116.54999849,50.2410943],[-116.54980551,50.24140335],[-116.54961894,50.24168748],[-116.54932226,50.24194206],[-116.54892684,50.24218631],[-116.54846616,50.24245442],[-116.54800968,50.24310243],[-116.54773758,50.24374867],[-116.54764884,50.24439383],[-116.5481316,50.24472354],[-116.54850237,50.24506072],[-116.5487609,50.24540573],[-116.54904477,50.24572832],[-116.54940018,50.24602847],[-116.54975286,50.24632364],[-116.55019771,50.24673025],[-116.55073551,50.24724795],[-116.551193,50.24730456],[-116.55164119,50.24751036],[-116.55199769,50.24790451],[-116.55228092,50.24842328],[-116.552574,50.24863121],[-116.55223523,50.24884876],[-116.5518673,50.24915888],[-116.55153232,50.24951458],[-116.55106521,50.24997424],[-116.55051916,50.25037409],[-116.54998764,50.25070771],[-116.55002197,50.25149031],[-116.54993399,50.25192149],[-116.54994488,50.2522722],[-116.54995929,50.25268309],[-116.55007614,50.25319936],[-116.55009804,50.25383777],[-116.55010764,50.25435048],[-116.55007142,50.25487815],[-116.5499216,50.25537805],[-116.54965826,50.25585089],[-116.55022468,50.25632372],[-116.55090698,50.25683003],[-116.55170651,50.25736945],[-116.55167344,50.25786401],[-116.55159775,50.2584693],[-116.55149806,50.25910164],[-116.5513034,50.25975322],[-116.55091753,50.26035851],[-116.55034036,50.2609168],[-116.55038268,50.26135474],[-116.5503978,50.26177132],[-116.5503709,50.26231003],[-116.55040679,50.26280566],[-116.55030993,50.26329096],[-116.55010812,50.26371288],[-116.54967279,50.26423307],[-116.54940253,50.26479955],[-116.5491943,50.26537635],[-116.5490325,50.26571425],[-116.54979726,50.26573632],[-116.55050567,50.26570214],[-116.55118778,50.26628927],[-116.55187414,50.2665588],[-116.55262812,50.26681659],[-116.55316146,50.26708754],[-116.55356251,50.26737773],[-116.55371639,50.26745926],[-116.55365564,50.26775194],[-116.55363111,50.2680585],[-116.55364188,50.26839746],[-116.55370497,50.26869725],[-116.55371955,50.26909603],[-116.55371515,50.26955783],[-116.55372578,50.26994771],[-116.55374061,50.2703764],[-116.55383872,50.27090442],[-116.55361946,50.27145595],[-116.5535425,50.27201531],[-116.55360751,50.27258214],[-116.55357978,50.2730799],[-116.55350483,50.2735652],[-116.55376739,50.27398606],[-116.55392835,50.27428621],[-116.55398778,50.27446637],[-116.55417588,50.27501291],[-116.55453109,50.27551779],[-116.5550543,50.27598137],[-116.55508994,50.27665609],[-116.55511119,50.27737567],[-116.55507612,50.27765126],[-116.55513301,50.2780593],[-116.55514258,50.27850899],[-116.55518045,50.27881982],[-116.55526267,50.27917516],[-116.55554794,50.27970354],[-116.5557015,50.280301],[-116.55583397,50.28048935],[-116.55584125,50.28072898],[-116.55572286,50.28102058],[-116.55543636,50.2816629],[-116.5552912,50.28216315],[-116.55528788,50.28252063],[-116.5549618,50.28285212],[-116.55483407,50.28304047],[-116.55450024,50.28370486],[-116.55437556,50.28438207],[-116.55432415,50.28502617],[-116.55434761,50.28552108],[-116.55436976,50.28615949],[-116.55396243,50.28651376],[-116.5536465,50.28691218],[-116.55349771,50.28717566],[-116.55329034,50.28746869],[-116.55285152,50.28788064],[-116.55234841,50.28814234],[-116.55186358,50.28845246],[-116.55139697,50.2888103],[-116.55078762,50.28939244],[-116.55039143,50.2897606],[-116.55002251,50.2901722],[-116.5500362,50.29021101],[-116.55004945,50.29026192],[-116.55011725,50.29053715],[-116.55016603,50.29085012],[-116.55024979,50.29134824],[-116.55034899,50.29195709],[-116.55049661,50.29248832],[-116.55080608,50.29291202],[-116.55122851,50.29330652],[-116.55118435,50.29369711],[-116.55106688,50.29407916],[-116.55099282,50.29449075],[-116.55079212,50.29491481],[-116.55080661,50.29535026],[-116.55093332,50.29580672],[-116.55117243,50.29628312],[-116.55037856,50.29654696],[-116.5496646,50.29686206],[-116.54908619,50.29762722],[-116.54844336,50.29829624],[-116.54844091,50.29855687],[-116.54846514,50.2989617],[-116.54741021,50.2991554],[-116.546367,50.29960117],[-116.54614083,50.30025667],[-116.5458117,50.30092996],[-116.54537927,50.3016207],[-116.54531995,50.30190839],[-116.54519023,50.30227655],[-116.54510329,50.30253113],[-116.54504449,50.30281561],[-116.54494351,50.30312111],[-116.54489876,50.3034177],[-116.54489617,50.30368759],[-116.54486523,50.30396638],[-116.54479742,50.3042117],[-116.54472465,50.30446022],[-116.54464747,50.30471195],[-116.54464251,50.30521541],[-116.5446683,50.30547639],[-116.54448287,50.30575447],[-116.54429328,50.3060354],[-116.54416875,50.30629282],[-116.54411002,50.30658051],[-116.54409571,50.30663428],[-116.54400865,50.30690381],[-116.5439078,50.30719114],[-116.54381617,50.30744857],[-116.54376215,50.30770315],[-116.54371744,50.30799974],[-116.54370083,50.30822476],[-116.54365681,50.30847614],[-116.54347173,50.30872751],[-116.54328649,50.30899633],[-116.5431578,50.3092566],[-116.54305769,50.30943641],[-116.54287296,50.30966927],[-116.54264571,50.30988432],[-116.542485,50.31008763],[-116.54238473,50.31025212],[-116.54234655,50.31037781],[-116.5420819,50.31058147],[-116.54188667,50.31077979],[-116.54176024,50.31097206],[-116.54169256,50.31116647],[-116.54160215,50.31134022],[-116.54145439,50.31158839],[-116.54133538,50.31183691],[-116.54123482,50.31206407],[-116.5411333,50.31222465],[-116.54098195,50.3123831],[-116.54078044,50.31253905],[-116.54059672,50.31266723],[-116.54048374,50.31275375],[-116.54036693,50.31321199],[-116.54043598,50.31332023],[-116.54051816,50.31355415],[-116.54064222,50.31378879],[-116.5407521,50.31405904],[-116.5408063,50.31422104],[-116.54091675,50.31446422],[-116.54102651,50.3146896],[-116.54115614,50.31489398],[-116.54123381,50.31505919],[-116.54126065,50.31518523],[-116.54132045,50.31532017],[-116.54142626,50.31550959],[-116.54149475,50.31567765],[-116.54152111,50.31586173],[-116.54151962,50.31601056],[-116.54149043,50.31613945],[-116.54147501,50.31625303],[-116.54147413,50.31633706],[-116.54148761,50.31643604],[-116.54148709,50.31649906],[-116.5415316,50.31669418],[-116.5416094,50.31693131],[-116.54170532,50.31716559],[-116.54178689,50.31741768],[-116.54192469,50.31768792],[-116.54199331,50.31789514],[-116.54212639,50.31816824],[-116.54218886,50.31846233],[-116.54219811,50.31866422],[-116.54219957,50.31884723],[-116.54219294,50.31901101],[-116.54219242,50.31907403],[-116.54214775,50.31933466],[-116.54251172,50.31947993],[-116.54342965,50.31948064],[-116.54436672,50.31941228],[-116.54498193,50.3193457],[-116.54552445,50.31925811],[-116.5458153,50.31922322],[-116.54620909,50.31913456],[-116.54660279,50.31909112],[-116.54705305,50.31901208],[-116.54744624,50.31903166],[-116.54785343,50.31908721],[-116.54821826,50.31908863],[-116.54865384,50.31908115],[-116.54890675,50.31907332],[-116.54899127,50.31907368],[-116.54942627,50.31912032],[-116.54983799,50.31912495],[-116.55025858,50.31905837],[-116.55068238,50.3189633],[-116.55108646,50.31881198],[-116.55148149,50.31864855],[-116.5519037,50.31853533],[-116.55234017,50.31843884],[-116.55260752,50.31839504],[-116.55288894,50.31833629],[-116.55325461,50.31828075],[-116.55402721,50.3182836],[-116.55440986,50.31824407],[-116.55478188,50.31819067],[-116.55506805,50.31813477],[-116.55527884,50.31809952],[-116.55549026,50.31807317],[-116.55588372,50.31803578],[-116.55629147,50.31797739],[-116.55668084,50.31790013],[-116.55707959,50.31779759],[-116.55745082,50.31768222],[-116.55778394,50.31757861],[-116.55806537,50.31755262],[-116.55834638,50.31753873],[-116.55865582,50.31752485],[-116.55899258,50.31751096],[-116.55937183,50.31750349],[-116.55980779,50.31747821],[-116.56018695,50.31746183],[-116.56086205,50.3173924],[-116.56129802,50.317313],[-116.56162461,50.31731407],[-116.56196566,50.31736356],[-116.56232221,50.31746076],[-116.56268741,50.31762312],[-116.56304974,50.3177602],[-116.56324617,50.31779687],[-116.56382095,50.31793395],[-116.56435432,50.31797205],[-116.56476846,50.31787556],[-116.56524034,50.31782536],[-116.56599483,50.31778512],[-116.5667313,50.31764021],[-116.56744966,50.31738991],[-116.5676885,50.31736997],[-116.56784324,50.31736463],[-116.56822238,50.3173778],[-116.56855569,50.3172952],[-116.56884285,50.31711646],[-116.56906989,50.31686544],[-116.56928483,50.3167191],[-116.56952163,50.31657917],[-116.56984567,50.31646346],[-116.57022626,50.31631213],[-116.57056528,50.31610634],[-116.57100315,50.31588309],[-116.57138881,50.31568085],[-116.57180662,50.31551743],[-116.57199183,50.31523935],[-116.57212088,50.31497907],[-116.5722853,50.31472663],[-116.57248582,50.31446458],[-116.57283288,50.31420431],[-116.57322531,50.31394866],[-116.57359283,50.31368945],[-116.57386214,50.31342954],[-116.57397717,50.31331204],[-116.57416414,50.31314861],[-116.57449818,50.31294602],[-116.57476693,50.31276728],[-116.57489421,50.31266865],[-116.57495077,50.31260599],[-116.57505394,50.31260349],[-116.57527857,50.3125921],[-116.5756115,50.3125305],[-116.57592488,50.31241977],[-116.57620412,50.31224281],[-116.57644452,50.31202705],[-116.57678399,50.31175823],[-116.57720154,50.31151397],[-116.57768278,50.31128183],[-116.57826936,50.3110981],[-116.57887013,50.31093859],[-116.57927824,50.31081397],[-116.57968714,50.31068081],[-116.58009573,50.31052023],[-116.58050463,50.31030589],[-116.5808714,50.31014531],[-116.58112491,50.3100652],[-116.58127989,50.31000289],[-116.58173076,50.30986047],[-116.58216737,50.30968244],[-116.58232265,50.30962298],[-116.58251972,50.30955782],[-116.58295608,50.30944246],[-116.58337915,50.30925482],[-116.58377306,50.30913056],[-116.58418211,50.30896108],[-116.58460461,50.3088005],[-116.58499915,50.30865808],[-116.58504128,50.30863137],[-116.58547072,50.30861393],[-116.58590303,50.30861357],[-116.58639906,50.30863921],[-116.58697943,50.3086474],[-116.58769398,50.30885676],[-116.58817241,50.30873855],[-116.58867068,50.30869119],[-116.589137,50.30869083],[-116.58957667,50.30871327],[-116.58988271,50.30872644],[-116.59014799,50.30870935],[-116.5903734,50.30866235],[-116.5906739,50.30854343],[-116.59104921,50.30843092],[-116.59132414,50.30836683],[-116.59150437,50.30833051],[-116.59180414,50.30827746],[-116.59213238,50.30822761],[-116.59248855,50.30818097],[-116.59284455,50.30815426],[-116.59313509,50.30811723],[-116.5933692,50.30807629],[-116.59361338,50.30804104],[-116.59378197,50.30803249],[-116.59396419,50.30804246],[-116.59423083,50.30805208],[-116.59455385,50.3080624],[-116.59479253,50.30806311],[-116.59497507,50.30808163],[-116.59514343,50.3081005],[-116.59539147,50.30811617],[-116.59560061,50.30807914],[-116.59580927,50.30796983],[-116.59601663,50.3077886],[-116.59626705,50.3080624],[-116.5965739,50.30832125],[-116.59684434,50.30845406],[-116.59708545,50.30856194],[-116.59733635,50.30858651],[-116.59760456,50.30858972],[-116.59792684,50.30851174],[-116.59827373,50.30845086],[-116.59864697,50.30839139],[-116.59911588,50.3083298],[-116.59936826,50.30833087],[-116.59959275,50.30836149],[-116.59980156,50.30841026],[-116.6000213,50.3084651],[-116.60029405,50.30849607],[-116.60033465,50.30867588],[-116.60043086,50.30894612],[-116.60062095,50.30912664],[-116.600723,50.30923488],[-116.60091773,50.30946026],[-116.60118286,50.30969526],[-116.60142301,50.30989073],[-116.60162912,50.31008051],[-116.60182857,50.31027598],[-116.60204172,50.31052842],[-116.60230181,50.31078727],[-116.60261788,50.31104007],[-116.60303725,50.31130248],[-116.60340062,50.31151931],[-116.60387877,50.31143101],[-116.60486433,50.31114653],[-116.60599964,50.31139327],[-116.60699487,50.3116304],[-116.60807455,50.31188605],[-116.60921485,50.31210253],[-116.60991223,50.31233005],[-116.61033417,50.31258711],[-116.61048188,50.31287445],[-116.6105081,50.31313544],[-116.61057576,50.31341422],[-116.6106438,50.31367521],[-116.61072126,50.31395436],[-116.61083593,50.31424276],[-116.61093179,50.3145219],[-116.61094494,50.31462979],[-116.61120124,50.3147893],[-116.61147166,50.31491819],[-116.61176931,50.31501931],[-116.61209331,50.3150923],[-116.61221917,50.31510156],[-116.61245357,50.31511437],[-116.61267001,50.31516102],[-116.6129438,50.31523899],[-116.61334037,50.31542022],[-116.61374684,50.31551137],[-116.61381694,50.31552063],[-116.61397764,50.31538747],[-116.61425948,50.31522618],[-116.61473349,50.315098],[-116.61538117,50.31511722],[-116.61598346,50.31531412],[-116.61636808,50.31560822],[-116.61653896,50.31591656],[-116.61676648,50.31591407],[-116.61711037,50.31589128],[-116.61778463,50.31588452],[-116.61870935,50.31595644],[-116.61966997,50.31607073],[-116.61981744,50.31652363],[-116.62006269,50.31691137],[-116.62030737,50.31714886],[-116.6205031,50.31726956],[-116.62062902,50.31733294],[-116.6204862,50.31760816],[-116.62034413,50.31782643],[-116.6202914,50.31794926],[-116.62025812,50.3180689],[-116.62024292,50.31817999],[-116.62019982,50.31828288],[-116.62014311,50.31838365],[-116.62007679,50.31849118],[-116.62004457,50.31857805],[-116.62002829,50.31864392],[-116.62001412,50.31872475],[-116.61998501,50.31884153],[-116.61993221,50.31898253],[-116.61986402,50.31909611],[-116.61969968,50.31916732],[-116.61945296,50.31919972],[-116.61896109,50.31924494],[-116.61844304,50.31940018],[-116.61792566,50.31969321],[-116.61760002,50.32003893],[-116.61734892,50.32036686],[-116.61714685,50.32064885],[-116.61701916,50.3208016],[-116.61691014,50.32098105],[-116.61681955,50.32118756],[-116.61673305,50.32148415],[-116.61661823,50.32174443],[-116.61658877,50.32192744],[-116.61657326,50.32214],[-116.61658169,50.32224504],[-116.61659937,50.32232906],[-116.61661259,50.32246401],[-116.61671058,50.32247326],[-116.61714584,50.32256157],[-116.61756164,50.32265307],[-116.61795901,50.32274707],[-116.61829982,50.32284142],[-116.61857123,50.32291726],[-116.61877211,50.32297459],[-116.61917807,50.32313481],[-116.61958408,50.32329824],[-116.61997268,50.32347911],[-116.6203442,50.3236753],[-116.62064688,50.32392525],[-116.62088321,50.32420475],[-116.62112002,50.32447535],[-116.6213712,50.32470999],[-116.62162178,50.32496278],[-116.62190104,50.32521522],[-116.62208703,50.32538079],[-116.6222078,50.32547728],[-116.62255692,50.32571227],[-116.62287834,50.32596507],[-116.62328417,50.32618226],[-116.62335402,50.32621822],[-116.62370815,50.3264023],[-116.62401427,50.32661522],[-116.62423865,50.32685983],[-116.62440037,50.32712117],[-116.62445021,50.32733124],[-116.62448148,50.32755306],[-116.62450752,50.32780479],[-116.62451984,50.32800276],[-116.62454658,50.32819182],[-116.62462419,50.3284407],[-116.62472525,50.32868709],[-116.62477787,50.32892102],[-116.62478744,50.32913785],[-116.62477783,50.32934187],[-116.62479959,50.32953663],[-116.62487158,50.32973958],[-116.62538849,50.33007427],[-116.62498418,50.33013088],[-116.62460218,50.3302434],[-116.62424335,50.33041216],[-116.62393738,50.33060906],[-116.62395047,50.3307262],[-116.62352733,50.33094945],[-116.62310391,50.33114599],[-116.62270888,50.33136069],[-116.62234189,50.33156613],[-116.62197511,50.33176303],[-116.62172568,50.33193001],[-116.62142955,50.33208775],[-116.62108647,50.33223658],[-116.62139913,50.33234873],[-116.62166055,50.33247228],[-116.62192622,50.3326471],[-116.62214028,50.33279771],[-116.62230328,50.33292411],[-116.62247088,50.33308647],[-116.62267965,50.33328515],[-116.6227958,50.33341155],[-116.62295372,50.33357996],[-116.62315341,50.33379039],[-116.62340688,50.33391501],[-116.62360301,50.3340115],[-116.62369905,50.33408698],[-116.62382187,50.33417314],[-116.62397834,50.33431165],[-116.62419377,50.33450712],[-116.62439652,50.33473856],[-116.624774,50.33495254],[-116.62516651,50.33513698],[-116.62559992,50.33536307],[-116.62599192,50.3355532],[-116.62624108,50.33567106],[-116.62643652,50.33581134],[-116.62657889,50.33597477],[-116.62670875,50.33617309],[-116.62682908,50.3363205],[-116.62678529,50.3365092],[-116.6266757,50.33677268],[-116.62647962,50.33705183],[-116.62616039,50.33734557],[-116.62575321,50.33770483],[-116.62521701,50.3380388],[-116.62472226,50.33836103],[-116.62422129,50.33856825],[-116.62390888,50.33878616],[-116.62368841,50.33900834],[-116.62354534,50.33929567],[-116.62332761,50.33963962],[-116.62309994,50.33996861],[-116.62286345,50.34028265],[-116.62277843,50.34033641],[-116.6229461,50.34049877],[-116.6230624,50.340565],[-116.62316978,50.34060737],[-116.62357646,50.34068961],[-116.62400156,50.34084094],[-116.62440332,50.34102502],[-116.62481001,50.34110726],[-116.62520779,50.34115248],[-116.62559679,50.34113005],[-116.62597694,50.34103926],[-116.62617212,50.3412828],[-116.62643695,50.34154129],[-116.62675828,50.34178804],[-116.62694384,50.34201947],[-116.62714848,50.34221209],[-116.62706262,50.34235594],[-116.62683614,50.3425977],[-116.62655313,50.34286687],[-116.62625646,50.34306982],[-116.62601152,50.34323681],[-116.62575237,50.34340665],[-116.6255291,50.34360996],[-116.62538964,50.34385421],[-116.62532016,50.34412196],[-116.62532001,50.34420278],[-116.62518663,50.34443315],[-116.62499137,50.34483122],[-116.62441603,50.34476641],[-116.62427486,50.34483798],[-116.62407719,50.34494515],[-116.62390773,50.34505268],[-116.62354009,50.34529444],[-116.62317305,50.34551804],[-116.62277765,50.34575054],[-116.62269319,50.34580431],[-116.6225048,50.34591753],[-116.6223684,50.34599195],[-116.62214272,50.34606636],[-116.62183258,50.34619703],[-116.62143792,50.34633055],[-116.62107184,50.34644662],[-116.62066709,50.34662216],[-116.62027279,50.34678559],[-116.61988701,50.34693727],[-116.61967428,50.34720644],[-116.61934896,50.347445],[-116.6189819,50.34764474],[-116.61863352,50.34784164],[-116.6183465,50.34803854],[-116.61823674,50.34823899],[-116.61817527,50.34837073],[-116.61790772,50.34842378],[-116.61758878,50.34847363],[-116.61738661,50.34851173],[-116.61707189,50.34860964],[-116.61679014,50.34873462],[-116.6165499,50.34885105],[-116.61635727,50.34894006],[-116.61621449,50.34920069],[-116.61614263,50.34944316],[-116.61612791,50.34949693],[-116.61611352,50.34955104],[-116.61609414,50.34963472],[-116.61608411,50.34970379],[-116.61606795,50.34998258],[-116.6160808,50.35009937],[-116.61616317,50.35037851],[-116.61624684,50.35044189],[-116.61636754,50.35054692],[-116.61654447,50.35068258],[-116.61676391,50.35080328],[-116.61683382,50.35083924],[-116.61706255,50.35094214],[-116.61725417,50.35100267],[-116.61740866,50.35103899],[-116.6176728,50.35118675],[-116.61787134,50.35134733],[-116.61789805,50.35153746],[-116.618017,50.35172653],[-116.61812547,50.35198288],[-116.61840132,50.35230262],[-116.61856838,50.35265689],[-116.61870049,50.35299194],[-116.61863455,50.35339356],[-116.61845351,50.35378059],[-116.61815658,50.35415338],[-116.61822484,50.35439336],[-116.61832168,50.35463975],[-116.61847427,50.35488293],[-116.61866914,50.35513537],[-116.61975187,50.35509407],[-116.62065601,50.35510297],[-116.62126079,50.35507769],[-116.62162939,50.35508303],[-116.62197275,50.35511899],[-116.62233804,50.35515638],[-116.62256893,50.35532693],[-116.62272397,50.35550317],[-116.62280237,50.35568547],[-116.62284327,50.35580867],[-116.62293248,50.35599559],[-116.62300409,50.35619285],[-116.62307231,50.35647163],[-116.62319234,50.35673903],[-116.62348938,50.35705485],[-116.62396455,50.35741909],[-116.62392753,50.35794035],[-116.62399815,50.35831029],[-116.62409549,50.35864249],[-116.62424822,50.35891273],[-116.62438644,50.35915912],[-116.62448311,50.35940835],[-116.6245796,50.3596875],[-116.62473193,50.35994849],[-116.62506987,50.36004355],[-116.62528399,50.36022906],[-116.62522675,50.36056374],[-116.625019,50.36101095],[-116.62494439,50.3615112],[-116.62485526,50.36195057],[-116.62467519,50.3623586],[-116.62432905,50.36290621],[-116.62426525,50.36327366],[-116.62430651,50.36358164],[-116.62439995,50.36384477],[-116.62448986,50.36407193],[-116.62457118,50.36431013],[-116.62461288,50.36436389],[-116.62458124,50.36476872],[-116.62476384,50.3648353],[-116.62494559,50.36492289],[-116.62533814,50.36512193],[-116.62570225,50.3653028],[-116.62579998,50.36534802],[-116.62603788,50.36550183],[-116.62610317,50.36554385],[-116.62627552,50.3656585],[-116.62643405,50.36576389],[-116.62657359,50.36591129],[-116.62671739,50.36610677],[-116.62678435,50.36636455],[-116.62681638,50.36663764],[-116.62684306,50.36684451],[-116.62686882,50.36708734],[-116.62689625,50.36722228],[-116.62690906,50.36734832],[-116.62703345,50.36761857],[-116.62717192,50.36789771],[-116.62729643,50.36817686],[-116.62739285,50.36842004],[-116.62744806,50.36856424],[-116.62753121,50.3687323],[-116.62764205,50.36892457],[-116.62778972,50.36920086],[-116.62790496,50.36947395],[-116.628048,50.36973815],[-116.62821043,50.36998774],[-116.62822238,50.37023947],[-116.6283045,50.37051861],[-116.62845616,50.3709505],[-116.62876326,50.3712033],[-116.62879078,50.37125742],[-116.6288856,50.37138275],[-116.6290472,50.37149028],[-116.62927612,50.37158],[-116.62967353,50.371674],[-116.63004357,50.37174414],[-116.63037556,50.37182924],[-116.6305203,50.37190152],[-116.63069493,50.37196098],[-116.63091022,50.3719827],[-116.63120907,50.37193463],[-116.631585,50.3718239],[-116.6316695,50.37181535],[-116.63188393,50.37217283],[-116.63212825,50.37249114],[-116.63244968,50.37272614],[-116.63255722,50.37280554],[-116.63268778,50.37288885],[-116.63309375,50.37314165],[-116.63333979,50.3733973],[-116.63345591,50.37358351],[-116.63356369,50.37376474],[-116.63369213,50.37394597],[-116.63389073,50.37413076],[-116.63413943,50.37431413],[-116.63421394,50.3743533],[-116.63429309,50.37440457],[-116.63426348,50.37461143],[-116.63424794,50.3748272],[-116.63425842,50.37489414],[-116.63429347,50.37497425],[-116.63436761,50.37506754],[-116.63446569,50.37515762],[-116.63456273,50.37529292],[-116.63476752,50.37548839],[-116.63502886,50.37569597],[-116.63534511,50.37581097],[-116.63575727,50.3758594],[-116.63626502,50.37584088],[-116.63611824,50.37602211],[-116.6360996,50.37625319],[-116.63620816,50.37653305],[-116.63640252,50.37690548],[-116.63657741,50.37732562],[-116.63660496,50.37737974],[-116.6365469,50.37758661],[-116.63644699,50.37781982],[-116.63638859,50.37806265],[-116.63632173,50.37826026],[-116.63627372,50.37842511],[-116.63624422,50.37855685],[-116.63617198,50.37880858],[-116.63589375,50.37900832],[-116.63565343,50.37920237],[-116.63543653,50.37937257],[-116.63519572,50.37956982],[-116.63494143,50.37972185],[-116.63494022,50.37991982],[-116.63495228,50.38017155],[-116.63496434,50.38044143],[-116.6349763,50.38068426],[-116.63496001,50.38094489],[-116.63487827,50.38121478],[-116.63473112,50.38148396],[-116.6343772,50.38174352],[-116.63417857,50.38200379],[-116.63403567,50.38225517],[-116.63396465,50.38235094],[-116.63390809,50.38244352],[-116.63377956,50.38266213],[-116.63367924,50.38290176],[-116.6336218,50.38305415],[-116.63351433,50.38319799],[-116.63339928,50.38332332],[-116.63321969,50.38354479],[-116.6329827,50.38387983],[-116.6328257,50.38414296],[-116.63259875,50.38443599],[-116.63230063,50.38473187],[-116.63219187,50.38484545],[-116.63199841,50.3850338],[-116.63171992,50.38529656],[-116.63160596,50.38545821],[-116.63153503,50.38553904],[-116.63156109,50.38579076],[-116.63157513,50.38583598],[-116.63163489,50.38595882],[-116.63171403,50.38606706],[-116.63181167,50.38616035],[-116.63195087,50.38633161],[-116.63224426,50.38658441],[-116.63242139,50.38674997],[-116.63253754,50.38689097],[-116.63261636,50.38700134],[-116.63277911,50.38712382],[-116.63299547,50.38728013],[-116.63322354,50.38748593],[-116.63333858,50.38773908],[-116.63337259,50.38801787],[-116.63341251,50.38829702],[-116.63338576,50.38874636],[-116.63342012,50.38914834],[-116.63342155,50.38961299],[-116.63332356,50.39009829],[-116.633147,50.39051736],[-116.63305768,50.39076802],[-116.63303988,50.39102687],[-116.63312236,50.3912729],[-116.63309361,50.39137473],[-116.63302207,50.39153318],[-116.63327374,50.39175286],[-116.63348282,50.39200245],[-116.63350896,50.39225418],[-116.63352056,50.39252407],[-116.63353318,50.3927669],[-116.63350764,50.39299762],[-116.6334748,50.39320449],[-116.6334907,50.39341527],[-116.63355452,50.39363033],[-116.6339332,50.39374248],[-116.63431721,50.39387565],[-116.63470488,50.39402982],[-116.63506986,50.39412097],[-116.63535088,50.39422066],[-116.63560322,50.39432641],[-116.63586487,50.39443821],[-116.63613607,50.39455571],[-116.63650095,50.39463795],[-116.63679599,50.39474085],[-116.63708572,50.39482274],[-116.6373902,50.39487046],[-116.63770897,50.3948847],[-116.6379077,50.39490713],[-116.63812152,50.39494273],[-116.63838326,50.39502142],[-116.63853783,50.39508516],[-116.63891627,50.39525713],[-116.63902773,50.39537712],[-116.63915321,50.39553663],[-116.63918093,50.39558149],[-116.63931603,50.39574991],[-116.63950188,50.39595143],[-116.63969257,50.39617966],[-116.63978765,50.396394],[-116.63989841,50.3966322],[-116.64002488,50.39689426],[-116.64017759,50.39712249],[-116.64032151,50.39732081],[-116.64032118,50.39735677],[-116.64027703,50.3976085],[-116.64020507,50.39785097],[-116.64012202,50.39805784],[-116.64009228,50.39826435],[-116.64011623,50.39847157],[-116.64024077,50.39874146],[-116.64032324,50.39899675],[-116.64046879,50.39919186],[-116.6406298,50.39937238],[-116.64072582,50.39950946],[-116.64075753,50.39962767],[-116.6407427,50.39974944],[-116.64070557,50.3998794],[-116.64073698,50.40010122],[-116.64079116,50.40037111],[-116.64081717,50.40062319],[-116.64077832,50.40083576],[-116.64075307,50.40107858],[-116.64072522,50.40125839],[-116.64072673,50.40144105],[-116.64076609,50.40159913],[-116.64084589,50.40179817],[-116.64101766,50.40204455],[-116.64122853,50.4023091],[-116.6413486,50.40255513],[-116.64137793,50.40278336],[-116.64137194,50.40293006],[-116.64132885,50.40305895],[-116.64124832,50.40316968],[-116.64112093,50.40328611],[-116.6410072,50.40339969],[-116.64091103,50.40354923],[-116.6408313,50.40373473],[-116.64081991,50.40396866],[-116.64086079,50.40414847],[-116.64091546,50.40442761],[-116.64095628,50.40460172],[-116.64096968,50.4046975],[-116.64091118,50.40495813],[-116.64083947,50.4051739],[-116.64068277,50.40542527],[-116.64063409,50.40563178],[-116.6406095,50.40580269],[-116.64055566,50.40605726],[-116.64046458,50.40630579],[-116.64035042,50.4065034],[-116.64019416,50.40670955],[-116.63999712,50.40695202],[-116.63982938,50.40719414],[-116.63972452,50.40743661],[-116.63972537,50.40751957],[-116.63974177,50.40762247],[-116.63980597,50.40780584],[-116.63984719,50.40796784],[-116.63984606,50.40810243],[-116.63985774,50.40838157],[-116.63994037,50.40864256],[-116.64001835,50.40885263],[-116.64007777,50.40909261],[-116.64010373,50.40935645],[-116.64017222,50.40960533],[-116.6402974,50.40984887],[-116.6405296,50.41013406],[-116.64085022,50.41036621],[-116.64120169,50.41057094],[-116.64158489,50.41080309],[-116.64194917,50.41104093],[-116.64229596,50.41127984],[-116.64265545,50.41145787],[-116.64306621,50.41155186],[-116.64352072,50.41160349],[-116.64389004,50.41162165],[-116.64426201,50.41165654],[-116.6446381,50.41171672],[-116.64499118,50.41174484],[-116.64531819,50.41172562],[-116.6456268,50.41167577],[-116.64585687,50.41162557],[-116.64630281,50.41162379],[-116.64701095,50.41164408],[-116.64800917,50.41177903],[-116.64837981,50.41238253],[-116.64875151,50.41290522],[-116.6491237,50.41334708],[-116.64909368,50.41359881],[-116.6489179,50.41385624],[-116.64888055,50.41404281],[-116.64888416,50.41420766],[-116.64892872,50.41435079],[-116.64894291,50.41454377],[-116.64897077,50.41475456],[-116.64901318,50.4149835],[-116.64906789,50.4151455],[-116.64920714,50.41538904],[-116.64924755,50.41564077],[-116.64916199,50.41576646],[-116.64913345,50.41582022],[-116.64907626,50.41593701],[-116.64896173,50.4162336],[-116.64901662,50.41641269],[-116.64908571,50.41657576],[-116.64914898,50.4166929],[-116.64925148,50.41681895],[-116.64939065,50.41698416],[-116.6495553,50.41718853],[-116.6496567,50.41742281],[-116.64971038,50.41756488],[-116.64979036,50.41772012],[-116.64997656,50.41792734],[-116.65004597,50.41802632],[-116.65012969,50.41814382],[-116.65029689,50.41835104],[-116.65050689,50.41855862],[-116.65077236,50.41879326],[-116.65101,50.41901864],[-116.65119193,50.41919916],[-116.65144313,50.4194516],[-116.65156915,50.4195958],[-116.65170847,50.41974926],[-116.65185735,50.41990841],[-116.65206627,50.42004407],[-116.65233435,50.42015587],[-116.65266555,50.42022886],[-116.65291527,50.42027443],[-116.65325866,50.42037733],[-116.65358953,50.42050124],[-116.65365363,50.42068746],[-116.6536559,50.4207932],[-116.65364315,50.42087901],[-116.65360471,50.42095984],[-116.65357132,50.42105882],[-116.65354057,50.42136467],[-116.65394736,50.42160856],[-116.65435332,50.42188842],[-116.65473234,50.42208745],[-116.65512436,50.42231355],[-116.65538782,50.42248018],[-116.65566656,50.42263577],[-116.65593267,50.42279849],[-116.65635869,50.42298257],[-116.65718889,50.42301105],[-116.65798101,50.42311324],[-116.65856855,50.42339986],[-116.65885117,50.42374238],[-116.65882809,50.42414116],[-116.65937392,50.42412158],[-116.65972681,50.4239699],[-116.65988668,50.42368542],[-116.66107664,50.42399198],[-116.66221982,50.42422306],[-116.66293502,50.42462682],[-116.66365101,50.42493765],[-116.664484,50.42523994],[-116.66543442,50.42552728],[-116.66650263,50.42583633],[-116.66754673,50.42612402],[-116.66859033,50.42628673],[-116.6696429,50.4263907],[-116.67069386,50.42638785],[-116.67173644,50.42630062],[-116.67255476,50.42601507],[-116.67288023,50.42602717],[-116.67335926,50.42597661],[-116.67399185,50.42586339],[-116.67460049,50.42583028],[-116.675117,50.42582351],[-116.67554033,50.42584381],[-116.6759623,50.4259257],[-116.67632772,50.42601685],[-116.67662512,50.42621944],[-116.67693362,50.42642631],[-116.67725256,50.42663673],[-116.677772,50.42684823],[-116.67816552,50.42700204],[-116.67833578,50.42725555],[-116.67851972,50.42752687],[-116.67876188,50.4277964],[-116.67920791,50.42803139],[-116.6797711,50.42822366],[-116.68013473,50.42836964],[-116.68047758,50.4285555],[-116.68082812,50.42876308],[-116.68108108,50.42888093],[-116.68150259,50.42903475],[-116.68183901,50.42917966],[-116.68227431,50.42940575],[-116.68258758,50.42955351],[-116.68279336,50.4296411],[-116.68277816,50.42987467],[-116.68274372,50.4301086],[-116.6827331,50.43029731],[-116.68347896,50.43029944],[-116.68453511,50.43030229],[-116.6856003,50.4305558],[-116.68642753,50.43085382],[-116.68701624,50.43119634],[-116.68726938,50.43152676],[-116.68752195,50.43186714],[-116.68765886,50.43222319],[-116.68767793,50.43267681],[-116.68745831,50.4332091],[-116.68711184,50.43379267],[-116.68700534,50.43434206],[-116.6871422,50.43487792],[-116.68763,50.43539989],[-116.68822467,50.43588199],[-116.68890661,50.43642034],[-116.68958846,50.43693484],[-116.69019945,50.43751128],[-116.69081586,50.43803254],[-116.69143711,50.43849862],[-116.69221437,50.43875676],[-116.69303925,50.43896754],[-116.69303365,50.43913239],[-116.69303726,50.43924633],[-116.69304644,50.43929155],[-116.69306535,50.43933641],[-116.6932464,50.43962481],[-116.6930834,50.43991108],[-116.69281373,50.4401831],[-116.6924385,50.44044088],[-116.69208457,50.44067374],[-116.69170263,50.44096962],[-116.69148543,50.44115975],[-116.69134799,50.44132033],[-116.69131914,50.44145172],[-116.69132465,50.44153468],[-116.69133692,50.4415952],[-116.69135234,50.44163117],[-116.69135094,50.44169704],[-116.69145293,50.44182094],[-116.6915069,50.44204419],[-116.69170155,50.44233152],[-116.69167592,50.44266942],[-116.69180367,50.44299129],[-116.69181393,50.44335802],[-116.69206945,50.44378635],[-116.69218196,50.4442866],[-116.69226912,50.44480537],[-116.69219869,50.44506387],[-116.69215043,50.44525471],[-116.69212458,50.44537755],[-116.69212346,50.44555736],[-116.6921219,50.44580908],[-116.69220487,50.44604906],[-116.69226866,50.4462951],[-116.6923235,50.44654611],[-116.69235478,50.44679891],[-116.69239578,50.44697017],[-116.69244206,50.44709301],[-116.69253496,50.44727602],[-116.69265965,50.44756442],[-116.69282707,50.44785247],[-116.69298049,50.44810491],[-116.69303468,50.44837765],[-116.6930614,50.44864469],[-116.69305946,50.44890532],[-116.69309567,50.44913924],[-116.69314585,50.44937317],[-116.69321002,50.44960709],[-116.69323707,50.44977836],[-116.69327792,50.44995816],[-116.69329073,50.45014723],[-116.69327452,50.45029392],[-116.69324227,50.45043456],[-116.69314703,50.45065033],[-116.69362594,50.4506425],[-116.69399218,50.45065246],[-116.69435807,50.45068949],[-116.69472369,50.45074433],[-116.69513212,50.45079951],[-116.6953494,50.45079987],[-116.69556883,50.45080948],[-116.69597816,50.4509106],[-116.69642448,50.4510605],[-116.69690844,50.45125989],[-116.69745529,50.45139092],[-116.69796326,50.45151411],[-116.69843233,50.45162947],[-116.69888613,50.45187942],[-116.69926158,50.45188654],[-116.69961043,50.45194137],[-116.69991969,50.45198695],[-116.70019021,50.45202362],[-116.70052268,50.45196843],[-116.70091407,50.45188476],[-116.70120085,50.45182851],[-116.70144098,50.4517751],[-116.70163389,50.45172454],[-116.70180201,50.4518691],[-116.70208221,50.45207632],[-116.70218024,50.45213079],[-116.70261557,50.45241065],[-116.70288176,50.45258227],[-116.70312984,50.45274178],[-116.70335869,50.45288919],[-116.70387205,50.45319931],[-116.70446771,50.45351263],[-116.70508089,50.45386797],[-116.70557067,50.45415175],[-116.70599765,50.45445154],[-116.70637606,50.45474956],[-116.7067269,50.4549931],[-116.7070164,50.45523059],[-116.70735784,50.45546238],[-116.70780653,50.45573333],[-116.70818537,50.45603989],[-116.7084935,50.45628379],[-116.70885836,50.45652733],[-116.70922337,50.4566993],[-116.70965936,50.45685312],[-116.71006682,50.45700693],[-116.71043254,50.45712478],[-116.71086863,50.45725189],[-116.71134649,50.45741497],[-116.7117681,50.45757768],[-116.71217579,50.45775856],[-116.71232984,50.45783119],[-116.71269528,50.45801171],[-116.71307472,50.45817478],[-116.7134824,50.45829264],[-116.71384815,50.45841049],[-116.71410094,50.45850093],[-116.71424166,50.4585643],[-116.7146769,50.45879894],[-116.71501348,50.45903394],[-116.71543475,50.45926857],[-116.71582789,50.45952422],[-116.71623519,50.45975637],[-116.71652982,50.45990092],[-116.71681284,50.45998139],[-116.71705682,50.46003017],[-116.71726167,50.46004655],[-116.71762818,50.46002056],[-116.71793829,50.45998531],[-116.71837487,50.45996822],[-116.7187699,50.45994223],[-116.71919755,50.45989523],[-116.71960161,50.45987244],[-116.71998188,50.45981939],[-116.72036271,50.45976634],[-116.72077125,50.45973109],[-116.72120845,50.45973216],[-116.7216308,50.45971542],[-116.7220399,50.45968017],[-116.72229334,50.45966593],[-116.72249995,50.45967554],[-116.72274866,50.45969406],[-116.72301168,50.45970047],[-116.72332748,50.46031003],[-116.7234315,50.46075082],[-116.72348217,50.4611496],[-116.72346663,50.46138353],[-116.72336644,50.46167086],[-116.72321001,50.46194039],[-116.72308642,50.46220102],[-116.72293944,50.46245239],[-116.72274992,50.46273368],[-116.72258831,50.46299431],[-116.72245563,50.46323357],[-116.72226165,50.46350489],[-116.72204379,50.46376018],[-116.72176104,50.4640055],[-116.72149165,50.46424761],[-116.7212646,50.46448083],[-116.72119408,50.46457055],[-116.72093859,50.46482192],[-116.72069779,50.4650822],[-116.72045691,50.46532431],[-116.72024359,50.46560275],[-116.7200875,50.46584522],[-116.71994492,50.46607843],[-116.71954919,50.46631129],[-116.71925174,50.46656266],[-116.71895445,50.46679552],[-116.71861455,50.4670825],[-116.71833156,50.46731571],[-116.71787915,50.46758453],[-116.717483,50.46782629],[-116.71720001,50.46805951],[-116.71680346,50.46831017],[-116.716436,50.46854338],[-116.71615269,50.46877624],[-116.71585538,50.46903652],[-116.71565686,50.46926973],[-116.71534508,50.4695357],[-116.71504785,50.46978672],[-116.7147787,50.46996617],[-116.71449118,50.47012639],[-116.71412853,50.47030014],[-116.71400826,50.47048778],[-116.71393852,50.47062949],[-116.7139427,50.47074948],[-116.71410993,50.47104679],[-116.71425527,50.47132095],[-116.7143649,50.47158087],[-116.71438687,50.47182975],[-116.71438549,50.47213239],[-116.71437892,50.47241118],[-116.71433352,50.47266789],[-116.71425367,50.47292674],[-116.71409678,50.47321693],[-116.71386963,50.47351921],[-116.71364258,50.47375243],[-116.71344381,50.47403086],[-116.71328213,50.47430324],[-116.71322274,50.47457989],[-116.71319932,50.47487542],[-116.71319782,50.47510934],[-116.71293641,50.47533045],[-116.71264559,50.47554871],[-116.7122965,50.47576875],[-116.71193822,50.47596672],[-116.71157092,50.4761216],[-116.7113069,50.47624693],[-116.71102432,50.47638401],[-116.71072296,50.4765332],[-116.71035501,50.47671229],[-116.71016668,50.47680166],[-116.70991216,50.47691204],[-116.70961121,50.47700995],[-116.70922057,50.47712887],[-116.70884376,50.47723889],[-116.70844849,50.47736387],[-116.70816575,50.47747709],[-116.7077296,50.47769179],[-116.70733603,50.47796951],[-116.70680783,50.47836402],[-116.70643984,50.4786129],[-116.70602999,50.47878772],[-116.70559243,50.47886748],[-116.70525391,50.47892979],[-116.70501386,50.47899209],[-116.70467484,50.47909001],[-116.70435964,50.47918828],[-116.70403916,50.47930435],[-116.70372843,50.47944749],[-116.70343168,50.47959062],[-116.70306875,50.47970242],[-116.70269752,50.4797925],[-116.70241829,50.47987475],[-116.70221514,50.48000435],[-116.70208855,50.4801806],[-116.70188992,50.48042307],[-116.70164861,50.48067409],[-116.70143583,50.48090766],[-116.70125127,50.48114087],[-116.7010102,50.48137409],[-116.70081075,50.48167922],[-116.70058374,50.48193059],[-116.70042756,50.48215491],[-116.70032289,50.4822895],[-116.7002426,50.48242444],[-116.70012375,50.48263985],[-116.70005713,50.48277444],[-116.70002808,50.48288232],[-116.69995631,50.48311589],[-116.6998038,50.48340038],[-116.69958614,50.48367276],[-116.69930229,50.48392378],[-116.69905633,50.48421075],[-116.69880549,50.48450414],[-116.69847496,50.48476299],[-116.69810718,50.48500902],[-116.69766833,50.48523262],[-116.69736186,50.48546655],[-116.69709256,50.4857076],[-116.69690768,50.48592301],[-116.69663424,50.48577738],[-116.6963082,50.48558191],[-116.69581309,50.48540567],[-116.695232,50.48512616],[-116.69441131,50.48490826],[-116.69358011,50.48461131],[-116.69273284,50.48437311],[-116.69221318,50.48409219],[-116.69190405,50.48390241],[-116.69188023,50.48368949],[-116.69179078,50.48350755],[-116.69163883,50.48329214],[-116.69123662,50.48303044],[-116.6908668,50.48275058],[-116.69005907,50.48300837],[-116.68921406,50.48333059],[-116.68933898,50.48388247],[-116.68946411,50.48436849],[-116.68970161,50.4847459],[-116.68982408,50.48512794],[-116.6900595,50.48553919],[-116.69017817,50.48609214],[-116.69029131,50.48673303],[-116.69027335,50.48736253],[-116.69025468,50.48802799],[-116.69023626,50.48872051],[-116.69021755,50.48936782],[-116.69008348,50.49002687],[-116.68994783,50.49064426],[-116.68981108,50.49121929],[-116.68986879,50.49172916],[-116.68985601,50.49219665],[-116.68977359,50.49262213],[-116.69008731,50.49281191],[-116.69034529,50.49305866],[-116.69058656,50.49332605],[-116.69072614,50.49355998],[-116.69087948,50.49379426],[-116.69111725,50.49408266],[-116.69125644,50.4943529],[-116.69140067,50.49462315],[-116.69150684,50.49489339],[-116.69150684,50.49493826],[-116.69147709,50.49517183],[-116.69148924,50.49540967],[-116.69153026,50.49564288],[-116.69160375,50.4958736],[-116.69164013,50.49604558],[-116.69161407,50.4962496],[-116.69152492,50.49648495],[-116.69136781,50.49674558],[-116.69109836,50.49703256],[-116.69089966,50.49722696],[-116.69078604,50.49734659],[-116.69074311,50.49740036],[-116.69062917,50.49760687],[-116.69057224,50.49770549],[-116.69051468,50.49785824],[-116.69049973,50.49798428],[-116.69049926,50.49809217],[-116.69046969,50.49824491],[-116.69047401,50.49832574],[-116.69048305,50.49838876],[-116.6905428,50.49857177],[-116.69059343,50.49873092],[-116.69063519,50.49886587],[-116.69070445,50.49901897],[-116.69082986,50.49925325],[-116.69093641,50.49951139],[-116.69098497,50.49971434],[-116.69100922,50.49986531],[-116.69102158,50.50011704],[-116.69108622,50.50033601],[-116.69112743,50.50048591],[-116.69114552,50.50056709],[-116.69123809,50.50084018],[-116.69129684,50.50111612],[-116.69133732,50.50123219],[-116.69140357,50.5013682],[-116.69157594,50.50158433],[-116.69157385,50.50189908],[-116.69158747,50.50198026],[-116.69171269,50.50227721],[-116.69173474,50.50248799],[-116.69173853,50.50263112],[-116.69170945,50.5027358],[-116.69165246,50.50284369],[-116.69156577,50.50314028],[-116.69155008,50.50337385],[-116.69149089,50.50361383],[-116.69140123,50.50385915],[-116.69124967,50.50410162],[-116.69108173,50.50436011],[-116.6909955,50.50457873],[-116.69099156,50.50475747],[-116.69095274,50.50489241],[-116.69095404,50.50497608],[-116.6909611,50.50503626],[-116.69184521,50.50523137],[-116.69251406,50.50549592],[-116.69286023,50.50581067],[-116.69299947,50.50602288],[-116.69304111,50.50613895],[-116.69315314,50.50630095],[-116.69322263,50.50646296],[-116.69327689,50.5067332],[-116.69327668,50.50679587],[-116.69324696,50.50703869],[-116.69316046,50.50729932],[-116.69300375,50.50757776],[-116.69277671,50.50781097],[-116.69254953,50.50806519],[-116.69239241,50.50832262],[-116.69229185,50.50860995],[-116.69213475,50.50889729],[-116.69197819,50.50913976],[-116.69186384,50.50936443],[-116.69181974,50.50961616],[-116.6917618,50.50986183],[-116.69170402,50.51010146],[-116.69164583,50.51033503],[-116.69158804,50.5105597],[-116.69158733,50.51070959],[-116.69159098,50.51081142],[-116.69160045,50.51086554],[-116.69161391,50.51091041],[-116.69167833,50.51111158],[-116.69171543,50.51123442],[-116.69172473,50.51127963],[-116.69179369,50.51144164],[-116.69196157,50.51169372],[-116.69208289,50.51180125],[-116.69224205,50.51191661],[-116.69255153,50.51206402],[-116.69289777,50.51228406],[-116.69322567,50.51247063],[-116.69349954,50.51258029],[-116.69377476,50.51268711],[-116.69405103,50.51279072],[-116.69439311,50.51298619],[-116.69479099,50.51323935],[-116.69497956,50.51341167],[-116.69512885,50.51356086],[-116.6952394,50.5136869],[-116.69547341,50.51385247],[-116.69576853,50.51400628],[-116.69615281,50.51423807],[-116.69643845,50.51443176],[-116.69665982,50.51457703],[-116.69683506,50.51465857],[-116.69698014,50.51473583],[-116.69714579,50.51481915],[-116.69758747,50.51506803],[-116.6978526,50.5153105],[-116.69798125,50.51552698],[-116.69805701,50.51572388],[-116.698239,50.51591935],[-116.69833139,50.51618639],[-116.69848953,50.51645058],[-116.69851591,50.51669341],[-116.69851548,50.51675643],[-116.69851488,50.51688212],[-116.69851442,50.51699926],[-116.69852765,50.51711604],[-116.69852723,50.51717906],[-116.69845483,50.51743969],[-116.69826989,50.51770282],[-116.69819154,50.51793069],[-116.69816663,50.51814824],[-116.69819523,50.51835617],[-116.69824144,50.51849717],[-116.69826401,50.5185901],[-116.69827709,50.51879697],[-116.69827126,50.51896787],[-116.6982469,50.51909391],[-116.69813213,50.51936345],[-116.69804692,50.51951584],[-116.69748232,50.51979641],[-116.69680628,50.52007947],[-116.69568569,50.52037321],[-116.69533617,50.52062708],[-116.69500497,50.52087204],[-116.69469319,50.5211081],[-116.69456741,50.52141644],[-116.69431763,50.52172763],[-116.69393528,50.52203526],[-116.69354276,50.5223372],[-116.69352842,50.52239096],[-116.69352606,50.52275057],[-116.69252334,50.52288908],[-116.6914651,50.5229553],[-116.69049462,50.52301761],[-116.68966741,50.52314828],[-116.68907165,50.52343846],[-116.68858643,50.52380484],[-116.6883306,50.52433963],[-116.68819296,50.5249759],[-116.68806183,50.52562498],[-116.6877043,50.52637661],[-116.68712005,50.52723042],[-116.68601143,50.52849548],[-116.68551204,50.52908261],[-116.68489331,50.52970641],[-116.68379719,50.53047691],[-116.68336739,50.53000621],[-116.68269428,50.52983957],[-116.68188864,50.52980326],[-116.68107952,50.5298969],[-116.68049546,50.52979934],[-116.67989478,50.52979471],[-116.67929208,50.52969822],[-116.67845188,50.52966582],[-116.67751578,50.52950132],[-116.67646809,50.52927879],[-116.67575469,50.5297502],[-116.67514765,50.53026328],[-116.67465635,50.5308116],[-116.67442293,50.53124562],[-116.67424703,50.53157177],[-116.67407466,50.53174623],[-116.67376725,50.53177436],[-116.67336136,50.53173413],[-116.67296652,50.5317149],[-116.67275503,50.53171455],[-116.6723739,50.53172238],[-116.67214754,50.53182563],[-116.67191586,50.53198087],[-116.67167942,50.5321881],[-116.67149087,50.53243235],[-116.67135306,50.53268692],[-116.67126455,50.53295147],[-116.67121606,50.53321815],[-116.67111965,50.53349944],[-116.67094965,50.53364293],[-116.67070752,50.533921],[-116.67046637,50.53413606],[-116.67023863,50.53440523],[-116.67008209,50.53464771],[-116.66995222,50.53500696],[-116.66982353,50.53524053],[-116.66983143,50.53546841],[-116.66986665,50.53581627],[-116.66980891,50.53626561],[-116.66962276,50.53665691],[-116.66929293,50.5369446],[-116.66902914,50.53716998],[-116.66883976,50.53737222],[-116.66881645,50.53759404],[-116.66881812,50.53781871],[-116.66887712,50.53806474],[-116.66887578,50.53831967],[-116.66881267,50.53858315],[-116.66879728,50.53870919],[-116.66881057,50.53887084],[-116.6688094,50.53905065],[-116.66877964,50.53928457],[-116.66877923,50.5393476],[-116.6687775,50.5395274],[-116.66838105,50.53978091],[-116.66813439,50.53999917],[-116.66792621,50.54020853],[-116.6677341,50.54055461],[-116.6674541,50.54088645],[-116.66708653,50.54120441],[-116.66677418,50.54144617],[-116.66654675,50.54168828],[-116.66632882,50.54191545],[-116.66610586,50.54215756],[-116.66587821,50.54241499],[-116.66576349,50.54267526],[-116.66562078,50.54289388],[-116.6655155,50.54314845],[-116.66540133,50.54339377],[-116.66531914,50.54368146],[-116.66514812,50.54391468],[-116.66496264,50.54416605],[-116.66481991,50.54442633],[-116.66483351,50.54448935],[-116.66501543,50.54474179],[-116.66512643,50.54499387],[-116.66522342,50.54524596],[-116.66531135,50.54547989],[-116.66536123,50.54568711],[-116.6653604,50.54578573],[-116.66538771,50.54592994],[-116.66541526,50.54607378],[-116.66539007,50.5462835],[-116.66536995,50.54645155],[-116.66535482,50.54657724],[-116.665353,50.54684713],[-116.66535729,50.54694896],[-116.66535187,50.54702693],[-116.66526997,50.54727261],[-116.66516494,50.54751188],[-116.66505001,50.54777251],[-116.66516567,50.54807266],[-116.66521493,50.54840236],[-116.66508965,50.54881574],[-116.6649846,50.54909417],[-116.66496869,50.5493459],[-116.66498173,50.54946304],[-116.66498141,50.54951681],[-116.66499445,50.54963395],[-116.66499451,50.54967881],[-116.66500767,50.54975999],[-116.66501206,50.54981091],[-116.66502118,50.54985897],[-116.66496365,50.54999356],[-116.66488284,50.55014025],[-116.66470715,50.55033466],[-116.66439491,50.55059458],[-116.66412515,50.55083634],[-116.66384075,50.55108735],[-116.66362778,50.55129386],[-116.66346612,50.55150322],[-116.66332843,50.55173359],[-116.66324239,50.55191304],[-116.6631988,50.55205688],[-116.66308396,50.55230826],[-116.66306966,50.55238944],[-116.66298362,50.55256889],[-116.66289701,50.55285658],[-116.6628242,50.55310795],[-116.66280842,50.55337784],[-116.66280693,50.55356655],[-116.66279126,50.55380047],[-116.66276126,50.55403404],[-116.66274549,50.55430393],[-116.66275872,50.55437585],[-116.66275851,50.55444778],[-116.66277136,50.55458272],[-116.66277115,50.55465464],[-116.66278477,50.55471766],[-116.66278439,50.55478068],[-116.66279762,50.55485261],[-116.66281027,50.55511359],[-116.66280956,50.55517626],[-116.66279401,50.55542834],[-116.66279194,50.55569788],[-116.66280518,50.55582392],[-116.66280463,50.55587804],[-116.66280295,50.55613867],[-116.66285231,50.55642672],[-116.66285499,50.55670835],[-116.66285789,50.55697219],[-116.66287045,50.55722],[-116.66289212,50.55745179],[-116.66294756,50.5576259],[-116.66300291,50.55774019],[-116.66285212,50.55782351],[-116.66262019,50.5579816],[-116.66235069,50.55817885],[-116.66218014,50.55832234],[-116.66209454,50.55841206],[-116.66196607,50.55868124],[-116.66183662,50.55894187],[-116.66170781,50.55919324],[-116.66163553,50.55945387],[-116.66154941,50.55966928],[-116.66147697,50.55992101],[-116.6614186,50.56016348],[-116.66133253,50.56040631],[-116.66125526,50.56064273],[-116.66120162,50.56088235],[-116.66121461,50.56103546],[-116.66125521,50.56127828],[-116.66125522,50.5613324],[-116.66117321,50.56155672],[-116.6611247,50.56179954],[-116.66111863,50.5619943],[-116.66112214,50.5621232],[-116.66112177,50.56218622],[-116.66113541,50.56224924],[-116.66113521,50.56232116],[-116.6611481,50.56245611],[-116.66117982,50.56264802],[-116.66121637,50.56276195],[-116.66121548,50.56289405],[-116.66124272,50.56308596],[-116.66124186,50.56313973],[-116.66125515,50.56331989],[-116.66125446,50.56338255],[-116.66125242,50.56363464],[-116.66126549,50.56377848],[-116.66126519,50.56383225],[-116.66127922,50.56388637],[-116.66128322,50.56393123],[-116.66129259,50.56397645],[-116.66130596,50.56406653],[-116.66137057,50.56423459],[-116.66148667,50.56445356],[-116.661843,50.56467039],[-116.66231704,50.56484059],[-116.66280998,50.56500686],[-116.66332181,50.56516922],[-116.66381048,50.5653177],[-116.66423274,50.56549572],[-116.66456978,50.56573962],[-116.66485082,50.56597426],[-116.66498317,50.56629328],[-116.66515688,50.56658667],[-116.66537984,50.56680101],[-116.66566052,50.56700289],[-116.66599996,50.5671916],[-116.66639355,50.56739063],[-116.66680243,50.56754445],[-116.66716854,50.56768936],[-116.66749222,50.56784318],[-116.66785742,50.56805111],[-116.66823214,50.56832492],[-116.66847576,50.56852359],[-116.66858798,50.56864679],[-116.66885413,50.56889033],[-116.66906437,50.56912781],[-116.66920402,50.56934109],[-116.66923154,50.56947603],[-116.66930067,50.56970996],[-116.66934123,50.56994389],[-116.66933947,50.57020487],[-116.6693374,50.5704655],[-116.66933583,50.57073539],[-116.66927706,50.57103198],[-116.66919073,50.57128371],[-116.66916072,50.57150838],[-116.66900334,50.57179571],[-116.66883204,50.57204709],[-116.66866109,50.57231626],[-116.66853177,50.57257689],[-116.66838912,50.57281901],[-116.6682742,50.57307074],[-116.66822155,50.57323239],[-116.66818755,50.57332211],[-116.66815747,50.57358274],[-116.6681134,50.57381667],[-116.66787144,50.57409474],[-116.66764375,50.57434576],[-116.6673456,50.57460568],[-116.66695775,50.5748656],[-116.66668316,50.57505965],[-116.66652215,50.57518818],[-116.66654957,50.57530497],[-116.66654911,50.57534983],[-116.66656279,50.57541285],[-116.66656284,50.57546697],[-116.66657658,50.57552073],[-116.66657528,50.5757219],[-116.666508,50.57589032],[-116.66638865,50.57609611],[-116.66623181,50.57632933],[-116.66613102,50.57662592],[-116.6661007,50.57691361],[-116.66605659,50.57715929],[-116.66598403,50.57739891],[-116.66588358,50.57763248],[-116.66576892,50.57788385],[-116.66580997,50.57803375],[-116.66587915,50.57822602],[-116.66595295,50.57843894],[-116.66599013,50.57857709],[-116.6659942,50.5786369],[-116.66598897,50.57869387],[-116.66588853,50.57892744],[-116.66581593,50.57917882],[-116.66567299,50.57945725],[-116.66557228,50.57967871],[-116.66552701,50.57990445],[-116.66553454,50.58013339],[-116.66559599,50.58036554],[-116.66581998,50.58066284],[-116.66589916,50.58077607],[-116.66601573,50.58091208],[-116.66625422,50.5811136],[-116.66577241,50.58137317],[-116.66541764,50.58163308],[-116.66515636,50.58189906],[-116.66505962,50.5820696],[-116.6650036,50.5822163],[-116.66502118,50.58242032],[-116.66501506,50.58256701],[-116.6649428,50.58281874],[-116.66491297,50.58308827],[-116.66489629,50.58339412],[-116.66482409,50.58363659],[-116.66475203,50.58387052],[-116.66468413,50.58413079],[-116.66456478,50.58438252],[-116.66363107,50.58452352],[-116.66262309,50.58460149],[-116.66154029,50.58461645],[-116.66122089,50.58515231],[-116.66090926,50.58549981],[-116.66071414,50.58576329],[-116.66063569,50.58594167],[-116.6606674,50.58612468],[-116.66069442,50.58634971],[-116.66051185,50.58660286],[-116.66037497,50.58683145],[-116.66033633,50.58697814],[-116.66040535,50.58723913],[-116.66040484,50.58731995],[-116.66038887,50.58755388],[-116.66037352,50.58775184],[-116.66038678,50.58785973],[-116.66042676,50.58816558],[-116.66045342,50.5883995],[-116.66046126,50.58860637],[-116.66041611,50.58880113],[-116.66033584,50.58904645],[-116.66026324,50.58928038],[-116.66019125,50.58953175],[-116.66011846,50.58978348],[-116.66010262,50.59006227],[-116.66007246,50.590314],[-116.66005631,50.59056573],[-116.66001218,50.5908082],[-116.65993996,50.59105993],[-116.6599098,50.59131166],[-116.65985216,50.5914733],[-116.65979495,50.59159009],[-116.65965174,50.59184146],[-116.65952274,50.59210174],[-116.65939331,50.59238017],[-116.65929274,50.59260484],[-116.6590788,50.59289217],[-116.65889363,50.59314924],[-116.65873612,50.59341272],[-116.65860731,50.59365519],[-116.65840746,50.59393327],[-116.65817913,50.5942295],[-116.65797966,50.59447447],[-116.65776802,50.59463576],[-116.65755367,50.59477604],[-116.65722679,50.5950178],[-116.65694262,50.59528698],[-116.65675722,50.59552019],[-116.65668963,50.59567579],[-116.65664206,50.59577157],[-116.65649875,50.59606816],[-116.65641183,50.59632843],[-116.65626895,50.59660687],[-116.65612537,50.59686714],[-116.65597792,50.59711566],[-116.6558542,50.59728301],[-116.65574961,50.59738769],[-116.6556833,50.59745961],[-116.65561109,50.59762126],[-116.65555451,50.59770208],[-116.65545425,50.59786373],[-116.65541118,50.5979353],[-116.6553391,50.5981151],[-116.65436386,50.59816317],[-116.6533307,50.59818809],[-116.65228677,50.59819984],[-116.65123182,50.59819878],[-116.65017211,50.59815641],[-116.64911749,50.59810229],[-116.64830311,50.598103],[-116.64760165,50.59802502],[-116.64690121,50.59784379],[-116.64597634,50.59745747],[-116.64490592,50.59702238],[-116.64384616,50.59741297],[-116.6427894,50.59766149],[-116.64173538,50.59776831],[-116.64068985,50.59771988],[-116.6405308,50.59762945],[-116.64042292,50.59755717],[-116.64018386,50.59735885],[-116.64012808,50.59732253],[-116.64007168,50.59729547],[-116.63970546,50.59715946],[-116.63919269,50.59747563],[-116.63845887,50.59774018],[-116.63762192,50.59797624],[-116.63679994,50.59811083],[-116.63621291,50.59831556],[-116.63562076,50.59855376],[-116.63500193,50.59895752],[-116.63418237,50.59936948],[-116.63328409,50.59980422],[-116.63250529,50.60001464],[-116.63209314,50.60030126],[-116.63175244,50.60054587],[-116.63146793,50.60079369],[-116.63132076,50.60094323],[-116.63116904,50.60106286],[-116.63105514,50.60118214],[-116.63098805,50.60130604],[-116.63093993,50.60142176],[-116.63088216,50.60161937],[-116.63083786,50.60181698],[-116.63089369,50.60193412],[-116.63088708,50.6021449],[-116.63096556,50.60237598],[-116.63112856,50.60262735],[-116.63118408,50.60271744],[-116.63129607,50.6028887],[-116.63149202,50.60314114],[-116.63164507,50.60344734],[-116.63172751,50.60371759],[-116.63190862,50.60402379],[-116.63204798,50.60426698],[-116.63215942,50.60452832],[-116.63228439,50.6047804],[-116.63229658,50.60505919],[-116.63226766,50.60512221],[-116.63220034,50.60530487],[-116.63209077,50.60548111],[-116.63197123,50.60564881],[-116.63188085,50.60577735],[-116.63176613,50.60603798],[-116.63172211,50.60620853],[-116.63167402,50.60635843],[-116.63159236,50.60654073],[-116.63146875,50.60671448],[-116.63131099,50.60697155],[-116.63116305,50.60721402],[-116.63096826,50.60747109],[-116.63077772,50.60772852],[-116.63059191,50.60798559],[-116.6303777,50.60829072],[-116.63030087,50.60842246],[-116.630206,50.608551],[-116.6300199,50.60882017],[-116.62990995,50.60902953],[-116.62984721,50.60921539],[-116.62969441,50.60946676],[-116.6295936,50.60970924],[-116.62950769,50.60988869],[-116.62944516,50.61005924],[-116.62935411,50.61023299],[-116.62929928,50.61040461],[-116.62927162,50.61051747],[-116.62929875,50.61070654],[-116.62939528,50.61100349],[-116.6289358,50.61130791],[-116.62865668,50.61144179],[-116.62837811,50.61154896],[-116.6281227,50.61165008],[-116.62786729,50.6117512],[-116.62758732,50.61181707],[-116.62725877,50.6118751],[-116.62691482,50.61190679],[-116.62658737,50.61195984],[-116.62626333,50.61202785],[-116.62593718,50.61220659],[-116.62564315,50.61240348],[-116.62538254,50.61262744],[-116.62514025,50.6128425],[-116.62560747,50.61335165],[-116.62588352,50.61383303],[-116.62596761,50.614287],[-116.62591788,50.61464377],[-116.62588454,50.61526401],[-116.62583627,50.61598323],[-116.62543428,50.61615877],[-116.62474955,50.61641762],[-116.62419601,50.61669249],[-116.62387159,50.61697128],[-116.62377652,50.61725363],[-116.62380417,50.61736187],[-116.62398592,50.61761395],[-116.62406004,50.61779412],[-116.62409648,50.61792016],[-116.62410034,50.61800704],[-116.62410967,50.61807326],[-116.62417784,50.61832819],[-116.6242419,50.61857423],[-116.62428773,50.61875724],[-116.62428658,50.61888328],[-116.62422827,50.61914355],[-116.62411758,50.61941914],[-116.62402096,50.61968547],[-116.62393908,50.61994325],[-116.62394484,50.62018002],[-116.623978,50.6204111],[-116.62363912,50.62054284],[-116.62329694,50.6206995],[-116.62291802,50.62092916],[-116.62254429,50.62115276],[-116.62214185,50.62134645],[-116.62173992,50.62155189],[-116.6213377,50.62176944],[-116.62108078,50.62202046],[-116.62089489,50.62229854],[-116.62066678,50.62253175],[-116.62048089,50.62280983],[-116.62046625,50.62287249],[-116.62039392,50.62307936],[-116.62036344,50.62333999],[-116.62028624,50.62358246],[-116.62017557,50.62383383],[-116.61992832,50.62410301],[-116.61963469,50.62433266],[-116.61929364,50.62452351],[-116.61912354,50.62461287],[-116.61896855,50.62474319],[-116.61882905,50.62487885],[-116.61864847,50.62502803],[-116.61838987,50.62517722],[-116.61810943,50.62531715],[-116.61778297,50.62545707],[-116.6174328,50.62560555],[-116.61702125,50.62582025],[-116.61664216,50.62608266],[-116.61635387,50.6263586],[-116.61610982,50.62662635],[-116.61586687,50.62691333],[-116.61578183,50.62700305],[-116.61563888,50.6271647],[-116.61548124,50.62742498],[-116.61536588,50.62769415],[-116.61529861,50.62787681],[-116.61526451,50.62797258],[-116.61454948,50.62837813],[-116.6139664,50.62879863],[-116.61364861,50.62905249],[-116.61337524,50.62928037],[-116.61316942,50.62949044],[-116.61294073,50.62972365],[-116.61276006,50.62997894],[-116.61268339,50.63010463],[-116.61257398,50.63024812],[-116.61228861,50.63053474],[-116.61146051,50.63035636],[-116.61083092,50.63010819],[-116.61047462,50.62973326],[-116.61021553,50.62933484],[-116.60995464,50.62894746],[-116.60966398,50.62860351],[-116.60949785,50.62812533],[-116.60945763,50.62751256],[-116.60841878,50.62720956],[-116.60738367,50.62697528],[-116.60641711,50.62701374],[-116.60573822,50.62704756],[-116.60541088,50.62714619],[-116.60508083,50.62733311],[-116.60477472,50.62765463],[-116.60431307,50.62806302],[-116.60376053,50.62853978],[-116.60312558,50.62877442],[-116.60245908,50.62882818],[-116.60176071,50.62870071],[-116.60085745,50.62850987],[-116.59987143,50.62845539],[-116.5988024,50.62853764],[-116.59791358,50.62854476],[-116.59732716,50.62874059],[-116.59704428,50.62912513],[-116.59669876,50.62915397],[-116.59624796,50.62915325],[-116.59569163,50.62912335],[-116.59521905,50.62913581],[-116.5948822,50.62916678],[-116.59466482,50.62922874],[-116.59448389,50.62927823],[-116.59417203,50.62935798],[-116.59381849,50.62941958],[-116.59303327,50.62970478],[-116.59236138,50.62999923],[-116.5918028,50.63030295],[-116.59075136,50.63035315],[-116.59005077,50.63035493],[-116.5893468,50.63035422],[-116.5886401,50.63035173],[-116.58756978,50.63035992],[-116.5865666,50.63031755],[-116.58562447,50.63028123],[-116.58562332,50.63039801],[-116.58560713,50.63064974],[-116.58552919,50.63090147],[-116.58545167,50.63116175],[-116.58537354,50.63143128],[-116.58524351,50.63175457],[-116.58504355,50.63198494],[-116.58485797,50.63219394],[-116.58474604,50.63241861],[-116.58466991,50.63265182],[-116.58455488,50.6329153],[-116.58437786,50.63317665],[-116.58418236,50.63342375],[-116.58389745,50.63367441],[-116.5836408,50.63390727],[-116.58348441,50.63402369],[-116.5833705,50.63413122],[-116.5831522,50.63428041],[-116.58282421,50.63443493],[-116.58249468,50.63455172],[-116.58216384,50.63463041],[-116.58169484,50.63489852],[-116.58063017,50.63483478],[-116.57973536,50.6347447],[-116.5791941,50.63464394],[-116.57883678,50.63455849],[-116.5786629,50.63448905],[-116.57845748,50.63444312],[-116.57822997,50.6344125],[-116.5779618,50.63441144],[-116.57769779,50.63440752],[-116.57744753,50.63441571],[-116.57715963,50.6344506],[-116.57689546,50.63466957],[-116.57678269,50.6349797],[-116.57695955,50.63540411],[-116.5775599,50.63593498],[-116.57845653,50.6365328],[-116.57845118,50.63709037],[-116.57841657,50.6378007],[-116.57835353,50.63851992],[-116.57824346,50.63910385],[-116.57799909,50.63966962],[-116.57762749,50.64010578],[-116.57726068,50.64053233],[-116.57689342,50.64105964],[-116.57652478,50.64166992],[-116.57639094,50.64222999],[-116.57660763,50.64273808],[-116.57729389,50.64313329],[-116.57821535,50.64344769],[-116.57909949,50.64369657],[-116.57954876,50.64389418],[-116.57982954,50.64412775],[-116.5799419,50.64439799],[-116.58025132,50.64454896],[-116.58055204,50.64466111],[-116.58083416,50.64474585],[-116.58106901,50.6448516],[-116.58133657,50.64497551],[-116.58170624,50.6451279],[-116.58215002,50.6452753],[-116.58288344,50.64547291],[-116.58386725,50.64565308],[-116.58492208,50.64581864],[-116.58596654,50.64602052],[-116.58700693,50.64623095],[-116.58804191,50.64645028],[-116.58822332,50.6469427],[-116.58860029,50.6475284],[-116.58917806,50.64813619],[-116.58994715,50.6485873],[-116.59054539,50.64879737],[-116.59096788,50.64883796],[-116.59123234,50.64880877],[-116.59145853,50.64880058],[-116.5917522,50.64881981],[-116.59208555,50.64885683],[-116.59244264,50.64896294],[-116.59278088,50.6490929],[-116.59305306,50.64925597],[-116.59329179,50.64944539],[-116.59350254,50.64966223],[-116.5936559,50.64991431],[-116.59383724,50.65018491],[-116.59457597,50.6498488],[-116.59548418,50.64950699],[-116.59651382,50.64925597],[-116.59727061,50.64900068],[-116.59760804,50.64884793],[-116.59785331,50.64869697],[-116.59838678,50.64913954],[-116.59900094,50.64957321],[-116.59956445,50.64999371],[-116.60018689,50.65037753],[-116.60016655,50.65054559],[-116.60012767,50.65066523],[-116.59999916,50.65084468],[-116.59988011,50.65095826],[-116.59969918,50.65115052],[-116.59946671,50.65135846],[-116.59908731,50.65159701],[-116.59976351,50.65195022],[-116.60056322,50.65231268],[-116.60118204,50.6527613],[-116.60161916,50.65329645],[-116.60191573,50.65352611],[-116.60207755,50.65374152],[-116.60209465,50.65391741],[-116.60203715,50.65405306],[-116.60183633,50.6543493],[-116.60180702,50.65449314],[-116.60180558,50.65466405],[-116.60251954,50.65496206],[-116.60304977,50.6552786],[-116.60331112,50.65560331],[-116.60337981,50.65590133],[-116.60354357,50.65623673],[-116.60394617,50.65654685],[-116.60454183,50.65677864],[-116.60515326,50.65695774],[-116.60563271,50.65711511],[-116.6060274,50.65730418],[-116.60632253,50.65755697],[-116.60658928,50.65777096],[-116.60689929,50.65792976],[-116.60719554,50.65805474],[-116.60743334,50.65819146],[-116.60759199,50.65835987],[-116.60767207,50.65855997],[-116.6076707,50.65875758],[-116.60781982,50.658926],[-116.60796429,50.65913642],[-116.60806184,50.6593707],[-116.60833596,50.65963312],[-116.60857598,50.65989695],[-116.60871059,50.66014298],[-116.60879328,50.66038937],[-116.6087361,50.66065],[-116.6086288,50.66091918],[-116.60851342,50.66115275],[-116.60839806,50.66144898],[-116.60836766,50.66166475],[-116.60836607,50.66186272],[-116.60824265,50.66199623],[-116.60812325,50.66214969],[-116.60802247,50.66238326],[-116.60796383,50.66261683],[-116.60792018,50.66273362],[-116.60788977,50.66302131],[-116.607888,50.66323209],[-116.60790489,50.66343184],[-116.6079321,50.66362375],[-116.60790975,50.66384343],[-116.60783817,50.66409125],[-116.60772304,50.66432446],[-116.60765991,50.66455803],[-116.60762051,50.66478306],[-116.60760886,50.66500773],[-116.60763059,50.66522955],[-116.607681,50.66540366],[-116.60775977,50.66556566],[-116.60783951,50.66567105],[-116.60789483,50.66579104],[-116.60793634,50.66590818],[-116.60797769,50.66604313],[-116.60800463,50.66618697],[-116.60800405,50.66629485],[-116.60798882,50.666412],[-116.60797367,50.66654658],[-116.60794367,50.66675345],[-116.60784214,50.6670091],[-116.6077126,50.66726545],[-116.60799024,50.667389],[-116.60817192,50.66742461],[-116.60836258,50.66743849],[-116.60857464,50.66744811],[-116.60875376,50.66746662],[-116.60888569,50.66748514],[-116.60932888,50.66751362],[-116.60976536,50.66754709],[-116.61015951,50.66762934],[-116.61048534,50.66777817],[-116.61072069,50.66798895],[-116.61090304,50.66822929],[-116.61114356,50.66819404],[-116.61144564,50.66815914],[-116.61171047,50.66810609],[-116.6120225,50.66801708],[-116.61243428,50.6678565],[-116.61274662,50.66773188],[-116.61321513,50.66753534],[-116.61347038,50.66749155],[-116.61375696,50.66742034],[-116.61404716,50.66733453],[-116.61439041,50.66723163],[-116.61478895,50.66714511],[-116.61516236,50.66707425],[-116.61546611,50.6670034],[-116.61569637,50.66693824],[-116.6158526,50.66687878],[-116.61623948,50.66684389],[-116.61663132,50.6668033],[-116.61696046,50.66674063],[-116.61727854,50.66664343],[-116.6175865,50.66651276],[-116.617809,50.66638138],[-116.61795176,50.66623824],[-116.61804996,50.66616062],[-116.61818909,50.66606805],[-116.61848104,50.66596123],[-116.61881792,50.66585442],[-116.61915801,50.66580137],[-116.61942283,50.66574831],[-116.61964016,50.66568316],[-116.61981082,50.66560554],[-116.61988136,50.66556993],[-116.62032155,50.66540045],[-116.62071462,50.66524592],[-116.62096992,50.66511169],[-116.62126669,50.66499099],[-116.62158502,50.66490091],[-116.62214443,50.66493865],[-116.62264255,50.6649974],[-116.62305004,50.66512166],[-116.62353272,50.66515406],[-116.62409495,50.66521103],[-116.62476143,50.66519893],[-116.62541717,50.66517436],[-116.62585498,50.66527441],[-116.62632117,50.66538407],[-116.62681532,50.66550228],[-116.62706506,50.66557207],[-116.62733356,50.66563901],[-116.62758719,50.66573478],[-116.62781759,50.6658384],[-116.62809911,50.66602817],[-116.62846017,50.66625427],[-116.62878835,50.66651596],[-116.62902741,50.6667506],[-116.6292938,50.6670123],[-116.62956296,50.66701301],[-116.62994535,50.66697812],[-116.6303842,50.66695284],[-116.63082273,50.66696316],[-116.63126111,50.66699129],[-116.63162887,50.66700162],[-116.63177021,50.66699022],[-116.63202082,50.66695498],[-116.63239698,50.66691011],[-116.6327838,50.66689623],[-116.6331816,50.66691367],[-116.63357266,50.66694785],[-116.63397796,50.66695498],[-116.63433692,50.66693824],[-116.63465716,50.66694821],[-116.63494011,50.66696103],[-116.63529444,50.66695035],[-116.63577061,50.66696067],[-116.63620471,50.66694999],[-116.63661522,50.66693931],[-116.63703511,50.66691047],[-116.63741726,50.66691189],[-116.63779837,50.66697598],[-116.63816599,50.66704007],[-116.63860416,50.66710452],[-116.6390144,50.66715365],[-116.63942382,50.66721489],[-116.63981943,50.667321],[-116.6402005,50.66744206],[-116.64062413,50.6675332],[-116.64099841,50.6675154],[-116.64138415,50.66751149],[-116.64181248,50.66756383],[-116.64218026,50.66761011],[-116.64251945,50.6676831],[-116.64298521,50.66781947],[-116.64342329,50.66792842],[-116.64383303,50.66800177],[-116.64421962,50.66803595],[-116.64461111,50.66804022],[-116.64496466,50.66803239],[-116.64523383,50.6680331],[-116.64555912,50.66800711],[-116.64590399,50.66796616],[-116.64626727,50.66793127],[-116.64664952,50.66790243],[-116.64698001,50.66790635],[-116.64722162,50.66794729],[-116.64749787,50.66801281],[-116.64796367,50.66818514],[-116.64841472,50.66837527],[-116.64878136,50.6685832],[-116.64911053,50.66871637],[-116.6493961,50.66878224],[-116.64963805,50.66878081],[-116.64988391,50.66871245],[-116.65027998,50.66873168],[-116.65043567,50.66873239],[-116.65064796,50.6687509],[-116.65074701,50.66876906],[-116.651212,50.66878437],[-116.6516947,50.66878081],[-116.65224102,50.66892359],[-116.65270197,50.66906886],[-116.65307867,50.66921662],[-116.65344596,50.66929887],[-116.65389282,50.66941993],[-116.65427406,50.66957517],[-116.65460742,50.66973396],[-116.65485669,50.66989668],[-116.6550253,50.67001382],[-116.6552223,50.67014058],[-116.65552769,50.67033605],[-116.65582809,50.67055573],[-116.65610993,50.67072771],[-116.65634934,50.67089007],[-116.65617755,50.6711596],[-116.65607622,50.67142877],[-116.65602713,50.67169546],[-116.65595029,50.67190802],[-116.65584547,50.67206682],[-116.65577287,50.67229149],[-116.65561982,50.67258167],[-116.6554427,50.67293203],[-116.65528028,50.67322613],[-116.65516989,50.67349459],[-116.65516334,50.67373136],[-116.65517592,50.67389942],[-116.65520842,50.6739984],[-116.65553202,50.674269],[-116.65575144,50.67455171],[-116.65589562,50.67482765],[-116.65604925,50.67514311],[-116.6562171,50.6753863],[-116.65633334,50.67564443],[-116.65638318,50.67589937],[-116.65642866,50.67614825],[-116.65652156,50.67639428],[-116.65661863,50.67663746],[-116.65675772,50.67694367],[-116.65686918,50.67717795],[-116.65700416,50.677466],[-116.6570916,50.67776294],[-116.65710904,50.67799082],[-116.65715899,50.67820374],[-116.65747822,50.67824468],[-116.65780293,50.67831767],[-116.65815459,50.67838568],[-116.65853044,50.67843268],[-116.65889802,50.67847861],[-116.65932183,50.67855801],[-116.65971781,50.67861605],[-116.66015601,50.67869829],[-116.6605942,50.67878054],[-116.66090509,50.67886243],[-116.66129838,50.67888344],[-116.66173973,50.67894255],[-116.66248919,50.67901981],[-116.66339055,50.67900628],[-116.66421692,50.6788959],[-116.66476966,50.67875954],[-116.66510474,50.67872571],[-116.66542099,50.67872251],[-116.66556275,50.67874992],[-116.66604323,50.67881437],[-116.66645286,50.67892332],[-116.66691916,50.67900557],[-116.6670183,50.67905969],[-116.66718763,50.67913232],[-116.66761036,50.67934916],[-116.6676949,50.67939153],[-116.66783591,50.67946701],[-116.66802425,50.67953644],[-116.66835126,50.67960017],[-116.6687266,50.67965216],[-116.66913686,50.67965038],[-116.66930935,50.67927902],[-116.66942484,50.67899773],[-116.66948244,50.67880618],[-116.66949893,50.67853344],[-116.66959325,50.67826783],[-116.66976158,50.67804351],[-116.67003005,50.67787937],[-116.67037231,50.67775938],[-116.67073655,50.67764936],[-116.6710866,50.67747668],[-116.67144682,50.67727373],[-116.67158891,50.6771573],[-116.67176231,50.67706793],[-116.67193895,50.67699636],[-116.67222257,50.6769102],[-116.67261703,50.67676849],[-116.67297065,50.67659046],[-116.67324221,50.67638146],[-116.67342655,50.67616427],[-116.67353936,50.67599764],[-116.67366607,50.67582032],[-116.67380716,50.67563162],[-116.6739099,50.67539199],[-116.67398048,50.67515842],[-116.67468948,50.67493553],[-116.67578166,50.67459693],[-116.67657691,50.67423945],[-116.67704533,50.67401585],[-116.67812355,50.67361422],[-116.67925804,50.67328452],[-116.68032253,50.67287399],[-116.68145673,50.67249942],[-116.68282842,50.67266499],[-116.68351978,50.67301748],[-116.68458093,50.67302353],[-116.68565741,50.67291031],[-116.68674871,50.67267852],[-116.68783822,50.67241753],[-116.68892638,50.67222562],[-116.689998,50.67204581],[-116.69097461,50.67180655],[-116.69172584,50.67142486],[-116.69225137,50.67090039],[-116.69331242,50.67094846],[-116.6943875,50.67094205],[-116.69546845,50.67063335],[-116.6965353,50.67046814],[-116.69758892,50.67044678],[-116.69851444,50.67081209],[-116.699186,50.67124541],[-116.69960448,50.67174708],[-116.7005478,50.67175456],[-116.70136107,50.67191763],[-116.7020451,50.67223594],[-116.7028239,50.67261158],[-116.70370078,50.67293559],[-116.70484936,50.67261478],[-116.70592686,50.67223986],[-116.70692317,50.67183681],[-116.7076809,50.67135293],[-116.70820037,50.67078859],[-116.7082754,50.67014129],[-116.70833576,50.66945802],[-116.70841109,50.66876586],[-116.70847177,50.66812746],[-116.70842643,50.66778244],[-116.70848116,50.66762186],[-116.70856168,50.66751505],[-116.70866888,50.66746235],[-116.70877789,50.66741784],[-116.70888658,50.66737298],[-116.70895761,50.66733738],[-116.70915614,50.66722379],[-116.70936951,50.66708636],[-116.70956745,50.66708102],[-116.70983168,50.66707568],[-116.71019296,50.66712339],[-116.71057177,50.66718855],[-116.71089655,50.66728824],[-116.71128723,50.66743885],[-116.71170088,50.66764073],[-116.71201122,50.66781235],[-116.71243929,50.66798432],[-116.71281146,50.66807618],[-116.71316946,50.66814811],[-116.71354632,50.66819689],[-116.71393304,50.66826703],[-116.71429983,50.66839378],[-116.71470954,50.66852944],[-116.71513278,50.66871957],[-116.71558483,50.66887339],[-116.71599407,50.66903325],[-116.71641806,50.66915431],[-116.71674772,50.6692241],[-116.71705556,50.66925685],[-116.71737974,50.66927359],[-116.71740731,50.66936331],[-116.71749091,50.6695976],[-116.71749514,50.66964246],[-116.71754314,50.66975034],[-116.71763017,50.6699216],[-116.71771899,50.67011957],[-116.71776973,50.67031148],[-116.71782001,50.6705066],[-116.71792227,50.67076758],[-116.71799211,50.67094775],[-116.71804759,50.67112755],[-116.71810728,50.67138249],[-116.71820035,50.67161357],[-116.71832693,50.67180298],[-116.71841994,50.67198884],[-116.71851155,50.67217007],[-116.71857797,50.67235202],[-116.71857728,50.67253182],[-116.71875589,50.67257135],[-116.71907191,50.67262297],[-116.71948211,50.67263294],[-116.71989249,50.67268208],[-116.72029742,50.67280064],[-116.72071172,50.67295054],[-116.72104111,50.67304347],[-116.72130472,50.67312892],[-116.72148814,50.67321331],[-116.72162932,50.67329449],[-116.72194078,50.6732774],[-116.72215338,50.67324179],[-116.72260694,50.67308121],[-116.7230036,50.6729922],[-116.72323037,50.67293879],[-116.72342443,50.67290319],[-116.72366995,50.67285868],[-116.72396726,50.67280563],[-116.72430704,50.67277643],[-116.72466097,50.67276219],[-116.72506605,50.67287719],[-116.72549402,50.67305202],[-116.72586109,50.67325069],[-116.72622773,50.67342231],[-116.72662725,50.67366905],[-116.72722932,50.67400018],[-116.72786421,50.67431671],[-116.72845735,50.67456381],[-116.72878199,50.67475039],[-116.72898758,50.67482266],[-116.72923844,50.6748953],[-116.72967659,50.67501636],[-116.73010991,50.67515807],[-116.73068979,50.67518655],[-116.73102802,50.67523106],[-116.7313311,50.67528696],[-116.73164164,50.67537455],[-116.73204654,50.67551341],[-116.73235707,50.67565476],[-116.73254849,50.67579611],[-116.73270957,50.67593746],[-116.73279864,50.67605461],[-116.73290625,50.67617175],[-116.73314149,50.67633411],[-116.73332921,50.67650537],[-116.73359195,50.67677276],[-116.73380315,50.67697108],[-116.73396279,50.67710033],[-116.73435829,50.67720038],[-116.73478222,50.67728227],[-116.73520835,50.67729118],[-116.73561598,50.67726305],[-116.73600455,50.67719789],[-116.73630878,50.67708075],[-116.73661024,50.67694758],[-116.73685117,50.6768251],[-116.7370358,50.67672968],[-116.73726314,50.67661325],[-116.73758899,50.67654525],[-116.7378817,50.67651],[-116.73814127,50.6765075],[-116.73842398,50.67649896],[-116.7386505,50.67649967],[-116.73890041,50.67649397],[-116.73935809,50.67650608],[-116.73985684,50.67652317],[-116.74039583,50.6765456],[-116.74072708,50.67660898],[-116.74100379,50.67667663],[-116.74122514,50.67673716],[-116.74143743,50.67676671],[-116.74180037,50.67682724],[-116.7422151,50.67687922],[-116.74251678,50.67694901],[-116.74306343,50.67707007],[-116.74358589,50.67720715],[-116.74396798,50.67729367],[-116.74401797,50.67760877],[-116.74410597,50.67789646],[-116.74426541,50.67812185],[-116.74438679,50.67836467],[-116.74447028,50.67854484],[-116.74452669,50.67862602],[-116.74476504,50.67875526],[-116.74501967,50.67883075],[-116.74529003,50.67885247],[-116.74566276,50.67882612],[-116.74600405,50.67876025],[-116.7463382,50.67867479],[-116.74656158,50.67864239],[-116.74679767,50.67863385],[-116.74704566,50.67864952],[-116.74736199,50.67866803],[-116.74773944,50.67870185],[-116.74817756,50.67872393],[-116.7486021,50.6787428],[-116.74905539,50.67874387],[-116.74943766,50.67866376],[-116.74976244,50.67886208],[-116.74981874,50.6789073],[-116.75002557,50.67904758],[-116.75019954,50.67919499],[-116.75031194,50.67934204],[-116.75032981,50.67952291],[-116.75028153,50.67974473],[-116.75020901,50.68003812],[-116.75007996,50.68032866],[-116.74988707,50.68058608],[-116.74972835,50.68084956],[-116.74968275,50.68106319],[-116.74966946,50.68122092],[-116.74968758,50.68136192],[-116.74970537,50.68154208],[-116.74970539,50.68159585],[-116.74971902,50.68169483],[-116.7498308,50.68196472],[-116.74988153,50.68215699],[-116.7499,50.68227983],[-116.74989871,50.68251375],[-116.74985507,50.68272026],[-116.74982632,50.68281034],[-116.74981119,50.68292713],[-116.74982474,50.68310693],[-116.74983386,50.6831639],[-116.74985208,50.68322408],[-116.74983276,50.68333872],[-116.74976575,50.68351461],[-116.74959363,50.68394864],[-116.74931568,50.68452082],[-116.74888337,50.68497336],[-116.74829845,50.68530698],[-116.74814132,50.68556726],[-116.74798396,50.68580688],[-116.74782244,50.68604935],[-116.74775091,50.686211],[-116.74768337,50.6865197],[-116.74765253,50.68696939],[-116.74766304,50.68760779],[-116.74767335,50.68830031],[-116.74752875,50.68888744],[-116.74741298,50.68933393],[-116.7473942,50.68962269],[-116.74744338,50.68989472],[-116.74752208,50.6901436],[-116.74765803,50.69027569],[-116.74787921,50.6904409],[-116.74818481,50.69063958],[-116.74845247,50.69090092],[-116.74863071,50.69113627],[-116.74873702,50.69146918],[-116.74877283,50.6919],[-116.74890127,50.69255051],[-116.74914787,50.69321348],[-116.74955859,50.69321455],[-116.74982566,50.69332208],[-116.75009533,50.69340468],[-116.75041476,50.69368703],[-116.75078677,50.69391846],[-116.75097102,50.69385722],[-116.75120547,50.6938647],[-116.75150527,50.69392914],[-116.7518558,50.69403881],[-116.75222967,50.69415559],[-116.75278561,50.69431368],[-116.75325654,50.69453337],[-116.75367322,50.69479222],[-116.75407961,50.6950589],[-116.75481569,50.69509629],[-116.75482774,50.69550396],[-116.75487381,50.69570086],[-116.75493888,50.69585503],[-116.75507987,50.69601419],[-116.75516378,50.69620325],[-116.75550275,50.69637487],[-116.75568492,50.69643789],[-116.75587807,50.69646851],[-116.75608289,50.69646566],[-116.75631882,50.69644822],[-116.75653597,50.69642187],[-116.75676268,50.69638626],[-116.75694668,50.69637166],[-116.75718931,50.69638626],[-116.75747669,50.69644074],[-116.75778268,50.69655824],[-116.7580355,50.69672166],[-116.75814815,50.69685091],[-116.75827496,50.6969741],[-116.75841559,50.6970884],[-116.75852385,50.69720233],[-116.75872108,50.69737075],[-116.75902224,50.69758723],[-116.75913464,50.69767731],[-116.75930387,50.69783041],[-116.75956895,50.69797888],[-116.75983107,50.69812843],[-116.76008991,50.69827868],[-116.76035619,50.69849018],[-116.76063013,50.69874155],[-116.7610256,50.69892207],[-116.76117628,50.69906342],[-116.76129336,50.69921047],[-116.76153274,50.6994387],[-116.7618956,50.6996445],[-116.76229574,50.6998332],[-116.76260365,50.69991759],[-116.76293662,50.69999307],[-116.76320527,50.70005965],[-116.76348963,50.70015828],[-116.76373762,50.70026759],[-116.76438712,50.70066459],[-116.76492887,50.70091738],[-116.76540473,50.7010744],[-116.76582144,50.70115416],[-116.76621131,50.70120507],[-116.76652248,50.70127451],[-116.76674834,50.70135889],[-116.76697433,50.70145823],[-116.76722911,50.70156077],[-116.76745494,50.70162415],[-116.76768166,50.70167862],[-116.76787947,50.70170568],[-116.76809165,50.7017331],[-116.76830408,50.70177868],[-116.7685867,50.70185131],[-116.76878672,50.70191042],[-116.76898743,50.7019567],[-116.76926606,50.70198732],[-116.76971902,50.70198839],[-116.7701441,50.7019891],[-116.77052593,50.70201082],[-116.77094136,50.70201759],[-116.771313,50.70196952],[-116.77167386,50.70190223],[-116.77184411,50.70184846],[-116.77209933,50.70178615],[-116.7724816,50.70172384],[-116.77284564,50.70165263],[-116.77317627,50.70157252],[-116.77344562,50.70147389],[-116.77371972,50.70143971],[-116.77406909,50.70145111],[-116.77476229,50.7015184],[-116.77580132,50.70147354],[-116.77685901,50.70137883],[-116.77783646,50.70130156],[-116.77867787,50.70132115],[-116.77936638,50.70149739],[-116.78017265,50.70172883],[-116.78098946,50.70199587],[-116.78180179,50.70216855],[-116.78242456,50.70231952],[-116.78297151,50.7024274],[-116.78276514,50.70271474],[-116.7825443,50.70295721],[-116.78239692,50.70317974],[-116.78228758,50.70338233],[-116.78222974,50.70361306],[-116.78221435,50.70388294],[-116.78223199,50.70412862],[-116.78221574,50.7045363],[-116.78216583,50.70510563],[-116.7831709,50.70525161],[-116.78343065,50.70555069],[-116.78382024,50.70573442],[-116.78431082,50.70582913],[-116.78486285,50.70587221],[-116.78539146,50.70590319],[-116.78570205,50.70603849],[-116.78591445,50.70610186],[-116.78618308,50.7061745],[-116.78638124,50.70620191],[-116.78659363,50.70625603],[-116.786994,50.70636463],[-116.78740455,50.70650349],[-116.78792739,50.70673528],[-116.78840291,50.70702368],[-116.7890099,50.70738472],[-116.7891843,50.70749581],[-116.78933463,50.7076101],[-116.78948033,50.70776],[-116.78955701,50.70787429],[-116.78961626,50.70797933],[-116.78967248,50.70808721],[-116.78977077,50.70825847],[-116.7898691,50.7085013],[-116.78995977,50.70864942],[-116.78999778,50.70893212],[-116.79011206,50.7093601],[-116.79028791,50.70986605],[-116.79069377,50.71020252],[-116.7910893,50.71043395],[-116.79144137,50.71059061],[-116.79179472,50.71068888],[-116.79220469,50.71092566],[-116.79270353,50.71127032],[-116.79311701,50.7117396],[-116.79335156,50.71210455],[-116.79342141,50.71231177],[-116.79299595,50.71233171],[-116.79243264,50.71238298],[-116.79180061,50.71256172],[-116.79111076,50.71275719],[-116.79056118,50.71311075],[-116.79008242,50.71352591],[-116.78984274,50.71408171],[-116.7897283,50.71466136],[-116.78923614,50.71522392],[-116.78861826,50.71574732],[-116.78806358,50.71623582],[-116.78762231,50.71676171],[-116.78654489,50.71662001],[-116.78546825,50.71664493],[-116.78439212,50.71683684],[-116.78487074,50.71717651],[-116.7848736,50.71763511],[-116.78440011,50.71821263],[-116.78476503,50.71892687],[-116.78513053,50.71963185],[-116.78537328,50.72019798],[-116.78554468,50.72057005],[-116.78568078,50.72071425],[-116.7859058,50.72074452],[-116.78616912,50.72072493],[-116.78634385,50.72070749],[-116.78753245,50.72066156],[-116.78870024,50.72066369],[-116.78974495,50.72080825],[-116.79071165,50.72102508],[-116.79159328,50.72135942],[-116.7923882,50.7217614],[-116.793052,50.72222427],[-116.79376315,50.72263302],[-116.79443229,50.7229791],[-116.79515775,50.723385],[-116.79551761,50.72381119],[-116.79596988,50.72413591],[-116.79651366,50.7243588],[-116.79609104,50.72481562],[-116.79599307,50.72524609],[-116.79632664,50.7256502],[-116.79669203,50.72602264],[-116.7968191,50.7264556],[-116.79660121,50.72694873],[-116.79637167,50.72758677],[-116.79625574,50.72826114],[-116.79626841,50.72859404],[-116.79670518,50.72883331],[-116.79698852,50.72910783],[-116.79732362,50.72917726],[-116.7975925,50.72926164],[-116.79796984,50.72942721],[-116.79854977,50.72969816],[-116.79945947,50.73002039],[-116.80052573,50.73032802],[-116.8015921,50.73053845],[-116.80264703,50.73057441],[-116.80370267,50.73035437],[-116.80476869,50.73000223],[-116.80584251,50.72959954],[-116.80676978,50.72920824],[-116.80760242,50.72877492],[-116.80814251,50.7284413],[-116.80855922,50.72817212],[-116.80875994,50.72800763],[-116.808867,50.72791363],[-116.80924431,50.72806744],[-116.80962801,50.72815681],[-116.80993146,50.72821129],[-116.81018198,50.72826078],[-116.81039892,50.72834801],[-116.81066396,50.72849221],[-116.81078181,50.7285855],[-116.81097475,50.7287265],[-116.81117301,50.72884684],[-116.81134711,50.72894013],[-116.81149818,50.72900635],[-116.81158104,50.72918509],[-116.81171892,50.72932431],[-116.81191533,50.72941368],[-116.81214656,50.72946175],[-116.81239845,50.72948133],[-116.81276165,50.72950269],[-116.81308745,50.72954221],[-116.81339443,50.7296387],[-116.81342658,50.72980071],[-116.81346341,50.73001647],[-116.8135047,50.73028636],[-116.81348075,50.73049038],[-116.81347533,50.73061927],[-116.81345614,50.73073],[-116.81346931,50.73093402],[-116.81351532,50.73123061],[-116.81351497,50.73129363],[-116.81362444,50.73148483],[-116.81375605,50.73164363],[-116.81389887,50.73178392],[-116.81404158,50.731921],[-116.81417814,50.73211291],[-116.81433285,50.73238315],[-116.81444078,50.73251418],[-116.81464684,50.73256545],[-116.81495101,50.73253697],[-116.81537178,50.73244155],[-116.81560605,50.73245721],[-116.81581063,50.73253519],[-116.81599895,50.73269755],[-116.81619015,50.73282858],[-116.81634244,50.73291581],[-116.81646851,50.73295711],[-116.81652964,50.73307817],[-116.81668466,50.73328717],[-116.81688959,50.73364002],[-116.81733959,50.73399572],[-116.81779681,50.73432791],[-116.81830108,50.73453371],[-116.81860012,50.73467008],[-116.81891456,50.73476728],[-116.81923548,50.73487588],[-116.81965523,50.73499658],[-116.82006089,50.73510802],[-116.82033005,50.7351803],[-116.82049992,50.73523442],[-116.82068388,50.73527074],[-116.82065376,50.73539963],[-116.82060741,50.73552247],[-116.82054039,50.73569409],[-116.82048299,50.73589098],[-116.81995352,50.7359832],[-116.81930248,50.73621997],[-116.81862401,50.73653259],[-116.81791915,50.73693635],[-116.81746192,50.73742699],[-116.81711989,50.73786209],[-116.81712365,50.73822989],[-116.81701188,50.73860054],[-116.81712989,50.73895731],[-116.81714288,50.73932902],[-116.81737408,50.73970003],[-116.81745977,50.74007495],[-116.8174678,50.74039077],[-116.81732808,50.74065639],[-116.81717609,50.74088889],[-116.81710432,50.74112851],[-116.81703241,50.74136244],[-116.81698928,50.74147032],[-116.81696075,50.74156895],[-116.81690313,50.74182958],[-116.81680278,50.74207241],[-116.8166883,50.74235084],[-116.81660228,50.74262963],[-116.81655905,50.74282724],[-116.81670027,50.74300135],[-116.81694033,50.74321462],[-116.81720861,50.74342185],[-116.81736386,50.74355715],[-116.81757559,50.74377327],[-116.81774067,50.74391747],[-116.81797129,50.74407057],[-116.81818363,50.74421477],[-116.818394,50.74436111],[-116.81864538,50.74450923],[-116.81896618,50.74467479],[-116.81922996,50.74478909],[-116.81950815,50.74496035],[-116.81979599,50.74515262],[-116.82021991,50.745378],[-116.82056899,50.74563044],[-116.82091272,50.74586472],[-116.82125198,50.7460812],[-116.82118032,50.74635963],[-116.82110846,50.74662062],[-116.8211692,50.74683033],[-116.82127676,50.74707031],[-116.82131925,50.74711553],[-116.82140388,50.74719636],[-116.82175694,50.7474488],[-116.8220962,50.74768308],[-116.82252073,50.74796258],[-116.8228978,50.74819081],[-116.82327961,50.74837133],[-116.82366697,50.74850378],[-116.82402059,50.74859137],[-116.82430433,50.74864869],[-116.82467268,50.74870317],[-116.82507207,50.74883277],[-116.82546986,50.74898338],[-116.82581903,50.7491817],[-116.8261015,50.74936187],[-116.82638483,50.74950607],[-116.82663949,50.74963247],[-116.82712065,50.74984895],[-116.82737505,50.74996644],[-116.82768158,50.75008679],[-116.82801213,50.75019218],[-116.82839484,50.75028262],[-116.82879105,50.75034599],[-116.82923092,50.75035561],[-116.82968431,50.75032036],[-116.82961301,50.75046812],[-116.82957293,50.75061802],[-116.82956487,50.7507697],[-116.8295829,50.75087794],[-116.82960652,50.75097692],[-116.82957428,50.75108374],[-116.82950645,50.75122544],[-116.829411,50.75142305],[-116.82935404,50.75157295],[-116.82933928,50.75169579],[-116.82933897,50.75177661],[-116.82935305,50.75183073],[-116.82935277,50.75189375],[-116.82936652,50.75194752],[-116.82945121,50.75213658],[-116.82949285,50.75226262],[-116.82944006,50.75247732],[-116.82941126,50.75268811],[-116.82944348,50.75291883],[-116.82942729,50.75308867],[-116.82933358,50.75325067],[-116.82916283,50.75340413],[-116.82889263,50.7536377],[-116.82831108,50.75372173],[-116.82767261,50.75387269],[-116.82697224,50.75418353],[-116.8262572,50.7544851],[-116.82553812,50.75476567],[-116.82494567,50.75519258],[-116.82447634,50.75568144],[-116.82413373,50.75631058],[-116.82414543,50.75700275],[-116.82414255,50.75770417],[-116.82403619,50.75833866],[-116.82381193,50.75895071],[-116.82346437,50.75954674],[-116.82311279,50.76014883],[-116.82278955,50.76052304],[-116.82233154,50.76084598],[-116.82184995,50.76114008],[-116.82134499,50.76140498],[-116.82114226,50.7616268],[-116.82105969,50.76185752],[-116.82112948,50.76207329],[-116.8212158,50.76228621],[-116.82133125,50.76249343],[-116.82147257,50.76264654],[-116.82160412,50.76280249],[-116.82172646,50.76298835],[-116.8218819,50.76315071],[-116.82200727,50.76334048],[-116.8220866,50.76357156],[-116.82212011,50.76384358],[-116.82170827,50.76397782],[-116.82133978,50.76406718],[-116.82087106,50.76421922],[-116.82048737,50.76438051],[-116.82019413,50.76452685],[-116.81978238,50.76468209],[-116.81925212,50.76484623],[-116.8188687,50.76497156],[-116.81838619,50.76511469],[-116.81803119,50.76524892],[-116.81791407,50.76531159],[-116.81775139,50.76541057],[-116.81746252,50.76562563],[-116.81721123,50.76586204],[-116.81697874,50.76607781],[-116.81676497,50.76627222],[-116.81655638,50.76646983],[-116.81627814,50.76667313],[-116.81598318,50.76686433],[-116.81549981,50.76711535],[-116.81511172,50.76730691],[-116.81480346,50.76749526],[-116.8145759,50.76768076],[-116.81437493,50.76783814],[-116.81411444,50.76798768],[-116.81379408,50.76812903],[-116.81376989,50.76822801],[-116.81377636,50.76830884],[-116.81379325,50.76838076],[-116.81384919,50.76852176],[-116.81396672,50.76873183],[-116.81411229,50.76892089],[-116.81432758,50.76908895],[-116.81455575,50.76924525],[-116.81461666,50.76929332],[-116.81466869,50.76934459],[-116.81479485,50.76961448],[-116.81486551,50.76972236],[-116.81502068,50.76998335],[-116.81510039,50.77010049],[-116.81515497,50.77025965],[-116.81520323,50.77046046],[-116.81520297,50.77052348],[-116.81521623,50.77070329],[-116.81527229,50.77091015],[-116.81530019,50.7710451],[-116.81531371,50.77111702],[-116.81537971,50.77128187],[-116.81548275,50.77149515],[-116.81562329,50.77172908],[-116.81572188,50.77192704],[-116.81587651,50.77223289],[-116.81597071,50.77245186],[-116.81597319,50.77263096],[-116.81594576,50.77278477],[-116.81587419,50.77290761],[-116.81585794,50.77302938],[-116.81588096,50.77315222],[-116.81595779,50.77327541],[-116.8160706,50.77339362],[-116.81597122,50.77353711],[-116.81580185,50.7737308],[-116.81567644,50.77390242],[-116.81561434,50.77404911],[-116.81554262,50.77425598],[-116.81538531,50.77452551],[-116.81528559,50.77469321],[-116.81512446,50.77484489],[-116.81497228,50.77499158],[-116.81482984,50.77513294],[-116.8147349,50.77534763],[-116.81465807,50.77557658],[-116.81454381,50.77582795],[-116.81424038,50.77606152],[-116.81396485,50.77628868],[-116.81373417,50.77653222],[-116.81351866,50.77679784],[-116.81348511,50.77695663],[-116.81348781,50.77708125],[-116.81350302,50.77720231],[-116.81354474,50.77734616],[-116.81355886,50.77740028],[-116.81359119,50.77751421],[-116.81365697,50.77765236],[-116.81380313,50.77776025],[-116.81398227,50.77786849],[-116.81420885,50.77806289],[-116.81439683,50.77829076],[-116.81451219,50.77854997],[-116.81457462,50.77882271],[-116.81457438,50.77888573],[-116.81458821,50.77894875],[-116.81465343,50.77914956],[-116.81466557,50.77930658],[-116.81465718,50.77950633],[-116.81467046,50.77961421],[-116.81467886,50.77983105],[-116.81466909,50.78000409],[-116.81457658,50.78022448],[-116.81444994,50.78046233],[-116.81428352,50.78068379],[-116.81406934,50.78092626],[-116.81390467,50.78119081],[-116.81377404,50.78146853],[-116.8137563,50.78167219],[-116.8137774,50.78182423],[-116.81383869,50.78192428],[-116.81386975,50.78207489],[-116.81381833,50.78223689],[-116.81368548,50.78240958],[-116.81353472,50.78261003],[-116.81342407,50.78279589],[-116.81338103,50.78287672],[-116.81333802,50.78302946],[-116.81327987,50.78328119],[-116.81323637,50.78353292],[-116.81323588,50.7836319],[-116.81395904,50.78382488],[-116.81462618,50.78401573],[-116.81514546,50.78419945],[-116.81541302,50.78439671],[-116.81573681,50.78454411],[-116.81600241,50.78473246],[-116.81633589,50.78491868],[-116.81657794,50.78513907],[-116.81678988,50.7853641],[-116.816917,50.78548124],[-116.81706318,50.78560444],[-116.81720933,50.78570057],[-116.81735544,50.78576964],[-116.81761971,50.78591598],[-116.81790767,50.78604024],[-116.81890189,50.78584085],[-116.81963515,50.78564431],[-116.82010882,50.78545026],[-116.82053482,50.78533383],[-116.82074797,50.78526227],[-116.82098002,50.78520886],[-116.82128781,50.78516435],[-116.82168457,50.78513765],[-116.82203468,50.78512946],[-116.82230276,50.78509386],[-116.82255029,50.78504935],[-116.82299995,50.78505576],[-116.82342073,50.78503867],[-116.82382739,50.78501232],[-116.82425325,50.78495286],[-116.82446613,50.78493506],[-116.82490574,50.78489981],[-116.82520371,50.78487346],[-116.8253034,50.78485566],[-116.82561272,50.78471395],[-116.82582129,50.78457046],[-116.82590837,50.7844259],[-116.82594542,50.78428882],[-116.82601327,50.78415708],[-116.82613372,50.78402926],[-116.82634233,50.78389503],[-116.82672622,50.78364365],[-116.82696802,50.78350017],[-116.8273669,50.78342789],[-116.82784764,50.78344427],[-116.828526,50.78364543],[-116.82910419,50.78381598],[-116.8295812,50.78395662],[-116.8299118,50.78404386],[-116.8302994,50.78411649],[-116.83066786,50.78420693],[-116.83103604,50.78430627],[-116.83133292,50.78458577],[-116.83161568,50.78487382],[-116.83184209,50.7851348],[-116.83202547,50.78539614],[-116.83208137,50.78555779],[-116.83217991,50.78577392],[-116.83225992,50.78595693],[-116.83232089,50.78617875],[-116.83232036,50.78622361],[-116.83233452,50.78627773],[-116.83235602,50.78633861],[-116.83243942,50.78643261],[-116.83258417,50.78655972],[-116.83292687,50.78674914],[-116.83329828,50.78696064],[-116.83373229,50.78717285],[-116.83418894,50.78739253],[-116.83466891,50.78760509],[-116.83515217,50.78779238],[-116.83547753,50.78805372],[-116.83566614,50.78819792],[-116.83579012,50.78835209],[-116.83587279,50.78849807],[-116.83591518,50.78869283],[-116.83597049,50.78899868],[-116.83598395,50.78917849],[-116.835983,50.7895114],[-116.83599627,50.78975422],[-116.83599632,50.78978129],[-116.8359958,50.78984395],[-116.83600016,50.78993403],[-116.83599519,50.79000595],[-116.83592394,50.79023952],[-116.83585165,50.79050941],[-116.83582269,50.79077004],[-116.83582224,50.79091994],[-116.83587383,50.79104491],[-116.83596299,50.79119303],[-116.83606175,50.79133688],[-116.83617463,50.79147218],[-116.83624076,50.79156511],[-116.83638065,50.79165127],[-116.83661335,50.79174527],[-116.83725176,50.79188733],[-116.83832805,50.79149318],[-116.83938732,50.79104491],[-116.84042929,50.79064471],[-116.84136724,50.79009924],[-116.84207121,50.78946084],[-116.84254033,50.78872915],[-116.84300969,50.78821501],[-116.8437257,50.78778739],[-116.84468636,50.78744594],[-116.84467481,50.78663663],[-116.84467812,50.7857821],[-116.84466718,50.78476593],[-116.84465567,50.78391176],[-116.84464446,50.78306649],[-116.84463378,50.78196024],[-116.84553539,50.78146177],[-116.84622269,50.78092306],[-116.8466957,50.78034412],[-116.84775781,50.78039147],[-116.84882311,50.78049081],[-116.84881181,50.77952876],[-116.84892022,50.77870948],[-116.84926918,50.77794432],[-116.84985955,50.77723364],[-116.85045075,50.77660308],[-116.85080128,50.77590592],[-116.85091067,50.7751429],[-116.85196658,50.77473665],[-116.85301445,50.77418228],[-116.85405056,50.77355491],[-116.8551158,50.77289977],[-116.85618568,50.77254443],[-116.85713378,50.77206305],[-116.85796123,50.77145563],[-116.85847806,50.77095644],[-116.85899838,50.77046046],[-116.85935762,50.76995949],[-116.85960116,50.76950304],[-116.85960895,50.76907435],[-116.85997264,50.76909892],[-116.8603463,50.76909322],[-116.86072941,50.76904871],[-116.86115503,50.7689775],[-116.8615426,50.76892374],[-116.86191148,50.76889134],[-116.86226157,50.76887959],[-116.86244696,50.769048],[-116.86275185,50.76922211],[-116.86317521,50.76935349],[-116.86356557,50.76947776],[-116.86392328,50.76959525],[-116.86418761,50.7697245],[-116.86439969,50.76982562],[-116.86462683,50.76991677],[-116.86485819,50.76994988],[-116.86504217,50.76997124],[-116.86517926,50.76998015],[-116.86546281,50.76998976],[-116.86571817,50.77000792],[-116.86600781,50.77008126],[-116.86638094,50.77022048],[-116.86683733,50.77042592],[-116.86767312,50.7707866],[-116.8687357,50.77112628],[-116.86977997,50.77134347],[-116.87083345,50.77151544],[-116.87177191,50.7717394],[-116.87256832,50.77209082],[-116.87322278,50.77257043],[-116.87379298,50.77317358],[-116.87429009,50.77293111],[-116.87516997,50.77273029],[-116.87614863,50.77260033],[-116.87721043,50.7726776],[-116.87827092,50.77287556],[-116.87930762,50.77341391],[-116.88034301,50.77405267],[-116.88048576,50.77312338],[-116.88085626,50.77231158],[-116.88157661,50.77165893],[-116.88253436,50.77106931],[-116.8836277,50.77064774],[-116.88450469,50.77075741],[-116.88529546,50.770913],[-116.88590167,50.77117363],[-116.88641009,50.7714688],[-116.88657153,50.77171163],[-116.88658801,50.77196336],[-116.88784977,50.77220761],[-116.88891298,50.77242444],[-116.8889292,50.77158808],[-116.88894516,50.77076061],[-116.88987813,50.77138406],[-116.89057163,50.77208335],[-116.89102536,50.77285812],[-116.89207477,50.7727691],[-116.89313863,50.77258111],[-116.89364037,50.77177144],[-116.89436986,50.77101056],[-116.89533097,50.77040207],[-116.89640171,50.76994312],[-116.89708112,50.76981601],[-116.89767848,50.76976758],[-116.8978549,50.76979357],[-116.89801216,50.76982384],[-116.89816212,50.76984983],[-116.89828829,50.76984805],[-116.89840616,50.76983416],[-116.89867604,50.7697982],[-116.89881282,50.76991534],[-116.89901534,50.77011331],[-116.89911462,50.77021229],[-116.89983434,50.77039103],[-116.90064528,50.77062745],[-116.90169388,50.77094612],[-116.90274291,50.77121066],[-116.90380736,50.77143248],[-116.90486903,50.77170095],[-116.90581226,50.77210471],[-116.90663538,50.77255974],[-116.9073289,50.7731839],[-116.90802792,50.77373614],[-116.90872164,50.77431508],[-116.90942035,50.77483136],[-116.9102481,50.77528639],[-116.91120065,50.77564494],[-116.91178163,50.77512368],[-116.91225262,50.77451269],[-116.9127372,50.77389565],[-116.91345831,50.77346447],[-116.9144154,50.77321915],[-116.91547947,50.77308421],[-116.91653687,50.77310878],[-116.91759372,50.77336941],[-116.91853003,50.77392485],[-116.91923289,50.77471956],[-116.91969659,50.77567805],[-116.91969534,50.77628049],[-116.91918867,50.7768427],[-116.91855902,50.77736788],[-116.91796075,50.7779162],[-116.91759554,50.77857845],[-116.91746338,50.77935465],[-116.91779728,50.78016431],[-116.91813198,50.78095582],[-116.91834929,50.78181319],[-116.91845013,50.78275459],[-116.91843459,50.78353684],[-116.91841887,50.78442733],[-116.91838841,50.78547946],[-116.91837331,50.78627987],[-116.91848053,50.78714899],[-116.91871056,50.7879348],[-116.91917939,50.78851837],[-116.91964188,50.78905458],[-116.92015833,50.78950855],[-116.92061304,50.78994436],[-116.92106344,50.79023027],[-116.92147767,50.79041862],[-116.92185562,50.7905087],[-116.92271022,50.79052543],[-116.92360561,50.79047381],[-116.92456481,50.79011669],[-116.92540856,50.78965667],[-116.92612844,50.78916852],[-116.92695358,50.7887085],[-116.92790771,50.78827055],[-116.92898195,50.78794121],[-116.92896686,50.78849878],[-116.92907599,50.78908057],[-116.92918719,50.78960824],[-116.92942477,50.79006079],[-116.92953896,50.79049553],[-116.92989127,50.79099258],[-116.93035729,50.79157223],[-116.93105627,50.79213016],[-116.93176619,50.79284511],[-116.93239274,50.79357289],[-116.93237755,50.79413937],[-116.93251421,50.79459903],[-116.93280207,50.79507792],[-116.93324406,50.79555289],[-116.93367381,50.79598087],[-116.93409156,50.79636149],[-116.93438189,50.79694648],[-116.93460049,50.797639],[-116.93565902,50.79818519],[-116.93640601,50.79857827],[-116.93682499,50.79881504],[-116.93715267,50.79903402],[-116.93756599,50.79895853],[-116.93804691,50.79891794],[-116.93886027,50.79898702],[-116.93976339,50.79909241],[-116.94050134,50.79917074],[-116.94101207,50.79925192],[-116.94124039,50.7992772],[-116.94151485,50.79926937],[-116.94183489,50.79922842],[-116.94223238,50.79918961],[-116.94235355,50.79936657],[-116.9425045,50.79960833],[-116.94287969,50.79991133],[-116.94340402,50.80023925],[-116.94411331,50.80055756],[-116.94506676,50.80097771],[-116.94591937,50.80148472],[-116.94657618,50.80199139],[-116.94725876,50.80223778],[-116.94804533,50.80231682],[-116.94893652,50.80222923],[-116.94976424,50.80201702],[-116.94993469,50.80202592],[-116.95033668,50.80207399],[-116.95075778,50.80214342],[-116.95121154,50.80219754],[-116.95165135,50.8022157],[-116.95206312,50.80222175],[-116.95246488,50.80223101],[-116.95275339,50.80222496],[-116.95291451,50.80222496],[-116.95312534,50.80243681],[-116.95336793,50.80271987],[-116.95376219,50.80301468],[-116.95426181,50.80325074],[-116.95478163,50.80335578],[-116.95519644,50.80343304],[-116.95560933,50.80353025],[-116.95580338,50.80386885],[-116.95607252,50.8043367],[-116.95641721,50.80493309],[-116.95678043,50.80573065],[-116.95721051,50.80615542],[-116.95756831,50.80648334],[-116.95785383,50.80671442],[-116.95803315,50.80693909],[-116.95823171,50.80717302],[-116.95840673,50.80734713],[-116.95860008,50.80751483],[-116.95884128,50.80770389],[-116.95903045,50.80787195],[-116.95921003,50.80800084],[-116.95934259,50.80811478],[-116.95945112,50.80822586],[-116.95965431,50.80840852],[-116.95990522,50.80858548],[-116.96019345,50.80876564],[-116.96038256,50.80890058],[-116.96047254,50.80899031],[-116.96062365,50.80903446],[-116.96079412,50.80907149],[-116.96109196,50.80911956],[-116.96145648,50.80916477],[-116.96181611,50.80921569],[-116.96211851,50.80923385],[-116.96239286,50.80926376],[-116.96267216,50.80930577],[-116.96314056,50.80939585],[-116.96361814,50.80955216],[-116.9640914,50.80973802],[-116.96451696,50.80994489],[-116.96497106,50.81010689],[-116.96509837,50.81015211],[-116.96535397,50.81022403],[-116.96577988,50.81032301],[-116.96614892,50.81036823],[-116.96657589,50.81039315],[-116.96699111,50.81037535],[-116.96739296,50.81029168],[-116.96779555,50.81016172],[-116.96819302,50.80997301],[-116.96860923,50.80981137],[-116.96900229,50.80970348],[-116.96937132,50.80964046],[-116.97000975,50.80962764],[-116.97051582,50.80966503],[-116.97084551,50.80971096],[-116.97104563,50.8097398],[-116.9713913,50.80995592],[-116.97186256,50.81012184],[-116.97244121,50.81025572],[-116.9729962,50.81027708],[-116.97352955,50.81026213],[-116.97378004,50.81024717],[-116.97406858,50.81021726],[-116.9743652,50.81018451],[-116.97472174,50.81018558],[-116.97513937,50.81024254],[-116.97558755,50.81034366],[-116.97582415,50.81034972],[-116.9760603,50.81034366],[-116.97629689,50.81032586],[-116.97666582,50.8102988],[-116.97685033,50.8102899],[-116.97727614,50.81030806],[-116.97764518,50.81036182],[-116.97785801,50.81037998],[-116.97818484,50.81049677],[-116.97833575,50.81069473],[-116.97848282,50.81085673],[-116.97861018,50.81097352],[-116.97869566,50.81099168],[-116.97887982,50.81102764],[-116.97927738,50.81108176],[-116.97968918,50.81111772],[-116.97995832,50.81109671],[-116.98019504,50.81109066],[-116.98047423,50.81106894],[-116.98075349,50.81106075],[-116.98108953,50.81108603],[-116.98142028,50.81112698],[-116.98157661,50.81111808],[-116.98194554,50.81109102],[-116.98237173,50.8110191],[-116.98271045,50.81089448],[-116.98304799,50.81074351],[-116.98338441,50.8105516],[-116.98376415,50.81041096],[-116.98415519,50.81031803],[-116.98455785,50.81027317],[-116.98493598,50.81020231],[-116.98530837,50.81007449],[-116.98567445,50.8098897],[-116.98603396,50.80969778],[-116.98650729,50.80950587],[-116.98708417,50.80930221],[-116.98749574,50.80929331],[-116.98786515,50.80924845],[-116.98825273,50.8090925],[-116.98864548,50.80896966],[-116.98884918,50.80888563],[-116.98906208,50.8087749],[-116.98931276,50.80856091],[-116.98953974,50.80834016],[-116.98994179,50.80876101],[-116.99054728,50.80912383],[-116.99135621,50.80942861],[-116.99172517,50.80956355],[-116.99197161,50.80958456],[-116.99226964,50.80961447],[-116.99261927,50.80965328],[-116.99305932,50.80975226],[-116.99347103,50.80982418],[-116.99386866,50.80994132],[-116.99420905,50.81005811],[-116.99445507,50.81015994],[-116.99469814,50.81030806],[-116.99491871,50.81046294],[-116.99511743,50.81058863],[-116.9955293,50.81078659],[-116.99584156,50.81069687],[-116.99626709,50.81056192],[-116.99656542,50.81040882],[-116.99684896,50.81022011],[-116.99695796,50.81033405],[-116.99711377,50.81041808],[-116.99731717,50.81047184],[-116.99749222,50.81051991],[-116.99765664,50.81058578],[-116.99782382,50.8106577],[-116.99800333,50.81071182],[-116.99821178,50.81074173],[-116.99840105,50.81080155],[-116.99855708,50.81085282],[-116.99868002,50.81089448],[-116.99902988,50.81099951],[-116.99925386,50.81109636],[-116.99944633,50.81119142],[-116.9996454,50.81131747],[-116.99982974,50.81143425],[-116.99999991,50.81153323],[-117.00009964,50.811587],[-117.00052524,50.81181202],[-117.00066707,50.81188395],[-117.00080907,50.81193771],[-117.00105025,50.81203669],[-117.00114478,50.81207871],[-117.00124932,50.81211752],[-117.0015611,50.81224356],[-117.00161804,50.81226741],[-117.00166052,50.81228842],[-117.00185012,50.81240236],[-117.00208626,50.8125252],[-117.00231195,50.81268008],[-117.00252036,50.81288588],[-117.00271126,50.81314295],[-117.00280565,50.81331065],[-117.00289591,50.81347265],[-117.00303446,50.81362041],[-117.00320499,50.81375643],[-117.00341772,50.81387036],[-117.0036624,50.81397006],[-117.00394774,50.81406619],[-117.00421563,50.81414096],[-117.00435452,50.81422677],[-117.00446793,50.81428374],[-117.00455643,50.81431187],[-117.00478843,50.81435566],[-117.00503434,50.81450556],[-117.00529473,50.81476156],[-117.00566838,50.81530098],[-117.00604732,50.8157667],[-117.00647318,50.81617331],[-117.00657211,50.81634101],[-117.00681363,50.81649589],[-117.00715439,50.8166319],[-117.00753272,50.81671273],[-117.00835653,50.81688363],[-117.00921275,50.81712326],[-117.01049539,50.81767656],[-117.01177164,50.81821313],[-117.0128945,50.81876359],[-117.01388512,50.8191054],[-117.01458563,50.81941801],[-117.01528747,50.81957574],[-117.01599576,50.81981252],[-117.01680226,50.81995601],[-117.0175609,50.82010199],[-117.01781163,50.82000301],[-117.01813046,50.81991613],[-117.01847717,50.81987412],[-117.0188529,50.81987696],[-117.0190185,50.81970713],[-117.01916013,50.81958215],[-117.0193304,50.81951628],[-117.0194868,50.81946715],[-117.019747,50.81942727],[-117.01999439,50.81935214],[-117.020215,50.81929624],[-117.02039518,50.81920509],[-117.02066189,50.8192083],[-117.02099625,50.81914314],[-117.02131951,50.81913922],[-117.02153684,50.81902422],[-117.0216932,50.81898114],[-117.02181917,50.818932],[-117.02207978,50.81891028],[-117.02232105,50.81885723],[-117.02258395,50.81869024],[-117.02279885,50.81851827],[-117.02291977,50.81839223],[-117.02300672,50.81828434],[-117.02306643,50.81823058],[-117.02312509,50.81819462],[-117.02327614,50.81814335],[-117.02338064,50.81810454],[-117.02358834,50.8180084],[-117.02375865,50.81790657],[-117.02389125,50.81779869],[-117.02409931,50.81756191],[-117.02433122,50.81733083],[-117.02462465,50.81710901],[-117.02489864,50.81687224],[-117.02506915,50.8167462],[-117.02528172,50.81667427],[-117.02563688,50.81652117],[-117.02579103,50.81645922],[-117.02598673,50.81639833],[-117.02621841,50.81636237],[-117.02650268,50.81633211],[-117.02678606,50.81626731],[-117.02712717,50.81615515],[-117.02772322,50.81587351],[-117.02787432,50.81578628],[-117.02803518,50.81566629],[-117.02836147,50.81544162],[-117.02873542,50.81525576],[-117.0290003,50.81514467],[-117.02946874,50.81512651],[-117.02985185,50.81511726],[-117.03010704,50.81509945],[-117.03034828,50.81506349],[-117.03069866,50.81503038],[-117.03107722,50.81496736],[-117.0315027,50.81491609],[-117.03187533,50.81488511],[-117.03221284,50.81487407],[-117.03240186,50.81489508],[-117.03256307,50.81491894],[-117.03270953,50.8149549],[-117.03286098,50.8149816],[-117.03313085,50.81501756],[-117.03326821,50.81503572],[-117.03337199,50.81505352],[-117.03374133,50.81513435],[-117.03391147,50.81517031],[-117.03405366,50.81519737],[-117.0342237,50.81522407],[-117.03447968,50.81528709],[-117.03464052,50.81533801],[-117.03479187,50.81537682],[-117.03507233,50.81533267],[-117.03549212,50.81526181],[-117.03605002,50.81516354],[-117.03717619,50.81513328],[-117.03772028,50.81514823],[-117.03814166,50.81511512],[-117.03861935,50.81503679],[-117.03910694,50.81498872],[-117.03916329,50.81498872],[-117.03937631,50.81498872],[-117.03975979,50.81520449],[-117.04033757,50.81558796],[-117.04058239,50.81585678],[-117.04073987,50.81612132],[-117.04078736,50.81636807],[-117.04085398,50.81657387],[-117.04093908,50.81671486],[-117.04102438,50.81683165],[-117.04111644,50.81697834],[-117.04124232,50.8171464],[-117.04137989,50.81728134],[-117.04164978,50.81753272],[-117.0417207,50.81760464],[-117.0418485,50.81771252],[-117.04203681,50.81789447],[-117.04221347,50.8180992],[-117.04235572,50.81832707],[-117.04247421,50.81854569],[-117.04259721,50.81878566],[-117.04268106,50.81911323],[-117.04273059,50.81943902],[-117.0427306,50.81985275],[-117.04273111,50.8200144],[-117.04273116,50.82005962],[-117.04271681,50.82031135],[-117.04271707,50.82039217],[-117.04274094,50.8206261],[-117.04278839,50.82082086],[-117.04284991,50.82098571],[-117.04290232,50.8211114],[-117.04294483,50.82130936],[-117.04304481,50.82154329],[-117.04308736,50.82183098],[-117.04304501,50.82202859],[-117.04369819,50.82230738],[-117.04375555,50.82233408],[-117.04399687,50.82246903],[-117.04408195,50.82250499],[-117.04418144,50.82254985],[-117.04444641,50.82272076],[-117.04477346,50.82297533],[-117.0450478,50.82318505],[-117.04531806,50.82341292],[-117.04553099,50.82355677],[-117.04569669,50.82365254],[-117.0458454,50.82377325],[-117.04598595,50.82391317],[-117.04612341,50.82425961],[-117.04625655,50.82470753],[-117.04643135,50.82484425],[-117.04664942,50.82499486],[-117.04703783,50.82520173],[-117.04747824,50.82539044],[-117.04759165,50.82568703],[-117.0477683,50.82566104],[-117.04793915,50.82568489],[-117.04810284,50.82575895],[-117.04842996,50.82594766],[-117.04877547,50.82614527],[-117.04904542,50.82631297],[-117.04920982,50.82646465],[-117.04934562,50.82660671],[-117.04966783,50.82680717],[-117.05020602,50.82705284],[-117.05039027,50.82716073],[-117.05054211,50.82725366],[-117.05075979,50.8274032],[-117.05094473,50.82768199],[-117.0511155,50.82784969],[-117.05131408,50.82801454],[-117.0515983,50.82818545],[-117.05191127,50.82840086],[-117.05206779,50.8288477],[-117.05221022,50.82920732],[-117.05236685,50.82947008],[-117.05255172,50.82972252],[-117.05256597,50.82992334],[-117.05254737,50.83014836],[-117.05251925,50.83039724],[-117.05252422,50.83061301],[-117.05258104,50.83086474],[-117.05253908,50.83113463],[-117.05248223,50.83144938],[-117.05243705,50.83168224],[-117.05234076,50.83190797],[-117.05212848,50.83218997],[-117.0518448,50.83263681],[-117.0515468,50.83266387],[-117.0512633,50.83305055],[-117.05114959,50.83318549],[-117.05104058,50.83331759],[-117.05088033,50.83347354],[-117.05062474,50.83370746],[-117.05049529,50.8338894],[-117.05039763,50.83405817],[-117.05027003,50.83425614],[-117.05011405,50.83445695],[-117.04997266,50.83458086],[-117.04981614,50.83469693],[-117.04956071,50.83490665],[-117.04936225,50.83510176],[-117.04913991,50.83526982],[-117.04889395,50.83546173],[-117.04862439,50.8356775],[-117.04836913,50.83592033],[-117.04813115,50.83605135],[-117.04788676,50.83620837],[-117.04797355,50.83652419],[-117.04814752,50.8367599],[-117.04840786,50.83691585],[-117.04871134,50.83702943],[-117.04889727,50.83714515],[-117.04903824,50.83726407],[-117.0491328,50.83738584],[-117.04932044,50.83750583],[-117.04949267,50.83759271],[-117.04967251,50.83766463],[-117.0498289,50.83774047],[-117.04993806,50.83780242],[-117.04998204,50.8378512],[-117.05003271,50.83791636],[-117.05015457,50.83816702],[-117.0502415,50.83839881],[-117.05026054,50.83862668],[-117.05026115,50.83893217],[-117.05018567,50.83908528],[-117.05006294,50.83929214],[-117.05002026,50.83953497],[-117.05006346,50.84005659],[-117.05014921,50.84046996],[-117.05020149,50.84066793],[-117.05023461,50.8408659],[-117.05023506,50.84092856],[-117.05024918,50.84123156],[-117.05026385,50.84144128],[-117.05028755,50.84165099],[-117.05029256,50.84187281],[-117.0503543,50.84206757],[-117.05039254,50.84229544],[-117.05037853,50.84248451],[-117.05037863,50.84268212],[-117.05032535,50.84295307],[-117.05024657,50.84319768],[-117.05016671,50.84336859],[-117.05013803,50.8435046],[-117.05013812,50.84365343],[-117.05015258,50.8438635],[-117.05020964,50.84406111],[-117.05022884,50.84427082],[-117.05019628,50.84452576],[-117.05022958,50.84477143],[-117.05028801,50.84492845],[-117.05033848,50.84503847],[-117.05021138,50.84540699],[-117.05019729,50.84558679],[-117.05024025,50.84581182],[-117.05005598,50.84621665],[-117.04991411,50.84645948],[-117.0498434,50.84661222],[-117.04973006,50.84682799],[-117.0496589,50.84698999],[-117.04958843,50.84720576],[-117.04952663,50.84734071],[-117.04948143,50.84748384],[-117.04946081,50.8476316],[-117.04932531,50.84781853],[-117.0490494,50.84798231],[-117.0485049,50.84810266],[-117.04787041,50.84818669],[-117.04780413,50.84820769],[-117.04770021,50.84823191],[-117.0474301,50.84844767],[-117.04727723,50.84858475],[-117.0471274,50.84874462],[-117.04703646,50.84894864],[-117.04699071,50.84910459],[-117.04697674,50.84915835],[-117.04683475,50.84941934],[-117.04677341,50.84961695],[-117.04674985,50.84984197],[-117.0467219,50.85004884],[-117.0466935,50.85023755],[-117.04656586,50.85063348],[-117.04643845,50.85102905],[-117.04635354,50.85119996],[-117.04628251,50.85141573],[-117.04616928,50.85160479],[-117.04610784,50.8517846],[-117.04607029,50.85188358],[-117.04581427,50.85206338],[-117.04545967,50.85228841],[-117.04537477,50.85253124],[-117.04530385,50.8527203],[-117.0452754,50.85280718],[-117.04523304,50.85289121],[-117.04520474,50.85295387],[-117.0450958,50.85311588],[-117.04496838,50.85333164],[-117.04489081,50.85353851],[-117.04484535,50.85371547],[-117.044836,50.85381445],[-117.04481263,50.85390133],[-117.04475561,50.85402132],[-117.04466574,50.85417406],[-117.04453371,50.85435316],[-117.04436772,50.85454614],[-117.04421652,50.85470209],[-117.04406513,50.85486089],[-117.0439139,50.85502289],[-117.043658,50.85528388],[-117.04361734,50.85534476],[-117.04365524,50.8554765],[-117.04377202,50.85567945],[-117.04408514,50.8560031],[-117.044213,50.85619181],[-117.0443695,50.85636272],[-117.04443472,50.85649837],[-117.04458134,50.85665432],[-117.04481038,50.85682986],[-117.04511825,50.85703388],[-117.04529231,50.85727065],[-117.04545039,50.85758825],[-117.04553638,50.8580796],[-117.04559976,50.85826261],[-117.04574182,50.85843921],[-117.04596322,50.85861012],[-117.04633734,50.85858591],[-117.04664481,50.85853784],[-117.04732712,50.85861866],[-117.04788587,50.85839969],[-117.04811144,50.85826439],[-117.04829404,50.85815152],[-117.04843448,50.85806073],[-117.04859114,50.85797955],[-117.04870472,50.85793469],[-117.04883207,50.85788947],[-117.04901694,50.85783571],[-117.04927765,50.85785351],[-117.04952201,50.85787131],[-117.04985209,50.85790798],[-117.05008391,50.85785315],[-117.05044557,50.85783499],[-117.05080692,50.85780188],[-117.05128546,50.85774669],[-117.05177283,50.85760356],[-117.0525112,50.8572856],[-117.05279529,50.8571325],[-117.0531079,50.85691638],[-117.05317882,50.85686261],[-117.05348657,50.85663759],[-117.05383176,50.85640366],[-117.05421962,50.8562146],[-117.05462065,50.85601236],[-117.05511427,50.85588454],[-117.05570827,50.855803],[-117.05639646,50.8559237],[-117.05709887,50.85615905],[-117.05776154,50.85577523],[-117.05851413,50.85546903],[-117.05928897,50.85530382],[-117.06006579,50.8551176],[-117.06085602,50.85494527],[-117.06171305,50.85478113],[-117.06241569,50.8547676],[-117.06295057,50.85487015],[-117.06320217,50.85502004],[-117.06343896,50.85516674],[-117.06366184,50.85531058],[-117.06452818,50.85495916],[-117.06583422,50.85428408],[-117.06620149,50.85404909],[-117.06649964,50.853776],[-117.06672787,50.85346516],[-117.067296,50.85339288],[-117.06773651,50.85348368],[-117.06816458,50.8534794],[-117.06857938,50.85338042],[-117.06897231,50.85322127],[-117.06929885,50.85335585],[-117.06941293,50.85340962],[-117.0696401,50.85356237],[-117.06975412,50.85362823],[-117.06987727,50.85370336],[-117.07009512,50.85379914],[-117.07041289,50.85389563],[-117.07072081,50.85397539],[-117.07110411,50.8540263],[-117.07142632,50.85403805],[-117.07176269,50.85407971],[-117.0720138,50.85413953],[-117.0722648,50.8542175],[-117.07244936,50.85427732],[-117.07275735,50.85436384],[-117.07309525,50.85439375],[-117.07340644,50.85437167],[-117.07369058,50.85429726],[-117.07389209,50.85417442],[-117.07408129,50.85411745],[-117.07425817,50.85412635],[-117.07448551,50.85417086],[-117.07461357,50.85420682],[-117.07481886,50.85429085],[-117.07505885,50.85440443],[-117.07531021,50.85453332],[-117.07559801,50.85462483],[-117.07590717,50.85470957],[-117.07615378,50.85489543],[-117.07631658,50.85497803],[-117.07641947,50.85502396],[-117.07669375,50.85507772],[-117.0769307,50.85514965],[-117.07725613,50.85524827],[-117.07750584,50.85531023],[-117.07770931,50.85534904],[-117.07787826,50.85538286],[-117.07816724,50.85547259],[-117.07843761,50.85556231],[-117.0785937,50.85564314],[-117.07872202,50.85570616],[-117.07890701,50.85580478],[-117.07912035,50.85594863],[-117.07937642,50.85613128],[-117.07958938,50.85632889],[-117.07973194,50.85649374],[-117.07984603,50.8566796],[-117.0800026,50.85691923],[-117.08015925,50.85718876],[-117.0802451,50.85733866],[-117.08037319,50.85751526],[-117.08056773,50.85771002],[-117.08077599,50.85785992],[-117.0809723,50.8580237],[-117.0811698,50.85821312],[-117.08136946,50.85849191],[-117.08137452,50.85881271],[-117.08146161,50.8590534],[-117.0815697,50.85927416],[-117.08178814,50.85952268],[-117.08189686,50.85965157],[-117.08224291,50.85968718],[-117.0825098,50.85974023],[-117.0827733,50.85982675],[-117.08303407,50.85994745],[-117.08321905,50.8601002],[-117.08348445,50.8602679],[-117.08373138,50.86039679],[-117.08394453,50.86051358],[-117.08415772,50.86066632],[-117.08447099,50.86090879],[-117.08482653,50.8611153],[-117.08511139,50.86131006],[-117.08539558,50.86153758],[-117.08546697,50.8616006],[-117.08569457,50.86187904],[-117.08586588,50.86216673],[-117.08597983,50.86240955],[-117.08603683,50.86250818],[-117.08622186,50.86275101],[-117.08636478,50.86299953],[-117.08646452,50.86321851],[-117.08656406,50.86339831],[-117.08663579,50.8635329],[-117.08670713,50.86371271],[-117.08673544,50.86378463],[-117.08676417,50.86383875],[-117.08677853,50.86386581],[-117.08680673,50.86392847],[-117.0868353,50.86402746],[-117.08684993,50.86408158],[-117.08692133,50.86429734],[-117.0869361,50.86452201],[-117.08693601,50.86469292],[-117.08690829,50.86486382],[-117.08684685,50.8651006],[-117.08672428,50.86533168],[-117.08652544,50.8655535],[-117.08626097,50.8657447],[-117.08598955,50.86593874],[-117.08571175,50.86613564],[-117.08544737,50.86637562],[-117.08520601,50.86659174],[-117.08492242,50.86678971],[-117.08476587,50.86690685],[-117.08468067,50.86696952],[-117.08436875,50.86723976],[-117.08414163,50.86747369],[-117.08401453,50.86766275],[-117.08392914,50.8678244],[-117.08377342,50.86816941],[-117.08366024,50.86840939],[-117.08361292,50.86855003],[-117.0835789,50.86872023],[-117.08356194,50.86890395],[-117.0835385,50.86904174],[-117.08347556,50.86916066],[-117.08338217,50.86930273],[-117.08323095,50.86950959],[-117.08305156,50.86975847],[-117.08292403,50.86996534],[-117.08283887,50.87005542],[-117.08263079,50.87031961],[-117.08245605,50.8705863],[-117.082381,50.87079316],[-117.08226596,50.87097333],[-117.08213049,50.87114423],[-117.08198824,50.87131513],[-117.08177588,50.8715309],[-117.08156278,50.87178299],[-117.08139279,50.87201585],[-117.08126982,50.87226473],[-117.08119499,50.87252963],[-117.0814366,50.87280842],[-117.08150835,50.87304519],[-117.08152764,50.87330084],[-117.08152321,50.87351874],[-117.08138211,50.87389652],[-117.08135364,50.87407632],[-117.08131627,50.87437612],[-117.0812743,50.874646],[-117.0812479,50.87485786],[-117.08124169,50.87504158],[-117.08125629,50.87521854],[-117.08125037,50.8754044],[-117.08122362,50.87557815],[-117.08114346,50.87574906],[-117.080997,50.8758929],[-117.0808882,50.87601894],[-117.08081723,50.87609087],[-117.08061834,50.87626213],[-117.08047234,50.87654092],[-117.08036339,50.87682861],[-117.08033561,50.87701767],[-117.08033554,50.87709849],[-117.08033579,50.87724234],[-117.08039343,50.87753929],[-117.0802752,50.87779386],[-117.08015734,50.87804274],[-117.08003927,50.87828593],[-117.07999551,50.87847357],[-117.07997343,50.87867545],[-117.07999267,50.87893038],[-117.07998378,50.87916716],[-117.07997,50.87934696],[-117.07994177,50.87951787],[-117.07991361,50.87967062],[-117.07989977,50.87981446],[-117.07985769,50.88006655],[-117.07981053,50.88033323],[-117.07969255,50.88067504],[-117.07953234,50.88110088],[-117.07937617,50.88133765],[-117.07925355,50.88160754],[-117.07916391,50.88191054],[-117.07914533,50.88211313],[-117.07912542,50.88233923],[-117.07910375,50.88258775],[-117.0789809,50.88287259],[-117.07888191,50.88316064],[-117.07883944,50.88325962],[-117.07876854,50.88336751],[-117.07867401,50.88351135],[-117.07861878,50.8836495],[-117.0785701,50.8838172],[-117.0784819,50.8839703],[-117.07829287,50.88413516],[-117.07800219,50.88431211],[-117.07761896,50.88447447],[-117.07719279,50.88460942],[-117.07689421,50.88460087],[-117.07651029,50.88469985],[-117.07629251,50.88478994],[-117.07612664,50.88488002],[-117.0759847,50.88502386],[-117.07577192,50.88524889],[-117.07565853,50.88539309],[-117.07555006,50.8856028],[-117.07546044,50.88585168],[-117.07536572,50.8860525],[-117.07526811,50.88624655],[-117.07520551,50.88643027],[-117.0751916,50.88671511],[-117.07517784,50.88694904],[-117.07513386,50.88705977],[-117.0750485,50.88715875],[-117.07491472,50.88726699],[-117.0747724,50.88740799],[-117.07463843,50.8875878],[-117.0745301,50.88780677],[-117.07438312,50.88804675],[-117.07420808,50.88825041],[-117.07404302,50.88849644],[-117.07391512,50.88865844],[-117.07381099,50.88885641],[-117.07371179,50.88905117],[-117.07361729,50.88924308],[-117.07361764,50.8893061],[-117.07360363,50.88945885],[-117.0735755,50.88954288],[-117.0735328,50.88965682],[-117.0734761,50.88980066],[-117.07341954,50.89001643],[-117.07329202,50.89035824],[-117.07320265,50.89064628],[-117.07315726,50.89090692],[-117.07314645,50.89117075],[-117.0732434,50.89141749],[-117.07336674,50.89161119],[-117.07351738,50.89175218],[-117.07365496,50.89187182],[-117.0737785,50.89201281],[-117.07406329,50.89230015],[-117.07434789,50.89250701],[-117.07463246,50.89274059],[-117.07481744,50.89292039],[-117.07517362,50.89336973],[-117.07534486,50.89355844],[-117.0754066,50.89361825],[-117.07548719,50.89367344],[-117.07559627,50.89372222],[-117.07573359,50.89376495],[-117.07594225,50.89382797],[-117.0762884,50.8939266],[-117.07666824,50.89410711],[-117.07702846,50.89432181],[-117.07727527,50.89449948],[-117.07749352,50.89468712],[-117.07764574,50.89482492],[-117.07780678,50.89497161],[-117.07790664,50.89505849],[-117.07803958,50.89516032],[-117.07819126,50.89529206],[-117.07837664,50.89548076],[-117.07856169,50.89565452],[-117.07869476,50.89584038],[-117.07877585,50.89603834],[-117.07833059,50.89625126],[-117.07783797,50.89645635],[-117.0773625,50.89668173],[-117.07683539,50.89689892],[-117.07629235,50.89727099],[-117.07566434,50.89769505],[-117.07498256,50.8981451],[-117.07432112,50.8985891],[-117.07388114,50.89897613],[-117.07366174,50.89930583],[-117.07358654,50.89956468],[-117.07333872,50.89985772],[-117.07291907,50.90018457],[-117.07229848,50.90048472],[-117.07141274,50.90096504],[-117.07080694,50.90144891],[-117.07020057,50.90193279],[-117.06959476,50.90241666],[-117.06901252,50.90285176],[-117.06849104,50.90316687],[-117.06867658,50.90338548],[-117.06889015,50.9035984],[-117.06907538,50.90379601],[-117.06939314,50.90405059],[-117.06968751,50.90432617],[-117.06982531,50.90447999],[-117.06994869,50.90471676],[-117.07005824,50.9050365],[-117.07049439,50.90507994],[-117.07085015,50.90520277],[-117.07112544,50.9054043],[-117.07130628,50.90569804],[-117.0714015,50.90606371],[-117.07141165,50.9065013],[-117.07116881,50.90657357],[-117.07102654,50.90670852],[-117.07098596,50.90690613],[-117.071029,50.90721198],[-117.07102455,50.90733481],[-117.07100545,50.90743095],[-117.07095036,50.90751569],[-117.07087322,50.90761681],[-117.07071693,50.90781264],[-117.07054164,50.90797464],[-117.0702986,50.90808074],[-117.06999689,50.90817474],[-117.0695245,50.90828013],[-117.06897796,50.90849412],[-117.0682987,50.90874941],[-117.06760837,50.90903959],[-117.06704939,50.90922866],[-117.06734809,50.9093903],[-117.06743407,50.9098311],[-117.06747701,50.90996604],[-117.06751495,50.91007677],[-117.06754844,50.91015475],[-117.06760556,50.91035236],[-117.06767722,50.91066711],[-117.06774859,50.9109548],[-117.0677629,50.91102672],[-117.06788218,50.91119763],[-117.06803408,50.91135927],[-117.06823338,50.9115932],[-117.06833333,50.91175485],[-117.06854208,50.91198557],[-117.06880314,50.91223125],[-117.06905945,50.91249188],[-117.06921508,50.91267453],[-117.06938262,50.91290525],[-117.06946193,50.91311212],[-117.06951589,50.91330083],[-117.06953522,50.91355861],[-117.06952634,50.91387656],[-117.06948891,50.91425434],[-117.06939722,50.91431914],[-117.06934057,50.91438821],[-117.06931861,50.9144612],[-117.06929962,50.91453312],[-117.06927631,50.91459615],[-117.06921466,50.91478806],[-117.06920398,50.9149789],[-117.06922003,50.91515657],[-117.06926282,50.91536059],[-117.06927906,50.91552936],[-117.06927788,50.91568424],[-117.06924946,50.91577397],[-117.06938249,50.91588185],[-117.06963397,50.91605276],[-117.069797,50.91614248],[-117.06998036,50.91623221],[-117.07026041,50.91635789],[-117.070588,50.91651954],[-117.07077311,50.91666339],[-117.0711477,50.91688592],[-117.07150991,50.91705077],[-117.07185963,50.91715723],[-117.07213027,50.91728007],[-117.07239597,50.91742676],[-117.07256683,50.91763363],[-117.07275215,50.9178761],[-117.0728476,50.91804985],[-117.07287769,50.91820189],[-117.07289023,50.9183557],[-117.07289525,50.91846074],[-117.0728864,50.91872457],[-117.07284868,50.91893429],[-117.07278245,50.91909024],[-117.07271154,50.91924299],[-117.07256998,50.91948012],[-117.07240706,50.91968698],[-117.0722193,50.91989385],[-117.07195878,50.92011603],[-117.07167469,50.92029583],[-117.07143344,50.92049985],[-117.07123413,50.92072772],[-117.07100733,50.92095275],[-117.07092218,50.92114181],[-117.07083687,50.9214206],[-117.07082299,50.92167233],[-117.07080287,50.92183718],[-117.07076183,50.92201414],[-117.070696,50.92216689],[-117.07051133,50.92241292],[-117.07029819,50.92260768],[-117.06995717,50.92286902],[-117.06970111,50.92305773],[-117.06951654,50.92325285],[-117.06934628,50.92345971],[-117.0691901,50.92367869],[-117.06898161,50.9238827],[-117.06873683,50.92404649],[-117.06847935,50.92419176],[-117.06816675,50.92439862],[-117.06801969,50.92451078],[-117.06787777,50.92463575],[-117.06774545,50.9247917],[-117.06766294,50.92488641],[-117.06758393,50.92496546],[-117.06746426,50.92507548],[-117.06736967,50.92519547],[-117.06731447,50.92534323],[-117.06728644,50.92551413],[-117.06727218,50.92557716],[-117.06725772,50.92564908],[-117.06720143,50.92591897],[-117.06713053,50.92614399],[-117.06707403,50.92635655],[-117.06696962,50.92652247],[-117.06683269,50.92669837],[-117.0666906,50.92683651],[-117.06624647,50.92696149],[-117.06585785,50.92712064],[-117.06552441,50.92731362],[-117.0654673,50.92733178],[-117.06528283,50.927377],[-117.06505512,50.92741581],[-117.06482264,50.92749201],[-117.06464572,50.92761093],[-117.06452411,50.92777293],[-117.06447218,50.92794668],[-117.06439177,50.92808982],[-117.06420731,50.92824862],[-117.06385662,50.92841881],[-117.0633494,50.92862781],[-117.06350577,50.92887064],[-117.0636915,50.92914017],[-117.06376923,50.92937801],[-117.06382015,50.92960767],[-117.0638063,50.92993168],[-117.06380676,50.9301745],[-117.06379275,50.9303301],[-117.06375022,50.93049816],[-117.06359367,50.9306153],[-117.06341859,50.93069612],[-117.06324309,50.93074917],[-117.06305815,50.93076413],[-117.06283973,50.9307595],[-117.06278267,50.9307595],[-117.06256962,50.93078371],[-117.06232454,50.9308567],[-117.06205909,50.93100375],[-117.06184607,50.93122842],[-117.06167369,50.9315065],[-117.06156011,50.93170446],[-117.06148924,50.93185115],[-117.06143258,50.93201921],[-117.06139042,50.9323158],[-117.06114381,50.93254688],[-117.06093075,50.93278366],[-117.060751,50.93302648],[-117.06065631,50.93320344],[-117.06057102,50.93336865],[-117.06048588,50.93348544],[-117.06038637,50.93362928],[-117.06027415,50.93374428],[-117.06016824,50.93383935],[-117.06004078,50.93391733],[-117.05988899,50.93400741],[-117.05975627,50.93408823],[-117.05968521,50.93412419],[-117.05945752,50.93422318],[-117.0593719,50.93426839],[-117.05925818,50.93434352],[-117.05915094,50.93441651],[-117.05906398,50.93446636],[-117.05897407,50.93451122],[-117.05880311,50.9345892],[-117.0585897,50.93469138],[-117.05843358,50.93477256],[-117.05816344,50.93491641],[-117.05827749,50.93506025],[-117.05838209,50.93522796],[-117.05847702,50.93541987],[-117.05853438,50.93557261],[-117.05854863,50.93560858],[-117.05856245,50.93565379],[-117.05857706,50.93569866],[-117.05864843,50.93591442],[-117.05866248,50.93595929],[-117.05855557,50.93622027],[-117.0584433,50.93640506],[-117.05832658,50.93651402],[-117.05817498,50.9365952],[-117.05799946,50.93670593],[-117.05787138,50.93680206],[-117.05779594,50.93686793],[-117.05774819,50.9369071],[-117.05769595,50.93696086],[-117.05763931,50.93702994],[-117.05755427,50.93718874],[-117.05750189,50.93729092],[-117.05744546,50.93736569],[-117.05736447,50.93747358],[-117.0572697,50.93757576],[-117.05716105,50.9376776],[-117.05702377,50.93777052],[-117.05689398,50.93790369],[-117.05678688,50.93803756],[-117.05667272,50.9381693],[-117.05648805,50.93831635],[-117.05625597,50.93854423],[-117.05610447,50.9387664],[-117.0560097,50.93899428],[-117.05588981,50.93915023],[-117.05572713,50.93929906],[-117.05552144,50.93944112],[-117.05533679,50.9396131],[-117.0551665,50.93979504],[-117.05502428,50.94001686],[-117.05479156,50.94009163],[-117.05455465,50.94016676],[-117.05429387,50.94027393],[-117.05408049,50.94039499],[-117.0539145,50.94052993],[-117.053834,50.94068268],[-117.0537931,50.94090165],[-117.05377325,50.94115053],[-117.05374526,50.94177077],[-117.05375487,50.94207377],[-117.05378875,50.94231055],[-117.05388851,50.94256833],[-117.05392201,50.94289091],[-117.05393186,50.94333562],[-117.05401771,50.94360515],[-117.0540463,50.94385688],[-117.05401859,50.94409971],[-117.05401862,50.94429768],[-117.05362034,50.94454976],[-117.05342101,50.94468471],[-117.05310376,50.94491578],[-117.05282378,50.94517962],[-117.05253952,50.94529071],[-117.05220732,50.94536548],[-117.05182786,50.94540464],[-117.05141974,50.94547799],[-117.05108802,50.94558303],[-117.05085249,50.94572402],[-117.05059486,50.9458789],[-117.05030406,50.94606192],[-117.05001322,50.94628374],[-117.04980783,50.94654757],[-117.04946633,50.94662875],[-117.04911012,50.94671598],[-117.04883045,50.94679681],[-117.04861704,50.94688689],[-117.04843676,50.94692392],[-117.04823281,50.94694706],[-117.04790193,50.94691822],[-117.0475591,50.94687229],[-117.04720289,50.94685449],[-117.04696576,50.94687051],[-117.04672719,50.94693175],[-117.04651358,50.94706776],[-117.04632072,50.94726858],[-117.04618365,50.94754452],[-117.0460654,50.94784431],[-117.04599434,50.94797926],[-117.04582376,50.94838373],[-117.04571,50.9485906],[-117.04538284,50.94898653],[-117.04531209,50.94904955],[-117.04516986,50.94916634],[-117.04505591,50.94925642],[-117.04487106,50.94940026],[-117.04464314,50.94960713],[-117.04437316,50.94984106],[-117.04415999,50.95000306],[-117.04397345,50.95015723],[-117.04389723,50.95033704],[-117.04393225,50.95054283],[-117.04387589,50.95067778],[-117.04381427,50.95080952],[-117.04373381,50.95092951],[-117.04357257,50.95114243],[-117.0434636,50.95131618],[-117.04341612,50.95142122],[-117.04336416,50.95151415],[-117.0432786,50.95164019],[-117.04317917,50.95183815],[-117.04313679,50.95196384],[-117.04306537,50.95221557],[-117.04302809,50.95241959],[-117.04298993,50.95259654],[-117.04295201,50.95274644],[-117.04291889,50.95285718],[-117.04289547,50.95301597],[-117.0428531,50.95322605],[-117.04283881,50.95343896],[-117.04282491,50.95368144],[-117.04282526,50.95380748],[-117.0427067,50.95408627],[-117.04257408,50.95431414],[-117.04247755,50.95448789],[-117.0424034,50.954662],[-117.04231799,50.95484466],[-117.04217126,50.95503978],[-117.0415828,50.95519573],[-117.04098035,50.95536093],[-117.04036357,50.95553504],[-117.03955239,50.95580208],[-117.03883571,50.9560061],[-117.03844658,50.95614425],[-117.03810051,50.95624608],[-117.03810028,50.95639883],[-117.03811471,50.95656973],[-117.03801571,50.95697456],[-117.03798707,50.95723519],[-117.0379353,50.95743031],[-117.0379024,50.95763113],[-117.03816825,50.95776002],[-117.03835144,50.95780559],[-117.03854313,50.95782873],[-117.03857818,50.95782873],[-117.0386556,50.95783479],[-117.03875683,50.95785366],[-117.03888978,50.95788535],[-117.03904134,50.95794552],[-117.03931189,50.95809827],[-117.03960199,50.95827807],[-117.03980288,50.95835783],[-117.03998344,50.95840483],[-117.04016206,50.95843153],[-117.04036148,50.95846357],[-117.04063668,50.95854725],[-117.04101677,50.95866403],[-117.04140604,50.95881678],[-117.04166059,50.95895172],[-117.041865,50.95911657],[-117.04201868,50.95931134],[-117.04212291,50.95943417],[-117.04221794,50.9595271],[-117.04230343,50.95958977],[-117.04240321,50.95966169],[-117.04257416,50.95977848],[-117.04278816,50.95994938],[-117.04284493,50.96003946],[-117.04294004,50.96021927],[-117.04305444,50.96037486],[-117.04318708,50.96050696],[-117.04347996,50.96052583],[-117.04376004,50.96048666],[-117.04401595,50.96041973],[-117.044255,50.9603535],[-117.04434017,50.9603357],[-117.04446854,50.96031754],[-117.04469621,50.96028158],[-117.04486263,50.96025452],[-117.04500494,50.96024526],[-117.04514231,50.96024526],[-117.04532282,50.96026306],[-117.04555059,50.96030793],[-117.04564549,50.96033819],[-117.04579264,50.96038875],[-117.04587814,50.96042471],[-117.0459497,50.96045177],[-117.04618682,50.9605358],[-117.04646221,50.96064938],[-117.04682765,50.96076011],[-117.04720305,50.96089185],[-117.04756391,50.96103285],[-117.04787226,50.96114358],[-117.04812902,50.96122441],[-117.04837108,50.96133193],[-117.04861841,50.96155981],[-117.04878473,50.96179053],[-117.04896049,50.96191123],[-117.04925481,50.96204511],[-117.05000497,50.96226657],[-117.05113011,50.96263081],[-117.05229377,50.96306306],[-117.05300636,50.96352628],[-117.05357474,50.96390085],[-117.05413479,50.96414332],[-117.05481562,50.96428788],[-117.0560641,50.96435909],[-117.05737011,50.96480807],[-117.05874197,50.96518513],[-117.05965369,50.9652656],[-117.0600589,50.96533823],[-117.06032774,50.96537313],[-117.06046077,50.96537028],[-117.06063159,50.96532791],[-117.06084983,50.96528305],[-117.06100647,50.96526489],[-117.0612958,50.96521077],[-117.06151934,50.96518371],[-117.06193207,50.96516555],[-117.06220092,50.96514525],[-117.0624904,50.96513315],[-117.06287972,50.96515415],[-117.06338472,50.9652186],[-117.06372628,50.96513742],[-117.06411042,50.96504734],[-117.06440954,50.96498432],[-117.06465647,50.9649302],[-117.06491296,50.96490029],[-117.0652639,50.96488498],[-117.0656056,50.96488462],[-117.06597627,50.96493839],[-117.06621544,50.96510217],[-117.06643212,50.96527094],[-117.06660801,50.96551056],[-117.06675859,50.96562236],[-117.06696158,50.9656982],[-117.06720645,50.96576621],[-117.06749154,50.96588584],[-117.06775751,50.96606138],[-117.06785751,50.96614256],[-117.06815667,50.96637613],[-117.0683801,50.96659759],[-117.06855299,50.96671936],[-117.06871282,50.96681621],[-117.06888861,50.96687923],[-117.06906912,50.96696005],[-117.06939718,50.9671306],[-117.06971225,50.96721143],[-117.06996363,50.9673161],[-117.07015222,50.967445],[-117.07029481,50.9676337],[-117.07041384,50.9677747],[-117.07052782,50.96789149],[-117.0706276,50.9679894],[-117.07071812,50.96809194],[-117.07086578,50.96829881],[-117.07099426,50.96844265],[-117.07112234,50.96862246],[-117.07120359,50.96877022],[-117.07125115,50.9688952],[-117.07126564,50.96900593],[-117.07130998,50.96912806],[-117.07136544,50.9692427],[-117.0715082,50.96948553],[-117.07157996,50.96963828],[-117.07169425,50.96990817],[-117.07176543,50.97012393],[-117.07179408,50.9701777],[-117.07185636,50.97034148],[-117.07187839,50.97050455],[-117.07190416,50.97068436],[-117.07200726,50.97090404],[-117.07220879,50.97116681],[-117.07227988,50.97115755],[-117.07242727,50.97112159],[-117.07266936,50.97108349],[-117.07302226,50.97110237],[-117.07358994,50.9711248],[-117.0743005,50.9710664],[-117.07498855,50.97085598],[-117.07542815,50.97060104],[-117.07565079,50.97039418],[-117.07578988,50.97028202],[-117.07596692,50.97021117],[-117.07626589,50.97009402],[-117.0764367,50.97005771],[-117.07690678,50.97001249],[-117.0771064,50.96999433],[-117.07733407,50.96995837],[-117.07793201,50.96976895],[-117.07815969,50.96977785],[-117.07846824,50.96977465],[-117.07885766,50.96975934],[-117.07904255,50.96975934],[-117.07942705,50.96974118],[-117.07981952,50.969754],[-117.0802278,50.9698074],[-117.08065256,50.96990211],[-117.08079971,50.96993985],[-117.08099409,50.96997973],[-117.08132165,50.97000964],[-117.08189162,50.97003634],[-117.08210519,50.97002709],[-117.08246104,50.96993701],[-117.08277088,50.96986971],[-117.08304971,50.96982556],[-117.08337241,50.96981025],[-117.08354319,50.96979209],[-117.0840131,50.96969881],[-117.08447353,50.96962083],[-117.08492441,50.96955745],[-117.08536564,50.96951224],[-117.08547952,50.96951188],[-117.08589247,50.96947877],[-117.0862768,50.96941254],[-117.08643379,50.96937658],[-117.08663738,50.96934026],[-117.0869035,50.9693043],[-117.08733042,50.96926798],[-117.08776266,50.96925374],[-117.08819933,50.96921636],[-117.08845701,50.96914408],[-117.08866906,50.96906895],[-117.0888204,50.96896997],[-117.08903867,50.96884393],[-117.08920926,50.96872678],[-117.08942277,50.96853808],[-117.08959336,50.96842093],[-117.08967873,50.96837002],[-117.08984953,50.96827673],[-117.09013411,50.9683127],[-117.09051232,50.96830842],[-117.09082102,50.96828599],[-117.09105996,50.96824576],[-117.09136353,50.96825359],[-117.09163894,50.96827851],[-117.09186576,50.96833619],[-117.09210788,50.96833513],[-117.09234312,50.96829881],[-117.09259306,50.96821158],[-117.09273838,50.9681425],[-117.09283995,50.96811259],[-117.09301559,50.9681336],[-117.09322427,50.9681482],[-117.09340954,50.9681571],[-117.09350943,50.968166],[-117.09369791,50.96819591],[-117.09391769,50.96824362],[-117.0942645,50.96836325],[-117.09472064,50.96844372],[-117.09499113,50.96850639],[-117.09536148,50.96861427],[-117.09556131,50.96865878],[-117.0957509,50.96870079],[-117.09594124,50.96876239],[-117.09611677,50.96882933],[-117.09634198,50.96891193],[-117.09657953,50.96898777],[-117.09682966,50.96905649],[-117.09702562,50.9691544],[-117.09719398,50.96924698],[-117.09733314,50.96933492],[-117.09755653,50.96941254],[-117.09782885,50.96954926],[-117.09817425,50.96974189],[-117.09842613,50.96990639],[-117.09854695,50.96997831],[-117.09866871,50.97002032],[-117.09886774,50.97000822],[-117.09909614,50.96999789],[-117.09935198,50.9699897],[-117.09956617,50.97002353],[-117.09982716,50.97005237],[-117.10013575,50.97007587],[-117.10033517,50.97008477],[-117.10060604,50.97011147],[-117.10064845,50.97011147],[-117.10070555,50.97011147],[-117.10101411,50.97009616],[-117.10126064,50.97008406],[-117.10152209,50.97008975],[-117.10185912,50.9701104],[-117.10190153,50.9701104],[-117.1023149,50.97011895],[-117.10244325,50.97011895],[-117.10262814,50.9701129],[-117.1027562,50.97009865],[-117.10285603,50.97008263],[-117.10301246,50.97002851],[-117.10314062,50.96997439],[-117.10329705,50.96992027],[-117.10349646,50.96986615],[-117.10375748,50.96982414],[-117.10393441,50.96975684],[-117.10413687,50.96966178],[-117.1043879,50.96952363],[-117.10469294,50.96937551],[-117.10505064,50.96925837],[-117.10533543,50.96919214],[-117.1055172,50.96917185],[-117.10578746,50.96917185],[-117.10620046,50.96913518],[-117.10630016,50.96910812],[-117.10648842,50.9690572],[-117.1066656,50.96899988],[-117.10681728,50.96893401],[-117.10696141,50.96887277],[-117.10711148,50.96881971],[-117.10758093,50.96872358],[-117.10785938,50.96864026],[-117.10809811,50.96855196],[-117.10837341,50.96844408],[-117.10869135,50.96832373],[-117.10904678,50.96820659],[-117.10931251,50.96812541],[-117.10949586,50.96808803],[-117.10962877,50.96807414],[-117.10974138,50.96807485],[-117.10985345,50.96807984],[-117.11002917,50.96806275],[-117.11025678,50.96802857],[-117.11051293,50.96798014],[-117.11064107,50.96795023],[-117.1107549,50.96791712],[-117.11079788,50.96789896],[-117.11092111,50.9678541],[-117.11103986,50.96781778],[-117.11116321,50.96778396],[-117.11131028,50.96773375],[-117.11148698,50.96764866],[-117.11164214,50.9675835],[-117.11185055,50.96752511],[-117.11200756,50.96747526],[-117.11209273,50.9674393],[-117.11233472,50.96733996],[-117.11244855,50.96730685],[-117.11266645,50.96725985],[-117.11292743,50.96721356],[-117.11334396,50.96718615],[-117.11377235,50.96717689],[-117.11397177,50.96716763],[-117.11431334,50.96709322],[-117.11461691,50.96696717],[-117.11488213,50.96678915],[-117.11498703,50.9669597],[-117.11506323,50.96709464],[-117.11520166,50.96725629],[-117.1153778,50.96743289],[-117.1155965,50.96761875],[-117.11576752,50.96775049],[-117.11593403,50.96786407],[-117.11616728,50.96804672],[-117.11638564,50.96817526],[-117.11660902,50.9682892],[-117.1168517,50.96840563],[-117.1170987,50.96856727],[-117.11725555,50.96867231],[-117.11734135,50.96873818],[-117.11745225,50.9688279],[-117.11757006,50.96892261],[-117.11769365,50.96902231],[-117.11783598,50.96910634],[-117.11765208,50.96946595],[-117.11739627,50.96984301],[-117.11711279,50.97026493],[-117.11698578,50.97067759],[-117.11689175,50.97116254],[-117.11705424,50.97164606],[-117.11728856,50.97218227],[-117.11772306,50.97263553],[-117.11822123,50.97297769],[-117.11871375,50.97323085],[-117.11918283,50.97342739],[-117.11961355,50.97362464],[-117.12020797,50.97390877],[-117.1205437,50.97414234],[-117.12081198,50.97439086],[-117.12131947,50.9747811],[-117.12206106,50.97513074],[-117.1229277,50.97547077],[-117.12380221,50.97582041],[-117.12436786,50.9761106],[-117.12469315,50.97627723],[-117.12504306,50.97642179],[-117.12548981,50.97653501],[-117.12587961,50.97667565],[-117.12613612,50.97678318],[-117.12631371,50.97684193],[-117.12649726,50.97689071],[-117.12675881,50.97694732],[-117.12691195,50.97699503],[-117.12709619,50.97706695],[-117.12740011,50.9772343],[-117.12783193,50.97716202],[-117.12830678,50.9771346],[-117.12869787,50.97713496],[-117.12896225,50.97711894],[-117.12917092,50.97707657],[-117.12941272,50.97702245],[-117.12962665,50.97698933],[-117.12980688,50.97696192],[-117.13004874,50.97695266],[-117.1304192,50.97696121],[-117.1310321,50.97697865],[-117.13133091,50.97696014],[-117.1316727,50.97697794],[-117.13234377,50.97701711],[-117.13278549,50.97702565],[-117.1330356,50.97697438],[-117.13318229,50.97688928],[-117.13336239,50.97678425],[-117.13348416,50.97672514],[-117.13359473,50.97667886],[-117.13372286,50.9766429],[-117.13386553,50.97661584],[-117.1342495,50.9765432],[-117.13439233,50.97650724],[-117.13477646,50.9764257],[-117.13517522,50.97631746],[-117.13547849,50.97626014],[-117.13579216,50.97623272],[-117.13611489,50.97623557],[-117.1364569,50.97623486],[-117.13685557,50.97619854],[-117.13731141,50.97620709],[-117.13775319,50.97624234],[-117.13870584,50.97572891],[-117.13938426,50.97553023],[-117.13996721,50.97527779],[-117.1402754,50.97508232],[-117.14061327,50.97492708],[-117.14096271,50.97479392],[-117.1413234,50.97468247],[-117.14174178,50.97444214],[-117.14211509,50.97419895],[-117.14243225,50.97397072],[-117.14314298,50.97356518],[-117.14351334,50.97352281],[-117.14376989,50.97350145],[-117.14401157,50.97350109],[-117.14405454,50.97350109],[-117.14441084,50.97350963],[-117.14464269,50.97337469],[-117.14482259,50.9732604],[-117.14503641,50.97315821],[-117.14531131,50.97305602],[-117.14552011,50.97298659],[-117.14586156,50.97290541],[-117.14627401,50.97275196],[-117.14638782,50.9727249],[-117.14650982,50.97268965],[-117.14665374,50.97265547],[-117.14691456,50.9726163],[-117.1470615,50.97254723],[-117.14722733,50.9724899],[-117.14753558,50.97238771],[-117.14772572,50.97233644],[-117.14818161,50.97240801],[-117.14835237,50.9723838],[-117.14857514,50.97235959],[-117.14884605,50.97235603],[-117.14911204,50.97237383],[-117.14944434,50.9724632],[-117.1498911,50.97258853],[-117.1503188,50.97271101],[-117.15080295,50.9727281],[-117.15121692,50.97287159],[-117.15153042,50.97300618],[-117.15157339,50.97300618],[-117.15205763,50.97297556],[-117.15250835,50.97295384],[-117.15292588,50.97294138],[-117.15331102,50.97306671],[-117.15359616,50.97313827],[-117.15400965,50.97320984],[-117.15409511,50.97321838],[-117.15423744,50.97324544],[-117.15438494,50.97328105],[-117.15460804,50.97334371],[-117.15488867,50.97342133],[-117.15520661,50.97348685],[-117.15545855,50.97353135],[-117.15579078,50.97357586],[-117.15608086,50.97366238],[-117.15634736,50.97376421],[-117.15683206,50.97400633],[-117.15725944,50.97400562],[-117.15748731,50.9739693],[-117.15792888,50.97393476],[-117.15835119,50.97396431],[-117.15875503,50.9740576],[-117.15903445,50.97423313],[-117.1593385,50.97436665],[-117.15966831,50.97445816],[-117.16008125,50.97450551],[-117.16023846,50.97458598],[-117.16063813,50.97481029],[-117.16107038,50.97494061],[-117.16156472,50.97503995],[-117.16243366,50.97505063],[-117.16348999,50.97570577],[-117.16306446,50.97619178],[-117.16245363,50.9767052],[-117.1631869,50.97735464],[-117.16373963,50.97792646],[-117.16393966,50.97812407],[-117.16419706,50.97834554],[-117.16446871,50.97861792],[-117.16461195,50.97879772],[-117.16466901,50.97885149],[-117.16472591,50.97891415],[-117.16484012,50.97900423],[-117.1650647,50.97930367],[-117.16522685,50.97948918],[-117.16556962,50.97977651],[-117.16580798,50.97997697],[-117.16613156,50.98017422],[-117.16654014,50.98036863],[-117.16681143,50.98052992],[-117.16709768,50.9808112],[-117.16736925,50.98112275],[-117.1676415,50.9814731],[-117.16769883,50.98156283],[-117.16779953,50.98184162],[-117.16788631,50.98221013],[-117.16794903,50.9826025],[-117.16797421,50.98300128],[-117.16784784,50.98342427],[-117.16783443,50.98365784],[-117.16812006,50.98390031],[-117.16786495,50.98425458],[-117.16769547,50.98460245],[-117.16757242,50.98481252],[-117.167426,50.98500728],[-117.1673417,50.98525936],[-117.16718569,50.98557447],[-117.1671435,50.98566419],[-117.16708775,50.98595224],[-117.16705489,50.98618011],[-117.16690255,50.98649308],[-117.16664951,50.98694207],[-117.16590893,50.98707487],[-117.16511127,50.98715997],[-117.16429633,50.98726287],[-117.16372587,50.9874028],[-117.16339866,50.98757904],[-117.1630621,50.98784929],[-117.16259343,50.98823347],[-117.16148244,50.98836093],[-117.16134641,50.98883164],[-117.1612195,50.98917665],[-117.16117408,50.98935966],[-117.16117474,50.98950849],[-117.16119407,50.98962528],[-117.16115969,50.98974633],[-117.16143191,50.99012375],[-117.161475,50.99024053],[-117.16150404,50.99047411],[-117.16161938,50.99075396],[-117.16182417,50.99101032],[-117.16213402,50.99132151],[-117.16231978,50.99154119],[-117.16245702,50.99172171],[-117.16254413,50.99186378],[-117.16272082,50.99200121],[-117.16303482,50.9921536],[-117.16327716,50.99231525],[-117.16354858,50.99247654],[-117.1638199,50.99268305],[-117.16413307,50.9929095],[-117.16443011,50.9931858],[-117.16483504,50.99364689],[-117.1651222,50.99414714],[-117.16463775,50.99416566],[-117.16447685,50.99438783],[-117.16425907,50.99462176],[-117.1639511,50.99485604],[-117.1636433,50.99509353],[-117.16343004,50.99520355],[-117.16327352,50.99527084],[-117.16317851,50.995289],[-117.16298377,50.99531606],[-117.16274678,50.99534633],[-117.16202028,50.9955094],[-117.16184125,50.99548554],[-117.16163735,50.9954859],[-117.1614077,50.99551011],[-117.16075289,50.99568208],[-117.16071635,50.99614353],[-117.16059727,50.9964654],[-117.16045741,50.99675238],[-117.16037241,50.99692933],[-117.16033467,50.99710238],[-117.16031668,50.99726509],[-117.16037399,50.99749012],[-117.1594346,50.99782409],[-117.15912091,50.99817196],[-117.15882098,50.99838523],[-117.15852659,50.99848778],[-117.15822593,50.998554],[-117.15785615,50.9986715],[-117.15748125,50.99884276],[-117.15715883,50.99904108],[-117.15704992,50.99915502],[-117.15693666,50.99927821],[-117.15681816,50.99941031],[-117.15639179,50.99974357],[-117.15624939,50.99982475],[-117.15616408,50.99986961],[-117.15607427,50.99992658],[-117.15599342,50.99996895],[-117.15589356,51.00000491],[-117.15577974,51.00005619],[-117.15564733,51.000116],[-117.15549563,51.00018543],[-117.15508265,51.0003656],[-117.15468923,51.00054006],[-117.15433792,51.00072022],[-117.15402995,51.00090679],[-117.15356053,51.00114393],[-117.15332506,51.0013451],[-117.15314859,51.00153736],[-117.15322041,51.00180689],[-117.15322124,51.00205862],[-117.15235276,51.00227261],[-117.15144598,51.00241788],[-117.15048216,51.00260196],[-117.14949979,51.00291493],[-117.14850258,51.00318304],[-117.14762597,51.00341376],[-117.1468618,51.00363344],[-117.14631006,51.00389692],[-117.14584181,51.00407068],[-117.14552568,51.00425582],[-117.14526202,51.00439789],[-117.14523417,51.00458695],[-117.14509229,51.00480592],[-117.14496483,51.0050548],[-117.14487993,51.00527057],[-117.1448802,51.00537846],[-117.14486689,51.00571421],[-117.14480129,51.00594636],[-117.14473846,51.00616213],[-117.14467874,51.00636187],[-117.14466999,51.00656589],[-117.14458513,51.00679982],[-117.1444008,51.00700668],[-117.14425883,51.007205],[-117.14413081,51.00737591],[-117.14391796,51.00758313],[-117.14388046,51.00776792],[-117.14381918,51.0079666],[-117.14370561,51.00818557],[-117.14361453,51.00845154],[-117.14356039,51.00872855],[-117.14349758,51.00894432],[-117.1434092,51.00913944],[-117.14303888,51.00921172],[-117.14284439,51.00935877],[-117.14266474,51.00948481],[-117.14249858,51.0095902],[-117.14248469,51.00967992],[-117.14237111,51.00988679],[-117.14232882,51.01002173],[-117.14226267,51.01020795],[-117.14218244,51.01039061],[-117.14211643,51.01056187],[-117.14204555,51.01071461],[-117.14190428,51.0109578],[-117.14175732,51.01117072],[-117.14159181,51.01136263],[-117.14141456,51.01151359],[-117.1412345,51.01163074],[-117.14085657,51.01174325],[-117.14043079,51.01187962],[-117.14010789,51.01206904],[-117.14008339,51.0122816],[-117.14001253,51.0124525],[-117.13991311,51.01260561],[-117.13984256,51.01275871],[-117.13970039,51.01292961],[-117.13957281,51.01305566],[-117.13927037,51.01323974],[-117.13885167,51.01346405],[-117.13836762,51.01378236],[-117.13806168,51.0142673],[-117.13776895,51.01487936],[-117.13738157,51.01557829],[-117.13677346,51.01625123],[-117.13616211,51.01673759],[-117.13577851,51.01715774],[-117.13562267,51.01751165],[-117.13559485,51.0178264],[-117.13551028,51.01815005],[-117.13544954,51.01844415],[-117.13544096,51.01875285],[-117.13558432,51.01906724],[-117.13566124,51.01938805],[-117.13563215,51.01968571],[-117.1355298,51.01995773],[-117.1354027,51.02025468],[-117.13527501,51.0204797],[-117.13522824,51.0207325],[-117.13523368,51.02099028],[-117.13529158,51.02125269],[-117.1354063,51.02152258],[-117.13554318,51.02172126],[-117.1356594,51.02192991],[-117.13573574,51.02216063],[-117.13576512,51.02240346],[-117.1358467,51.02261922],[-117.13599898,51.02280473],[-117.13618045,51.02297848],[-117.1363711,51.02312517],[-117.13653461,51.02332385],[-117.13669528,51.02356241],[-117.13690987,51.02381378],[-117.13708177,51.02406551],[-117.1372825,51.02435284],[-117.13744421,51.02454475],[-117.13768272,51.02477512],[-117.13803964,51.02491861],[-117.13846793,51.02513402],[-117.13883491,51.02534623],[-117.13916326,51.02551963],[-117.13950622,51.02572008],[-117.13991077,51.02594155],[-117.14006776,51.02605833],[-117.14043943,51.02625559],[-117.14080585,51.02640192],[-117.14107207,51.02650055],[-117.14138117,51.02660808],[-117.14163341,51.02670386],[-117.14192394,51.02678432],[-117.14219793,51.02683203],[-117.14246579,51.02684663],[-117.14305187,51.02677613],[-117.14370576,51.0266711],[-117.14468921,51.02649307],[-117.14565688,51.02639907],[-117.14662792,51.02634673],[-117.14720313,51.02630935],[-117.14766521,51.02623885],[-117.14800085,51.02609928],[-117.14826988,51.02592731],[-117.14853205,51.02573895],[-117.14882503,51.02566561],[-117.14910717,51.02565136],[-117.14936373,51.02567807],[-117.14960614,51.02570477],[-117.14990743,51.02577919],[-117.15021151,51.02579379],[-117.15049656,51.02573432],[-117.1507607,51.02563143],[-117.15101743,51.02553209],[-117.15134476,51.02544165],[-117.1522113,51.0252857],[-117.15287106,51.02507705],[-117.15330146,51.02488158],[-117.1536099,51.02472812],[-117.15394055,51.02464908],[-117.15426069,51.02458962],[-117.15455026,51.02455009],[-117.15481131,51.02449704],[-117.15506296,51.02442975],[-117.15533383,51.02433041],[-117.15567561,51.02427593],[-117.15614627,51.0242122],[-117.15655001,51.02412176],[-117.15692966,51.02399536],[-117.15716235,51.02389033],[-117.15737551,51.02380915],[-117.15757028,51.02375183],[-117.15797002,51.02381413],[-117.15826945,51.02384974],[-117.15865463,51.02390315],[-117.15898717,51.02396261],[-117.15945825,51.02402492],[-117.16006672,51.02409007],[-117.1603899,51.02411357],[-117.16064188,51.02409435],[-117.16087758,51.02404023],[-117.16109777,51.02395086],[-117.1613446,51.02387359],[-117.16164692,51.02386398],[-117.16205125,51.02396439],[-117.16254825,51.02415879],[-117.16327046,51.02420579],[-117.16394574,51.02420152],[-117.16423124,51.02430015],[-117.16444495,51.02437171],[-117.16470679,51.02444933],[-117.1649303,51.0245241],[-117.16511628,51.02459567],[-117.16531574,51.02454155],[-117.16559072,51.02448707],[-117.16590901,51.02441479],[-117.16625583,51.02434216],[-117.16658333,51.02426098],[-117.16698278,51.02418229],[-117.16739589,51.02413387],[-117.16770968,51.02411535],[-117.16802295,51.024115],[-117.16832276,51.02414135],[-117.16867905,51.02414099],[-117.1691457,51.02428128],[-117.16947364,51.02440945],[-117.16966406,51.02450808],[-117.16987838,51.02459175],[-117.17009567,51.02465264],[-117.17032589,51.02470498],[-117.17059194,51.02474058],[-117.17099929,51.02471922],[-117.17143335,51.02471245],[-117.17136378,51.02486342],[-117.17133613,51.02504038],[-117.17139584,51.02527609],[-117.17152183,51.02555772],[-117.17159408,51.02574643],[-117.17169435,51.02595294],[-117.1718665,51.02625843],[-117.1720673,51.02659989],[-117.17223952,51.02682456],[-117.17139409,51.02705065],[-117.17077756,51.02737715],[-117.17029399,51.02775065],[-117.17004553,51.02819073],[-117.1698935,51.02868956],[-117.16985291,51.02926494],[-117.16981243,51.02987664],[-117.16975752,51.03050614],[-117.16959973,51.03114062],[-117.16933892,51.03171778],[-117.16897937,51.03224581],[-117.16879416,51.03276173],[-117.16865482,51.03321427],[-117.16850875,51.03356249],[-117.16824816,51.03382063],[-117.16798834,51.03413752],[-117.16778974,51.0344925],[-117.16791897,51.03479799],[-117.16794077,51.03506503],[-117.1678545,51.03529291],[-117.16772902,51.03572159],[-117.16767998,51.03612251],[-117.16775257,51.03650882],[-117.16794687,51.0367545],[-117.16822162,51.03698273],[-117.16855075,51.03719529],[-117.16880644,51.03744061],[-117.16901365,51.03770124],[-117.16915722,51.03799784],[-117.16928676,51.03822215],[-117.1694253,51.0385369],[-117.16957384,51.03884239],[-117.16973216,51.03913898],[-117.1698759,51.03946228],[-117.17000043,51.03976207],[-117.17007788,51.04003766],[-117.17014993,51.04036238],[-117.17017996,51.04072377],[-117.17008173,51.04119768],[-117.17006923,51.04166517],[-117.17008441,51.04190515],[-117.17012815,51.04215083],[-117.17017213,51.04244742],[-117.1701591,51.04275327],[-117.1701317,51.04309508],[-117.17010399,51.04335571],[-117.17011977,51.04368862],[-117.17013542,51.04411125],[-117.1707063,51.04419635],[-117.17138146,51.04418923],[-117.17216065,51.04409025],[-117.17299288,51.04413582],[-117.17372245,51.04415469],[-117.17434988,51.04420169],[-117.1751014,51.04414081],[-117.17596915,51.04402758],[-117.17695279,51.04389727],[-117.17783221,51.0437609],[-117.17862124,51.04372066],[-117.17903573,51.04386415],[-117.17936401,51.04401654],[-117.17969301,51.04419564],[-117.18005054,51.04438399],[-117.18036466,51.04445556],[-117.18076445,51.04455383],[-117.18109281,51.04467916],[-117.18145989,51.0448433],[-117.18180753,51.0450199],[-117.1820933,51.04515413],[-117.18239187,51.04531044],[-117.18266034,51.04547992],[-117.18285161,51.04568358],[-117.1830773,51.04590398],[-117.183428,51.04606634],[-117.18417529,51.04621196],[-117.18481485,51.04639604],[-117.18524551,51.04662],[-117.18546682,51.04688455],[-117.18559573,51.04710922],[-117.18576827,51.04736344],[-117.18601214,51.04765682],[-117.18625557,51.04793526],[-117.18642768,51.04810581],[-117.18664213,51.04833048],[-117.1870757,51.04843871],[-117.1875181,51.04851776],[-117.18793516,51.04859395],[-117.18828126,51.04870433],[-117.18853389,51.0488617],[-117.18877065,51.04905825],[-117.1889431,51.04929787],[-117.1890584,51.0495496],[-117.18916381,51.04977391],[-117.18940751,51.05013637],[-117.18983557,51.05046536],[-117.19051018,51.05071496],[-117.19134621,51.05090366],[-117.1923035,51.05113581],[-117.19316994,51.05136831],[-117.1936651,51.05156735],[-117.19401926,51.0517646],[-117.19428666,51.05198464],[-117.19454756,51.05223815],[-117.19477706,51.05246246],[-117.19500613,51.05267787],[-117.19519236,51.05290254],[-117.19543612,51.05314501],[-117.19560863,51.05337858],[-117.19576149,51.05357014],[-117.19590008,51.05377665],[-117.19607247,51.05401912],[-117.19625916,51.05426053],[-117.19646447,51.0544681],[-117.19672626,51.05461765],[-117.1971181,51.05496159],[-117.19756393,51.05541236],[-117.19810611,51.05588306],[-117.19884457,51.05617146],[-117.19969995,51.05628718],[-117.20067516,51.0563032],[-117.20163096,51.05634557],[-117.20254523,51.05655101],[-117.20329964,51.05685152],[-117.20392872,51.05715488],[-117.2043629,51.05745396],[-117.20481382,51.0576359],[-117.20527289,51.05783494],[-117.20583016,51.05800406],[-117.2063772,51.05830386],[-117.20683807,51.05861683],[-117.2072337,51.05886464],[-117.20757545,51.05901418],[-117.20756349,51.05949058],[-117.20751779,51.05988651],[-117.20739592,51.06030024],[-117.20711288,51.06047756],[-117.20695394,51.0607567],[-117.20682551,51.06115441],[-117.2066453,51.06163259],[-117.20640422,51.06191174],[-117.20623316,51.06204668],[-117.20665254,51.06216489],[-117.20706241,51.06231514],[-117.20762013,51.06259607],[-117.20812037,51.06279902],[-117.20846721,51.0630009],[-117.20878821,51.06316326],[-117.2091597,51.06331245],[-117.20954771,51.06356168],[-117.20991252,51.06386575],[-117.21025334,51.06422501],[-117.21039733,51.06447923],[-117.210469,51.06464693],[-117.21084918,51.06454759],[-117.21121036,51.06445395],[-117.2115523,51.06436636],[-117.21200955,51.06441336],[-117.21249967,51.06449952],[-117.21297763,51.06459744],[-117.21340893,51.06466865],[-117.21379462,51.064695],[-117.21421812,51.06472419],[-117.21464168,51.06473238],[-117.21507915,51.06470176],[-117.21564934,51.06461951],[-117.21616314,51.06459174],[-117.21666734,51.06453691],[-117.21719981,51.06446997],[-117.21772719,51.06444398],[-117.21824615,51.06444398]]]},"geometry_name":"SHAPE","properties":{"id":286,"slug":"kootenay-central","name":"Kootenay Central","abbreviation":"KOC","gazetteDate":"2023-12-07Z","boundarySet":11},"bbox":[-117.93567624,48.99880595,-116.02693269,51.06473238]}
