{"type":"Feature","id":321,"geometry":{"type":"Polygon","coordinates":[[[-118.99736502,51.69171813],[-118.99765823,51.69157535],[-118.99807485,51.69128944],[-118.99882597,51.69093873],[-118.99974731,51.6906165],[-119.0008393,51.69032205],[-119.00195217,51.6899724],[-119.00307025,51.68973136],[-119.00419274,51.68959926],[-119.00448602,51.6890659],[-119.00484227,51.68858095],[-119.0044617,51.6883748],[-119.00412306,51.6882427],[-119.00379546,51.68813731],[-119.00343851,51.68802337],[-119.00304782,51.68791015],[-119.00262612,51.68775847],[-119.002205,51.68760679],[-119.0017833,51.68745511],[-119.00141066,51.68720979],[-119.00104866,51.68698512],[-119.00071016,51.68674515],[-119.0004457,51.68654469],[-119.00024881,51.68634744],[-119.00011993,51.68615268],[-119.00008133,51.68603945],[-118.99999146,51.68585822],[-119.00052383,51.68553813],[-119.00082536,51.68515644],[-119.00082117,51.68470781],[-119.00056693,51.6842567],[-119.00035904,51.68374149],[-119.00027692,51.68314652],[-118.999233,51.68244475],[-118.99821778,51.68172481],[-118.99765783,51.68106184],[-118.99733903,51.68038071],[-118.99726001,51.67968178],[-118.99730459,51.67906047],[-118.99722333,51.67844414],[-118.99701781,51.67790508],[-118.99662396,51.67743616],[-118.99621842,51.67694552],[-118.99580062,51.67643316],[-118.99575699,51.67576841],[-118.99582831,51.67512751],[-118.9960122,51.67444817],[-118.99630809,51.67372075],[-118.99660377,51.67298408],[-118.99660045,51.67248062],[-118.99669114,51.67212243],[-118.99687468,51.67190951],[-118.99714184,51.67166526],[-118.9972851,51.67148901],[-118.99729677,51.67131775],[-118.9973007,51.67107493],[-118.9972753,51.67082355],[-118.99696438,51.67055616],[-118.99655044,51.67023927],[-118.99604078,51.66994232],[-118.99561894,51.6696646],[-118.99542141,51.66945631],[-118.99527159,51.66922488],[-118.99516906,51.66897101],[-118.99503542,51.66871252],[-118.99486656,51.66845438],[-118.99448123,51.66820016],[-118.99396202,51.66794807],[-118.99322247,51.66757102],[-118.99265569,51.66721995],[-118.99235021,51.66702234],[-118.99205042,51.66678449],[-118.99173064,51.66652921],[-118.99149184,51.66625754],[-118.99133461,51.66596949],[-118.99105726,51.66571527],[-118.99081617,51.66546283],[-118.99066519,51.66520754],[-118.9895807,51.66484401],[-118.98850451,51.66441675],[-118.98734126,51.66404966],[-118.98633335,51.66363308],[-118.98556627,51.66313638],[-118.98515891,51.66252682],[-118.98497865,51.66182362],[-118.98482853,51.66129168],[-118.98444907,51.6608783],[-118.98384005,51.66058384],[-118.98310084,51.66032855],[-118.98235895,51.66011421],[-118.98153632,51.66000027],[-118.98059278,51.65995506],[-118.97963185,51.65990343],[-118.97886861,51.65968837],[-118.97836965,51.65930027],[-118.97798074,51.65884916],[-118.97757308,51.65845145],[-118.97708122,51.65811676],[-118.97630251,51.65798324],[-118.97545681,51.65777851],[-118.9743415,51.65729072],[-118.97468156,51.65679936],[-118.9750264,51.65630196],[-118.97512189,51.65583375],[-118.97487305,51.65546808],[-118.97427968,51.65520532],[-118.97467268,51.65489591],[-118.97485176,51.65461213],[-118.97481634,51.654354],[-118.97466556,51.65409301],[-118.97440692,51.65380034],[-118.9742421,51.65366824],[-118.97416167,51.65345176],[-118.97405556,51.65326092],[-118.97387021,51.65309891],[-118.97379307,51.65298141],[-118.97379059,51.65282262],[-118.97386392,51.65262251],[-118.97401512,51.65236616],[-118.97405441,51.65215965],[-118.97398179,51.65200298],[-118.97375774,51.65183279],[-118.97349655,51.65158854],[-118.97330218,51.65133716],[-118.97325485,51.65123889],[-118.97321928,51.6510865],[-118.97312162,51.65083655],[-118.97301421,51.65058661],[-118.97294051,51.65033595],[-118.97293101,51.65011128],[-118.97294317,51.65006606],[-118.97300504,51.64981326],[-118.97304958,51.6495156],[-118.97308034,51.64922755],[-118.9730771,51.64914673],[-118.97305411,51.64895802],[-118.97304425,51.64883554],[-118.97305654,51.64867033],[-118.9730331,51.6485418],[-118.97301994,51.64839225],[-118.97301889,51.64825411],[-118.97301904,51.64814943],[-118.97295927,51.64787171],[-118.97292651,51.6476773],[-118.97292167,51.64756657],[-118.97307811,51.64729098],[-118.9732736,51.6470211],[-118.97349593,51.64680474],[-118.9735652,51.64673732],[-118.973747,51.64659953],[-118.97395872,51.64647883],[-118.97403953,51.64642151],[-118.97411805,51.64633926],[-118.97419371,51.64623209],[-118.97430233,51.64607756],[-118.97442688,51.64594048],[-118.97457795,51.64575818],[-118.97480344,51.64563748],[-118.97504748,51.64559119],[-118.97537825,51.64554669],[-118.97565303,51.64556021],[-118.9759436,51.64555025],[-118.97627791,51.64552568],[-118.97667047,51.64542207],[-118.97710144,51.64528784],[-118.97757083,51.64512298],[-118.97831609,51.64497558],[-118.97875497,51.64472848],[-118.97931046,51.64457217],[-118.97954175,51.64456825],[-118.97983118,51.64450844],[-118.98017186,51.64436495],[-118.98053093,51.644162],[-118.9808277,51.64389923],[-118.98116803,51.64370554],[-118.98153722,51.64355564],[-118.98193568,51.64344883],[-118.98233883,51.64338402],[-118.98275988,51.64334201],[-118.98318319,51.64333168],[-118.98358492,51.64329608],[-118.98397827,51.64322558],[-118.98435525,51.64313835],[-118.98465568,51.64303331],[-118.98494732,51.64290941],[-118.98517894,51.64280045],[-118.9854339,51.64268224],[-118.98574109,51.64255727],[-118.98600146,51.642109],[-118.98618091,51.64187828],[-118.98635665,51.64163937],[-118.98652906,51.64139262],[-118.98664757,51.64113911],[-118.9867513,51.64085854],[-118.98692722,51.64058581],[-118.987224,51.64032874],[-118.98751741,51.64005814],[-118.98777699,51.639753],[-118.98801046,51.63935636],[-118.98815833,51.63900209],[-118.98820915,51.63872365],[-118.98804494,51.63838469],[-118.98784255,51.63784029],[-118.98771939,51.63722681],[-118.98738115,51.63687005],[-118.98691531,51.63645525],[-118.98658341,51.63599309],[-118.98635948,51.63553841],[-118.9862854,51.63530769],[-118.98618256,51.63513073],[-118.98596362,51.6348555],[-118.98571098,51.63458098],[-118.98538081,51.63430184],[-118.98515219,51.634038],[-118.98496748,51.63377844],[-118.98485483,51.63351639],[-118.98483787,51.63345372],[-118.98482567,51.63317529],[-118.98482204,51.63308557],[-118.98473691,51.63279004],[-118.98471656,51.63265545],[-118.98471337,51.63259279],[-118.98467607,51.63239554],[-118.98465513,51.63224279],[-118.98465234,51.63218903],[-118.98463539,51.63212636],[-118.98459191,51.63201029],[-118.98452853,51.63188531],[-118.9844456,51.63175179],[-118.98416132,51.631196],[-118.98392763,51.63062952],[-118.98363368,51.63013781],[-118.98339337,51.62990317],[-118.98328646,51.6297312],[-118.98331237,51.62962189],[-118.98283324,51.62924305],[-118.9820619,51.62877947],[-118.98156901,51.62841024],[-118.98119891,51.62832337],[-118.98079091,51.62824041],[-118.98047081,51.62818878],[-118.98006301,51.62811792],[-118.97976295,51.62801182],[-118.97943103,51.62787367],[-118.9791793,51.6277252],[-118.97883034,51.62760307],[-118.97839905,51.62750729],[-118.97762711,51.62747845],[-118.97660282,51.6275137],[-118.97554508,51.62745068],[-118.97547279,51.62722103],[-118.97547206,51.62702128],[-118.97549104,51.62686711],[-118.97551344,51.62672255],[-118.97551124,51.62666879],[-118.97541312,51.62629565],[-118.97535662,51.62599087],[-118.97537782,51.62581961],[-118.97542847,51.62564514],[-118.97546062,51.62550058],[-118.97555466,51.62526808],[-118.97566747,51.62504733],[-118.97582319,51.62486503],[-118.97600644,51.62465211],[-118.97617804,51.6244634],[-118.97636326,51.62433522],[-118.97656416,51.62429285],[-118.9767665,51.62430069],[-118.97652298,51.62408883],[-118.97631965,51.62388553],[-118.9762368,51.62375201],[-118.97612432,51.62348996],[-118.97595607,51.62327597],[-118.9756845,51.62311859],[-118.97530546,51.62303528],[-118.97490725,51.62296193],[-118.97453837,51.62289036],[-118.97417312,51.62279743],[-118.97389098,51.62273904],[-118.97364863,51.62269845],[-118.97339663,51.62266249],[-118.97315311,51.62260089],[-118.97292584,51.62250262],[-118.97271016,51.62238121],[-118.97245753,51.62222383],[-118.97222216,51.62190089],[-118.9719906,51.621563],[-118.97171987,51.62123401],[-118.97140467,51.62092851],[-118.97115529,51.62054291],[-118.97095122,51.62012668],[-118.97030333,51.62018864],[-118.96975844,51.62028157],[-118.9693753,51.62007221],[-118.96904069,51.61979627],[-118.96875505,51.61945303],[-118.96859013,51.61924225],[-118.96849142,51.61907597],[-118.96841153,51.61890222],[-118.96828391,51.6187306],[-118.9679737,51.61850202],[-118.96753658,51.61823355],[-118.96700324,51.61792094],[-118.96650206,51.61746769],[-118.96605031,51.61711947],[-118.9653186,51.6168948],[-118.96459865,51.61677196],[-118.96401559,51.61667903],[-118.96375888,51.6165334],[-118.96353603,51.61635716],[-118.96331124,51.61616311],[-118.96330178,51.61605843],[-118.96325591,51.61588539],[-118.96320626,51.61575116],[-118.96309432,51.61549231],[-118.96310456,51.61543605],[-118.96311005,51.61537623],[-118.96314315,51.61528473],[-118.96317462,51.61512806],[-118.963267,51.61480584],[-118.96346817,51.6143768],[-118.9634537,51.61393351],[-118.9633268,51.6134062],[-118.96319466,51.61280162],[-118.9631789,51.61210055],[-118.96327013,51.61142477],[-118.96346779,51.61076464],[-118.96377277,51.61013016],[-118.96386377,51.60955513],[-118.96373984,51.60903067],[-118.96326659,51.60862691],[-118.96276027,51.60826872],[-118.96222243,51.60800702],[-118.96191561,51.60777309],[-118.96174226,51.60758332],[-118.96172522,51.60752955],[-118.96169629,51.60742202],[-118.96164112,51.60725219],[-118.96154422,51.60702004],[-118.96145231,51.60677864],[-118.9613644,51.60653439],[-118.96122166,51.60630509],[-118.9610188,51.60603556],[-118.96083409,51.60573291],[-118.96069406,51.60537971],[-118.9599463,51.60479258],[-118.95921577,51.60414528],[-118.95854661,51.60369665],[-118.95780349,51.60332351],[-118.95751401,51.60300164],[-118.95709007,51.60262493],[-118.95626307,51.60208124],[-118.9563055,51.60162193],[-118.95640419,51.60141934],[-118.95650365,51.60129472],[-118.95707212,51.60105438],[-118.95758081,51.60064243],[-118.9580288,51.60005851],[-118.95817881,51.59958424],[-118.95826628,51.59919793],[-118.95829214,51.59889991],[-118.95845319,51.59861827],[-118.95939041,51.5985848],[-118.96047892,51.59860866],[-118.96158293,51.59863821],[-118.96267319,51.59862575],[-118.96373605,51.59856629],[-118.96420436,51.59811553],[-118.96491658,51.59766904],[-118.96587291,51.59722646],[-118.96633273,51.59687291],[-118.96704439,51.59664218],[-118.96800902,51.5965343],[-118.96912011,51.5964517],[-118.97020315,51.59629646],[-118.97128008,51.59605968],[-118.97238169,51.59581329],[-118.97345937,51.59551029],[-118.97453281,51.59514748],[-118.9746137,51.59486655],[-118.97462122,51.59462764],[-118.97458376,51.59442932],[-118.97454712,51.59426019],[-118.97457252,51.59406793],[-118.97418151,51.59388954],[-118.97378766,51.5935755],[-118.9733912,51.59312545],[-118.97336262,51.59246925],[-118.97322364,51.59184616],[-118.97284246,51.59138792],[-118.9720943,51.59110379],[-118.97109914,51.59087983],[-118.97002726,51.59067581],[-118.96929921,51.59054443],[-118.96902869,51.59047287],[-118.96876906,51.59033828],[-118.96852148,51.59014067],[-118.96780381,51.5897839],[-118.96830042,51.58939581],[-118.96869476,51.58917043],[-118.96898683,51.58910776],[-118.96952715,51.58879479],[-118.96984462,51.58834901],[-118.96984661,51.58780924],[-118.96962448,51.58729723],[-118.96926209,51.58693584],[-118.96893878,51.58669551],[-118.96867837,51.58652887],[-118.96854825,51.58638004],[-118.96849379,51.5861892],[-118.96851405,51.58595598],[-118.96864606,51.58556433],[-118.96861999,51.58503416],[-118.96841915,51.58454602],[-118.96808335,51.5842626],[-118.96775657,51.58402048],[-118.96784653,51.58375807],[-118.96787777,51.58347893],[-118.96788054,51.58320904],[-118.96787731,51.58313712],[-118.96782291,51.5828861],[-118.96772415,51.58260019],[-118.96758352,51.5823506],[-118.96748325,51.58203763],[-118.96746532,51.5819568],[-118.96748231,51.58171576],[-118.96752651,51.58147613],[-118.96763653,51.58123473],[-118.96751539,51.58103],[-118.96744342,51.5808121],[-118.96742019,51.58058173],[-118.96742299,51.58031184],[-118.96744162,51.58006902],[-118.96748702,51.57989134],[-118.9675743,51.57968305],[-118.96770441,51.57947405],[-118.96777159,51.57934979],[-118.96782402,51.57922624],[-118.9678534,51.57857822],[-118.96786789,51.5779035],[-118.96788032,51.57753463],[-118.96790787,51.5768325],[-118.967929,51.57597797],[-118.96794391,51.57533031],[-118.96796377,51.57478128],[-118.96802,51.57433764],[-118.96812226,51.57388225],[-118.96835932,51.57354578],[-118.96861874,51.57324171],[-118.96863751,51.57267452],[-118.96895898,51.57295188],[-118.96930001,51.57331114],[-118.96946045,51.57286857],[-118.96942684,51.57253352],[-118.9691988,51.57230565],[-118.96959314,51.57208312],[-118.96981711,51.57191435],[-118.9700353,51.57180575],[-118.97029878,51.5717114],[-118.97104574,51.57145112],[-118.97161502,51.57115382],[-118.97200661,51.57081949],[-118.97151313,51.5704232],[-118.97141272,51.57033383],[-118.9713166,51.57021349],[-118.97123361,51.56996923],[-118.97110783,51.56972854],[-118.97104774,51.56955871],[-118.97113295,51.56919945],[-118.97134362,51.56884019],[-118.97165634,51.56843216],[-118.97178667,51.56804548],[-118.97179328,51.56774462],[-118.97180776,51.5674936],[-118.97193838,51.56724757],[-118.97206604,51.56704747],[-118.9721254,51.56690576],[-118.97247539,51.56665403],[-118.97274805,51.56639945],[-118.97298749,51.56614488],[-118.97327994,51.56590597],[-118.97344654,51.56575927],[-118.97378444,51.56548475],[-118.97406779,51.56521238],[-118.97418951,51.56495353],[-118.97429624,51.5647139],[-118.97438741,51.56449351],[-118.97461109,51.5642108],[-118.97491704,51.56401711],[-118.97521642,51.56386009],[-118.97543618,51.56375648],[-118.97557677,51.56363115],[-118.9757898,51.56341289],[-118.97605874,51.56325124],[-118.97631375,51.56310419],[-118.97653201,51.56288771],[-118.97665715,51.56259361],[-118.97679095,51.56235755],[-118.97704509,51.56211472],[-118.97728491,51.56187759],[-118.97746038,51.56164081],[-118.97751404,51.56139229],[-118.97763389,51.56115943],[-118.97781644,51.56071259],[-118.97782658,51.56028105],[-118.97778505,51.55973914],[-118.97768802,51.55930297],[-118.97760437,51.55904377],[-118.97766536,51.55882978],[-118.97787136,51.55866137],[-118.97781233,51.55836976],[-118.97778825,51.55807816],[-118.97779997,51.55800623],[-118.97786473,51.55784316],[-118.977879,51.55772602],[-118.97786823,51.55759143],[-118.97787512,51.55741127],[-118.97787901,51.55716844],[-118.9778978,51.55693416],[-118.97789454,51.55675756],[-118.97791004,51.55655639],[-118.97794354,51.55633101],[-118.9784425,51.55589805],[-118.9790625,51.55552668],[-118.97968534,51.55521158],[-118.98018777,51.55486336],[-118.98031609,51.55459739],[-118.98056677,51.55428121],[-118.98093905,51.55389134],[-118.98119126,51.55349256],[-118.98144806,51.55305853],[-118.98170943,51.55258925],[-118.98209505,51.55205517],[-118.98247994,51.55150614],[-118.98285234,51.55100838],[-118.98334452,51.55052949],[-118.98394596,51.55013463],[-118.98465723,51.54982379],[-118.98479668,51.5492039],[-118.98517878,51.54859185],[-118.98580295,51.54798763],[-118.98582925,51.54725879],[-118.98585629,51.54656591],[-118.98587479,51.54599018],[-118.98589069,51.54536922],[-118.98482101,51.54508759],[-118.98375823,51.54478209],[-118.98268222,51.54454532],[-118.98159791,51.54437762],[-118.98063796,51.54408209],[-118.97992022,51.54364272],[-118.97957174,51.54303103],[-118.97947253,51.54237518],[-118.979365,51.54178271],[-118.97913761,51.54130773],[-118.97878812,51.54089685],[-118.97855927,51.54038627],[-118.97845386,51.5398294],[-118.97846926,51.53919065],[-118.97836544,51.5387997],[-118.97813507,51.53846786],[-118.97765765,51.53806232],[-118.97705416,51.53755708],[-118.97632425,51.53695179],[-118.97525513,51.53624146],[-118.97467191,51.53564365],[-118.97432684,51.53500205],[-118.97422014,51.53431629],[-118.97423846,51.53374055],[-118.97389524,51.53335958],[-118.9735504,51.53293659],[-118.9731232,51.53244025],[-118.97270225,51.53189264],[-118.97228734,51.53129412],[-118.97146994,51.5306226],[-118.97051277,51.52993613],[-118.96980466,51.52923151],[-118.96911617,51.52864366],[-118.96831346,51.52819148],[-118.96737672,51.52775852],[-118.9664021,51.52755307],[-118.96555479,51.52730348],[-118.96493902,51.52702006],[-118.96432378,51.52675765],[-118.96383814,51.52645394],[-118.96322837,51.52628517],[-118.96274204,51.52607866],[-118.96212645,51.52595191],[-118.9615311,51.52574112],[-118.96072243,51.52559194],[-118.95982356,51.52544809],[-118.95926431,51.52505857],[-118.9587644,51.52461137],[-118.9596984,51.52438884],[-118.96040188,51.5241072],[-118.96079673,51.52378497],[-118.96100223,51.52346168],[-118.96115542,51.52321956],[-118.96130369,51.52297709],[-118.96146444,51.52269581],[-118.96153908,51.5224245],[-118.96155766,51.52218167],[-118.96160508,51.52194703],[-118.96172415,51.52169316],[-118.96168303,51.52148203],[-118.96142121,51.52121071],[-118.96093949,51.52087887],[-118.96095412,51.52021306],[-118.96098039,51.51948422],[-118.96100452,51.51871052],[-118.96091591,51.51817252],[-118.96060932,51.51762883],[-118.95993535,51.51711754],[-118.95900525,51.51667247],[-118.95828277,51.51637196],[-118.95755875,51.51611205],[-118.95683631,51.51585141],[-118.95575663,51.51553987],[-118.95460553,51.51525004],[-118.95339093,51.51493458],[-118.95229298,51.51528885],[-118.95119357,51.51556194],[-118.95007971,51.51585426],[-118.94896327,51.51621352],[-118.94896188,51.5155121],[-118.94895137,51.51492746],[-118.94894101,51.51435208],[-118.94795034,51.51421678],[-118.94719496,51.51396256],[-118.94679561,51.51360366],[-118.94664356,51.5131942],[-118.94663963,51.51276586],[-118.94666295,51.51230371],[-118.94614466,51.51164003],[-118.94549881,51.51101907],[-118.94587516,51.5104914],[-118.94625272,51.51000539],[-118.94663745,51.50944959],[-118.94689262,51.50878983],[-118.9470121,51.50798123],[-118.94698548,51.50735244],[-118.94709336,51.50677386],[-118.94732478,51.50630067],[-118.94779988,51.50591577],[-118.94827389,51.50553836],[-118.94874612,51.50516771],[-118.94897256,51.5046525],[-118.94907754,51.50403511],[-118.94968037,51.50375525],[-118.95014403,51.50329915],[-118.95059993,51.50276578],[-118.95117682,51.50236664],[-118.95178278,51.50234635],[-118.95228699,51.50260591],[-118.95338495,51.50222102],[-118.95448967,51.50188562],[-118.95448393,51.50140922],[-118.95445058,51.50096914],[-118.95442786,51.50065759],[-118.95441497,51.50047494],[-118.95441819,51.50021431],[-118.95443806,51.50000388],[-118.9544883,51.49983226],[-118.95464086,51.49965887],[-118.95488244,51.49942601],[-118.95532879,51.49912479],[-118.95587433,51.49876909],[-118.95658887,51.49840627],[-118.95644704,51.49794697],[-118.9561851,51.49750475],[-118.95593236,51.4971754],[-118.95592541,51.49685958],[-118.9561638,51.49655801],[-118.9565214,51.49615923],[-118.95712372,51.49610119],[-118.95736258,51.49588044],[-118.95735772,51.4955137],[-118.95711046,51.49512027],[-118.95698496,51.49473359],[-118.95674009,51.494322],[-118.95661251,51.49381071],[-118.95648071,51.49320114],[-118.95648099,51.49253568],[-118.95647065,51.4919514],[-118.95646117,51.49139418],[-118.95633248,51.49070273],[-118.95596081,51.49021137],[-118.95534634,51.48991977],[-118.95533678,51.48935329],[-118.95533067,51.48887689],[-118.95531759,51.4885714],[-118.95532165,51.48799566],[-118.95530966,51.48737542],[-118.95530394,51.48690792],[-118.95433155,51.48643437],[-118.95360282,51.485901],[-118.95311796,51.48530746],[-118.9526309,51.48487593],[-118.95189805,51.48447466],[-118.95092076,51.4841033],[-118.95127908,51.48339261],[-118.951638,51.48279943],[-118.95182709,51.48231342],[-118.951893,51.48180889],[-118.95183472,51.48121927],[-118.95184154,51.48070656],[-118.95231968,51.48033092],[-118.9529204,51.48000513],[-118.95291706,51.47924959],[-118.9540118,51.47917767],[-118.95510731,51.47897935],[-118.95620372,51.47865534],[-118.95605192,51.47846912],[-118.95654095,51.47804222],[-118.95714831,51.47768545],[-118.95776158,51.47740417],[-118.95812306,51.47709868],[-118.95823829,51.47672375],[-118.95823615,51.47599563],[-118.95786597,51.47569476],[-118.95761723,51.47537645],[-118.95724492,51.47508485],[-118.95687015,51.47470636],[-118.9562678,51.47439054],[-118.9556839,51.47401669],[-118.95487322,51.4736966],[-118.9540461,51.47328251],[-118.95332346,51.4728791],[-118.952828,51.47245255],[-118.95245621,51.47205413],[-118.95195924,51.4716557],[-118.95144068,51.47128363],[-118.95090109,51.4709379],[-118.95063969,51.47066445],[-118.95058065,51.4702906],[-118.95072374,51.46981669],[-118.95107135,51.46908252],[-118.951192,51.46886461],[-118.95130543,51.468599],[-118.9513583,51.46840815],[-118.95138272,51.46827677],[-118.95136036,51.46808842],[-118.95135747,51.46801649],[-118.95080017,51.46766614],[-118.95014866,51.46735637],[-118.94929321,51.46698964],[-118.94831844,51.4666464],[-118.94766799,51.46624122],[-118.94714416,51.4657844],[-118.94677222,51.46538277],[-118.94639799,51.46494234],[-118.94602264,51.46446309],[-118.94626448,51.46401233],[-118.94638308,51.46356691],[-118.94625235,51.46309051],[-118.94611986,51.46253186],[-118.94598518,51.46189168],[-118.94598798,51.46128034],[-118.94710675,51.46129672],[-118.94822517,51.46130704],[-118.94934532,51.4614281],[-118.95046934,51.46171223],[-118.95158803,51.46210745],[-118.95270237,51.46242754],[-118.95382083,51.46265185],[-118.95491764,51.46305597],[-118.95478497,51.46245389],[-118.9544108,51.46194046],[-118.95367371,51.46153314],[-118.95269164,51.46115964],[-118.95232192,51.4607014],[-118.95195082,51.46022464],[-118.95169895,51.45967632],[-118.95156583,51.45907424],[-118.95143413,51.45837994],[-118.95104424,51.45767887],[-118.95039654,51.45697139],[-118.95107614,51.4568774],[-118.95152268,51.45681544],[-118.95264121,51.45660395],[-118.95332903,51.45638747],[-118.95361155,51.4562981],[-118.95433945,51.45592531],[-118.95472356,51.45544429],[-118.95488596,51.45489988],[-118.95596451,51.45465136],[-118.9570492,51.45439927],[-118.95813826,51.45413615],[-118.95923146,51.45386235],[-118.96033998,51.45353193],[-118.96044772,51.45428961],[-118.96075402,51.45493798],[-118.96125832,51.45547704],[-118.9614996,51.45498925],[-118.96193384,51.4545983],[-118.96270723,51.45434978],[-118.96372235,51.4541949],[-118.96306996,51.45356611],[-118.96267595,51.45288035],[-118.96253999,51.45213727],[-118.9625373,51.45174134],[-118.96324639,51.45137496],[-118.96397542,51.45111184],[-118.96469761,51.45087613],[-118.96527064,51.45058275],[-118.96569427,51.45016866],[-118.96678852,51.45039938],[-118.96761144,51.45057135],[-118.96816336,51.45068493],[-118.96828972,51.45095268],[-118.96838992,51.45123254],[-118.96855512,51.45151454],[-118.96878645,51.45179867],[-118.96906932,51.45197278],[-118.96942272,51.45209063],[-118.9702516,51.45205965],[-118.9710811,51.45204185],[-118.9719098,51.45198275],[-118.97263644,51.45205965],[-118.97348221,51.45209348],[-118.97444838,51.45213798],[-118.97541465,51.45206962],[-118.97625882,51.45198773],[-118.9769801,51.45183961],[-118.97779104,51.45180899],[-118.97869081,51.45183569],[-118.97958672,51.45191331],[-118.97978269,51.45167939],[-118.97989918,51.45148534],[-118.97993225,51.45129414],[-118.97994866,51.45107089],[-118.97989506,51.45072125],[-118.97980422,51.45062369],[-118.97951988,51.45036769],[-118.97932644,51.45011917],[-118.97912387,51.44986779],[-118.97895488,51.44961286],[-118.97875654,51.44935544],[-118.97869158,51.44907487],[-118.97868999,51.44881993],[-118.97875214,51.44859099],[-118.97887518,51.44832929],[-118.97903275,51.44809181],[-118.97898126,51.44779272],[-118.97898578,51.44730707],[-118.97926827,51.44676693],[-118.97982778,51.44617197],[-118.97983252,51.44561404],[-118.97981624,51.44491297],[-118.9809242,51.44513123],[-118.98190659,51.44507569],[-118.98276398,51.44474634],[-118.98349341,51.4441973],[-118.98423232,51.44365432],[-118.98480102,51.44326373],[-118.98506916,51.44291872],[-118.98503661,51.44261857],[-118.98492051,51.44241241],[-118.98485027,51.44219273],[-118.98489621,51.44188937],[-118.98512254,51.44160987],[-118.98552713,51.44131328],[-118.98611927,51.44106938],[-118.98675726,51.44081766],[-118.98751468,51.44062076],[-118.98827064,51.44035621],[-118.98904579,51.44005321],[-118.9890267,51.43994568],[-118.98902429,51.43989192],[-118.98895686,51.43965906],[-118.9889323,51.43953978],[-118.98891489,51.43936318],[-118.98890502,51.43912961],[-118.98890701,51.43885082],[-118.98912195,51.43871517],[-118.98951074,51.43849869],[-118.99039349,51.43814513],[-118.99123902,51.43787595],[-118.99133865,51.43773638],[-118.99148473,51.43757188],[-118.99165364,51.43737997],[-118.99185715,51.43719981],[-118.99196798,51.4371051],[-118.99228239,51.43683201],[-118.99254744,51.4365347],[-118.9927736,51.43610495],[-118.99331554,51.43559009],[-118.99374839,51.43503643],[-118.99422094,51.43440088],[-118.99481468,51.43375002],[-118.99481296,51.43304859],[-118.99479849,51.43238349],[-118.99552009,51.4317725],[-118.99623791,51.43130785],[-118.99695295,51.43098883],[-118.99729439,51.43034153],[-118.99776094,51.42967713],[-118.99835206,51.42908644],[-118.99918767,51.42863853],[-119.00014532,51.4283925],[-119.00122276,51.42828105],[-119.00233103,51.42828888],[-119.00339515,51.42827998],[-119.00390641,51.42838288],[-119.00439517,51.42842276],[-119.00490385,51.42846086],[-119.00533098,51.42839463],[-119.00586096,51.42841066],[-119.00636396,51.42835404],[-119.00689894,51.42833054],[-119.0071936,51.42820842],[-119.00733567,51.42807988],[-119.00741652,51.42780572],[-119.00773738,51.42752658],[-119.008298,51.4272428],[-119.00840872,51.42695796],[-119.00876178,51.42662826],[-119.00948294,51.42629606],[-119.01045054,51.42606463],[-119.0114218,51.42589621],[-119.0122646,51.42579972],[-119.01285757,51.42561565],[-119.01344704,51.42542979],[-119.01391944,51.42508584],[-119.01439563,51.42469204],[-119.01475466,51.42423594],[-119.01546109,51.42372643],[-119.01616225,51.42320766],[-119.0169973,51.42268747],[-119.01797208,51.42217511],[-119.0190769,51.42177847],[-119.0195511,51.42144663],[-119.01945521,51.42122125],[-119.01951137,51.42097664],[-119.01997969,51.42057786],[-119.02044949,51.42014917],[-119.02092154,51.41969022],[-119.02129517,51.41924017],[-119.02146993,51.41900625],[-119.02139829,51.41871891],[-119.02102702,51.41841342],[-119.02057519,51.41810045],[-119.02012467,51.4178213],[-119.02054238,51.41750549],[-119.02094445,51.41715976],[-119.02174767,51.41711917],[-119.02254211,51.41719536],[-119.02342536,51.41725589],[-119.02422656,51.41722527],[-119.02494499,51.41710279],[-119.02559126,51.41686993],[-119.02623618,51.41666484],[-119.0269358,51.41648076],[-119.02746194,51.41645655],[-119.02798981,51.41646261],[-119.02849977,51.41650783],[-119.02904281,51.41653417],[-119.0294264,51.41639887],[-119.02987069,51.41628316],[-119.03054252,51.41619343],[-119.03124706,51.41608448],[-119.03187268,51.41592461],[-119.03225894,51.41572807],[-119.03257782,51.41549272],[-119.0326964,51.41524776],[-119.03286549,51.41484613],[-119.03293743,51.41441531],[-119.0329703,51.41396597],[-119.03292628,51.41362807],[-119.03287432,51.41342833],[-119.03275852,51.41308545],[-119.03272866,51.4127383],[-119.03315038,51.4123381],[-119.03351136,51.41197706],[-119.03392114,51.4116705],[-119.03446693,51.41139491],[-119.0356523,51.41110758],[-119.03644165,51.41085122],[-119.03697464,51.41066216],[-119.03737433,51.41048021],[-119.03763936,51.41030575],[-119.03823917,51.41013556],[-119.03896724,51.40994578],[-119.03982427,51.40973714],[-119.04045007,51.40951247],[-119.04095339,51.40925896],[-119.04133218,51.40893744],[-119.04236021,51.40877366],[-119.04325764,51.40858317],[-119.04401851,51.40833892],[-119.04477114,51.40802595],[-119.04552585,51.40774929],[-119.04628157,51.40750504],[-119.04703488,51.40720133],[-119.04702487,51.40665265],[-119.04701776,51.40616735],[-119.04698684,51.40579919],[-119.04674107,51.40540967],[-119.04639717,51.40504187],[-119.04614652,51.40476557],[-119.04611444,51.40450637],[-119.04629979,51.40426425],[-119.0463336,51.40394594],[-119.04641692,51.40366858],[-119.04661786,51.40333246],[-119.04688034,51.40316405],[-119.04719807,51.40298353],[-119.04762046,51.40288313],[-119.04794147,51.40274071],[-119.04831551,51.40270724],[-119.04865237,51.40255841],[-119.04919824,51.40237718],[-119.04969908,51.40200368],[-119.0503242,51.40162092],[-119.05094708,51.40121823],[-119.05169963,51.40090526],[-119.05234177,51.40065424],[-119.05271994,51.40032703],[-119.05283494,51.39992326],[-119.05283728,51.39965338],[-119.05281573,51.39917698],[-119.05293962,51.39883802],[-119.05306235,51.39854641],[-119.05331477,51.39833313],[-119.05343928,51.39812093],[-119.053822,51.39792154],[-119.05433123,51.39770257],[-119.05509515,51.39742841],[-119.05558867,51.39713893],[-119.05570598,51.39684305],[-119.05544824,51.39654077],[-119.05519009,51.39619183],[-119.05505203,51.39582831],[-119.05505062,51.39547759],[-119.05490964,51.39496844],[-119.05464086,51.39456147],[-119.05424167,51.39420898],[-119.05397242,51.39380379],[-119.05383621,51.39339469],[-119.05383312,51.39333167],[-119.05381238,51.39286453],[-119.05446996,51.3931045],[-119.05499162,51.39337119],[-119.05537701,51.39366422],[-119.05588721,51.39392912],[-119.05652496,51.39415379],[-119.05730372,51.39442475],[-119.05808353,51.39471386],[-119.05873376,51.39507312],[-119.05937983,51.39541279],[-119.0600216,51.39573217],[-119.06078543,51.39576956],[-119.06142787,51.39567129],[-119.0619495,51.39543736],[-119.06310444,51.39555201],[-119.06383574,51.39554204],[-119.06452071,51.39543095],[-119.06516685,51.39516177],[-119.06579676,51.39478507],[-119.06647889,51.39440125],[-119.06720666,51.39406763],[-119.0680957,51.39380913],[-119.06889945,51.39349616],[-119.06950924,51.39306569],[-119.06980934,51.39249103],[-119.06990923,51.39183482],[-119.07067156,51.39166819],[-119.07133888,51.39145563],[-119.07190186,51.39119179],[-119.07245396,51.39103406],[-119.0729944,51.39098279],[-119.07325466,51.39094006],[-119.07343605,51.39089093],[-119.07353974,51.39085425],[-119.07363013,51.3908425],[-119.07478803,51.39091514],[-119.07593047,51.39084393],[-119.0770563,51.39062887],[-119.07822513,51.39041631],[-119.07939948,51.39031768],[-119.08054693,51.39027033],[-119.08092166,51.38976011],[-119.08142346,51.38944429],[-119.08205198,51.38933106],[-119.08280814,51.38942079],[-119.08279219,51.38874643],[-119.08279238,51.38843167],[-119.08381875,51.38867236],[-119.08459013,51.38897928],[-119.08498269,51.38936382],[-119.08512513,51.38979322],[-119.08512531,51.39011687],[-119.08514517,51.39054805],[-119.0851493,51.39096178],[-119.08515574,51.39141148],[-119.08518164,51.3919776],[-119.08519063,51.39249886],[-119.08533401,51.39297989],[-119.08561292,51.39345664],[-119.08602446,51.3938629],[-119.08629757,51.3942129],[-119.08655989,51.39457892],[-119.08681236,51.39496132],[-119.08718667,51.39540104],[-119.08743692,51.39587246],[-119.08756415,51.39632357],[-119.08822351,51.39610709],[-119.08861449,51.39584824],[-119.08873632,51.39554738],[-119.08874406,51.39539428],[-119.08886058,51.39511264],[-119.08910511,51.39480038],[-119.08947673,51.39443721],[-119.08984696,51.39405267],[-119.09022909,51.39385115],[-119.09070622,51.39365959],[-119.09081596,51.39326793],[-119.09117822,51.39291366],[-119.09179337,51.39259713],[-119.09229455,51.39220832],[-119.09292329,51.39184835],[-119.0935514,51.39146951],[-119.0940518,51.39106397],[-119.09406637,51.39074886],[-119.09411572,51.39057689],[-119.09392227,51.39007094],[-119.0936251,51.38947954],[-119.09322583,51.38881514],[-119.09308143,51.38820131],[-119.0931906,51.38762593],[-119.09369491,51.38719119],[-119.09433083,51.38678422],[-119.09509361,51.3864887],[-119.09572646,51.38618249],[-119.09610236,51.38581505],[-119.09622189,51.38538636],[-119.09735751,51.38507802],[-119.09851015,51.38482949],[-119.09966265,51.38478392],[-119.10081131,51.38478641],[-119.10195499,51.38483697],[-119.10298912,51.38478143],[-119.10376096,51.3845475],[-119.10427065,51.3841359],[-119.10412473,51.38373677],[-119.10384811,51.38327995],[-119.1034415,51.38277187],[-119.10316664,51.38224491],[-119.10302311,51.3816941],[-119.10418066,51.38123265],[-119.10529115,51.3806911],[-119.10639782,51.38006872],[-119.10757524,51.37941785],[-119.1075498,51.37886989],[-119.10753733,51.37828525],[-119.10752177,51.37762905],[-119.10750322,51.37691908],[-119.10825749,51.37634477],[-119.10900322,51.37599868],[-119.10974715,51.37570957],[-119.10972711,51.37496328],[-119.10984164,51.37440179],[-119.11020865,51.37384065],[-119.11082755,51.37327987],[-119.11093617,51.37281914],[-119.11129638,51.37232707],[-119.11190952,51.37180332],[-119.11078726,51.37176985],[-119.11179385,51.37130876],[-119.11254917,51.37086049],[-119.11305288,51.37042468],[-119.11342795,51.3700462],[-119.11391903,51.36975352],[-119.11451529,51.36962713],[-119.11521602,51.36966629],[-119.11572145,51.37006578],[-119.11647858,51.37025093],[-119.11748797,51.37022173],[-119.11863617,51.36999137],[-119.11979517,51.37050088],[-119.12079424,51.37025485],[-119.12166945,51.37001843],[-119.1224201,51.36979091],[-119.12342249,51.36971365],[-119.12467279,51.36972006],[-119.12579974,51.3696225],[-119.12691874,51.36971721],[-119.1279079,51.37007789],[-119.12864544,51.37059416],[-119.12913772,51.37119482],[-119.12962975,51.37154767],[-119.13023921,51.37170825],[-119.13087265,51.37164701],[-119.13128968,51.37142127],[-119.1314896,51.37122082],[-119.13152605,51.37107021],[-119.13152166,51.37097514],[-119.13150004,51.37093241],[-119.13147726,51.37090393],[-119.13143859,51.37086013],[-119.13141018,51.37083058],[-119.13139943,51.37081527],[-119.13136513,51.37076329],[-119.13134784,51.37072661],[-119.13133569,51.37069564],[-119.13132247,51.37065505],[-119.13131467,51.37061588],[-119.13129897,51.3705671],[-119.13126789,51.37050693],[-119.1312331,51.37043964],[-119.13122641,51.37042611],[-119.1312119,51.37040189],[-119.13137133,51.37031609],[-119.13164861,51.37023348],[-119.13239527,51.37002484],[-119.13301288,51.36969228],[-119.13337724,51.36919488],[-119.13349906,51.36857926],[-119.13349266,51.36813883],[-119.13340612,51.3678903],[-119.13336179,51.36764463],[-119.13331814,51.36741675],[-119.13322975,51.36723481],[-119.13309568,51.36709844],[-119.13305068,51.36705287],[-119.13303024,51.36703756],[-119.13301614,51.36702687],[-119.13300325,51.36701797],[-119.13298915,51.36701014],[-119.13297305,51.36700088],[-119.13293992,51.36698486],[-119.13290978,51.36696955],[-119.13288264,51.36695495],[-119.13284845,51.36692932],[-119.1328231,51.3669108],[-119.13280729,51.36689727],[-119.13278756,51.36688267],[-119.13275416,51.36685383],[-119.13272162,51.36682072],[-119.1326698,51.36676375],[-119.13264338,51.36673847],[-119.13236288,51.36638776],[-119.13235084,51.36582128],[-119.13246963,51.36490765],[-119.13271163,51.36410582],[-119.13307854,51.36344891],[-119.13344705,51.36282439],[-119.13418117,51.36234657],[-119.13490824,51.36191646],[-119.13564886,51.36147139],[-119.13639384,51.36111285],[-119.1370153,51.3607511],[-119.13764125,51.36054957],[-119.1381398,51.36025369],[-119.13876527,51.36007851],[-119.13938926,51.35973243],[-119.14025613,51.35939774],[-119.14124913,51.35902496],[-119.14236915,51.35874047],[-119.14349816,51.35854998],[-119.14449879,51.3583748],[-119.14536926,51.35825481],[-119.14598351,51.35801199],[-119.14659656,51.35781758],[-119.14708889,51.35755375],[-119.14770937,51.35744551],[-119.14830537,51.35725573],[-119.14909739,51.35709836],[-119.14996141,51.35686585],[-119.14950938,51.35654826],[-119.14883846,51.35630258],[-119.14794748,51.35604836],[-119.14681901,51.35570939],[-119.14571744,51.35583544],[-119.14461541,51.35588457],[-119.14410742,51.35540426],[-119.14334317,51.35502862],[-119.14232172,51.35475731],[-119.14194146,51.35430263],[-119.14142087,51.35391062],[-119.14082416,51.35358163],[-119.14009757,51.35333203],[-119.13938462,51.35306642],[-119.13906071,51.35289231],[-119.13874615,51.35271215],[-119.13844037,51.35252593],[-119.13841235,51.3522297],[-119.13839031,51.3520684],[-119.13782109,51.35187186],[-119.13796204,51.35119465],[-119.13776105,51.35079089],[-119.13744708,51.35041668],[-119.13713024,51.35005386],[-119.13685419,51.34968107],[-119.13658731,51.34932431],[-119.13615603,51.34897645],[-119.13551713,51.34865814],[-119.13552276,51.34815468],[-119.1353936,51.3476441],[-119.13514665,51.34717197],[-119.13478329,51.34666317],[-119.13453895,51.346112],[-119.13441285,51.34559359],[-119.13375435,51.34543764],[-119.13301497,51.34528632],[-119.13219471,51.34513963],[-119.13186261,51.34485443],[-119.13174827,51.34474334],[-119.13168763,51.34467747],[-119.13168104,51.34465717],[-119.13163567,51.34461516],[-119.13153357,51.34457742],[-119.13138319,51.34452615],[-119.13120896,51.34446811],[-119.13114787,51.3444115],[-119.13110857,51.34436414],[-119.13109048,51.34432605],[-119.13107625,51.3443175],[-119.13104744,51.34429436],[-119.13101784,51.34427157],[-119.13100798,51.34421887],[-119.13090338,51.344085],[-119.13070304,51.34387065],[-119.1300343,51.3434612],[-119.12891649,51.34288795],[-119.12830647,51.34236028],[-119.12793923,51.34176745],[-119.12781439,51.34110911],[-119.12669427,51.3411027],[-119.1268175,51.34052269],[-119.12718822,51.34005128],[-119.12780639,51.33968846],[-119.12693514,51.33917646],[-119.1263173,51.3388521],[-119.12539365,51.33902478],[-119.12441681,51.33915047],[-119.12333021,51.33914904],[-119.12232551,51.3391583],[-119.12218152,51.33852631],[-119.12191102,51.33795485],[-119.12151487,51.33746421],[-119.12124962,51.33699849],[-119.12111331,51.33653633],[-119.12110248,51.33598801],[-119.1210782,51.33546675],[-119.12106098,51.33478349],[-119.12199028,51.33455882],[-119.12281082,51.33433023],[-119.12342229,51.3340372],[-119.12408395,51.3337545],[-119.12467583,51.33340699],[-119.12529784,51.33305485],[-119.12554958,51.33270343],[-119.12574822,51.33228222],[-119.12606483,51.33177591],[-119.12662473,51.33122902],[-119.126743,51.33071239],[-119.12711021,51.33017225],[-119.12772715,51.32960827],[-119.12880795,51.32908487],[-119.12941728,51.32853441],[-119.12990498,51.32797683],[-119.12978149,51.32744347],[-119.12941063,51.32707851],[-119.12879237,51.32688197],[-119.12915959,51.32634469],[-119.12952462,51.32585547],[-119.12988709,51.32541397],[-119.13084195,51.32547272],[-119.13155609,51.32529184],[-119.13202896,51.32487135],[-119.13278076,51.32549942],[-119.13340128,51.32601356],[-119.1338967,51.32654907],[-119.1342588,51.32714225],[-119.13426437,51.32787038],[-119.13465645,51.32815486],[-119.13480776,51.32825456],[-119.13489495,51.32830654],[-119.1349321,51.3283158],[-119.13498428,51.32833039],[-119.13506218,51.32833823],[-119.13517803,51.32835211],[-119.13533218,51.32837241],[-119.13549238,51.32842617],[-119.13560153,51.32846819],[-119.13563189,51.32849062],[-119.13575018,51.3285515],[-119.13595422,51.32864692],[-119.1365072,51.32888192],[-119.13762974,51.32894245],[-119.13764289,51.32952673],[-119.13839344,51.32951997],[-119.13914607,51.32954097],[-119.14001418,51.32958121],[-119.14100378,51.32957302],[-119.14211142,51.32961574],[-119.14212407,51.33020003],[-119.1432783,51.33031396],[-119.14440835,51.33053614],[-119.14551953,51.33066859],[-119.14551563,51.33119911],[-119.14662314,51.33154768],[-119.14770937,51.33147469],[-119.14874703,51.33133192],[-119.14978368,51.33118985],[-119.15074573,51.33109122],[-119.15161116,51.33090038],[-119.1523792,51.33061767],[-119.15329882,51.33022708],[-119.15432467,51.3299572],[-119.15545631,51.32980872],[-119.15659689,51.32957159],[-119.15774283,51.3292839],[-119.15787597,51.32994474],[-119.1582625,51.33053115],[-119.15890242,51.33104316],[-119.16000661,51.33087688],[-119.16110775,51.3306248],[-119.16209295,51.33080852],[-119.16296476,51.33106416],[-119.16359714,51.33145725],[-119.16410403,51.3319632],[-119.16436257,51.33253715],[-119.16449777,51.33309829],[-119.16498958,51.33345897],[-119.16573451,51.33369076],[-119.1667353,51.3337342],[-119.16787285,51.33360531],[-119.16901765,51.33335643],[-119.17017973,51.33273227],[-119.17089994,51.33227225],[-119.17167028,51.33186528],[-119.17245141,51.33139209],[-119.17309366,51.33089967],[-119.1734722,51.330372],[-119.1737166,51.32980587],[-119.1739636,51.32926859],[-119.17437438,51.32884738],[-119.17478264,51.32847673],[-119.17514057,51.32805054],[-119.17562595,51.32765496],[-119.17612645,51.32727968],[-119.17665638,51.32702119],[-119.17693171,51.32666122],[-119.17706305,51.3262101],[-119.17712526,51.3257394],[-119.17726006,51.32531],[-119.17746337,51.32496178],[-119.17766405,51.32465202],[-119.17790246,51.32443483],[-119.17816216,51.32425609],[-119.17845478,51.32407094],[-119.17881547,51.32381245],[-119.17918094,51.32355075],[-119.17935766,51.32333854],[-119.17946383,51.32314983],[-119.17949252,51.32295543],[-119.17959037,51.32276067],[-119.17975623,51.32256555],[-119.18006431,51.32229602],[-119.18040425,51.32189404],[-119.18051899,51.32169394],[-119.18057328,51.32152517],[-119.18066844,51.32131972],[-119.18078943,51.32101459],[-119.18082829,51.3206831],[-119.1808719,51.32036266],[-119.18090905,51.3201419],[-119.18109486,51.31998275],[-119.18122058,51.31981647],[-119.1814682,51.31958397],[-119.18171558,51.31928844],[-119.18221429,51.31894735],[-119.18283224,51.31862013],[-119.18344989,51.31830004],[-119.18382922,51.3179301],[-119.18397058,51.31751068],[-119.18468786,51.31740742],[-119.18528918,51.31717029],[-119.18589197,51.3169004],[-119.18637987,51.31657248],[-119.18698955,51.31627411],[-119.18748128,51.31598713],[-119.18808861,51.31575605],[-119.18869435,51.31553993],[-119.18941578,51.31532843],[-119.19013746,51.31517426],[-119.19074038,51.31501297],[-119.19122489,51.31484491],[-119.19159501,51.31453942],[-119.19208242,51.31426241],[-119.19268748,51.31401424],[-119.19340818,51.31387681],[-119.19412422,51.31375468],[-119.19484307,51.31360799],[-119.19495029,51.31357621],[-119.19556618,51.31339364],[-119.19628489,51.31308245],[-119.19712039,51.31272106],[-119.1979812,51.31221724],[-119.19886794,51.31162299],[-119.19964661,51.31109283],[-119.20042289,51.31062249],[-119.2012019,51.31021196],[-119.20185192,51.30986908],[-119.20249497,51.30967503],[-119.20313669,51.30942544],[-119.20390549,51.30913882],[-119.20468482,51.30872864],[-119.20533745,51.30841639],[-119.20597829,51.30821272],[-119.20660821,51.30801868],[-119.20746786,51.30795779],[-119.20845234,51.30783424],[-119.20956032,51.30780932],[-119.2106804,51.30778511],[-119.21183442,51.3078143],[-119.21293588,51.30781252],[-119.21408931,51.30786166],[-119.21497046,51.30837865],[-119.21565867,51.30886608],[-119.21621273,51.3091495],[-119.21678148,51.30937061],[-119.21736431,51.30946033],[-119.21795981,51.3093083],[-119.21857672,51.3089729],[-119.21907203,51.30922712],[-119.21971407,51.3096437],[-119.22028993,51.30998943],[-119.22082601,51.31038714],[-119.22140227,51.31013826],[-119.22198939,51.30981638],[-119.22254907,51.30992284],[-119.22314618,51.31000118],[-119.22425291,51.31003429],[-119.2248309,51.30992747],[-119.22560338,51.30977473],[-119.22656957,51.30957641],[-119.22609585,51.30927768],[-119.22582686,51.30889421],[-119.22576283,51.30842564],[-119.22579256,51.30775662],[-119.22554154,51.30711786],[-119.22533637,51.30659518],[-119.22505019,51.30618073],[-119.22506174,51.30586883],[-119.22494731,51.30553913],[-119.2250841,51.30526995],[-119.22496742,51.30497336],[-119.22510365,51.30474869],[-119.22498691,51.30445317],[-119.22512507,51.30417794],[-119.22501195,51.30384325],[-119.22502573,51.30353527],[-119.22478631,51.30316818],[-119.22454688,51.30277082],[-119.22420248,51.30226772],[-119.22372435,51.30180521],[-119.2233648,51.30140216],[-119.222995,51.30109666],[-119.22274924,51.30077052],[-119.22212206,51.30042052],[-119.2212428,51.30000964],[-119.22011461,51.29961121],[-119.21898145,51.2992192],[-119.21784375,51.29883288],[-119.21772851,51.29833441],[-119.21767814,51.29778395],[-119.21780413,51.29721676],[-119.21805473,51.29666773],[-119.2185289,51.29619097],[-119.21908084,51.29572882],[-119.2197094,51.29528126],[-119.22032597,51.29477887],[-119.22070113,51.29422628],[-119.22083455,51.29362312],[-119.22084546,51.29296621],[-119.22073092,51.2923011],[-119.2204958,51.29176168],[-119.22014218,51.29126499],[-119.2200289,51.29067359],[-119.22015606,51.2900715],[-119.22064039,51.28947761],[-119.22111754,51.2888862],[-119.22158621,51.28829658],[-119.22193879,51.28768417],[-119.22217396,51.28713727],[-119.22240783,51.28666729],[-119.22252794,51.28624821],[-119.2228648,51.28583412],[-119.22319083,51.28533209],[-119.22361939,51.28476846],[-119.223934,51.28415676],[-119.22431196,51.28366398],[-119.22481087,51.28327482],[-119.22530718,51.28289562],[-119.2258007,51.28252675],[-119.2261743,51.28213581],[-119.22707845,51.28176373],[-119.22785845,51.28138133],[-119.22847415,51.28087182],[-119.22908877,51.28033952],[-119.2297025,51.27978408],[-119.23047826,51.2794437],[-119.23126256,51.27912503],[-119.23205599,51.27882808],[-119.23263963,51.27854395],[-119.23323109,51.27829507],[-119.23371789,51.27797605],[-119.23433483,51.27765738],[-119.23494974,51.27722478],[-119.23578999,51.27681211],[-119.23673579,51.2763763],[-119.2378492,51.27587854],[-119.23887589,51.27543597],[-119.2397795,51.27498699],[-119.24040737,51.27459426],[-119.24105729,51.27419513],[-119.24160824,51.27374009],[-119.24218985,51.27325017],[-119.24265099,51.27271075],[-119.24307951,51.2721877],[-119.24360167,51.27171522],[-119.24421607,51.27137982],[-119.24470273,51.2710316],[-119.24519114,51.27066629],[-119.2455845,51.27020734],[-119.24609112,51.26977865],[-119.24661659,51.26934605],[-119.24735224,51.26885826],[-119.24808878,51.26838222],[-119.24868418,51.26794214],[-119.24925394,51.26754371],[-119.2497985,51.26718624],[-119.2504066,51.26681487],[-119.25097445,51.26640826],[-119.25159642,51.2660337],[-119.25235301,51.26573426],[-119.25308594,51.26541737],[-119.25369265,51.2650218],[-119.25409265,51.26450445],[-119.25436729,51.26403375],[-119.25493511,51.26362714],[-119.2557961,51.26328462],[-119.25674127,51.26307455],[-119.25767986,51.26281961],[-119.25871305,51.26255684],[-119.25975728,51.26221895],[-119.26091704,51.26202668],[-119.26202108,51.26190527],[-119.26304534,51.26125903],[-119.26405862,51.26077765],[-119.26443742,51.26064734],[-119.2647587,51.26047643],[-119.26498882,51.26023004],[-119.26517598,51.25995766],[-119.26535199,51.25967638],[-119.26557946,51.25944103],[-119.26579269,51.25921138],[-119.26599176,51.25898635],[-119.26611336,51.25883432],[-119.26621404,51.25865558],[-119.26633347,51.25845512],[-119.26652772,51.2581596],[-119.26676798,51.25786514],[-119.26702628,51.25758137],[-119.26724149,51.25729546],[-119.26745656,51.25709963],[-119.26771505,51.25692054],[-119.26792915,51.2567774],[-119.26809943,51.25667023],[-119.26845934,51.25651642],[-119.26886816,51.25627751],[-119.26895163,51.25622196],[-119.26923115,51.25608168],[-119.26968835,51.25604607],[-119.27009243,51.25611016],[-119.27051259,51.25619668],[-119.2709316,51.25626148],[-119.27139967,51.25626362],[-119.27187668,51.25624617],[-119.27223529,51.25625721],[-119.27263927,51.2563035],[-119.27289815,51.25632522],[-119.27302708,51.25632272],[-119.27349545,51.25635655],[-119.27394133,51.25642491],[-119.27436532,51.25652781],[-119.27478019,51.25670263],[-119.27517776,51.25691947],[-119.27558753,51.25709144],[-119.27604107,51.25728051],[-119.27646358,51.25741616],[-119.27660832,51.25744037],[-119.27691304,51.2575155],[-119.2773417,51.25749805],[-119.27779326,51.2574094],[-119.27823723,51.25724063],[-119.27908255,51.25697964],[-119.28005834,51.25694546],[-119.28116531,51.2571388],[-119.28224966,51.25748239],[-119.28336198,51.25756748],[-119.28450317,51.25739444],[-119.28542716,51.25771524],[-119.28618607,51.25809017],[-119.28655571,51.25802893],[-119.28698479,51.25797766],[-119.28743054,51.25794597],[-119.28789969,51.25795772],[-119.28838092,51.25812827],[-119.28877413,51.25824648],[-119.28883235,51.25826321],[-119.28921284,51.25842058],[-119.28962371,51.25861641],[-119.29006014,51.25875171],[-119.29029647,51.25850426],[-119.29073699,51.25816886],[-119.29119641,51.25780105],[-119.29167508,51.25740121],[-119.29203266,51.25690558],[-119.29239501,51.2564096],[-119.29275783,51.25592893],[-119.29312191,51.25546321],[-119.29421865,51.25504592],[-119.29517793,51.25470019],[-119.29601523,51.25440787],[-119.29673089,51.25416932],[-119.29757376,51.25413656],[-119.29853289,51.25415365],[-119.29960941,51.25422059],[-119.30067946,51.25411556],[-119.30163508,51.25393397],[-119.30247932,51.25370859],[-119.30320166,51.25353839],[-119.30392709,51.25343407],[-119.30393994,51.25283128],[-119.30404089,51.25246063],[-119.30416379,51.25214338],[-119.30406992,51.25189343],[-119.30395389,51.2516709],[-119.30396918,51.25112187],[-119.30396627,51.25049237],[-119.30398386,51.2499793],[-119.30466001,51.24977421],[-119.30552087,51.24957126],[-119.30658273,51.24941246],[-119.30764253,51.24921165],[-119.3085539,51.24893784],[-119.30932369,51.24862701],[-119.30956373,51.24845753],[-119.30970214,51.24826597],[-119.31002808,51.2483881],[-119.31047775,51.24859212],[-119.31064942,51.24858001],[-119.31077732,51.24875911],[-119.3108387,51.24892681],[-119.31173357,51.24886414],[-119.31244166,51.24879329],[-119.31296319,51.24871389],[-119.31337934,51.24863377],[-119.31378197,51.24856007],[-119.31419442,51.24852874],[-119.31458621,51.24856399],[-119.31498435,51.24863698],[-119.3153657,51.24871139],[-119.31575373,51.24870463],[-119.3161604,51.24868291],[-119.31657901,51.24871424],[-119.31702458,51.24883138],[-119.31754107,51.24912406],[-119.31798698,51.24945092],[-119.31848981,51.249468],[-119.31887351,51.24950824],[-119.31913853,51.24954527],[-119.31937875,51.2495734],[-119.31969969,51.2495969],[-119.31984137,51.24946516],[-119.31999836,51.24926719],[-119.32022945,51.24901973],[-119.32060226,51.24910839],[-119.32103015,51.24916785],[-119.32145449,51.24917925],[-119.32187448,51.24914293],[-119.32219789,51.24912157],[-119.3224946,51.24912477],[-119.32295993,51.24916358],[-119.32327263,51.24911836],[-119.32376867,51.24900371],[-119.32427584,51.24943703],[-119.32501992,51.24979415],[-119.32600074,51.25007436],[-119.32673453,51.25032075],[-119.32746902,51.25058494],[-119.32832039,51.25075869],[-119.32929131,51.25091144],[-119.33013567,51.25106846],[-119.33091878,51.25125361],[-119.33130421,51.25103606],[-119.33163245,51.25082563],[-119.33190409,51.25062233],[-119.33249211,51.25091643],[-119.33345379,51.25081353],[-119.33428968,51.2506558],[-119.33500009,51.25053082],[-119.33570768,51.2504475],[-119.33609656,51.25087156],[-119.33651351,51.25124506],[-119.3368722,51.2515915],[-119.33717183,51.25191124],[-119.33701329,51.25217543],[-119.33696575,51.25237126],[-119.33694302,51.2524916],[-119.3376796,51.25269562],[-119.3383013,51.25302283],[-119.33880816,51.25337176],[-119.33919421,51.25363382],[-119.33958004,51.2539977],[-119.34003417,51.2543445],[-119.34050624,51.25467278],[-119.34099682,51.25498254],[-119.34127079,51.25482837],[-119.34176787,51.25474328],[-119.34248875,51.25472797],[-119.34325932,51.25513529],[-119.34389317,51.25553727],[-119.34443873,51.25590721],[-119.34481578,51.25624226],[-119.34518115,51.25650289],[-119.34550039,51.2567361],[-119.34572977,51.25692659],[-119.34588252,51.25720217],[-119.3459582,51.25756357],[-119.34600599,51.25821906],[-119.34568839,51.25874388],[-119.34549106,51.25924271],[-119.34552753,51.25970843],[-119.34579794,51.26014174],[-119.34606842,51.26060817],[-119.34622461,51.26111056],[-119.34602816,51.26128538],[-119.34574146,51.26147124],[-119.34563361,51.26172796],[-119.34567759,51.26200283],[-119.34599193,51.26244932],[-119.34614841,51.26304998],[-119.34595304,51.26362536],[-119.34540618,51.26417581],[-119.34645663,51.26453258],[-119.34647748,51.26475404],[-119.34653865,51.26501645],[-119.34752581,51.26516279],[-119.34849219,51.26537322],[-119.34866719,51.26524362],[-119.34888716,51.26506559],[-119.34930972,51.2648192],[-119.34981949,51.26450801],[-119.35034742,51.2640868],[-119.35073709,51.26357444],[-119.3510563,51.2630012],[-119.35149384,51.26248492],[-119.35205194,51.26200105],[-119.35272355,51.26149296],[-119.35338843,51.26085278],[-119.35398609,51.26048889],[-119.35452105,51.2602685],[-119.3548949,51.2601631],[-119.35520687,51.26003279],[-119.35547952,51.25984942],[-119.35581114,51.25964078],[-119.355664,51.25910136],[-119.35566531,51.2587186],[-119.35570347,51.25837501],[-119.35597883,51.25816245],[-119.35625066,51.25786942],[-119.35649122,51.25774053],[-119.35663694,51.2575098],[-119.35668861,51.25717689],[-119.35707415,51.25712028],[-119.35742117,51.25699317],[-119.35772924,51.25679627],[-119.35780109,51.25651606],[-119.35879268,51.25619633],[-119.35987614,51.25588656],[-119.36096247,51.25546001],[-119.36203932,51.25502741],[-119.36311174,51.25492201],[-119.36338448,51.25485045],[-119.36407667,51.25466851],[-119.36414224,51.25463789],[-119.36493367,51.25426759],[-119.36563439,51.25377054],[-119.36596474,51.25364272],[-119.36646306,51.2534501],[-119.36704132,51.25323041],[-119.36728354,51.25313855],[-119.36797759,51.25279781],[-119.36843862,51.2523798],[-119.36931654,51.25204832],[-119.36996323,51.25162141],[-119.37037906,51.25109944],[-119.37033003,51.25042578],[-119.37054394,51.25009359],[-119.37078493,51.24979593],[-119.37152255,51.24936724],[-119.37259786,51.24937258],[-119.37306075,51.24938326],[-119.37332434,51.24938576],[-119.37338143,51.2493854],[-119.37341414,51.24938113],[-119.3734647,51.24937935],[-119.37351447,51.24937508],[-119.37357264,51.24937294],[-119.37361445,51.24937151],[-119.37364552,51.24936902],[-119.37368569,51.24936368],[-119.37373647,51.24935585],[-119.37377067,51.24934908],[-119.37386489,51.2493295],[-119.3739291,51.24931348],[-119.37398542,51.24929354],[-119.37403306,51.24927004],[-119.37407289,51.24924725],[-119.37410133,51.24923016],[-119.37413696,51.24920203],[-119.37416655,51.2491764],[-119.37419748,51.2491561],[-119.37424549,51.24912157],[-119.37433375,51.2490265],[-119.37444293,51.24888515],[-119.37451421,51.24873204],[-119.37456536,51.24862202],[-119.37498854,51.24845219],[-119.37507387,51.24841801],[-119.37538109,51.24820438],[-119.37548702,51.24798113],[-119.37549074,51.24786862],[-119.37551687,51.24773296],[-119.37556477,51.24757523],[-119.37567543,51.24745417],[-119.3758013,51.24737513],[-119.3760846,51.24728113],[-119.37656727,51.24715153],[-119.37664402,51.24650529],[-119.37686161,51.24591353],[-119.37722069,51.24537234],[-119.37757955,51.24482864],[-119.37816781,51.24506186],[-119.37853503,51.24528047],[-119.37868108,51.24548378],[-119.37869117,51.24552579],[-119.37869486,51.2455614],[-119.37869435,51.24560306],[-119.37867876,51.24565469],[-119.37864703,51.24572946],[-119.37862142,51.24578357],[-119.37861089,51.24581063],[-119.37860321,51.24583769],[-119.37860682,51.24587722],[-119.37862224,51.24592457],[-119.3786523,51.24598546],[-119.37868876,51.24603851],[-119.37874584,51.24608088],[-119.37881466,51.24611221],[-119.37889641,51.24614283],[-119.37894611,51.24616526],[-119.37903142,51.24620514],[-119.37914004,51.24626496],[-119.37918468,51.24629487],[-119.37921333,51.2463173],[-119.37923992,51.24634222],[-119.37951955,51.24635112],[-119.37971565,51.24633902],[-119.37982707,51.2463059],[-119.37987692,51.24626068],[-119.37991475,51.24621653],[-119.37994022,51.2461731],[-119.37995103,51.24613607],[-119.37991464,51.2460734],[-119.37994418,51.24592635],[-119.38017069,51.24567177],[-119.38081713,51.24534385],[-119.38177248,51.24499492],[-119.38269169,51.24503943],[-119.38314788,51.24459614],[-119.38357947,51.24410372],[-119.38391164,51.24341369],[-119.38436106,51.24302061],[-119.38493565,51.24270906],[-119.38486597,51.24191898],[-119.38558192,51.24172173],[-119.38616575,51.24140805],[-119.38674069,51.24104844],[-119.3871611,51.24058414],[-119.38770832,51.24020815],[-119.38826036,51.23985922],[-119.38912188,51.23962494],[-119.39012299,51.23950032],[-119.39119176,51.2394697],[-119.39225838,51.23944264],[-119.3933332,51.23932977],[-119.39441711,51.23919981],[-119.39550003,51.23902784],[-119.39659317,51.23891853],[-119.39767117,51.23880032],[-119.39874418,51.23874549],[-119.39969733,51.23864295],[-119.40052963,51.23857601],[-119.40124741,51.23842112],[-119.40208333,51.2383282],[-119.40304052,51.23812774],[-119.40411899,51.23795363],[-119.40520021,51.23774641],[-119.40628612,51.23751426],[-119.40724797,51.23723761],[-119.40809124,51.23686838],[-119.4087157,51.23638593],[-119.40933887,51.23594549],[-119.40996098,51.23554671],[-119.41068431,51.2353103],[-119.41105321,51.23487377],[-119.41153953,51.23443298],[-119.41214193,51.23405379],[-119.41286694,51.2337661],[-119.4135923,51.23348731],[-119.41431488,51.2332046],[-119.41503568,51.23296284],[-119.41564261,51.23272037],[-119.41601241,51.23234117],[-119.41614644,51.2318249],[-119.41675527,51.23153934],[-119.4171294,51.23111778],[-119.41726862,51.23056056],[-119.41827072,51.23072541],[-119.41897111,51.23087282],[-119.41936922,51.23100277],[-119.42048326,51.23094367],[-119.42155118,51.23099957],[-119.42262023,51.23096147],[-119.42369636,51.2307482],[-119.42477877,51.2303601],[-119.42487243,51.23101666],[-119.42521264,51.23152831],[-119.42591979,51.23186015],[-119.42686965,51.23203639],[-119.42794166,51.23211116],[-119.42902189,51.23206773],[-119.43010098,51.23204138],[-119.4311804,51.23194987],[-119.43213586,51.23184697],[-119.43285986,51.23150944],[-119.43322891,51.231022],[-119.43336231,51.23040674],[-119.43342205,51.23012546],[-119.4334221,51.22985557],[-119.43336245,51.22959708],[-119.43330536,51.22932862],[-119.43327656,51.22905944],[-119.43324905,51.22880807],[-119.43313126,51.22847765],[-119.4330254,51.22809311],[-119.43299625,51.22781504],[-119.43299832,51.22755512],[-119.43320329,51.22730197],[-119.43374296,51.22712608],[-119.43458335,51.22709937],[-119.43560004,51.22721224],[-119.43609518,51.22670415],[-119.43670894,51.22624485],[-119.43742046,51.22590909],[-119.43804676,51.2255922],[-119.43871707,51.22536326],[-119.4393826,51.22506062],[-119.44026472,51.22474658],[-119.44123558,51.22435172],[-119.44146297,51.2240829],[-119.441637,51.22382155],[-119.44158207,51.22359795],[-119.44161718,51.22335121],[-119.44168419,51.223092],[-119.44181345,51.22282852],[-119.44196148,51.2225565],[-119.44218163,51.22229409],[-119.44247392,51.22204129],[-119.44354038,51.22189317],[-119.44356002,51.22118214],[-119.44358182,51.22051597],[-119.44372238,51.21989643],[-119.44399163,51.21924237],[-119.44438645,51.21858652],[-119.44477851,51.21796378],[-119.44499893,51.21750341],[-119.44511667,51.21704552],[-119.44502928,51.21651251],[-119.44484108,51.21590295],[-119.44435945,51.21546643],[-119.44375244,51.21508937],[-119.44379037,51.21480951],[-119.4437753,51.2144321],[-119.4437974,51.21377518],[-119.44394194,51.21310652],[-119.44420953,51.21245351],[-119.44460097,51.21182152],[-119.44486936,51.21117956],[-119.44501421,51.21052086],[-119.44503731,51.20987285],[-119.44515053,51.20949579],[-119.4451223,51.20919742],[-119.44505862,51.20892789],[-119.44481598,51.20867722],[-119.44453129,51.20843226],[-119.44421308,51.20819014],[-119.44390418,51.20794482],[-119.44417385,51.20760551],[-119.44424185,51.20725942],[-119.44396189,51.20693542],[-119.44357219,51.20660678],[-119.44315835,51.20629666],[-119.44326014,51.20605454],[-119.44339057,51.20581492],[-119.44359993,51.20557067],[-119.44382027,51.20537448],[-119.44424329,51.20515871],[-119.44425644,51.20514056],[-119.44431002,51.20506721],[-119.44448279,51.20481192],[-119.44471303,51.20456411],[-119.44498681,51.20433374],[-119.44534583,51.20408344],[-119.44576572,51.20384061],[-119.44619057,51.2036341],[-119.44693986,51.20335745],[-119.44691195,51.20310607],[-119.44688603,51.20288176],[-119.44689977,51.20260261],[-119.44697516,51.20231635],[-119.44709686,51.20205999],[-119.44724406,51.20181325],[-119.44727114,51.20177657],[-119.44735278,51.20170287],[-119.44740707,51.20163878],[-119.44757755,51.20144331],[-119.44776161,51.20121472],[-119.4479032,51.20094697],[-119.44801489,51.20068171],[-119.44804517,51.20044707],[-119.44814607,51.20019321],[-119.44823628,51.20000272],[-119.44827545,51.19992973],[-119.44839007,51.19965771],[-119.44846413,51.19953024],[-119.4485897,51.19937465],[-119.44877492,51.19909194],[-119.44894665,51.19881849],[-119.44908882,51.1985365],[-119.4492082,51.19826127],[-119.44926338,51.19798034],[-119.44927878,51.19770511],[-119.44921649,51.19742775],[-119.44928122,51.19721341],[-119.44930571,51.19695812],[-119.44833063,51.19668787],[-119.44728268,51.19656681],[-119.44616107,51.1965953],[-119.44502351,51.19657928],[-119.4439532,51.19634571],[-119.44295109,51.19589495],[-119.44312974,51.19565746],[-119.44324301,51.195457],[-119.44297707,51.1950009],[-119.44285879,51.1945658],[-119.44288779,51.19415136],[-119.44287245,51.19386402],[-119.44291562,51.19360232],[-119.44231606,51.19344993],[-119.44149782,51.19349373],[-119.44046104,51.19373442],[-119.4404638,51.19297888],[-119.44049699,51.19261535],[-119.44050157,51.19224648],[-119.44047697,51.19187226],[-119.44083303,51.1915682],[-119.44122833,51.19137593],[-119.44159263,51.19114058],[-119.44192615,51.19086179],[-119.44215099,51.19060223],[-119.44227919,51.19034373],[-119.44237147,51.19007883],[-119.44241398,51.18979933],[-119.44244228,51.18951983],[-119.44250646,51.18923071],[-119.44273207,51.18892629],[-119.4432436,51.1885827],[-119.44400371,51.18819211],[-119.44360941,51.18751063],[-119.44322255,51.18686225],[-119.44284166,51.18624664],[-119.44285176,51.18562604],[-119.4429028,51.18496841],[-119.44293021,51.18413133],[-119.44307842,51.18347655],[-119.44347697,51.18289975],[-119.44425019,51.18245788],[-119.44527105,51.18213067],[-119.44614695,51.18191455],[-119.44627336,51.18213673],[-119.44640186,51.18240377],[-119.44702193,51.18284954],[-119.44738187,51.18343276],[-119.44748188,51.18415305],[-119.44745895,51.18507095],[-119.44850551,51.18498906],[-119.44940942,51.18496699],[-119.45013546,51.1851119],[-119.4508577,51.18529064],[-119.45198835,51.18550356],[-119.45312417,51.18565951],[-119.45427635,51.18571042],[-119.45532211,51.18582329],[-119.45613413,51.18592334],[-119.45667928,51.18606968],[-119.45727255,51.18625803],[-119.45790846,51.18640366],[-119.4586375,51.18638621],[-119.45937949,51.18622385],[-119.4602345,51.18609282],[-119.46117066,51.18608428],[-119.46230146,51.18618041],[-119.46343724,51.1862445],[-119.46458081,51.18624913],[-119.46573128,51.18635986],[-119.46687547,51.18652756],[-119.46802245,51.18667639],[-119.46917722,51.18674867],[-119.47034174,51.18676007],[-119.47150754,51.18678641],[-119.472576,51.18678179],[-119.47368688,51.18668067],[-119.47482708,51.18656851],[-119.47597592,51.18654821],[-119.47711144,51.18666785],[-119.47740238,51.18608214],[-119.47768875,51.18560752],[-119.47796962,51.18524364],[-119.47836697,51.18499547],[-119.47790282,51.18452869],[-119.4775559,51.18410712],[-119.47741034,51.18356272],[-119.47734991,51.18284954],[-119.47738708,51.18194019],[-119.47752836,51.18134558],[-119.47780247,51.18078622],[-119.47832347,51.1803116],[-119.47884084,51.17984873],[-119.47948344,51.17940438],[-119.4800083,51.1788436],[-119.48041101,51.17823546],[-119.48043465,51.17757463],[-119.48019987,51.17693088],[-119.4799615,51.1762875],[-119.47985279,51.17561919],[-119.48064436,51.17500286],[-119.48142847,51.17450047],[-119.48220549,51.17396817],[-119.48298239,51.17350815],[-119.48351377,51.17287011],[-119.48391706,51.17229615],[-119.48419154,51.17178557],[-119.48471155,51.17140175],[-119.48523531,51.17091396],[-119.48551022,51.17029264],[-119.48553084,51.16964463],[-119.4855478,51.16915541],[-119.48581293,51.16885491],[-119.48507204,51.16820226],[-119.48432153,51.16755247],[-119.48349916,51.16706539],[-119.48260157,51.16659682],[-119.48179357,51.16620623],[-119.48190801,51.16594311],[-119.48206394,51.16564296],[-119.48214329,51.16535028],[-119.48219032,51.16507363],[-119.48230605,51.16473823],[-119.4824244,51.16418706],[-119.48238482,51.16351661],[-119.4821857,51.16294194],[-119.48182709,51.16238615],[-119.48159123,51.16175629],[-119.48147844,51.16113142],[-119.48149872,51.16044744],[-119.48153343,51.15976311],[-119.48155029,51.15900721],[-119.48157534,51.15841296],[-119.48146822,51.1576859],[-119.48123434,51.15694211],[-119.48074352,51.15632115],[-119.48012429,51.15586149],[-119.47937755,51.15556347],[-119.47862244,51.15538082],[-119.47785522,51.15538509],[-119.47707531,51.15557629],[-119.47666449,51.15481256],[-119.47613926,51.15417914],[-119.47550076,51.15367604],[-119.47547159,51.15339796],[-119.47620798,51.15353504],[-119.47714534,51.15376398],[-119.47820133,51.15390676],[-119.47905226,51.15394842],[-119.47976325,51.1540474],[-119.48043084,51.15423397],[-119.4810566,51.15461068],[-119.48143903,51.15480045],[-119.48190986,51.15505111],[-119.48231477,51.15530854],[-119.48261594,51.15556383],[-119.48277755,51.15581805],[-119.48286599,51.15607405],[-119.48309111,51.15627629],[-119.48338239,51.15646001],[-119.48373926,51.15662522],[-119.48413418,51.15678473],[-119.48452957,51.15696525],[-119.48488518,51.15719134],[-119.48516825,51.15743239],[-119.48542151,51.15767771],[-119.48561245,51.15794938],[-119.48573105,51.1581769],[-119.48578473,51.15840762],[-119.48582199,51.15859561],[-119.48587129,51.15880141],[-119.48611299,51.15900828],[-119.48649819,51.15926179],[-119.48726287,51.1593775],[-119.48803085,51.15938819],[-119.48879778,51.15937786],[-119.48955861,51.15951138],[-119.49070437,51.1592771],[-119.49185055,51.15919378],[-119.49299728,51.1591863],[-119.49414461,51.15915604],[-119.4953108,51.15896911],[-119.49649934,51.15878468],[-119.49771002,51.15860309],[-119.49854889,51.15842613],[-119.49934796,51.15816016],[-119.50027307,51.15786855],[-119.50132422,51.15755131],[-119.50246072,51.15723941],[-119.50362589,51.15700762],[-119.504015,51.15661845],[-119.50415031,51.15627486],[-119.50428662,51.15592202],[-119.50442487,51.15556027],[-119.50506223,51.15503616],[-119.5059493,51.15449318],[-119.50521329,51.15419125],[-119.50460081,51.15376363],[-119.50397935,51.15323346],[-119.50335123,51.15264242],[-119.50259212,51.15209196],[-119.50197097,51.15153866],[-119.5014822,51.15096434],[-119.50251407,51.15061755],[-119.50264839,51.15054207],[-119.5029486,51.15037338],[-119.50329599,51.15017818],[-119.50370077,51.14956292],[-119.50397968,51.14889532],[-119.50425597,51.14822167],[-119.5047801,51.14766587],[-119.50517535,51.1471528],[-119.50556271,51.14670881],[-119.5056972,51.14628902],[-119.50608208,51.14585108],[-119.50647343,51.14533694],[-119.5071224,51.14479538],[-119.50765129,51.14423638],[-119.50830706,51.14369767],[-119.50883382,51.14307778],[-119.5093595,51.14240093],[-119.50975814,51.1416671],[-119.51003043,51.14112056],[-119.51030136,51.14063883],[-119.51031355,51.14024895],[-119.5104539,51.13987723],[-119.51033673,51.13952901],[-119.51047539,51.13915729],[-119.51048502,51.13878308],[-119.51075344,51.13833873],[-119.51102357,51.13784417],[-119.51141978,51.13715806],[-119.5118132,51.13649936],[-119.51220311,51.13586737],[-119.5126139,51.13527062],[-119.51314754,51.13472266],[-119.51380978,51.13421956],[-119.5147159,51.13373461],[-119.51574988,51.13326356],[-119.5158243,51.13288828],[-119.51570344,51.13258706],[-119.51538617,51.1323599],[-119.51462379,51.13207256],[-119.51386668,51.13178594],[-119.5132433,51.13147689],[-119.51260551,51.13123263],[-119.51198145,51.13091717],[-119.51124281,51.13055435],[-119.51048239,51.13006692],[-119.5097311,51.12965425],[-119.5088517,51.1293096],[-119.50784246,51.12900838],[-119.50773717,51.12829698],[-119.50757063,51.12786296],[-119.50738881,51.127498],[-119.50774716,51.12681296],[-119.50800064,51.12612684],[-119.50832761,51.12547527],[-119.50872872,51.12487888],[-119.5090031,51.12425543],[-119.50914916,51.12358392],[-119.50904015,51.12292059],[-119.50867406,51.12231993],[-119.50792348,51.12182324],[-119.50691627,51.12141022],[-119.50593112,51.12104562],[-119.50519194,51.12058774],[-119.50482801,51.12002909],[-119.50472251,51.11942451],[-119.50475388,51.1189474],[-119.50477133,51.11821821],[-119.50478916,51.11748937],[-119.50481694,51.11694924],[-119.50496333,51.11619049],[-119.50510494,51.11557879],[-119.50536978,51.11512767],[-119.50546736,51.1147086],[-119.50569251,51.11431516],[-119.50578992,51.11391532],[-119.50609248,51.11352615],[-119.50652053,51.11316227],[-119.50720044,51.11284182],[-119.50796414,51.1126143],[-119.50873091,51.1124053],[-119.50962688,51.11224187],[-119.51062288,51.11201471],[-119.51171474,51.11177331],[-119.51247517,51.11156822],[-119.51293512,51.11144146],[-119.51324319,51.11132682],[-119.51360669,51.11118404],[-119.5137758,51.11113562],[-119.51387826,51.11112743],[-119.51398874,51.11114274],[-119.51410683,51.11118226],[-119.51435033,51.11093124],[-119.51448602,51.11067844],[-119.5145676,51.11042885],[-119.51459566,51.11018246],[-119.51461012,51.10993038],[-119.51489001,51.10964233],[-119.51521867,51.10938455],[-119.51551017,51.10916131],[-119.51578224,51.10900357],[-119.51584582,51.1088843],[-119.51583474,51.10879778],[-119.51645471,51.10887041],[-119.5170632,51.10887611],[-119.51765163,51.10875256],[-119.51818944,51.10863399],[-119.51867718,51.10852041],[-119.51922369,51.10841003],[-119.52001485,51.10825195],[-119.52085101,51.10803582],[-119.52152797,51.1077816],[-119.52188696,51.10770683],[-119.52221735,51.10767977],[-119.52251094,51.10762138],[-119.52284704,51.10757723],[-119.52322472,51.10754696],[-119.52361326,51.10760358],[-119.52398975,51.10769544],[-119.52457035,51.10751207],[-119.52510345,51.10732657],[-119.52558828,51.10713928],[-119.52578651,51.10699117],[-119.52621647,51.10683771],[-119.52687773,51.10667962],[-119.52696052,51.10644783],[-119.52711285,51.10627977],[-119.52733607,51.10617509],[-119.52754962,51.10601843],[-119.52776934,51.10582688],[-119.52801325,51.10549468],[-119.5280499,51.1051251],[-119.5280223,51.10487408],[-119.52782585,51.10459636],[-119.52777959,51.10435852],[-119.52780328,51.1040872],[-119.52790476,51.10377317],[-119.52795913,51.10354529],[-119.52788569,51.10341996],[-119.52768445,51.10339717],[-119.52816632,51.10315613],[-119.52875234,51.10280755],[-119.52808678,51.10265124],[-119.52749049,51.10217413],[-119.52701704,51.1016397],[-119.52704754,51.1008927],[-119.52706355,51.1001368],[-119.52709397,51.09938055],[-119.52709731,51.09866097],[-119.52724073,51.09799622],[-119.52750678,51.09735105],[-119.52776831,51.09679383],[-119.52778462,51.09624088],[-119.52742028,51.09572994],[-119.52692257,51.09516916],[-119.52628803,51.09466926],[-119.5256873,51.09428223],[-119.5249021,51.09417542],[-119.52405937,51.09428366],[-119.52388509,51.09396642],[-119.52373557,51.093589],[-119.52362924,51.0934156],[-119.52363927,51.09316352],[-119.52376622,51.09283275],[-119.52477945,51.0925593],[-119.52562605,51.09236988],[-119.52573269,51.09232252],[-119.52586268,51.09225701],[-119.52600917,51.09206474],[-119.52608687,51.09191911],[-119.52668951,51.09179231],[-119.52745951,51.09176966],[-119.52839708,51.09185131],[-119.52841198,51.09107749],[-119.52844262,51.09033031],[-119.52891781,51.08990729],[-119.52915579,51.08955736],[-119.52928192,51.08928081],[-119.52941483,51.08904108],[-119.52972132,51.08881259],[-119.53006287,51.08861632],[-119.5304395,51.08845226],[-119.53092659,51.08836376],[-119.53144493,51.08829556],[-119.5313743,51.08796132],[-119.53137731,51.08749355],[-119.53145396,51.08689228],[-119.53144617,51.08622687],[-119.53207721,51.08578248],[-119.53258048,51.08529388],[-119.53301258,51.08475185],[-119.53355048,51.08422951],[-119.53366228,51.08444595],[-119.53377078,51.08468944],[-119.53387601,51.08495998],[-119.53486119,51.08469577],[-119.53604307,51.08437331],[-119.53718335,51.08416068],[-119.5383239,51.08409793],[-119.53950653,51.08424696],[-119.53946224,51.05877357],[-119.53945265,51.05325473],[-119.53945,51.05173622],[-119.53944374,51.04812733],[-119.53943554,51.04340633],[-119.53941902,51.03388688],[-119.53944239,51.01953759],[-119.53934008,50.98837554],[-119.53933167,50.98351625],[-119.54088485,50.98350224],[-119.54659784,50.98350011],[-119.56012642,50.98349334],[-119.61283441,50.98348318],[-119.62015131,50.98347981],[-119.62056509,50.98348017],[-119.6213472,50.98348124],[-119.62141946,50.98348053],[-119.62191808,50.98348088],[-119.62198934,50.98348088],[-119.62202667,50.98348088],[-119.62206003,50.98348088],[-119.62255865,50.98348124],[-119.62298601,50.98348159],[-119.62341337,50.98348195],[-119.62391143,50.98348231],[-119.62398269,50.9834823],[-119.62405395,50.9834823],[-119.62455257,50.98348266],[-119.62540693,50.98348302],[-119.62590499,50.98348337],[-119.62597625,50.98348337],[-119.62604751,50.98348337],[-119.62654613,50.98348373],[-119.62697349,50.98348408],[-119.6272556,50.98348432],[-119.62740029,50.98348444],[-119.62789891,50.9834848],[-119.62797017,50.9834848],[-119.62804143,50.9834848],[-119.62853948,50.98348515],[-119.62939385,50.98348551],[-119.62989247,50.98348587],[-119.62996373,50.98348587],[-119.63003499,50.98348587],[-119.63053305,50.98348622],[-119.63096062,50.98348622],[-119.63138798,50.98348658],[-119.63188603,50.98348693],[-119.6319573,50.98348693],[-119.6319884,50.98348693],[-119.63202856,50.98348693],[-119.63252718,50.98348729],[-119.63338154,50.98348765],[-119.6338796,50.983488],[-119.63395086,50.983488],[-119.63402212,50.983488],[-119.63452017,50.98348836],[-119.63494754,50.98348871],[-119.63537511,50.98348871],[-119.63587316,50.98348907],[-119.63594442,50.98348907],[-119.63598119,50.98348907],[-119.63601569,50.98348907],[-119.63651431,50.98348943],[-119.63736867,50.98348978],[-119.63786673,50.98349014],[-119.63793799,50.98349014],[-119.63800925,50.98349014],[-119.63850787,50.98349049],[-119.63893488,50.98349049],[-119.63936224,50.98349085],[-119.63986029,50.98349121],[-119.63993155,50.98349121],[-119.64000282,50.98349121],[-119.64050144,50.98349156],[-119.6413558,50.98349192],[-119.64185407,50.98349192],[-119.64192533,50.98349192],[-119.64199659,50.98349192],[-119.64249465,50.98349227],[-119.64292201,50.98349263],[-119.64334958,50.98349263],[-119.64384763,50.98349299],[-119.6439189,50.98349299],[-119.64399016,50.98349299],[-119.64448878,50.98349334],[-119.64534314,50.9834937],[-119.64584141,50.9834937],[-119.64591267,50.9834937],[-119.64598372,50.98349406],[-119.64648199,50.98349405],[-119.64690935,50.98349441],[-119.64733636,50.98349441],[-119.64783498,50.98349477],[-119.64790624,50.98349477],[-119.6479775,50.98349477],[-119.64847555,50.98349512],[-119.64933049,50.98349548],[-119.64982876,50.98349548],[-119.64990002,50.98349548],[-119.64993565,50.98349548],[-119.64997071,50.98349548],[-119.65046933,50.98349584],[-119.65089691,50.98349584],[-119.6512038,50.98349619],[-119.6513237,50.98349619],[-119.65182197,50.98349619],[-119.65189323,50.98349619],[-119.65196449,50.98349619],[-119.65246311,50.98349655],[-119.6527442,50.98349655],[-119.65293028,50.98349666],[-119.65331748,50.9834969],[-119.65381575,50.9834969],[-119.65388701,50.9834969],[-119.65395806,50.98349726],[-119.65445633,50.98349726],[-119.6548839,50.98349726],[-119.65531126,50.98349762],[-119.65547245,50.98349761],[-119.65580953,50.98349762],[-119.65588079,50.98349762],[-119.65595184,50.98349797],[-119.65645011,50.98349797],[-119.6568494,50.98349797],[-119.65730447,50.98349833],[-119.65780274,50.98349833],[-119.657874,50.98349833],[-119.65794526,50.98349833],[-119.65844388,50.98349868],[-119.65887089,50.98349868],[-119.65929825,50.98349904],[-119.65972359,50.98349904],[-119.65979652,50.98349904],[-119.65986778,50.98349904],[-119.65993904,50.98349904],[-119.66043766,50.9834994],[-119.66052741,50.9834994],[-119.66106771,50.9834994],[-119.66130129,50.9834994],[-119.6617903,50.98349975],[-119.66186156,50.98349975],[-119.66193282,50.98349975],[-119.66243109,50.98349975],[-119.66285845,50.98350011],[-119.66328545,50.98350011],[-119.66378351,50.98350046],[-119.66385477,50.98350046],[-119.66392603,50.98350046],[-119.66442487,50.98350046],[-119.66527923,50.98350082],[-119.6657775,50.98350082],[-119.66584876,50.98350082],[-119.66590771,50.98350082],[-119.66592003,50.98350082],[-119.66641808,50.98350118],[-119.66659171,50.98350118],[-119.66684565,50.98350118],[-119.66712957,50.98350118],[-119.66727266,50.98350118],[-119.66777107,50.98350189],[-119.66784233,50.98350189],[-119.66791359,50.98350189],[-119.668412,50.9835026],[-119.66926615,50.98350331],[-119.66976456,50.98350402],[-119.66983582,50.98350402],[-119.66990708,50.98350402],[-119.67040549,50.98350474],[-119.67083285,50.98350509],[-119.67125964,50.98350545],[-119.67175826,50.9835058],[-119.67182931,50.98350616],[-119.67190058,50.98350616],[-119.6723992,50.98350652],[-119.67295416,50.98350723],[-119.67325314,50.98350758],[-119.67375176,50.98350794],[-119.67382302,50.98350794],[-119.67389428,50.98350794],[-119.67439269,50.98350865],[-119.67482005,50.98350901],[-119.67524684,50.98350937],[-119.67574546,50.98350972],[-119.67581651,50.98351008],[-119.67588777,50.98351008],[-119.67638639,50.98351043],[-119.67724033,50.9835115],[-119.67773895,50.98351186],[-119.67781021,50.98351186],[-119.67788148,50.98351186],[-119.67837989,50.98351257],[-119.6787784,50.98351293],[-119.67880724,50.98351293],[-119.67923425,50.98351293],[-119.67973252,50.98351293],[-119.67980378,50.98351293],[-119.67987504,50.98351293],[-119.68037331,50.98351293],[-119.68074185,50.98351328],[-119.68122768,50.98351328],[-119.68172595,50.98351328],[-119.68179721,50.98351328],[-119.68186847,50.98351328],[-119.68236674,50.98351328],[-119.68279431,50.98351328],[-119.68309746,50.98351328],[-119.68322132,50.98351328],[-119.68371994,50.98351364],[-119.6837912,50.98351364],[-119.6838619,50.98351364],[-119.68436073,50.98351364],[-119.68459375,50.98351364],[-119.68521475,50.98351364],[-119.68571358,50.98351364],[-119.68578428,50.98351364],[-119.68585554,50.98351364],[-119.68635437,50.98351364],[-119.68678138,50.98351364],[-119.68720874,50.98351399],[-119.68770701,50.98351399],[-119.68777827,50.98351399],[-119.68784953,50.98351399],[-119.6883478,50.98351399],[-119.68920238,50.98351399],[-119.68970065,50.98351399],[-119.68977191,50.98351399],[-119.68984317,50.98351399],[-119.69034144,50.98351399],[-119.69040875,50.98351399],[-119.69076845,50.98351399],[-119.69119545,50.98351399],[-119.69169429,50.98351399],[-119.69176555,50.98351399],[-119.69183625,50.98351399],[-119.69233508,50.98351399],[-119.69318945,50.98351435],[-119.69368772,50.98351435],[-119.69375898,50.98351435],[-119.69383024,50.98351435],[-119.69432851,50.98351435],[-119.69475552,50.98351435],[-119.69518309,50.98351435],[-119.69568136,50.98351435],[-119.69575262,50.98351435],[-119.69582388,50.98351435],[-119.69622374,50.98351435],[-119.69632215,50.98351435],[-119.69717616,50.98351435],[-119.697675,50.98351435],[-119.69774626,50.98351435],[-119.69781696,50.98351435],[-119.69831579,50.98351435],[-119.6987428,50.98351435],[-119.69916981,50.98351435],[-119.69966864,50.98351435],[-119.6997399,50.98351435],[-119.6998106,50.98351435],[-119.70030943,50.98351435],[-119.70087161,50.98351435],[-119.70116366,50.98351399],[-119.70166193,50.98351399],[-119.70173319,50.98351399],[-119.70180445,50.98351399],[-119.70203916,50.98351399],[-119.70230293,50.98351364],[-119.70235329,50.98351364],[-119.7024087,50.98351364],[-119.70254986,50.98351332],[-119.70255029,50.98351332],[-119.7027298,50.98351293],[-119.70280785,50.98351292],[-119.70315723,50.98351221],[-119.70365536,50.9835115],[-119.70368973,50.9835115],[-119.70372663,50.9835115],[-119.70375377,50.9835115],[-119.70379789,50.9835115],[-119.7041227,50.98351081],[-119.70429623,50.98351043],[-119.70434409,50.98351043],[-119.70434543,50.98351043],[-119.70456339,50.98351008],[-119.70515053,50.98350901],[-119.70564922,50.9835083],[-119.70567569,50.9835083],[-119.70572049,50.9835083],[-119.70574189,50.98350819],[-119.7057914,50.98350794],[-119.70629009,50.98350723],[-119.70671696,50.98350652],[-119.70714439,50.9835058],[-119.70764252,50.98350509],[-119.70771378,50.98350509],[-119.70774997,50.98350491],[-119.70778526,50.98350474],[-119.70828339,50.98350403],[-119.70913769,50.9835026],[-119.70925431,50.98350243],[-119.70963638,50.98350189],[-119.70966221,50.98350176],[-119.70970729,50.98350153],[-119.70977855,50.98350153],[-119.70991975,50.98350133],[-119.71027725,50.98350082],[-119.71070411,50.98350011],[-119.71070403,50.98350003],[-119.70786502,50.98068706],[-119.69794699,50.97386844],[-119.69622839,50.97254188],[-119.6860897,50.96824776],[-119.67966906,50.9670715],[-119.67828917,50.96580822],[-119.67727426,50.96449083],[-119.67679821,50.96345543],[-119.67293564,50.95518511],[-119.67246012,50.95416673],[-119.67244858,50.95409552],[-119.66869823,50.95067315],[-119.6651042,50.94975311],[-119.65883212,50.94709618],[-119.65816924,50.94652807],[-119.65800215,50.94638486],[-119.65784496,50.94563002],[-119.6573108,50.945217],[-119.6568313,50.94418588],[-119.65678672,50.9434168],[-119.65691938,50.94252952],[-119.65673947,50.94171487],[-119.65679749,50.94127194],[-119.65648489,50.94050145],[-119.65625847,50.93910572],[-119.65625325,50.93866279],[-119.65590736,50.93589698],[-119.65573539,50.93542699],[-119.65534483,50.93520054],[-119.65467386,50.93500827],[-119.65406479,50.93496127],[-119.65349189,50.93486158],[-119.65298115,50.93486158],[-119.65106223,50.93505385],[-119.65051551,50.93507236],[-119.64981605,50.93502536],[-119.64937022,50.93488721],[-119.64896088,50.93483879],[-119.64877883,50.93476188],[-119.64860567,50.93461377],[-119.64833482,50.93421071],[-119.64836374,50.93385039],[-119.64850701,50.93359688],[-119.64863672,50.93349006],[-119.64878025,50.93304429],[-119.64897823,50.93271102],[-119.64917695,50.93181234],[-119.64921996,50.93126687],[-119.64902937,50.93072282],[-119.64829847,50.92988966],[-119.64798884,50.92966036],[-119.64707353,50.92958915],[-119.64621492,50.92929577],[-119.64545756,50.92893544],[-119.64435558,50.92816352],[-119.6435869,50.9273973],[-119.64317803,50.92678061],[-119.64271594,50.92577512],[-119.64248424,50.92542761],[-119.6424102,50.92529801],[-119.64308139,50.92529872],[-119.6437761,50.92529979],[-119.6464324,50.92530447],[-119.66613976,50.92533718],[-119.66613798,50.91074402],[-119.66613033,50.90695602],[-119.66611963,50.90164954],[-119.66611866,50.90116603],[-119.66611642,50.90005808],[-119.66610869,50.89622171],[-119.66611522,50.88892264],[-119.66612317,50.88166664],[-119.66613824,50.86758264],[-119.67083576,50.86526616],[-119.66614799,50.86386688],[-119.65816041,50.86148138],[-119.65471322,50.86045162],[-119.65392997,50.86021773],[-119.65261354,50.85982461],[-119.65146874,50.85948245],[-119.65016375,50.85909257],[-119.64964028,50.85893626],[-119.64958725,50.85898682],[-119.6495781,50.8590769],[-119.64959764,50.85917553],[-119.64962713,50.85924923],[-119.64964721,50.85930015],[-119.6496521,50.85938097],[-119.64965922,50.85948992],[-119.64966215,50.85954405],[-119.64967821,50.85959603],[-119.64969481,50.85965086],[-119.64971312,50.85970284],[-119.64973181,50.8598029],[-119.64975272,50.85989084],[-119.64977121,50.85998092],[-119.64977791,50.86009806],[-119.64978288,50.86016002],[-119.64978488,50.8602241],[-119.64978978,50.86028713],[-119.64979299,50.86035015],[-119.64979515,50.8604121],[-119.64979779,50.86047512],[-119.64980326,50.86053814],[-119.64979117,50.86059191],[-119.6498082,50.86064603],[-119.64979787,50.86070905],[-119.64980285,50.860771],[-119.64979075,50.86083509],[-119.64977986,50.86089811],[-119.64977079,50.86096184],[-119.6497599,50.86102487],[-119.64975013,50.86108789],[-119.64973987,50.86116017],[-119.64974327,50.86123316],[-119.649746,50.86129511],[-119.64975118,50.86136703],[-119.6497539,50.86142899],[-119.64975675,50.86150198],[-119.64976201,50.86157283],[-119.64977988,50.86163585],[-119.64978287,50.86171703],[-119.64979205,50.86183382],[-119.64979427,50.86190503],[-119.6497991,50.86196912],[-119.64978814,50.86202288],[-119.64975023,50.86211296],[-119.64969799,50.86219592],[-119.6496459,50.86228707],[-119.64959374,50.86236896],[-119.64952895,50.86246901],[-119.64951722,50.86252313],[-119.64950703,50.86258687],[-119.64948176,50.86264099],[-119.64948526,50.86269511],[-119.64947309,50.86274994],[-119.64946305,50.86280406],[-119.6494662,50.86285782],[-119.6494539,50.86291194],[-119.64944386,50.86296606],[-119.64944701,50.86301983],[-119.64943618,50.86310991],[-119.64938318,50.8631829],[-119.64934717,50.86326515],[-119.64928119,50.86335594],[-119.64920089,50.86344709],[-119.64911924,50.86353112],[-119.64903993,50.86361408],[-119.64897199,50.86367817],[-119.64893402,50.86375899],[-119.64888094,50.86383305],[-119.64878611,50.86390711],[-119.64869213,50.86399007],[-119.64858101,50.86406591],[-119.64848627,50.8641211],[-119.648405,50.86418483],[-119.64829422,50.86426103],[-119.64819688,50.86431586],[-119.64808816,50.86438208],[-119.64797712,50.86443905],[-119.64785402,50.86450385],[-119.64771483,50.86458788],[-119.64757903,50.86467191],[-119.6474562,50.86475594],[-119.64737415,50.86482003],[-119.64732107,50.86489409],[-119.64725509,50.86496708],[-119.64720089,50.86504114],[-119.64710783,50.86513193],[-119.64704107,50.86522308],[-119.64697577,50.86532491],[-119.64691014,50.86541606],[-119.64685623,50.86547089],[-119.64681686,50.86552501],[-119.64677585,50.86558091],[-119.64675416,50.865645],[-119.64672593,50.86569093],[-119.64668712,50.86574505],[-119.64666072,50.86579917],[-119.64663615,50.865854],[-119.64661088,50.86590812],[-119.64659999,50.86597115],[-119.64657689,50.86604414],[-119.64656425,50.8660979],[-119.64654115,50.86617089],[-119.64650497,50.86631616],[-119.64649493,50.86638808],[-119.6465002,50.86644113],[-119.64648699,50.8664949],[-119.64649106,50.86654902],[-119.646494,50.86660314],[-119.64648184,50.86665797],[-119.64648683,50.86671992],[-119.6464751,50.86677404],[-119.64644989,50.86682994],[-119.64644013,50.86689297],[-119.64642804,50.86695705],[-119.646418,50.86701117],[-119.64639328,50.8671009],[-119.64637202,50.86719988],[-119.64633615,50.86730812],[-119.64630924,50.86736402],[-119.64628285,50.86741814],[-119.64626081,50.86748188],[-119.64623498,50.867536],[-119.64620915,50.86759012],[-119.64618289,50.86764495],[-119.64614603,50.8677361],[-119.64606412,50.8678009],[-119.64596704,50.86785715],[-119.64584296,50.86790487],[-119.64571697,50.86793513],[-119.64563296,50.86793691],[-119.64553182,50.86793905],[-119.64543427,50.86794083],[-119.64533305,50.86794403],[-119.64523297,50.86793691],[-119.64514883,50.86793798],[-119.64505008,50.86794083],[-119.64492177,50.86794403],[-119.64473718,50.86794795],[-119.6446371,50.86794083],[-119.6445229,50.86794403],[-119.6444092,50.86793798],[-119.64428111,50.86794083],[-119.64415374,50.86793406],[-119.64403919,50.86793691],[-119.64392492,50.86793086],[-119.64381201,50.86793193],[-119.64370007,50.86793513],[-119.64358495,50.86793798],[-119.64348487,50.86793086],[-119.64337124,50.86793406],[-119.64325894,50.86793691],[-119.64313072,50.86793905],[-119.64301617,50.8679419],[-119.64291784,50.86794403],[-119.64280386,50.86794688],[-119.64269016,50.86794083],[-119.64258909,50.8679419],[-119.64247715,50.8679451],[-119.64236316,50.86794795],[-119.64223486,50.86795115],[-119.64205182,50.86797216],[-119.64195279,50.86798391],[-119.64185488,50.86800314],[-119.64177122,50.86802308],[-119.64168699,50.86804301],[-119.64158794,50.86806509],[-119.64150428,50.86808503],[-119.64140595,50.86810497],[-119.64130677,50.86811601],[-119.64120802,50.86814413],[-119.64112709,50.86818294],[-119.6410291,50.86822104],[-119.64094586,50.86825807],[-119.64084801,50.86829688],[-119.64076412,50.86833498],[-119.64066678,50.86837201],[-119.64053096,50.86845603],[-119.64036276,50.86853294],[-119.64026598,50.86856997],[-119.64018195,50.86859988],[-119.64008424,50.86862908],[-119.64000205,50.86866717],[-119.639904,50.86869601],[-119.63982104,50.86872414],[-119.63972178,50.86875405],[-119.63963811,50.86877399],[-119.63955516,50.86880212],[-119.63947008,50.86883096],[-119.63938718,50.86886087],[-119.63924806,50.86892602],[-119.63915195,50.86899189],[-119.63910211,50.86908304],[-119.63907627,50.86913716],[-119.63907886,50.86919093],[-119.63906712,50.86924505],[-119.63905874,50.8693451],[-119.6390619,50.86939886],[-119.63906511,50.86946188],[-119.63907002,50.8695249],[-119.63907275,50.86958686],[-119.63909006,50.86964988],[-119.63909399,50.86972109],[-119.6390979,50.86978482],[-119.63911615,50.86983787],[-119.6391188,50.8699009],[-119.63913584,50.86995501],[-119.63915493,50.87001697],[-119.63915877,50.87010705],[-119.63916024,50.87014301],[-119.6391648,50.87018787],[-119.63916788,50.87026799],[-119.63916007,50.87036804],[-119.63906579,50.8704599],[-119.63900016,50.87055105],[-119.6389058,50.87064398],[-119.63878219,50.87071804],[-119.63864321,50.8707839],[-119.63853215,50.87084087],[-119.63842293,50.87090603],[-119.63829805,50.8709719],[-119.63815991,50.87102887],[-119.63803287,50.87105807],[-119.63792006,50.87108797],[-119.63778074,50.87111788],[-119.63764111,50.87116702],[-119.637501,50.87121508],[-119.63734904,50.87128095],[-119.6372111,50.87134789],[-119.63712588,50.87137602],[-119.63704418,50.87140486],[-119.63690582,50.87147999],[-119.63676619,50.87154692],[-119.63665809,50.87162989],[-119.63656283,50.87171213],[-119.63646672,50.871778],[-119.63637105,50.87184316],[-119.63628996,50.87191686],[-119.63622201,50.87198095],[-119.63615679,50.87206391],[-119.63611993,50.87215506],[-119.63608026,50.87223589],[-119.63604381,50.87231885],[-119.63601973,50.87240003],[-119.63598006,50.87248085],[-119.63595673,50.872572],[-119.63592108,50.87266208],[-119.63586807,50.87275287],[-119.63577399,50.8728369],[-119.63564996,50.87289387],[-119.63555287,50.87295013],[-119.63542708,50.87299784],[-119.63530114,50.87304484],[-119.63516208,50.87309397],[-119.63500786,50.87314204],[-119.63485477,50.87319011],[-119.63470181,50.87323889],[-119.63461715,50.87326701],[-119.63446398,50.87331615],[-119.63433988,50.87336386],[-119.63420025,50.873413],[-119.63407488,50.87345999],[-119.6339498,50.87349809],[-119.63382392,50.87354687],[-119.63368381,50.87359494],[-119.63353015,50.87364301],[-119.63343208,50.87367185],[-119.63336117,50.87369214],[-119.63320773,50.87373985],[-119.63305512,50.87378899],[-119.6329871,50.87382602],[-119.63290194,50.87385592],[-119.63274828,50.87390399],[-119.63259715,50.87396096],[-119.63248609,50.87401793],[-119.63235994,50.87408309],[-119.63225212,50.87415714],[-119.63215606,50.87425007],[-119.63209126,50.87435013],[-119.63202688,50.87444199],[-119.63193175,50.87452495],[-119.63185201,50.8746161],[-119.63179779,50.87469016],[-119.63174416,50.87473609],[-119.63169123,50.87480801],[-119.63159596,50.87486498],[-119.63151381,50.87494794],[-119.63143279,50.8750309],[-119.63136791,50.87513202],[-119.63131814,50.8752399],[-119.63129089,50.87528512],[-119.63128119,50.87534992],[-119.63127095,50.87541187],[-119.63127388,50.87546599],[-119.63126412,50.87552901],[-119.63126621,50.87559204],[-119.63128326,50.87564616],[-119.63130108,50.87569992],[-119.63130501,50.87577113],[-119.63130972,50.87584198],[-119.63131285,50.87592388],[-119.63126321,50.876025],[-119.6312368,50.87607912],[-119.63118478,50.876187],[-119.6311482,50.87628705],[-119.63112482,50.87635114],[-119.6310709,50.87640597],[-119.63105917,50.87646009],[-119.6310329,50.87651492],[-119.63099809,50.87661391],[-119.63095897,50.87670506],[-119.63090597,50.87677805],[-119.63083877,50.87685211],[-119.63074393,50.87692616],[-119.63063484,50.87699203],[-119.630523,50.87705683],[-119.63041425,50.87712306],[-119.63028908,50.87718003],[-119.63016427,50.87722703],[-119.63008074,50.87725516],[-119.62998378,50.87731212],[-119.62991483,50.87735912],[-119.62980517,50.87742499],[-119.62970914,50.87747199],[-119.62958509,50.87752896],[-119.62945893,50.87759412],[-119.62932078,50.87765109],[-119.6291829,50.87771696],[-119.62904509,50.87779208],[-119.62893586,50.87787504],[-119.62883988,50.8779491],[-119.62874404,50.87802387],[-119.62866508,50.87809686],[-119.62859675,50.87817092],[-119.62854508,50.87825388],[-119.62850604,50.87832616],[-119.62845107,50.87837993],[-119.62841288,50.87843583],[-119.62838605,50.87847286],[-119.62834625,50.87850989],[-119.62827772,50.87857397],[-119.62819523,50.87862097],[-119.62808193,50.87863201],[-119.62796792,50.87863486],[-119.62782702,50.87862987],[-119.62769877,50.87863201],[-119.62754074,50.87863486],[-119.62738687,50.87862987],[-119.62724203,50.87860709],[-119.62712811,50.87859106],[-119.62704282,50.87859213],[-119.62681201,50.8785341],[-119.62671182,50.87852804],[-119.62662506,50.87851095],[-119.62652376,50.8784871],[-119.62638125,50.87848104],[-119.62625314,50.87846609],[-119.6261239,50.87845114],[-119.62599487,50.87843583],[-119.62586611,50.87842194],[-119.62573611,50.87839702],[-119.62563714,50.87837209],[-119.62553605,50.87834788],[-119.6254351,50.87833186],[-119.62532082,50.878308],[-119.62519081,50.87828308],[-119.62507506,50.87824107],[-119.62494491,50.87820795],[-119.62483,50.87817484],[-119.6247,50.87813211],[-119.62456893,50.87809117],[-119.62443915,50.87804809],[-119.62432303,50.87801604],[-119.62417689,50.87797296],[-119.62409174,50.87795694],[-119.62394826,50.87791599],[-119.62380212,50.87787291],[-119.62367302,50.87784086],[-119.62354322,50.87780811],[-119.62342775,50.87777499],[-119.62329797,50.87773191],[-119.62316691,50.87769096],[-119.62303606,50.87765714],[-119.6229079,50.87761513],[-119.62276294,50.87757382],[-119.62264705,50.8775311],[-119.62252898,50.87747983],[-119.62239899,50.8774371],[-119.62226793,50.87739615],[-119.62213815,50.87735307],[-119.62202127,50.87731106],[-119.62189128,50.87726085],[-119.62177525,50.87720994],[-119.62168794,50.87717504],[-119.62160195,50.87715012],[-119.62151421,50.87711594],[-119.6214271,50.87709102],[-119.6213388,50.87705683],[-119.62125521,50.8770401],[-119.62081888,50.87689804],[-119.6207009,50.87682789],[-119.6206138,50.87678517],[-119.62049701,50.87674209],[-119.62036617,50.87668298],[-119.62023401,50.87661391],[-119.62010228,50.87654412],[-119.61997088,50.87648502],[-119.61982713,50.87643517],[-119.61969476,50.87637393],[-119.6195638,50.87631411],[-119.61946013,50.87625394],[-119.61934391,50.87619305],[-119.61921279,50.87614285],[-119.61909714,50.87608196],[-119.61896484,50.87602998],[-119.6188352,50.87598013],[-119.61870284,50.87591889],[-119.61857207,50.87586904],[-119.61845586,50.87580816],[-119.61835416,50.87575689],[-119.61822418,50.87571416],[-119.61807783,50.87566396],[-119.61793388,50.87562194],[-119.61780198,50.8755721],[-119.61768605,50.87552011],[-119.61758303,50.87545887],[-119.61749278,50.87539799],[-119.61741924,50.87534494],[-119.61734611,50.87529402],[-119.61725699,50.87523314],[-119.61718176,50.87518008],[-119.61708191,50.875137],[-119.61697915,50.87509499],[-119.61687676,50.875043],[-119.61677311,50.87496503],[-119.61667387,50.87494901],[-119.6165721,50.87492408],[-119.61647018,50.87489097],[-119.61639496,50.87483792],[-119.61632192,50.87476813],[-119.61623195,50.87471615],[-119.61614473,50.87465491],[-119.61605616,50.87461182],[-119.61592605,50.87456091],[-119.61580787,50.87450892],[-119.61567691,50.87444911],[-119.61557523,50.87439784],[-119.61547276,50.87434692],[-119.61538513,50.87429387],[-119.61525178,50.87422586],[-119.61513614,50.87416498],[-119.61503396,50.87410516],[-119.61494506,50.87404392],[-119.61482781,50.87398197],[-119.6147111,50.87392286],[-119.61459292,50.87387088],[-119.61448999,50.87380109],[-119.61441484,50.87373202],[-119.61431325,50.87366188],[-119.61421003,50.87360099],[-119.61409185,50.87354901],[-119.61398883,50.87349809],[-119.61388724,50.87342795],[-119.61379813,50.87336706],[-119.61369618,50.87330689],[-119.61361928,50.87323604],[-119.61353186,50.87317515],[-119.613441,50.87310501],[-119.61335183,50.87303487],[-119.61326498,50.87297398],[-119.61316174,50.8729309],[-119.613059,50.87288889],[-119.61297298,50.8728369],[-119.61288528,50.87278492],[-119.61279496,50.8727251],[-119.61272074,50.87266386],[-119.61265887,50.87260084],[-119.61258613,50.87253996],[-119.61252502,50.8724869],[-119.61246295,50.87239896],[-119.61244679,50.87233594],[-119.61254186,50.87227185],[-119.61262294,50.87217109],[-119.6126331,50.87209809],[-119.61263019,50.87204397],[-119.61262495,50.87197312],[-119.6126062,50.87189194],[-119.6125751,50.87182002],[-119.61252628,50.87174097],[-119.61248107,50.87166905],[-119.61240594,50.87159998],[-119.61230097,50.87152983],[-119.61221489,50.87147892],[-119.61211176,50.87141697],[-119.61202209,50.87135608],[-119.61192021,50.87130517],[-119.61181722,50.87124392],[-119.61170074,50.87119194],[-119.61161211,50.87114993],[-119.61148093,50.87107088],[-119.61135,50.87101107],[-119.61125998,50.87094983],[-119.6111558,50.87087185],[-119.61106812,50.87080206],[-119.61097811,50.87074082],[-119.61088921,50.87068991],[-119.61078608,50.87062795],[-119.61068387,50.87055888],[-119.61057977,50.87047984],[-119.61049097,50.87041005],[-119.61040286,50.87034098],[-119.61031089,50.87027083],[-119.61021107,50.87020995],[-119.61010591,50.87014016],[-119.60997379,50.87007109],[-119.60987102,50.87000201],[-119.60978187,50.86993187],[-119.60967783,50.86986209],[-119.60957514,50.86979194],[-119.60948704,50.86972287],[-119.60941025,50.86965095],[-119.60932221,50.86959113],[-119.60924781,50.86951992],[-119.60914321,50.86945013],[-119.60903904,50.86937216],[-119.60894989,50.86930202],[-119.60884572,50.86922404],[-119.60874193,50.8691361],[-119.6086518,50.86904886],[-119.60856324,50.86896092],[-119.60847219,50.86889113],[-119.60839809,50.86881102],[-119.60830802,50.86873304],[-119.60824703,50.86866112],[-119.60817191,50.86859205],[-119.60812587,50.86852903],[-119.60806612,50.86846814],[-119.60800527,50.86839693],[-119.60792826,50.86831789],[-119.60786889,50.86824703],[-119.60779385,50.86817689],[-119.60771785,50.86809713],[-119.60765608,50.86801809],[-119.60758077,50.86793905],[-119.60750694,50.86786784],[-119.60743113,50.86779805],[-119.60734108,50.86772007],[-119.60726472,50.86763996],[-119.60719111,50.86756092],[-119.60714499,50.86749897],[-119.60708382,50.86744698],[-119.60702284,50.86737506],[-119.60696104,50.86726896],[-119.60691482,50.86722587],[-119.60682495,50.86712796],[-119.60677883,50.86706601],[-119.60671776,50.86699515],[-119.60667207,50.86692501],[-119.60660918,50.86684597],[-119.60654877,50.86677404],[-119.60650426,50.86671316],[-119.60646993,50.86664195],[-119.60643877,50.86657109],[-119.60639273,50.86650807],[-119.60634576,50.86645502],[-119.60624184,50.86635889],[-119.60614009,50.8662891],[-119.60605183,50.86625492],[-119.605964,50.86622003],[-119.60587879,50.86622287],[-119.60576612,50.86624317],[-119.60559877,50.86628305],[-119.60551424,50.86631189],[-119.60538774,50.86634108],[-119.60524534,50.86615914],[-119.60474693,50.86552003],[-119.60410285,50.8646979],[-119.60406726,50.86458112],[-119.60403243,50.8644743],[-119.60397235,50.86441306],[-119.60389873,50.86435182],[-119.603783,50.86430055],[-119.60366662,50.86425782],[-119.60353617,50.86424216],[-119.60340937,50.86422791],[-119.60327881,50.86419373],[-119.60314901,50.86416952],[-119.60303327,50.86411825],[-119.60290239,50.86405843],[-119.60275571,50.86399862],[-119.60261128,50.8639388],[-119.60247879,50.86387044],[-119.60236069,50.86380065],[-119.60225677,50.86372232],[-119.60213996,50.86363544],[-119.60203433,50.86353005],[-119.6019273,50.86342323],[-119.60182241,50.86332781],[-119.60173182,50.86321245],[-119.60162619,50.86310706],[-119.60152056,50.86300167],[-119.60142997,50.86288631],[-119.60132434,50.86278092],[-119.60123225,50.86267553],[-119.6011552,50.86256016],[-119.60107815,50.8624448],[-119.60100046,50.86233799],[-119.60095275,50.86222263],[-119.60088849,50.8620973],[-119.60082499,50.86198194],[-119.60080715,50.86192924],[-119.60077491,50.86184806],[-119.60072559,50.86172415],[-119.60067649,50.86160737],[-119.60062652,50.86149201],[-119.60057807,50.86136668],[-119.60052875,50.86124277],[-119.60049157,50.86111744],[-119.60044387,50.86100208],[-119.60041002,50.86091235],[-119.60038972,50.86082263],[-119.6003851,50.86071439],[-119.60039252,50.86061612],[-119.60037211,50.86050788],[-119.60032451,50.86041103],[-119.60027606,50.8602857],[-119.60024297,50.86020595],[-119.60023879,50.86014186],[-119.600236,50.86007919],[-119.60021741,50.86001653],[-119.60022644,50.8599268],[-119.60022204,50.85985559],[-119.60024783,50.85978296],[-119.60027136,50.85971032],[-119.60030994,50.85962772],[-119.6003612,50.85954654],[-119.60040149,50.85949099],[-119.60045597,50.8594269],[-119.60047961,50.85937278],[-119.60052065,50.85932721],[-119.60055998,50.85925457],[-119.60059802,50.85919903],[-119.60066603,50.85913494],[-119.60071976,50.85906088],[-119.60075587,50.85897116],[-119.60078101,50.85890707],[-119.6008197,50.85884298],[-119.60086064,50.85877889],[-119.60091286,50.8587148],[-119.60096411,50.85863362],[-119.60103041,50.85854247],[-119.60106964,50.85845132],[-119.60112014,50.85836017],[-119.60117301,50.85828754],[-119.60124027,50.85821348],[-119.6012941,50.85815793],[-119.60133279,50.85809384],[-119.60135697,50.85801266],[-119.60137954,50.85792294],[-119.60140362,50.85782324],[-119.60144058,50.85773209],[-119.6014783,50.85765091],[-119.60154557,50.85757686],[-119.60162637,50.8575028],[-119.60169503,50.85743016],[-119.60176004,50.8573561],[-119.6018129,50.85728347],[-119.60188081,50.85720086],[-119.60193293,50.85711826],[-119.60199933,50.85704563],[-119.60208174,50.85698011],[-119.6021633,50.85691602],[-119.6022441,50.85684196],[-119.60231136,50.8567679],[-119.60237777,50.85669527],[-119.60242999,50.85663118],[-119.60248371,50.85655712],[-119.60253497,50.85647594],[-119.60257355,50.85639334],[-119.60262642,50.8563207],[-119.60269443,50.85625661],[-119.60276105,50.8561911],[-119.6028426,50.85612701],[-119.60290986,50.85605295],[-119.60296273,50.85598032],[-119.60301388,50.85588062],[-119.60305257,50.85581653],[-119.60310533,50.85572538],[-119.60320031,50.85564278],[-119.60328272,50.85557727],[-119.60337706,50.85550321],[-119.60345851,50.8554206],[-119.60355349,50.855338],[-119.60363268,50.85525539],[-119.60369994,50.85518134],[-119.60378139,50.85509873],[-119.60384769,50.85500758],[-119.60392784,50.85494207],[-119.60400939,50.85487798],[-119.60409255,50.85482243],[-119.60417431,50.85476547],[-119.60424168,50.85470992],[-119.60433902,50.85464583],[-119.60443497,50.85458032],[-119.60452941,50.85452478],[-119.60462536,50.85445926],[-119.60470851,50.85440372],[-119.60477588,50.85434817],[-119.60484476,50.85428266],[-119.60491116,50.85421002],[-119.60499206,50.85415448],[-119.60504654,50.85409039],[-119.60509876,50.8540263],[-119.60512391,50.85396221],[-119.60514906,50.85389812],[-119.60522889,50.85380697],[-119.60532312,50.8537144],[-119.60542046,50.85365031],[-119.60552994,50.8535848],[-119.60562589,50.85351928],[-119.60573698,50.85346231],[-119.60554386,50.85344783],[-119.60547583,50.85344273],[-119.60543583,50.85344251],[-119.60505365,50.8534404],[-119.60245164,50.853426],[-119.59669752,50.85342457],[-119.59245394,50.85341354],[-119.58584187,50.85641256],[-119.58320841,50.85760686],[-119.58260955,50.85787843],[-119.57741423,50.86023407],[-119.57699013,50.86311774],[-119.57639836,50.86714541],[-119.57631656,50.86714541],[-119.57604611,50.86714576],[-119.57597221,50.86714576],[-119.57547518,50.86714576],[-119.57540445,50.86714612],[-119.57533336,50.86714612],[-119.57483578,50.86714612],[-119.57398403,50.86714683],[-119.5736083,50.86714683],[-119.57318266,50.86714541],[-119.57268501,50.86714363],[-119.57261415,50.86714327],[-119.57254328,50.86714291],[-119.5720462,50.86714113],[-119.571194,50.86713793],[-119.57069636,50.86713615],[-119.57062584,50.86713615],[-119.5705544,50.86713579],[-119.57005733,50.86713401],[-119.56963133,50.86713223],[-119.56920513,50.86713081],[-119.56870805,50.86712903],[-119.56867759,50.86712903],[-119.56863718,50.86712867],[-119.56856575,50.86712832],[-119.56806867,50.86712654],[-119.56783836,50.86712582],[-119.56721626,50.86712369],[-119.56671939,50.86712155],[-119.56664831,50.86712155],[-119.56657744,50.86712119],[-119.56608037,50.86711941],[-119.56565381,50.86711763],[-119.5652276,50.86711621],[-119.56473052,50.86711443],[-119.56465966,50.86711407],[-119.56458879,50.86711372],[-119.56409171,50.86711194],[-119.56323895,50.86710873],[-119.56274187,50.86710695],[-119.56269448,50.86710695],[-119.562671,50.8671066],[-119.56259992,50.8671066],[-119.56210284,50.86710482],[-119.56206808,50.86710446],[-119.56199361,50.86710446],[-119.56149694,50.86710482],[-119.56142585,50.86710482],[-119.56135477,50.86710482],[-119.56085718,50.86710482],[-119.56000509,50.86710517],[-119.55950806,50.86710517],[-119.55943698,50.86710517],[-119.55936568,50.86710553],[-119.55886866,50.86710553],[-119.55844272,50.86710553],[-119.55801656,50.86710588],[-119.55751954,50.86710588],[-119.55744845,50.86710588],[-119.55737737,50.86710588],[-119.55688013,50.86710624],[-119.55602769,50.86710624],[-119.55553045,50.8671066],[-119.55545937,50.8671066],[-119.55538885,50.8671066],[-119.55489126,50.8671066],[-119.55446532,50.8671066],[-119.55403916,50.86710695],[-119.55354214,50.86710695],[-119.55347106,50.86710695],[-119.55339997,50.86710695],[-119.55290273,50.86710731],[-119.55205029,50.86710731],[-119.55155305,50.86710766],[-119.55148197,50.86710766],[-119.55141088,50.86710766],[-119.55091386,50.86710766],[-119.550654,50.86710766],[-119.55048792,50.86710766],[-119.55043884,50.86710766],[-119.5499416,50.86710802],[-119.54987051,50.86710802],[-119.54979943,50.86710802],[-119.54930241,50.86710802],[-119.54845031,50.86710838],[-119.5481446,50.8671086],[-119.54795307,50.86710873],[-119.54788199,50.86710873],[-119.54781091,50.86710873],[-119.54731388,50.86710873],[-119.54688738,50.86710873],[-119.54646122,50.86710909],[-119.5459642,50.86710909],[-119.54594671,50.86710909],[-119.54592922,50.86710909],[-119.54589312,50.86710909],[-119.54582203,50.86710909],[-119.54533307,50.86710944],[-119.54532479,50.86710944],[-119.54531237,50.86710945],[-119.54447292,50.86710944],[-119.54397568,50.8671098],[-119.54390459,50.8671098],[-119.54383351,50.8671098],[-119.54333649,50.8671098],[-119.54299555,50.86711009],[-119.54291033,50.86711016],[-119.54272667,50.86711016],[-119.54248383,50.86711016],[-119.5419868,50.86711016],[-119.54191572,50.86711016],[-119.54184463,50.86711016],[-119.5413474,50.86711051],[-119.54049552,50.86711051],[-119.53999828,50.86711087],[-119.53992719,50.86711087],[-119.53985611,50.86711087],[-119.53935908,50.86711087],[-119.53893293,50.86711123],[-119.53850691,50.86711229],[-119.53800924,50.86711336],[-119.53793851,50.86711372],[-119.53786742,50.86711372],[-119.5373701,50.86711514],[-119.53692377,50.86711621],[-119.53651806,50.86711728],[-119.53602095,50.86711835],[-119.53594965,50.8671187],[-119.53587857,50.8671187],[-119.53538181,50.86712013],[-119.53495523,50.8671212],[-119.53452942,50.86712191],[-119.5340321,50.86712333],[-119.53396101,50.86712333],[-119.53391986,50.86712354],[-119.53389028,50.86712369],[-119.53339261,50.86712476],[-119.53290488,50.86712618],[-119.53254057,50.86712689],[-119.53204324,50.86712832],[-119.53197216,50.86712832],[-119.53190142,50.86712867],[-119.53140432,50.86712974],[-119.5309783,50.86713081],[-119.53055171,50.86713188],[-119.53005461,50.86713294],[-119.52998387,50.8671333],[-119.52991279,50.8671333],[-119.52941547,50.86713472],[-119.52888677,50.86713579],[-119.52856342,50.86713686],[-119.52806575,50.86713793],[-119.52799502,50.86713828],[-119.52792393,50.86713829],[-119.52742683,50.86713935],[-119.52736117,50.86713971],[-119.52693509,50.867139],[-119.52643794,50.86713829],[-119.52636685,50.86713829],[-119.52629542,50.86713793],[-119.52579827,50.86713722],[-119.5249459,50.86713615],[-119.52459289,50.86713539],[-119.52444896,50.86713508],[-119.52438899,50.86713508],[-119.52437788,50.86713508],[-119.52430679,50.86713508],[-119.52380964,50.86713437],[-119.52338356,50.86713366],[-119.52295749,50.86713294],[-119.52246033,50.86713223],[-119.52243044,50.86713208],[-119.52238946,50.86713188],[-119.52231838,50.86713188],[-119.52201486,50.86713144],[-119.52182122,50.86713116],[-119.521644,50.86713087],[-119.52096851,50.86712974],[-119.52047136,50.86712903],[-119.52045762,50.86712903],[-119.52040027,50.86712903],[-119.52037445,50.8671289],[-119.5203294,50.86712867],[-119.51983224,50.86712796],[-119.51940617,50.86712725],[-119.5189801,50.86712654],[-119.51848294,50.86712582],[-119.51841186,50.86712582],[-119.51834099,50.86712547],[-119.51784383,50.86712475],[-119.51699112,50.86712333],[-119.51649397,50.86712262],[-119.51643646,50.86712262],[-119.51642288,50.86712262],[-119.5163518,50.86712262],[-119.51608308,50.86712204],[-119.51585486,50.86712155],[-119.51556566,50.86712119],[-119.51556452,50.86659922],[-119.51556433,50.86628447],[-119.51556384,50.86623961],[-119.51556413,50.86619439],[-119.51556317,50.86588],[-119.51556294,50.8656977],[-119.51556292,50.86561011],[-119.51556246,50.86534058],[-119.51556229,50.86502583],[-119.5155618,50.86498096],[-119.51556188,50.8649361],[-119.51556115,50.86462135],[-119.51556046,50.86408193],[-119.51556009,50.86376754],[-119.5155596,50.86372268],[-119.5155599,50.86367746],[-119.51555953,50.86336306],[-119.51555874,50.86309317],[-119.5155583,50.86282364],[-119.5155576,50.86250889],[-119.51555768,50.86246403],[-119.51555776,50.86241917],[-119.51555706,50.86210442],[-119.51555642,50.861565],[-119.51555551,50.8612506],[-119.51555575,50.86121108],[-119.51555533,50.86116052],[-119.51555499,50.86084613],[-119.51555479,50.86057624],[-119.51555514,50.8605328],[-119.51555898,50.86021805],[-119.51555962,50.86017319],[-119.51556027,50.86012833],[-119.51556433,50.85982533],[-119.51557085,50.85927416],[-119.51557448,50.85895976],[-119.51557535,50.85891454],[-119.51557543,50.85886968],[-119.51557963,50.85855529],[-119.51558284,50.8582854],[-119.5155864,50.85801587],[-119.51559026,50.85770112],[-119.51559069,50.85765661],[-119.515591,50.85761139],[-119.51559487,50.85729664],[-119.515602,50.85675758],[-119.51560481,50.85649695],[-119.51560556,50.85642752],[-119.51560597,50.85639797],[-119.51560618,50.85638701],[-119.51560684,50.85635275],[-119.51561032,50.85605426],[-119.5156105,50.85603835],[-119.51561373,50.85576847],[-119.51561589,50.85560613],[-119.51561732,50.85549893],[-119.51562121,50.85518418],[-119.51562186,50.85513932],[-119.51562252,50.85509446],[-119.51562641,50.85477971],[-119.51563303,50.85424064],[-119.51563694,50.85392589],[-119.51563697,50.85391114],[-119.51563703,50.85388103],[-119.51563791,50.85383581],[-119.5156416,50.85352142],[-119.51564206,50.85349365],[-119.51564486,50.85325153],[-119.51564846,50.852982],[-119.51565238,50.85266725],[-119.51565304,50.85262239],[-119.51565307,50.85260888],[-119.51565314,50.85257752],[-119.51565706,50.85226277],[-119.51566373,50.85172371],[-119.51566766,50.85140896],[-119.51566808,50.8513673],[-119.51566864,50.85131888],[-119.51567259,50.85102889],[-119.51567293,50.85100449],[-119.51567476,50.85085314],[-119.51567621,50.8507346],[-119.51567927,50.85046507],[-119.51568322,50.85015032],[-119.51568367,50.85013002],[-119.51568388,50.85010545],[-119.51568455,50.85006059],[-119.51568515,50.85001247],[-119.5156885,50.84974584],[-119.51569522,50.84920678],[-119.51569862,50.84889203],[-119.51569928,50.84884716],[-119.51570016,50.84880195],[-119.51570391,50.84848755],[-119.51570722,50.84821766],[-119.51571031,50.84794813],[-119.51571428,50.84763338],[-119.51571495,50.84758852],[-119.51571562,50.84754366],[-119.5157196,50.84722891],[-119.5157258,50.84668984],[-119.51572979,50.84637509],[-119.51573046,50.84633023],[-119.51573114,50.84628537],[-119.51573513,50.84597062],[-119.51573601,50.84587235],[-119.51573824,50.84570109],[-119.51574157,50.8454312],[-119.51574536,50.8451168],[-119.51574592,50.84507586],[-119.51574636,50.84502672],[-119.51575037,50.84471197],[-119.51575718,50.84417291],[-119.5157612,50.84385816],[-119.51576107,50.84383324],[-119.51576131,50.8438133],[-119.51576199,50.84376843],[-119.51576601,50.84345368],[-119.51576915,50.84318415],[-119.5157725,50.84291426],[-119.51577632,50.84259987],[-119.51577721,50.84255465],[-119.51577732,50.84250979],[-119.51578136,50.84219504],[-119.51578822,50.84165597],[-119.51579227,50.84134122],[-119.51579238,50.84129636],[-119.51579306,50.8412515],[-119.51579712,50.84093675],[-119.51580028,50.84066722],[-119.51580366,50.84039733],[-119.5158075,50.84008294],[-119.51580783,50.84003772],[-119.51580851,50.83999285],[-119.51581258,50.8396781],[-119.51581336,50.8396247],[-119.51581893,50.83913904],[-119.515823,50.83882429],[-119.51582369,50.83877943],[-119.51582437,50.83873457],[-119.51582788,50.83841981],[-119.51583163,50.83815028],[-119.51540569,50.83814886],[-119.51490871,50.83814743],[-119.51483789,50.83814708],[-119.5147665,50.83814672],[-119.51427009,50.8381453],[-119.51378946,50.83814387],[-119.51341799,50.83814281],[-119.51292123,50.83814103],[-119.51285019,50.83814103],[-119.51277936,50.83814067],[-119.51228238,50.83813925],[-119.51185644,50.83813782],[-119.5114305,50.8381364],[-119.51093352,50.83813497],[-119.51089744,50.83813497],[-119.5108627,50.83813462],[-119.51079166,50.83813462],[-119.5102949,50.83813284],[-119.50944337,50.83813034],[-119.50894639,50.83812892],[-119.50889191,50.83812856],[-119.50880417,50.83812821],[-119.5083072,50.83812678],[-119.50788182,50.83812536],[-119.50745588,50.83812394],[-119.5069589,50.83812251],[-119.50688977,50.83812216],[-119.50681704,50.83812216],[-119.50631971,50.83812038],[-119.50546818,50.83811788],[-119.50497142,50.8381161],[-119.50492237,50.8381161],[-119.50490038,50.8381161],[-119.50482955,50.83811575],[-119.50433257,50.83811432],[-119.50390663,50.8381129],[-119.5034807,50.83811147],[-119.50298372,50.83811005],[-119.50295461,50.83810969],[-119.50291289,50.83810969],[-119.50284207,50.83810934],[-119.50234509,50.83810791],[-119.50229682,50.83810756],[-119.50149321,50.83810507],[-119.50099623,50.83810364],[-119.50092541,50.83810328],[-119.50085458,50.83810293],[-119.5003576,50.8381015],[-119.49993167,50.83810008],[-119.49950573,50.83809866],[-119.49900875,50.83809723],[-119.49893792,50.83809688],[-119.4988671,50.83809652],[-119.49837012,50.8380951],[-119.49788386,50.83809367],[-119.49751824,50.83809225],[-119.49702127,50.83809082],[-119.49695044,50.83809047],[-119.49687962,50.83809011],[-119.49638264,50.83808869],[-119.4959567,50.83808726],[-119.49553076,50.83808584],[-119.49503378,50.83808441],[-119.49496296,50.83808406],[-119.49489214,50.8380837],[-119.49439516,50.83808228],[-119.49378641,50.83808014],[-119.49356358,50.83807943],[-119.49304652,50.83807765],[-119.49297548,50.83807765],[-119.49290465,50.83807729],[-119.49271452,50.83807658],[-119.49240789,50.83807551],[-119.49198174,50.83807444],[-119.4915558,50.83807302],[-119.49105904,50.83807124],[-119.49098821,50.83807088],[-119.49091717,50.83807088],[-119.49042041,50.8380691],[-119.48956853,50.83806626],[-119.48907156,50.83806483],[-119.48901144,50.83806447],[-119.48892935,50.83806412],[-119.48843293,50.83806269],[-119.48800699,50.83806127],[-119.48758105,50.83805985],[-119.48708429,50.83805807],[-119.48704595,50.83805807],[-119.4870129,50.83805771],[-119.48694186,50.83805771],[-119.4864451,50.83805593],[-119.48559323,50.83805308],[-119.48509681,50.83805166],[-119.48502543,50.8380513],[-119.4849546,50.83805095],[-119.48445762,50.83804952],[-119.4840319,50.83804774],[-119.48360596,50.83804632],[-119.48310899,50.83804489],[-119.48303816,50.83804454],[-119.48296734,50.83804418],[-119.48247036,50.83804276],[-119.48196289,50.83804098],[-119.48161848,50.83803991],[-119.48112172,50.83803813],[-119.4811003,50.83803813],[-119.4810509,50.83803777],[-119.48097986,50.83803777],[-119.48048253,50.83803599],[-119.48005716,50.83803457],[-119.47963122,50.83803314],[-119.4791339,50.83803136],[-119.47909218,50.83803136],[-119.47906307,50.83803101],[-119.47899203,50.83803101],[-119.47849527,50.83802923],[-119.4776434,50.83802638],[-119.47714664,50.8380246],[-119.47707581,50.83802424],[-119.47700477,50.83802424],[-119.47650801,50.83802246],[-119.47608207,50.83802104],[-119.47565614,50.83801961],[-119.47515938,50.83801783],[-119.475103,50.83801783],[-119.47501695,50.83801748],[-119.47452019,50.8380157],[-119.47366831,50.83801285],[-119.47317155,50.83801107],[-119.47313829,50.83801107],[-119.47310073,50.83801071],[-119.47302969,50.83801071],[-119.47253293,50.83800893],[-119.47210699,50.83800751],[-119.47168127,50.83800573],[-119.47118429,50.8380043],[-119.47111347,50.83800395],[-119.47104208,50.83800359],[-119.47054532,50.83800181],[-119.46990501,50.83799967],[-119.46990474,50.83797689],[-119.46990414,50.83786081],[-119.46990274,50.83759093],[-119.46990113,50.83732139],[-119.46989877,50.83700664],[-119.46989893,50.83696178],[-119.46989853,50.83691692],[-119.46989674,50.83660217],[-119.46989319,50.83606275],[-119.46989119,50.83574835],[-119.46989101,50.83570314],[-119.46989061,50.83565827],[-119.46988884,50.83534352],[-119.46988724,50.83507399],[-119.46988565,50.83480446],[-119.46988388,50.83448971],[-119.46988349,50.83444485],[-119.46988331,50.83439963],[-119.46988133,50.83408523],[-119.46987783,50.83354581],[-119.46987608,50.83323106],[-119.46987568,50.8331862],[-119.46987529,50.83314134],[-119.46987354,50.83282659],[-119.46987198,50.83255706],[-119.46987063,50.83228717],[-119.46986867,50.83197278],[-119.46986793,50.83192756],[-119.46986811,50.83188269],[-119.46986616,50.8315683],[-119.4698627,50.83102888],[-119.46986098,50.83071413],[-119.46986059,50.83066927],[-119.4698602,50.83062441],[-119.46985848,50.83030965],[-119.46985694,50.83004012],[-119.46985505,50.82977024],[-119.46985334,50.82945549],[-119.46985296,50.82941062],[-119.46985257,50.82936576],[-119.46985087,50.82905101],[-119.46984724,50.82851195],[-119.46984555,50.8281972],[-119.46984517,50.82815233],[-119.469845,50.82810712],[-119.46984309,50.82779272],[-119.46984123,50.82752283],[-119.46983971,50.8272533],[-119.46983803,50.82693855],[-119.46983765,50.82689369],[-119.46983727,50.82684883],[-119.46983559,50.82653408],[-119.46983224,50.82599466],[-119.46983035,50.82568026],[-119.46983019,50.82563504],[-119.46982981,50.82559018],[-119.46982759,50.82527543],[-119.46982609,50.8250059],[-119.4698246,50.82473637],[-119.46982239,50.82442162],[-119.46982257,50.82437675],[-119.46982185,50.82433154],[-119.46981999,50.82401714],[-119.46981676,50.82347203],[-119.46981504,50.82316297],[-119.46981467,50.82311811],[-119.46981429,50.82307325],[-119.46981266,50.8227585],[-119.46981119,50.82248896],[-119.46980938,50.82221908],[-119.46980754,50.82190468],[-119.46980717,50.82185982],[-119.46980701,50.8218146],[-119.46980518,50.82150021],[-119.46980192,50.82096079],[-119.46979975,50.82064604],[-119.46979938,50.82060118],[-119.46979901,50.82055631],[-119.4697974,50.82024156],[-119.46979596,50.81997203],[-119.46979417,50.81970214],[-119.46979201,50.81938739],[-119.46979164,50.81934253],[-119.46979184,50.81929767],[-119.46978969,50.81898292],[-119.46978626,50.81844385],[-119.46978489,50.81815011],[-119.46978468,50.8181291],[-119.46978432,50.81808424],[-119.46978417,50.81803902],[-119.46978181,50.81772463],[-119.46978061,50.81745474],[-119.46977863,50.81718521],[-119.46977707,50.81687046],[-119.4697767,50.8168256],[-119.46977634,50.81678073],[-119.46977421,50.81646598],[-119.46977106,50.81592656],[-119.46976929,50.81561217],[-119.46976914,50.81556695],[-119.46976878,50.81552209],[-119.46976667,50.81520734],[-119.46976528,50.81493781],[-119.46976332,50.81466828],[-119.46976179,50.81435353],[-119.46976143,50.81430866],[-119.46976128,50.81426344],[-119.46975897,50.81394905],[-119.46975586,50.81340963],[-119.46975434,50.81309488],[-119.46975399,50.81305002],[-119.46975363,50.81300516],[-119.46975155,50.8126904],[-119.46975018,50.81242087],[-119.46974846,50.81215099],[-119.46974618,50.81183659],[-119.46974604,50.81179137],[-119.46974568,50.81174651],[-119.46974396,50.81143212],[-119.46974091,50.8108927],[-119.46973885,50.81057795],[-119.46973849,50.81053308],[-119.46973814,50.81048822],[-119.46973665,50.81017347],[-119.46973475,50.80990394],[-119.46973306,50.80963405],[-119.46973102,50.8093193],[-119.46973123,50.80927444],[-119.46973087,50.80922958],[-119.46972896,50.80898604],[-119.46972884,50.80891483],[-119.46972527,50.80837541],[-119.46972359,50.80806101],[-119.46972324,50.80801615],[-119.4697231,50.80797093],[-119.46972143,50.80765654],[-119.46971976,50.80738665],[-119.46971788,50.80711712],[-119.46971587,50.80680237],[-119.46971552,50.8067575],[-119.46971574,50.80671264],[-119.46971373,50.80639789],[-119.46971021,50.80585847],[-119.46970856,50.80554408],[-119.46970843,50.80549886],[-119.46970808,50.805454],[-119.46970609,50.80513925],[-119.46970423,50.80486971],[-119.46970294,50.80460018],[-119.46970096,50.80428543],[-119.46970061,50.80424057],[-119.46970049,50.80419535],[-119.46969829,50.80388096],[-119.46969538,50.80334154],[-119.46969342,50.80302679],[-119.46969307,50.80298192],[-119.46969273,50.80293706],[-119.46969077,50.80262231],[-119.46968893,50.80235278],[-119.46968838,50.80225451],[-119.46968677,50.80194012],[-119.46968664,50.8018949],[-119.4696863,50.80185004],[-119.46968539,50.80174678],[-119.46968435,50.80153529],[-119.46968071,50.80099622],[-119.46967877,50.80068147],[-119.46967899,50.80063661],[-119.46967831,50.80059139],[-119.46967672,50.800277],[-119.46967495,50.79999999],[-119.46966798,50.79983905],[-119.47344205,50.79984332],[-119.47342499,50.79808514],[-119.47339023,50.79445269],[-119.47338844,50.79082238],[-119.4733874,50.78718424],[-119.47338642,50.78519533],[-119.4685934,50.78512198],[-119.46866022,50.78315509],[-119.46974301,50.75126069],[-119.4697437,50.75083628],[-119.50213319,50.75083986],[-119.52686624,50.75083628],[-119.52685879,50.74499239],[-119.52681983,50.71414687],[-119.52681545,50.70691331],[-119.52681042,50.70423454],[-119.52680246,50.69999984],[-119.52680171,50.69969363],[-119.52680172,50.69963453],[-119.52680076,50.69915421],[-119.52679995,50.69883982],[-119.52679972,50.69879496],[-119.52679971,50.69874974],[-119.52679891,50.69843534],[-119.52679855,50.69816546],[-119.52679798,50.69789592],[-119.5267974,50.69758117],[-119.52679718,50.69753631],[-119.52679695,50.69749145],[-119.52679638,50.6971767],[-119.52679547,50.69663728],[-119.52679491,50.69632253],[-119.52679441,50.6962652],[-119.52679447,50.6962328],[-119.52679391,50.69591805],[-119.52679344,50.69572222],[-119.52679336,50.69564852],[-119.52679303,50.69537863],[-119.52679226,50.69506424],[-119.52679204,50.69501938],[-119.52679204,50.69497416],[-119.52679149,50.69465941],[-119.52679042,50.69412035],[-119.52678989,50.6938056],[-119.52678967,50.69376073],[-119.52678943,50.69370613],[-119.5267894,50.69369842],[-119.52678892,50.69340112],[-119.52678879,50.69328967],[-119.5267884,50.69313159],[-119.52678806,50.69292081],[-119.52678809,50.6928617],[-119.52678736,50.69254731],[-119.52678731,50.69252523],[-119.52678679,50.69250209],[-119.52678714,50.69245722],[-119.52678656,50.69235575],[-119.52678606,50.69214247],[-119.52678526,50.69160306],[-119.52678453,50.69128866],[-119.52678432,50.6912438],[-119.52678432,50.69119858],[-119.52678361,50.69088419],[-119.52678317,50.69068836],[-119.52678332,50.6906143],[-119.52678282,50.6904352],[-119.52678248,50.69034441],[-119.52678177,50.69003002],[-119.52678212,50.68998515],[-119.52678191,50.68994029],[-119.52678142,50.68962554],[-119.5267801,50.68908612],[-119.52677941,50.68877173],[-119.52677942,50.68872651],[-119.52677921,50.68868165],[-119.52677874,50.6883669],[-119.52677789,50.68815148],[-119.52677826,50.68809736],[-119.52677768,50.68787875],[-119.52677744,50.68782748],[-119.52677676,50.68751308],[-119.52677656,50.68746822],[-119.52677657,50.687423],[-119.52677611,50.68710825],[-119.52677462,50.68656919],[-119.52677418,50.68625444],[-119.52677397,50.68620957],[-119.52677376,50.68616471],[-119.52677332,50.68584996],[-119.52677284,50.68561461],[-119.52677287,50.68558043],[-119.52677257,50.68532265],[-119.52677164,50.68507697],[-119.52677143,50.68499615],[-119.52677144,50.68495093],[-119.52677124,50.68490607],[-119.52677081,50.68459132],[-119.52676959,50.6840519],[-119.52676895,50.6837375],[-119.52676875,50.68369264],[-119.52676877,50.68364742],[-119.52676814,50.68333303],[-119.52676793,50.68306314],[-119.52676716,50.68279325],[-119.52676654,50.68247886],[-119.52676634,50.682434],[-119.52676614,50.68238913],[-119.52676574,50.68207438],[-119.5267649,50.68180093],[-119.52676457,50.68153496],[-119.52676396,50.68122057],[-119.52676398,50.68117535],[-119.52676378,50.68113049],[-119.52676284,50.68081574],[-119.52676244,50.68054621],[-119.52676169,50.68027632],[-119.5267611,50.67996192],[-119.52676147,50.67991706],[-119.52676093,50.67987184],[-119.52676056,50.67955709],[-119.52675944,50.67901767],[-119.52675886,50.67870328],[-119.52675866,50.67865842],[-119.52675847,50.67861355],[-119.52675811,50.6782988],[-119.52675765,50.6780663],[-119.52675718,50.67802927],[-119.52675697,50.67779819],[-119.52675702,50.67775938],[-119.52675589,50.67744499],[-119.52675592,50.67739977],[-119.52675573,50.67735491],[-119.52675539,50.67704016],[-119.52675431,50.67650074],[-119.52675377,50.67618635],[-119.52675358,50.67614148],[-119.5267536,50.67609626],[-119.5267525,50.67578187],[-119.52675268,50.67562485],[-119.52675236,50.67551198],[-119.52675167,50.67524209],[-119.52675114,50.6749277],[-119.52675095,50.67488284],[-119.52675076,50.67483797],[-119.52675045,50.67452322],[-119.52674887,50.67398381],[-119.52674835,50.67366941],[-119.52674838,50.67362419],[-119.52674819,50.67357933],[-119.52674771,50.67325105],[-119.52674701,50.67299505],[-119.52674634,50.67272516],[-119.52674583,50.67241077],[-119.52674565,50.6723659],[-119.52674568,50.67232068],[-119.52674484,50.67200593],[-119.52674386,50.67146651],[-119.52674337,50.67115212],[-119.52674327,50.67111082],[-119.52674301,50.6710624],[-119.52674218,50.67074765],[-119.52674202,50.67056819],[-119.52674198,50.67051942],[-119.52674188,50.67047811],[-119.52674236,50.67020823],[-119.52674244,50.66989383],[-119.52674248,50.66984861],[-119.52674286,50.66980375],[-119.52674261,50.669489],[-119.52674302,50.66944606],[-119.52674309,50.66943844],[-119.52674347,50.66908488],[-119.52674337,50.66894958],[-119.52674347,50.66863519],[-119.52674341,50.66861133],[-119.52674385,50.66859032],[-119.5267439,50.66854511],[-119.526744,50.66823071],[-119.52674394,50.66796082],[-119.52674397,50.66794081],[-119.52674421,50.66777425],[-119.52674444,50.66769094],[-119.52674456,50.66737654],[-119.52674438,50.66733168],[-119.52674477,50.66728682],[-119.5267451,50.66697207],[-119.52674484,50.66692827],[-119.52674485,50.6669233],[-119.52674504,50.66684317],[-119.52674535,50.66643265],[-119.52674548,50.66611825],[-119.52674572,50.6660976],[-119.52674553,50.66607303],[-119.52674592,50.66602817],[-119.52674627,50.66571342],[-119.52674601,50.66544389],[-119.52674654,50.665174],[-119.52674669,50.66485961],[-119.52674651,50.66481474],[-119.52674656,50.66476953],[-119.52674693,50.66445478],[-119.52674762,50.66398657],[-119.52674722,50.66391536],[-119.52674794,50.66360096],[-119.52674796,50.663565],[-119.52674761,50.66351124],[-119.52674781,50.66324099],[-119.52674799,50.66319649],[-119.52674765,50.66293265],[-119.52674707,50.66275213],[-119.52674719,50.66265707],[-119.52674701,50.66234232],[-119.52674665,50.66231989],[-119.52674685,50.66229745],[-119.52674668,50.66225259],[-119.52674595,50.66193784],[-119.52674598,50.66188621],[-119.52674518,50.66139842],[-119.5267448,50.66108403],[-119.52674464,50.66103917],[-119.52674469,50.66099395],[-119.52674432,50.66067955],[-119.52674401,50.66052716],[-119.52674377,50.66040967],[-119.52674379,50.66013978],[-119.52674286,50.65982538],[-119.52674326,50.65978052],[-119.5267431,50.65973566],[-119.5267424,50.65942091],[-119.52674167,50.65888149],[-119.52674098,50.65856674],[-119.52674138,50.65852188],[-119.52674122,50.65847701],[-119.52674054,50.65816226],[-119.52674036,50.65812203],[-119.52674036,50.65789273],[-119.52673984,50.65762284],[-119.52673951,50.65730845],[-119.52673935,50.65726359],[-119.52673941,50.65721837],[-119.52673873,50.65690362],[-119.52673806,50.6563642],[-119.52673774,50.6560498],[-119.52673782,50.65602666],[-119.52673758,50.65600494],[-119.52673743,50.65596008],[-119.52673677,50.65564533],[-119.52673667,50.65557091],[-119.52673662,50.6553758],[-119.52673612,50.65510591],[-119.52673603,50.65479116],[-119.52673588,50.6547463],[-119.52673573,50.65470143],[-119.52673508,50.65438668],[-119.52673446,50.65384726],[-119.52673417,50.65353287],[-119.52673402,50.65348801],[-119.52673408,50.65344279],[-119.52673324,50.6531284],[-119.52673302,50.65296212],[-119.52673276,50.65285851],[-119.52673285,50.65258862],[-119.52673202,50.65227423],[-119.52673187,50.65222936],[-119.52673228,50.6521845],[-119.52673166,50.65186975],[-119.52673052,50.65133033],[-119.52673048,50.65101558],[-119.52673033,50.65097072],[-119.52673019,50.65092586],[-119.52672959,50.6506111],[-119.52672946,50.6503462],[-119.52672903,50.65007169],[-119.52672823,50.64975729],[-119.52672852,50.64973379],[-119.5267283,50.64971207],[-119.52672815,50.64966721],[-119.52672813,50.64935246],[-119.52672704,50.64881304],[-119.52672681,50.64849865],[-119.52672666,50.64845378],[-119.52672652,50.64840892],[-119.52672595,50.64809417],[-119.5267258,50.64794071],[-119.52672553,50.64782428],[-119.52672545,50.64755475],[-119.52672489,50.64724],[-119.52672475,50.64719514],[-119.5267246,50.64715028],[-119.52672405,50.64683553],[-119.52672357,50.64629611],[-119.52672281,50.64598171],[-119.52672288,50.64593649],[-119.52672274,50.64589163],[-119.52672255,50.64557724],[-119.52672216,50.64555303],[-119.52672215,50.64530735],[-119.52672175,50.64503746],[-119.526721,50.64472307],[-119.52672142,50.6446782],[-119.52672129,50.64463334],[-119.52672041,50.64431824],[-119.52671977,50.64377917],[-119.52671934,50.64344128],[-119.52671912,50.64341956],[-119.52671954,50.6433747],[-119.52671903,50.64305995],[-119.52671887,50.6429866],[-119.52671844,50.64279042],[-119.52671806,50.64252053],[-119.52671734,50.64220613],[-119.52671743,50.64216092],[-119.52671729,50.64211605],[-119.5267168,50.6418013],[-119.52671642,50.64126188],[-119.52671571,50.64094749],[-119.52671558,50.64090263],[-119.52671566,50.64085741],[-119.52671496,50.64054301],[-119.52671486,50.64036748],[-119.52671461,50.64027313],[-119.52671461,50.64000359],[-119.52671414,50.63968884],[-119.52671401,50.63964398],[-119.52671388,50.63959912],[-119.52671341,50.63928437],[-119.52671252,50.63874495],[-119.5267124,50.63843055],[-119.52671193,50.63838534],[-119.5267118,50.63834047],[-119.52671135,50.63802572],[-119.52671144,50.63775975],[-119.52671104,50.6374863],[-119.52671038,50.63717191],[-119.52671025,50.63712705],[-119.52671035,50.63708183],[-119.52670991,50.63676708],[-119.52670885,50.63622801],[-119.52670842,50.63591326],[-119.52670829,50.6358684],[-119.52670817,50.63582354],[-119.52670774,50.63550879],[-119.52670776,50.63535426],[-119.52670779,50.63523926],[-119.52670693,50.63496937],[-119.52670651,50.63465462],[-119.52670695,50.63460976],[-119.52670683,50.63456489],[-119.52670642,50.63425014],[-119.52670577,50.63383463],[-119.52670563,50.63371072],[-119.52670501,50.63339633],[-119.52670489,50.63335147],[-119.52670499,50.63330625],[-119.52670437,50.63299185],[-119.5267043,50.63296622],[-119.5267041,50.63272197],[-119.52670361,50.63245244],[-119.52670322,50.63213769],[-119.5267031,50.63209282],[-119.52670298,50.63204796],[-119.5267026,50.63173321],[-119.52670186,50.63119379],[-119.52670149,50.63087904],[-119.52670137,50.63085625],[-119.52670137,50.63083418],[-119.52670126,50.63078931],[-119.52670089,50.63047456],[-119.52670067,50.63040229],[-119.52670042,50.63020503],[-119.52670017,50.62993515],[-119.52669959,50.62962075],[-119.5266997,50.62957553],[-119.52669959,50.62953067],[-119.52669923,50.62921592],[-119.52669798,50.6286765],[-119.52669798,50.62836211],[-119.52669787,50.62831724],[-119.52669776,50.62827238],[-119.52669742,50.62795763],[-119.52669674,50.62778316],[-119.52669663,50.62768774],[-119.52669673,50.6274734],[-119.52669619,50.62741821],[-119.52669586,50.62710346],[-119.52669575,50.6270586],[-119.52669564,50.62701374],[-119.52669531,50.62669899],[-119.52669467,50.62615957],[-119.52669414,50.62584517],[-119.52669425,50.62579995],[-119.52669414,50.62575509],[-119.52669383,50.62544034],[-119.52669323,50.62517295],[-119.52669265,50.62490092],[-119.52669214,50.62458653],[-119.52669203,50.62454166],[-119.52669214,50.62449645],[-119.52669163,50.62418205],[-119.52669104,50.62364263],[-119.52669075,50.62332788],[-119.52669065,50.62328302],[-119.52669054,50.62323816],[-119.52668971,50.62277636],[-119.52668931,50.62265388],[-119.52668913,50.62238399],[-119.52668864,50.62206959],[-119.52668876,50.62202437],[-119.52668866,50.62197951],[-119.52668839,50.62166476],[-119.52668729,50.62112534],[-119.52668681,50.62081095],[-119.52668671,50.62076609],[-119.52668683,50.62072087],[-119.52668636,50.62040647],[-119.5266864,50.62037977],[-119.52668621,50.62013658],[-119.52668584,50.61986705],[-119.52668546,50.6197905],[-119.52668504,50.6195523],[-119.52668494,50.61950744],[-119.52668485,50.61946258],[-119.52668461,50.61914783],[-119.52668411,50.61860841],[-119.52668332,50.61829366],[-119.52668321,50.61827087],[-119.52668323,50.6182488],[-119.52668313,50.61820393],[-119.52668291,50.61788918],[-119.52668264,50.61781797],[-119.52668256,50.61761965],[-119.52668188,50.61734976],[-119.52668145,50.61703537],[-119.52668157,50.61699015],[-119.52668148,50.61694529],[-119.52668127,50.61663054],[-119.52668005,50.61609147],[-119.52667985,50.61577672],[-119.52667976,50.61573186],[-119.52667967,50.615687],[-119.52667947,50.61537225],[-119.52667878,50.61519885],[-119.52667881,50.61510236],[-119.52667849,50.61483283],[-119.52667831,50.61451808],[-119.52667822,50.61447322],[-119.52667813,50.61442835],[-119.52667739,50.6141136],[-119.52667643,50.61357418],[-119.52667604,50.61325979],[-119.52667617,50.61321457],[-119.52667609,50.61316971],[-119.52667592,50.61285496],[-119.52667537,50.61278054],[-119.52667553,50.6125865],[-119.52667477,50.61231589],[-119.52667456,50.61198655],[-119.52667453,50.61195628],[-119.5266741,50.61191106],[-119.52667373,50.61159667],[-119.52667339,50.61105725],[-119.52667268,50.6107425],[-119.5266726,50.61069764],[-119.52667252,50.61065277],[-119.52667238,50.61033802],[-119.52667199,50.61018991],[-119.52667155,50.61006849],[-119.5266715,50.60979861],[-119.52667081,50.60948385],[-119.52667073,50.60943899],[-119.52667065,50.60939413],[-119.52667053,50.60907938],[-119.52666967,50.60853996],[-119.52666934,50.60822557],[-119.52666926,50.6081807],[-119.52666884,50.60813548],[-119.52666851,50.60782109],[-119.52666831,50.60779296],[-119.52666793,50.6075512],[-119.52666768,50.60728167],[-119.52666758,50.60696692],[-119.52666751,50.60692206],[-119.52666743,50.6068772],[-119.52666678,50.60656244],[-119.52666597,50.60602303],[-119.52666532,50.60570828],[-119.52666579,50.60568549],[-119.52666525,50.60566341],[-119.52666574,50.60561855],[-119.5266651,50.6053038],[-119.52666479,50.60522903],[-119.52666488,50.60503427],[-119.52666401,50.60477221],[-119.52666403,50.60444999],[-119.52666361,50.60440477],[-119.52666354,50.60435991],[-119.52666347,50.60404516],[-119.5266625,50.60350609],[-119.52666188,50.60319134],[-119.52666181,50.60314648],[-119.52666196,50.60310126],[-119.52666099,50.60261454],[-119.52666115,50.60251698],[-119.52666096,50.60224745],[-119.52666036,50.6019327],[-119.52666029,50.60188783],[-119.52666022,50.60184297],[-119.52665962,50.60152822],[-119.52665892,50.6009888],[-119.52665867,50.60067441],[-119.52665826,50.60062919],[-119.5266582,50.60058433],[-119.52665817,50.60026958],[-119.52666642,50.60000004],[-119.52665722,50.59971591],[-119.52665657,50.59939119],[-119.52665658,50.5993563],[-119.52665652,50.59931144],[-119.52665629,50.59899704],[-119.52665564,50.59845763],[-119.52665508,50.59814288],[-119.52665502,50.59809801],[-119.52665495,50.59805315],[-119.5266544,50.5977384],[-119.5266539,50.59759883],[-119.52665391,50.59746851],[-119.52665377,50.59719898],[-119.52665322,50.59688423],[-119.52665316,50.59683937],[-119.5266531,50.59679451],[-119.52665256,50.59647975],[-119.52665195,50.59594034],[-119.52665121,50.59562594],[-119.52665137,50.59558072],[-119.52665131,50.59553586],[-119.52665062,50.59521221],[-119.52665066,50.59495158],[-119.52664998,50.59468205],[-119.52664947,50.5943673],[-119.52664941,50.59432243],[-119.52664958,50.59427722],[-119.52664885,50.59396282],[-119.52664829,50.5934234],[-119.52664779,50.59310865],[-119.52664804,50.59308622],[-119.52664773,50.59306379],[-119.52664768,50.59301893],[-119.52664718,50.59270418],[-119.52664709,50.59243464],[-119.52664665,50.59216476],[-119.52664616,50.59185001],[-119.52664611,50.59180514],[-119.52664606,50.59176028],[-119.52664558,50.59144553],[-119.52664517,50.59108022],[-119.52664485,50.59090647],[-119.52664438,50.59059172],[-119.52664433,50.59054686],[-119.5266445,50.59050164],[-119.52664381,50.59018724],[-119.5266434,50.58991735],[-119.52664307,50.58984543],[-119.52664333,50.58964782],[-119.52664287,50.58933307],[-119.52664282,50.58928821],[-119.52664278,50.58924335],[-119.52664232,50.5889286],[-119.5266413,50.58838918],[-119.52664086,50.58807443],[-119.52664081,50.58802956],[-119.52664077,50.5879847],[-119.52664033,50.58766995],[-119.52663972,50.58740042],[-119.52663933,50.58713053],[-119.5266392,50.58680154],[-119.52663886,50.58677092],[-119.52663882,50.58672606],[-119.52663874,50.58641166],[-119.52663777,50.58587224],[-119.52663735,50.58555749],[-119.52663731,50.58551263],[-119.52663749,50.58546741],[-119.52663686,50.58515302],[-119.5266365,50.58488313],[-119.52663591,50.5846136],[-119.52663551,50.58429885],[-119.52663548,50.58425399],[-119.52663544,50.58420912],[-119.52663504,50.58389437],[-119.52663412,50.58335495],[-119.52663373,50.5830402],[-119.5266337,50.58299534],[-119.52663366,50.58295048],[-119.52663328,50.58263573],[-119.52663272,50.5823662],[-119.52663238,50.58209631],[-119.52663235,50.58178191],[-119.52663198,50.5817367],[-119.52663194,50.58169183],[-119.52663136,50.58137744],[-119.52663105,50.58083802],[-119.52663013,50.58052327],[-119.52663018,50.58050119],[-119.5266301,50.58047841],[-119.52663028,50.58043319],[-119.52662971,50.58011879],[-119.5266294,50.57984891],[-119.52662886,50.57957937],[-119.52662852,50.57926462],[-119.52662849,50.57921976],[-119.52662846,50.5791749],[-119.52662812,50.57886015],[-119.52662697,50.57800598],[-119.52662694,50.57796112],[-119.52662692,50.57791625],[-119.52662659,50.5776015],[-119.52662608,50.57733197],[-119.52662579,50.57706208],[-119.52662526,50.57674769],[-119.52662489,50.57670247],[-119.52662487,50.57665761],[-119.5266249,50.57634321],[-119.52662428,50.57624067],[-119.52704815,50.57624067],[-119.5275421,50.57624067],[-119.52762283,50.57624067],[-119.52768338,50.57624067],[-119.52817755,50.57624032],[-119.52902416,50.57624032],[-119.52951832,50.57623996],[-119.52958897,50.57623996],[-119.52965961,50.57623996],[-119.53015356,50.57623996],[-119.53057708,50.5762396],[-119.53100038,50.5762396],[-119.53149489,50.5762396],[-119.53156554,50.5762396],[-119.53163562,50.5762396],[-119.53212979,50.57623925],[-119.53297695,50.57623925],[-119.53347112,50.57623889],[-119.53354176,50.57623889],[-119.53359671,50.57623889],[-119.53410636,50.57623889],[-119.53452988,50.57623854],[-119.53495318,50.57623854],[-119.53544735,50.57623818],[-119.53551799,50.57623818],[-119.53558863,50.57623818],[-119.53608258,50.57623818],[-119.53692941,50.57623782],[-119.53742336,50.57623782],[-119.53749422,50.57623747],[-119.53756486,50.57623747],[-119.53805881,50.57623747],[-119.53848212,50.57623747],[-119.53874921,50.57623711],[-119.53890564,50.57623711],[-119.53940014,50.57623711],[-119.53947023,50.57623711],[-119.53954109,50.57623676],[-119.54003504,50.57623676],[-119.54088186,50.5762364],[-119.54137637,50.5762364],[-119.54144646,50.5762364],[-119.54151732,50.57623604],[-119.54201127,50.57623604],[-119.54243513,50.57623604],[-119.54285809,50.57623569],[-119.5433526,50.57623569],[-119.5434229,50.57623533],[-119.54348233,50.57623533],[-119.54398749,50.57623533],[-119.54483488,50.57623497],[-119.54532848,50.57623462],[-119.54539913,50.57623462],[-119.54545239,50.57623462],[-119.54596428,50.57623462],[-119.54638724,50.57623426],[-119.54681111,50.57623426],[-119.54730471,50.57623391],[-119.54738769,50.57623391],[-119.547446,50.57623391],[-119.54794016,50.57623355],[-119.54878699,50.57623319],[-119.54929888,50.57623319],[-119.54931182,50.57623319],[-119.54935214,50.57623319],[-119.54942244,50.57623284],[-119.54991639,50.57623284],[-119.55033991,50.57623248],[-119.55076322,50.57623248],[-119.55125738,50.57623213],[-119.55133363,50.57623213],[-119.55139867,50.57623213],[-119.55189284,50.57623177],[-119.55273966,50.57623141],[-119.55323361,50.57623141],[-119.55330447,50.57623106],[-119.55333643,50.57623106],[-119.55337511,50.57623106],[-119.55386906,50.57623106],[-119.55429258,50.5762307],[-119.55471589,50.5762307],[-119.55521005,50.57623035],[-119.5552807,50.57623035],[-119.55535134,50.57623035],[-119.55584551,50.57622999],[-119.55669233,50.57622963],[-119.55725714,50.57622928],[-119.55732779,50.57622928],[-119.55782195,50.57622892],[-119.55824491,50.57622857],[-119.55866878,50.57622857],[-119.55916294,50.57622821],[-119.55923359,50.57622821],[-119.55929358,50.57622821],[-119.55979783,50.57622785],[-119.56064522,50.5762275],[-119.56113883,50.57622714],[-119.56120947,50.57622714],[-119.56126385,50.57622714],[-119.56177428,50.57622679],[-119.5621978,50.57622643],[-119.5626211,50.57622643],[-119.56311527,50.57622607],[-119.56319769,50.57622607],[-119.56325656,50.57622607],[-119.56375072,50.57622572],[-119.56459755,50.57622536],[-119.56509171,50.57622501],[-119.56516236,50.57622501],[-119.565233,50.576225],[-119.56572717,50.57622465],[-119.56615013,50.57622429],[-119.56657365,50.57622394],[-119.56706816,50.57622394],[-119.56714014,50.57622358],[-119.5672091,50.57622358],[-119.56770327,50.57622322],[-119.56855009,50.57622287],[-119.56904426,50.57622251],[-119.56913004,50.57622251],[-119.56918555,50.57622251],[-119.56967971,50.57622216],[-119.57010323,50.5762218],[-119.57052654,50.5762218],[-119.5710207,50.57622144],[-119.57109135,50.57622144],[-119.57116165,50.57622109],[-119.57165616,50.57622109],[-119.5725032,50.57622038],[-119.5729968,50.57622002],[-119.57306745,50.57622002],[-119.57313809,50.57622002],[-119.57363226,50.57621966],[-119.57405578,50.57621931],[-119.5744793,50.57621895],[-119.57497346,50.5762186],[-119.57504411,50.5762186],[-119.57511475,50.5762186],[-119.57560892,50.57621824],[-119.57645574,50.57621788],[-119.57694991,50.57621753],[-119.57702055,50.57621753],[-119.57706058,50.57621717],[-119.57709085,50.57621717],[-119.57758502,50.57621682],[-119.57800832,50.57621682],[-119.57843184,50.57621646],[-119.57892601,50.5762161],[-119.57899665,50.5762161],[-119.579023,50.5762161],[-119.57906751,50.57621575],[-119.57956146,50.57621575],[-119.5804085,50.57621504],[-119.58090267,50.57621468],[-119.58097331,50.57621468],[-119.58104396,50.57621468],[-119.58153812,50.57621432],[-119.58196108,50.57621397],[-119.5823846,50.57621361],[-119.58287877,50.57621326],[-119.58294941,50.57621326],[-119.58302027,50.5762129],[-119.58351444,50.57621254],[-119.58418577,50.57621219],[-119.58436126,50.57621219],[-119.58441979,50.57621183],[-119.58485543,50.57621183],[-119.58494591,50.57621148],[-119.58499637,50.57621148],[-119.58549054,50.57621112],[-119.58591406,50.57621076],[-119.58618935,50.57621076],[-119.58633758,50.57621041],[-119.58683175,50.57621005],[-119.58691416,50.57621005],[-119.58697303,50.57621005],[-119.5874672,50.57620969],[-119.58795127,50.57620934],[-119.58815389,50.57620898],[-119.58857741,50.57620863],[-119.58907157,50.57620827],[-119.58914222,50.57620827],[-119.58921286,50.57620827],[-119.58970703,50.57620791],[-119.59055407,50.5762072],[-119.59104768,50.57620685],[-119.59111832,50.57620685],[-119.59118896,50.57620685],[-119.59168335,50.57620613],[-119.59210687,50.57620578],[-119.59253039,50.57620542],[-119.59302455,50.57620507],[-119.5930952,50.57620507],[-119.59315238,50.57620507],[-119.59365944,50.57620471],[-119.59450649,50.576204],[-119.59500065,50.57620364],[-119.59507151,50.57620329],[-119.59510235,50.57620329],[-119.59514216,50.57620329],[-119.59563632,50.57620293],[-119.59605984,50.57620257],[-119.59648336,50.57620222],[-119.59697753,50.57620186],[-119.59706611,50.57620186],[-119.59711825,50.57620186],[-119.59761264,50.57620115],[-119.59767655,50.57620115],[-119.59845968,50.57620044],[-119.59895384,50.57620008],[-119.59902449,50.57620008],[-119.59909513,50.57620008],[-119.59958895,50.57619937],[-119.60000007,50.57619545],[-119.60012014,50.57619438],[-119.60054325,50.57619011],[-119.6009667,50.5761862],[-119.60146123,50.57618157],[-119.60153175,50.57618085],[-119.60160227,50.57618014],[-119.60209645,50.57617516],[-119.60294335,50.57616732],[-119.60343698,50.57616234],[-119.6035075,50.57616163],[-119.60357801,50.57616092],[-119.60407254,50.57615629],[-119.60449599,50.57615237],[-119.6049191,50.5761481],[-119.60541307,50.57614347],[-119.60548358,50.57614276],[-119.60555466,50.57614204],[-119.60604863,50.57613742],[-119.60667018,50.57613136],[-119.60689557,50.57613136],[-119.6073893,50.57613172],[-119.60745994,50.57613172],[-119.60753093,50.57613208],[-119.60802466,50.57613243],[-119.6084483,50.57613279],[-119.60887195,50.57613314],[-119.60936568,50.5761335],[-119.60943632,50.5761335],[-119.60950697,50.5761335],[-119.61000126,50.57613386],[-119.61084799,50.57613457],[-119.61134228,50.57613492],[-119.61141292,50.57613492],[-119.61146731,50.57613492],[-119.6119773,50.57613528],[-119.61240094,50.57613564],[-119.61259662,50.57613564],[-119.61309091,50.57613599],[-119.61316099,50.57613599],[-119.61323198,50.57613635],[-119.61372571,50.5761367],[-119.61414957,50.5761367],[-119.61457322,50.57613706],[-119.61506695,50.57613742],[-119.61513759,50.57613742],[-119.61520802,50.57613777],[-119.61570252,50.57613777],[-119.61583519,50.57613813],[-119.61654926,50.57613848],[-119.61704355,50.57613884],[-119.61711419,50.57613884],[-119.61718484,50.57613884],[-119.61767856,50.5761392],[-119.61810221,50.57613955],[-119.61813193,50.57613955],[-119.61847035,50.57613991],[-119.618894,50.57614026],[-119.6193173,50.57614026],[-119.61981159,50.57614062],[-119.61988224,50.57614062],[-119.61995266,50.57614098],[-119.62044695,50.57614133],[-119.6212939,50.57614169],[-119.62178763,50.57614205],[-119.62185828,50.57614204],[-119.62192892,50.57614205],[-119.62242321,50.5761424],[-119.62271174,50.57614276],[-119.62284686,50.57614276],[-119.62326994,50.57614311],[-119.62369437,50.57614311],[-119.62376423,50.57614347],[-119.62383488,50.57614347],[-119.62390552,50.57614347],[-119.62393804,50.57614347],[-119.62421052,50.57614347],[-119.62439925,50.57614383],[-119.62524676,50.57614418],[-119.62574049,50.57614454],[-119.62582627,50.57614454],[-119.6259014,50.57614454],[-119.62637607,50.57614489],[-119.62679916,50.57614525],[-119.62722302,50.57614525],[-119.62771675,50.57614561],[-119.62778739,50.57614561],[-119.62781991,50.57614561],[-119.62785838,50.57614596],[-119.62835233,50.57614596],[-119.62919906,50.57614667],[-119.62959377,50.57614667],[-119.62969357,50.57614667],[-119.62976365,50.57614667],[-119.6298343,50.57614667],[-119.63032859,50.57614703],[-119.63075189,50.57614703],[-119.63160354,50.57614703],[-119.63209749,50.57614703],[-119.63216813,50.57614703],[-119.63223878,50.57614703],[-119.63273272,50.57614703],[-119.63295082,50.57614703],[-119.63315603,50.57614703],[-119.63357967,50.57614739],[-119.63407362,50.57614739],[-119.63416333,50.57614739],[-119.63421491,50.57614739],[-119.63470886,50.57614739],[-119.63555602,50.57614739],[-119.63604997,50.57614739],[-119.63612061,50.57614739],[-119.63619126,50.57614739],[-119.6366852,50.57614739],[-119.63710907,50.57614739],[-119.63753237,50.57614739],[-119.63802632,50.57614739],[-119.63809696,50.57614739],[-119.63816761,50.57614739],[-119.63866155,50.57614739],[-119.63950872,50.57614739],[-119.64000267,50.57614739],[-119.64007331,50.57614739],[-119.64014396,50.57614739],[-119.6406379,50.57614739],[-119.64106155,50.57614774],[-119.64123536,50.57614774],[-119.64130544,50.57614774],[-119.64137608,50.57614774],[-119.64187059,50.57614774],[-119.64229389,50.57614774],[-119.64307098,50.57614774],[-119.64356548,50.57614774],[-119.64363613,50.57614774],[-119.64370621,50.57614774],[-119.64420072,50.57614774],[-119.64462402,50.57614774],[-119.64504754,50.57614739],[-119.64554149,50.57614739],[-119.64562279,50.57614739],[-119.64568278,50.57614739],[-119.64617672,50.57614739],[-119.64702389,50.57614739],[-119.64751784,50.57614739],[-119.64758848,50.57614739],[-119.64765913,50.57614739],[-119.64815307,50.57614739],[-119.64857694,50.57614739],[-119.64900024,50.57614739],[-119.64949419,50.57614739],[-119.64956483,50.57614739],[-119.64963547,50.57614739],[-119.65012942,50.57614739],[-119.65097659,50.57614739],[-119.65147054,50.57614739],[-119.65155632,50.57614739],[-119.65161182,50.57614739],[-119.65210577,50.57614739],[-119.65252929,50.57614703],[-119.65252977,50.57604591],[-119.65252963,50.57600105],[-119.65252948,50.57595619],[-119.65252946,50.57564144],[-119.6525295,50.57510202],[-119.65252928,50.57478762],[-119.65252913,50.57474276],[-119.65252921,50.57469754],[-119.65252898,50.57438315],[-119.65252912,50.57411326],[-119.65252905,50.57384373],[-119.65252905,50.57352898],[-119.65252891,50.57348411],[-119.65252933,50.57343925],[-119.65252934,50.5731245],[-119.65252887,50.57258508],[-119.65252867,50.57227069],[-119.65252875,50.57222547],[-119.65252917,50.57218061],[-119.65252898,50.57186621],[-119.65252858,50.57159632],[-119.65252853,50.57132679],[-119.65252856,50.57101204],[-119.65252899,50.57096718],[-119.65252885,50.57092232],[-119.65252889,50.57060757],[-119.65252847,50.57006815],[-119.6525283,50.56975375],[-119.65252838,50.56970854],[-119.6525288,50.56966367],[-119.65252829,50.56934892],[-119.65252827,50.56907939],[-119.65252805,50.56897578],[-119.65252815,50.56876678],[-119.65252823,50.56872156],[-119.65252866,50.5686767],[-119.6525285,50.5683623],[-119.65252813,50.56782288],[-119.6525282,50.56750813],[-119.65252807,50.56746327],[-119.65252794,50.56741841],[-119.65252801,50.56710366],[-119.65252841,50.5670239],[-119.65252801,50.56683412],[-119.65252822,50.56656424],[-119.65252831,50.56624949],[-119.65252813,50.56622955],[-119.65252818,50.56620462],[-119.65252805,50.56615976],[-119.65252814,50.56584501],[-119.65252816,50.56576312],[-119.65252816,50.56530595],[-119.6525277,50.5649912],[-119.65252757,50.56494633],[-119.65252766,50.56490112],[-119.65252755,50.56458672],[-119.65252779,50.56431683],[-119.65252781,50.5640473],[-119.65252793,50.56373255],[-119.6525278,50.56368769],[-119.65252768,50.56364283],[-119.65252741,50.56344735],[-119.6525278,50.56332808],[-119.65252752,50.56278866],[-119.65252744,50.56247426],[-119.65252753,50.56242905],[-119.65252741,50.56238418],[-119.65252733,50.56206979],[-119.65252759,50.5617999],[-119.65252757,50.56159944],[-119.65252715,50.56128469],[-119.65252759,50.56123983],[-119.65252713,50.56119461],[-119.65252706,50.56088022],[-119.65252733,50.56061033],[-119.65252739,50.5603408],[-119.65252699,50.56002605],[-119.65252687,50.55998119],[-119.65252731,50.55993632],[-119.65252692,50.55962157],[-119.65252727,50.55908215],[-119.65252723,50.55876776],[-119.65252711,50.55874497],[-119.65252677,50.55872254],[-119.65252721,50.55867768],[-119.65252717,50.55836328],[-119.65252668,50.55815998],[-119.65252691,50.5580934],[-119.65252699,50.55782386],[-119.65252662,50.55750911],[-119.65252676,50.55746568],[-119.65252695,50.55741939],[-119.65252658,50.55710464],[-119.65252643,50.55656522],[-119.65252663,50.55625047],[-119.65252652,50.55620561],[-119.6525266,50.55615398],[-119.65252661,50.55584599],[-119.65252671,50.55557646],[-119.65252626,50.55530693],[-119.65252648,50.55499218],[-119.65252658,50.55496904],[-119.65252637,50.55494732],[-119.65252647,50.5549021],[-119.65252648,50.5545877],[-119.65252659,50.55452041],[-119.65252637,50.55404829],[-119.65252604,50.55373354],[-119.65252649,50.55368867],[-119.65252639,50.55364381],[-119.65252606,50.55332906],[-119.65252619,50.55305953],[-119.65252598,50.55278964],[-119.65252601,50.55247525],[-119.6525259,50.55243038],[-119.65252601,50.55238516],[-119.65252605,50.55207077],[-119.65252599,50.55153135],[-119.65252569,50.5512166],[-119.65252579,50.55119346],[-119.65252614,50.55117174],[-119.65252604,50.55112688],[-119.65252574,50.55081213],[-119.6525259,50.55054259],[-119.65252571,50.55027271],[-119.65252577,50.54995831],[-119.65252561,50.5499163],[-119.65252578,50.54986823],[-119.6525255,50.54955348],[-119.65252584,50.54901442],[-119.65252556,50.54869967],[-119.65252546,50.5486548],[-119.65252558,50.54860959],[-119.65252566,50.54829519],[-119.65252549,50.5480253],[-119.65252567,50.54775577],[-119.65252542,50.54744102],[-119.65252532,50.54739616],[-119.65252522,50.5473513],[-119.65252563,50.54724128],[-119.65252514,50.54721635],[-119.65252553,50.54703655],[-119.65252557,50.54649713],[-119.65252511,50.54618273],[-119.6525255,50.54614535],[-119.65252514,50.54609265],[-119.65252524,50.54577826],[-119.6525251,50.54550837],[-119.65252531,50.54523884],[-119.65252508,50.54492409],[-119.65252499,50.54487923],[-119.65252489,50.54483436],[-119.65252523,50.54451961],[-119.65252476,50.54398019],[-119.65252489,50.5436658],[-119.65252502,50.54362058],[-119.65252492,50.54357572],[-119.65252471,50.54326097],[-119.65252494,50.54299144],[-119.65252461,50.5427219],[-119.65252497,50.54240715],[-119.65252457,50.54237475],[-119.65252501,50.54231707],[-119.6525246,50.54200268],[-119.65252474,50.54146326],[-119.65252456,50.54114851],[-119.65252447,50.54110365],[-119.65252438,50.54105878],[-119.65252476,50.54074403],[-119.65252445,50.5404745],[-119.65252437,50.54020461],[-119.65252458,50.53996179],[-119.65252454,50.53989022],[-119.65252467,50.539845],[-119.65252458,50.53980014],[-119.6525242,50.53948574],[-119.65252439,50.53894632],[-119.65252424,50.53863157],[-119.65252415,50.53858671],[-119.65252407,50.53854185],[-119.65252448,50.5382271],[-119.65252419,50.53795757],[-119.65252413,50.53768768],[-119.65252399,50.53737293],[-119.65252391,50.53732807],[-119.65252439,50.5372832],[-119.65252425,50.53696845],[-119.65252427,50.53642939],[-119.65252415,50.53611464],[-119.65252407,50.53606978],[-119.6525242,50.53602456],[-119.65252386,50.53571017],[-119.65252382,50.53544028],[-119.65252413,50.53517075],[-119.65252402,50.534856],[-119.65252394,50.53481113],[-119.65252386,50.53476627],[-119.65252375,50.53445152],[-119.65252348,50.5339121],[-119.65252373,50.53359771],[-119.65252387,50.53355249],[-119.65252379,50.53350763],[-119.65252348,50.53319323],[-119.65252347,50.53292334],[-119.65252378,50.5326823],[-119.6525238,50.53265381],[-119.65252371,50.53233906],[-119.65252358,50.53231449],[-119.65252364,50.5322942],[-119.65252357,50.53224934],[-119.65252349,50.53193459],[-119.65252351,50.53173626],[-119.65252327,50.53139517],[-119.65252354,50.53108077],[-119.65252312,50.53103555],[-119.65252305,50.53099069],[-119.65252299,50.53067594],[-119.65252334,50.53040641],[-119.65252314,50.53013688],[-119.65252308,50.52982213],[-119.65252301,50.52977726],[-119.65252316,50.52973205],[-119.65252289,50.52941765],[-119.65252272,50.52887823],[-119.65252268,50.52856348],[-119.65252317,50.52851862],[-119.6525231,50.52847376],[-119.65252307,50.52815901],[-119.65252289,50.52788948],[-119.65252292,50.52761959],[-119.65252268,50.52730519],[-119.65252283,50.52725997],[-119.65252277,50.52721511],[-119.65252253,50.52690072],[-119.65252241,50.5263613],[-119.65252239,50.52604655],[-119.65252233,50.52600169],[-119.65252227,50.52595682],[-119.65252226,50.52564207],[-119.65252232,50.52537219],[-119.6525223,50.52527035],[-119.65252224,50.52524935],[-119.65252224,50.52522549],[-119.65252218,50.52518063],[-119.65252218,50.52486588],[-119.65252217,50.52472275],[-119.6525221,50.52432646],[-119.65252211,50.52401171],[-119.65252233,50.5239875],[-119.65252205,50.52396685],[-119.65252199,50.52392198],[-119.65252201,50.52360723],[-119.65252187,50.5233377],[-119.65252195,50.52306781],[-119.65252176,50.52275342],[-119.65252223,50.52273063],[-119.65252226,50.52270856],[-119.65252186,50.52266334],[-119.65252223,50.52234894],[-119.65252164,50.52180953],[-119.65252203,50.52147769],[-119.65252163,50.52144991],[-119.65252157,50.52140505],[-119.65252161,50.5210903],[-119.6525215,50.52082077],[-119.65252161,50.52055088],[-119.65252145,50.52023649],[-119.65252154,50.52021156],[-119.65252161,50.52019127],[-119.65252155,50.52014641],[-119.65252161,50.51983165],[-119.65252141,50.51929259],[-119.65252148,50.51897784],[-119.65252143,50.51893298],[-119.65252138,50.51888812],[-119.65252145,50.51857337],[-119.65252158,50.51830348],[-119.65252147,50.51806243],[-119.6525215,50.51803395],[-119.65252102,50.5177192],[-119.65252153,50.51767433],[-119.65252148,50.51762947],[-119.65252101,50.51731472],[-119.65252098,50.51709005],[-119.65252108,50.5167753],[-119.65252128,50.51644204],[-119.65252091,50.51641604],[-119.65252108,50.51637083],[-119.65252097,50.51605643],[-119.65252112,50.51578654],[-119.65252106,50.51551701],[-119.65252087,50.51533756],[-119.65252117,50.51520226],[-119.65252112,50.5151574],[-119.65252108,50.51511254],[-119.65252063,50.51479779],[-119.65252075,50.51425837],[-119.65252088,50.51394362],[-119.65252084,50.51389875],[-119.65252079,50.51385389],[-119.65252092,50.51353914],[-119.65252088,50.51326961],[-119.65252085,50.51300008],[-119.65252043,50.51268533],[-119.65252039,50.51264047],[-119.65252056,50.51259525],[-119.65252049,50.51228085],[-119.65252066,50.51174143],[-119.65252025,50.51142668],[-119.65252021,50.51138182],[-119.65252017,50.51133696],[-119.65252034,50.51102221],[-119.65252019,50.51073915],[-119.65252015,50.51069428],[-119.65252011,50.51064942],[-119.65252028,50.51033467],[-119.65251993,50.51006478],[-119.65251992,50.50979525],[-119.6525201,50.5094805],[-119.65252006,50.50943564],[-119.65252003,50.50939078],[-119.65252021,50.50907603],[-119.65251988,50.50853661],[-119.65251985,50.50822221],[-119.65251982,50.50817735],[-119.65252,50.50813213],[-119.65251998,50.50781774],[-119.65251966,50.50754785],[-119.65251968,50.50727832],[-119.65251988,50.50696357],[-119.65251985,50.5069187],[-119.65251982,50.50687384],[-119.65251947,50.50655909],[-119.65251942,50.50638961],[-119.65251975,50.50601967],[-119.65251943,50.50568747],[-119.65251938,50.50566006],[-119.65251935,50.5056152],[-119.65251958,50.50530045],[-119.65251962,50.50503092],[-119.65251966,50.50476138],[-119.65251934,50.50444663],[-119.6525191,50.50440853],[-119.6525195,50.50435655],[-119.65251953,50.50404216],[-119.65251929,50.50350274],[-119.6525191,50.50344257],[-119.65251932,50.50316912],[-119.65251896,50.50314313],[-119.65251893,50.50309826],[-119.65251919,50.50278351],[-119.65251925,50.50251398],[-119.65251898,50.50224409],[-119.65251903,50.5019297],[-119.65251922,50.50188448],[-119.6525192,50.50183962],[-119.65251869,50.50152522],[-119.65251907,50.5009858],[-119.65251893,50.50071663],[-119.65251879,50.50067105],[-119.65251877,50.50062619],[-119.65251874,50.50058133],[-119.65251903,50.50026658],[-119.65251794,50.4999999],[-119.65250529,50.49409619],[-119.65249412,50.48885688],[-119.65249035,50.48702179],[-119.65248643,50.48533908],[-119.65248573,50.48521482],[-119.65248603,50.48490399],[-119.65248587,50.4846754],[-119.65354525,50.48467433],[-119.65557503,50.4846722],[-119.66103128,50.48466614],[-119.6610261,50.48350257],[-119.66102435,50.48306961],[-119.66102266,50.48274275],[-119.66102226,50.48256579],[-119.66101318,50.48232795],[-119.66010792,50.48084926],[-119.65995174,50.48059397],[-119.65586684,50.47392049],[-119.65484671,50.47225309],[-119.65430962,50.47225131],[-119.65404342,50.47225024],[-119.65248845,50.47224526],[-119.65249023,50.47087944],[-119.6524902,50.4707121],[-119.65249068,50.47053478],[-119.6524912,50.47010681],[-119.65249576,50.46713163],[-119.65248897,50.46467843],[-119.65248756,50.46420987],[-119.65248561,50.46347248],[-119.65247572,50.45981369],[-119.65251518,50.45573511],[-119.65254634,50.45251711],[-119.65259307,50.44764359],[-119.6526163,50.44522017],[-119.65261481,50.44157203],[-119.65261333,50.4379414],[-119.6526104,50.43075056],[-119.65263883,50.41620547],[-119.65264606,50.40997064],[-119.65264685,50.40894592],[-119.6526529,50.40414598],[-119.6526545,50.40285885],[-119.65265534,50.40182782],[-119.65265545,50.40168672],[-119.64136672,50.40168779],[-119.64150389,50.40121816],[-119.64171008,50.40061892],[-119.64146715,50.39928408],[-119.64143168,50.39861719],[-119.64151518,50.39795672],[-119.64158876,50.39734431],[-119.64146763,50.39645845],[-119.64133477,50.39549711],[-119.64118928,50.39445993],[-119.64114783,50.39354452],[-119.641245,50.3925935],[-119.64142099,50.39182621],[-119.64163424,50.39112657],[-119.64165824,50.39044045],[-119.64164456,50.38982306],[-119.6414946,50.3894905],[-119.64196902,50.38891406],[-119.64257164,50.38845083],[-119.64330289,50.38810012],[-119.64240638,50.38741899],[-119.64175139,50.38682118],[-119.64125701,50.38603181],[-119.64092438,50.38505089],[-119.64078433,50.38446945],[-119.64057896,50.3839044],[-119.64036521,50.38342943],[-119.64025607,50.38298507],[-119.64012041,50.38256849],[-119.63990261,50.38210562],[-119.63988899,50.38186315],[-119.63941114,50.38172928],[-119.63882193,50.38156763],[-119.63812225,50.38137856],[-119.63730942,50.38106915],[-119.6365052,50.38071666],[-119.63636251,50.3800334],[-119.63613097,50.37937577],[-119.63573841,50.37869215],[-119.63524741,50.37799251],[-119.63467022,50.37733417],[-119.63408175,50.3767506],[-119.63375969,50.37635324],[-119.63382039,50.37617806],[-119.63386361,50.37594592],[-119.63386234,50.37566713],[-119.63381842,50.37538051],[-119.63381852,50.37513768],[-119.63387148,50.3748215],[-119.63399827,50.37456693],[-119.63409434,50.37426784],[-119.63423294,50.37398585],[-119.6345422,50.373586],[-119.6348391,50.37321535],[-119.63512344,50.37287425],[-119.63532539,50.37254277],[-119.6355005,50.37229496],[-119.63574561,50.37208951],[-119.63603174,50.37181001],[-119.63624751,50.37150238],[-119.63680891,50.37150452],[-119.63734966,50.37136851],[-119.63787019,50.37109364],[-119.63850385,50.37079455],[-119.63918881,50.37051826],[-119.63964371,50.37043565],[-119.64021945,50.37039079],[-119.64085498,50.37035946],[-119.6414957,50.37040966],[-119.6421738,50.37035447],[-119.6428394,50.37035234],[-119.64357239,50.37026866],[-119.64436509,50.37032955],[-119.64525178,50.37039827],[-119.64620834,50.3705414],[-119.64727365,50.37053107],[-119.64832488,50.37041821],[-119.64853677,50.3701177],[-119.64863117,50.36979761],[-119.64860898,50.36945829],[-119.64852275,50.36917238],[-119.64845069,50.36888611],[-119.64832895,50.36854715],[-119.64826712,50.36836877],[-119.64821379,50.36811383],[-119.64825892,50.3678322],[-119.64840294,50.36752314],[-119.64851393,50.36693886],[-119.64835662,50.36629975],[-119.64791268,50.36568022],[-119.64729311,50.36510768],[-119.64676717,50.36466262],[-119.6463156,50.36426918],[-119.6459386,50.36392701],[-119.64580883,50.36364395],[-119.64584706,50.36332457],[-119.64605393,50.36296781],[-119.64638454,50.36258861],[-119.64668912,50.36225179],[-119.6467562,50.36194452],[-119.64685488,50.36169029],[-119.64700318,50.36132712],[-119.64801663,50.36117829],[-119.64892758,50.36112453],[-119.64967392,50.36108251],[-119.65061713,50.36101985],[-119.6517581,50.36093689],[-119.65297099,50.3608404],[-119.65395909,50.36076278],[-119.65483514,50.3606168],[-119.65559968,50.36040245],[-119.65648261,50.36076598],[-119.65699865,50.36113806],[-119.65742373,50.36144925],[-119.65775379,50.36174157],[-119.65819973,50.36194701],[-119.65866305,50.36221049],[-119.65914712,50.36248928],[-119.65948519,50.36275133],[-119.65988234,50.36305718],[-119.66045106,50.36342178],[-119.66088855,50.36359375],[-119.66134859,50.3636881],[-119.66183094,50.36370519],[-119.66214462,50.36319426],[-119.66241644,50.36277697],[-119.66264708,50.36245403],[-119.66285523,50.36199045],[-119.66281743,50.36150657],[-119.66258436,50.36107895],[-119.66211762,50.36072468],[-119.66158311,50.36046263],[-119.66131152,50.36032412],[-119.66127547,50.36030739],[-119.66073631,50.35997021],[-119.65992449,50.35953903],[-119.65954021,50.35892697],[-119.65905785,50.35836833],[-119.6587735,50.35792896],[-119.65859826,50.35741553],[-119.6584364,50.35683944],[-119.65828008,50.35628435],[-119.65901502,50.35584463],[-119.6597838,50.35551243],[-119.65959029,50.35506879],[-119.65958449,50.3546312],[-119.65976661,50.35419931],[-119.6610111,50.35399387],[-119.66201368,50.35362713],[-119.6629986,50.35316284],[-119.66316708,50.35215165],[-119.66234507,50.35186645],[-119.66152058,50.35162256],[-119.6606169,50.3513014],[-119.66139886,50.3505398],[-119.66218586,50.34985903],[-119.66297711,50.34925944],[-119.66360396,50.34871219],[-119.6637825,50.34813538],[-119.66351274,50.34752902],[-119.6650412,50.34754505],[-119.66617838,50.34749591],[-119.66711556,50.34735634],[-119.66794893,50.34709144],[-119.66886036,50.34687567],[-119.67000011,50.34718116],[-119.67087081,50.34755502],[-119.67141823,50.34798014],[-119.67224986,50.34824505],[-119.67336613,50.34834901],[-119.67444398,50.34820659],[-119.67525869,50.34805563],[-119.67560298,50.34781387],[-119.6759418,50.3475892],[-119.67621214,50.34723706],[-119.67679015,50.34687816],[-119.67746322,50.34636901],[-119.67828353,50.34579541],[-119.67905985,50.34527343],[-119.67988297,50.34498966],[-119.68077589,50.34479027],[-119.68149859,50.34472547],[-119.68198024,50.34471158],[-119.68141581,50.3442569],[-119.68085358,50.34394678],[-119.6802635,50.34367476],[-119.67982934,50.34345685],[-119.67989873,50.34314032],[-119.67982975,50.34291102],[-119.67952667,50.34279495],[-119.67904379,50.34273727],[-119.67807561,50.3422979],[-119.67746483,50.34179623],[-119.67731742,50.34124684],[-119.67734173,50.3408566],[-119.67740183,50.34064974],[-119.67738489,50.34060737],[-119.6773694,50.34057354],[-119.67734987,50.34052904],[-119.67733273,50.34049699],[-119.67730867,50.34045533],[-119.67728653,50.34042507],[-119.67724985,50.34038305],[-119.67721961,50.34035599],[-119.67718963,50.34033214],[-119.67716045,50.34030971],[-119.67713356,50.34029262],[-119.67709546,50.34027019],[-119.67704852,50.34024669],[-119.67700476,50.3402271],[-119.67687166,50.34017405],[-119.67663386,50.34001169],[-119.67618278,50.33974608],[-119.6756281,50.3393594],[-119.67498308,50.33893],[-119.67417848,50.33845076],[-119.67350064,50.33798041],[-119.67285678,50.33758555],[-119.67216664,50.33719069],[-119.67135725,50.33687736],[-119.67053719,50.33648428],[-119.66970332,50.33609191],[-119.66912818,50.33561622],[-119.6700974,50.33560305],[-119.67117927,50.33559629],[-119.67206439,50.33559379],[-119.6730055,50.33558098],[-119.67397483,50.3355767],[-119.67501421,50.33557101],[-119.67587156,50.33556923],[-119.67654095,50.33572268],[-119.67719174,50.33571663],[-119.67804268,50.33562904],[-119.67818789,50.33561694],[-119.67910276,50.33553967],[-119.67928212,50.33481902],[-119.67934,50.33470936],[-119.67962399,50.33417528],[-119.68011823,50.33369212],[-119.68076541,50.33336953],[-119.68197302,50.33335957],[-119.68208438,50.33264248],[-119.6821967,50.33192111],[-119.68223115,50.33119762],[-119.68210592,50.33047803],[-119.68152777,50.33016257],[-119.68124659,50.32968511],[-119.68125241,50.32944348],[-119.68126196,50.32904635],[-119.6813947,50.32832641],[-119.68244116,50.3287202],[-119.68348455,50.32895377],[-119.68452555,50.32902783],[-119.68550846,50.32901395],[-119.68641287,50.32876827],[-119.68737337,50.32852117],[-119.6883894,50.32827264],[-119.68929847,50.32794579],[-119.69012335,50.32753989],[-119.69067397,50.32705566],[-119.6911271,50.32657214],[-119.69160598,50.32608755],[-119.69207028,50.32560581],[-119.69253168,50.32512336],[-119.69289017,50.32456329],[-119.6931461,50.32392596],[-119.6941579,50.32392026],[-119.69516881,50.32390602],[-119.69569502,50.3242197],[-119.69619219,50.32461065],[-119.69682021,50.32501014],[-119.69745202,50.32524727],[-119.69808684,50.3253224],[-119.698799,50.32523979],[-119.69943596,50.32507529],[-119.70007313,50.32482962],[-119.70090348,50.32466441],[-119.7018526,50.32457825],[-119.70229796,50.32425709],[-119.70268289,50.32385724],[-119.70341076,50.32353466],[-119.70403301,50.32313339],[-119.70496945,50.32288344],[-119.70570169,50.32255551],[-119.70637794,50.32222794],[-119.70699765,50.32190073],[-119.7076584,50.3216547],[-119.70840254,50.32139727],[-119.70900218,50.32113451],[-119.70949163,50.32095221],[-119.70993174,50.32086391],[-119.71107528,50.32096325],[-119.71139268,50.32102484],[-119.71181758,50.32108395],[-119.71234962,50.3211402],[-119.71241791,50.32069194],[-119.71256216,50.32018171],[-119.71189865,50.31946854],[-119.71146118,50.31875145],[-119.71120206,50.31803365],[-119.71112029,50.31731585],[-119.71094984,50.31659448],[-119.71068716,50.3158717],[-119.71036555,50.31515959],[-119.70957956,50.31492317],[-119.70892436,50.31468355],[-119.70819109,50.31452475],[-119.70719425,50.31437022],[-119.70604316,50.31413915],[-119.7050504,50.31366845],[-119.70427017,50.31303788],[-119.70377998,50.31232186],[-119.70330818,50.31168488],[-119.70267276,50.3112099],[-119.70189008,50.3109774],[-119.70102093,50.31090655],[-119.70057453,50.30946881],[-119.69946867,50.30915263],[-119.69834258,50.30875599],[-119.69839062,50.30827497],[-119.69862208,50.30779394],[-119.69878582,50.30723351],[-119.69888073,50.30659369],[-119.69802937,50.30628356],[-119.69726795,50.30589333],[-119.69611621,50.30589333],[-119.69489457,50.30590366],[-119.69372955,50.30591256],[-119.69378104,50.30654989],[-119.69336821,50.30703021],[-119.69236896,50.30727731],[-119.69101667,50.30736952],[-119.69000708,50.30729511],[-119.68895744,50.30714165],[-119.68790988,50.30690772],[-119.6865327,50.30675569],[-119.68522088,50.30660615],[-119.68404232,50.30637863],[-119.68336834,50.30599053],[-119.68241534,50.30567365],[-119.68167606,50.30523677],[-119.68115028,50.30468026],[-119.68090861,50.30421205],[-119.68125975,50.30396104],[-119.68152885,50.30350529],[-119.68167714,50.30314176],[-119.68189707,50.30281312],[-119.68222793,50.30245458],[-119.68255944,50.30210493],[-119.68283533,50.30176597],[-119.68309553,50.30139995],[-119.68334267,50.30105244],[-119.6834883,50.30088723],[-119.68371468,50.30067503],[-119.68398554,50.30041404],[-119.6842444,50.30018617],[-119.68449291,50.2999996],[-119.68478509,50.29981089],[-119.68514486,50.29963464],[-119.68476819,50.29910056],[-119.68439687,50.29876445],[-119.68403357,50.29857574],[-119.68367839,50.29853515],[-119.68364256,50.29814207],[-119.68354101,50.29775255],[-119.68340077,50.29720209],[-119.68336099,50.29663241],[-119.68348839,50.2959876],[-119.68356072,50.29544319],[-119.6839665,50.29516405],[-119.68444665,50.29471507],[-119.68490146,50.29423297],[-119.68532586,50.29370246],[-119.68580516,50.29323852],[-119.6864039,50.29275892],[-119.68697025,50.29229391],[-119.6875051,50.29184386],[-119.68770409,50.29139167],[-119.68793129,50.29098969],[-119.68801925,50.29061655],[-119.68819763,50.29026584],[-119.68803923,50.28985745],[-119.68764458,50.28942093],[-119.68862352,50.28940312],[-119.6896244,50.28942306],[-119.69055391,50.28938959],[-119.69145274,50.28928278],[-119.6923153,50.28909086],[-119.69305577,50.28877398],[-119.69371228,50.28846493],[-119.69422652,50.28807006],[-119.69461399,50.28764031],[-119.69487524,50.28717566],[-119.69488849,50.28718311],[-119.69564176,50.28760648],[-119.69657904,50.28787566],[-119.69768673,50.28798283],[-119.69886847,50.28794331],[-119.70010474,50.28795648],[-119.70139532,50.28802271],[-119.7014961,50.28740567],[-119.70149603,50.28665903],[-119.70165022,50.28591167],[-119.70202729,50.28496137],[-119.70241649,50.28398685],[-119.70278006,50.28314194],[-119.70327493,50.28246046],[-119.70389062,50.28184164],[-119.70457352,50.28126483],[-119.7051566,50.28070085],[-119.70569135,50.28009947],[-119.70629623,50.27954261],[-119.70710422,50.27907404],[-119.70794418,50.27864678],[-119.70876473,50.27818676],[-119.7095827,50.27761494],[-119.71039583,50.27704918],[-119.71120445,50.27648982],[-119.71192554,50.2761181],[-119.7125984,50.27576952],[-119.71323083,50.27550391],[-119.71385033,50.27520767],[-119.71450492,50.27487156],[-119.71503985,50.27441296],[-119.71526166,50.27387105],[-119.7150884,50.2732387],[-119.71469534,50.27254618],[-119.71509308,50.27213494],[-119.71572634,50.27165142],[-119.71650432,50.27109562],[-119.71742612,50.27046719],[-119.71841875,50.27023718],[-119.71930477,50.26993774],[-119.71963206,50.26952508],[-119.7198345,50.26889059],[-119.72009001,50.26820697],[-119.72039914,50.26747421],[-119.72082777,50.26670657],[-119.72135143,50.26604253],[-119.72177266,50.26566191],[-119.72198904,50.26524212],[-119.72209677,50.26483872],[-119.72232884,50.26436445],[-119.72277747,50.26390123],[-119.72348946,50.26333582],[-119.7243604,50.26335149],[-119.72428685,50.26275652],[-119.72428869,50.26221105],[-119.72441979,50.26190912],[-119.72456365,50.26157016],[-119.72476613,50.26123369],[-119.72506116,50.26096949],[-119.72544786,50.26077723],[-119.72580621,50.26066365],[-119.72597801,50.26120841],[-119.72686232,50.26121766],[-119.72771866,50.26119452],[-119.72854651,50.26105922],[-119.72934663,50.26081141],[-119.73011002,50.26061878],[-119.73085021,50.26052728],[-119.73127245,50.26054437],[-119.73169413,50.26056146],[-119.73210873,50.26077936],[-119.73253691,50.26095347],[-119.73300242,50.26110942],[-119.73352827,50.2612198],[-119.7340294,50.26137219],[-119.7345328,50.26152814],[-119.7350377,50.26168801],[-119.73569682,50.2618226],[-119.73645706,50.26189238],[-119.73739461,50.26183862],[-119.73849439,50.26168765],[-119.73893407,50.26168908],[-119.73946385,50.26170973],[-119.74006566,50.26168658],[-119.74072775,50.26221959],[-119.7412183,50.26171329],[-119.74224378,50.26173394],[-119.74330177,50.26183399],[-119.74422227,50.26198104],[-119.74502339,50.26216013],[-119.74584194,50.26232356],[-119.74635061,50.2619789],[-119.74677794,50.26179198],[-119.74712393,50.26176278],[-119.74780288,50.26174462],[-119.7484809,50.26166273],[-119.74908785,50.2615025],[-119.74960934,50.2612992],[-119.75001594,50.26108343],[-119.75036262,50.26081746],[-119.75059654,50.26050022],[-119.75074194,50.26017479],[-119.7512755,50.2599373],[-119.75172829,50.25978776],[-119.75231533,50.25967168],[-119.75303731,50.25958979],[-119.75305174,50.25916751],[-119.75296179,50.25876375],[-119.75327273,50.25848069],[-119.75360147,50.25817591],[-119.75389866,50.25784905],[-119.7541484,50.25752148],[-119.75425613,50.25715404],[-119.75435744,50.25676986],[-119.75429989,50.25639315],[-119.75422119,50.25602642],[-119.75399321,50.25572591],[-119.75363115,50.25552759],[-119.75323991,50.25523812],[-119.75298981,50.25493014],[-119.75288063,50.25460399],[-119.75294831,50.25423654],[-119.75293614,50.25394102],[-119.75281824,50.25365084],[-119.75263783,50.25336813],[-119.7524334,50.25308828],[-119.75239115,50.25275928],[-119.75252338,50.25243634],[-119.75283085,50.2521191],[-119.75225804,50.25143121],[-119.75290858,50.25119087],[-119.75332693,50.25087897],[-119.75361972,50.25052221],[-119.75357108,50.25016651],[-119.75368218,50.24984535],[-119.75374525,50.24950995],[-119.75410332,50.24917562],[-119.75451795,50.24884983],[-119.75508992,50.24855431],[-119.75573848,50.24828727],[-119.7564385,50.24802165],[-119.75644451,50.24757979],[-119.75650029,50.24714754],[-119.75636831,50.24680609],[-119.75629404,50.24648671],[-119.75620229,50.24621931],[-119.75608157,50.24597008],[-119.75627048,50.24575787],[-119.75641731,50.24549546],[-119.7566376,50.24522949],[-119.75684253,50.2448916],[-119.75724461,50.2445391],[-119.75757917,50.24401571],[-119.75789645,50.24338727],[-119.7578817,50.24264419],[-119.7585904,50.24239246],[-119.75925137,50.24207166],[-119.75995599,50.24164725],[-119.7607956,50.24125951],[-119.76164356,50.24091342],[-119.7625002,50.24060935],[-119.76318184,50.24007919],[-119.76367586,50.23945574],[-119.76396701,50.2387059],[-119.76403093,50.23789196],[-119.76305525,50.23759466],[-119.76223059,50.23723647],[-119.76155637,50.2368174],[-119.76089194,50.23623667],[-119.76059565,50.23584083],[-119.72311554,50.23577985],[-119.60000001,50.23549146],[-119.59958931,50.23549039],[-119.59909922,50.23548897],[-119.59902875,50.23548861],[-119.59895861,50.23548861],[-119.59846852,50.23548718],[-119.59803355,50.23548576],[-119.5976273,50.23548469],[-119.59713665,50.23548327],[-119.59706674,50.23548291],[-119.5969966,50.23548291],[-119.59650596,50.23548149],[-119.59608545,50.23548006],[-119.59566529,50.23547899],[-119.59517464,50.23547757],[-119.59510417,50.23547722],[-119.59503459,50.23547722],[-119.59454395,50.23547579],[-119.59408114,50.23547437],[-119.59370272,50.2354733],[-119.59321208,50.23547187],[-119.59314216,50.23547152],[-119.59307202,50.23547152],[-119.59258138,50.23547009],[-119.59216088,50.23546867],[-119.59174071,50.2354676],[-119.59125007,50.23546618],[-119.59118015,50.23546582],[-119.59110968,50.23546547],[-119.59061959,50.23546404],[-119.59012839,50.23546262],[-119.58977837,50.23546155],[-119.58928773,50.23546012],[-119.58921759,50.23546012],[-119.58914767,50.23545977],[-119.58865703,50.23545834],[-119.58823686,50.23545728],[-119.58781636,50.23545585],[-119.58732572,50.23545443],[-119.58725524,50.23545407],[-119.58718566,50.23545407],[-119.58669502,50.23545265],[-119.58617565,50.23545087],[-119.58585379,50.23545016],[-119.58536337,50.23544838],[-119.58529324,50.23544837],[-119.58522332,50.23544802],[-119.58473268,50.23544659],[-119.58431195,50.23544553],[-119.58389145,50.2354441],[-119.58340137,50.23544268],[-119.58333089,50.23544232],[-119.58326076,50.23544232],[-119.58277033,50.23544054],[-119.58222291,50.23543912],[-119.58192967,50.23543805],[-119.58143902,50.23543663],[-119.58136889,50.23543662],[-119.58129897,50.23543627],[-119.58080833,50.23543484],[-119.58038783,50.23543342],[-119.5799671,50.23543235],[-119.57947668,50.23543057],[-119.57940654,50.23543057],[-119.57933663,50.23543022],[-119.57884599,50.23542879],[-119.57826984,50.23542701],[-119.57800476,50.2354263],[-119.57751412,50.23542488],[-119.5774442,50.23542452],[-119.57737428,50.23542416],[-119.57688364,50.23542274],[-119.57646314,50.23542132],[-119.57604242,50.23542025],[-119.57555234,50.23541882],[-119.57548186,50.23541847],[-119.57541194,50.23541811],[-119.5749213,50.23541669],[-119.57431733,50.23541491],[-119.57408063,50.23541419],[-119.57359,50.23541277],[-119.57352008,50.23541241],[-119.5734496,50.23541206],[-119.57295896,50.23541063],[-119.57253846,50.23540921],[-119.57211829,50.23540814],[-119.57162787,50.23540636],[-119.57155774,50.23540636],[-119.57148726,50.235406],[-119.57099718,50.23540458],[-119.57036448,50.23540244],[-119.57015617,50.23540173],[-119.56966553,50.23540031],[-119.5695954,50.23540031],[-119.56952548,50.23539995],[-119.56903484,50.23539853],[-119.56861434,50.2353971],[-119.56819384,50.23539568],[-119.5677032,50.23539425],[-119.56751215,50.23539354],[-119.56707216,50.23539212],[-119.56641163,50.23538998],[-119.5662315,50.23538963],[-119.56574108,50.23538785],[-119.56567094,50.23538785],[-119.56560102,50.23538749],[-119.56511038,50.23538607],[-119.56468988,50.23538464],[-119.56426938,50.23538322],[-119.56377874,50.23538179],[-119.56370882,50.23538144],[-119.56363868,50.23538144],[-119.56314771,50.23537966],[-119.56245879,50.23537752],[-119.56230704,50.23537716],[-119.56181662,50.23537538],[-119.56174648,50.23537538],[-119.56167601,50.23537503],[-119.56118593,50.2353736],[-119.56076543,50.23537218],[-119.56034492,50.23537076],[-119.55985428,50.23536933],[-119.55978381,50.23536898],[-119.55971389,50.23536862],[-119.55922325,50.23536719],[-119.55850616,50.2353647],[-119.55838225,50.23536435],[-119.55789161,50.23536292],[-119.55782169,50.23536257],[-119.55775178,50.23536221],[-119.55726114,50.23536079],[-119.55684064,50.23535936],[-119.55642013,50.23535794],[-119.5559295,50.23535651],[-119.55585958,50.23535616],[-119.55578944,50.23535616],[-119.55529902,50.23535438],[-119.55455354,50.23535188],[-119.55445802,50.23535153],[-119.55438009,50.23535153],[-119.55431295,50.23535117],[-119.55396738,50.2353501],[-119.55389746,50.23534975],[-119.55382733,50.23534975],[-119.55333691,50.23534797],[-119.55291641,50.23534654],[-119.55249591,50.23534512],[-119.55200527,50.2353437],[-119.55193535,50.23534334],[-119.55186487,50.23534298],[-119.55137424,50.23534156],[-119.55060092,50.23533907],[-119.55053323,50.23533871],[-119.55004315,50.23533729],[-119.54997268,50.23533693],[-119.54990276,50.23533657],[-119.54941212,50.23533515],[-119.54899162,50.23533373],[-119.54857112,50.2353323],[-119.5480807,50.23533052],[-119.54801056,50.23533052],[-119.54794065,50.23533017],[-119.54744967,50.23532839],[-119.54664797,50.23532589],[-119.54660901,50.23532589],[-119.54611859,50.23532411],[-119.54604811,50.23532376],[-119.54597798,50.23532376],[-119.54548756,50.23532198],[-119.54506706,50.23532055],[-119.54464656,50.23531913],[-119.54415592,50.2353177],[-119.544086,50.23531735],[-119.54401608,50.23531699],[-119.54352545,50.23531557],[-119.54269502,50.23531272],[-119.54219403,50.23531094],[-119.54212355,50.23531058],[-119.54205397,50.23531058],[-119.541563,50.2353088],[-119.5411425,50.23530738],[-119.540722,50.23530595],[-119.54023158,50.23530417],[-119.54016144,50.23530417],[-119.54009153,50.23530382],[-119.53960111,50.23530204],[-119.53876011,50.23529919],[-119.53826947,50.23529777],[-119.53819955,50.23529741],[-119.53813687,50.23529705],[-119.53809178,50.23529705],[-119.53763844,50.23529563],[-119.53721794,50.2352942],[-119.53679744,50.23529278],[-119.53630702,50.235291],[-119.53623711,50.23529064],[-119.53616719,50.23529029],[-119.53567655,50.23528886],[-119.53483555,50.23528602],[-119.53434458,50.23528424],[-119.53418582,50.23528352],[-119.53371411,50.2352821],[-119.53329361,50.23528067],[-119.53287311,50.23527925],[-119.53238269,50.23527747],[-119.53231277,50.23527711],[-119.53224263,50.23527711],[-119.53175166,50.23527533],[-119.53091066,50.23527249],[-119.53042024,50.2352707],[-119.53035033,50.23527035],[-119.53028041,50.23526999],[-119.52978977,50.23526857],[-119.52935335,50.23526679],[-119.52894844,50.23526536],[-119.52845836,50.23526394],[-119.52838788,50.23526358],[-119.52831797,50.23526323],[-119.52809942,50.23526287],[-119.51199698,50.23512152],[-119.51182609,50.23512152],[-119.51162826,50.23512187],[-119.51126733,50.23512223],[-119.5107767,50.23512259],[-119.51070657,50.23512259],[-119.51063676,50.23512294],[-119.51014614,50.2351233],[-119.50972565,50.23512366],[-119.50930516,50.23512401],[-119.50881431,50.23512472],[-119.50874418,50.23512472],[-119.50867404,50.23512472],[-119.50818375,50.23512544],[-119.50734277,50.23512615],[-119.50683489,50.2351265],[-119.50678201,50.2351265],[-119.50671221,50.23512686],[-119.50622158,50.23512722],[-119.50580109,50.23512757],[-119.50549694,50.23512793],[-119.50538027,50.23512757],[-119.50488963,50.23512615],[-119.50485679,50.23512615],[-119.50481949,50.23512615],[-119.50474958,50.23512579],[-119.50425894,50.23512437],[-119.50341828,50.23512187],[-119.50292743,50.23512081],[-119.50288479,50.23512045],[-119.50285751,50.23512045],[-119.50278759,50.23512009],[-119.50229696,50.23511867],[-119.50187624,50.2351176],[-119.50145608,50.23511653],[-119.50096544,50.23511511],[-119.50091779,50.23511475],[-119.50089497,50.23511475],[-119.50082483,50.23511475],[-119.50032362,50.23511333],[-119.49956735,50.23511119],[-119.49949354,50.23511084],[-119.4990029,50.23510941],[-119.49893299,50.23510906],[-119.49886285,50.23510906],[-119.49837221,50.23510763],[-119.49795172,50.23510621],[-119.49753156,50.23510514],[-119.4973787,50.23510478],[-119.49720157,50.23510407],[-119.49704092,50.23510372],[-119.49699772,50.23510336],[-119.4969582,50.23510336],[-119.49690031,50.23510336],[-119.49641023,50.23510194],[-119.49556902,50.23509944],[-119.49507838,50.23509802],[-119.49500847,50.23509766],[-119.49493833,50.23509766],[-119.49444769,50.23509624],[-119.49404646,50.23509517],[-119.4940272,50.23509481],[-119.49360658,50.23509268],[-119.49311628,50.23508983],[-119.4930458,50.23508947],[-119.49297589,50.23508912],[-119.49248558,50.23508627],[-119.49169,50.235082],[-119.49164458,50.23508164],[-119.49115371,50.23507879],[-119.4910838,50.23507844],[-119.49101388,50.23507808],[-119.49052302,50.23507523],[-119.49010296,50.2350731],[-119.48968202,50.2350706],[-119.48958783,50.23506989],[-119.48920395,50.23506775],[-119.48919171,50.23506775],[-119.48912179,50.2350674],[-119.48905132,50.23506704],[-119.4889165,50.23506633],[-119.48308151,50.23499405],[-119.48139267,50.2349734],[-119.47736991,50.23492391],[-119.47730155,50.23492284],[-119.47722295,50.23492213],[-119.4769867,50.23491893],[-119.47681079,50.23491714],[-119.47597,50.2349086],[-119.47547957,50.23490326],[-119.47540932,50.23490255],[-119.47533962,50.23490183],[-119.47484897,50.23489685],[-119.47450662,50.23489329],[-119.47443748,50.23489258],[-119.47400785,50.23488795],[-119.4735172,50.23488296],[-119.4734475,50.23488225],[-119.47337725,50.23488154],[-119.4728866,50.23487655],[-119.47278262,50.23487549],[-119.47204603,50.23486765],[-119.4716479,50.23486338],[-119.471586,50.23486267],[-119.47158854,50.23483169],[-119.47159151,50.23479822],[-119.47159487,50.23475336],[-119.47162121,50.23443932],[-119.47163887,50.23422533],[-119.4716433,50.23416979],[-119.47166572,50.23390062],[-119.47169174,50.23358622],[-119.4716951,50.23354136],[-119.47169903,50.2334965],[-119.47171035,50.23336084],[-119.47172483,50.23318246],[-119.47176936,50.23264375],[-119.47179539,50.23232936],[-119.47179931,50.23228449],[-119.47180268,50.23223963],[-119.47182905,50.23192559],[-119.47183,50.2319142],[-119.4718314,50.23177391],[-119.47183309,50.23167351],[-119.47183301,50.23165571],[-119.47183675,50.23138617],[-119.47183794,50.23127224],[-119.47152555,50.23126796],[-119.47145531,50.23126725],[-119.47138528,50.23126618],[-119.47114459,50.23126298],[-119.470895,50.23125978],[-119.47032857,50.2312523],[-119.47005415,50.23124874],[-119.46956331,50.23124233],[-119.46949663,50.23124126],[-119.4694236,50.23124055],[-119.46893276,50.23123414],[-119.46869541,50.23123094],[-119.46851273,50.23122844],[-119.46809247,50.2312231],[-119.46760163,50.23121669],[-119.46755477,50.23121598],[-119.46753161,50.23121562],[-119.46746159,50.23121456],[-119.4669713,50.23120815],[-119.46613046,50.23119711],[-119.46564018,50.2311907],[-119.46561647,50.23119035],[-119.46557015,50.23118963],[-119.46549991,50.23118892],[-119.46500963,50.23118251],[-119.46460484,50.23117646],[-119.46458926,50.23117646],[-119.46456833,50.2311761],[-119.46440601,50.23117397],[-119.46416867,50.23117076],[-119.46367839,50.23116435],[-119.46360814,50.23116364],[-119.46353812,50.23116257],[-119.46304784,50.23115616],[-119.46220699,50.23114513],[-119.46171671,50.23113872],[-119.46164647,50.23113801],[-119.46157644,50.23113694],[-119.46108617,50.23113053],[-119.46066591,50.23112519],[-119.46024198,50.23111949],[-119.4600859,50.23111629],[-119.46008864,50.23082788],[-119.46009105,50.23051313],[-119.46009138,50.23048572],[-119.46009165,50.23046827],[-119.46009225,50.23042341],[-119.46009232,50.23038567],[-119.46009522,50.23010866],[-119.46009975,50.22956924],[-119.46010274,50.22925449],[-119.46010334,50.22920963],[-119.46010394,50.22916476],[-119.46010637,50.22885001],[-119.46010692,50.22881868],[-119.46010932,50.22858013],[-119.46011149,50.22831059],[-119.46011448,50.22799584],[-119.46011457,50.22796166],[-119.46011509,50.22795098],[-119.46011513,50.22790612],[-119.46011814,50.22759137],[-119.46012327,50.22705195],[-119.46012629,50.2267372],[-119.46012653,50.22671441],[-119.46012634,50.22669234],[-119.46012694,50.22664747],[-119.46012996,50.22633272],[-119.46013076,50.22622306],[-119.46013196,50.22610022],[-119.46013271,50.22606319],[-119.46013568,50.2257933],[-119.46013926,50.22547855],[-119.46013987,50.22543369],[-119.46014048,50.22538883],[-119.46014406,50.22507408],[-119.46014976,50.22463863],[-119.46015092,50.22453466],[-119.4601543,50.22422026],[-119.46015513,50.22417505],[-119.46015574,50.22413018],[-119.46015934,50.22381543],[-119.46016267,50.2235459],[-119.46016566,50.22327601],[-119.46016961,50.22296162],[-119.46016988,50.2229164],[-119.4601705,50.22287154],[-119.46017411,50.22255679],[-119.4600828,50.22200348],[-119.46009174,50.21791992],[-119.46014534,50.21753111],[-119.46015131,50.21748838],[-119.45999899,50.21737267],[-119.46006057,50.21706504],[-119.46007517,50.2158922],[-119.46017862,50.2154304],[-119.4601932,50.21536489],[-119.46025033,50.2152157],[-119.46026485,50.21500527],[-119.46027134,50.21446585],[-119.46027505,50.2141511],[-119.46027568,50.21410624],[-119.46027575,50.21406138],[-119.46028002,50.21374663],[-119.46028289,50.2134771],[-119.46028598,50.21320721],[-119.46029004,50.21289282],[-119.46029034,50.2128476],[-119.46029096,50.21280273],[-119.46029469,50.21248798],[-119.46030124,50.21194856],[-119.46030285,50.21182964],[-119.46030441,50.21166515],[-119.46030531,50.21163417],[-119.46030561,50.21158895],[-119.46030894,50.21155406],[-119.46029873,50.21122507],[-119.46031287,50.21095981],[-119.46031349,50.21091138],[-119.46031435,50.21086616],[-119.46031655,50.21068992],[-119.46032008,50.21037552],[-119.46032038,50.21033031],[-119.46032101,50.21028544],[-119.4603251,50.20997105],[-119.46032603,50.20988097],[-119.46032673,50.20982258],[-119.46033114,50.20943163],[-119.46033491,50.20911688],[-119.46033554,50.20907202],[-119.4603364,50.2090268],[-119.46033995,50.2087124],[-119.46034309,50.20844252],[-119.46034656,50.20817299],[-119.46035034,50.20785823],[-119.46035098,50.20781337],[-119.46035128,50.20776815],[-119.46035485,50.20745376],[-119.46036149,50.20691434],[-119.46036528,50.20659959],[-119.46036565,50.20657573],[-119.46036592,50.20655473],[-119.46036656,50.20650986],[-119.46037036,50.20619511],[-119.46037353,50.20592523],[-119.46037647,50.20565569],[-119.46038028,50.20534094],[-119.46038066,50.20532065],[-119.46038092,50.20529608],[-119.46038156,50.20525122],[-119.46038538,50.20493647],[-119.46039151,50.20439705],[-119.46039572,50.20406378],[-119.46039598,50.20403744],[-119.46039662,50.20399257],[-119.46040045,50.20367782],[-119.46040341,50.20340829],[-119.46040661,50.2031384],[-119.4604104,50.20280763],[-119.46041109,50.20277879],[-119.46041173,50.20273393],[-119.46041557,50.20241918],[-119.46042176,50.20187976],[-119.46042579,50.20155219],[-119.46042626,50.20152015],[-119.46042635,50.20147528],[-119.4604302,50.20116053],[-119.46043375,50.200891],[-119.46043697,50.20062111],[-119.46044061,50.20030672],[-119.46044093,50.2002615],[-119.46044158,50.20021664],[-119.4604444,50.20000016],[-119.46022983,50.19025065],[-119.46528481,50.18835511],[-119.47174821,50.18217816],[-119.47401644,50.17830429],[-119.47459094,50.17686009],[-119.47576498,50.17385401],[-119.47582932,50.17238678],[-119.47607297,50.16820969],[-119.47615521,50.1669591],[-119.47631359,50.16517947],[-119.47712182,50.15293944],[-119.4770501,50.15150966],[-119.45963801,50.15151179],[-119.45398893,50.15151188],[-119.45392769,50.17109369],[-119.45392236,50.17282233],[-119.45390296,50.17905324],[-119.45389927,50.18031296],[-119.4419068,50.19709266],[-119.44180174,50.19723959],[-119.4228507,50.22372678],[-119.42289656,50.22459088],[-119.42289657,50.22459092],[-119.42309768,50.22838011],[-119.42312068,50.22881352],[-119.42411323,50.24750409],[-119.42439438,50.25279557],[-119.42440969,50.25308365],[-119.42411333,50.2530817],[-119.41868139,50.25304591],[-119.41868059,50.2530459],[-119.4102939,50.2530103],[-119.40659161,50.25300734],[-119.40000018,50.25300176],[-119.39887076,50.25300104],[-119.38279392,50.2529168],[-119.38176621,50.25291133],[-119.38116215,50.25290811],[-119.38117511,50.26020718],[-119.38117539,50.26036777],[-119.35296259,50.2603845],[-119.35297096,50.26761913],[-119.35297924,50.2748534],[-119.34868893,50.27485544],[-119.34265087,50.27485803],[-119.34169075,50.27485838],[-119.34083459,50.27486088],[-119.34024595,50.2748623],[-119.33745942,50.27487013],[-119.33107431,50.27488735],[-119.33032032,50.27488936],[-119.33036621,50.28209657],[-119.33037944,50.28415658],[-119.33038973,50.28575857],[-119.33039376,50.28643934],[-119.3304122,50.28933084],[-119.31997034,50.28933369],[-119.31912049,50.28933369],[-119.31831411,50.28933369],[-119.30782799,50.28933512],[-119.30782802,50.28943321],[-119.30782902,50.29327367],[-119.30782988,50.29656974],[-119.30783075,50.29999995],[-119.30783093,50.30378372],[-119.2965554,50.30378372],[-119.28529391,50.30381755],[-119.28531117,50.30465925],[-119.28526405,50.3100157],[-119.28524485,50.3106979],[-119.28536074,50.31077588],[-119.28544808,50.31082003],[-119.28551782,50.31083605],[-119.28560488,50.31086097],[-119.28572007,50.31093112],[-119.28578008,50.31103793],[-119.28579712,50.31110095],[-119.28580174,50.31118213],[-119.28580613,50.31126189],[-119.28582216,50.31132384],[-119.28584226,50.31143208],[-119.28584481,50.3114951],[-119.28584797,50.31157593],[-119.28585314,50.31165711],[-119.28585572,50.31172903],[-119.28586194,50.31185507],[-119.28588082,50.31193483],[-119.28588377,50.31201601],[-119.28589012,50.31211499],[-119.28590983,50.31223996],[-119.28594291,50.31236494],[-119.28597693,50.31250095],[-119.28599501,50.31257216],[-119.28601321,50.31267898],[-119.28604598,50.31274093],[-119.2860929,50.31286697],[-119.28615302,50.31293783],[-119.28621196,50.31299088],[-119.28627413,50.31310588],[-119.28630498,50.31319596],[-119.28630879,50.31326682],[-119.2863011,50.31336687],[-119.28630405,50.31344805],[-119.28628285,50.31361005],[-119.28628596,50.31367307],[-119.28628815,50.31372684],[-119.28627985,50.31384398],[-119.28630111,50.31399601],[-119.28633273,50.31404907],[-119.28643826,50.31419113],[-119.28651076,50.31426092],[-119.28654173,50.31431504],[-119.28655995,50.31439586],[-119.28659094,50.3144571],[-119.28665102,50.31454683],[-119.28669808,50.31464403],[-119.28674315,50.31471488],[-119.28680514,50.31484093],[-119.28686676,50.31495593],[-119.28688381,50.31501895],[-119.2869019,50.31509016],[-119.28693407,50.31517099],[-119.28695108,50.3152511],[-119.28694611,50.31539601],[-119.28694819,50.31544906],[-119.28689713,50.31554983],[-119.28684279,50.31560395],[-119.28672022,50.31569688],[-119.28666807,50.3157421],[-119.28659809,50.31578909],[-119.28650623,50.31592582],[-119.28648295,50.3159981],[-119.28638991,50.31611702],[-119.28626376,50.31611097],[-119.28616281,50.31610384],[-119.28599688,50.31610705],[-119.28587015,50.31612699],[-119.28578916,50.31618182],[-119.28565206,50.31626585],[-119.2855149,50.31633207],[-119.285421,50.31639688],[-119.28533912,50.31648802],[-119.28528893,50.31661514],[-119.28526591,50.31669596],[-119.28522915,50.31680598],[-119.28519085,50.31688716],[-119.28516503,50.31696798],[-119.2851279,50.31703207],[-119.28510202,50.31709509],[-119.28506423,50.31719514],[-119.28504113,50.31728594],[-119.28501573,50.31735893],[-119.28498074,50.31749387],[-119.28495907,50.31761101],[-119.28494913,50.31770216],[-119.28488514,50.31783711],[-119.28484586,50.3179279],[-119.28479723,50.31808207],[-119.28479015,50.31822592],[-119.28478196,50.3183071],[-119.28477275,50.31841498],[-119.28476025,50.318478],[-119.28473912,50.31858802],[-119.28471592,50.318713],[-119.28470774,50.31883085],[-119.28469684,50.31890206],[-119.28468499,50.31895689],[-119.28467506,50.31904804],[-119.28468098,50.31914596],[-119.28467013,50.31920008],[-119.28468789,50.31927093],[-119.28469086,50.31935211],[-119.28469398,50.31941513],[-119.28469776,50.31950486],[-119.28467385,50.3195871],[-119.28466504,50.31971315],[-119.28462907,50.31982103],[-119.28460317,50.31987693],[-119.28458007,50.31996594],[-119.28454224,50.32008487],[-119.28450611,50.32021091],[-119.28445593,50.32033802],[-119.28443427,50.32045516],[-119.28439825,50.32058191],[-119.28437614,50.32069799],[-119.28433777,50.32078914],[-119.2843012,50.32091589],[-119.28426402,50.32099707],[-119.28422727,50.32110709],[-119.28417414,50.32118792],[-119.28413585,50.32127088],[-119.28408525,50.32137093],[-119.28407922,50.32152296],[-119.28406927,50.3216401],[-119.28407413,50.32172093],[-119.28406527,50.32182917],[-119.28406905,50.32191889],[-119.28407202,50.32200007],[-119.28407788,50.32210796],[-119.28409709,50.32220694],[-119.28410089,50.32226889],[-119.28410386,50.32235007],[-119.28410798,50.32244015],[-119.28408385,50.32252098],[-119.28403107,50.32260394],[-119.28399178,50.32265806],[-119.28395306,50.32271396],[-119.28387184,50.32276914],[-119.28379025,50.32281508],[-119.28367798,50.32282611],[-119.28359314,50.32283786],[-119.28345022,50.32279514],[-119.28337628,50.3227339],[-119.28333185,50.32266197],[-119.28328675,50.32259112],[-119.28325511,50.32253807],[-119.2832258,50.32248395],[-119.28316415,50.32236894],[-119.28311912,50.32231589],[-119.28299188,50.32229097],[-119.28289302,50.32231091],[-119.28281182,50.3223401],[-119.28271312,50.32234188],[-119.28254401,50.32233583],[-119.28243005,50.32231197],[-119.28237116,50.32224895],[-119.2822568,50.32220694],[-119.28215379,50.32212789],[-119.28204312,50.32212113],[-119.28189005,50.32216991],[-119.28180779,50.32221513],[-119.28174176,50.32230592],[-119.28170283,50.32239707],[-119.28163718,50.32247113],[-119.28158295,50.32252596],[-119.28151576,50.32260785],[-119.28147815,50.32266197],[-119.281413,50.32278089],[-119.28139183,50.3229429],[-119.28136808,50.32300699],[-119.28124503,50.32308995],[-119.28116528,50.32318216],[-119.2810708,50.32327296],[-119.28103203,50.32334595],[-119.28100823,50.32342713],[-119.28098406,50.32352682],[-119.28097321,50.32358094],[-119.28093496,50.32364503],[-119.28089504,50.32370912],[-119.28085627,50.32378211],[-119.28081609,50.32383588],[-119.28076501,50.32389997],[-119.28072509,50.32396406],[-119.28060089,50.32403811],[-119.28047884,50.32412214],[-119.2804251,50.32415917],[-119.28033007,50.32424997],[-119.28020706,50.32431584],[-119.28010006,50.32439808],[-119.28003495,50.32449991],[-119.28002626,50.32462489],[-119.28000088,50.32469788],[-119.27999073,50.32475983],[-119.27999215,50.32481395],[-119.27998294,50.32488694],[-119.27998487,50.32495815],[-119.27997292,50.32501405],[-119.27989406,50.32510485],[-119.27979781,50.32516894],[-119.27973117,50.32521594],[-119.27966495,50.32531599],[-119.27962578,50.32537082],[-119.27958708,50.32543384],[-119.27953474,50.32551609],[-119.27946808,50.32558908],[-119.27944214,50.32566207],[-119.27939113,50.32574396],[-119.27932384,50.32582692],[-119.27928514,50.32588994],[-119.27925913,50.32594513],[-119.27919316,50.32599106],[-119.27910518,50.32593801],[-119.27910197,50.32588496],[-119.27909512,50.32575001],[-119.27909422,50.32568699],[-119.27907481,50.32562504],[-119.27890418,50.32557306],[-119.27882307,50.32562896],[-119.27878275,50.32567489],[-119.27870316,50.32574895],[-119.27864822,50.32579417],[-119.27856711,50.32585007],[-119.27847209,50.32591487],[-119.2784178,50.3259519],[-119.27833498,50.32599889],[-119.27825421,50.32605515],[-119.27821291,50.32610892],[-119.27817474,50.32616303],[-119.27813701,50.326246],[-119.27812616,50.32630012],[-119.27807308,50.32636385],[-119.27801802,50.32643613],[-119.27796586,50.32650912],[-119.27789995,50.32657285],[-119.27783193,50.32663908],[-119.27785799,50.33289563],[-119.27787238,50.3373445],[-119.27788092,50.34004302],[-119.27393685,50.34004196],[-119.26992026,50.34004089],[-119.26892435,50.34004196],[-119.26884792,50.34004196],[-119.26562643,50.34004516],[-119.2653996,50.3400448],[-119.26536821,50.34015162],[-119.26528244,50.34044429],[-119.26522564,50.34052832],[-119.26516496,50.34061769],[-119.26498735,50.34076403],[-119.26448871,50.34096449],[-119.2642268,50.34075442],[-119.26375316,50.34049557],[-119.26323362,50.34034175],[-119.26262702,50.34026413],[-119.25269929,50.34024134],[-119.25269847,50.34032324],[-119.2526983,50.34036917],[-119.25269928,50.34063799],[-119.2526995,50.34072807],[-119.25269999,50.34104246],[-119.25270119,50.34158224],[-119.25270169,50.34189663],[-119.25270191,50.34198671],[-119.25270274,50.34230146],[-119.25270364,50.34284088],[-119.25270414,50.34315528],[-119.25270443,50.34320228],[-119.25270437,50.34324536],[-119.25270522,50.34356011],[-119.2527054,50.34366728],[-119.25228373,50.34366799],[-119.25179198,50.34366835],[-119.25165172,50.3436687],[-119.25128327,50.34366906],[-119.25115975,50.34366942],[-119.25107495,50.34366942],[-119.25064826,50.34367013],[-119.25016153,50.34367048],[-119.25002127,50.34367084],[-119.24988402,50.34367084],[-119.24988398,50.34356794],[-119.24988322,50.34330233],[-119.24988315,50.34325319],[-119.24988271,50.34316347],[-119.24988219,50.34299327],[-119.24988188,50.34284872],[-119.24988157,50.34273371],[-119.24988046,50.3423093],[-119.24987909,50.34199455],[-119.24987921,50.34190482],[-119.2498784,50.34159007],[-119.24987644,50.34105065],[-119.24987564,50.3407359],[-119.24987521,50.34064618],[-119.24987478,50.34037202],[-119.24987441,50.34033143],[-119.24987421,50.34027624],[-119.24987618,50.34023458],[-119.24942274,50.34023351],[-119.24825775,50.34022568],[-119.24795771,50.34022283],[-119.24764618,50.34021963],[-119.24697094,50.34022176],[-119.24606283,50.34022247],[-119.24603471,50.34022283],[-119.24504794,50.34022354],[-119.24492075,50.34022354],[-119.24413582,50.34022532],[-119.24346503,50.34022568],[-119.24279685,50.34023885],[-119.24209592,50.34023387],[-119.23987886,50.34021785],[-119.21761431,50.34005549],[-119.2167843,50.34005442],[-119.21576684,50.34005335],[-119.20630983,50.3400416],[-119.20628919,50.3400416],[-119.18312782,50.34005513],[-119.17191969,50.34006296],[-119.17188624,50.34337674],[-119.17188642,50.34356937],[-119.1718868,50.34391972],[-119.17188697,50.34410879],[-119.17188752,50.34442318],[-119.1718876,50.34451326],[-119.17188848,50.34482801],[-119.17188907,50.34536743],[-119.1718894,50.34568218],[-119.17188991,50.34576087],[-119.17188971,50.34577191],[-119.17189005,50.34608666],[-119.17189121,50.34662608],[-119.17189157,50.34694083],[-119.17189187,50.34703055],[-119.17189223,50.3473453],[-119.17189286,50.34788472],[-119.17189323,50.34819947],[-119.17189332,50.34828955],[-119.17189391,50.34860395],[-119.17189513,50.34914337],[-119.17189551,50.34945812],[-119.1718956,50.3495482],[-119.17189599,50.34986295],[-119.17189655,50.35015954],[-119.17189667,50.35040237],[-119.17189694,50.35061457],[-119.17199012,50.41246407],[-119.16684504,50.41246728],[-119.16568803,50.41246799],[-119.16228539,50.41246977],[-119.16172253,50.41247012],[-119.15773524,50.41247226],[-119.15711818,50.41247262],[-119.15307245,50.4124744],[-119.15025446,50.41247582],[-119.14915634,50.41247618],[-119.14916146,50.41274571],[-119.14916689,50.41306046],[-119.14916827,50.41315054],[-119.14917392,50.41346493],[-119.14918397,50.41400435],[-119.14918941,50.4143191],[-119.14919135,50.41440918],[-119.14919702,50.41472358],[-119.14920654,50.415263],[-119.149212,50.41557775],[-119.14921394,50.41566783],[-119.14921962,50.41598222],[-119.14922917,50.41652164],[-119.14923464,50.41683639],[-119.14923658,50.41692647],[-119.14924228,50.41724087],[-119.14925185,50.41778029],[-119.14925734,50.41809504],[-119.14925873,50.41818512],[-119.14926444,50.41849951],[-119.1492746,50.41903893],[-119.1492801,50.41935368],[-119.14928171,50.41944341],[-119.14928722,50.41975816],[-119.14929684,50.42029758],[-119.14930291,50.42061233],[-119.14930454,50.42070205],[-119.14931005,50.4210168],[-119.1493197,50.42155622],[-119.14932523,50.42187097],[-119.14932686,50.4219607],[-119.14933239,50.42227545],[-119.14934206,50.42281487],[-119.14934816,50.42312962],[-119.1493498,50.42321934],[-119.14935536,50.42353765],[-119.14936504,50.42407351],[-119.1493706,50.42438826],[-119.14937223,50.42447799],[-119.1493778,50.42479274],[-119.14938752,50.42533216],[-119.14939309,50.42564691],[-119.14939473,50.42573663],[-119.14940031,50.42605138],[-119.14941005,50.4265908],[-119.14941564,50.42690555],[-119.14941729,50.42699528],[-119.14942344,50.42731003],[-119.14943265,50.42784945],[-119.14943881,50.4281642],[-119.1494399,50.42825392],[-119.14944607,50.42856867],[-119.1494553,50.42910809],[-119.14946092,50.42942284],[-119.14946257,50.42951257],[-119.14946622,50.42971659],[-119.14946876,50.42982732],[-119.14947802,50.43036674],[-119.14948365,50.43068149],[-119.14948466,50.4307292],[-119.14948531,50.43077121],[-119.14949094,50.43108596],[-119.14950079,50.43162538],[-119.14950644,50.43194013],[-119.1495081,50.43202986],[-119.14951375,50.43234461],[-119.14952362,50.43288403],[-119.14952928,50.43319878],[-119.14953095,50.4332885],[-119.14953661,50.43360325],[-119.14954595,50.43414267],[-119.14954639,50.43416439],[-119.14955052,50.43436948],[-119.14955163,50.43445742],[-119.1495533,50.43454715],[-119.14955898,50.4348619],[-119.1495689,50.43540132],[-119.14957459,50.43571607],[-119.14957626,50.43580579],[-119.14958196,50.43612054],[-119.14959095,50.43662471],[-119.14959135,50.43665996],[-119.14959705,50.43697471],[-119.14959761,50.43699715],[-119.14959873,50.43706444],[-119.14960444,50.43737919],[-119.14960619,50.43748316],[-119.14961441,50.43791861],[-119.14961554,50.43801011],[-119.14961979,50.438233],[-119.14962125,50.43832308],[-119.14962698,50.43863783],[-119.14963261,50.43895543],[-119.14963698,50.43917725],[-119.14964011,50.4393535],[-119.14964013,50.43935706],[-119.14964237,50.43949165],[-119.1496444,50.43958173],[-119.14964958,50.43989648],[-119.14965581,50.44021942],[-119.1496596,50.4404359],[-119.14966501,50.44075029],[-119.14966704,50.44084037],[-119.14967223,50.44115512],[-119.14967674,50.44140009],[-119.1496819,50.44166464],[-119.1496355,50.44166463],[-119.14955198,50.44166499],[-119.14914274,50.44166499],[-119.14900185,50.44166499],[-119.14850909,50.44166535],[-119.14766411,50.4416657],[-119.14717157,50.4416657],[-119.14703046,50.44166606],[-119.14682416,50.44166606],[-119.14653792,50.44166606],[-119.1456935,50.44166642],[-119.14520073,50.44166677],[-119.14505985,50.44166677],[-119.14469869,50.44166677],[-119.14390738,50.44166713],[-119.14372232,50.44166713],[-119.14322956,50.44166748],[-119.14308867,50.44166748],[-119.14259591,50.44166784],[-119.14175115,50.44166784],[-119.14125839,50.4416682],[-119.1411175,50.4416682],[-119.14062474,50.44166855],[-119.13977998,50.44166855],[-119.13899203,50.44166891],[-119.13865357,50.44166926],[-119.13813307,50.44166926],[-119.08181333,50.44167461],[-119.08178763,50.4450749],[-119.05982815,50.44506565],[-119.05886726,50.44506529],[-119.05938285,50.45858939],[-119.05939799,50.45898638],[-119.05941824,50.45951732],[-119.0588486,50.45951731],[-119.01409077,50.45950779],[-119.01409569,50.4742137],[-119.00154577,50.47421762],[-119.00150971,50.47421779],[-119.0014734,50.48878247],[-118.98992045,50.48878959],[-118.98663084,50.48879244],[-118.98646911,50.48879244],[-118.97846341,50.48879813],[-118.97771864,50.4887987],[-118.97657601,50.48879956],[-118.96700536,50.48880561],[-118.96325283,50.48880775],[-118.96165297,50.48880846],[-118.90827439,50.48881794],[-118.90578216,50.48881775],[-118.90531294,50.48881771],[-118.90000008,50.48881772],[-118.89384727,50.48881939],[-118.89291687,50.48881961],[-118.89229992,50.48881976],[-118.89173973,50.48881988],[-118.88735091,50.48882079],[-118.86800797,50.4888227],[-118.85356181,50.48881807],[-118.84999999,50.48881593],[-118.82499978,50.48880063],[-118.81249956,50.48879315],[-118.80627944,50.48878854],[-118.80312488,50.48878745],[-118.80156251,50.48878638],[-118.80078093,50.48878603],[-118.80039054,50.48878567],[-118.80019523,50.48878567],[-118.80009752,50.48878531],[-118.80004883,50.48878531],[-118.8000242,50.48878531],[-118.80000014,50.48878531],[-118.79877075,50.48878425],[-118.79754214,50.48878282],[-118.79508414,50.48878033],[-118.79016836,50.48877499],[-118.76927677,50.48875469],[-118.74769193,50.48872977],[-118.73333952,50.48870698],[-118.71808669,50.48868064],[-118.7143467,50.48867385],[-118.7076875,50.48866147],[-118.70222368,50.48865101],[-118.69651897,50.4886398],[-118.69510203,50.48863697],[-118.69432065,50.4886354],[-118.69430935,50.48863538],[-118.69162597,50.48862995],[-118.66011191,50.48856136],[-118.64885955,50.48854221],[-118.62023398,50.48848836],[-118.61005804,50.48845179],[-118.59999997,50.488446],[-118.59373535,50.4884298],[-118.58322635,50.48840184],[-118.57538706,50.48838033],[-118.57272484,50.48852078],[-118.57422023,50.4901934],[-118.57829106,50.49474594],[-118.57850806,50.49481715],[-118.57859423,50.49484536],[-118.58790079,50.4978909],[-118.58936739,50.50084836],[-118.58544883,50.50302558],[-118.58451426,50.51443049],[-118.57512603,50.51842421],[-118.57286037,50.51938778],[-118.57193074,50.51994563],[-118.57090174,50.52056309],[-118.56812814,50.52222728],[-118.5676778,50.52249752],[-118.56669524,50.52308711],[-118.56193355,50.52594403],[-118.56100686,50.52649996],[-118.55879903,50.52782414],[-118.55863685,50.52843237],[-118.55801111,50.53077896],[-118.55761831,50.53225188],[-118.55707605,50.53428509],[-118.55612759,50.53784085],[-118.54885347,50.53901717],[-118.54865172,50.53904979],[-118.5436343,50.53869308],[-118.53588785,50.53814249],[-118.53209356,50.5378726],[-118.53062004,50.53869308],[-118.52884895,50.5396795],[-118.52321495,50.5428169],[-118.52059822,50.54427382],[-118.5178767,50.54578892],[-118.51646975,50.54657212],[-118.51107442,50.54957508],[-118.50956998,50.54995158],[-118.50000011,50.55234594],[-118.49676559,50.55315487],[-118.49219662,50.55429732],[-118.48222192,50.55679061],[-118.47446165,50.57147025],[-118.47956084,50.57812304],[-118.4787991,50.57929346],[-118.47775215,50.58095204],[-118.47589688,50.58384597],[-118.47579811,50.58400794],[-118.48193008,50.58662451],[-118.48313135,50.58713703],[-118.48342571,50.58746686],[-118.4880804,50.59268169],[-118.49010328,50.59494755],[-118.48997157,50.59902419],[-118.48993248,50.60023378],[-118.48969728,50.60752158],[-118.4896886,50.6077906],[-118.48845006,50.60925919],[-118.48346799,50.61476781],[-118.48274921,50.61557385],[-118.47830727,50.62055526],[-118.47521578,50.62870805],[-118.47351331,50.62925106],[-118.46450254,50.63214738],[-118.45860258,50.63266181],[-118.45132259,50.63333999],[-118.44958263,50.63534808],[-118.44635689,50.63907034],[-118.44617269,50.63928288],[-118.44290863,50.64304857],[-118.44192117,50.64418764],[-118.43534714,50.649754],[-118.42731221,50.65105699],[-118.42704245,50.6514307],[-118.42207009,50.65831797],[-118.4176886,50.66608768],[-118.42581104,50.67384257],[-118.42616266,50.67417561],[-118.42553761,50.67528903],[-118.42224096,50.68116043],[-118.42218496,50.681409],[-118.42039821,50.68933814],[-118.42034012,50.68970949],[-118.42140559,50.69063351],[-118.42349537,50.69241793],[-118.42557747,50.69418141],[-118.42618492,50.69565113],[-118.42737676,50.69850909],[-118.42733349,50.69855897],[-118.42300435,50.7035486],[-118.42236823,50.7038371],[-118.42145867,50.70424959],[-118.41796784,50.70583258],[-118.41458882,50.70736464],[-118.41146631,50.70970536],[-118.40985974,50.71090957],[-118.40841083,50.71199552],[-118.40832361,50.71248662],[-118.40790447,50.71484639],[-118.40692965,50.72030825],[-118.40912699,50.7214358],[-118.40932807,50.72153848],[-118.41262035,50.72322371],[-118.41472659,50.72430462],[-118.4307585,50.72811153],[-118.43208124,50.73559709],[-118.43230102,50.73683961],[-118.43160142,50.74648491],[-118.43146367,50.74741271],[-118.43074981,50.75222021],[-118.44002985,50.75375338],[-118.44899974,50.76569832],[-118.4488138,50.76679756],[-118.45049014,50.76791035],[-118.45230269,50.76911346],[-118.45522212,50.7725199],[-118.45524501,50.77314412],[-118.45532126,50.77522346],[-118.45537637,50.77653316],[-118.45419947,50.77729977],[-118.45344163,50.77779305],[-118.4517417,50.77889946],[-118.45078824,50.77951999],[-118.44967915,50.7805897],[-118.44856504,50.78166962],[-118.45038973,50.78504524],[-118.44729544,50.78545667],[-118.43937202,50.78645514],[-118.43719312,50.78674434],[-118.43576939,50.7883998],[-118.4340694,50.79037981],[-118.43000153,50.79517996],[-118.43269954,50.79712759],[-118.43492654,50.79954584],[-118.43058941,50.80211857],[-118.42850542,50.80524182],[-118.42696477,50.80990356],[-118.42876213,50.8130859],[-118.42919074,50.81384471],[-118.42919863,50.81404246],[-118.42928455,50.81619517],[-118.42938437,50.81869583],[-118.43290231,50.81990581],[-118.43537912,50.82191619],[-118.43606869,50.82442026],[-118.43499619,50.82564409],[-118.43339094,50.82578672],[-118.43197042,50.82591292],[-118.42942904,50.82587716],[-118.42802882,50.82585743],[-118.42615505,50.82577789],[-118.42501704,50.82572957],[-118.42353347,50.82566656],[-118.42114486,50.82750082],[-118.42072132,50.82787383],[-118.41897533,50.82941145],[-118.41617469,50.83187757],[-118.41376386,50.83400851],[-118.41278715,50.8340902],[-118.4100686,50.83431592],[-118.40248378,50.83194299],[-118.39708732,50.83137354],[-118.39007968,50.83063327],[-118.38734394,50.83109974],[-118.3834869,50.83174463],[-118.37986413,50.83086405],[-118.37466693,50.83191465],[-118.37363041,50.8340402],[-118.37262926,50.83858696],[-118.37014347,50.8403368],[-118.36954528,50.84074024],[-118.36766338,50.84014418],[-118.36342219,50.83882475],[-118.35976756,50.83927252],[-118.35580444,50.84154136],[-118.35529315,50.84160007],[-118.34855158,50.84255284],[-118.34082032,50.84525958],[-118.33733799,50.84650837],[-118.33068398,50.84849353],[-118.3286078,50.84820461],[-118.3250982,50.84905529],[-118.32509871,50.85132297],[-118.32524635,50.85451809],[-118.3219687,50.857049],[-118.31770562,50.85761887],[-118.3100221,50.85774496],[-118.30443337,50.85889383],[-118.29898467,50.86259228],[-118.29500127,50.86472496],[-118.29485926,50.86479083],[-118.29442287,50.86494856],[-118.29421488,50.86512161],[-118.29397317,50.86530426],[-118.29374199,50.86550151],[-118.29355032,50.86575858],[-118.29357166,50.86654047],[-118.29361002,50.86740354],[-118.29346696,50.86788564],[-118.29326468,50.86827658],[-118.29300261,50.86857638],[-118.29287617,50.86878467],[-118.29278647,50.86897765],[-118.2927942,50.86914144],[-118.29276456,50.86938854],[-118.29267973,50.86990802],[-118.29274959,50.87055781],[-118.29272335,50.87103457],[-118.29258942,50.87144865],[-118.29240291,50.87177266],[-118.29217895,50.872013],[-118.29191063,50.87220384],[-118.29154454,50.87237261],[-118.29134767,50.87261473],[-118.29120035,50.8727721],[-118.29096473,50.87299962],[-118.29085784,50.87307866],[-118.2907836,50.87312744],[-118.29057877,50.87325883],[-118.29033097,50.87344219],[-118.29009898,50.87367469],[-118.28988246,50.87395598],[-118.28969116,50.87421874],[-118.2890427,50.87442988],[-118.28855813,50.87465491],[-118.28811347,50.87491055],[-118.28769819,50.87514021],[-118.28722488,50.87545104],[-118.28682674,50.87562942],[-118.28650455,50.875675],[-118.28579074,50.87566966],[-118.28494186,50.87548415],[-118.28395904,50.87511849],[-118.28381904,50.87518293],[-118.28369331,50.87550089],[-118.28361502,50.87588044],[-118.28372693,50.87650567],[-118.28379308,50.87682896],[-118.28397405,50.8772135],[-118.28398915,50.87724946],[-118.28412356,50.8774727],[-118.28435783,50.87773084],[-118.284637,50.8780698],[-118.28451433,50.87825068],[-118.28431646,50.87845683],[-118.28396357,50.87873064],[-118.2836382,50.87895281],[-118.28343156,50.87908705],[-118.28321392,50.87920027],[-118.28289406,50.87928501],[-118.2826684,50.87952713],[-118.28240927,50.87974895],[-118.28211601,50.87994976],[-118.28189208,50.8800783],[-118.28172804,50.88014595],[-118.28150657,50.88017941],[-118.28119795,50.88015698],[-118.28084034,50.88008969],[-118.28016557,50.87983654],[-118.28005071,50.87980663],[-118.27989386,50.87977351],[-118.27955073,50.87971726],[-118.27871167,50.87951965],[-118.27787726,50.87932809],[-118.27704773,50.87914223],[-118.27678088,50.87926187],[-118.27647762,50.87944808],[-118.27623217,50.87964284],[-118.2759809,50.87981019],[-118.27563233,50.88006904],[-118.27513562,50.88044004],[-118.27492384,50.88055825],[-118.27467083,50.880664],[-118.27437659,50.88075729],[-118.27375815,50.88101187],[-118.27305141,50.88134727],[-118.27208844,50.88176848],[-118.27120991,50.88210779],[-118.27032375,50.88228226],[-118.26934551,50.88237376],[-118.26812307,50.88267499],[-118.26691825,50.88303851],[-118.26650886,50.88365449],[-118.26610354,50.88427651],[-118.26584188,50.88488109],[-118.26567134,50.8853995],[-118.26554076,50.88582961],[-118.26531195,50.88619456],[-118.2654251,50.88616643],[-118.26560135,50.88618851],[-118.26585426,50.88626079],[-118.26643005,50.88653317],[-118.26688852,50.88683403],[-118.26729024,50.88714166],[-118.26767016,50.88757498],[-118.26815321,50.88802645],[-118.26856442,50.88849965],[-118.26897006,50.88877701],[-118.26919714,50.88906541],[-118.26956545,50.88930895],[-118.26990925,50.88962798],[-118.27023826,50.88982024],[-118.27040869,50.88993738],[-118.270542,50.890015],[-118.27074162,50.89015564],[-118.27117439,50.89055549],[-118.27096421,50.89118428],[-118.27062968,50.89178743],[-118.270213,50.89219796],[-118.26975007,50.89254048],[-118.26964539,50.89306032],[-118.26964571,50.89358194],[-118.26974992,50.89410533],[-118.26974606,50.89501362],[-118.26999027,50.89556657],[-118.27011255,50.89611596],[-118.27002373,50.89651866],[-118.27008555,50.89680884],[-118.27029708,50.89698615],[-118.27078027,50.89697191],[-118.27118073,50.89692954],[-118.27157246,50.89699043],[-118.2720208,50.8973301],[-118.27254825,50.89765624],[-118.27311127,50.89801372],[-118.27370948,50.89828503],[-118.27413758,50.89852715],[-118.27443933,50.89869485],[-118.27481861,50.89851789],[-118.2751688,50.89831815],[-118.27534108,50.89820528],[-118.27563016,50.89803437],[-118.2759628,50.89789373],[-118.27629167,50.89777517],[-118.27661165,50.89770289],[-118.27691061,50.89758966],[-118.27719303,50.8974597],[-118.2774689,50.89732761],[-118.27776816,50.8971656],[-118.27796196,50.89703742],[-118.27817823,50.89691209],[-118.27848295,50.8967978],[-118.27877686,50.89662369],[-118.27904769,50.89647095],[-118.27930814,50.89628544],[-118.27962961,50.89626087],[-118.27981938,50.89625269],[-118.27998448,50.8962299],[-118.28014943,50.89619216],[-118.28033261,50.89613626],[-118.28054175,50.8960419],[-118.28077662,50.89590945],[-118.28097106,50.89573641],[-118.28123956,50.89567054],[-118.28163394,50.89553132],[-118.28189843,50.89533941],[-118.28218409,50.8952034],[-118.28242567,50.89508804],[-118.28262396,50.89499297],[-118.28279115,50.8948801],[-118.28297701,50.89474302],[-118.28320088,50.89459669],[-118.28326315,50.89429048],[-118.28328925,50.89418829],[-118.28328482,50.89403519],[-118.28327487,50.89384969],[-118.28324545,50.89364318],[-118.28323782,50.89336724],[-118.28321541,50.89305569],[-118.28317709,50.89270854],[-118.28330754,50.89228448],[-118.28331679,50.89209542],[-118.28333711,50.89179847],[-118.28337448,50.89161225],[-118.28343975,50.89139257],[-118.28351955,50.89119995],[-118.28361482,50.89104898],[-118.28384977,50.89079476],[-118.28405754,50.8905854],[-118.2842887,50.89038815],[-118.28458645,50.89018377],[-118.28490706,50.89010865],[-118.28515222,50.89006093],[-118.28563336,50.88999257],[-118.28590285,50.88996266],[-118.28638458,50.8899032],[-118.28661118,50.88987686],[-118.28690924,50.88985264],[-118.28725034,50.88983983],[-118.28747769,50.88983733],[-118.28777604,50.88983413],[-118.28810797,50.88984837],[-118.28833119,50.88986404],[-118.28841713,50.88987187],[-118.28882065,50.8898943],[-118.28923321,50.88991673],[-118.28965593,50.88993917],[-118.28982641,50.88994629],[-118.2898833,50.88994557],[-118.2899786,50.88995376],[-118.29011164,50.88997014],[-118.29041499,50.88997869],[-118.29094521,50.88993988],[-118.29164624,50.8899381],[-118.2921428,50.89000361],[-118.29258889,50.89009547],[-118.29285469,50.88993988],[-118.29317585,50.8897234],[-118.29355442,50.88953042],[-118.29386392,50.88941292],[-118.29407598,50.88935951],[-118.29424172,50.88936699],[-118.29437532,50.88938337],[-118.29458081,50.88929115],[-118.29480982,50.88917152],[-118.29538685,50.88894934],[-118.29564405,50.8888208],[-118.29586367,50.88866236],[-118.29611248,50.88845585],[-118.29650885,50.88839746],[-118.29687777,50.88836648],[-118.29700566,50.88836506],[-118.29731896,50.8883793],[-118.29748505,50.88839247],[-118.29766074,50.88840565],[-118.29784568,50.88841847],[-118.29812125,50.88842452],[-118.29827644,50.88845051],[-118.29844642,50.88848078],[-118.29863054,50.8885146],[-118.29891503,50.8885235],[-118.29907137,50.88852172],[-118.29946666,50.88840956],[-118.29969066,50.88845799],[-118.30007009,50.88853561],[-118.30062221,50.88860432],[-118.30120658,50.88859685],[-118.30104412,50.88838286],[-118.30089636,50.88817777],[-118.30181362,50.88827248],[-118.30243593,50.88833729],[-118.30277707,50.88833871],[-118.30313208,50.8883056],[-118.30331585,50.8882675],[-118.30345745,50.88824792],[-118.30365472,50.88820092],[-118.30398065,50.88814324],[-118.3042917,50.88809481],[-118.30443328,50.88806633],[-118.30470178,50.88801826],[-118.30513176,50.88795667],[-118.30547212,50.88792889],[-118.3057759,50.88789827],[-118.30613249,50.88783134],[-118.30647561,50.88771953],[-118.30670705,50.88762732],[-118.3068932,50.88756216],[-118.30711788,50.88747884],[-118.3075401,50.88732396],[-118.30807405,50.88709929],[-118.30908806,50.88673719],[-118.30960587,50.88684507],[-118.31004016,50.88689029],[-118.31038444,50.88688851],[-118.31069841,50.88687213],[-118.31129492,50.88685611],[-118.31138003,50.8868554],[-118.31211717,50.88728764],[-118.31248269,50.88742045],[-118.31284571,50.88751516],[-118.313206,50.88757213],[-118.31355038,50.8875675],[-118.31387371,50.88761058],[-118.31417611,50.88770209],[-118.31452324,50.88789899],[-118.31464835,50.88797269],[-118.31479712,50.88803393],[-118.31496877,50.88808306],[-118.31486493,50.88843484],[-118.31485639,50.88863281],[-118.31490718,50.88885214],[-118.31495543,50.88905224],[-118.31500124,50.88923383],[-118.3150207,50.88952614],[-118.31500845,50.88982131],[-118.31496494,50.89011862],[-118.31491619,50.89030875],[-118.31489322,50.89044903],[-118.31490003,50.8906737],[-118.31490009,50.89084461],[-118.31489341,50.89096175],[-118.31487077,50.89115971],[-118.31481004,50.89140824],[-118.31466984,50.89165569],[-118.31450905,50.89188926],[-118.31436672,50.89210966],[-118.31435026,50.89242049],[-118.31439337,50.892721],[-118.31445846,50.89300905],[-118.31450709,50.89327217],[-118.31453903,50.89351073],[-118.31454737,50.89380732],[-118.31454141,50.89411317],[-118.31453395,50.89434709],[-118.31448373,50.89459063],[-118.31447585,50.8948064],[-118.31449933,50.89513005],[-118.31465469,50.89536896],[-118.31478276,50.89561535],[-118.31492297,50.89587741],[-118.31503153,50.896127],[-118.31517481,50.89639048],[-118.31543901,50.89668422],[-118.31571592,50.89693275],[-118.31594282,50.89706805],[-118.31619698,50.89718519],[-118.31644695,50.89729912],[-118.31671029,50.89739811],[-118.31682555,50.8974508],[-118.31701862,50.89756545],[-118.31719756,50.89770431],[-118.3173635,50.89786738],[-118.31753817,50.89800945],[-118.31772429,50.89822023],[-118.31786165,50.89837761],[-118.31806097,50.89855492],[-118.31837112,50.89880629],[-118.31866129,50.89894515],[-118.31891842,50.89903701],[-118.3189547,50.89932435],[-118.31902575,50.89949739],[-118.31912097,50.89967328],[-118.31935677,50.89995848],[-118.31940042,50.90000298],[-118.31975459,50.90046051],[-118.31993978,50.900792],[-118.32005529,50.90103874],[-118.32008632,50.90127801],[-118.31997828,50.90160807],[-118.31982616,50.90197943],[-118.31971994,50.90242129],[-118.31981001,50.90292083],[-118.31948923,50.90314052],[-118.31921474,50.90333243],[-118.31887052,50.90356422],[-118.31845623,50.90383553],[-118.31805928,50.90398792],[-118.31761759,50.9041898],[-118.31720883,50.90448818],[-118.31678258,50.90460283],[-118.31622388,50.90463914],[-118.31553386,50.90459713],[-118.31577192,50.90498095],[-118.31532864,50.90539682],[-118.31502068,50.90579596],[-118.31507399,50.90611818],[-118.31515591,50.90644967],[-118.31538097,50.90679504],[-118.31544823,50.90728782],[-118.31551239,50.90787067],[-118.31546118,50.90840902],[-118.31537002,50.90887367],[-118.31526354,50.90913858],[-118.31522951,50.90928491],[-118.31524328,50.90943873],[-118.31549718,50.90985851],[-118.31555078,50.91008176],[-118.31560715,50.91029076],[-118.31566662,50.91048588],[-118.31588469,50.91071339],[-118.31611411,50.91100358],[-118.31635488,50.91135643],[-118.3164602,50.91172708],[-118.31647544,50.91210449],[-118.31639665,50.91249223],[-118.31633467,50.9128255],[-118.31634312,50.91312138],[-118.31646492,50.91340764],[-118.3167002,50.91368501],[-118.31713775,50.91360988],[-118.31757767,50.91351303],[-118.31818603,50.91389294],[-118.31865176,50.91427427],[-118.31869602,50.91431878],[-118.3193785,50.91465098],[-118.31992594,50.91506044],[-118.32026824,50.91548628],[-118.32061336,50.91583592],[-118.3208943,50.91615566],[-118.32134282,50.91641735],[-118.32176258,50.91678124],[-118.32209888,50.91716827],[-118.32219809,50.91760087],[-118.32222471,50.9178761],[-118.3224033,50.9179701],[-118.32277803,50.9180997],[-118.32325991,50.91824212],[-118.32367862,50.91847142],[-118.32370037,50.91874095],[-118.32369385,50.91900158],[-118.32365445,50.91928393],[-118.32360981,50.91960331],[-118.32360529,50.91990204],[-118.3236251,50.92020967],[-118.32358015,50.92050982],[-118.32346965,50.92080285],[-118.32326798,50.92104781],[-118.32335341,50.9213266],[-118.32344422,50.92168835],[-118.32363191,50.92206399],[-118.32363235,50.92251368],[-118.32372383,50.92289145],[-118.32372058,50.92334613],[-118.32395115,50.92377304],[-118.32408693,50.92428326],[-118.32434722,50.92470696],[-118.32446573,50.92508224],[-118.3246792,50.92531653],[-118.32479392,50.9255031],[-118.3249354,50.92564267],[-118.32495463,50.92582212],[-118.32520083,50.92602507],[-118.32544916,50.9262031],[-118.32527791,50.92651108],[-118.3251832,50.9268536],[-118.32517586,50.92759134],[-118.32512709,50.92787975],[-118.32517081,50.92841881],[-118.32456219,50.92904297],[-118.32427119,50.9294802],[-118.32405914,50.92987008],[-118.3246127,50.92988005],[-118.32516814,50.92983946],[-118.32554418,50.9302069],[-118.32582052,50.93058468],[-118.32583296,50.93102903],[-118.32571918,50.93153391],[-118.32547918,50.93209932],[-118.32524662,50.9328684],[-118.32513252,50.93358121],[-118.3252396,50.93434032],[-118.32546001,50.93509444],[-118.3257953,50.93587882],[-118.32623892,50.93662938],[-118.32663737,50.93729911],[-118.32703625,50.9379781],[-118.32749689,50.93864428],[-118.32785149,50.93910002],[-118.32826853,50.9394251],[-118.32874857,50.9396195],[-118.32855942,50.94009626],[-118.32843612,50.94064529],[-118.32857364,50.94148308],[-118.32856528,50.94218451],[-118.32856239,50.94308389],[-118.32855747,50.9439021],[-118.32855074,50.94465765],[-118.32879403,50.94520347],[-118.32897194,50.94545342],[-118.32969892,50.94549615],[-118.33048705,50.9456699],[-118.33133553,50.94597504],[-118.33215502,50.94576283],[-118.33295293,50.94571975],[-118.33361429,50.94595403],[-118.33406752,50.94642046],[-118.33421129,50.94675444],[-118.33445852,50.94715037],[-118.33483452,50.94769477],[-118.33527501,50.94815728],[-118.33573275,50.94840901],[-118.33631205,50.94857707],[-118.33733386,50.94868851],[-118.33843346,50.94875082],[-118.33966016,50.94883841],[-118.34071607,50.94892529],[-118.34030333,50.94941557],[-118.33951669,50.94983536],[-118.33905936,50.95028149],[-118.33893236,50.95075326],[-118.33968246,50.95071801],[-118.34027174,50.95089996],[-118.3406992,50.9512998],[-118.34039668,50.95155901],[-118.34001313,50.9517673],[-118.33954933,50.95192432],[-118.33902333,50.95193749],[-118.33859252,50.95209237],[-118.33833705,50.95244487],[-118.33825413,50.95292839],[-118.33838846,50.95363729],[-118.33962662,50.95360524],[-118.34069411,50.95361094],[-118.34184494,50.95318724],[-118.34286562,50.95286358],[-118.34375627,50.9526407],[-118.34469418,50.95241994],[-118.34551439,50.95235051],[-118.34635188,50.95231384],[-118.34709262,50.9523142],[-118.34845846,50.95229568],[-118.34975648,50.9523644],[-118.35102493,50.95242172],[-118.35229274,50.95243418],[-118.35254713,50.95303057],[-118.35281093,50.95361201],[-118.35308358,50.95417848],[-118.35299017,50.95462319],[-118.35344964,50.9549148],[-118.35446166,50.95505295],[-118.35531754,50.95516974],[-118.35610247,50.95534278],[-118.35676444,50.95558382],[-118.3573745,50.95583733],[-118.35756815,50.95611399],[-118.35809688,50.95668331],[-118.35856389,50.95705574],[-118.35866598,50.9571533],[-118.35885404,50.95735518],[-118.35893841,50.95753677],[-118.35883632,50.95793697],[-118.35865066,50.95857466],[-118.35838632,50.95943489],[-118.35807805,50.96015803],[-118.35803143,50.96067608],[-118.35785678,50.96107664],[-118.35790027,50.9614359],[-118.35763283,50.96186993],[-118.35737538,50.96243748],[-118.35695517,50.96310579],[-118.35659667,50.96383249],[-118.35639115,50.96459017],[-118.35637824,50.9656156],[-118.35730092,50.96617745],[-118.35806664,50.9667012],[-118.35876729,50.96718365],[-118.35930828,50.96761697],[-118.35990441,50.9678598],[-118.35999391,50.96788294],[-118.36046397,50.96800507],[-118.361181,50.96768782],[-118.362001,50.96748665],[-118.36280291,50.96746921],[-118.36347114,50.96770527],[-118.36394384,50.96817633],[-118.36423132,50.96875242],[-118.36479954,50.96949835],[-118.36551397,50.97023929],[-118.3662003,50.97086381],[-118.36660799,50.97148548],[-118.36689326,50.97215272],[-118.36703389,50.97284773],[-118.36733587,50.97347759],[-118.36748401,50.97399849],[-118.36780437,50.9744432],[-118.36796913,50.97498903],[-118.36821283,50.97557581],[-118.36829158,50.97615332],[-118.36836586,50.97663613],[-118.36828454,50.97710648],[-118.36820227,50.97769824],[-118.36811838,50.9784107],[-118.3681128,50.97918404],[-118.36859772,50.97968216],[-118.36921621,50.98020627],[-118.36967314,50.98073465],[-118.37010771,50.98125093],[-118.37024325,50.98175616],[-118.37051484,50.98228348],[-118.37078517,50.98284889],[-118.37121442,50.98356313],[-118.3717964,50.984235],[-118.37253147,50.9848937],[-118.37363028,50.98554242],[-118.37473375,50.98620183],[-118.3758428,50.98687228],[-118.37634914,50.98728708],[-118.37676318,50.98768764],[-118.37708504,50.98807467],[-118.37778348,50.98852507],[-118.37839295,50.98894059],[-118.3788037,50.98934649],[-118.37899781,50.98980295],[-118.37904692,50.9900269],[-118.37899447,50.99033346],[-118.37899388,50.99080096],[-118.37905086,50.99126597],[-118.37914933,50.99171352],[-118.37930945,50.99199053],[-118.37955858,50.99238005],[-118.37974587,50.99277349],[-118.37985599,50.99321606],[-118.38011151,50.99372451],[-118.38051313,50.99429953],[-118.38112793,50.99505258],[-118.38189729,50.99580278],[-118.38206106,50.99651738],[-118.38239434,50.99718178],[-118.38272806,50.99727577],[-118.38305609,50.99738971],[-118.38387348,50.9977041],[-118.38453853,50.99803773],[-118.38508907,50.99822002],[-118.38558354,50.9982453],[-118.38604738,50.99818762],[-118.38653576,50.99815309],[-118.38712902,50.99824103],[-118.38694928,50.99874378],[-118.38695316,50.99898233],[-118.38710031,50.99918635],[-118.38739017,50.99935583],[-118.38787981,50.9995189],[-118.38842197,50.99970832],[-118.38901779,50.99992409],[-118.38945895,51.0002278],[-118.39000413,51.00050908],[-118.3905295,51.00075156],[-118.39116888,51.00117063],[-118.39172043,51.00165771],[-118.39145724,51.00186564],[-118.39133656,51.00205471],[-118.3913574,51.00222561],[-118.39153077,51.00246915],[-118.39172348,51.00270984],[-118.39190229,51.00297724],[-118.39217152,51.00324392],[-118.39244927,51.00346539],[-118.39273475,51.00364199],[-118.39313937,51.00381717],[-118.39355288,51.00382998],[-118.39398045,51.0038339],[-118.39441153,51.003778],[-118.39481746,51.00370715],[-118.39518497,51.00359463],[-118.39522711,51.00357612],[-118.39559196,51.00337388],[-118.39600022,51.00321615],[-118.39637929,51.00302281],[-118.39677075,51.00277536],[-118.39714981,51.00258202],[-118.39755872,51.00243319],[-118.39799666,51.00230216],[-118.39831174,51.00218752],[-118.398532,51.00209779],[-118.39908007,51.00183965],[-118.39919227,51.00177521],[-118.39944498,51.00164632],[-118.3998916,51.00133513],[-118.40000381,51.00127068],[-118.40049433,51.0009951],[-118.40090056,51.00075654],[-118.40129332,51.00055395],[-118.4017462,51.00044962],[-118.40209582,51.00037556],[-118.40244367,51.00025736],[-118.40279065,51.00009535],[-118.40285561,51.00004942],[-118.40292997,51.00000385],[-118.40333443,50.99971117],[-118.40354648,50.99965171],[-118.4038147,50.99956127],[-118.40446456,50.99937363],[-118.40505338,50.99920486],[-118.40566451,50.99899052],[-118.40621971,50.99897485],[-118.40674296,50.99898945],[-118.40736237,50.99905105],[-118.40789216,50.99913472],[-118.40856585,50.99926148],[-118.40921037,50.99937969],[-118.40985068,50.99934194],[-118.41043302,50.99926575],[-118.41102193,50.99915466],[-118.41157508,50.99902114],[-118.41219105,50.9988189],[-118.41262289,50.99864871],[-118.41301241,50.99852623],[-118.41334275,50.99840339],[-118.41370518,50.99814703],[-118.41414179,50.99798004],[-118.41428559,50.99786148],[-118.4145461,50.99767847],[-118.41505047,50.99739327],[-118.41547342,50.99770909],[-118.41584286,50.99793055],[-118.41615842,50.99805731],[-118.41655201,50.99817872],[-118.41695823,50.99827272],[-118.4175049,50.99843971],[-118.41819517,50.99864123],[-118.41918561,50.99855115],[-118.42025634,50.99845751],[-118.42140747,50.99835924],[-118.42157223,50.99872704],[-118.42209049,50.99905069],[-118.42296193,50.99932984],[-118.4232184,50.99999601],[-118.42354281,51.00060878],[-118.42324277,51.00104494],[-118.42312276,51.00142307],[-118.42317974,51.00167836],[-118.42329591,51.00184357],[-118.42369692,51.00216758],[-118.4243064,51.00248304],[-118.42498063,51.00277643],[-118.42555514,51.00296513],[-118.42594674,51.00309438],[-118.4265899,51.00320048],[-118.4274243,51.00319443],[-118.42845015,51.00307587],[-118.42845616,51.00373207],[-118.42836033,51.00433309],[-118.42822961,51.00465247],[-118.42806749,51.00489992],[-118.42787521,51.00507617],[-118.42762935,51.00528019],[-118.42743842,51.00551126],[-118.4273382,51.00575836],[-118.4273289,51.00602113],[-118.42709131,51.00647973],[-118.42699787,51.0067368],[-118.4269359,51.00699422],[-118.4268501,51.00724631],[-118.4267329,51.00750338],[-118.42652738,51.00776686],[-118.42632089,51.00800292],[-118.42615865,51.00824966],[-118.42599239,51.0084576],[-118.42582211,51.00862672],[-118.42554566,51.00876202],[-118.42517914,51.00889839],[-118.42498745,51.00914335],[-118.42494721,51.00922489],[-118.42450036,51.00948516],[-118.42402512,51.00979172],[-118.42343683,51.01013247],[-118.4228104,51.01051878],[-118.42210717,51.01098628],[-118.42188398,51.01120561],[-118.42175015,51.01143135],[-118.42199271,51.01169411],[-118.42220836,51.01196008],[-118.42239689,51.01222962],[-118.42276059,51.01250591],[-118.42317315,51.01274482],[-118.42339476,51.01299406],[-118.42367826,51.01325113],[-118.42391896,51.01350606],[-118.42411651,51.0137585],[-118.42429557,51.014017],[-118.42467351,51.0142552],[-118.42508778,51.01442717],[-118.42554546,51.01463653],[-118.42589354,51.01493882],[-118.42594545,51.01534187],[-118.42573843,51.01581328],[-118.42546178,51.01625123],[-118.42585,51.01635448],[-118.42611864,51.01648515],[-118.42641695,51.01661725],[-118.42674585,51.01675112],[-118.42748026,51.01698505],[-118.42854379,51.01726562],[-118.42795822,51.01773062],[-118.4274903,51.01823195],[-118.4265137,51.01832381],[-118.42572063,51.01848332],[-118.42510939,51.01871048],[-118.42487538,51.01866562],[-118.42463375,51.01853245],[-118.42438463,51.0183117],[-118.42410069,51.01804253],[-118.42375435,51.01786592],[-118.42335661,51.01775163],[-118.42290644,51.01770036],[-118.42251771,51.01773098],[-118.42214406,51.01777549],[-118.42208575,51.01799909],[-118.42199933,51.01818708],[-118.42188559,51.01833912],[-118.42179397,51.01846302],[-118.42166493,51.01858159],[-118.42149667,51.01873754],[-118.42117793,51.01892233],[-118.42082626,51.01918332],[-118.42029072,51.01949486],[-118.41981158,51.01993708],[-118.4193311,51.02044481],[-118.41909108,51.02099705],[-118.41896478,51.02152223],[-118.41903065,51.02176541],[-118.41911577,51.02195519],[-118.4192209,51.02217451],[-118.4193514,51.02241485],[-118.4195086,51.02267584],[-118.41969699,51.02294038],[-118.41989996,51.02319247],[-118.42016376,51.02342604],[-118.4204934,51.02363397],[-118.42088854,51.02381592],[-118.42124533,51.0239886],[-118.42157528,51.0242033],[-118.4218403,51.0244739],[-118.42205372,51.02477904],[-118.42219952,51.02519419],[-118.42244001,51.02574857],[-118.42266669,51.0261566],[-118.42287866,51.02641795],[-118.42298657,51.02666825],[-118.42319279,51.02689078],[-118.42354328,51.02715604],[-118.42370532,51.02722013],[-118.42384215,51.02728742],[-118.42396403,51.02738498],[-118.42409333,51.02758117],[-118.42420439,51.02778661],[-118.42431212,51.02804902],[-118.4244472,51.02837908],[-118.42473388,51.02872837],[-118.42517161,51.02909688],[-118.42536392,51.02933722],[-118.42558577,51.02958646],[-118.42574946,51.02981824],[-118.4260202,51.0300536],[-118.42634968,51.03025655],[-118.42676065,51.03039434],[-118.42722452,51.03048371],[-118.42762589,51.03054174],[-118.42804086,51.03058162],[-118.42821204,51.03057949],[-118.42856865,51.03058411],[-118.42895434,51.03060655],[-118.42933958,51.03061972],[-118.4296976,51.03066921],[-118.43011268,51.03071799],[-118.43048042,51.03077638],[-118.43072582,51.03085934],[-118.4309263,51.0309861],[-118.43108175,51.03115593],[-118.43140502,51.03146677],[-118.43180963,51.03183137],[-118.43225939,51.03218172],[-118.43268113,51.0324573],[-118.43316838,51.03267699],[-118.43372685,51.03281621],[-118.43423028,51.03294474],[-118.43467767,51.03306331],[-118.43505325,51.03322068],[-118.43496633,51.03393813],[-118.4347518,51.03454626],[-118.4342877,51.03496747],[-118.43381517,51.03536412],[-118.43321575,51.03570735],[-118.43273482,51.03615277],[-118.43214173,51.0366427],[-118.43167165,51.03723482],[-118.43113079,51.03778705],[-118.43063642,51.03830475],[-118.43021281,51.03859494],[-118.43049351,51.03885628],[-118.43070108,51.03912047],[-118.4308361,51.03938751],[-118.43099435,51.03979234],[-118.43107949,51.04018186],[-118.43101317,51.04066431],[-118.43098143,51.04116029],[-118.4309826,51.0416698],[-118.43117234,51.04201339],[-118.43138319,51.04232138],[-118.43154686,51.04253537],[-118.4316958,51.04274935],[-118.43193148,51.04298043],[-118.43230514,51.04323359],[-118.43260235,51.0434668],[-118.4328081,51.04366512],[-118.43302794,51.04384813],[-118.43329179,51.04408491],[-118.43345081,51.04434447],[-118.43356983,51.04461186],[-118.43358744,51.0448757],[-118.43366691,51.04514025],[-118.43377479,51.04540372],[-118.43394004,51.04567148],[-118.43415796,51.04599548],[-118.43457658,51.04635723],[-118.43519559,51.04675637],[-118.43585329,51.04720784],[-118.43641242,51.04765576],[-118.43623457,51.04790072],[-118.43610306,51.04800433],[-118.43598007,51.04811969],[-118.43584755,51.04831018],[-118.43559847,51.04855586],[-118.4352506,51.04883002],[-118.43495792,51.0490675],[-118.43459522,51.04933276],[-118.43430996,51.04963185],[-118.43416863,51.04998434],[-118.43417123,51.05039024],[-118.43410241,51.05092147],[-118.43406261,51.05133271],[-118.43408802,51.05164497],[-118.43414914,51.05197894],[-118.4341911,51.05240443],[-118.43431025,51.0530293],[-118.43438659,51.05350498],[-118.43438853,51.05372965],[-118.43436951,51.05387991],[-118.43437822,51.0541028],[-118.43437887,51.05437945],[-118.43451803,51.05472731],[-118.43463349,51.05512858],[-118.43481193,51.0555651],[-118.43498708,51.05600055],[-118.43454635,51.05575737],[-118.4342183,51.05564949],[-118.43399994,51.05560818],[-118.43359386,51.05571607],[-118.43301763,51.05578799],[-118.43227047,51.05582431],[-118.43174534,51.05581256],[-118.43128911,51.05583107],[-118.43090237,51.05587985],[-118.43041999,51.05598382],[-118.42992961,51.05611057],[-118.42953904,51.05624623],[-118.42923152,51.05635411],[-118.42900692,51.05643351],[-118.42872404,51.0565001],[-118.42832652,51.056577],[-118.42791485,51.05663575],[-118.42749763,51.05663896],[-118.42709138,51.05662187],[-118.42669955,51.05656988],[-118.42632791,51.05653819],[-118.42593987,51.056462],[-118.42560949,51.05638509],[-118.42549509,51.05636871],[-118.42525112,51.0563267],[-118.42480744,51.05629608],[-118.424387,51.05622914],[-118.42397541,51.0561444],[-118.4240992,51.05650864],[-118.42407401,51.05677853],[-118.42390053,51.05695477],[-118.42342181,51.05717624],[-118.42305628,51.05734252],[-118.4227525,51.05757502],[-118.4225427,51.0578684],[-118.42242687,51.05822268],[-118.42230752,51.05888565],[-118.42195951,51.05948025],[-118.4213826,51.06000686],[-118.42095443,51.06042771],[-118.42066545,51.06081616],[-118.42099471,51.0610038],[-118.42120334,51.06119322],[-118.42133427,51.06154429],[-118.42138844,51.06205736],[-118.42143763,51.06226352],[-118.42185243,51.06225248],[-118.42228162,51.06228915],[-118.42272501,51.06237389],[-118.42296922,51.06258076],[-118.42318038,51.06279973],[-118.4233536,51.06301051],[-118.42360159,51.06319139],[-118.42394176,51.06341428],[-118.4246107,51.06381661],[-118.4256704,51.06440624],[-118.42621637,51.06468432],[-118.42668315,51.06485237],[-118.42708612,51.06495563],[-118.4274874,51.06512333],[-118.42783461,51.06531595],[-118.42803199,51.06555166],[-118.42809718,51.06580944],[-118.42797189,51.06622175],[-118.42793442,51.0666159],[-118.42796238,51.06699509],[-118.42836154,51.06713538],[-118.42867015,51.06742805],[-118.42895362,51.06787632],[-118.42937764,51.06836091],[-118.42998734,51.06880491],[-118.42999437,51.06947927],[-118.43011796,51.07005857],[-118.43047982,51.07051574],[-118.43107859,51.07085114],[-118.43120626,51.07113242],[-118.43110071,51.07142332],[-118.43074523,51.07177332],[-118.43050157,51.07210302],[-118.43025619,51.07243095],[-118.43018402,51.0729045],[-118.43016956,51.07347632],[-118.43048032,51.07413181],[-118.43089763,51.07409691],[-118.43130686,51.07408588],[-118.43165443,51.0740047],[-118.43197135,51.07389183],[-118.43232435,51.07360663],[-118.4326221,51.0732901],[-118.43286551,51.07294259],[-118.43331576,51.0726314],[-118.43378328,51.07227072],[-118.43426876,51.07186126],[-118.43476712,51.07144931],[-118.43548716,51.07109076],[-118.43642908,51.07078527],[-118.4374897,51.0706165],[-118.43853299,51.07050185],[-118.43915622,51.07045201],[-118.43956875,51.07040109],[-118.43976968,51.07034875],[-118.44001114,51.07060938],[-118.44021457,51.07088283],[-118.44033611,51.07111498],[-118.4404596,51.0714194],[-118.44054825,51.07165796],[-118.44067471,51.07190221],[-118.44076641,51.0720959],[-118.44096852,51.07233517],[-118.44129833,51.07268588],[-118.44148887,51.07283649],[-118.44181665,51.07307326],[-118.44210804,51.07331752],[-118.44235025,51.07362336],[-118.44258409,51.07393811],[-118.44294765,51.07425749],[-118.44335518,51.07456726],[-118.44349729,51.07480012],[-118.44372787,51.07502016],[-118.4440698,51.07520887],[-118.44447878,51.07534274],[-118.44491005,51.07543816],[-118.44514069,51.07550724],[-118.4454196,51.07559981],[-118.44575447,51.07567351],[-118.44610444,51.07574116],[-118.44646322,51.07576288],[-118.44682935,51.07574829],[-118.44720202,51.07569773],[-118.44753896,51.07581629],[-118.44791058,51.07599467],[-118.44838475,51.07617946],[-118.44889304,51.076355],[-118.44943543,51.07652127],[-118.4499126,51.07675128],[-118.45034117,51.07701654],[-118.45060563,51.07726507],[-118.45130902,51.07738221],[-118.45169422,51.07742066],[-118.45209366,51.07741354],[-118.45250747,51.07736156],[-118.45293172,51.07722733],[-118.45327081,51.07696242],[-118.45357513,51.07680968],[-118.45387098,51.07668506],[-118.45410769,51.07664625],[-118.45442929,51.07657397],[-118.45475421,51.07647],[-118.45530505,51.07633542],[-118.4558774,51.07626634],[-118.45638342,51.07627097],[-118.4568283,51.07630551],[-118.45720036,51.07632865],[-118.4575859,51.07633292],[-118.45800993,51.07635179],[-118.45841558,51.07638562],[-118.45882294,51.07641944],[-118.4592332,51.07650134],[-118.45963306,51.07670998],[-118.4600184,51.07695922],[-118.46027647,51.07715078],[-118.46047228,51.07733129],[-118.46078136,51.0776229],[-118.4610334,51.07792056],[-118.46123839,51.07823282],[-118.46136682,51.07852514],[-118.4617335,51.07889899],[-118.46225496,51.07913541],[-118.46293084,51.07923404],[-118.46333925,51.07951639],[-118.46331191,51.0800024],[-118.46334381,51.08055072],[-118.46351175,51.08105809],[-118.46381721,51.08152488],[-118.46393318,51.08188734],[-118.46382832,51.08223129],[-118.46350182,51.08255707],[-118.46325625,51.08295585],[-118.4631478,51.08339202],[-118.46312222,51.08378795],[-118.46309335,51.08423194],[-118.46300586,51.08477279],[-118.46296777,51.08538449],[-118.46290811,51.08620376],[-118.46341485,51.08643128],[-118.46382594,51.08632731],[-118.46421943,51.08628708],[-118.46462313,51.08626322],[-118.4650523,51.08628494],[-118.46550872,51.08626109],[-118.46581933,51.08664883],[-118.46599018,51.08709354],[-118.4660217,51.0875945],[-118.46599597,51.08813463],[-118.46593686,51.08877482],[-118.46572592,51.08937298],[-118.46536312,51.08995014],[-118.46500162,51.09054796],[-118.46510829,51.09076266],[-118.46522967,51.09099195],[-118.46543969,51.09121093],[-118.46580305,51.09136937],[-118.46632053,51.09146693],[-118.46720577,51.09161754],[-118.46830055,51.09191876],[-118.46891289,51.09185396],[-118.46940905,51.09175177],[-118.46985187,51.09159048],[-118.4702578,51.09148936],[-118.4707624,51.09143916],[-118.47119556,51.09144272],[-118.47147942,51.09153493],[-118.47173584,51.09165848],[-118.47204266,51.09177847],[-118.47248148,51.0918212],[-118.47289514,51.0919508],[-118.47331055,51.09213132],[-118.47368085,51.09225772],[-118.47399449,51.09233854],[-118.47431649,51.09233035],[-118.47470182,51.09248453],[-118.47518415,51.09267323],[-118.47564286,51.0929773],[-118.47606905,51.09325075],[-118.47634084,51.09341525],[-118.47660351,51.09360075],[-118.47685765,51.09380726],[-118.47668236,51.09428295],[-118.47650757,51.09487898],[-118.47610833,51.0954394],[-118.47535191,51.09589871],[-118.47433616,51.09624907],[-118.47498919,51.09681768],[-118.47551608,51.09741229],[-118.47600797,51.0980158],[-118.47659122,51.09859189],[-118.47726521,51.09912882],[-118.47788153,51.09949876],[-118.4783659,51.09975547],[-118.4787547,51.10000542],[-118.479013,51.10024184],[-118.47914304,51.10052312],[-118.47942469,51.10069652],[-118.47971,51.10084855],[-118.47995128,51.10103761],[-118.48024341,51.1012516],[-118.48058786,51.10149087],[-118.48081206,51.10180313],[-118.48102868,51.10212393],[-118.48123728,51.10245399],[-118.48141243,51.10271569],[-118.48156141,51.10300943],[-118.48177022,51.10329178],[-118.48203931,51.10356203],[-118.48196953,51.1040516],[-118.48187758,51.10424956],[-118.48177999,51.10437454],[-118.48161716,51.10465546],[-118.48153903,51.10489046],[-118.4813913,51.10517993],[-118.48128487,51.10543308],[-118.48119311,51.10568908],[-118.48112973,51.10593868],[-118.48099912,51.10631823],[-118.48131498,51.10655892],[-118.48160078,51.10681421],[-118.48143721,51.10706807],[-118.48140407,51.10737392],[-118.48146623,51.10766695],[-118.48162278,51.10794681],[-118.48193,51.10817682],[-118.48217134,51.1084225],[-118.48229475,51.10866995],[-118.48213353,51.10893557],[-118.48168723,51.10922005],[-118.48101281,51.10957041],[-118.48043078,51.10985062],[-118.48000199,51.11013155],[-118.47967874,51.11045342],[-118.47929525,51.11081196],[-118.4788249,51.11115698],[-118.47864878,51.11130794],[-118.47843879,51.11149238],[-118.47806308,51.11164691],[-118.47757652,51.11193317],[-118.47685628,51.11223404],[-118.47603309,51.11261288],[-118.47515698,51.11305581],[-118.47512447,51.11337981],[-118.47510469,51.11366786],[-118.47514189,51.11392813],[-118.47520237,51.11419019],[-118.47534963,51.11442305],[-118.4755829,51.11462707],[-118.47582161,51.11478586],[-118.47602379,51.11495143],[-118.47621614,51.11511272],[-118.47639903,51.1152701],[-118.47661382,51.11544456],[-118.47682597,51.11566069],[-118.47694602,51.11584797],[-118.47703673,51.11600855],[-118.47712704,51.11614242],[-118.47726142,51.11633861],[-118.47742729,51.11660636],[-118.47760687,51.11686485],[-118.4778149,51.11711409],[-118.47803823,51.11739893],[-118.47824773,51.11768413],[-118.47851815,51.11800636],[-118.47874512,51.11834924],[-118.47884826,51.11870244],[-118.47885335,51.11904639],[-118.47882849,51.11931627],[-118.47883744,51.11960112],[-118.47884678,51.11999847],[-118.47869378,51.12037411],[-118.47837788,51.12072802],[-118.47816498,51.12105951],[-118.47798099,51.12147039],[-118.47768883,51.12200874],[-118.47718077,51.12261973],[-118.47653659,51.12332008],[-118.47605257,51.12388692],[-118.4756879,51.12435121],[-118.47557296,51.12477242],[-118.47520343,51.12517974],[-118.47470982,51.12563336],[-118.47397267,51.12612827],[-118.47460794,51.12663493],[-118.47512088,51.12717506],[-118.47576752,51.12819195],[-118.47654282,51.12839134],[-118.47735046,51.12852592],[-118.47834169,51.12853127],[-118.47922116,51.12857221],[-118.48009903,51.12867689],[-118.48023518,51.12914795],[-118.48018797,51.1297689],[-118.47995889,51.13054011],[-118.48048914,51.13103716],[-118.48149986,51.13130705],[-118.48226815,51.13194794],[-118.48279481,51.13295949],[-118.48306195,51.1334747],[-118.48338771,51.13382434],[-118.48377175,51.13400806],[-118.48416593,51.13411701],[-118.48455669,51.1342808],[-118.48488704,51.13447057],[-118.4851624,51.13473975],[-118.48539648,51.13495481],[-118.4856802,51.13514387],[-118.48610987,51.13516559],[-118.48652464,51.13517841],[-118.48689585,51.13516452],[-118.48731055,51.13515918],[-118.48770148,51.13517841],[-118.488113,51.13522113],[-118.48851451,51.13526991],[-118.48890304,51.13533685],[-118.48936338,51.13542978],[-118.48980703,51.13546004],[-118.48989029,51.13566584],[-118.48996901,51.13589265],[-118.49004354,51.13614082],[-118.49014979,51.136337],[-118.49019856,51.1365225],[-118.49021903,51.13670516],[-118.49020162,51.13690312],[-118.49020364,51.13710999],[-118.49020715,51.13722678],[-118.49021122,51.13734356],[-118.49021857,51.13757749],[-118.49026666,51.13778969],[-118.49037593,51.13798196],[-118.49056712,51.13813827],[-118.49079808,51.13826253],[-118.4910148,51.1383284],[-118.49122147,51.13843878],[-118.49141803,51.13856909],[-118.4915062,51.13870582],[-118.49154554,51.13883435],[-118.49150674,51.13895897],[-118.49142024,51.13908181],[-118.49130053,51.13921426],[-118.49121256,51.13935134],[-118.49117414,51.13949269],[-118.49117114,51.13963369],[-118.49121923,51.13980388],[-118.49122604,51.14001039],[-118.49129034,51.1402404],[-118.49138416,51.14048501],[-118.49139698,51.14068369],[-118.49138871,51.14091085],[-118.49132069,51.14116934],[-118.49117234,51.14145027],[-118.4910799,51.14169416],[-118.49103018,51.14191955],[-118.490951,51.14212748],[-118.49084299,51.14232153],[-118.49076311,51.14250133],[-118.49073976,51.14266049],[-118.49074457,51.14281359],[-118.49075378,51.14310128],[-118.49076126,51.14332595],[-118.49078337,51.14357733],[-118.4907948,51.14383404],[-118.49074375,51.14407437],[-118.49059141,51.14427127],[-118.49033613,51.14442829],[-118.49001393,51.14454045],[-118.49032264,51.14466756],[-118.49065996,51.14477508],[-118.49128069,51.14500296],[-118.49182825,51.14538251],[-118.49230243,51.1459141],[-118.49224259,51.14626552],[-118.49219204,51.1464731],[-118.49205725,51.14667284],[-118.49193886,51.14689004],[-118.49180512,51.14717951],[-118.49165193,51.14746008],[-118.49136135,51.14775168],[-118.49108446,51.14803403],[-118.49090374,51.14814227],[-118.49068134,51.14824909],[-118.49032366,51.14838546],[-118.48990051,51.1485706],[-118.48960667,51.14876323],[-118.48942243,51.14895941],[-118.48930661,51.14916699],[-118.48928501,51.14938098],[-118.48928677,51.1495939],[-118.48920188,51.1498175],[-118.48892456,51.15007492],[-118.48850002,51.15036012],[-118.48806665,51.15068057],[-118.4877821,51.15087284],[-118.48733903,51.15102238],[-118.4867371,51.15112884],[-118.48597197,51.1512385],[-118.4852861,51.15136312],[-118.4850846,51.1514646],[-118.48484973,51.15156678],[-118.4840995,51.15161129],[-118.4832675,51.15172167],[-118.48274885,51.15185305],[-118.48225936,51.15195025],[-118.481769,51.15196841],[-118.48102093,51.15212187],[-118.48040249,51.15241027],[-118.47991381,51.15283433],[-118.4792535,51.15319928],[-118.47865061,51.15356958],[-118.47790469,51.15394165],[-118.4769581,51.15431052],[-118.47582401,51.15461566],[-118.47468112,51.1547887],[-118.47379415,51.15492899],[-118.47337267,51.1551241],[-118.47316709,51.15545238],[-118.47331216,51.15611001],[-118.47320096,51.15670498],[-118.47300873,51.15722018],[-118.47292402,51.1575449],[-118.47302105,51.15789419],[-118.4734533,51.15840762],[-118.47392289,51.15893315],[-118.47442997,51.1594715],[-118.47470991,51.16008035],[-118.47486083,51.16073976],[-118.47486995,51.16145934],[-118.47489339,51.16220527],[-118.47491791,51.16296046],[-118.47492537,51.16365262],[-118.47494841,51.16437185],[-118.47497147,51.16509108],[-118.47497994,51.1658192],[-118.47434027,51.16638497],[-118.47396463,51.1670102],[-118.47385281,51.16769524],[-118.47387712,51.16845007],[-118.47353121,51.16917108],[-118.47305925,51.16986645],[-118.47239699,51.17043934],[-118.47167811,51.17087016],[-118.47090225,51.17115856],[-118.47096308,51.17127464],[-118.47103811,51.17139071],[-118.47152487,51.17140246],[-118.47178255,51.17140816],[-118.47204105,51.17144091],[-118.47235677,51.17147296],[-118.47265984,51.1714961],[-118.4729356,51.1715285],[-118.47317362,51.17161253],[-118.47337985,51.17170297],[-118.47355449,51.17179946],[-118.47400433,51.17200063],[-118.47436736,51.1721669],[-118.47463013,51.1723346],[-118.47486363,51.1724845],[-118.47537077,51.17268211],[-118.47586444,51.17290144],[-118.47633433,51.17314356],[-118.47667233,51.17331909],[-118.47699825,51.1734729],[-118.4773105,51.1735847],[-118.47762482,51.17363277],[-118.47789104,51.17365129],[-118.47811075,51.17366054],[-118.47835105,51.17372357],[-118.47863542,51.17381899],[-118.47899366,51.17398206],[-118.47942698,51.17411843],[-118.4798696,51.1742288],[-118.48037187,51.17429432],[-118.48087537,51.17437799],[-118.48132164,51.17446237],[-118.48177545,51.17453643],[-118.48222854,51.17463364],[-118.48264238,51.1747465],[-118.48303747,51.17487219],[-118.4835215,51.17510078],[-118.48411514,51.17546395],[-118.48467496,51.17596954],[-118.48509194,51.17648297],[-118.4855088,51.17654065],[-118.48592583,51.17660723],[-118.48641362,51.17665494],[-118.486825,51.17669767],[-118.48718025,51.17676496],[-118.48745397,51.17683368],[-118.48768411,51.17686644],[-118.48787383,51.17688104],[-118.48802336,51.17687712],[-118.48839302,51.17680947],[-118.48876319,51.17675108],[-118.4892045,51.17668236],[-118.48959089,51.17668663],[-118.48996273,51.17669055],[-118.49036354,51.17669447],[-118.49070162,51.17668414],[-118.49097732,51.17665993],[-118.49109858,51.17642137],[-118.49116266,51.17618068],[-118.49239231,51.17630601],[-118.49359621,51.17652142],[-118.49463201,51.1767112],[-118.49555661,51.17684401],[-118.49611077,51.17686715],[-118.49643592,51.17689599],[-118.4965681,51.17690632],[-118.49677543,51.17692732],[-118.49712184,51.17700708],[-118.49753133,51.17713348],[-118.49795185,51.1773172],[-118.49843139,51.17753582],[-118.49880843,51.17770174],[-118.49925765,51.17787585],[-118.49975256,51.17813933],[-118.50016922,51.1783348],[-118.50095551,51.17851674],[-118.50184415,51.17866094],[-118.50302365,51.17866486],[-118.50413604,51.17860754],[-118.5052263,51.17840174],[-118.50610446,51.17821374],[-118.50680578,51.17813968],[-118.50730694,51.17819523],[-118.50771699,51.1782878],[-118.50812022,51.17836756],[-118.50854567,51.17839497],[-118.50893156,51.17838999],[-118.50929721,51.17834619],[-118.5096719,51.17828139],[-118.50975743,51.17826252],[-118.51040706,51.17844874],[-118.51135699,51.17861964],[-118.51226114,51.17869762],[-118.51328218,51.17812686],[-118.51429423,51.17778505],[-118.51529845,51.17767219],[-118.51630972,51.17767717],[-118.51738316,51.17768999],[-118.51848325,51.17778078],[-118.51968368,51.17773806],[-118.52085111,51.177711],[-118.52195789,51.17786161],[-118.52305003,51.17811013],[-118.52412181,51.17830809],[-118.52525261,51.17833836],[-118.52639722,51.17828032],[-118.5275385,51.17818454],[-118.52872666,51.1779232],[-118.5299124,51.17772168],[-118.53093784,51.17757356],[-118.53208837,51.17780214],[-118.53323018,51.17786232],[-118.53440127,51.17781283],[-118.53558874,51.1777644],[-118.5368411,51.17783775],[-118.53740527,51.17802824],[-118.5375789,51.17807986],[-118.53782448,51.17815748],[-118.53819872,51.17823368],[-118.53864468,51.17829955],[-118.53873105,51.17830774],[-118.53910263,51.17844055],[-118.53941096,51.17853241],[-118.53965614,51.17859507],[-118.53989259,51.17868195],[-118.54012029,51.17879304],[-118.5404602,51.17897427],[-118.54084758,51.17914304],[-118.54096689,51.17929436],[-118.54120672,51.179529],[-118.54148315,51.17975224],[-118.54189531,51.17996267],[-118.54232678,51.18016669],[-118.54257801,51.18021226],[-118.54283327,51.18028988],[-118.54309255,51.18039955],[-118.54336557,51.18043195],[-118.54344882,51.18048464],[-118.54352691,51.1805466],[-118.5436677,51.18062564],[-118.54384749,51.18071323],[-118.54400162,51.18076521],[-118.54417039,51.18082289],[-118.54435382,51.18088627],[-118.54477498,51.18107854],[-118.5450355,51.1813],[-118.54519405,51.18152289],[-118.54532704,51.18174578],[-118.54545091,51.18203205],[-118.54583573,51.18221791],[-118.54622524,51.18236958],[-118.54662401,51.18245397],[-118.54702217,51.18252375],[-118.54743147,51.1826352],[-118.54780773,51.18276516],[-118.54817048,51.18291328],[-118.54855485,51.18309807],[-118.54889645,51.18331526],[-118.54919393,51.18356521],[-118.54951307,51.18379486],[-118.54985747,51.1840149],[-118.55023094,51.18419898],[-118.55070855,51.18436348],[-118.55111594,51.1845561],[-118.55143892,51.18474837],[-118.5517899,51.18489079],[-118.55216989,51.18498265],[-118.55264091,51.1849944],[-118.55309039,51.18497945],[-118.55330118,51.18505742],[-118.55352046,51.18519237],[-118.55374824,51.18538428],[-118.55388818,51.18558046],[-118.55401547,51.18581546],[-118.55416283,51.18608321],[-118.55428577,51.18633351],[-118.55432417,51.18658275],[-118.55432646,51.18683341],[-118.5542636,51.18710401],[-118.55426591,51.18715813],[-118.55423933,51.187506],[-118.5541838,51.18769862],[-118.55459839,51.18769328],[-118.55494856,51.18775167],[-118.55518213,51.18783143],[-118.55539302,51.18791937],[-118.55554555,51.18804933],[-118.55571809,51.1882149],[-118.55585254,51.18839613],[-118.55588296,51.18844063],[-118.55594322,51.18852965],[-118.55617058,51.18876642],[-118.55648863,51.18899892],[-118.5567789,51.1892681],[-118.55709283,51.18951555],[-118.55744315,51.18971886],[-118.55780688,51.18989867],[-118.5581251,51.19001154],[-118.55839947,51.19007954],[-118.55864465,51.19013046],[-118.5588751,51.19017212],[-118.55907912,51.19023264],[-118.55928972,51.19030457],[-118.55955599,51.19046194],[-118.55985005,51.19065706],[-118.56006528,51.19089882],[-118.56025284,51.19114307],[-118.56034636,51.19136667],[-118.56041215,51.19161769],[-118.56081268,51.19174907],[-118.56120732,51.19185874],[-118.56166619,51.19202074],[-118.56199448,51.19209622],[-118.56233805,51.19218559],[-118.56269598,51.19228849],[-118.56305961,51.19245477],[-118.56338026,51.19263635],[-118.56362775,51.19276168],[-118.56371544,51.19280548],[-118.56383118,51.19284892],[-118.56414188,51.19300985],[-118.56436797,51.19316153],[-118.56456253,51.19331],[-118.56469616,51.19345777],[-118.56480093,51.19358238],[-118.56491937,51.19369775],[-118.56499225,51.1937508],[-118.56489932,51.19394983],[-118.56487353,51.19404027],[-118.56482326,51.19424749],[-118.5647564,51.1943924],[-118.56469011,51.19453732],[-118.5645806,51.19469149],[-118.56445147,51.19482501],[-118.56429757,51.19502618],[-118.5643045,51.19532562],[-118.56437967,51.19571229],[-118.56462493,51.19614276],[-118.56476054,51.1965337],[-118.56496579,51.19695171],[-118.56504711,51.19737719],[-118.56513145,51.19785572],[-118.56514916,51.19851193],[-118.56527714,51.19919662],[-118.56531084,51.19975989],[-118.56536733,51.2001576],[-118.56555197,51.20072586],[-118.56567279,51.2012457],[-118.56591363,51.2016872],[-118.56601894,51.20211447],[-118.56630858,51.20259015],[-118.56659939,51.20314488],[-118.56540206,51.20301706],[-118.56424274,51.20288568],[-118.56312142,51.20275073],[-118.56200711,51.20294834],[-118.56094988,51.20301955],[-118.5599515,51.20312886],[-118.55889026,51.20324885],[-118.5577907,51.20342438],[-118.55649648,51.20368038],[-118.55523367,51.20385984],[-118.55409575,51.20413506],[-118.55297287,51.20446869],[-118.55181689,51.20480159],[-118.55067383,51.20506578],[-118.5501464,51.20559808],[-118.5493665,51.20611222],[-118.54833514,51.20660749],[-118.54723444,51.20708069],[-118.54608548,51.20741039],[-118.54555611,51.20784833],[-118.54489589,51.20821756],[-118.54489556,51.20906283],[-118.54451583,51.20969446],[-118.5441358,51.2103229],[-118.54375584,51.21094848],[-118.54376423,51.21163175],[-118.54375948,51.21233352],[-118.54376825,51.21303459],[-118.54390469,51.21373424],[-118.54403777,51.21434095],[-118.54429633,51.21478423],[-118.54442565,51.21518835],[-118.54481662,51.21555081],[-118.54508118,51.21599089],[-118.54521525,51.21642599],[-118.54495705,51.21688601],[-118.54613704,51.21705905],[-118.54656847,51.21712528],[-118.54742498,51.21760559],[-118.5481579,51.2181176],[-118.54902617,51.21867553],[-118.54990746,51.2193385],[-118.55104769,51.22002497],[-118.55221007,51.22095355],[-118.55298274,51.2216297],[-118.55374517,51.22216235],[-118.5546378,51.22259104],[-118.55565886,51.22299409],[-118.55668577,51.22339322],[-118.5575815,51.22381977],[-118.5583465,51.2242684],[-118.55911071,51.22471097],[-118.55975728,51.2251977],[-118.56027649,51.22572038],[-118.56097501,51.22609174],[-118.56151811,51.22644139],[-118.56197161,51.22710186],[-118.56256473,51.22774347],[-118.56333338,51.22844062],[-118.56405023,51.2288985],[-118.5647242,51.2293393],[-118.56485037,51.23010196],[-118.5650767,51.23061859],[-118.5653559,51.23107541],[-118.56552006,51.23111529],[-118.56581881,51.23119504],[-118.56620924,51.23130684],[-118.56658637,51.2314457],[-118.56694945,51.23160272],[-118.56732658,51.23174158],[-118.5677056,51.23192531],[-118.5681127,51.23210867],[-118.56850521,51.23227424],[-118.56866829,51.23244301],[-118.56881392,51.23265664],[-118.56889598,51.23281757],[-118.56892967,51.23296106],[-118.5689319,51.23303298],[-118.56893471,51.23310491],[-118.56896878,51.2332662],[-118.56903263,51.2334631],[-118.56908,51.23359733],[-118.56912625,51.2336956],[-118.56914254,51.23374936],[-118.56939527,51.23429163],[-118.56953465,51.23475129],[-118.56952191,51.23478761],[-118.56949869,51.23494961],[-118.56952251,51.23509346],[-118.56956553,51.23523659],[-118.56960148,51.235452],[-118.56969633,51.23570836],[-118.56983449,51.23597932],[-118.56987963,51.23604163],[-118.57032171,51.23636563],[-118.57062602,51.23674519],[-118.57079234,51.23718064],[-118.57122579,51.2374726],[-118.57180267,51.23769157],[-118.57295268,51.23781121],[-118.57365689,51.23800632],[-118.57411816,51.23823206],[-118.57435566,51.23847667],[-118.57453917,51.23867606],[-118.57478386,51.23885373],[-118.57516701,51.23902819],[-118.57558904,51.23921156],[-118.57597046,51.23946721],[-118.57623444,51.23965235],[-118.57644071,51.23982041],[-118.57658835,51.23994432],[-118.57661911,51.24011202],[-118.57644825,51.2403641],[-118.57607461,51.24070057],[-118.57515561,51.24115774],[-118.57413694,51.24157824],[-118.57337441,51.24205001],[-118.57274202,51.24259014],[-118.57223775,51.24316232],[-118.57207956,51.24374696],[-118.57223014,51.2443437],[-118.57251168,51.24475031],[-118.57270494,51.24496074],[-118.57280743,51.24502233],[-118.57305683,51.24519894],[-118.57338122,51.2454642],[-118.57366233,51.24572127],[-118.57382446,51.24585585],[-118.57401539,51.24598617],[-118.57427428,51.2462055],[-118.57445384,51.24642803],[-118.57455372,51.24665341],[-118.57455753,51.24689624],[-118.57462125,51.2471323],[-118.57472271,51.24739756],[-118.57488919,51.24766531],[-118.57505475,51.24789675],[-118.57530838,51.24819013],[-118.57546527,51.24844578],[-118.57559831,51.24870783],[-118.57570825,51.2489852],[-118.57578803,51.24923586],[-118.57581085,51.24947833],[-118.57579097,51.24973932],[-118.57574299,51.25000992],[-118.57575635,51.25026129],[-118.57581771,51.25051231],[-118.57587937,51.25064939],[-118.57600609,51.25085162],[-118.57618263,51.25104318],[-118.57642824,51.25122975],[-118.57674177,51.25141134],[-118.57703931,51.25160503],[-118.57726571,51.25179694],[-118.57747308,51.2519828],[-118.57771121,51.25224058],[-118.57789813,51.25245778],[-118.57801359,51.25265895],[-118.57805622,51.25284445],[-118.57803875,51.25301856],[-118.57715459,51.25320513],[-118.57630053,51.25345543],[-118.57568564,51.25377268],[-118.5753409,51.25389908],[-118.57501808,51.25395854],[-118.57452629,51.25423483],[-118.5740897,51.25445665],[-118.57367295,51.25471088],[-118.57324848,51.25501637],[-118.57278744,51.25535533],[-118.57222915,51.25565548],[-118.57166571,51.25598982],[-118.57115923,51.25641352],[-118.57077777,51.25694724],[-118.57099827,51.25766362],[-118.5711679,51.25816173],[-118.57112081,51.25851031],[-118.57090776,51.25892689],[-118.57056934,51.25919892],[-118.57022224,51.2594186],[-118.56993636,51.25959342],[-118.56951479,51.25984159],[-118.56914789,51.25999647],[-118.56877972,51.26013035],[-118.56848747,51.26024535],[-118.56818646,51.26039027],[-118.56775141,51.26065659],[-118.56748451,51.26083106],[-118.56724781,51.26103223],[-118.56696796,51.2612277],[-118.56664209,51.26143599],[-118.566278,51.26169057],[-118.56587604,51.26199179],[-118.56554943,51.26227877],[-118.56530808,51.26248101],[-118.56515107,51.26259815],[-118.56436435,51.26264764],[-118.5636305,51.262831],[-118.5630196,51.26318314],[-118.56244883,51.26349326],[-118.56190161,51.26384362],[-118.56125079,51.26423278],[-118.56048671,51.26462658],[-118.55986762,51.26496981],[-118.5593873,51.26521905],[-118.55912008,51.26547612],[-118.55889784,51.26567408],[-118.55872519,51.26585531],[-118.5585144,51.26593507],[-118.55826203,51.26600842],[-118.55785798,51.26606752],[-118.55799561,51.26645241],[-118.55808542,51.26685582],[-118.55816795,51.26760139],[-118.55823437,51.26829285],[-118.55818409,51.26901207],[-118.55799924,51.26966899],[-118.55755096,51.27026217],[-118.55710108,51.2708607],[-118.55664984,51.27146421],[-118.55632623,51.27205917],[-118.55610774,51.27262672],[-118.55582256,51.27308923],[-118.55546975,51.27344635],[-118.55516279,51.27370235],[-118.55467739,51.27399574],[-118.55413837,51.27431334],[-118.55354619,51.27465622],[-118.55306021,51.27507422],[-118.55261518,51.27548582],[-118.55221188,51.27589065],[-118.55176141,51.27637844],[-118.55118145,51.27680392],[-118.55102976,51.27711547],[-118.5509361,51.27742061],[-118.55086494,51.27772432],[-118.55089441,51.27802269],[-118.55094502,51.2782997],[-118.5509544,51.27857528],[-118.55074542,51.27890499],[-118.55031909,51.2792881],[-118.54983261,51.27994324],[-118.54957288,51.2806119],[-118.54964181,51.28123962],[-118.54992566,51.28181144],[-118.55044052,51.28232808],[-118.55097355,51.28288174],[-118.55152578,51.28347172],[-118.55185057,51.28413611],[-118.55205457,51.28484964],[-118.55224512,51.28553148],[-118.55255808,51.28615884],[-118.55311605,51.28664735],[-118.5535459,51.28710915],[-118.55397144,51.28749297],[-118.55413867,51.28790243],[-118.55442698,51.28832328],[-118.55471233,51.28880716],[-118.55442066,51.28894602],[-118.55423211,51.28902934],[-118.55363888,51.28929816],[-118.55255972,51.28961825],[-118.55152717,51.29004836],[-118.55054195,51.2905892],[-118.55021272,51.2910421],[-118.5498511,51.29137572],[-118.54953005,51.29159363],[-118.54926603,51.2917421],[-118.54896532,51.29191407],[-118.54854578,51.29222526],[-118.54815763,51.29247628],[-118.54775739,51.29265822],[-118.54738926,51.292801],[-118.54702185,51.29296478],[-118.54648635,51.29325069],[-118.5460381,51.2935715],[-118.54567003,51.29386381],[-118.54532475,51.29411732],[-118.54496589,51.29439469],[-118.54459361,51.29469662],[-118.54443574,51.29498324],[-118.54437366,51.29526595],[-118.54405756,51.29581854],[-118.54370165,51.29637292],[-118.54341678,51.29685822],[-118.5431854,51.29719112],[-118.54307832,51.29746742],[-118.54297782,51.29770348],[-118.54285837,51.2979869],[-118.54271885,51.29824931],[-118.54255996,51.29849143],[-118.54246891,51.29877128],[-118.54237165,51.29900948],[-118.54229119,51.29918715],[-118.54222824,51.29930501],[-118.54207898,51.29954997],[-118.54197173,51.29978497],[-118.5419452,51.29984834],[-118.54196182,51.30010506],[-118.54188089,51.30035465],[-118.54170255,51.30059783],[-118.54150698,51.30088837],[-118.54128574,51.30114295],[-118.54101254,51.30140144],[-118.54080742,51.30165388],[-118.54063718,51.30189778],[-118.54049199,51.30218974],[-118.54031241,51.30248669],[-118.54085728,51.30281034],[-118.54145827,51.30315108],[-118.54217129,51.30348933],[-118.54276114,51.30387316],[-118.54340925,51.30423455],[-118.54394199,51.30462514],[-118.54447598,51.30500078],[-118.54488569,51.30539421],[-118.54543478,51.30597743],[-118.54609982,51.30651115],[-118.54713316,51.30627972],[-118.5479264,51.30611629],[-118.54847954,51.30602087],[-118.54876111,51.30591049],[-118.5491616,51.30577626],[-118.54955306,51.30552631],[-118.55012466,51.30523079],[-118.55069242,51.30485551],[-118.55138156,51.30443572],[-118.55207779,51.3040081],[-118.55264762,51.30360078],[-118.55321067,51.30327748],[-118.55376652,51.30298623],[-118.55446256,51.30278542],[-118.55518176,51.30264869],[-118.55578967,51.30248277],[-118.55641242,51.30231863],[-118.55700653,51.3020281],[-118.55783521,51.3017931],[-118.55878777,51.30163252],[-118.5598846,51.30162789],[-118.56101007,51.30163501],[-118.56211031,51.30142138],[-118.56318625,51.30098735],[-118.56426134,51.30055653],[-118.56534207,51.30026635],[-118.56598404,51.30054443],[-118.56650999,51.30087128],[-118.56690276,51.30116752],[-118.56726704,51.3011928],[-118.56760325,51.30094641],[-118.56864475,51.30051274],[-118.56970492,51.300193],[-118.57078363,51.29998649],[-118.57123935,51.29960979],[-118.57182081,51.29927118],[-118.57254373,51.29906075],[-118.57326538,51.2989162],[-118.57398635,51.29883751],[-118.5750191,51.29865379],[-118.57596744,51.29828527],[-118.57674631,51.29770918],[-118.57735143,51.29699352],[-118.57857788,51.29720181],[-118.57885864,51.29762266],[-118.57942404,51.29785587],[-118.58018175,51.29782383],[-118.58096913,51.29763441],[-118.58139954,51.29749947],[-118.5816173,51.29744357],[-118.58176979,51.29741971],[-118.58200404,51.29741935],[-118.58228079,51.29740084],[-118.58259299,51.29735064],[-118.58289849,51.29728726],[-118.58291194,51.2972691],[-118.58321826,51.2969953],[-118.58364136,51.29720252],[-118.58388994,51.29733711],[-118.58399454,51.29746137],[-118.58415709,51.29759418],[-118.58432504,51.29770989],[-118.58448665,51.29778039],[-118.5846477,51.29781849],[-118.58480144,51.29784626],[-118.5849328,51.29787154],[-118.58504173,51.29788792],[-118.58530039,51.29789326],[-118.58553027,51.29803604],[-118.58581449,51.2981044],[-118.58615348,51.29809763],[-118.58640356,51.29827424],[-118.58651838,51.2984106],[-118.58662834,51.29854377],[-118.586733,51.29867444],[-118.58693841,51.29881259],[-118.58707203,51.29893044],[-118.58728127,51.29899667],[-118.58746378,51.2990693],[-118.58771827,51.29914158],[-118.58798143,51.29923308],[-118.58827866,51.29939972],[-118.58850555,51.29945669],[-118.58868466,51.29952006],[-118.5887575,51.29955531],[-118.58892419,51.29981381],[-118.58920534,51.30006767],[-118.58945807,51.30032795],[-118.5896564,51.30052021],[-118.58979223,51.30071319],[-118.58999477,51.30091436],[-118.58961745,51.30119814],[-118.58998856,51.30142708],[-118.5902234,51.30162576],[-118.59038057,51.30182942],[-118.59042692,51.30211141],[-118.5904337,51.30240124],[-118.59057174,51.30266009],[-118.59063409,51.30294386],[-118.59064443,51.30324366],[-118.59069864,51.3035666],[-118.59094503,51.30390485],[-118.59137568,51.3040519],[-118.59168513,51.30429045],[-118.59187314,51.30462087],[-118.59237486,51.30474869],[-118.59286354,51.30495698],[-118.59331267,51.30516385],[-118.59363997,51.30541415],[-118.5938486,51.30568796],[-118.59394483,51.30602229],[-118.59411142,51.30654782],[-118.59442639,51.30694696],[-118.59489043,51.30722041],[-118.59528878,51.30744508],[-118.59556636,51.30769111],[-118.59563494,51.30787875],[-118.59572411,51.30805143],[-118.59584312,51.30822376],[-118.59608473,51.3084292],[-118.59634478,51.30861578],[-118.59674006,51.30885291],[-118.597147,51.30899141],[-118.59752411,51.30912101],[-118.59773668,51.30918012],[-118.59792952,51.30922035],[-118.59812063,51.30921893],[-118.59835212,51.30917869],[-118.59862378,51.30910001],[-118.59903804,51.30891166],[-118.59926106,51.30913348],[-118.59990767,51.30953439],[-118.60057523,51.30982991],[-118.60074803,51.30990647],[-118.60178192,51.31025006],[-118.6028715,51.31049288],[-118.60393768,51.31075992],[-118.60393768,51.31076004],[-118.60397439,51.31139797],[-118.60401282,51.31209904],[-118.60406902,51.31288057],[-118.60410351,51.3134556],[-118.60414701,51.31430051],[-118.60417924,51.31481251],[-118.6042213,51.3156033],[-118.60426132,51.31633998],[-118.60429668,51.31693316],[-118.60543602,51.31728636],[-118.60642236,51.31758545],[-118.60714764,51.31790518],[-118.60750761,51.31834384],[-118.60765085,51.31887471],[-118.60768769,51.31953056],[-118.60772891,51.32029429],[-118.6077674,51.32098646],[-118.60792505,51.32161453],[-118.60820372,51.32224226],[-118.60873309,51.32282547],[-118.60926863,51.32333284],[-118.60993713,51.32374622],[-118.61048057,51.32419627],[-118.61102136,51.32468869],[-118.61143274,51.32524342],[-118.61182488,51.32564861],[-118.61222112,51.32603599],[-118.61252793,51.32635751],[-118.61273982,51.32663131],[-118.61300047,51.32700944],[-118.61334278,51.32741142],[-118.61380307,51.32779667],[-118.6141322,51.32813385],[-118.61441358,51.32841798],[-118.61461131,51.32868894],[-118.61486353,51.32893426],[-118.61517426,51.32919382],[-118.61555174,51.32945232],[-118.61581264,51.32971045],[-118.61596122,51.32998817],[-118.6159975,51.33028548],[-118.61596611,51.33061874],[-118.61597979,51.33092317],[-118.61604825,51.3311959],[-118.6161261,51.33135684],[-118.6161421,51.3314106],[-118.61639154,51.33209956],[-118.61653528,51.33278995],[-118.61671592,51.33343512],[-118.61637634,51.33352876],[-118.61596872,51.33377408],[-118.61549284,51.33417143],[-118.6155304,51.33483618],[-118.61556775,51.33549203],[-118.61562018,51.33616604],[-118.61565885,51.33685785],[-118.61485288,51.3370697],[-118.6142871,51.33735632],[-118.61375817,51.33765256],[-118.61326629,51.33795805],[-118.61255764,51.33820444],[-118.6118645,51.3385936],[-118.61124453,51.33915973],[-118.61069773,51.33990281],[-118.61140027,51.3405494],[-118.61211384,51.34124121],[-118.61294797,51.34192519],[-118.61389256,51.34255647],[-118.61373857,51.34317422],[-118.61334864,51.34365631],[-118.61272275,51.34400275],[-118.61280945,51.34470667],[-118.61301533,51.34538637],[-118.61350104,51.34600305],[-118.61367207,51.3463235],[-118.61367456,51.34657024],[-118.61391398,51.3469028],[-118.61409967,51.34723001],[-118.61402262,51.34749491],[-118.61388867,51.34776338],[-118.6136831,51.34804822],[-118.61354938,51.34832558],[-118.6134754,51.3485855],[-118.61338029,51.34883153],[-118.61326763,51.34903092],[-118.61320525,51.34915768],[-118.61340348,51.34948774],[-118.61393351,51.34995808],[-118.61467642,51.35038534],[-118.61563141,51.35076988],[-118.61449234,51.35145101],[-118.61397745,51.35206164],[-118.61334305,51.35267191],[-118.61430157,51.35279155],[-118.61501413,51.35305467],[-118.61548212,51.35346092],[-118.61571094,51.3540712],[-118.61567576,51.35470106],[-118.61550794,51.35533803],[-118.61534039,51.35597181],[-118.61651015,51.35615339],[-118.61655493,51.35660558],[-118.61653177,51.35703747],[-118.61635476,51.35745156],[-118.61602416,51.3578539],[-118.61560863,51.35828223],[-118.61544988,51.35881809],[-118.61554851,51.35943726],[-118.61590637,51.36008563],[-118.61626758,51.36068024],[-118.61658731,51.36146712],[-118.6169087,51.36217602],[-118.61711309,51.36280979],[-118.61719794,51.36344606],[-118.6171635,51.36410297],[-118.61717932,51.36468725],[-118.61724406,51.36516294],[-118.61682272,51.36502515],[-118.61632176,51.36489911],[-118.61578719,51.36491157],[-118.6152198,51.36506218],[-118.6144669,51.36543532],[-118.61360061,51.36572088],[-118.61260788,51.36600429],[-118.61148928,51.36628558],[-118.61033175,51.36672423],[-118.6092079,51.3671312],[-118.6080875,51.36745628],[-118.60805435,51.36814915],[-118.60790132,51.36869997],[-118.6076307,51.36918028],[-118.60724309,51.36959935],[-118.60685572,51.37002733],[-118.60635024,51.37050373],[-118.60562243,51.37092138],[-118.60467285,51.37128028],[-118.60356629,51.37145617],[-118.60246894,51.37144406],[-118.60138118,51.37124431],[-118.60027202,51.37129238],[-118.59915961,51.37140062],[-118.59837177,51.37146507],[-118.59808927,51.37119945],[-118.59705993,51.37125037],[-118.59608467,51.3714316],[-118.59516313,51.37174279],[-118.59457921,51.37162173],[-118.5937527,51.37140525],[-118.59268381,51.37109299],[-118.59157738,51.37109015],[-118.5904595,51.37158185],[-118.59042645,51.37229289],[-118.59038895,51.37286898],[-118.59036039,51.37328272],[-118.59033453,51.37378688],[-118.59042954,51.37435621],[-118.59064274,51.37494583],[-118.59087063,51.37542508],[-118.59075718,51.37584522],[-118.59030353,51.37620626],[-118.58987311,51.37636114],[-118.58958039,51.37662071],[-118.5894255,51.37698566],[-118.58952564,51.37739797],[-118.58962732,51.37779105],[-118.58997089,51.37821012],[-118.59030996,51.37869329],[-118.59076755,51.37923342],[-118.59097986,51.37981912],[-118.59106823,51.38044044],[-118.59090195,51.38103611],[-118.59060546,51.38159761],[-118.59055709,51.38228194],[-118.59053052,51.38275869],[-118.59050614,51.38328957],[-118.59047096,51.38393758],[-118.5904347,51.38455854],[-118.58961305,51.38489358],[-118.5890726,51.38505665],[-118.58838455,51.38542873],[-118.58769065,51.38582893],[-118.5869917,51.38625691],[-118.58619163,51.38661438],[-118.58528676,51.38695762],[-118.58480955,51.3872389],[-118.58436492,51.38759638],[-118.5839633,51.38789582],[-118.58333126,51.38818208],[-118.58245489,51.38846764],[-118.58136878,51.38879093],[-118.58072077,51.38908645],[-118.58019769,51.38941829],[-118.58016933,51.38985054],[-118.5801433,51.39035436],[-118.58028065,51.39077414],[-118.58045908,51.39117719],[-118.58124489,51.39103192],[-118.58228794,51.39084678],[-118.58326846,51.3906659],[-118.58409017,51.3905979],[-118.58438392,51.39077948],[-118.58456091,51.39091514],[-118.58490085,51.39145314],[-118.58523163,51.39201819],[-118.58543919,51.39261671],[-118.58558946,51.3931775],[-118.5856965,51.39364036],[-118.58588906,51.39394052],[-118.5861697,51.39411285],[-118.58652488,51.39421574],[-118.58696488,51.39433573],[-118.58737022,51.39442012],[-118.5878183,51.39448599],[-118.58825292,51.39459708],[-118.58868379,51.39471707],[-118.58912246,51.39480109],[-118.58950537,51.39491183],[-118.58983202,51.39507526],[-118.59010296,51.39529138],[-118.59036178,51.39538395],[-118.59063725,51.39550893],[-118.59102244,51.39574072],[-118.59144801,51.39594758],[-118.59194169,51.39607968],[-118.59244791,51.39617083],[-118.59294577,51.39621605],[-118.5934474,51.39631004],[-118.59400102,51.39642256],[-118.59456589,51.39658563],[-118.59529742,51.39681849],[-118.59595436,51.39702037],[-118.59643255,51.39722154],[-118.59674359,51.39738817],[-118.59695074,51.39750923],[-118.59705287,51.39755302],[-118.59758265,51.39771752],[-118.59804208,51.397981],[-118.59830247,51.39843425],[-118.59839779,51.39902744],[-118.59835344,51.3998104],[-118.59831329,51.40031456],[-118.59825356,51.40079203],[-118.59819229,51.40110251],[-118.59816696,51.40133572],[-118.5981681,51.40150058],[-118.59819876,51.40169177],[-118.59825858,51.40190897],[-118.59834354,51.40213079],[-118.59846731,51.40229671],[-118.59857305,51.40240637],[-118.59877808,51.40251141],[-118.59889943,51.40251176],[-118.59916147,51.40246227],[-118.59958383,51.40243059],[-118.60018171,51.40253811],[-118.60084858,51.40278272],[-118.60144522,51.40312239],[-118.60256909,51.40319681],[-118.60366699,51.40325306],[-118.60476486,51.40341186],[-118.60575748,51.40369778],[-118.60663925,51.40405846],[-118.60717104,51.4045936],[-118.60769695,51.40511415],[-118.60832181,51.40553002],[-118.60916852,51.40579243],[-118.61014233,51.40595265],[-118.61105416,51.40612926],[-118.61163692,51.40643688],[-118.61242312,51.40667793],[-118.61341357,51.40685204],[-118.61450398,51.40691791],[-118.61557712,51.40745484],[-118.6165321,51.40807294],[-118.61736117,51.40869817],[-118.6180675,51.40915285],[-118.61864106,51.40952884],[-118.61897675,51.40992976],[-118.61892345,51.41032925],[-118.61874961,51.41073729],[-118.61869642,51.41108159],[-118.61891321,51.41138957],[-118.61934412,51.41178515],[-118.61966661,51.41222452],[-118.62001215,51.41263932],[-118.62035021,51.41312604],[-118.62068173,51.41368504],[-118.62018532,51.4139738],[-118.61946254,51.41405783],[-118.61851899,51.41384776],[-118.61746552,51.4134237],[-118.61707424,51.41388764],[-118.61656242,51.41432558],[-118.61605266,51.41477136],[-118.61542336,51.41519043],[-118.61491051,51.41568321],[-118.61439367,51.41617598],[-118.61399697,51.41661891],[-118.61347267,51.4170679],[-118.61282122,51.41753432],[-118.61171208,51.41775045],[-118.6105687,51.41809618],[-118.61067144,51.41820442],[-118.61072056,51.41832191],[-118.61052781,51.41861815],[-118.61016226,51.41894394],[-118.60930575,51.41925655],[-118.60833241,51.41952964],[-118.608186,51.42005518],[-118.60780438,51.42051911],[-118.60718719,51.4209211],[-118.60715197,51.42154205],[-118.60786278,51.42185929],[-118.60856289,51.42227801],[-118.60939034,51.42281245],[-118.61034877,51.42328778],[-118.61144187,51.42370542],[-118.61241246,51.42412272],[-118.61314044,51.42454927],[-118.61361821,51.42504133],[-118.61261745,51.42508014],[-118.61175376,51.42520476],[-118.61100303,51.42539204],[-118.61022693,51.42555547],[-118.61019466,51.42627541],[-118.61028972,51.4269366],[-118.61051634,51.42764692],[-118.61075674,51.42821625],[-118.61088071,51.42859509],[-118.61083912,51.42864066],[-118.61122561,51.42904407],[-118.61159905,51.42944641],[-118.61196017,51.42984839],[-118.61222596,51.43044727],[-118.61215969,51.43101767],[-118.61204705,51.43149585],[-118.61180421,51.4319516],[-118.61142757,51.43242443],[-118.61116548,51.43292754],[-118.6110217,51.43342209],[-118.6111148,51.43393837],[-118.6114571,51.4342695],[-118.61204938,51.43441512],[-118.61215583,51.43499834],[-118.61201453,51.43506314],[-118.61249993,51.43555627],[-118.61311268,51.43601024],[-118.61307988,51.43672127],[-118.61304509,51.4370994],[-118.61302908,51.43745616],[-118.61303107,51.43779192],[-118.61341306,51.43801161],[-118.61382579,51.4382847],[-118.61389869,51.43831959],[-118.61399162,51.43841608],[-118.61409344,51.43857275],[-118.61417652,51.43879742],[-118.6142011,51.43900286],[-118.61417284,51.43920225],[-118.61411888,51.43938668],[-118.61406418,51.43974701],[-118.61403259,51.44047585],[-118.61473541,51.44086501],[-118.61544986,51.44113988],[-118.61617687,51.44130082],[-118.61614127,51.44166079],[-118.61614249,51.44195774],[-118.61687197,51.44210158],[-118.61759865,51.44226216],[-118.61844602,51.44236363],[-118.61934204,51.44251353],[-118.62019133,51.44255021],[-118.6208704,51.44254949],[-118.62116323,51.44254985],[-118.62152547,51.44257869],[-118.6220502,51.44256694],[-118.62276091,51.44248362],[-118.62387415,51.44231557],[-118.62498817,51.44230417],[-118.62610297,51.44244944],[-118.62717731,51.44271328],[-118.62761926,51.44296501],[-118.62790138,51.44324273],[-118.6282408,51.44348093],[-118.62870384,51.44395804],[-118.62942005,51.44432192],[-118.63039019,51.44457223],[-118.63136905,51.44480829],[-118.63222363,51.4450561],[-118.63295393,51.44531566],[-118.6336805,51.44550936],[-118.63352663,51.44568454],[-118.63334261,51.44585295],[-118.63313566,51.44600747],[-118.6329944,51.44618443],[-118.63292021,51.44638347],[-118.63289617,51.44651164],[-118.63282535,51.44668647],[-118.6327089,51.44690793],[-118.63256889,51.44715859],[-118.63251375,51.44736012],[-118.63248742,51.44755844],[-118.63219066,51.44772436],[-118.63179284,51.44799959],[-118.63162235,51.44818794],[-118.63150819,51.44835422],[-118.63142826,51.44852619],[-118.63131145,51.44888758],[-118.63127752,51.44955376],[-118.6313243,51.4500654],[-118.63142963,51.45031571],[-118.63151158,51.45046774],[-118.63167938,51.45087578],[-118.63209482,51.45130589],[-118.63266114,51.45175558],[-118.63336346,51.45234841],[-118.63334324,51.45299607],[-118.63318939,51.45361275],[-118.63304149,51.45412618],[-118.63277973,51.45449861],[-118.63264467,51.45480019],[-118.6322643,51.45511423],[-118.63200243,51.45549057],[-118.63161511,51.45584591],[-118.63147305,51.45621229],[-118.6312071,51.45658971],[-118.63105796,51.45708462],[-118.63090389,51.45765217],[-118.63070991,51.45826636],[-118.63080476,51.45850776],[-118.63094614,51.45877872],[-118.6311111,51.4590251],[-118.63139846,51.45930781],[-118.63167181,51.45966493],[-118.63181464,51.46025918],[-118.63175688,51.46071778],[-118.63162225,51.46102434],[-118.63136886,51.46122871],[-118.6312529,51.46142703],[-118.63104587,51.46162286],[-118.6308658,51.4618251],[-118.63121476,51.4619312],[-118.6315361,51.46204977],[-118.6319307,51.46221498],[-118.63238294,51.46238873],[-118.63282209,51.46258954],[-118.63322973,51.46271844],[-118.63363188,51.46295272],[-118.63398076,51.46319376],[-118.63403877,51.46333369],[-118.63415527,51.46350887],[-118.63434997,51.46367016],[-118.63456346,51.46378196],[-118.63487029,51.46390658],[-118.63525131,51.46409315],[-118.63528828,51.46388095],[-118.63535926,51.46371788],[-118.63546382,51.46360465],[-118.63625607,51.46343873],[-118.63720998,51.46318771],[-118.63839179,51.46294346],[-118.63946183,51.46268568],[-118.64042205,51.46255536],[-118.64085912,51.46292067],[-118.64147557,51.46312789],[-118.64227275,51.46317667],[-118.64240231,51.46291106],[-118.64259799,51.46261482],[-118.64375044,51.46264331],[-118.64450509,51.46280389],[-118.64507726,51.46287581],[-118.64556419,51.46281492],[-118.64619456,51.46259204],[-118.64700982,51.46227408],[-118.64788618,51.46194402],[-118.6484158,51.46173075],[-118.64887776,51.46151035],[-118.64906325,51.46141991],[-118.64926905,51.46126717],[-118.64949516,51.46105211],[-118.64965398,51.46093889],[-118.64982601,51.46086768],[-118.65000461,51.46082317],[-118.65023367,51.460784],[-118.65050513,51.46072312],[-118.65066655,51.46081071],[-118.65087946,51.46099372],[-118.65112662,51.4611899],[-118.65128671,51.46136864],[-118.65135509,51.46153848],[-118.65145825,51.46173466],[-118.65160027,51.46194865],[-118.65236943,51.46212668],[-118.65346304,51.46215231],[-118.65456656,51.46210175],[-118.65568418,51.46182296],[-118.65679997,51.46149468],[-118.65780088,51.46117673],[-118.65868037,51.46081142],[-118.65944881,51.46044077],[-118.66020855,51.46017337],[-118.6610586,51.45997149],[-118.66214503,51.45989921],[-118.66323689,51.45970374],[-118.66433535,51.45930069],[-118.66543564,51.45881219],[-118.66582706,51.45876163],[-118.66664232,51.45874133],[-118.66778102,51.45878192],[-118.66891912,51.45880756],[-118.67005699,51.45881859],[-118.67117814,51.45877551],[-118.67158938,51.45918533],[-118.67211289,51.45953568],[-118.67221891,51.45968701],[-118.67223826,51.45994764],[-118.67230247,51.46027342],[-118.67241324,51.46066437],[-118.67237799,51.46075872],[-118.67239117,51.46086269],[-118.67323236,51.46142596],[-118.67333055,51.46126681],[-118.6735098,51.46117246],[-118.67387362,51.46110908],[-118.67442751,51.46102825],[-118.67545927,51.46094067],[-118.67652,51.46091147],[-118.6773031,51.46094209],[-118.67803989,51.46100369],[-118.67871756,51.46103288],[-118.67920744,51.46104392],[-118.6798,51.4611162],[-118.68041482,51.46138538],[-118.6809001,51.46167022],[-118.68126123,51.46196467],[-118.68208434,51.46242754],[-118.68303245,51.46289539],[-118.68301109,51.46348929],[-118.6829937,51.46419107],[-118.6829702,51.46472194],[-118.68390488,51.4645546],[-118.6847882,51.46443496],[-118.68472339,51.46462759],[-118.68468409,51.46473334],[-118.68532846,51.46499361],[-118.68591373,51.46528522],[-118.68651665,51.465637],[-118.68699224,51.4659051],[-118.68733981,51.46608883],[-118.68731763,51.46666456],[-118.68790884,51.46716695],[-118.6882515,51.46774055],[-118.68826293,51.46834655],[-118.68797601,51.4688963],[-118.68751716,51.46934172],[-118.68829887,51.46984304],[-118.68939744,51.47021084],[-118.690493,51.47050388],[-118.69143695,51.47067798],[-118.69213676,51.47095357],[-118.69259222,51.47133099],[-118.69307238,51.47173261],[-118.69377667,51.47208724],[-118.69470474,51.47239451],[-118.69539547,51.47263912],[-118.69573678,51.47277513],[-118.69582472,51.47282783],[-118.69607857,51.4730671],[-118.69641906,51.47332274],[-118.69684659,51.47358658],[-118.69694447,51.4738999],[-118.69750428,51.47410143],[-118.69798598,51.47427447],[-118.69840951,51.47444822],[-118.69882842,51.47460987],[-118.69918159,51.4748025],[-118.69926896,51.47483739],[-118.69994894,51.47453083],[-118.70054158,51.47437523],[-118.70125831,51.47424207],[-118.70189493,51.47420575],[-118.70189157,51.47450234],[-118.70251809,51.47469105],[-118.70363564,51.47492676],[-118.70453993,51.47497661],[-118.70525428,51.47508306],[-118.70599383,51.47522513],[-118.70693395,51.47533729],[-118.70791384,51.47547615],[-118.70864868,51.47574995],[-118.70913954,51.47615977],[-118.71024366,51.47603444],[-118.71134187,51.47601557],[-118.71243517,51.47610244],[-118.71278077,51.47662798],[-118.71306465,51.47703138],[-118.7132411,51.47729664],[-118.71331992,51.47755229],[-118.71336698,51.47779156],[-118.71342856,51.47803047],[-118.71331856,51.47812197],[-118.71308679,51.4782943],[-118.71273287,51.4785471],[-118.71246426,51.47901673],[-118.71231955,51.47956648],[-118.71231601,51.47985417],[-118.7128991,51.48021129],[-118.71322097,51.48055238],[-118.71328124,51.4808771],[-118.71337125,51.48111068],[-118.71351895,51.48132929],[-118.71376182,51.48154185],[-118.7139402,51.48168],[-118.7140563,51.48179928],[-118.71419315,51.48190325],[-118.7143504,51.48199155],[-118.71472073,51.48214216],[-118.71525982,51.48230203],[-118.715408,51.48233194],[-118.71559241,51.48235116],[-118.71557305,51.48272039],[-118.71555481,51.48287349],[-118.71555439,51.48299918],[-118.71563864,51.48318682],[-118.71576431,51.48347273],[-118.71581627,51.48370594],[-118.71584033,51.48396621],[-118.71592297,51.48424394],[-118.71606317,51.48452949],[-118.71618725,51.48476164],[-118.71628158,51.48497598],[-118.71616929,51.48513051],[-118.71614539,51.48531174],[-118.7163043,51.4854951],[-118.71663862,51.48565426],[-118.71609951,51.48587786],[-118.71628998,51.48609113],[-118.71648786,51.48624993],[-118.71649388,51.48640268],[-118.71645433,51.48663127],[-118.71640601,51.48691753],[-118.71639382,51.48718671],[-118.71659257,51.48741743],[-118.71689501,51.48766382],[-118.71730022,51.48792552],[-118.71752662,51.48832892],[-118.71767587,51.48872664],[-118.71779054,51.48909942],[-118.7179897,51.48941132],[-118.71803265,51.48953345],[-118.71811674,51.48972429],[-118.71824151,51.48997424],[-118.71830875,51.49023416],[-118.71836271,51.49053004],[-118.71779111,51.4909039],[-118.71747989,51.49118624],[-118.71723118,51.49146076],[-118.71709339,51.49171463],[-118.71700739,51.49197454],[-118.71697239,51.49224087],[-118.71702505,51.49249189],[-118.71706381,51.49276106],[-118.71706052,51.49305801],[-118.71704881,51.49312993],[-118.71675112,51.49326025],[-118.71639504,51.49353548],[-118.71596598,51.49374733],[-118.71555497,51.49396523],[-118.7149778,51.49402754],[-118.71440965,51.49410979],[-118.71373454,51.49406137],[-118.71316983,51.49394707],[-118.71268577,51.49378009],[-118.71223674,51.49366366],[-118.71171739,51.49360455],[-118.71076917,51.49353975],[-118.70967166,51.49348065],[-118.70855918,51.49351198],[-118.70742957,51.49362129],[-118.70633537,51.49402398],[-118.70516825,51.49439143],[-118.70493476,51.49508929],[-118.70459556,51.49577291],[-118.70424258,51.49622439],[-118.70390241,51.49660216],[-118.70357144,51.49698456],[-118.70311734,51.49730892],[-118.7025276,51.4976372],[-118.70186827,51.4978138],[-118.70130908,51.49791884],[-118.70106542,51.49795836],[-118.70064953,51.49800928],[-118.7002068,51.49811467],[-118.6999012,51.49828984],[-118.69961605,51.49850098],[-118.69857326,51.49874096],[-118.69777222,51.49890225],[-118.69738102,51.49897275],[-118.69708363,51.49898023],[-118.69686894,51.49896741],[-118.69663839,51.49896563],[-118.69637592,51.49898059],[-118.69607825,51.49893964],[-118.69576355,51.49894925],[-118.69547555,51.49900052],[-118.6952301,51.49912194],[-118.69504259,51.49923837],[-118.69484485,51.4993434],[-118.69458132,51.49948511],[-118.69434665,51.49964427],[-118.69417958,51.49979666],[-118.69408237,51.49988781],[-118.69399306,51.49994905],[-118.69386533,51.50000388],[-118.69365592,51.50005195],[-118.69336483,51.50009325],[-118.69337506,51.50024564],[-118.69337375,51.50034462],[-118.69325163,51.50054722],[-118.693171,51.50069854],[-118.69314538,51.50078577],[-118.69313342,51.5008609],[-118.69314044,51.50104961],[-118.69314358,51.50112153],[-118.69312179,51.50131059],[-118.69310857,51.50135581],[-118.69305796,51.50154523],[-118.69304563,51.50159935],[-118.69302419,51.50178877],[-118.69302549,51.50183363],[-118.69304743,51.50204014],[-118.6929754,51.50216512],[-118.69280482,51.50240225],[-118.69263684,51.50274228],[-118.69267255,51.50311044],[-118.69291438,51.50336074],[-118.69326039,51.50350281],[-118.69329422,51.50403297],[-118.69374186,51.5045261],[-118.69429491,51.50498042],[-118.6949681,51.50542442],[-118.69551013,51.50588943],[-118.69663604,51.50632274],[-118.69730591,51.50689741],[-118.69803929,51.50737238],[-118.69883618,51.50774766],[-118.69942455,51.50815356],[-118.69990557,51.50860433],[-118.70033645,51.50857121],[-118.70072389,51.50852955],[-118.70116955,51.50848718],[-118.70155827,51.50847543],[-118.70196065,51.50844873],[-118.70233516,51.50844339],[-118.70279538,51.50841847],[-118.70321236,51.50840351],[-118.70357772,51.50841135],[-118.70423681,51.50843662],[-118.70526806,51.5085235],[-118.70637794,51.50865417],[-118.70618121,51.50916974],[-118.70721123,51.50948733],[-118.70855105,51.50973764],[-118.70855979,51.50996231],[-118.70844317,51.51071038],[-118.70949493,51.51108174],[-118.71076158,51.51103652],[-118.71181563,51.51134486],[-118.71279106,51.51174399],[-118.71391922,51.51184761],[-118.71479717,51.51194872],[-118.71520578,51.51199465],[-118.71556678,51.5120502],[-118.71587996,51.51211571],[-118.71627976,51.51215167],[-118.71666138,51.51207726],[-118.71699475,51.5119975],[-118.71715767,51.51212105],[-118.71744138,51.51238667],[-118.71772598,51.51266119],[-118.71792323,51.51292787],[-118.71796159,51.51317924],[-118.71802604,51.51344699],[-118.71815119,51.5137062],[-118.71833631,51.51395615],[-118.71841071,51.51400884],[-118.71845646,51.51445996],[-118.71882609,51.51484414],[-118.71952054,51.51516174],[-118.71957412,51.51565558],[-118.71980805,51.51615584],[-118.72022404,51.51662013],[-118.72064362,51.51704277],[-118.72150597,51.51774063],[-118.72218187,51.51842995],[-118.72272508,51.51911641],[-118.72350205,51.51923997],[-118.72428966,51.5194892],[-118.72508851,51.51986412],[-118.72569142,51.52051463],[-118.72617574,51.52117012],[-118.72668938,51.5215333],[-118.72732551,51.52184555],[-118.72790516,51.52213681],[-118.72837358,51.52249535],[-118.72868944,51.52283752],[-118.72901553,51.52306859],[-118.72935126,51.52318859],[-118.72967557,51.5232897],[-118.73000265,51.52350974],[-118.73030504,51.52392882],[-118.73055469,51.52450455],[-118.73092025,51.52497988],[-118.73135137,51.52533309],[-118.73184898,51.52556452],[-118.73274964,51.52574006],[-118.73375447,51.52610323],[-118.73463403,51.5265248],[-118.73520104,51.52702006],[-118.7357709,51.52747296],[-118.73634374,51.5278842],[-118.73709646,51.52822067],[-118.73759243,51.52841721],[-118.7382113,51.52859987],[-118.73934096,51.52876793],[-118.74047194,51.52889326],[-118.74160793,51.52894524],[-118.74270598,51.5290428],[-118.7438083,51.52918237],[-118.74491921,51.52932479],[-118.7460215,51.52936538],[-118.74615285,51.52878466],[-118.74637246,51.52841793],[-118.74662211,51.52810638],[-118.74692579,51.52788598],[-118.74727773,51.52767093],[-118.74763995,51.52742383],[-118.74793205,51.52710552],[-118.74809113,51.52673949],[-118.74815574,51.526366],[-118.74889538,51.52635994],[-118.74939165,51.52627769],[-118.74964536,51.5261189],[-118.74989153,51.52585649],[-118.75023225,51.52563253],[-118.75066697,51.52544703],[-118.75134408,51.52493645],[-118.75203376,51.52441269],[-118.75273707,51.52394947],[-118.7535667,51.52370913],[-118.75452272,51.52361798],[-118.75559111,51.52290944],[-118.75606222,51.52233085],[-118.75677663,51.52191249],[-118.75773375,51.52165436],[-118.75823022,51.5222746],[-118.75884835,51.52288772],[-118.75992346,51.52248787],[-118.7609963,51.52226819],[-118.76199091,51.52226997],[-118.76290922,51.5224042],[-118.76332425,51.52245868],[-118.7636055,51.52240064],[-118.76375262,51.52222974],[-118.76385893,51.52199403],[-118.76397824,51.52172272],[-118.76412768,51.52148666],[-118.76419679,51.52140476],[-118.76425236,51.52134993],[-118.76455845,51.52107541],[-118.76458125,51.5216597],[-118.76517775,51.52192638],[-118.76565691,51.52226392],[-118.76603464,51.52271966],[-118.76649452,51.52321458],[-118.7669165,51.52368991],[-118.76741994,51.52411397],[-118.76783579,51.52455227],[-118.76840861,51.52502902],[-118.76890203,51.52561223],[-118.76940073,51.52625099],[-118.76978615,51.5268869],[-118.76979812,51.52757907],[-118.76980759,51.52819041],[-118.76993968,51.52882703],[-118.77018952,51.52936289],[-118.7706742,51.52980404],[-118.77115751,51.53031925],[-118.77163831,51.53090851],[-118.7718842,51.53158323],[-118.77201267,51.53224869],[-118.77298386,51.53267489],[-118.77383345,51.53309966],[-118.77439338,51.53344895],[-118.77497806,51.53373379],[-118.77560333,51.53387229],[-118.77635522,51.53380179],[-118.77656182,51.53429315],[-118.77688309,51.53477097],[-118.77726887,51.5351669],[-118.77747654,51.5354496],[-118.77759474,51.53577041],[-118.77774899,51.53627173],[-118.77843129,51.53617631],[-118.77899018,51.5361788],[-118.77948285,51.53618948],[-118.77996857,51.53620408],[-118.78051292,51.53615779],[-118.78148594,51.53608801],[-118.78232692,51.53586761],[-118.78303459,51.53549589],[-118.78374763,51.53504442],[-118.78434622,51.5345787],[-118.78483072,51.53410479],[-118.78516623,51.5334582],[-118.78562955,51.53285576],[-118.78621742,51.53233023],[-118.78692026,51.53185775],[-118.78741487,51.53144651],[-118.78776553,51.53098471],[-118.78779915,51.53085831],[-118.78783981,51.53067779],[-118.78795164,51.53042321],[-118.78812649,51.5301487],[-118.7884132,51.52985958],[-118.78860582,51.52962281],[-118.78878179,51.52933227],[-118.78901543,51.52904102],[-118.78925532,51.52878573],[-118.78949029,51.52852723],[-118.78970766,51.52822032],[-118.78996318,51.52788064],[-118.790258,51.52750821],[-118.79063812,51.52720094],[-118.79096981,51.52691788],[-118.7912532,51.52665974],[-118.79143935,51.52638736],[-118.79159688,51.52611498],[-118.79193711,51.52584616],[-118.79232525,51.52558232],[-118.79269005,51.5253249],[-118.79291675,51.52510272],[-118.79312535,51.52497846],[-118.79336579,51.52490084],[-118.79372522,51.5248866],[-118.79418755,51.52490654],[-118.79440094,51.5247602],[-118.79464753,51.52463273],[-118.79500505,51.52451203],[-118.79535799,51.52436676],[-118.79572885,51.52418055],[-118.79589758,51.52403991],[-118.79586545,51.52394555],[-118.79626195,51.5237775],[-118.79670338,51.52362689],[-118.79694469,51.52354214],[-118.79754242,51.52334133],[-118.79802476,51.52314301],[-118.79844802,51.52291656],[-118.79887916,51.52263742],[-118.79933666,51.5223686],[-118.79983011,51.52213111],[-118.80000227,51.52211046],[-118.80024595,51.52207094],[-118.80061349,51.52201112],[-118.8009176,51.52192567],[-118.80109982,51.52191392],[-118.80139631,51.52188543],[-118.80180788,51.52183986],[-118.80219945,51.52178289],[-118.80260969,51.52170171],[-118.80279309,51.52205278],[-118.80294236,51.52246117],[-118.80313887,51.52301839],[-118.80349925,51.52350155],[-118.80402317,51.5239103],[-118.80409206,51.52346666],[-118.80426137,51.52313126],[-118.8045311,51.5229041],[-118.80500231,51.52270898],[-118.80553214,51.52249927],[-118.80612045,51.52227424],[-118.80679899,51.52193421],[-118.80701139,51.52208055],[-118.80729735,51.52221407],[-118.80764044,51.52222867],[-118.80799514,51.52207663],[-118.80832058,51.52176687],[-118.80864067,51.52147918],[-118.80900226,51.52126661],[-118.80940512,51.52112953],[-118.80977763,51.52179215],[-118.81027135,51.5224512],[-118.81088638,51.52309993],[-118.81162664,51.52371198],[-118.81176039,51.52404881],[-118.81192506,51.52432795],[-118.81151387,51.52450527],[-118.81113205,51.52469077],[-118.81075058,51.52487663],[-118.81065833,51.52497704],[-118.81052968,51.52513192],[-118.81030832,51.52536905],[-118.81082495,51.52570303],[-118.81139891,51.52600282],[-118.81203113,51.52626879],[-118.81274495,51.52645572],[-118.81345791,51.52661951],[-118.8140622,51.52679077],[-118.81467636,51.52689936],[-118.81528918,51.52703573],[-118.81613037,51.52707561],[-118.81708035,51.52708985],[-118.81788369,51.52722444],[-118.81883183,51.52726254],[-118.81981554,51.52723049],[-118.82079104,51.52694244],[-118.82152469,51.52657642],[-118.82201615,51.52613207],[-118.82308076,51.5261545],[-118.82415591,51.52617088],[-118.82522453,51.52616305],[-118.82617163,51.52614418],[-118.82688875,51.52612709],[-118.82734683,51.5260103],[-118.82765342,51.5257835],[-118.82803333,51.52555277],[-118.82825984,51.52544133],[-118.82841496,51.52535801],[-118.82889724,51.52516147],[-118.82926616,51.52502083],[-118.82968298,51.52505928],[-118.8300581,51.52495852],[-118.83038621,51.52463273],[-118.83070138,51.52413533],[-118.83087785,51.52350298],[-118.83160057,51.52395338],[-118.83212715,51.52434682],[-118.83233807,51.52473421],[-118.83257086,51.52510628],[-118.83268132,51.52562007],[-118.83278875,51.526225],[-118.83278485,51.5268456],[-118.83298812,51.52675837],[-118.83330864,51.52659458],[-118.83369002,51.52640872],[-118.83390186,51.52628838],[-118.8343926,51.52654153],[-118.83496331,51.52687444],[-118.83603189,51.52763995],[-118.83666036,51.52748649],[-118.83707376,51.5273811],[-118.83745391,51.52726823],[-118.8378472,51.52716391],[-118.83825321,51.52706884],[-118.83865059,51.52703537],[-118.83896655,51.52708736],[-118.83930157,51.52712011],[-118.83962791,51.5272401],[-118.84012137,51.52732128],[-118.8407081,51.52757195],[-118.84154248,51.52779733],[-118.84241233,51.52811172],[-118.84331821,51.52837413],[-118.84386896,51.52856035],[-118.84347355,51.52877327],[-118.84310768,51.52899509],[-118.84278571,51.52922474],[-118.84240495,51.52944656],[-118.84205601,51.52972179],[-118.84182031,51.52995928],[-118.84169692,51.53011701],[-118.84157215,51.53024198],[-118.8414428,51.53036696],[-118.8412962,51.5305432],[-118.841175,51.53076075],[-118.84101183,51.53100607],[-118.84080716,51.53129732],[-118.84059803,51.53155617],[-118.84040236,51.5318581],[-118.84030162,51.53242529],[-118.84024538,51.53308648],[-118.83965908,51.5333756],[-118.83930173,51.53380393],[-118.83917217,51.53437148],[-118.83915747,51.5350729],[-118.83914257,51.53577468],[-118.83901229,51.53632834],[-118.83875715,51.53683287],[-118.83837659,51.53728541],[-118.83799547,51.5377351],[-118.83763813,51.53816628],[-118.83714361,51.5385469],[-118.83665317,51.53893215],[-118.83616544,51.53932239],[-118.83581579,51.53981943],[-118.83516727,51.5401584],[-118.83464803,51.54055717],[-118.83430278,51.54093138],[-118.83383299,51.54128245],[-118.83335071,51.54164563],[-118.83285633,51.54202126],[-118.83259751,51.54255178],[-118.83234725,51.54310508],[-118.83210591,51.54368153],[-118.83186933,51.5441298],[-118.83186026,51.54463362],[-118.83208006,51.54519262],[-118.83229345,51.54584277],[-118.8323929,51.54651856],[-118.83235491,51.54700493],[-118.83228052,51.54731184],[-118.8323757,51.5478858],[-118.83235879,51.54853346],[-118.83140425,51.54899027],[-118.83056174,51.54936591],[-118.82995554,51.54975223],[-118.82934943,51.55006448],[-118.82886046,51.55045579],[-118.8283639,51.55083498],[-118.82798162,51.55124587],[-118.82859919,51.55157984],[-118.82896341,51.55203274],[-118.82907483,51.55260456],[-118.82905824,51.55327928],[-118.82905502,51.55391768],[-118.82903903,51.5545924],[-118.82877978,51.55504423],[-118.82864716,51.55549499],[-118.82876479,51.5560216],[-118.82900491,51.55661656],[-118.82787948,51.55661585],[-118.82740955,51.55700786],[-118.82682546,51.55731585],[-118.82727821,51.55769255],[-118.8279949,51.55793004],[-118.82897475,51.55802866],[-118.82895816,51.55868558],[-118.82907123,51.5592663],[-118.82930083,51.55979824],[-118.82964438,51.56021269],[-118.82986747,51.56069763],[-118.82997283,51.5613225],[-118.82995598,51.56197906],[-118.82983422,51.56258649],[-118.82959276,51.56311808],[-118.82910806,51.56350617],[-118.82850019,51.56382128],[-118.8277456,51.56407301],[-118.82772724,51.5646847],[-118.8284506,51.56533913],[-118.8288702,51.56560225],[-118.82928569,51.56569767],[-118.82969821,51.5656254],[-118.83018323,51.56549188],[-118.8299808,51.56607651],[-118.8298746,51.56678257],[-118.82985504,51.56737646],[-118.82984665,51.56824879],[-118.82984012,51.56879747],[-118.82887653,51.56883841],[-118.82814441,51.56905382],[-118.82776559,51.56949141],[-118.82775423,51.57008602],[-118.82786919,51.57067351],[-118.82811224,51.57120545],[-118.82822788,51.57165621],[-118.82846515,51.57217498],[-118.82870063,51.57276318],[-118.82881358,51.57337879],[-118.82904037,51.57391785],[-118.82938086,51.57437396],[-118.82960676,51.57488703],[-118.82971807,51.57546277],[-118.82958776,51.57609333],[-118.82922682,51.57656973],[-118.82863548,51.5768916],[-118.82873649,51.5775414],[-118.82908405,51.5781207],[-118.82980379,51.57855615],[-118.83077782,51.57884562],[-118.83027374,51.57939501],[-118.82954332,51.57965208],[-118.82858577,51.57961718],[-118.82881099,51.58015625],[-118.82892021,51.58063407],[-118.82867713,51.58109658],[-118.82843298,51.58163493],[-118.82818659,51.58224912],[-118.82829311,51.58298686],[-118.82852084,51.58374597],[-118.82957267,51.58441285],[-118.82946903,51.58495298],[-118.82927214,51.58555649],[-118.82891144,51.586045],[-118.82860775,51.58647226],[-118.82838779,51.58690415],[-118.82744135,51.5872627],[-118.82660929,51.58767857],[-118.82596275,51.58798833],[-118.82539306,51.58818594],[-118.82491255,51.58824433],[-118.82435538,51.58827211],[-118.82359485,51.58818772],[-118.82262414,51.58814108],[-118.82152056,51.58809906],[-118.82044412,51.58816778],[-118.81936445,51.58832444],[-118.81828777,51.58859291],[-118.81723372,51.58884001],[-118.81726066,51.58951402],[-118.81763593,51.58998507],[-118.8180105,51.59044687],[-118.8182686,51.59097632],[-118.81853969,51.59156879],[-118.81882247,51.59222357],[-118.81922843,51.59286803],[-118.81962947,51.59351498],[-118.81892044,51.59420073],[-118.81853407,51.59476401],[-118.81810591,51.59516955],[-118.81757364,51.59554341],[-118.8174834,51.59621528],[-118.8172769,51.59691172],[-118.8169486,51.59761243],[-118.81674011,51.59829605],[-118.81665709,51.59898358],[-118.81668298,51.59963979],[-118.81672473,51.60031344],[-118.81675102,51.60097855],[-118.81679151,51.60163439],[-118.8168216,51.60238922],[-118.81686269,51.60304507],[-118.81584872,51.6036995],[-118.81549801,51.60419049],[-118.81512053,51.60459283],[-118.81484974,51.60496277],[-118.81468529,51.60529995],[-118.81468038,51.60554278],[-118.81479352,51.6058408],[-118.81486767,51.60625951],[-118.81501045,51.60661485],[-118.81518331,51.60692889],[-118.81574889,51.60722014],[-118.81629592,51.60754023],[-118.8166298,51.60790483],[-118.81664395,51.60834135],[-118.81642765,51.60878927],[-118.8162433,51.60911292],[-118.81617784,51.60941343],[-118.81616606,51.60959644],[-118.8161475,51.60972889],[-118.81630393,51.60992009],[-118.8165246,51.61014262],[-118.81686749,51.61040111],[-118.81725178,51.61062899],[-118.81763739,51.61087466],[-118.81796736,51.61117553],[-118.81830934,51.61143082],[-118.81846835,51.61159211],[-118.81857015,51.61172848],[-118.81870494,51.61188336],[-118.81895963,51.61203433],[-118.81941713,51.61215894],[-118.81998761,51.61221413],[-118.8203395,51.61263748],[-118.82063025,51.61312135],[-118.82002067,51.61337059],[-118.8195515,51.61379679],[-118.8192226,51.61439923],[-118.81890863,51.61510243],[-118.81871134,51.61578712],[-118.81862579,51.61645294],[-118.81860667,51.61669576],[-118.81871138,51.61691296],[-118.81873375,51.61707175],[-118.81877485,51.6172537],[-118.81887039,51.61746519],[-118.81903633,51.61768737],[-118.81934325,51.61789352],[-118.81961246,51.618089],[-118.81987,51.61822109],[-118.8200966,51.61830654],[-118.82037152,51.61832328],[-118.82070848,51.61831794],[-118.82082655,51.61867185],[-118.82092714,51.61908808],[-118.81983971,51.61935654],[-118.81876646,51.61961005],[-118.81771418,51.61978309],[-118.81666886,51.61989133],[-118.81608863,51.62008325],[-118.81536541,51.6202983],[-118.81456256,51.6204514],[-118.81382341,51.62051977],[-118.81335136,51.62051229],[-118.81308176,51.62051336],[-118.81268356,51.62067251],[-118.81256791,51.621025],[-118.81244302,51.62116173],[-118.81231084,51.62139138],[-118.81222635,51.6216456],[-118.81224676,51.62191798],[-118.81235391,51.62218823],[-118.81246491,51.62243212],[-118.81257607,51.62268528],[-118.8126876,51.62294733],[-118.8128142,51.62322434],[-118.81302917,51.62353553],[-118.81329972,51.62380114],[-118.81355187,51.62408207],[-118.81377247,51.62435445],[-118.81390133,51.62463537],[-118.81393692,51.62492449],[-118.81378877,51.62520541],[-118.81377057,51.62546961],[-118.81378607,51.62573308],[-118.81383506,51.62599621],[-118.81400663,51.62630811],[-118.81410402,51.62657657],[-118.81425884,51.62684397],[-118.81495596,51.62704905],[-118.81559873,51.62735383],[-118.81623778,51.62799117],[-118.81674839,51.62864274],[-118.81713136,51.62930821],[-118.81753091,51.63001568],[-118.81793308,51.63068079],[-118.81833823,51.63130388],[-118.81941171,51.63152428],[-118.82013951,51.63177387],[-118.82082957,51.63205373],[-118.82132382,51.6322378],[-118.82132764,51.63234569],[-118.82135152,51.63257926],[-118.82135355,51.63263302],[-118.82136622,51.63293852],[-118.82130522,51.63322727],[-118.82125617,51.63344482],[-118.821199,51.63365774],[-118.82113337,51.63386568],[-118.82112034,51.63405866],[-118.82114328,51.63422814],[-118.82127265,51.63445993],[-118.82144831,51.63479675],[-118.82162472,51.63514568],[-118.82185369,51.63545118],[-118.82212885,51.63571145],[-118.82248206,51.63590692],[-118.82255644,51.63595962],[-118.82322275,51.63591155],[-118.82397014,51.63589268],[-118.8243606,51.63589589],[-118.82471407,51.63558149],[-118.82502591,51.63520194],[-118.82606532,51.63516776],[-118.8271907,51.63512325],[-118.82719453,51.63461979],[-118.8272413,51.63422315],[-118.82773098,51.63410067],[-118.82827127,51.63409035],[-118.82894641,51.63418755],[-118.82967401,51.63414625],[-118.83039599,51.63405332],[-118.83108915,51.63396252],[-118.83168782,51.63404192],[-118.8322898,51.63412061],[-118.83290941,51.63427478],[-118.83376749,51.6344083],[-118.83474163,51.63459772],[-118.83581401,51.634785],[-118.83678538,51.6349057],[-118.83766014,51.63494202],[-118.83831149,51.63495876],[-118.83867322,51.63498012],[-118.83930203,51.6351229],[-118.83994215,51.63518592],[-118.84059322,51.63516883],[-118.84103832,51.63517274],[-118.8414863,51.63521476],[-118.84193924,51.63533332],[-118.84227712,51.63546293],[-118.84238004,51.63550637],[-118.84274151,51.63559965],[-118.84302243,51.63572],[-118.84329186,51.6358966],[-118.84371938,51.63615367],[-118.84435529,51.6364734],[-118.84482975,51.6368088],[-118.84503059,51.6371175],[-118.84495686,51.63739914],[-118.84466388,51.63766475],[-118.84505432,51.63802828],[-118.84530528,51.63839003],[-118.8454162,51.63875],[-118.84596163,51.6388942],[-118.84660731,51.6390968],[-118.84724363,51.63934069],[-118.84774636,51.63970458],[-118.84829622,51.6400674],[-118.84871163,51.64048967],[-118.84910741,51.64083113],[-118.84926473,51.64110458],[-118.84934977,51.64130076],[-118.84940569,51.64149481],[-118.84954022,51.64171556],[-118.8495909,51.64201749],[-118.84946006,51.64234649],[-118.8491464,51.64270183],[-118.84960884,51.64281149],[-118.85008809,51.64298382],[-118.85058414,51.64321881],[-118.85118164,51.6431355],[-118.85173013,51.64312695],[-118.85223099,51.64319282],[-118.85247823,51.64390243],[-118.85266707,51.64467863],[-118.85364947,51.64478723],[-118.85450024,51.64496774],[-118.85520907,51.64522303],[-118.85603862,51.64548082],[-118.85699852,51.64573753],[-118.85806694,51.64594546],[-118.85913509,51.64610142],[-118.86020143,51.64617832],[-118.86123379,51.64613809],[-118.86222448,51.64597537],[-118.86317327,51.64569053],[-118.86381196,51.64613987],[-118.86462252,51.64639979],[-118.86549176,51.64632929],[-118.86621849,51.64607685],[-118.86660119,51.64554918],[-118.86675418,51.64488728],[-118.86677276,51.64429338],[-118.86680362,51.64362756],[-118.86683376,51.64295249],[-118.8668654,51.64232263],[-118.86689441,51.64162085],[-118.86800906,51.64103337],[-118.86913336,51.64061394],[-118.87026831,51.64036185],[-118.87075651,51.63978469],[-118.87147373,51.63953937],[-118.87229425,51.63977009],[-118.8731033,51.64031094],[-118.87379666,51.64100132],[-118.87449982,51.6416974],[-118.8744675,51.64230946],[-118.87516268,51.64304755],[-118.87585631,51.64366708],[-118.8766897,51.64413529],[-118.8776632,51.64445254],[-118.8786737,51.64440945],[-118.87976684,51.64463555],[-118.88085246,51.64479399],[-118.88156288,51.6448798],[-118.88228042,51.64509984],[-118.88312462,51.64540035],[-118.88409504,51.64571617],[-118.88517011,51.6459209],[-118.88597031,51.64605691],[-118.88653404,51.64608895],[-118.8868051,51.64615447],[-118.88719176,51.64623102],[-118.88770158,51.6463948],[-118.88842293,51.64655894],[-118.88913907,51.64678717],[-118.88971105,51.64709587],[-118.8902017,51.6474626],[-118.89081359,51.64777557],[-118.89164272,51.64797817],[-118.8919661,51.64845243],[-118.89228626,51.64896265],[-118.89260298,51.64950919],[-118.89281255,51.65003544],[-118.89307946,51.65054459],[-118.89326281,51.65077247],[-118.89333159,51.65088249],[-118.89337186,51.6509626],[-118.89345509,51.65123106],[-118.89348127,51.65150949],[-118.89348359,51.65157251],[-118.89353345,51.65172455],[-118.89358946,51.65190649],[-118.89362303,51.65201687],[-118.89363416,51.65205568],[-118.89376309,51.65213721],[-118.89419765,51.65239215],[-118.89473325,51.65263747],[-118.89562401,51.65304444],[-118.89623984,51.65352511],[-118.89640525,51.65406203],[-118.89621381,51.65463991],[-118.896607,51.65458436],[-118.89702489,51.65455267],[-118.8974677,51.65454448],[-118.89818359,51.65463777],[-118.89901603,51.65472144],[-118.89984609,51.6548368],[-118.90059234,51.65496463],[-118.90109857,51.65516437],[-118.90148376,51.65539367],[-118.90194739,51.65555923],[-118.90252153,51.65557988],[-118.90332465,51.65535486],[-118.9042789,51.65492297],[-118.904252,51.65566961],[-118.9042318,51.65621864],[-118.90419173,51.65698344],[-118.90429632,51.65756559],[-118.90464821,51.65802739],[-118.90524718,51.6583692],[-118.90521603,51.65900831],[-118.90631655,51.65904427],[-118.90628544,51.65968339],[-118.90625629,51.66035846],[-118.90621085,51.66099758],[-118.90618276,51.66170826],[-118.90613384,51.66261726],[-118.90612343,51.66305841],[-118.90609538,51.66376909],[-118.90606517,51.664426],[-118.90602949,51.66464142],[-118.90604084,51.66487606],[-118.90624865,51.66515734],[-118.90647624,51.66544966],[-118.90668059,51.66575586],[-118.90678538,51.66606919],[-118.9070018,51.66622229],[-118.90733286,51.66636898],[-118.90796555,51.66650855],[-118.9083724,51.66664279],[-118.90860521,51.66683078],[-118.90866398,51.66707254],[-118.90869415,51.66733709],[-118.9087923,51.66760413],[-118.90896297,51.66800006],[-118.90895739,51.66851277],[-118.90886293,51.66901481],[-118.90880678,51.66951328],[-118.90900468,51.67002564],[-118.90897645,51.67072742],[-118.91005983,51.67137543],[-118.91106968,51.67200636],[-118.91104253,51.6727352],[-118.91179868,51.67295061],[-118.91241269,51.67325753],[-118.91280274,51.67362391],[-118.91274852,51.67409639],[-118.91237973,51.67461088],[-118.91258746,51.67496729],[-118.91293381,51.67536927],[-118.91339383,51.67579333],[-118.91384767,51.67629572],[-118.91426713,51.67683728],[-118.9149673,51.67708687],[-118.915556,51.67740269],[-118.91602379,51.67778901],[-118.91636613,51.6782419],[-118.9166254,51.67855559],[-118.9169571,51.67875996],[-118.91746587,51.67893621],[-118.91802153,51.67919612],[-118.91858785,51.67959348],[-118.91902285,51.67995416],[-118.91961619,51.68015604],[-118.9203686,51.68019984],[-118.92075523,51.68029633],[-118.92115728,51.68037573],[-118.92167948,51.68040314],[-118.92175173,51.68041098],[-118.92214362,51.68043163],[-118.92273046,51.68040101],[-118.92328153,51.68031413],[-118.92378501,51.68070436],[-118.92405377,51.68087491],[-118.92426487,51.68099027],[-118.92442595,51.68104154],[-118.92467191,51.68119073],[-118.92483051,51.68141291],[-118.92490266,51.68170843],[-118.92487256,51.68236535],[-118.92485765,51.68304007],[-118.92482918,51.68372404],[-118.92493658,51.68402882],[-118.92480035,51.68440766],[-118.92514712,51.68485166],[-118.92537498,51.68522765],[-118.92540953,51.68559082],[-118.92529742,51.68592943],[-118.92515624,51.68631753],[-118.92545982,51.68649911],[-118.92566401,51.6867747],[-118.92576983,51.68714357],[-118.9268503,51.68736859],[-118.92781459,51.68767159],[-118.92865414,51.68797958],[-118.92936661,51.68836554],[-118.93020298,51.68868848],[-118.93116396,51.68901534],[-118.93225754,51.68917449],[-118.93333881,51.68923146],[-118.93423635,51.68925282],[-118.93492804,51.68932831],[-118.93574779,51.68955155],[-118.93657206,51.68992363],[-118.93733722,51.69037047],[-118.93752585,51.69038542],[-118.93797864,51.69048583],[-118.93856401,51.69063822],[-118.93838658,51.69073792],[-118.93839679,51.69086574],[-118.93848337,51.69100318],[-118.93854251,51.69114809],[-118.9385175,51.69124743],[-118.93851639,51.6913222],[-118.93856568,51.69146533],[-118.93860827,51.69167149],[-118.93863416,51.69194102],[-118.93869714,51.6921016],[-118.93880454,51.69231558],[-118.9389949,51.69259152],[-118.9391169,51.69270724],[-118.9392066,51.69281263],[-118.93919447,51.69285785],[-118.93918815,51.69304977],[-118.93922641,51.69319503],[-118.93929777,51.69336273],[-118.93935104,51.69348486],[-118.93936789,51.69353827],[-118.93934411,51.69365861],[-118.93929467,51.69385444],[-118.93921979,51.6941254],[-118.93920117,51.69436858],[-118.93923778,51.69455693],[-118.93937619,51.69474315],[-118.93944257,51.69494895],[-118.93944501,51.69499381],[-118.93953886,51.69528328],[-118.93960957,51.69545882],[-118.93973569,51.69570876],[-118.93977235,51.69592489],[-118.93976184,51.69609793],[-118.93972866,51.69625317],[-118.93975228,51.6964287],[-118.9398329,51.69662417],[-118.94007624,51.69689905],[-118.94021821,51.69717534],[-118.94029126,51.69729996],[-118.94037309,51.69741568],[-118.94049612,51.69758445],[-118.94060167,51.69768165],[-118.9406179,51.69772651],[-118.94065184,51.69784259],[-118.94152982,51.69784223],[-118.94231197,51.69778028],[-118.94287935,51.69781802],[-118.94347399,51.69776603],[-118.94394505,51.69788602],[-118.9445419,51.69792733],[-118.94513336,51.6981082],[-118.94597546,51.69820718],[-118.94693812,51.698314],[-118.94801032,51.69834142],[-118.94912232,51.69828694],[-118.9502231,51.69831364],[-118.95128283,51.69838592],[-118.95238172,51.69836776],[-118.95345956,51.69840978],[-118.95454497,51.69852941],[-118.95560439,51.69863872],[-118.9565051,51.69878577],[-118.95727577,51.69884096],[-118.9579557,51.69894029],[-118.95880561,51.69900901],[-118.95980927,51.69911939],[-118.96093568,51.69917244],[-118.96205585,51.69919558],[-118.96218351,51.69914253],[-118.96238173,51.6990464],[-118.96263575,51.69889828],[-118.96308793,51.69875693],[-118.96364514,51.69869355],[-118.9643066,51.6987085],[-118.9649342,51.69883775],[-118.96548124,51.69898836],[-118.96575828,51.69903999],[-118.96610037,51.69902895],[-118.96683809,51.69890291],[-118.96792658,51.69876476],[-118.9691576,51.69855825],[-118.97038134,51.69826878],[-118.97160372,51.69790276],[-118.9728059,51.69748689],[-118.97387086,51.69708241],[-118.97479995,51.69671782],[-118.97559957,51.69632473],[-118.97639926,51.69593058],[-118.97713111,51.69553074],[-118.97759368,51.69507107],[-118.97778657,51.69455231],[-118.97850232,51.69427067],[-118.97923487,51.6939196],[-118.98010572,51.69358313],[-118.98110161,51.69340938],[-118.98222197,51.69339834],[-118.9831808,51.69334137],[-118.98395213,51.69311563],[-118.98453618,51.69272077],[-118.98516826,51.69305582],[-118.98581781,51.69346065],[-118.98653766,51.69414391],[-118.9872174,51.69392245],[-118.98794602,51.69370953],[-118.98845371,51.69358278],[-118.98891399,51.69349305],[-118.98931939,51.69338944],[-118.98967956,51.69323847],[-118.99007859,51.69306187],[-118.99053972,51.69291304],[-118.99097629,51.6927457],[-118.99138774,51.69255984],[-118.99173734,51.69228425],[-118.99204986,51.69203324],[-118.99242671,51.6918399],[-118.99282005,51.69168146],[-118.99321267,51.69160882],[-118.99359182,51.6915693],[-118.99392725,51.69151162],[-118.99421303,51.69143898],[-118.99456003,51.69135424],[-118.99495022,51.69131258],[-118.99538474,51.69131401],[-118.99553657,51.69136849],[-118.99569238,51.69140765],[-118.99602369,51.69147993],[-118.99623382,51.6915426],[-118.99661709,51.69170673],[-118.99681681,51.69175124],[-118.99710836,51.69175836],[-118.99736502,51.69171813]]]},"geometry_name":"SHAPE","properties":{"id":321,"slug":"salmon-arm-shuswap","name":"Salmon Arm-Shuswap","abbreviation":"SHU","gazetteDate":"2023-12-07Z","boundarySet":11},"bbox":[-119.76403093,50.15150966,-118.26531195,51.69919558]}
