{"type":"Feature","id":322,"geometry":{"type":"Polygon","coordinates":[[[-130.03700627,55.87182784],[-130.08338171,55.82171311],[-130.12465466,55.80564839],[-130.12862595,55.79999997],[-130.15230056,55.7662925],[-130.14765665,55.71491023],[-130.13082931,55.70000018],[-130.11155704,55.68290717],[-130.12479552,55.60000003],[-130.12781543,55.58103989],[-130.09069887,55.49999988],[-130.08977736,55.49798249],[-130.04116171,55.4517288],[-130.0210956,55.33792307],[-130.00000007,55.3201169],[-129.97663837,55.30037486],[-129.97658777,55.29999994],[-129.97415735,55.28192174],[-129.99999963,55.26402975],[-130.10284555,55.19261242],[-130.14613411,55.14285517],[-130.15243776,55.12462849],[-130.18089611,55.09126746],[-130.18757503,55.06285555],[-130.24828698,55.0000002],[-130.2485516,54.99972569],[-130.27334201,54.97399485],[-130.34596997,54.91775532],[-130.37673898,54.90000005],[-130.38786612,54.89357331],[-130.40000327,54.88656015],[-130.42275293,54.87340401],[-130.45442805,54.85132521],[-130.48029412,54.8366943],[-130.55281931,54.79999991],[-130.56824475,54.79218135],[-130.60000386,54.78634708],[-130.63671706,54.77958992],[-130.65906999,54.76307728],[-130.62574581,54.73808988],[-130.62866503,54.72474789],[-130.61568307,54.70747365],[-130.61566133,54.70000011],[-130.61562339,54.68679484],[-130.60000354,54.68680908],[-130.40000288,54.68681158],[-130.37381829,54.68678737],[-130.37364853,54.68697038],[-130.37344711,54.6871071],[-130.37324516,54.68724347],[-130.37304375,54.68738019],[-130.37284391,54.68751798],[-130.3726475,54.68765685],[-130.37245488,54.68779784],[-130.37226507,54.68793991],[-130.37207641,54.68808233],[-130.3718888,54.68822546],[-130.37170171,54.68836895],[-130.37151524,54.68851244],[-130.3713293,54.68865628],[-130.37114389,54.68880049],[-130.37095909,54.68894469],[-130.37077368,54.68908889],[-130.37058826,54.68923309],[-130.37040285,54.68937729],[-130.3702169,54.68952113],[-130.37003096,54.68966498],[-130.36984396,54.68980811],[-130.36965573,54.68995125],[-130.36946697,54.69009402],[-130.36927715,54.69023609],[-130.3690868,54.6903778],[-130.36889584,54.69051951],[-130.36870435,54.69066086],[-130.36851172,54.69080186],[-130.36831908,54.69094285],[-130.36812592,54.69108349],[-130.36793284,54.69122378],[-130.36773854,54.69136406],[-130.36754423,54.69150435],[-130.36734886,54.69164392],[-130.36715349,54.69178349],[-130.36695813,54.69192306],[-130.36676162,54.69206228],[-130.36656511,54.6922015],[-130.36637027,54.69234143],[-130.36617842,54.6924842],[-130.36598762,54.69262769],[-130.36579691,54.69277082],[-130.36560339,54.69291289],[-130.36540617,54.69305246],[-130.36520253,54.69318812],[-130.3649915,54.69331879],[-130.36477035,54.69344305],[-130.36453864,54.69356019],[-130.36429743,54.69367092],[-130.36404883,54.69377667],[-130.36379319,54.6938785],[-130.3635335,54.69397677],[-130.36326994,54.69407326],[-130.36300427,54.69416833],[-130.36273816,54.69426268],[-130.36247301,54.69435811],[-130.36220936,54.69445495],[-130.36195002,54.69455429],[-130.36169534,54.69465719],[-130.361447,54.69476436],[-130.36120595,54.69487687],[-130.36096966,54.69499259],[-130.36073706,54.6951108],[-130.36050701,54.69523115],[-130.36028012,54.69535363],[-130.36005535,54.69547753],[-130.35983268,54.69560286],[-130.35961108,54.69572891],[-130.35939052,54.69585566],[-130.35916988,54.69598277],[-130.35894924,54.69610988],[-130.35872806,54.69623664],[-130.35850592,54.69636232],[-130.3582822,54.69648694],[-130.35805689,54.69661049],[-130.35783149,54.6967344],[-130.35760777,54.69685902],[-130.35738342,54.69698364],[-130.3571597,54.69710825],[-130.35693544,54.69723252],[-130.35670951,54.69735607],[-130.35648261,54.69747855],[-130.3562536,54.69759961],[-130.35602187,54.69771924],[-130.35578766,54.69783638],[-130.35555117,54.69795281],[-130.35531442,54.69807031],[-130.35507713,54.69818745],[-130.35483817,54.69830388],[-130.35459763,54.69841924],[-130.35435506,54.69853282],[-130.3541095,54.69864355],[-130.35386096,54.69875144],[-130.35360853,54.69885505],[-130.35335163,54.69895439],[-130.35309041,54.69904874],[-130.35282233,54.69913597],[-130.35254589,54.69921466],[-130.3522625,54.69928658],[-130.35197419,54.69935352],[-130.35168191,54.69941654],[-130.35138771,54.69947743],[-130.35109306,54.6995376],[-130.35079884,54.69959848],[-130.35050701,54.69966222],[-130.35021931,54.69972916],[-130.34993239,54.69979787],[-130.34964583,54.69986766],[-130.34935971,54.69993816],[-130.34910836,54.70000011],[-130.34907358,54.70000866],[-130.34878693,54.7000788],[-130.34850045,54.70014823],[-130.34821257,54.70021588],[-130.34792442,54.7002821],[-130.34763495,54.70034619],[-130.34734373,54.70040744],[-130.34705083,54.70046547],[-130.34675573,54.70051995],[-130.34645694,54.70057193],[-130.34615489,54.70061964],[-130.34585091,54.70066272],[-130.34554526,54.70070011],[-130.34523874,54.70073109],[-130.34493231,54.70075423],[-130.34462606,54.70076918],[-130.34431797,54.70077417],[-130.34400628,54.70076883],[-130.34369442,54.70075423],[-130.34338274,54.70073144],[-130.34307407,54.70070153],[-130.34276953,54.70066486],[-130.34247179,54.70062071],[-130.34218189,54.70055983],[-130.34189799,54.70048719],[-130.34161541,54.70040922],[-130.34133187,54.70033266],[-130.34104365,54.70026501],[-130.34075085,54.70020591],[-130.34045691,54.70014645],[-130.34016279,54.7000877],[-130.33986788,54.70002966],[-130.33971378,54.70000011],[-130.33957261,54.69997305],[-130.33927621,54.69991858],[-130.33897848,54.69986695],[-130.33867995,54.69981852],[-130.33837975,54.69977437],[-130.33807849,54.6997345],[-130.33777502,54.69970103],[-130.33746926,54.69967432],[-130.33716156,54.69965296],[-130.33685227,54.69963551],[-130.33654227,54.69962092],[-130.3362313,54.69960774],[-130.33592086,54.69959492],[-130.33561078,54.69958068],[-130.33530122,54.6995643],[-130.33499255,54.69954686],[-130.33468378,54.69952977],[-130.3343745,54.69951232],[-130.33406574,54.69949523],[-130.3337568,54.69947885],[-130.33344777,54.69946283],[-130.33313848,54.69944787],[-130.33282901,54.69943363],[-130.33251919,54.69942081],[-130.33220972,54.69940906],[-130.33190016,54.69939767],[-130.33158999,54.69938628],[-130.33128034,54.69937524],[-130.3309699,54.69936491],[-130.33065999,54.69935494],[-130.33034973,54.6993464],[-130.33003972,54.69933928],[-130.32972937,54.69933358],[-130.3294191,54.69933002],[-130.329109,54.69932824],[-130.32879943,54.69932931],[-130.32848924,54.69933287],[-130.32817966,54.69933892],[-130.32787008,54.69934747],[-130.32756005,54.69935779],[-130.32725029,54.69936954],[-130.32694079,54.69938272],[-130.32663111,54.6993966],[-130.32632135,54.69941084],[-130.32601211,54.69942544],[-130.32570234,54.69943969],[-130.32539266,54.69945357],[-130.32508325,54.69946639],[-130.3247727,54.69947636],[-130.32446109,54.69948312],[-130.32414896,54.69948953],[-130.32383753,54.69949808],[-130.32352758,54.69951054],[-130.32322019,54.69953012],[-130.32291612,54.69955861],[-130.32261512,54.69959706],[-130.32231587,54.69964335],[-130.32201872,54.69969604],[-130.32172385,54.69975444],[-130.321431,54.6998171],[-130.32114096,54.69988333],[-130.32085286,54.69995169],[-130.32065536,54.70000011],[-130.32056748,54.70002147],[-130.32028201,54.70009162],[-130.31999636,54.70016247],[-130.31971115,54.70023404],[-130.319427,54.70030632],[-130.31914257,54.70037966],[-130.31885983,54.70045372],[-130.31857742,54.70052885],[-130.3182959,54.7006054],[-130.31801596,54.70068302],[-130.3177369,54.70076206],[-130.31745932,54.70084253],[-130.31718378,54.70092478],[-130.31690972,54.70100845],[-130.31663768,54.7010939],[-130.31636951,54.70118363],[-130.31610425,54.70127656],[-130.31584249,54.70137269],[-130.31558205,54.70147096],[-130.31532372,54.70157066],[-130.31506575,54.70167142],[-130.31480838,54.70177218],[-130.31455049,54.70187259],[-130.31429163,54.70197193],[-130.31403066,54.70206984],[-130.31376784,54.70216527],[-130.31350204,54.70225784],[-130.31323368,54.70234828],[-130.31296339,54.70243658],[-130.31269213,54.70252381],[-130.31241938,54.70260962],[-130.31214557,54.70269472],[-130.31187194,54.7027791],[-130.3115976,54.70286384],[-130.31132431,54.70294929],[-130.31105146,54.70303546],[-130.31077809,54.70312127],[-130.31050366,54.70320636],[-130.31022844,54.70328968],[-130.30995128,54.70337086],[-130.30967246,54.70344883],[-130.30939144,54.70352325],[-130.30910365,54.70359268],[-130.30880574,54.70365321],[-130.30850206,54.70369736],[-130.30819708,54.70371943],[-130.30789162,54.70371623],[-130.30758452,54.70369487],[-130.30727646,54.70366247],[-130.30696832,54.70362544],[-130.30666203,54.7035909],[-130.30635697,54.70355885],[-130.30605244,54.70352467],[-130.30574765,54.70348907],[-130.30544348,54.70345346],[-130.30513939,54.7034175],[-130.30483513,54.70338225],[-130.30453043,54.70334878],[-130.30422484,54.70331638],[-130.3039197,54.70328469],[-130.30361376,54.70325372],[-130.30330782,54.70322274],[-130.30300241,54.70319212],[-130.30269647,54.70316114],[-130.30239124,54.70312981],[-130.30208557,54.70309777],[-130.30178087,54.7030643],[-130.30147679,54.70302834],[-130.3011728,54.70299202],[-130.30086811,54.70295606],[-130.30056323,54.7029233],[-130.30025712,54.70289304],[-130.29994899,54.70286348],[-130.29964067,54.70283963],[-130.29933223,54.70282859],[-130.29901894,54.70282966],[-130.29870077,54.70284283],[-130.29839666,54.70287879],[-130.29812311,54.70295036],[-130.29787845,54.70305682],[-130.29764653,54.70318144],[-130.29741293,54.70330534],[-130.29716527,54.70341394],[-130.29691094,54.7035172],[-130.29665405,54.70361832],[-130.29639664,54.70371908],[-130.29614028,54.70382055],[-130.29588752,54.70392488],[-130.29564057,54.70403312],[-130.29539986,54.70414598],[-130.29516362,54.70426313],[-130.29493126,54.70438205],[-130.29469924,54.70450204],[-130.29446688,54.70462096],[-130.29423064,54.7047381],[-130.29398992,54.70485097],[-130.29374287,54.70495956],[-130.29349116,54.7050646],[-130.29323682,54.70516786],[-130.29298247,54.70527111],[-130.2927297,54.70537543],[-130.29248053,54.70548261],[-130.29224165,54.70559797],[-130.29200532,54.70571546],[-130.29176143,54.7058262],[-130.29150233,54.70592375],[-130.29123304,54.70601277],[-130.2909561,54.70609537],[-130.29067546,54.70617299],[-130.29039255,54.70624741],[-130.29010806,54.70631826],[-130.2898211,54.70638662],[-130.28953274,54.7064532],[-130.28924394,54.70651907],[-130.28895505,54.7065853],[-130.28866713,54.70665259],[-130.28837964,54.7067206],[-130.28809216,54.70678861],[-130.28780529,54.70685661],[-130.2875178,54.70692462],[-130.28723084,54.70699298],[-130.28694335,54.70706099],[-130.28665647,54.70712899],[-130.28636889,54.70719735],[-130.28608202,54.70726536],[-130.28579453,54.70733337],[-130.28550756,54.70740173],[-130.28522006,54.70746973],[-130.28493301,54.70753845],[-130.28464744,54.70760859],[-130.28436161,54.7076798],[-130.28407631,54.70775137],[-130.28379153,54.70782329],[-130.2835057,54.7078945],[-130.28321996,54.70796536],[-130.28293395,54.70803479],[-130.28264654,54.70810244],[-130.28235781,54.70816795],[-130.28206785,54.70823097],[-130.28177552,54.70829115],[-130.2814817,54.7083474],[-130.28118525,54.70839939],[-130.28088669,54.70844745],[-130.28058646,54.70849232],[-130.2802844,54.70853469],[-130.27998154,54.70857528],[-130.27967833,54.7086148],[-130.27937468,54.70865361],[-130.27907094,54.70869277],[-130.27876764,54.70873265],[-130.27846531,54.7087736],[-130.2781628,54.70881276],[-130.27785889,54.70885015],[-130.27755454,54.70888682],[-130.27725037,54.70892278],[-130.27694602,54.70895946],[-130.2766421,54.70899684],[-130.27633959,54.70903601],[-130.27603769,54.70907767],[-130.27573746,54.70912253],[-130.2754388,54.70917095],[-130.27514155,54.70922116],[-130.27484438,54.70927349],[-130.27454817,54.7093269],[-130.27425285,54.70938173],[-130.27395787,54.70943764],[-130.27366271,54.70949425],[-130.27336808,54.70955122],[-130.27307397,54.70960854],[-130.27277987,54.70966586],[-130.27248524,54.70972283],[-130.27219069,54.70977944],[-130.27189562,54.7098357],[-130.27159958,54.70989089],[-130.27130381,54.70994501],[-130.27100707,54.70999806],[-130.27071041,54.71005076],[-130.27041314,54.71010345],[-130.27011561,54.71015472],[-130.26981721,54.71020457],[-130.26951801,54.71025264],[-130.26921767,54.71029786],[-130.2689162,54.71034023],[-130.26861376,54.71037904],[-130.26830957,54.710415],[-130.26800477,54.71044847],[-130.26769926,54.7104798],[-130.26739298,54.71050935],[-130.26708572,54.71053784],[-130.26677917,54.71056596],[-130.26647217,54.71059338],[-130.26616509,54.71062115],[-130.26585828,54.71064786],[-130.26555077,54.71067242],[-130.26524246,54.71069521],[-130.26493425,54.71071764],[-130.26462542,54.71074007],[-130.26431764,54.71076322],[-130.26401013,54.71078779],[-130.26370384,54.71081485],[-130.26339798,54.71084511],[-130.26309361,54.71087929],[-130.2627902,54.71091703],[-130.26248784,54.71095798],[-130.26218652,54.71100213],[-130.26188573,54.71104913],[-130.26158731,54.71109897],[-130.2612902,54.71115096],[-130.26099423,54.71120579],[-130.26070264,54.71126525],[-130.26041939,54.71133824],[-130.26014096,54.71141907],[-130.25975513,54.71153015],[-130.25828616,54.71184206],[-130.258,54.71191184],[-130.25771332,54.71198127],[-130.25742629,54.71204964],[-130.2571389,54.71211693],[-130.25685002,54.7121828],[-130.25656036,54.71224689],[-130.25626937,54.71230884],[-130.25597681,54.71236973],[-130.25568389,54.71242954],[-130.2553901,54.71248794],[-130.25509481,54.7125449],[-130.25479935,54.71260009],[-130.25450249,54.7126535],[-130.25420483,54.71270513],[-130.25390648,54.71275462],[-130.25360743,54.71280197],[-130.25330768,54.71284719],[-130.25300486,54.71288493],[-130.25269898,54.7129152],[-130.25239171,54.71294119],[-130.2520832,54.71296469],[-130.25177461,54.71298854],[-130.25146768,54.7130156],[-130.25115829,54.71304266],[-130.25084257,54.71306296],[-130.25052729,54.71308397],[-130.25021904,54.71311387],[-130.24992491,54.71316123],[-130.24965167,54.71323351],[-130.24939545,54.71332893],[-130.24915169,54.71344109],[-130.24891917,54.71356499],[-130.24869482,54.71369566],[-130.24847804,54.71382812],[-130.24826883,54.71395986],[-130.24807105,54.71409765],[-130.2478825,54.71424043],[-130.24769878,54.71438605],[-130.24751665,54.71453274],[-130.2473325,54.71467766],[-130.2471472,54.71482221],[-130.24696578,54.71496855],[-130.24678655,54.71511596],[-130.24660793,54.71526336],[-130.24642765,54.71541006],[-130.24624349,54.71555497],[-130.24605441,54.71569739],[-130.24585891,54.7158359],[-130.245654,54.71597013],[-130.24543986,54.71609937],[-130.24521692,54.71622435],[-130.24498747,54.71634576],[-130.2447531,54.71646468],[-130.24451609,54.71658183],[-130.24427864,54.71669825],[-130.24404128,54.71681433],[-130.24380664,54.71693432],[-130.24357173,54.71705537],[-130.24333418,54.71717465],[-130.24309118,54.71728859],[-130.24284046,54.71739398],[-130.24257982,54.71748727],[-130.24230689,54.7175656],[-130.24202043,54.71762897],[-130.24172511,54.71768096],[-130.24142242,54.71772547],[-130.24111638,54.71776606],[-130.24081026,54.717807],[-130.24050642,54.71785115],[-130.24020801,54.71790314],[-130.23991426,54.71796117],[-130.23962173,54.7180217],[-130.2393299,54.71808437],[-130.23903895,54.71814846],[-130.23874843,54.71821326],[-130.23845844,54.71827841],[-130.23816792,54.71834322],[-130.23787696,54.71840731],[-130.23758574,54.71846997],[-130.23729365,54.71853121],[-130.23700103,54.7185896],[-130.23670666,54.71864515],[-130.23641071,54.71869713],[-130.23611266,54.7187452],[-130.23581173,54.71878508],[-130.23550729,54.71881677],[-130.23520014,54.71884205],[-130.23489089,54.71886341],[-130.23458103,54.71888228],[-130.23427012,54.71890044],[-130.2339606,54.71892038],[-130.23365214,54.71894352],[-130.23334472,54.71896987],[-130.23303739,54.71899586],[-130.23273007,54.71902185],[-130.23242291,54.71904962],[-130.23211706,54.71907953],[-130.23181218,54.719113],[-130.23150869,54.71915074],[-130.23120809,54.71919418],[-130.23090845,54.71924118],[-130.23060994,54.71929103],[-130.23031178,54.71934194],[-130.22988897,54.71943772],[-130.22959283,54.71949291],[-130.22929642,54.71954667],[-130.2290008,54.71960222],[-130.22870843,54.71966203],[-130.22842052,54.71972862],[-130.22813516,54.71979983],[-130.22785251,54.71987495],[-130.22757373,54.71995435],[-130.22729995,54.72003838],[-130.22703477,54.72013238],[-130.22678066,54.72023635],[-130.22653604,54.72034672],[-130.2263002,54.72046386],[-130.22607333,54.72058706],[-130.22585517,54.72071488],[-130.22564667,54.7208484],[-130.22544486,54.72098477],[-130.22524349,54.72112185],[-130.22504422,54.72126035],[-130.22486466,54.72140633],[-130.22470621,54.72156157],[-130.22458005,54.72172571],[-130.22446278,54.72189377],[-130.22435546,54.72206396],[-130.22427146,54.722237],[-130.22422454,54.72241218],[-130.22421495,54.72259092],[-130.22422825,54.7227718],[-130.22425142,54.72295267],[-130.22427054,54.72313248],[-130.22429169,54.72331157],[-130.22431522,54.72349102],[-130.2243407,54.72367012],[-130.22436678,54.72384921],[-130.22439203,54.72401691],[-130.22078679,54.72400872],[-130.21703315,54.72399982],[-130.21647095,54.72412266],[-130.2161717,54.72417037],[-130.21587105,54.7242163],[-130.21556971,54.7242576],[-130.21534342,54.7243808],[-130.21508962,54.72448334],[-130.21481993,54.72457306],[-130.21456507,54.72467739],[-130.21429916,54.72476676],[-130.21399137,54.72475251],[-130.2136838,54.7247251],[-130.21337292,54.72471833],[-130.21306809,54.72474397],[-130.21276524,54.72478634],[-130.21245766,54.72482052],[-130.21215001,54.72485007],[-130.21184283,54.72486538],[-130.21153073,54.72485114],[-130.21123268,54.7247956],[-130.21097394,54.72470124],[-130.21073139,54.72458659],[-130.21050243,54.72446198],[-130.21028476,54.72433415],[-130.21007945,54.72419885],[-130.20988613,54.7240575],[-130.20971081,54.72390831],[-130.20956029,54.72374631],[-130.20939872,54.72359392],[-130.20916178,54.72349138],[-130.20884496,54.72346895],[-130.2085334,54.72345755],[-130.20822031,54.72345221],[-130.20790966,54.72345684],[-130.20760407,54.72347571],[-130.20730534,54.72352627],[-130.2070185,54.72360068],[-130.20674563,54.72368578],[-130.20647908,54.72377764],[-130.20621463,54.72387342],[-130.20595141,54.7239692],[-130.20568459,54.72406213],[-130.20541339,54.72414794],[-130.20513148,54.72422235],[-130.20483921,54.72428395],[-130.20454161,54.72433736],[-130.20424269,54.72438614],[-130.20393487,54.72441142],[-130.20335637,54.72441711],[-130.20304762,54.7244043],[-130.20274166,54.72437296],[-130.20243211,54.72436335],[-130.20212146,54.72436549],[-130.20181236,54.72437866],[-130.20150579,54.72437189],[-130.20119496,54.72437474],[-130.20088776,54.72439753],[-130.20058835,54.72443598],[-130.2003189,54.72451966],[-130.20004751,54.72460618],[-130.20000235,54.72462398],[-130.19979245,54.72470623],[-130.19950538,54.72476676],[-130.19926262,54.72487678],[-130.19905307,54.72500923],[-130.1988415,54.7251399],[-130.19862519,54.72526737],[-130.1983883,54.72538344],[-130.19809694,54.725434],[-130.19781124,54.72550378],[-130.19752536,54.72557428],[-130.19729972,54.72569712],[-130.1970928,54.72583135],[-130.19686874,54.72595526],[-130.19666675,54.72609198],[-130.19646924,54.72623049],[-130.19627999,54.72637291],[-130.19609295,54.7265164],[-130.1959059,54.72665989],[-130.19571762,54.72680338],[-130.19553496,54.72695149],[-130.19534281,54.7270932],[-130.19512165,54.72721533],[-130.19486139,54.72731146],[-130.19458084,54.72739264],[-130.19430055,54.72747275],[-130.19401192,54.72754432],[-130.19372927,54.72761909],[-130.1934916,54.7277284],[-130.19330294,54.72787581],[-130.19306445,54.72799081],[-130.19279764,54.72809585],[-130.1925156,54.72817062],[-130.19222107,54.72818949],[-130.19191559,54.72816599],[-130.19160312,54.72812611],[-130.19129132,54.72809585],[-130.19097969,54.72809193],[-130.19066169,54.72809869],[-130.19034961,54.72812113],[-130.19005631,54.72816706],[-130.18981055,54.72826924],[-130.1895895,54.72840561],[-130.18933125,54.72850353],[-130.18902566,54.72858364],[-130.18871439,54.72862743],[-130.18843616,54.7285961],[-130.1881811,54.72851172],[-130.18793627,54.72839885],[-130.18769555,54.72827209],[-130.18731026,54.72807769],[-130.18698513,54.72783771],[-130.18679521,54.72769529],[-130.18661208,54.72755037],[-130.18644413,54.72739905],[-130.18627689,54.72724737],[-130.18609023,54.72710424],[-130.18588409,54.72697001],[-130.1856753,54.72683649],[-130.18546077,54.72670617],[-130.18526292,54.72656838],[-130.18509164,54.72641813],[-130.18492794,54.72626467],[-130.18474748,54.72611904],[-130.18455,54.72597733],[-130.18434487,54.72583669],[-130.184124,54.72570958],[-130.18387777,54.7256074],[-130.18359722,54.72554117],[-130.18329228,54.72549844],[-130.18298195,54.72545999],[-130.18268331,54.72540694],[-130.18240131,54.72533181],[-130.18212851,54.72524458],[-130.18186058,54.72515272],[-130.18160008,54.72505338],[-130.18136536,54.72493731],[-130.18115925,54.72480307],[-130.18096338,54.72466243],[-130.18075958,54.72452642],[-130.18053158,54.72440572],[-130.1802838,54.72429748],[-130.1800295,54.72419316],[-130.17978182,54.72408456],[-130.17953794,54.72397312],[-130.17929079,54.72386488],[-130.17903622,54.72376162],[-130.17877116,54.72366335],[-130.17851703,54.72356081],[-130.17838837,54.72340308],[-130.17829571,54.72322719],[-130.17814459,54.72307052],[-130.17797354,54.72291956],[-130.17774451,54.72280064],[-130.17747909,54.72270628],[-130.17721129,54.72261157],[-130.17694378,54.7225133],[-130.17667146,54.72242678],[-130.17638788,54.72238014],[-130.17607602,54.72242393],[-130.17576507,54.72245918],[-130.17548478,54.72240684],[-130.17521319,54.72231498],[-130.1749339,54.72223416],[-130.17464518,54.72217612],[-130.17433921,54.72215725],[-130.17404264,54.72210348],[-130.17374882,54.72204367],[-130.17346031,54.72197744],[-130.17319384,54.72188487],[-130.17291216,54.72180867],[-130.17263605,54.72172749],[-130.17238791,54.72161356],[-130.17212839,54.72152526],[-130.17182025,54.72156407],[-130.17154317,54.72164845],[-130.1713585,54.72179194],[-130.17129432,54.72197353],[-130.17112646,54.72209921],[-130.17081945,54.72216045],[-130.1705233,54.72221279],[-130.17022252,54.72225908],[-130.16992183,54.72230501],[-130.16961719,54.72234703],[-130.16931833,54.72239545],[-130.16904735,54.7224752],[-130.16882618,54.72260445],[-130.16862013,54.72273975],[-130.16836697,54.72285155],[-130.16807362,54.72282663],[-130.16777241,54.72276681],[-130.16748181,54.72269667],[-130.1672058,54.72261264],[-130.16694968,54.72251081],[-130.16672733,54.72238263],[-130.16658463,54.72222454],[-130.16653292,54.72204545],[-130.16660379,54.72182754],[-130.16661523,54.72166946],[-130.16640941,54.7216691],[-130.16610259,54.72174672],[-130.16577595,54.72184428],[-130.16550084,54.72194041],[-130.16520788,54.72196783],[-130.164894,54.7219486],[-130.16458184,54.72193721],[-130.16426982,54.72193258],[-130.1639753,54.72197602],[-130.16368885,54.72204616],[-130.16338068,54.72206788],[-130.1630732,54.72209423],[-130.16277067,54.72213517],[-130.16246971,54.72217968],[-130.16216998,54.72222668],[-130.1618698,54.72227297],[-130.16156962,54.72231925],[-130.16127014,54.72236768],[-130.16097337,54.72242002],[-130.16068088,54.72247983],[-130.16039504,54.72254997],[-130.16010945,54.72262154],[-130.15981846,54.72268278],[-130.15951696,54.72272693],[-130.15921486,54.72276859],[-130.15891163,54.7228074],[-130.15860701,54.72284194],[-130.15830047,54.72287185],[-130.15799394,54.72289926],[-130.15768741,54.72292917],[-130.15739247,54.722984],[-130.15710232,54.72304916],[-130.15682593,54.7231307],[-130.15654463,54.72320725],[-130.15625965,54.72327881],[-130.15597196,54.72334646],[-130.15568532,54.72341483],[-130.15539798,54.72348354],[-130.15511116,54.72355262],[-130.15482583,54.72362312],[-130.15454321,54.72369753],[-130.15426103,54.72377266],[-130.15398227,54.72385135],[-130.153695,54.7239222],[-130.15341573,54.72399555],[-130.15322166,54.7241369],[-130.15305064,54.72428715],[-130.15289262,54.72444204],[-130.15274429,54.72460012],[-130.15256438,54.72474646],[-130.15238456,54.72489244],[-130.15222267,54.72504804],[-130.15209289,54.72521075],[-130.15202331,54.72538415],[-130.15198735,54.7255636],[-130.15194531,54.7257427],[-130.15186226,54.72591574],[-130.15174629,54.72608237],[-130.15160886,54.72624366],[-130.15146624,54.72640353],[-130.15131965,54.72656197],[-130.15117941,54.7267222],[-130.15104602,54.72688456],[-130.15091378,54.72704727],[-130.15077749,54.72720892],[-130.15062985,54.72736665],[-130.15046841,54.72752047],[-130.15030696,54.72767428],[-130.15016109,54.72783237],[-130.15003447,54.72799722],[-130.14991375,54.72816314],[-130.14977931,54.72832479],[-130.14961469,54.72847896],[-130.14940411,54.72860999],[-130.1491502,54.72871716],[-130.14887165,54.72880225],[-130.14876323,54.72881899],[-130.14857653,54.72884783],[-130.14826937,54.72886777],[-130.14795593,54.72887596],[-130.14764223,54.72888272],[-130.1473335,54.7288991],[-130.14706438,54.72894183],[-130.14676966,54.72888059],[-130.14645822,54.72887346],[-130.14614867,54.72885887],[-130.14584832,54.72881507],[-130.14555129,54.7287606],[-130.1452514,54.72871253],[-130.14494669,54.7286787],[-130.14463985,54.72865093],[-130.14433086,54.72862921],[-130.14402149,54.7286139],[-130.14371146,54.72860607],[-130.14340062,54.72860393],[-130.14309011,54.72860536],[-130.14277925,54.7286082],[-130.14246899,54.72861355],[-130.14215863,54.72862174],[-130.14184853,54.72863135],[-130.14153877,54.72864203],[-130.14122909,54.72865485],[-130.14091914,54.72866873],[-130.14060954,54.72868369],[-130.14030055,54.72869864],[-130.13999112,54.72871538],[-130.1396816,54.72873247],[-130.13937208,54.72874707],[-130.13906242,54.72875739],[-130.13875197,54.72876344],[-130.1384412,54.72876594],[-130.1381308,54.72876202],[-130.13782088,54.72875134],[-130.13751197,54.72873176],[-130.13720396,54.72870861],[-130.13689338,54.7287079],[-130.13658395,54.72870505],[-130.13627667,54.72867657],[-130.13597617,54.72863099],[-130.13568224,54.72857402],[-130.13539116,54.72851065],[-130.13510195,54.72844478],[-130.13481319,54.72837713],[-130.13453717,54.72829559],[-130.13428516,54.72818984],[-130.13403464,54.72808303],[-130.13375934,54.72800114],[-130.13346073,54.72794808],[-130.13315368,54.7279285],[-130.13284135,54.72792743],[-130.13253109,54.72793277],[-130.13222064,54.72794132],[-130.13191071,54.72795271],[-130.13160015,54.72794702],[-130.13127674,54.72792387],[-130.13102836,54.72785017],[-130.13099465,54.72766858],[-130.13098271,54.72748379],[-130.13096459,54.72730399],[-130.13093721,54.72712418],[-130.13084408,54.72695577],[-130.13065869,54.72681085],[-130.13044346,54.72668161],[-130.13018194,54.72657942],[-130.13005699,54.72643201],[-130.13001052,54.72625221],[-130.12984022,54.72610373],[-130.12972276,54.72594137],[-130.12960671,54.7257783],[-130.12953246,54.72560597],[-130.12933507,54.7254696],[-130.12909971,54.72535175],[-130.12888671,54.72522108],[-130.12860773,54.72514168],[-130.12838236,54.72501849],[-130.12813666,54.72490989],[-130.1278662,54.72482123],[-130.12759901,54.72472937],[-130.12734518,54.72462612],[-130.12709525,54.72451966],[-130.12684302,54.72441498],[-130.12661608,54.72429071],[-130.12636737,54.72418675],[-130.12607432,54.72412408],[-130.1257763,54.72406889],[-130.12548714,54.72400552],[-130.1252214,54.72390796],[-130.12503382,54.72377195],[-130.12497127,54.7235925],[-130.12487847,54.72342052],[-130.12479969,54.72324677],[-130.12475448,54.72306945],[-130.12472647,54.72289],[-130.124704,54.72271055],[-130.12468329,54.72253146],[-130.12466637,54.72235201],[-130.12465325,54.7221722],[-130.12464743,54.72199275],[-130.12465157,54.72181295],[-130.12465571,54.72163314],[-130.12464681,54.72145369],[-130.12462127,54.72127424],[-130.1245819,54.72109586],[-130.12452042,54.72091961],[-130.12446078,54.72074337],[-130.12445929,54.72056391],[-130.12444522,54.72038304],[-130.12433754,54.72021641],[-130.12417272,54.72006366],[-130.12397489,54.71992444],[-130.12376912,54.71978986],[-130.12356184,54.71965634],[-130.12336579,54.71951498],[-130.12315135,54.71938787],[-130.12287421,54.71930883],[-130.12258663,54.71923691],[-130.12231642,54.71914754],[-130.12204337,54.71906209],[-130.12174848,54.7190069],[-130.12143896,54.71897058],[-130.12114193,54.71898482],[-130.1208847,54.7190952],[-130.12060863,54.71915573],[-130.12029372,54.71913828],[-130.11999162,54.71917745],[-130.11969681,54.71923406],[-130.11940769,54.71929744],[-130.11909692,54.7192953],[-130.11878605,54.71929601],[-130.11848524,54.71933981],[-130.11820432,54.71941707],[-130.11791279,54.71947048],[-130.11760737,54.71950323],[-130.11731745,54.71956732],[-130.11700745,54.71956946],[-130.11668622,54.71959403],[-130.11638607,54.71959866],[-130.11616884,54.71948508],[-130.11598126,54.71932984],[-130.11577633,54.71919205],[-130.11556776,54.71905888],[-130.11539725,54.71890934],[-130.11524465,54.71875232],[-130.11508474,54.71859744],[-130.11488906,54.71845964],[-130.11466196,54.71833645],[-130.11449507,54.71818477],[-130.11430594,54.71804306],[-130.11407592,54.71792165],[-130.11381477,54.71782338],[-130.11365785,54.71771763],[-130.11323004,54.71722094],[-130.11323143,54.71716433],[-130.11315245,54.71699663],[-130.11293801,54.71686489],[-130.11268855,54.716757],[-130.11243999,54.71664805],[-130.112319,54.7164686],[-130.11210344,54.71639241],[-130.11177823,54.71642303],[-130.11146247,54.71645044],[-130.11119998,54.71653767],[-130.11095711,54.71665695],[-130.11066144,54.71662206],[-130.1103429,54.71662633],[-130.11012604,54.7165188],[-130.10988377,54.71640451],[-130.10959023,54.71635146],[-130.10928031,54.71632903],[-130.10896993,54.71632547],[-130.10866057,54.7163422],[-130.10835008,54.71635609],[-130.10803931,54.71635894],[-130.107728,54.71636143],[-130.10741911,54.71637389],[-130.10711355,54.71640237],[-130.10680969,54.71644118],[-130.10650825,54.71648747],[-130.1062111,54.71653874],[-130.10591968,54.71660141],[-130.10563639,54.71667582],[-130.10536692,54.71676377],[-130.10496658,54.71691331],[-130.1046566,54.71690085],[-130.1043466,54.71689088],[-130.10403642,54.71689622],[-130.10372613,54.7169069],[-130.10342299,54.71686987],[-130.10315009,54.71678406],[-130.10287872,54.7166922],[-130.10259122,54.71663238],[-130.10228111,54.71661316],[-130.10196937,54.71661494],[-130.10166181,54.71663915],[-130.10135372,54.71666301],[-130.1010432,54.71666728],[-130.10073293,54.71667297],[-130.10042283,54.71666585],[-130.10011702,54.71663452],[-130.09980867,54.71661565],[-130.09949792,54.71661351],[-130.09918765,54.71661921],[-130.09887856,54.71663488],[-130.09857236,54.71666585],[-130.09827007,54.71670573],[-130.09796569,54.71674169],[-130.09765872,54.7167684],[-130.09735056,54.71679012],[-130.0970417,54.7168097],[-130.09673226,54.7168243],[-130.09642367,54.71684281],[-130.09611921,54.71687664],[-130.09582395,54.71693254],[-130.09553488,54.71699805],[-130.09524354,54.71706036],[-130.09494749,54.71711448],[-130.09465004,54.71716682],[-130.09435418,54.71722023],[-130.09405969,54.71727791],[-130.09376853,54.7173395],[-130.09347945,54.71740502],[-130.09319439,54.71747658],[-130.09291928,54.7175599],[-130.09267133,54.71766743],[-130.09245283,54.7177949],[-130.09217344,54.71787323],[-130.09187147,54.71791667],[-130.09156708,54.71795263],[-130.09126755,54.71799856],[-130.09099244,54.71808187],[-130.09073203,54.71818014],[-130.09047426,54.71828019],[-130.09020501,54.71836956],[-130.08992099,54.71844184],[-130.08961997,54.71848635],[-130.08930961,54.71848991],[-130.08900135,54.71846819],[-130.08870046,54.71842475],[-130.08841977,54.71834784],[-130.08815362,54.71825492],[-130.08786902,54.7181837],[-130.08756876,54.71813777],[-130.08726993,54.71808864],[-130.08697342,54.71803523],[-130.08692812,54.71802669],[-130.08667877,54.71797933],[-130.08640253,54.71789708],[-130.08621658,54.71779668],[-130.08617533,54.7177746],[-130.08598931,54.71763076],[-130.08583005,54.71747623],[-130.08568746,54.71731672],[-130.08564295,54.71718854],[-130.08562679,54.71714047],[-130.08553863,54.71696814],[-130.0853807,54.71681326],[-130.08519469,54.71666941],[-130.08510398,54.71661636],[-130.08497626,54.71654159],[-130.08472953,54.716433],[-130.08449891,54.71631194],[-130.08450494,54.71613284],[-130.0844494,54.71595588],[-130.08432809,54.71579032],[-130.08418553,54.71563081],[-130.08412267,54.71557491],[-130.08401625,54.7154624],[-130.08401795,54.71530039],[-130.08405708,54.71512201],[-130.08406568,54.71494256],[-130.08406634,54.71476275],[-130.0840428,54.71458366],[-130.08393191,54.71441596],[-130.08374947,54.71427033],[-130.08355316,54.71413076],[-130.08335111,54.71399439],[-130.08314624,54.71385945],[-130.08294287,54.71372344],[-130.08274083,54.71358707],[-130.08254012,54.71345034],[-130.08234029,54.71331255],[-130.08213834,54.71317583],[-130.08193551,54.71304017],[-130.08174267,54.71289918],[-130.08156422,54.71275248],[-130.08145733,54.71258371],[-130.08126247,54.71244343],[-130.08108058,54.71229816],[-130.08093939,54.71213829],[-130.08081172,54.71206103],[-130.08072403,54.71200833],[-130.08050671,54.71188122],[-130.08044762,54.71170391],[-130.08043838,54.7116651],[-130.08040597,54.71152588],[-130.08036114,54.71134821],[-130.0802853,54.71117375],[-130.08017323,54.71100605],[-130.08005913,54.71083906],[-130.07994178,54.71067278],[-130.07980537,54.71051113],[-130.07965961,54.71035233],[-130.07953758,54.71018748],[-130.07945665,54.71001373],[-130.07938655,54.70983855],[-130.07931707,54.70966337],[-130.07924504,54.70948855],[-130.07916403,54.70931515],[-130.07903081,54.70915315],[-130.07882883,54.70901678],[-130.07859007,54.70890142],[-130.07836591,54.70877716],[-130.0781475,54.70864969],[-130.07794774,54.7085119],[-130.0777735,54.70836343],[-130.07757691,54.70822528],[-130.07730301,54.70813911],[-130.07704957,54.7080355],[-130.07681287,54.70791943],[-130.07656652,54.70780976],[-130.07631459,54.70770508],[-130.07605797,54.70760432],[-130.07583525,54.70747935],[-130.07554547,54.70744837],[-130.07526997,54.7075381],[-130.07497454,54.70759471],[-130.07468943,54.70766165],[-130.07448087,54.70779588],[-130.07431181,54.70794684],[-130.07413388,54.70809389],[-130.07390744,54.70821602],[-130.07362927,54.70829684],[-130.07336274,54.70838764],[-130.07316102,54.708524],[-130.07308166,54.70862762],[-130.07303403,54.70868886],[-130.07292813,54.70885798],[-130.07268658,54.70882879],[-130.07250579,54.70867461],[-130.07239279,54.70863189],[-130.07225055,54.70857812],[-130.07193804,54.70856139],[-130.07162828,54.7085532],[-130.07131894,54.70853611],[-130.07100958,54.70852151],[-130.07069982,54.70851332],[-130.07038959,54.70850941],[-130.07007882,54.70850763],[-130.06976848,54.70850656],[-130.06945832,54.70850478],[-130.06914819,54.7085005],[-130.06883807,54.70849374],[-130.06852787,54.70848484],[-130.06821814,54.70847416],[-130.06790805,54.70846241],[-130.06759886,54.70844959],[-130.06728906,54.70843428],[-130.0669808,54.70841541],[-130.06667146,54.70839832],[-130.0663619,54.70838692],[-130.06605155,54.70838835],[-130.0657448,54.70841434],[-130.06544615,54.70846419],[-130.06515054,54.70851902],[-130.06491189,54.70856317],[-130.06484982,54.70857456],[-130.06462789,54.7085119],[-130.0645902,54.70838158],[-130.06457442,54.70832497],[-130.06448519,54.70815264],[-130.0644061,54.70797924],[-130.06433273,54.70780513],[-130.06421036,54.70763957],[-130.06407069,54.70747899],[-130.06390543,54.70732696],[-130.06371341,54.7071856],[-130.06349435,54.70705849],[-130.06323281,54.70696272],[-130.06293268,54.70691678],[-130.06262328,54.70689756],[-130.0623155,54.70687441],[-130.06222029,54.70686836],[-130.06200813,54.70685448],[-130.06169659,54.70686302],[-130.0613922,54.70684593],[-130.06112758,54.70675015],[-130.06094589,54.70660702],[-130.06086869,54.70643113],[-130.06076987,54.70626272],[-130.06058089,54.70611923],[-130.06038404,54.70598001],[-130.06018427,54.70584257],[-130.0599839,54.70570514],[-130.05977485,54.70557269],[-130.05954796,54.70544985],[-130.0593077,54.70533591],[-130.05904866,54.70523764],[-130.0587727,54.70515504],[-130.05850657,54.70506282],[-130.05825171,54.70496028],[-130.05798728,54.70486628],[-130.05771557,54.70477905],[-130.05744369,54.70469253],[-130.05716506,54.70461313],[-130.05687701,54.70454654],[-130.05660121,54.70446572],[-130.05634513,54.70436318],[-130.056064,54.70428876],[-130.05577243,54.70423357],[-130.05562115,54.70408012],[-130.05561755,54.70389853],[-130.05564175,54.70371908],[-130.05565856,54.70353963],[-130.05565512,54.70335982],[-130.05565291,54.70318001],[-130.05565124,54.70300056],[-130.05565089,54.70282076],[-130.05565213,54.70267335],[-130.05565238,54.70264095],[-130.05565142,54.70246115],[-130.05565036,54.70228169],[-130.05566049,54.70210189],[-130.05569614,54.70192351],[-130.05576846,54.70174868],[-130.05585916,54.70157671],[-130.05594626,54.70140438],[-130.05603345,54.7012317],[-130.0561194,54.70105901],[-130.05618874,54.70088383],[-130.05622378,54.70070545],[-130.05624174,54.70052636],[-130.05627924,54.70034797],[-130.05622994,54.70017173],[-130.05609125,54.70000047],[-130.05599635,54.69989187],[-130.05584118,54.6997345],[-130.05564168,54.69959635],[-130.05545418,54.69945464],[-130.05538321,54.69926914],[-130.05525069,54.69912209],[-130.05496955,54.69905515],[-130.05464957,54.69901491],[-130.05434873,54.6989697],[-130.05404699,54.69892555],[-130.05374356,54.69888567],[-130.05343892,54.69885291],[-130.05313192,54.69882941],[-130.05282293,54.69881125],[-130.05251163,54.69879737],[-130.0522002,54.69878882],[-130.05188916,54.69878597],[-130.05158009,54.69878989],[-130.05127462,54.69881588],[-130.05097417,54.69887534],[-130.05067445,54.69891985],[-130.05037413,54.69890881],[-130.05007411,54.69886039],[-130.04977389,54.69880306],[-130.04947012,54.69876212],[-130.04916432,54.6987315],[-130.04885762,54.69870444],[-130.04854966,54.69867987],[-130.04824177,54.69865744],[-130.04793202,54.6986375],[-130.04762233,54.69864142],[-130.0473326,54.6987023],[-130.04704968,54.69877992],[-130.04677019,54.69885861],[-130.04648304,54.69892626],[-130.04618234,54.69897219],[-130.04587407,54.69898501],[-130.04556299,54.69898714],[-130.0452529,54.69899747],[-130.04494336,54.69901527],[-130.04463757,54.69904732],[-130.04433675,54.69909609],[-130.04408176,54.69919223],[-130.04385844,54.69932112],[-130.04362772,54.6994404],[-130.04333148,54.69948811],[-130.04303345,54.69954045],[-130.04274714,54.69961201],[-130.04247409,54.69969675],[-130.04223286,54.69980891],[-130.04200273,54.69993068],[-130.04194146,54.69996308],[-130.04187223,54.70000011],[-130.04177392,54.7000521],[-130.04152831,54.70016212],[-130.0412453,54.7002376],[-130.04093993,54.70026074],[-130.0406277,54.70026252],[-130.04031619,54.70026145],[-130.04000633,54.70026359],[-130.03970376,54.70029991],[-130.03940572,54.70035225],[-130.03911947,54.70042595],[-130.03881654,54.70039853],[-130.03874907,54.70038287],[-130.03861351,54.70035154],[-130.03851933,54.70032946],[-130.03850227,54.70030703],[-130.03840479,54.70017493],[-130.0382964,54.70001079],[-130.03827941,54.70000011],[-130.03808433,54.69987621],[-130.03791715,54.69972275],[-130.03772492,54.69958531],[-130.03745244,54.69949665],[-130.03717124,54.69942046],[-130.03688185,54.69935459],[-130.03658262,54.69930795],[-130.03628268,54.69926166],[-130.03599392,54.69919579],[-130.03570399,54.69913206],[-130.03544385,54.69908435],[-130.0354079,54.69907794],[-130.03511834,54.69901278],[-130.03483322,54.69894228],[-130.03455798,54.69885968],[-130.0342855,54.69877351],[-130.03400627,54.69869447],[-130.03372926,54.698614],[-130.03346752,54.69851715],[-130.03318554,54.69844167],[-130.03290027,54.69836939],[-130.03263124,54.6982818],[-130.03237882,54.69817748],[-130.03213616,54.6980639],[-130.03190703,54.6979432],[-130.03169579,54.69781039],[-130.03145693,54.69769645],[-130.03118118,54.69761349],[-130.03087723,54.69757575],[-130.03056834,54.69755973],[-130.03025747,54.69755866],[-130.02994788,54.69757183],[-130.02963949,54.69758999],[-130.02933089,54.69761136],[-130.02902298,54.69763486],[-130.02871432,54.69763236],[-130.02843217,54.69755759],[-130.02814147,54.69749457],[-130.02784649,54.69743867],[-130.02757198,54.69735571],[-130.027303,54.69726563],[-130.02702817,54.69717911],[-130.02673491,54.69712855],[-130.02642468,54.69711538],[-130.02611349,54.69710113],[-130.02580279,54.69707051],[-130.02569121,54.69705876],[-130.02549133,54.69703811],[-130.02518349,54.6970228],[-130.02488274,54.69704238],[-130.0245875,54.69708618],[-130.02429407,54.69714457],[-130.02400337,54.69721151],[-130.02371291,54.69728236],[-130.0234229,54.69735144],[-130.02313179,54.69741517],[-130.02284287,54.69747997],[-130.0225542,54.6975462],[-130.0222651,54.69761171],[-130.02197652,54.69767758],[-130.02168742,54.6977431],[-130.02139797,54.69780754],[-130.02110748,54.69787127],[-130.02081707,54.69793465],[-130.02052666,54.69799803],[-130.02023687,54.69806141],[-130.01994593,54.69812443],[-130.01965509,54.69818709],[-130.01936329,54.69824869],[-130.01906345,54.69830317],[-130.01876213,54.69835622],[-130.01846954,54.69841603],[-130.01819531,54.69849081],[-130.01808465,54.69856202],[-130.01799151,54.69862255],[-130.01780123,54.69876888],[-130.01756466,54.69888424],[-130.01731722,54.69899391],[-130.01707994,54.69910962],[-130.01686032,54.69923816],[-130.01663678,54.69936278],[-130.01638553,54.69946568],[-130.01611382,54.6995522],[-130.0158339,54.69963231],[-130.01555469,54.69971206],[-130.01526725,54.69978541],[-130.01497834,54.69985733],[-130.01469948,54.69993567],[-130.01452154,54.70000011],[-130.01430203,54.7001258],[-130.01414361,54.70027997],[-130.01398107,54.70043343],[-130.01381581,54.70058546],[-130.01366529,54.70074248],[-130.01353592,54.70090591],[-130.01342053,54.70107254],[-130.0133097,54.7012406],[-130.01320426,54.70141649],[-130.01295003,54.70145637],[-130.01271926,54.70133495],[-130.01253782,54.70118933],[-130.01237916,54.70103658],[-130.01213733,54.70092229],[-130.01193413,54.70078948],[-130.01167712,54.70068872],[-130.01141558,54.70059365],[-130.01110628,54.70057193],[-130.01079635,54.70057193],[-130.0104919,54.70060825],[-130.0102066,54.70065881],[-130.00989566,54.70063388],[-130.00958748,54.70061501],[-130.00927996,54.70059116],[-130.00896989,54.70057727],[-130.00866245,54.70059401],[-130.00837523,54.70066166],[-130.00811457,54.70076028],[-130.00786432,54.70086639],[-130.00761861,54.70097641],[-130.00737719,54.70108892],[-130.00712475,54.70119395],[-130.00686035,54.70128795],[-130.00660101,54.70138622],[-130.00637271,54.70150764],[-130.0061628,54.70163902],[-130.0058963,54.70173159],[-130.00561349,54.70180601],[-130.00532809,54.70187615],[-130.00504389,54.70194879],[-130.00475189,54.7020086],[-130.00444462,54.70203424],[-130.00413369,54.70203566],[-130.00382343,54.7020321],[-130.00351305,54.70203139],[-130.00320322,54.70202854],[-130.00289241,54.70202712],[-130.00258249,54.70202463],[-130.00227168,54.7020232],[-130.00196171,54.70202569],[-130.00165183,54.70203744],[-130.00134593,54.70206735],[-130.00104587,54.70211293],[-130.00075244,54.70217345],[-130.00045304,54.70220443],[-130.00000019,54.70214177],[-129.99995646,54.70213927],[-129.99967359,54.70206735],[-129.99940494,54.70197122],[-129.99918052,54.70185158],[-129.99903008,54.701691],[-129.99894639,54.70151761],[-129.99888244,54.70134172],[-129.99883076,54.70116369],[-129.99879167,54.7009846],[-129.99876552,54.7008055],[-129.99875487,54.70062605],[-129.99875672,54.70044589],[-129.99876422,54.70026537],[-129.99876987,54.70008485],[-129.99876819,54.70000011],[-129.99876671,54.69990505],[-129.99874901,54.69972666],[-129.99871363,54.69954757],[-129.99866287,54.69936598],[-129.99859034,54.6991876],[-129.99848904,54.69901812],[-129.99834841,54.69886502],[-129.99813165,54.69873969],[-129.99787843,54.69862682],[-129.99764351,54.69850505],[-129.9974677,54.69835942],[-129.99732531,54.69819884],[-129.99718645,54.69803648],[-129.99706746,54.69785917],[-129.99683058,54.69776909],[-129.99653412,54.69772387],[-129.99622039,54.69769076],[-129.99590951,54.69765373],[-129.99561302,54.69759427],[-129.99538822,54.69747392],[-129.99518046,54.69734004],[-129.99498146,54.69720083],[-129.99478591,54.69706019],[-129.99458904,54.6969199],[-129.99439501,54.69677819],[-129.99421245,54.69663257],[-129.99404975,54.6964816],[-129.99394002,54.6963139],[-129.99387925,54.69613552],[-129.99387358,54.69595607],[-129.99385726,54.69577733],[-129.99377796,54.69560393],[-129.99367963,54.69543267],[-129.9935858,54.6952607],[-129.99349541,54.6950873],[-129.99338235,54.69492067],[-129.99323729,54.69475866],[-129.99307852,54.69459488],[-129.9928915,54.69444997],[-129.99265973,54.69434493],[-129.99238243,54.69427087],[-129.99207515,54.69421996],[-129.99175737,54.69419076],[-129.99144521,54.69418044],[-129.99113735,54.69417972],[-129.9908276,54.694184],[-129.99051676,54.69419254],[-129.99020543,54.69420536],[-129.98989432,54.69422209],[-129.98958406,54.69424274],[-129.98927473,54.69426696],[-129.98896766,54.69429437],[-129.98866355,54.69432464],[-129.98835943,54.69436452],[-129.98805855,54.69441579],[-129.98776336,54.69447845],[-129.98747855,54.69455109],[-129.98720771,54.69463405],[-129.98695014,54.6947373],[-129.9867156,54.69486121],[-129.98651647,54.69500078],[-129.98635577,54.69515139],[-129.98621451,54.69531268],[-129.98609184,54.69548074],[-129.98598664,54.69565271],[-129.98589869,54.69582469],[-129.98587428,54.6959988],[-129.98593059,54.69618003],[-129.98593391,54.69636126],[-129.9859233,54.6965464],[-129.9858908,54.69672799],[-129.98581258,54.69689569],[-129.98563985,54.69706197],[-129.98539106,54.69719335],[-129.98514394,54.69720795],[-129.9848888,54.69710754],[-129.98463581,54.69696761],[-129.98440288,54.69684549],[-129.98418366,54.69671802],[-129.98396523,54.69658984],[-129.98373734,54.69646736],[-129.98351059,54.69633562],[-129.98327807,54.69620958],[-129.98302387,54.69611273],[-129.9827395,54.69605897],[-129.9824406,54.69602336],[-129.98213173,54.69600022],[-129.9818173,54.69598669],[-129.98150042,54.69598028],[-129.98118501,54.69597779],[-129.98087406,54.69597708],[-129.98056316,54.69598099],[-129.9802514,54.69599061],[-129.97993994,54.69600627],[-129.97963062,54.69602799],[-129.97932476,54.69605541],[-129.97901997,54.69609066],[-129.97871122,54.69616044],[-129.97850977,54.69628257],[-129.97842994,54.6964492],[-129.97839376,54.69663542],[-129.97833772,54.69681736],[-129.97823316,54.69699396],[-129.97806988,54.69714493],[-129.97781038,54.69722682],[-129.97749747,54.69727204],[-129.97719337,54.69731654],[-129.97689253,54.69736034],[-129.97658961,54.69740022],[-129.97628499,54.69743475],[-129.97597882,54.69746573],[-129.97567028,54.69749635],[-129.97536117,54.69752199],[-129.97505234,54.69753694],[-129.97474428,54.69753694],[-129.97441514,54.69753267],[-129.97408065,54.69751807],[-129.97377068,54.69747997],[-129.97351611,54.69740378],[-129.97333241,54.69728201],[-129.97319756,54.69712606],[-129.97308959,54.69694945],[-129.97298819,54.69676644],[-129.97287256,54.69659091],[-129.97272083,54.69643353],[-129.97252087,54.69629361],[-129.97228502,54.69617825],[-129.9720293,54.69607784],[-129.97176331,54.69598384],[-129.9714967,54.69588984],[-129.97123674,54.69579157],[-129.97097635,54.69569259],[-129.97071978,54.69559076],[-129.97047508,54.69548109],[-129.97024677,54.69536039],[-129.97003062,54.69523079],[-129.96982235,54.69509691],[-129.96961974,54.69496019],[-129.96943458,54.69481314],[-129.96924622,54.69466894],[-129.96902923,54.69454503],[-129.96876815,54.69444641],[-129.96847829,54.69437342],[-129.96817895,54.69433247],[-129.96786314,54.69432677],[-129.96754586,54.69432677],[-129.96724735,54.69429936],[-129.96699851,54.69420109],[-129.96677122,54.69406935],[-129.96652171,54.69395933],[-129.96626977,54.69384682],[-129.96601156,54.69374427],[-129.96574175,54.69366523],[-129.96544703,54.69363746],[-129.9651302,54.6936549],[-129.96481485,54.69366416],[-129.96450471,54.69365561],[-129.96419475,54.69364636],[-129.96388437,54.69364351],[-129.96357234,54.69364707],[-129.96326722,54.69367164],[-129.96297569,54.6937343],[-129.96268988,54.69380587],[-129.96240626,54.6938785],[-129.96209352,54.69391589],[-129.96181142,54.69397784],[-129.96159836,54.69410175],[-129.96140694,54.69424453],[-129.96122135,54.69439336],[-129.96102869,54.69453613],[-129.96083412,54.69467677],[-129.96062992,54.69481172],[-129.96037438,54.6949164],[-129.9602221,54.69506985],[-129.96008637,54.69523079],[-129.9599572,54.69539493],[-129.95982847,54.69555978],[-129.95969527,54.69572285],[-129.95955128,54.69588237],[-129.95939579,54.69603867],[-129.95923399,54.6961932],[-129.95907394,54.69634808],[-129.9589232,54.6965051],[-129.95878756,54.69666568],[-129.95867334,54.6968316],[-129.95857299,54.69700108],[-129.95848308,54.69717306],[-129.95840249,54.69734717],[-129.95832954,54.6975227],[-129.95826133,54.69769894],[-129.95819682,54.69787519],[-129.95813478,54.69805144],[-129.95807616,54.69822875],[-129.95802281,54.69840713],[-129.95797615,54.69858587],[-129.95793802,54.69876497],[-129.95791126,54.69894299],[-129.95789885,54.69912031],[-129.95796011,54.69929869],[-129.95808946,54.6994639],[-129.95825717,54.69961415],[-129.95845102,54.69975622],[-129.95865902,54.69989116],[-129.95885771,54.70000011],[-129.95888362,54.70001435],[-129.95912477,54.70012829],[-129.95936078,54.70024543],[-129.95957873,54.7003729],[-129.95979004,54.70050464],[-129.95999622,54.70063958],[-129.960197,54.70077631],[-129.9603969,54.7009141],[-129.96059751,54.70105153],[-129.96079803,54.70118933],[-129.96099845,54.70132747],[-129.96119765,54.70146562],[-129.96139605,54.70160448],[-129.96159322,54.70174334],[-129.96178889,54.70188327],[-129.96198209,54.7020232],[-129.96217317,54.7021642],[-129.9623617,54.70230555],[-129.9624622,54.70247289],[-129.96251057,54.70265128],[-129.96255268,54.70283002],[-129.96256337,54.70300875],[-129.96251149,54.70318642],[-129.9623979,54.70335484],[-129.96237858,54.70353286],[-129.96238635,54.70371338],[-129.96240848,54.70389319],[-129.96244709,54.70407121],[-129.96249504,54.70424888],[-129.96253664,54.70442727],[-129.96256574,54.70460636],[-129.9625929,54.70478581],[-129.96262905,54.70496384],[-129.96268307,54.70514186],[-129.9627578,54.70531847],[-129.9628774,54.70548118],[-129.96313282,54.70558301],[-129.96344646,54.70559512],[-129.96375755,54.70558835],[-129.96406486,54.70560829],[-129.96435446,54.70567309],[-129.96459756,54.70578454],[-129.96484952,54.70589029],[-129.96511126,54.70598678],[-129.96537602,54.70608113],[-129.96564077,54.70617548],[-129.96590402,54.70627091],[-129.96616346,54.70636918],[-129.96640774,54.70647848],[-129.96662,54.70661165],[-129.96687519,54.70671205],[-129.96714014,54.7068057],[-129.96740989,54.70689507],[-129.96768443,54.70698016],[-129.96796263,54.70706063],[-129.96824326,54.70713647],[-129.96852727,54.70720875],[-129.96881385,54.70727818],[-129.96910303,54.70734476],[-129.96939345,54.70740885],[-129.96968434,54.70747116],[-129.96997879,54.70752919],[-129.97028031,54.70757655],[-129.97058317,54.70762106],[-129.97088148,54.70767126],[-129.97116742,54.70773606],[-129.97144013,54.70782116],[-129.97169743,54.70792548],[-129.97193372,54.7080444],[-129.97214702,54.70817365],[-129.97234969,54.70831073],[-129.97254014,54.70845457],[-129.97271689,54.70860376],[-129.97287714,54.70875722],[-129.97301233,54.70891709],[-129.97312006,54.7090855],[-129.97321304,54.70925854],[-129.97330346,54.70943194],[-129.97339876,54.7096032],[-129.97349282,54.70977446],[-129.97358361,54.70994643],[-129.97366921,54.71011948],[-129.97374732,54.71029287],[-129.97379153,54.71047588],[-129.97382323,54.71065961],[-129.97390902,54.71082232],[-129.97418686,54.7109092],[-129.97439573,54.71103667],[-129.97444896,54.71121576],[-129.97427228,54.71136139],[-129.97411309,54.71151805],[-129.97398053,54.71168148],[-129.97386615,54.71184847],[-129.97379565,54.71202222],[-129.97376304,54.71220203],[-129.97349726,54.71231774],[-129.97324891,54.71242563],[-129.97300108,54.71253387],[-129.97275219,54.71264139],[-129.97249763,54.71274465],[-129.97223891,54.71284968],[-129.97196711,54.71293122],[-129.97166096,54.71294012],[-129.97134607,54.71294226],[-129.97103494,54.71296576],[-129.97075488,54.71303626],[-129.97049253,54.71313381],[-129.97024405,54.71324455],[-129.97001572,54.7133656],[-129.96980839,54.7135009],[-129.96958488,54.71362481],[-129.96933818,54.71373341],[-129.96907931,54.71383417],[-129.96881234,54.71392567],[-129.96853246,54.71400507],[-129.96824481,54.71407628],[-129.96796031,54.71414963],[-129.96769163,54.7142358],[-129.967469,54.71435863],[-129.9672684,54.71449892],[-129.96702449,54.71460858],[-129.96675471,54.71469902],[-129.96647692,54.71477984],[-129.96618365,54.71483931],[-129.96589201,54.71490446],[-129.96559965,54.71496998],[-129.96530274,54.71501484],[-129.96499619,54.71501804],[-129.96468371,54.71499632],[-129.96437357,54.71497995],[-129.96406456,54.71496392],[-129.96375333,54.71495894],[-129.96343831,54.71496392],[-129.963124,54.71496855],[-129.96281578,54.71496143],[-129.96251776,54.71492903],[-129.96223642,54.71483895],[-129.96202712,54.71471077],[-129.96192436,54.71453737],[-129.96189257,54.7143565],[-129.96191303,54.71417135],[-129.96185431,54.7140065],[-129.96159945,54.71389256],[-129.96134394,54.71379073],[-129.96108373,54.71369282],[-129.96082291,54.7135949],[-129.9605651,54.71349485],[-129.96030809,54.71339409],[-129.96004967,54.71329404],[-129.95978937,54.71319648],[-129.95952588,54.71310177],[-129.95925858,54.71300991],[-129.95898762,54.71292268],[-129.95870468,54.71284612],[-129.95842066,54.71277135],[-129.95815466,54.71268163],[-129.95790443,54.71257374],[-129.95766576,54.71245447],[-129.95745221,54.7123238],[-129.95728213,54.71217746],[-129.95716819,54.7120094],[-129.95706071,54.71183778],[-129.95690852,54.71168183],[-129.95673479,54.711533],[-129.95655178,54.71138667],[-129.95635976,54.71124424],[-129.95615782,54.71110681],[-129.95594553,54.71097614],[-129.95572126,54.71085365],[-129.95548407,54.71073829],[-129.95523821,54.71062792],[-129.95498721,54.71052075],[-129.9547354,54.71041429],[-129.95448653,54.71030605],[-129.95424193,54.71019318],[-129.95399601,54.71008067],[-129.95374385,54.70997563],[-129.95347789,54.7098859],[-129.95319473,54.70981754],[-129.95289801,54.70976591],[-129.95259496,54.70972212],[-129.95229096,54.70967726],[-129.95199427,54.70962314],[-129.95170563,54.70955691],[-129.95141615,54.70948677],[-129.95113052,54.70941129],[-129.95085189,54.70933011],[-129.95058416,54.70924252],[-129.95034262,54.70913463],[-129.95020159,54.70896907],[-129.95020196,54.7087857],[-129.95020114,54.70860696],[-129.95002114,54.70847309],[-129.94975745,54.70836271],[-129.94949869,54.70825946],[-129.94923866,54.70816119],[-129.94897491,54.70806541],[-129.94870974,54.70797034],[-129.9484474,54.70787385],[-129.9481911,54.70777309],[-129.94794322,54.70766592],[-129.94770591,54.70755127],[-129.94747597,54.7074295],[-129.94725481,54.70730239],[-129.94704242,54.70716994],[-129.94683967,54.70703357],[-129.94664727,54.70689293],[-129.94646857,54.70674695],[-129.94630111,54.70659562],[-129.94613984,54.70644181],[-129.94598079,54.70628657],[-129.94581829,54.70613276],[-129.94564881,54.70598215],[-129.94546969,54.70583545],[-129.9452858,54.70569054],[-129.94509846,54.70554705],[-129.9449098,54.70540392],[-129.94472044,54.70526114],[-129.94453311,54.70511765],[-129.94434853,54.70497309],[-129.94416862,54.70482711],[-129.94399491,54.70467864],[-129.94383773,54.7045234],[-129.94370654,54.70435819],[-129.94358278,54.70419049],[-129.9434491,54.70402778],[-129.94328766,54.70387717],[-129.94308979,54.70374115],[-129.94287216,54.70361013],[-129.9426387,54.70348551],[-129.94239451,54.70336908],[-129.94214309,54.70326155],[-129.94188935,54.70316542],[-129.94159874,54.70312625],[-129.94127621,54.7031583],[-129.94096915,54.70319248],[-129.94066019,54.70323164],[-129.94036139,54.70328398],[-129.94008524,54.7033584],[-129.93982758,54.70345667],[-129.93958321,54.70357274],[-129.93935779,54.70370128],[-129.93915572,54.70383729],[-129.93901823,54.70399288],[-129.93894246,54.70417198],[-129.9388186,54.70433683],[-129.93867033,54.70449598],[-129.93851013,54.70465122],[-129.93833495,54.70480005],[-129.93813981,54.70493785],[-129.93791367,54.70505962],[-129.93767193,54.70517498],[-129.93743843,54.70529425],[-129.93722759,54.70542599],[-129.93702918,54.7055645],[-129.93683558,54.70570585],[-129.93664094,54.70584649],[-129.93643771,54.70598215],[-129.9362212,54.70610961],[-129.93599078,54.70623601],[-129.93575019,54.70635885],[-129.93549916,54.70646958],[-129.93524043,54.70656002],[-129.93495488,54.70661343],[-129.93462339,54.70659171],[-129.93435773,54.7065059],[-129.93415141,54.70637879],[-129.93396459,54.70623103],[-129.93377799,54.70608006],[-129.93357027,54.70594405],[-129.93334385,54.70582086],[-129.9331076,54.70570229],[-129.93286292,54.70559013],[-129.93260847,54.70548723],[-129.93234377,54.70539537],[-129.93206161,54.70531384],[-129.93176686,54.7052501],[-129.9314654,54.70521236],[-129.93115908,54.70520061],[-129.93084862,54.70520488],[-129.93053535,54.7052177],[-129.93022109,54.70523194],[-129.92990928,54.70523907],[-129.92960168,54.7052323],[-129.92930094,54.70520132],[-129.92900949,54.70514151],[-129.92872083,54.70506852],[-129.92843143,54.70499837],[-129.92813624,54.70494354],[-129.9278344,54.7049001],[-129.92753165,54.70486023],[-129.92722746,54.70482355],[-129.92692005,54.70479934],[-129.92660179,54.70480041],[-129.92628306,54.70480575],[-129.92598434,54.70478367],[-129.92570187,54.70470819],[-129.92544316,54.70458607],[-129.92528059,54.70444008],[-129.92529393,54.70425957],[-129.9253852,54.70406124],[-129.92536856,54.70390138],[-129.92515657,54.70380596],[-129.92484164,54.70374649],[-129.92450906,54.70369807],[-129.92421096,54.70364502],[-129.92391111,54.70359873],[-129.92360991,54.70355529],[-129.92330846,54.70351043],[-129.92300771,54.70345809],[-129.9227062,54.70341109],[-129.92240401,54.70338581],[-129.92209809,54.70340362],[-129.92179238,54.70344919],[-129.92148855,54.70349227],[-129.92117929,54.70353251],[-129.92088074,54.70358378],[-129.92061068,54.70366069],[-129.92039202,54.70378673],[-129.92019883,54.70393342],[-129.91999694,54.70407086],[-129.9197911,54.70420687],[-129.91958684,54.70434395],[-129.91939161,54.70448423],[-129.9192112,54.70462915],[-129.91905755,54.70478261],[-129.9189489,54.70495031],[-129.91885945,54.70512477],[-129.91875799,54.70529568],[-129.91862018,54.70545697],[-129.91844693,54.70560758],[-129.91823849,54.70573932],[-129.91800845,54.70585931],[-129.91776859,54.70597431],[-129.91753022,54.70609074],[-129.9173006,54.70621144],[-129.9170736,54.70633393],[-129.9168487,54.70645783],[-129.91663817,54.70659527],[-129.91635083,54.70663408],[-129.91603395,54.70663693],[-129.91571979,54.70664832],[-129.91544024,54.70658067],[-129.91515787,54.70651195],[-129.91484487,54.70650697],[-129.91453463,54.70651516],[-129.91422528,54.7065294],[-129.91391582,54.70654649],[-129.91360712,54.70656536],[-129.91329952,54.70658957],[-129.91299352,54.70661948],[-129.91268801,54.70665224],[-129.91238068,54.70667538],[-129.91207004,54.70668749],[-129.91175855,54.70668855],[-129.91145166,54.70667182],[-129.91115072,54.70662731],[-129.91084892,54.70658138],[-129.91053972,54.70655931],[-129.91023522,54.70652619],[-129.91008137,54.70638235],[-129.90992249,54.70623174],[-129.90972114,54.70609288],[-129.9095026,54.70596328],[-129.90926514,54.7058497],[-129.90900578,54.70574929],[-129.9087314,54.7056617],[-129.90844797,54.70558764],[-129.90815698,54.70552854],[-129.90785483,54.70548403],[-129.90754824,54.70544949],[-129.90724148,54.70542279],[-129.90693209,54.70541104],[-129.9066206,54.70540499],[-129.90631124,54.70539074],[-129.90600294,54.70533662],[-129.90571292,54.70535478],[-129.90544078,54.70544202],[-129.90516923,54.70553886],[-129.90488221,54.7056026],[-129.90457658,54.70563108],[-129.90426314,54.70564212],[-129.90395179,54.70564746],[-129.90364193,54.70564461],[-129.90333128,54.70563535],[-129.90302099,54.70562467],[-129.90271135,54.7056115],[-129.90240357,54.70558871],[-129.9021013,54.70554705],[-129.90179682,54.70551394],[-129.90148825,54.70549186],[-129.90117925,54.7054762],[-129.900869,54.70547014],[-129.90055752,54.70547121],[-129.90024684,54.70547157],[-129.89993822,54.7054616],[-129.89963604,54.70541958],[-129.89934233,54.70536155],[-129.8990524,54.70529603],[-129.89875878,54.70523764],[-129.89845049,54.7052145],[-129.89814618,54.70524263],[-129.89784311,54.70527788],[-129.89753319,54.70527289],[-129.89721607,54.70526719],[-129.89688327,54.70552676],[-129.89670128,54.70567274],[-129.89653322,54.70582442],[-129.89637076,54.70597823],[-129.89617033,54.70611211],[-129.89591669,54.70621821],[-129.8956683,54.70632787],[-129.89542524,54.70644074],[-129.89532298,54.70650483],[-129.89521719,54.7065707],[-129.89506638,54.7067295],[-129.89495556,54.70687904],[-129.8949434,54.70689507],[-129.89483728,54.70706455],[-129.89473406,54.70723474],[-129.89461478,54.7074003],[-129.89446865,54.70755768],[-129.89430471,54.70771007],[-129.89413165,54.70785961],[-129.89395455,54.70800808],[-129.89378034,54.70815727],[-129.89361332,54.70830966],[-129.89351554,54.70838265],[-129.89342389,54.70845101],[-129.89320474,54.70858097],[-129.89296506,54.7086974],[-129.89271946,54.70877716],[-129.89240529,54.70884089],[-129.89210239,54.70888967],[-129.89180547,54.70894628],[-129.89152355,54.70899969],[-129.89141902,54.70903209],[-129.89124145,54.70909191],[-129.89100811,54.70920763],[-129.89078269,54.70933082],[-129.89056329,54.70945935],[-129.89034922,54.70959109],[-129.89013838,54.70972461],[-129.88993054,54.70985849],[-129.88973521,54.70999877],[-129.88954906,54.71014404],[-129.88936301,54.71028896],[-129.88931995,54.71031958],[-129.8891669,54.71042746],[-129.88894903,54.71055243],[-129.88871092,54.71063896],[-129.88841584,54.71074079],[-129.88817694,54.7108565],[-129.88795213,54.71098682],[-129.88777199,54.71113031],[-129.88773198,54.71123962],[-129.88770879,54.71130299],[-129.88768307,54.71148565],[-129.88750366,54.71162629],[-129.88728228,54.71175767],[-129.88713499,54.71191469],[-129.88699875,54.71207669],[-129.88687338,54.7122419],[-129.88675785,54.7124096],[-129.88667305,54.71254668],[-129.88665313,54.71257837],[-129.88658215,54.71273824],[-129.88651564,54.71293086],[-129.88645152,54.71310711],[-129.88636061,54.7132773],[-129.886217,54.71343681],[-129.8860261,54.71358137],[-129.8858068,54.71370706],[-129.88556869,54.71382206],[-129.88532192,54.71393244],[-129.88507768,54.71404495],[-129.88484786,54.71416601],[-129.88463482,54.71429846],[-129.88441829,54.71442771],[-129.88417654,54.71453773],[-129.88390006,54.71461998],[-129.88360213,54.71469226],[-129.88331988,54.71477059],[-129.88307846,54.71487455],[-129.88288705,54.71500914],[-129.88272555,54.71516153],[-129.8825811,54.71532425],[-129.88243979,54.7154891],[-129.8822871,54.7156479],[-129.88213198,54.71580421],[-129.88197782,54.71596158],[-129.8818149,54.71611468],[-129.88163218,54.71625853],[-129.88142048,54.71638813],[-129.88118619,54.71650741],[-129.88094341,54.71662135],[-129.88070343,54.71673635],[-129.88046389,54.71685207],[-129.88021929,54.71696351],[-129.87996371,54.71706499],[-129.87969378,54.71715044],[-129.87940861,54.71722094],[-129.87911623,54.7172836],[-129.87882419,54.71734734],[-129.87853927,54.71741926],[-129.8782586,54.71749617],[-129.8779789,54.71757414],[-129.87769598,54.71764785],[-129.87740378,54.7177098],[-129.87737148,54.7177155],[-129.87710491,54.71776178],[-129.87681794,54.7178273],[-129.87654798,54.71791524],[-129.8762873,54.71801494],[-129.8760371,54.71812175],[-129.87580639,54.71824139],[-129.87559403,54.71837348],[-129.87535545,54.71848777],[-129.87509304,54.71858462],[-129.87482341,54.71867363],[-129.87454742,54.71875624],[-129.87442915,54.71879398],[-129.87427588,54.71884311],[-129.87399527,54.71892928],[-129.87371,54.71901437],[-129.87344592,54.71911051],[-129.87322975,54.71922872],[-129.87307602,54.71937719],[-129.87296554,54.71954667],[-129.87294679,54.71958335],[-129.87287381,54.7197247],[-129.87277684,54.71989917],[-129.87275076,54.71993797],[-129.87266602,54.72006758],[-129.87255758,54.72023635],[-129.87246153,54.72040725],[-129.87238808,54.72058136],[-129.87233661,54.72075867],[-129.87230018,54.72093741],[-129.87227096,54.72111686],[-129.87226428,54.72129738],[-129.87226448,54.72135613],[-129.87226377,54.7214779],[-129.87223274,54.72165486],[-129.87214444,54.72179586],[-129.87212686,54.72182327],[-129.87201173,54.72199168],[-129.87198203,54.72208497],[-129.87195051,54.72218288],[-129.8718791,54.7223634],[-129.87170594,54.72247022],[-129.87137997,54.72246488],[-129.87105238,54.72246096],[-129.87074232,54.72247271],[-129.87043236,54.7224841],[-129.8701226,54.72249229],[-129.87007988,54.72249301],[-129.86981167,54.7224955],[-129.86950147,54.72248873],[-129.86919302,54.72246808],[-129.86888854,54.72243212],[-129.86859326,54.72237729],[-129.86829909,54.72231818],[-129.86811914,54.72228222],[-129.86800482,54.72225944],[-129.86770358,54.72221813],[-129.86741773,54.72220781],[-129.86739273,54.72220674],[-129.86725704,54.72221172],[-129.86708338,54.72221813],[-129.86677388,54.72223487],[-129.86646503,54.72225623],[-129.86615787,54.72228294],[-129.86585841,54.72233706],[-129.86555885,54.72237729],[-129.86525047,54.7223659],[-129.86494284,54.7223278],[-129.86465078,54.72227012],[-129.86436603,54.72219606],[-129.86407544,54.72213268],[-129.86378147,54.72207286],[-129.86348512,54.72201981],[-129.86318317,54.72197887],[-129.86297669,54.72195964],[-129.86287552,54.72195038],[-129.86256607,54.72193365],[-129.86235806,54.72193222],[-129.86225591,54.72193151],[-129.86194563,54.72194647],[-129.86164367,54.72198884],[-129.86162055,54.7219924],[-129.8614943,54.72201091],[-129.86134493,54.72203299],[-129.86103638,54.72202943],[-129.86072593,54.72201412],[-129.86041546,54.72199418],[-129.86024826,54.72198278],[-129.86010659,54.72197281],[-129.85979792,54.72194112],[-129.85949037,54.72191228],[-129.85918403,54.72190018],[-129.85913678,54.7219041],[-129.85900412,54.72191406],[-129.85887762,54.72192403],[-129.85883243,54.72193187],[-129.85857648,54.72197744],[-129.8582912,54.7220458],[-129.85801723,54.72213233],[-129.85774364,54.72221742],[-129.8574635,54.72229682],[-129.85718241,54.72237515],[-129.85690375,54.72245598],[-129.85663287,54.7225425],[-129.85637471,54.72263934],[-129.85614604,54.7227604],[-129.85593071,54.72289179],[-129.8557029,54.72301427],[-129.85546189,54.7231282],[-129.85522254,54.72324285],[-129.85500259,54.72337068],[-129.8548177,54.72352022],[-129.85479643,54.72352378],[-129.85467649,54.72354407],[-129.85453202,54.72356864],[-129.85439234,54.72354621],[-129.85422901,54.72351986],[-129.85395624,54.72343298],[-129.85368592,54.72333899],[-129.85340526,54.7232635],[-129.8531054,54.72321686],[-129.85279227,54.72319051],[-129.85248139,54.72318873],[-129.85218011,54.7232165],[-129.85188183,54.72327312],[-129.85159156,54.72334397],[-129.85131354,54.7234223],[-129.85104523,54.7235131],[-129.85077917,54.72360709],[-129.85050876,54.72369646],[-129.85023887,54.72378619],[-129.84996291,54.72386844],[-129.84967403,54.72393395],[-129.84937148,54.72397846],[-129.84906461,54.72399448],[-129.84875305,54.72398344],[-129.84844237,54.72396421],[-129.84813349,54.72393573],[-129.84784327,54.72398736],[-129.84762032,54.72404112],[-129.84755389,54.72405714],[-129.8474124,54.72407495],[-129.84724851,54.72409595],[-129.84708846,54.7241045],[-129.84694022,54.72411269],[-129.84663321,54.72408883],[-129.84646943,54.72406427],[-129.84633123,54.72404326],[-129.84603584,54.72398415],[-129.84576376,54.72397062],[-129.84573032,54.72396884],[-129.8454183,54.72398095],[-129.84532166,54.72398273],[-129.84510495,54.72398629],[-129.84480841,54.72402902],[-129.84459673,54.72408919],[-129.84452824,54.72410842],[-129.84424912,54.72418853],[-129.84396966,54.72426757],[-129.84369951,54.72435587],[-129.8435478,54.72441782],[-129.84344238,54.72446055],[-129.84317941,54.72455206],[-129.84287092,54.72454102],[-129.84258376,54.72447159],[-129.84251936,54.72444417],[-129.84233344,54.72436477],[-129.84207261,54.72426757],[-129.84180046,54.72418069],[-129.84152252,54.72409951],[-129.84123957,54.72402581],[-129.84095109,54.72395674],[-129.84065639,54.72389977],[-129.84035444,54.72386594],[-129.8402377,54.72386203],[-129.8400427,54.72385562],[-129.83973323,54.72383888],[-129.83949711,54.7238104],[-129.83942843,54.72380185],[-129.83912334,54.72376589],[-129.8388156,54.72375201],[-129.8385033,54.72375806],[-129.83819606,54.72378263],[-129.83796496,54.72381076],[-129.83789298,54.72381966],[-129.83759104,54.72386416],[-129.83729082,54.72391152],[-129.83699079,54.72395816],[-129.836691,54.72400623],[-129.83639467,54.72405999],[-129.83611193,54.72413263],[-129.83584139,54.72422235],[-129.83554613,54.72427434],[-129.83524163,54.72431208],[-129.83493697,54.72435516],[-129.83466461,54.72443527],[-129.8344244,54.72455063],[-129.83417198,54.72465602],[-129.83390865,54.72475358],[-129.83363518,54.72483797],[-129.83334242,54.72489458],[-129.83303553,54.72493196],[-129.83274017,54.7249843],[-129.83247234,54.72507545],[-129.83222907,54.72518832],[-129.83201564,54.72532398],[-129.831779,54.72543507],[-129.83148598,54.72549025],[-129.83122019,54.72552372],[-129.83117616,54.72552942],[-129.83089538,54.72559921],[-129.8306703,54.72570851],[-129.83042637,54.72583812],[-129.8301945,54.72596167],[-129.82993659,54.72605495],[-129.82962633,54.72608629],[-129.8294689,54.72608237],[-129.82931701,54.72607845],[-129.8290075,54.72605709],[-129.82870086,54.72602469],[-129.82840082,54.72597876],[-129.82810606,54.72591965],[-129.82780929,54.72586589],[-129.8275054,54.72583954],[-129.82719283,54.72584417],[-129.82688206,54.72583954],[-129.82657209,54.7258342],[-129.82637828,54.72583029],[-129.82626178,54.72582779],[-129.82595123,54.72581996],[-129.82564132,54.72580251],[-129.825332,54.72578756],[-129.82503738,54.72579432],[-129.8249949,54.72579646],[-129.82471288,54.7258164],[-129.82441021,54.72585414],[-129.82411961,54.72591894],[-129.82383379,54.72598908],[-129.82355012,54.72606279],[-129.82326473,54.72613364],[-129.8229757,54.72619951],[-129.82267976,54.72625399],[-129.82238134,54.72630383],[-129.82207983,54.72634656],[-129.8217732,54.72637576],[-129.8216662,54.72638181],[-129.82146347,54.7263932],[-129.82115789,54.72642311],[-129.82085194,54.72646157],[-129.82055046,54.72650892],[-129.82026345,54.72657408],[-129.81999371,54.7266606],[-129.81973601,54.72676243],[-129.81948771,54.72687316],[-129.8192473,54.72698674],[-129.81901414,54.72710566],[-129.81878821,54.72722993],[-129.81857104,54.72735846],[-129.81836919,54.72749447],[-129.81819588,54.72764402],[-129.8181243,54.72770348],[-129.81801757,54.72779142],[-129.81783936,54.72793847],[-129.81766281,54.72808623],[-129.81748898,54.72823542],[-129.8173168,54.72838532],[-129.81714192,54.72853379],[-129.8169609,54.72867977],[-129.81693422,54.72869935],[-129.81681747,54.72878552],[-129.81676937,54.72882112],[-129.81656794,54.72895785],[-129.816361,54.72909208],[-129.81614372,54.72922097],[-129.81601621,54.72929396],[-129.81592269,54.72934773],[-129.81571269,54.72947947],[-129.81569366,54.72949335],[-129.81551949,54.72962011],[-129.81533609,54.72976573],[-129.81516444,54.72991599],[-129.81500647,54.73007051],[-129.8148592,54.73022896],[-129.81472106,54.73039025],[-129.81459213,54.73055403],[-129.81447366,54.73072031],[-129.8144297,54.73078974],[-129.81436696,54.73088872],[-129.81427185,54.73105998],[-129.81422375,54.73115718],[-129.81418676,54.73123302],[-129.81410809,54.73140749],[-129.81403312,54.73158195],[-129.81397257,54.73175784],[-129.81392452,54.73193551],[-129.81387285,54.73211283],[-129.81381274,54.73228943],[-129.8137485,54.73246532],[-129.81367538,54.73263979],[-129.81358432,54.73281212],[-129.81349088,54.73298409],[-129.81341918,54.73315784],[-129.81340141,54.73333765],[-129.81337827,54.73351674],[-129.81331095,54.73369263],[-129.81319776,54.73385998],[-129.81305329,54.73401949],[-129.81287236,54.73416511],[-129.81279798,54.73420926],[-129.81265498,54.73429436],[-129.81245154,54.73442931],[-129.81226715,54.73457635],[-129.81209679,54.73472875],[-129.81195991,54.73488754],[-129.81191717,54.73506379],[-129.81191901,54.73524644],[-129.81193374,54.73542696],[-129.81192612,54.7356057],[-129.81186233,54.7357823],[-129.81175098,54.73594965],[-129.81156721,54.7360967],[-129.81144935,54.73626297],[-129.81149148,54.7364378],[-129.81159681,54.73660906],[-129.81165322,54.73674792],[-129.81166956,54.73678708],[-129.81169602,54.7369676],[-129.81165846,54.73701246],[-129.81164514,54.73702813],[-129.81156661,54.73712142],[-129.81135185,54.73725957],[-129.8111567,54.73740056],[-129.81095683,54.73753835],[-129.81073886,54.73766511],[-129.81049459,54.73778154],[-129.81025399,54.73787197],[-129.81023221,54.73787981],[-129.80994401,54.737909],[-129.80962615,54.73789334],[-129.80930757,54.73789227],[-129.80901998,54.73793571],[-129.80878372,54.73805214],[-129.8085555,54.73818032],[-129.80840239,54.73826399],[-129.80832334,54.73830707],[-129.80808304,54.73842243],[-129.80780768,54.73848047],[-129.80748713,54.73846089],[-129.80718219,54.73841923],[-129.80687938,54.73839074],[-129.80657116,54.73841389],[-129.80626752,54.73845732],[-129.8059728,54.73851394],[-129.805681,54.73857589],[-129.80538446,54.73863001],[-129.80508409,54.73867986],[-129.80478095,54.73871902],[-129.80447427,54.73873149],[-129.80416325,54.73871083],[-129.80385396,54.73868591],[-129.80354556,54.7386528],[-129.80323818,54.73863001],[-129.80293169,54.73863464],[-129.80262491,54.7386617],[-129.80232007,54.73870264],[-129.80201807,54.73874929],[-129.80171782,54.73879629],[-129.80141806,54.73884613],[-129.80124718,54.73887711],[-129.80112028,54.73890025],[-129.80082813,54.73896114],[-129.80054406,54.73903128],[-129.80045284,54.7390619],[-129.8002771,54.73912101],[-129.80020006,54.73915163],[-129.80002028,54.73922391],[-129.80000169,54.73923138],[-129.79976241,54.73932609],[-129.79919199,54.73936134],[-129.79915955,54.73936277],[-129.79888284,54.7393738],[-129.79880004,54.73937202],[-129.79857446,54.73936668],[-129.79851603,54.73936134],[-129.79826875,54.73933749],[-129.7979634,54.73929974],[-129.79774915,54.73927696],[-129.79765729,54.73926734],[-129.79734877,54.7392442],[-129.79704003,54.73922426],[-129.79673138,54.73920397],[-129.79642351,54.73917833],[-129.79611607,54.73914629],[-129.7958085,54.73912421],[-129.7954996,54.73912386],[-129.79518826,54.73913525],[-129.79487836,54.73915768],[-129.79457308,54.73919079],[-129.79427751,54.73924349],[-129.79398738,54.73931078],[-129.79369547,54.73937309],[-129.79339336,54.73941297],[-129.79308189,54.73943433],[-129.79276983,54.7394532],[-129.79271787,54.73945854],[-129.79246711,54.73948596],[-129.79218879,54.73956002],[-129.79193481,54.73967324],[-129.79166253,54.73975015],[-129.79134864,54.73978077],[-129.79102635,54.7397797],[-129.7907389,54.73973484],[-129.79051077,54.73961378],[-129.79029088,54.73947528],[-129.79002186,54.73939517],[-129.7897124,54.73935671],[-129.78939866,54.73934888],[-129.78909085,54.73936561],[-129.78878233,54.73939695],[-129.78847449,54.73943042],[-129.78816677,54.73945392],[-129.78786111,54.73944822],[-129.78755893,54.73939837],[-129.78725869,54.73934817],[-129.78710566,54.73932004],[-129.78696099,54.73929298],[-129.78666217,54.73924206],[-129.78635968,54.73921002],[-129.78604957,54.73920717],[-129.78582402,54.7392207],[-129.78573761,54.73922569],[-129.78544355,54.73925595],[-129.78513396,54.73930793],[-129.7848336,54.73935529],[-129.78452491,54.73939196],[-129.78422129,54.73938555],[-129.78393075,54.7393147],[-129.78368373,54.73920468],[-129.78340582,54.73912564],[-129.78334634,54.73911246],[-129.783113,54.73906119],[-129.78281283,54.73902024],[-129.78250412,54.73901205],[-129.78219028,54.73901882],[-129.78187916,54.73901989],[-129.78156773,54.7390174],[-129.78125747,54.73901989],[-129.78094899,54.73903449],[-129.78064275,54.73906653],[-129.78033896,54.7391057],[-129.78003657,54.73914664],[-129.7797349,54.73919186],[-129.77943328,54.73923459],[-129.77912817,54.73926699],[-129.77881682,54.73927838],[-129.77850796,54.73926129],[-129.7782011,54.73922711],[-129.77790451,54.73917477],[-129.77763226,54.73908825],[-129.77736468,54.73899568],[-129.77707313,54.73893586],[-129.77677133,54.73889171],[-129.77647207,54.73884257],[-129.77614545,54.73879664],[-129.77582473,54.73874466],[-129.77560202,54.73865031],[-129.77555581,54.73857447],[-129.77550898,54.73849863],[-129.77549047,54.73831419],[-129.77550127,54.73811908],[-129.77550155,54.73793357],[-129.77550465,54.73775377],[-129.7755164,54.73757396],[-129.77552568,54.73739415],[-129.7755251,54.73732543],[-129.77552262,54.73721435],[-129.77552184,54.7371937],[-129.77551218,54.73702742],[-129.77542064,54.73686292],[-129.77519998,54.73674186],[-129.77493926,54.73663256],[-129.77471166,54.73650972],[-129.77449188,54.73638296],[-129.77427148,54.73625621],[-129.77424184,54.73623983],[-129.77404673,54.73613195],[-129.77381764,54.73601018],[-129.77360546,54.73590158],[-129.77358543,54.7358909],[-129.77334646,54.73577625],[-129.77317856,54.73570362],[-129.77309762,54.73566872],[-129.77284255,54.73556618],[-129.77258766,54.73546293],[-129.7723325,54.73536074],[-129.77208766,54.73526389],[-129.77181755,54.73515992],[-129.77155341,54.73506379],[-129.77128838,54.73496872],[-129.77102619,54.73487223],[-129.77076953,54.73477112],[-129.77052336,54.73466288],[-129.77028151,54.73454751],[-129.77004471,54.73442468],[-129.76982607,54.73429365],[-129.76963823,54.73415336],[-129.76949524,54.73399955],[-129.76940413,54.73382651],[-129.76935306,54.73364421],[-129.76932753,54.73346333],[-129.76931513,54.73328175],[-129.76931713,54.73309696],[-129.76933964,54.73291395],[-129.76938917,54.73273841],[-129.76950205,54.73258246],[-129.76979329,54.73247315],[-129.7699112,54.7323286],[-129.76991631,54.73215555],[-129.76989913,54.73197575],[-129.7698614,54.73179203],[-129.76980384,54.73160866],[-129.769728,54.73142921],[-129.76963488,54.73125688],[-129.76952866,54.73108989],[-129.76941167,54.73092397],[-129.76928568,54.73075947],[-129.76915078,54.73059605],[-129.76900854,54.73043475],[-129.76885968,54.73027524],[-129.76870542,54.73011751],[-129.7685468,54.72996227],[-129.76838384,54.72980953],[-129.76821441,54.72966034],[-129.76802807,54.72951685],[-129.767828,54.7293787],[-129.76761758,54.72924483],[-129.76739996,54.72911487],[-129.76717914,54.72898776],[-129.76695727,54.72885993],[-129.766731,54.72872535],[-129.76649693,54.72859468],[-129.76625199,54.72847967],[-129.7659931,54.72839208],[-129.76571624,54.72834259],[-129.7654158,54.72832906],[-129.76509993,54.72834152],[-129.76477879,54.72837179],[-129.76446177,54.72840988],[-129.76415908,54.72844976],[-129.76386921,54.72851136],[-129.76358582,54.72858827],[-129.7633019,54.72866482],[-129.76301245,54.72873425],[-129.76272194,54.72881009],[-129.76243023,54.72888343],[-129.76213863,54.72894218],[-129.76184652,54.72897458],[-129.76150994,54.72894361],[-129.76124068,54.72884854],[-129.76118498,54.72870078],[-129.76125162,54.72850958],[-129.76128537,54.72832158],[-129.76128294,54.72828135],[-129.76127532,54.72814071],[-129.76124332,54.72796126],[-129.76117682,54.72778644],[-129.76104856,54.72761909],[-129.76083778,54.72749376],[-129.76055903,54.72740439],[-129.76039825,54.7272577],[-129.76029775,54.72708323],[-129.76024509,54.7270017],[-129.760205,54.72694046],[-129.76018775,54.72691446],[-129.76009064,54.72674356],[-129.76003165,54.72656838],[-129.76001209,54.72638858],[-129.75999131,54.72620877],[-129.7599535,54.72603039],[-129.75991702,54.72585165],[-129.75989852,54.72567255],[-129.75988822,54.72549275],[-129.75986621,54.72531294],[-129.75983609,54.72513349],[-129.7598066,54.7250459],[-129.75977711,54.72495831],[-129.75966007,54.72479061],[-129.7594889,54.72463893],[-129.75929321,54.72449616],[-129.75921465,54.72432988],[-129.75924124,54.72417642],[-129.75924669,54.72414616],[-129.75933679,54.72397383],[-129.7594334,54.72380257],[-129.75945137,54.72369148],[-129.75946201,54.7236249],[-129.75946961,54.72344509],[-129.75946568,54.72326457],[-129.75945734,54.72308441],[-129.75945076,54.7229046],[-129.75944005,54.72272408],[-129.75941982,54.72254463],[-129.75938371,54.72236696],[-129.75933185,54.72217648],[-129.75928731,54.72211345],[-129.7592168,54.72201305],[-129.75897512,54.72192831],[-129.75864974,54.72189484],[-129.7583333,54.72187668],[-129.7580207,54.72186742],[-129.75770801,54.72187027],[-129.75740431,54.72189057],[-129.75712499,54.72197317],[-129.75682872,54.72202871],[-129.75652658,54.72206895],[-129.75646902,54.72207215],[-129.75621756,54.72208604],[-129.75590653,54.7220896],[-129.7557919,54.72208711],[-129.75559626,54.72208319],[-129.75528573,54.72207073],[-129.75497335,54.72207002],[-129.75468585,54.72212734],[-129.75453644,54.72217292],[-129.7544117,54.72221137],[-129.75411622,54.7222662],[-129.75386108,54.72230821],[-129.7538173,54.72231534],[-129.75351785,54.72236412],[-129.75321923,54.72241681],[-129.75291693,54.72245526],[-129.75260723,54.72245847],[-129.75229462,54.72244921],[-129.75197831,54.72247057],[-129.75177439,54.72258772],[-129.75167916,54.72276539],[-129.75157962,54.72293594],[-129.75148412,54.72310755],[-129.75139147,54.72325887],[-129.75138064,54.72327668],[-129.75125627,54.72344082],[-129.75111443,54.72360104],[-129.7509583,54.72375699],[-129.75079053,54.72390796],[-129.75057584,54.72404504],[-129.75036322,54.72417891],[-129.75028445,54.72433843],[-129.75031019,54.72440964],[-129.75035159,54.72452464],[-129.7501876,54.7246635],[-129.74991457,54.72476676],[-129.74963877,54.72484758],[-129.74935454,54.72492057],[-129.74906493,54.72498822],[-129.7487744,54.72505231],[-129.74848053,54.72511035],[-129.7481834,54.72516197],[-129.74788479,54.72521218],[-129.74758618,54.72526238],[-129.74728742,54.7253108],[-129.7471916,54.72532825],[-129.74699087,54.72536492],[-129.74669656,54.72542225],[-129.74640473,54.7254842],[-129.7461193,54.7255547],[-129.74583671,54.72563552],[-129.74558272,54.72573664],[-129.74539491,54.72587693],[-129.7452269,54.7260311],[-129.74507802,54.72613578],[-129.74502889,54.72617031],[-129.74497274,54.72620343],[-129.74481106,54.72629814],[-129.74475842,54.72632021],[-129.7445559,54.72640602],[-129.74426567,54.7264548],[-129.74395101,54.72643913],[-129.74365219,54.72638893],[-129.74337646,54.72630704],[-129.7432109,54.72624473],[-129.74311612,54.72620877],[-129.74286061,54.72610623],[-129.74266536,54.72603252],[-129.74260027,54.72600795],[-129.74233031,54.72591823],[-129.74216913,54.72588156],[-129.74204166,54.72585272],[-129.74173692,54.72581569],[-129.74142753,54.72581996],[-129.74111694,54.72584524],[-129.74081402,54.72588832],[-129.7405738,54.72599799],[-129.74036719,54.72613471],[-129.74025007,54.72621696],[-129.74016987,54.72627357],[-129.73997589,54.72641385],[-129.73977691,54.726552],[-129.73957817,54.72669158],[-129.73937682,54.72682937],[-129.73916291,54.72695861],[-129.73892084,54.72706828],[-129.73880888,54.72710495],[-129.73864851,54.72715694],[-129.73838175,54.72725022],[-129.73813849,54.72736202],[-129.73790718,54.72748237],[-129.73768172,54.72760627],[-129.73745982,54.72773303],[-129.73725822,54.7278694],[-129.73709007,54.72801929],[-129.73694125,54.72817774],[-129.73678727,54.72833476],[-129.73660895,54.72848109],[-129.73641267,54.72862067],[-129.73621245,54.72875882],[-129.73602519,54.72890159],[-129.7358522,54.72905113],[-129.73568813,54.72920424],[-129.73553494,54.72936054],[-129.73540474,54.72952326],[-129.7353063,54.72969416],[-129.73518047,54.72985902],[-129.73504487,54.73002351],[-129.73491753,54.73014706],[-129.73488598,54.73017804],[-129.73468503,54.73031192],[-129.73446097,54.73043511],[-129.7342209,54.73055118],[-129.73397184,54.73066156],[-129.73371924,54.73076659],[-129.73345926,54.73086451],[-129.733189,54.73095459],[-129.7329164,54.73104182],[-129.7326458,54.73113084],[-129.73250382,54.73118318],[-129.73238443,54.73122697],[-129.73214205,54.7313377],[-129.73192399,54.73146624],[-129.7317094,54.73159798],[-129.73147625,54.73171583],[-129.73121688,54.73181374],[-129.73094652,54.73190418],[-129.730686,54.73200174],[-129.73044177,54.73211247],[-129.73026573,54.73219828],[-129.73020415,54.73222855],[-129.72997176,54.73234818],[-129.72974313,54.73246995],[-129.72949523,54.73258994],[-129.72926853,54.73271847],[-129.72916598,54.73287442],[-129.72915987,54.73305067],[-129.72919089,54.73323582],[-129.72920028,54.73333409],[-129.72920843,54.73342061],[-129.7291905,54.73360433],[-129.72915174,54.73378983],[-129.72903806,54.73394828],[-129.72882389,54.73406898],[-129.7285518,54.73416832],[-129.72843281,54.7342082],[-129.72827541,54.73426054],[-129.72799709,54.73434599],[-129.72770095,54.73439121],[-129.72739105,54.73439477],[-129.72707735,54.73438231],[-129.72676788,54.73436308],[-129.72645843,54.73433673],[-129.72615104,54.73432605],[-129.72583942,54.73435738],[-129.72558292,54.73445601],[-129.72534214,54.73456995],[-129.72510604,54.73468958],[-129.7248727,54.73481277],[-129.72463936,54.73493597],[-129.72440421,54.73505667],[-129.724165,54.73517167],[-129.7239194,54.73527813],[-129.72366515,54.73537284],[-129.72338687,54.73543693],[-129.72307714,54.73545865],[-129.7227542,54.73546257],[-129.72243812,54.73547325],[-129.72212889,54.7354907],[-129.72181909,54.73550565],[-129.72150947,54.73551989],[-129.72119976,54.73553449],[-129.72089054,54.73555194],[-129.72058223,54.73557294],[-129.7202756,54.73559929],[-129.71996927,54.7356292],[-129.71966353,54.7356616],[-129.71935845,54.73569614],[-129.71905371,54.73573174],[-129.71874897,54.73576735],[-129.71844423,54.73580296],[-129.71813915,54.73583749],[-129.71783402,54.73586989],[-129.71752769,54.7358998],[-129.71722106,54.73592615],[-129.71691299,54.73594858],[-129.7166041,54.7359671],[-129.71629472,54.73598276],[-129.71598476,54.73599594],[-129.71567394,54.73600768],[-129.71536331,54.73601872],[-129.71505329,54.73602976],[-129.71474299,54.73604187],[-129.71443294,54.7360554],[-129.71412337,54.73607177],[-129.71381552,54.736091],[-129.71350769,54.73611486],[-129.71320097,54.73614156],[-129.71289396,54.73616933],[-129.7125871,54.73619889],[-129.71228048,54.73622986],[-129.71197411,54.73626226],[-129.7116685,54.73629644],[-129.71136356,54.73633276],[-129.71105939,54.73637086],[-129.71075599,54.73641074],[-129.71045378,54.73645311],[-129.71015347,54.73649761],[-129.70985437,54.73654461],[-129.7095575,54.73659482],[-129.70926336,54.73665107],[-129.70897266,54.73671302],[-129.70868382,54.73677961],[-129.70839723,54.73684939],[-129.70811183,54.73692167],[-129.70782687,54.73699466],[-129.7075419,54.73706765],[-129.70725659,54.73713958],[-129.70697052,54.73720972],[-129.70668573,54.737282],[-129.7064019,54.73735534],[-129.70611902,54.73742976],[-129.70583552,54.73750417],[-129.70555178,54.73757716],[-129.70526675,54.73764802],[-129.70497938,54.73771602],[-129.704686,54.73777406],[-129.70438574,54.7378207],[-129.70413881,54.73785916],[-129.70403275,54.73787554],[-129.70388828,54.73788551],[-129.70401417,54.73740377],[-129.70332687,54.73690458],[-129.70281518,54.73635911],[-129.70251953,54.73570504],[-129.70220867,54.73511364],[-129.70203575,54.73469207],[-129.70186679,54.7341968],[-129.70155539,54.73354665],[-129.70095222,54.73278434],[-129.70012536,54.73226558],[-129.69950774,54.73187285],[-129.69921874,54.73151324],[-129.69902915,54.73115077],[-129.69884759,54.73050454],[-129.69776761,54.73021721],[-129.69667264,54.72985795],[-129.69548829,54.72931355],[-129.69466131,54.72897886],[-129.69401944,54.7286812],[-129.69345048,54.72840882],[-129.69302866,54.72805063],[-129.69260253,54.72763155],[-129.692448,54.72708252],[-129.69245788,54.72644305],[-129.69191612,54.72573736],[-129.6915177,54.72503771],[-129.69140121,54.72438436],[-129.69121614,54.72373634],[-129.69106992,54.72307195],[-129.69112157,54.72245455],[-129.69116407,54.72191407],[-129.69119804,54.72145048],[-129.69101686,54.72116707],[-129.69131438,54.72098548],[-129.69150307,54.72082383],[-129.69162455,54.72069031],[-129.69167463,54.72056107],[-129.69183546,54.72030862],[-129.69203818,54.72004693],[-129.69209914,54.71997465],[-129.69222975,54.71975033],[-129.69227712,54.71950039],[-129.69226433,54.71902719],[-129.69227351,54.71835603],[-129.6921155,54.71779774],[-129.69186692,54.71729785],[-129.69142661,54.71694073],[-129.69130167,54.71692364],[-129.69109931,54.71687984],[-129.6909279,54.71684495],[-129.69080343,54.7168097],[-129.69067846,54.71678335],[-129.69055411,54.716757],[-129.69036741,54.71673101],[-129.69018062,54.71670537],[-129.68996236,54.71667048],[-129.68975485,54.71662989],[-129.68955766,54.71658289],[-129.68941705,54.71653874],[-129.68929172,54.71648569],[-129.68916699,54.71642338],[-129.68904165,54.71636107],[-129.68888527,54.71629022],[-129.68874442,54.71622826],[-129.68861932,54.71618376],[-129.6884684,54.71615065],[-129.68827688,54.71612893],[-129.68776772,54.71610792],[-129.68729545,54.7160335],[-129.68697647,54.71591779],[-129.68681168,54.71578071],[-129.68678355,54.71564897],[-129.68677601,54.71550227],[-129.68650982,54.71535701],[-129.6862901,54.71520853],[-129.68602268,54.71502125],[-129.6857979,54.71487562],[-129.68556229,54.7147243],[-129.68531657,54.71456692],[-129.68506827,54.71435863],[-129.68476069,54.71412969],[-129.68447677,54.71387654],[-129.6842763,54.71362018],[-129.68360192,54.71323743],[-129.68291735,54.71273219],[-129.68239952,54.71208809],[-129.68222953,54.71120508],[-129.68232418,54.7101533],[-129.68243688,54.70914994],[-129.68235517,54.70832283],[-129.68209536,54.70761714],[-129.68184979,54.70685768],[-129.68157703,54.70600529],[-129.68112738,54.70520916],[-129.68049633,54.70449563],[-129.6797033,54.70379599],[-129.68001967,54.70321918],[-129.68013724,54.70281399],[-129.68035137,54.70235362],[-129.68047276,54.70185942],[-129.68035024,54.70132997],[-129.68035205,54.70093154],[-129.68060719,54.70051888],[-129.68111573,54.70009162],[-129.68168578,54.69945037],[-129.6821636,54.6987315],[-129.68233854,54.69826329],[-129.68236567,54.69782285],[-129.6826874,54.69769895],[-129.68304022,54.69766014],[-129.68346457,54.69767473],[-129.68389416,54.69760424],[-129.68428068,54.69730052],[-129.68458266,54.69679457],[-129.68568259,54.6967077],[-129.68569993,54.69588949],[-129.68570193,54.69508979],[-129.6857191,54.69425378],[-129.68572278,54.69355272],[-129.68563946,54.69281035],[-129.68535531,54.69220079],[-129.68486962,54.69172439],[-129.68576063,54.69121594],[-129.68600633,54.69104397],[-129.68655112,54.69035394],[-129.68699043,54.6896365],[-129.68738234,54.68893294],[-129.68777309,54.68818487],[-129.68803373,54.6873955],[-129.68816522,54.68661005],[-129.68813814,54.6859421],[-129.6880676,54.6854244],[-129.68747501,54.68524779],[-129.68706315,54.68474683],[-129.68591168,54.68441997],[-129.68477325,54.68414866],[-129.6837146,54.6839482],[-129.68238962,54.68355121],[-129.68128058,54.68309012],[-129.68028596,54.68285975],[-129.67945684,54.68266499],[-129.6787941,54.68250477],[-129.67821391,54.6824421],[-129.67782426,54.68232745],[-129.67745084,54.68223986],[-129.67712403,54.68217862],[-129.67681271,54.68212628],[-129.67647114,54.68208356],[-129.67601409,54.68197923],[-129.67552002,54.68179622],[-129.67498831,54.68153452],[-129.67440879,54.6816157],[-129.67385523,54.68168264],[-129.67337243,54.68178697],[-129.67294215,54.68203229],[-129.67258299,54.68239261],[-129.6722409,54.68234953],[-129.67178958,54.68223524],[-129.67135274,54.68208498],[-129.6709316,54.68196143],[-129.6708073,54.68192618],[-129.67060863,54.68150497],[-129.67051185,54.68095736],[-129.66885343,54.68103819],[-129.66785098,54.68135543],[-129.66721906,54.68162247],[-129.66670681,54.68158936],[-129.6662782,54.68151494],[-129.66575606,54.68142166],[-129.66514081,54.68131021],[-129.66450031,54.6812568],[-129.66388804,54.68119449],[-129.66330235,54.68112257],[-129.66272525,54.68093707],[-129.66231004,54.68059882],[-129.66203393,54.68016586],[-129.66189804,54.67963855],[-129.66114319,54.67988137],[-129.66053045,54.68002736],[-129.66007893,54.68010889],[-129.65968929,54.68022176],[-129.65928889,54.68040762],[-129.65881244,54.68066184],[-129.65830458,54.68092532],[-129.65781253,54.68116174],[-129.65701951,54.68124897],[-129.6561512,54.6813832],[-129.65494328,54.68150675],[-129.65361561,54.68166377],[-129.65225312,54.68173391],[-129.65086713,54.68168157],[-129.64949018,54.68159292],[-129.64820458,54.68168656],[-129.64702202,54.681798],[-129.64594393,54.68192654],[-129.64576648,54.68161179],[-129.64549988,54.68132659],[-129.64530417,54.68106204],[-129.645175,54.6807302],[-129.64511178,54.68033107],[-129.64468931,54.67975213],[-129.64416426,54.67925793],[-129.64415168,54.67845788],[-129.64337724,54.67829943],[-129.64277993,54.67812568],[-129.64235955,54.67793733],[-129.64207855,54.67780381],[-129.64173487,54.67763504],[-129.6413751,54.67744811],[-129.64103072,54.67726118],[-129.64067176,54.67710132],[-129.64029759,54.67696851],[-129.63983044,54.67685422],[-129.63947323,54.67683819],[-129.63938015,54.67683855],[-129.63899294,54.67684959],[-129.63846567,54.67685244],[-129.63803792,54.67683072],[-129.63757034,54.67678514],[-129.63712367,54.67665874],[-129.63670239,54.67652024],[-129.63629196,54.67636643],[-129.63586558,54.67621012],[-129.63555284,54.67604099],[-129.63517754,54.67583626],[-129.63483331,54.67565824],[-129.63453472,54.67540829],[-129.63425833,54.67522991],[-129.63394016,54.67506968],[-129.63352864,54.67488311],[-129.63315901,54.67468728],[-129.63289212,54.67447329],[-129.63258974,54.67430702],[-129.63223532,54.67413504],[-129.63184503,54.67398443],[-129.63145555,54.67384237],[-129.63120532,54.67370921],[-129.63068016,54.67384059],[-129.63029394,54.67394741],[-129.63008256,54.67399654],[-129.6299072,54.67401221],[-129.62973626,54.67400437],[-129.62953533,54.67401434],[-129.62921,54.67404283],[-129.6286994,54.6741265],[-129.62829745,54.67421836],[-129.62780312,54.67432874],[-129.62746327,54.67440244],[-129.62710833,54.67454201],[-129.62667623,54.67467304],[-129.62623943,54.67481938],[-129.62588896,54.67489593],[-129.62564228,54.67497818],[-129.62543647,54.67505722],[-129.62527106,54.67514873],[-129.62506728,54.67525483],[-129.62482592,54.67537482],[-129.62436319,54.67553291],[-129.6231397,54.67564115],[-129.62235095,54.6757679],[-129.62185504,54.6757825],[-129.62140298,54.67573194],[-129.6210068,54.67563118],[-129.62069011,54.67546098],[-129.62047529,54.6752413],[-129.62032326,54.67499634],[-129.62022659,54.67476312],[-129.61933717,54.6747617],[-129.61897313,54.67472289],[-129.6187361,54.67467197],[-129.61859561,54.67460076],[-129.61843963,54.67452991],[-129.61806453,54.67433408],[-129.61776755,54.67419166],[-129.61737802,54.67404995],[-129.61706469,54.67386266],[-129.61592183,54.67417421],[-129.61529618,54.6741443],[-129.61484639,54.67414074],[-129.61456353,54.67413006],[-129.61426464,54.67407558],[-129.61394974,54.67397731],[-129.61361635,54.67383525],[-129.6133261,54.67376689],[-129.61303814,54.6737384],[-129.61275185,54.6737498],[-129.612458,54.67378718],[-129.61197808,54.6738527],[-129.61158622,54.67389969],[-129.61125436,54.67396414],[-129.61098848,54.67402823],[-129.61083415,54.67409196],[-129.61067981,54.6741557],[-129.61054141,54.67421053],[-129.61027878,54.67429242],[-129.60978448,54.67442095],[-129.60955325,54.67450285],[-129.60934757,54.67456979],[-129.6091057,54.67463387],[-129.60871837,54.67468693],[-129.60829969,54.67468906],[-129.60791251,54.67469084],[-129.60747859,54.67472004],[-129.60702929,54.67474924],[-129.60684312,54.6747592],[-129.60665757,54.67476917],[-129.60647141,54.67477914],[-129.60625446,54.67478911],[-129.60586674,54.67480905],[-129.6056189,54.67481938],[-129.60535568,54.67482045],[-129.60507643,54.67483077],[-129.60478162,54.67483255],[-129.60456458,54.67483362],[-129.60442522,54.67483433],[-129.60427494,54.67482294],[-129.60401149,54.67481333],[-129.60370659,54.67481368],[-129.60340229,54.67486709],[-129.6031348,54.67495325],[-129.60287407,54.67506256],[-129.60256896,54.6751651],[-129.60218874,54.67520071],[-129.60176321,54.67518006],[-129.60132819,54.67513733],[-129.60084652,54.6750825],[-129.60039562,54.67500702],[-129.59999131,54.67494613],[-129.59951112,54.67496643],[-129.59929424,54.67499456],[-129.5990314,54.67502874],[-129.5987058,54.67506043],[-129.59825641,54.67507146],[-129.59786861,54.67507324],[-129.59745078,54.67511134],[-129.59698631,54.6751765],[-129.59690923,54.67518611],[-129.59670775,54.67520498],[-129.59633611,54.67523382],[-129.59601067,54.67525341],[-129.59571603,54.67526373],[-129.59543678,54.67527406],[-129.59502976,54.67534313],[-129.59466909,54.67542075],[-129.59432858,54.6754852],[-129.59393624,54.6755062],[-129.59339752,54.67580529],[-129.59255186,54.67521638],[-129.59192586,54.67482401],[-129.59156553,54.6749326],[-129.59117857,54.67500951],[-129.5907657,54.67505437],[-129.59040947,54.67507395],[-129.59002158,54.67506683],[-129.58959925,54.67503194],[-129.5892505,54.67498672],[-129.58898646,54.67486424],[-129.58871369,54.67468693],[-129.58825772,54.6743704],[-129.58775337,54.67407131],[-129.58720136,54.67378932],[-129.5862893,54.67349522],[-129.5852139,54.67325702],[-129.58379048,54.67310214],[-129.58257236,54.67308896],[-129.58159614,54.67315661],[-129.58086253,54.67330473],[-129.58041101,54.67318118],[-129.5799903,54.67304837],[-129.57967876,54.67292411],[-129.57927436,54.67283617],[-129.57880997,54.67279522],[-129.57834276,54.67277172],[-129.57790916,54.67280661],[-129.57750696,54.67287141],[-129.57710407,54.67292732],[-129.57667085,54.67296541],[-129.5764071,54.67297538],[-129.57611307,54.67299497],[-129.57561688,54.67301526],[-129.5750899,54.67303556],[-129.57467199,54.67306475],[-129.57419202,54.67312101],[-129.57372755,54.67317691],[-129.57334641,54.67326877],[-129.57307809,54.67334176],[-129.57293456,54.67339944],[-129.57278526,54.67345107],[-129.57256881,54.67349593],[-129.57227619,54.67351943],[-129.57190749,54.67352121],[-129.57144764,54.67353225],[-129.57107971,54.67357711],[-129.57076801,54.67359135],[-129.57051236,54.67357569],[-129.5698645,54.67356679],[-129.56917922,54.67358494],[-129.5683153,54.67378255],[-129.56754926,54.67396414],[-129.5668813,54.67412899],[-129.56626729,54.67420056],[-129.56603378,54.67403108],[-129.56579744,54.67385839],[-129.56544182,54.67369425],[-129.56493132,54.67354969],[-129.56419954,54.6734703],[-129.56336169,54.6734443],[-129.56276743,54.67342615],[-129.56237964,54.67342792],[-129.56202268,54.67339054],[-129.561736,54.67322426],[-129.56151971,54.67292874],[-129.5611911,54.67309786],[-129.56093391,54.67315911],[-129.56074702,54.67311211],[-129.56046612,54.67297253],[-129.56020059,54.67286287],[-129.55985845,54.67276567],[-129.55959368,54.67270371],[-129.55934495,54.67266918],[-129.55920554,54.67265173],[-129.55902021,54.6726058],[-129.55880577,54.67253067],[-129.55826576,54.67236546],[-129.55765416,54.67221236],[-129.55697522,54.67211979],[-129.5564472,54.6720614],[-129.55595512,54.67198378],[-129.55556708,54.67194069],[-129.55514763,54.67189761],[-129.55462961,54.67179507],[-129.55402777,54.67161491],[-129.5531459,54.67178973],[-129.55261174,54.67166938],[-129.55198016,54.67158856],[-129.55137646,54.67166297],[-129.55106515,54.67156577],[-129.55062917,54.67143296],[-129.55013166,54.67131831],[-129.54986685,54.67124746],[-129.5495865,54.67113815],[-129.54937085,54.67101033],[-129.54920365,54.67088322],[-129.5490849,54.67075682],[-129.54900516,54.67060443],[-129.54892515,54.67040718],[-129.5488599,54.67018251],[-129.5488416,54.66995499],[-129.54876556,54.6697086],[-129.5486643,54.66947361],[-129.54858433,54.6692671],[-129.54856712,54.66916847],[-129.54856594,54.66906059],[-129.54854874,54.6689527],[-129.54851595,54.66881812],[-129.54845235,54.66869279],[-129.54837343,54.66857636],[-129.54829464,54.66847773],[-129.54818444,54.66838836],[-129.548075,54.66831679],[-129.54788767,54.66821888],[-129.5477003,54.66810281],[-129.5474815,54.66799599],[-129.54726339,54.66789808],[-129.54682668,54.66772931],[-129.5464377,54.6676143],[-129.54603338,54.66751746],[-129.54566001,54.66742916],[-129.54530218,54.66735866],[-129.54497565,54.66728851],[-129.54468009,54.66721766],[-129.5446,54.6670026],[-129.5439625,54.66689152],[-129.54347997,54.66675586],[-129.54331732,54.6665319],[-129.54307575,54.66626949],[-129.54275659,54.66596827],[-129.54228229,54.66593943],[-129.54185178,54.66583938],[-129.54146557,54.66566848],[-129.5410756,54.66547265],[-129.54064456,54.66531278],[-129.54018772,54.66517107],[-129.53990758,54.66510022],[-129.53959657,54.66502972],[-129.53931283,54.66494711],[-129.53901176,54.6648168],[-129.53869223,54.66463842],[-129.53837386,54.66414457],[-129.53801108,54.6638227],[-129.53764452,54.66370022],[-129.53735456,54.66364076],[-129.53714309,54.6635756],[-129.53687697,54.66336126],[-129.53667806,54.66314656],[-129.53657853,54.6629194],[-129.5365113,54.66267977],[-129.5364597,54.66240953],[-129.53636525,54.66216813],[-129.53618768,54.66201823],[-129.53602689,54.66185409],[-129.53588337,54.66167606],[-129.53582862,54.66143359],[-129.53575202,54.66113735],[-129.53564277,54.66079554],[-129.53549982,54.66040745],[-129.53510462,54.65997093],[-129.5346562,54.6595515],[-129.53417409,54.65942403],[-129.53359942,54.65932256],[-129.53368963,54.65871121],[-129.53375643,54.65831243],[-129.53374893,54.65812551],[-129.53368982,54.65793822],[-129.53356311,54.65772317],[-129.5334203,54.65748105],[-129.53326213,54.6572571],[-129.53310465,54.65704204],[-129.53291581,54.65684514],[-129.53271147,54.65663044],[-129.53244494,54.65639296],[-129.53214718,54.65616864],[-129.53177324,54.65599631],[-129.53145596,54.65584214],[-129.53127007,54.65570293],[-129.53114578,54.65557261],[-129.53108434,54.6554512],[-129.53102036,54.65532551],[-129.53085111,54.65516564],[-129.53062302,54.65497979],[-129.53027352,54.65472378],[-129.52986164,54.65442292],[-129.52869353,54.65400278],[-129.52781167,54.6537012],[-129.5272149,54.65351783],[-129.52682459,54.653322],[-129.52651349,54.65318849],[-129.52620111,54.65304606],[-129.52588931,54.65288549],[-129.52557666,54.6526893],[-129.52546737,54.65263589],[-129.52517099,54.65249347],[-129.52486009,54.65238666],[-129.52470379,54.65229764],[-129.52439113,54.6520833],[-129.52425023,54.65196687],[-129.52401437,54.65171657],[-129.52361982,54.65155029],[-129.52319913,54.65137832],[-129.52275228,54.65120065],[-129.52230223,54.65113976],[-129.52191483,54.65116824],[-129.52123343,54.65118925],[-129.52089283,54.65120848],[-129.52062981,54.65124586],[-129.52024691,54.65122343],[-129.51987987,54.65120385],[-129.51960472,54.65122913],[-129.51934364,54.65126616],[-129.51914238,54.65130497],[-129.5188951,54.65133416],[-129.51856749,54.65120955],[-129.51834407,54.65111163],[-129.51811828,54.650945],[-129.51784838,54.65070929],[-129.51765533,54.65069719],[-129.51746074,54.65070217],[-129.51700369,54.65076982],[-129.51661076,54.6507595],[-129.5162826,54.6506712],[-129.51602864,54.65059749],[-129.51575404,54.65053874],[-129.51543293,54.65049495],[-129.51510836,54.6504184],[-129.51474399,54.65031835],[-129.5145267,54.65029805],[-129.514258,54.65029948],[-129.51393818,54.65032155],[-129.51355143,54.65038635],[-129.51308799,54.65050492],[-129.51271748,54.65062348],[-129.5123558,54.65061601],[-129.51172681,54.65060248],[-129.51099661,54.6506128],[-129.5102175,54.65068793],[-129.50960414,54.65076234],[-129.50932528,54.65076947],[-129.5089835,54.65073386],[-129.50860535,54.65062562],[-129.5081896,54.65044475],[-129.50789396,54.65035004],[-129.50755148,54.65021687],[-129.50716174,54.65004454],[-129.50692832,54.64995873],[-129.5066578,54.64984622],[-129.50638747,54.64970345],[-129.50617396,54.64954856],[-129.50597402,54.6494186],[-129.50575738,54.64929577],[-129.50547745,54.64920675],[-129.50473136,54.64904831],[-129.50379924,54.64887242],[-129.50341144,54.64880228],[-129.50277483,54.64873285],[-129.5024187,54.64872537],[-129.50208744,54.64867374],[-129.50170404,54.64859648],[-129.50114432,54.64844302],[-129.50092673,54.64839887],[-129.50056995,54.64840065],[-129.50032238,54.64841952],[-129.50016784,54.64843804],[-129.49990491,54.64849322],[-129.49928691,54.64864846],[-129.49897789,54.64873071],[-129.49837533,54.64889485],[-129.49794325,54.64903157],[-129.49750249,54.64916403],[-129.49709903,54.6492655],[-129.49676871,54.64931499],[-129.49614096,54.6493652],[-129.49564419,54.64942715],[-129.49511349,54.64955533],[-129.49427348,54.64971448],[-129.49377582,54.64984337],[-129.49334673,54.64997583],[-129.49299652,54.65008513],[-129.49248185,54.65007445],[-129.49201188,54.65010329],[-129.49158721,54.65017165],[-129.4913557,54.65023574],[-129.49072217,54.65037318],[-129.49010722,54.6505124],[-129.48963455,54.65059892],[-129.48930224,54.65058752],[-129.48891082,54.65055121],[-129.48866241,54.65049815],[-129.48829994,54.65042766],[-129.48803427,54.65040878],[-129.48769552,54.65044617],[-129.48728307,54.65053981],[-129.48688695,54.65066407],[-129.48655816,54.65080329],[-129.48638915,54.65092969],[-129.48609792,54.65120065],[-129.48580756,54.65153427],[-129.48571635,54.65170517],[-129.48553819,54.65194266],[-129.48530463,54.65213243],[-129.48505711,54.6523101],[-129.4846269,54.65263518],[-129.48435508,54.65280715],[-129.48411889,54.65293391],[-129.48392351,54.65298269],[-129.48374828,54.65303431],[-129.4833008,54.65317994],[-129.48307851,54.65333945],[-129.4828495,54.65347831],[-129.48253883,54.65355736],[-129.4821279,54.65363391],[-129.48189579,54.65368874],[-129.48147912,54.65382511],[-129.48109384,54.65397963],[-129.48050732,54.65418864],[-129.48002849,54.65436132],[-129.47950749,54.6545511],[-129.47908221,54.65473055],[-129.47876733,54.65489326],[-129.47845558,54.65503533],[-129.47810054,54.65514179],[-129.4774348,54.65524326],[-129.47687643,54.65518238],[-129.47625582,54.65514001],[-129.47588299,54.65508945],[-129.47553055,54.65500684],[-129.475199,54.65489255],[-129.47479989,54.65478004],[-129.47442176,54.65471275],[-129.47406332,54.65469316],[-129.47370858,54.65469174],[-129.47332903,54.65464332],[-129.47292678,54.65456285],[-129.47245506,54.65443894],[-129.47199355,54.65426376],[-129.47167129,54.65413345],[-129.47155144,54.65401702],[-129.47143571,54.65384683],[-129.47138817,54.6537838],[-129.47106842,54.65363747],[-129.47070854,54.65349611],[-129.47025217,54.65339286],[-129.46988935,54.6532896],[-129.46958305,54.65316178],[-129.46908836,54.65297521],[-129.4685717,54.65282424],[-129.46831198,54.65269037],[-129.46801366,54.65248777],[-129.46768861,54.65223854],[-129.46733754,54.6519423],[-129.46685962,54.65171443],[-129.46638735,54.65154744],[-129.46612342,54.65148584],[-129.46582746,54.65137903],[-129.46550059,54.65122735],[-129.46530642,54.65113549],[-129.46506738,54.65103437],[-129.46478389,54.6509247],[-129.46434712,54.65068366],[-129.46394717,54.65047252],[-129.46342744,54.65023788],[-129.46320664,54.64987008],[-129.4631553,54.64947201],[-129.46323802,54.64914231],[-129.46340673,54.64882684],[-129.4635904,54.64864668],[-129.46370281,54.64839353],[-129.4637444,54.64812471],[-129.46373929,54.64795309],[-129.46377191,54.647774],[-129.46379106,54.64764226],[-129.46380492,54.64752547],[-129.4638142,54.64742329],[-129.46387326,54.64716266],[-129.46397863,54.64689241],[-129.46408464,54.64668555],[-129.46415434,54.64646052],[-129.46418844,54.64628962],[-129.46424753,54.64599267],[-129.46436516,54.64589938],[-129.46449345,54.64581215],[-129.46467799,54.64572171],[-129.46484257,54.64564587],[-129.46497094,54.6455946],[-129.46506335,54.64555116],[-129.46515414,54.64546607],[-129.46522463,54.64531296],[-129.46523475,54.64513743],[-129.46520165,54.64496474],[-129.46515037,54.64488392],[-129.46510155,54.64482126],[-129.46504424,54.64476037],[-129.46499857,54.64468382],[-129.46497667,54.64458092],[-129.4649907,54.64446129],[-129.46503412,54.64433311],[-129.46514637,54.64421205],[-129.46527915,54.64409242],[-129.46554115,54.64394786],[-129.46565369,54.64387558],[-129.46573554,54.64378942],[-129.46579298,54.64368438],[-129.4658071,54.64356439],[-129.46578332,54.64345259],[-129.46572027,54.64335396],[-129.46565722,54.64325534],[-129.46559413,54.64314781],[-129.46553112,54.64305808],[-129.4654835,54.64296836],[-129.46542044,54.64288789],[-129.46535748,54.64280707],[-129.46531051,54.6427444],[-129.46527892,54.64268174],[-129.46524682,54.64261872],[-129.46521518,54.64254715],[-129.46518369,54.64248413],[-129.46515138,54.64235844],[-129.46514988,54.64224166],[-129.46516371,54.64211597],[-129.4651776,54.64198103],[-129.46519136,54.64181938],[-129.46518914,54.64162141],[-129.46517148,54.64145086],[-129.46516986,54.64128922],[-129.46513542,54.64100153],[-129.46510229,54.64081317],[-129.46506923,54.64061557],[-129.46500474,54.64040905],[-129.46490945,54.64019364],[-129.46481408,54.63996043],[-129.46471895,54.63979878],[-129.46466722,54.63961328],[-129.4646678,54.63940962],[-129.46474867,54.63921165],[-129.46489006,54.63908525],[-129.46506639,54.63900692],[-129.4652979,54.63894283],[-129.46550894,54.6388613],[-129.46567138,54.6387616],[-129.46580603,54.63866226],[-129.46591354,54.63854512],[-129.46602042,54.63842798],[-129.46617275,54.63822966],[-129.46581945,54.6378793],[-129.46546959,54.63755031],[-129.46515344,54.63730784],[-129.46503482,54.63713765],[-129.46494032,54.63701908],[-129.46486129,54.63686847],[-129.46471433,54.63668938],[-129.46461832,54.6364202],[-129.46449515,54.63603139],[-129.46438149,54.6358498],[-129.46431095,54.63572234],[-129.46428423,54.63564863],[-129.46428352,54.63558561],[-129.46426739,54.63551369],[-129.46426659,54.63545103],[-129.46423357,54.63525342],[-129.46418902,54.63500774],[-129.46410445,54.63479838],[-129.46397863,54.63462534],[-129.46377439,54.63440138],[-129.46364846,54.63424009],[-129.46353861,54.6340966],[-129.4633182,54.63380998],[-129.46306774,54.63358638],[-129.46277173,54.63341263],[-129.46247156,54.63323389],[-129.46216834,54.63305052],[-129.46184007,54.63279416],[-129.46155274,54.63246873],[-129.46106271,54.63204503],[-129.46041046,54.63159818],[-129.45975091,54.63116238],[-129.45907936,54.63080241],[-129.4585562,54.63050297],[-129.45743866,54.62984498],[-129.45659934,54.62915032],[-129.4561754,54.62831502],[-129.456027,54.62735796],[-129.45601935,54.62670175],[-129.45589854,54.62601849],[-129.45547243,54.6253249],[-129.45474147,54.62462169],[-129.45588161,54.62438278],[-129.45672501,54.62405913],[-129.45727107,54.62365074],[-129.45782699,54.62288558],[-129.45852384,54.62212683],[-129.45934563,54.6217334],[-129.46000076,54.62126768],[-129.46127934,54.62082048],[-129.4622448,54.62032841],[-129.46289584,54.61979184],[-129.46439974,54.62011336],[-129.46589199,54.62025649],[-129.46720851,54.62012582],[-129.46835757,54.61978579],[-129.46938825,54.6192097],[-129.47045795,54.61869805],[-129.47164317,54.61834698],[-129.47296646,54.61823411],[-129.47429189,54.61826473],[-129.475371,54.61787415],[-129.47614616,54.6174864],[-129.47674011,54.61707766],[-129.47715507,54.61677074],[-129.47855155,54.61657847],[-129.47990761,54.6164421],[-129.48120811,54.61644887],[-129.48181995,54.61579338],[-129.48258665,54.61515853],[-129.4825782,54.61443931],[-129.48256829,54.61361256],[-129.48310689,54.61317425],[-129.48377405,54.61285096],[-129.48456967,54.61264303],[-129.4851756,54.61222609],[-129.48553309,54.61190422],[-129.48564224,54.61167705],[-129.48564014,54.61149725],[-129.48563806,54.6113445],[-129.48563446,54.61103011],[-129.48558557,54.6108325],[-129.48561275,54.61049995],[-129.48561423,54.61035218],[-129.48563462,54.61015529],[-129.48568393,54.60996053],[-129.48604941,54.6094738],[-129.48627189,54.60910137],[-129.48649037,54.60880692],[-129.48668876,54.60854557],[-129.48685387,54.60823937],[-129.48704385,54.6079118],[-129.48726036,54.60756358],[-129.48755391,54.60712208],[-129.48802836,54.60662574],[-129.48810753,54.60635977],[-129.488208,54.60613973],[-129.48803464,54.60586201],[-129.48790818,54.60562879],[-129.48776567,54.60537778],[-129.48763852,54.6050997],[-129.48752682,54.60483943],[-129.48751071,54.6047586],[-129.48749399,54.60467778],[-129.48741508,54.60453642],[-129.48739805,54.60428968],[-129.48744406,54.6039379],[-129.4880042,54.6031699],[-129.48871994,54.60235418],[-129.48896459,54.60210138],[-129.48917837,54.60184004],[-129.48954454,54.60138928],[-129.49003234,54.6007402],[-129.49019298,54.60037382],[-129.49030229,54.6000199],[-129.49032626,54.59947158],[-129.49025386,54.59858216],[-129.49019822,54.59780953],[-129.49014265,54.59707286],[-129.49008707,54.59630022],[-129.49004759,54.59558135],[-129.49148123,54.59511742],[-129.49217644,54.59528832],[-129.49274058,54.59556141],[-129.49411455,54.59558705],[-129.49543828,54.59553542],[-129.49674695,54.59541045],[-129.49809243,54.59528797],[-129.49937715,54.59529153],[-129.50075351,54.59519326],[-129.50206944,54.59498283],[-129.5033684,54.59471508],[-129.50467533,54.5944338],[-129.50577075,54.5941867],[-129.50719241,54.59400084],[-129.50715329,54.59332719],[-129.50836593,54.59282764],[-129.5094308,54.59231101],[-129.51031388,54.59180292],[-129.51116676,54.59124321],[-129.51127183,54.59044174],[-129.51170013,54.58964026],[-129.51245186,54.58883808],[-129.51364712,54.58788955],[-129.51433067,54.5870037],[-129.51470461,54.58599571],[-129.51476917,54.58486489],[-129.51437474,54.58423752],[-129.51606342,54.58441021],[-129.51761182,54.58450243],[-129.51907421,54.58469398],[-129.52048021,54.58496636],[-129.52051917,54.58560441],[-129.52142689,54.58598076],[-129.52235391,54.58627948],[-129.52327056,54.58656896],[-129.52404629,54.58698803],[-129.52467557,54.58750965],[-129.52605464,54.58779128],[-129.52738993,54.58801026],[-129.52799408,54.58805049],[-129.52856718,54.58810995],[-129.52899652,54.58818294],[-129.52931833,54.58821748],[-129.52955404,54.58823421],[-129.52972939,54.5882424],[-129.52992396,54.58825451],[-129.5301894,54.58827943],[-129.53058223,54.58835563],[-129.53078461,54.58844749],[-129.53104952,54.58858742],[-129.53136107,54.58872984],[-129.53173097,54.58887689],[-129.53211387,54.58899189],[-129.53251031,54.58907521],[-129.53275836,54.58910084],[-129.53312543,54.58914749],[-129.53354055,54.5892073],[-129.53400403,54.58928136],[-129.53434234,54.58937963],[-129.53463042,54.58947506],[-129.5348694,54.58956798],[-129.535059,54.58962104],[-129.53535702,54.58967765],[-129.53576406,54.58973782],[-129.53658925,54.58974031],[-129.53660156,54.59068385],[-129.53639731,54.5916103],[-129.53653438,54.59237973],[-129.53675299,54.5931545],[-129.53679617,54.59372668],[-129.53675779,54.59432769],[-129.53673094,54.59504478],[-129.53671624,54.59587794],[-129.53675652,54.59656975],[-129.53690688,54.59740185],[-129.5371075,54.59787433],[-129.53736192,54.59825958],[-129.53765473,54.59854869],[-129.53792607,54.59907102],[-129.53809623,54.59955632],[-129.53824287,54.60014879],[-129.53827647,54.60031044],[-129.53824706,54.60069996],[-129.53821219,54.6010756],[-129.53817249,54.60143735],[-129.53824922,54.60165988],[-129.53832723,54.60182331],[-129.5384059,54.60192763],[-129.53842577,54.60224202],[-129.53841919,54.60256781],[-129.53842015,54.60299507],[-129.53834181,54.60356974],[-129.53831473,54.60416399],[-129.53820774,54.60475148],[-129.53818048,54.60519904],[-129.53816706,54.60548673],[-129.53823801,54.60564909],[-129.53831711,54.60576552],[-129.5383962,54.60590011],[-129.53852262,54.60606425],[-129.53869502,54.60625829],[-129.53873881,54.60642564],[-129.53881087,54.60656806],[-129.53885072,54.60671368],[-129.53885834,54.60686251],[-129.53880232,54.60733927],[-129.53871973,54.60811831],[-129.53970744,54.60838464],[-129.54034046,54.60863957],[-129.54061886,54.60888276],[-129.54076179,54.60916083],[-129.54087181,54.60930397],[-129.54096697,54.60944746],[-129.54107684,54.60956388],[-129.54126513,54.60974262],[-129.54150029,54.60996622],[-129.54178228,54.61022579],[-129.54203211,54.61039527],[-129.54225106,54.61053804],[-129.54246939,54.61068082],[-129.54264218,54.61083285],[-129.5427682,54.61099415],[-129.54286277,54.61113764],[-129.54297439,54.61139755],[-129.54311189,54.61163682],[-129.54327486,54.61185472],[-129.54351073,54.61210539],[-129.5436677,54.61228412],[-129.54380916,54.61245432],[-129.54393515,54.61260671],[-129.54404582,54.61274984],[-129.54459632,54.61343061],[-129.54482913,54.61346551],[-129.54507803,54.6135182],[-129.54531094,54.6135709],[-129.54559053,54.61363285],[-129.54604166,54.61378346],[-129.54649699,54.61389811],[-129.54694234,54.61398605],[-129.54734738,54.61417298],[-129.54762786,54.6142976],[-129.54801692,54.61446637],[-129.54848401,54.61462624],[-129.5488723,54.61475014],[-129.54923109,54.61491037],[-129.54952713,54.61507985],[-129.54974693,54.61526749],[-129.54991924,54.61544658],[-129.55013905,54.61563422],[-129.55043588,54.61584856],[-129.5506704,54.6160273],[-129.55093644,54.61623274],[-129.55129554,54.61645563],[-129.551483,54.61654465],[-129.5517167,54.61666962],[-129.55195116,54.61680314],[-129.55218559,54.61696408],[-129.55245172,54.61719658],[-129.55265525,54.6173422],[-129.55284897,54.61754231],[-129.55303257,54.61779581],[-129.55314993,54.61803508],[-129.55322408,54.61817252],[-129.5538186,54.61863717],[-129.55403806,54.61883086],[-129.55428852,54.61902135],[-129.55458525,54.61919083],[-129.554866,54.61936031],[-129.55533258,54.61950202],[-129.55555583,54.61959067],[-129.55580007,54.61970639],[-129.55611226,54.61990293],[-129.55649181,54.62007775],[-129.55698421,54.62025827],[-129.55729633,54.62040959],[-129.55749082,54.62054561],[-129.55765623,54.6206777],[-129.55789709,54.62091305],[-129.55813284,54.62105797],[-129.55836853,54.62119861],[-129.55860465,54.62133533],[-129.55890782,54.62161554],[-129.55908305,54.62159062],[-129.55938733,54.62157745],[-129.55972852,54.62159382],[-129.56008445,54.62159204],[-129.56034795,54.62159098],[-129.56054932,54.62157175],[-129.56071913,54.62155323],[-129.56088909,54.62154327],[-129.56105957,54.62153365],[-129.56124558,54.62153258],[-129.56146224,54.62153187],[-129.56166363,54.6215308],[-129.56186501,54.62152974],[-129.56222083,54.62151015],[-129.56256122,54.62148167],[-129.56296657,54.6216864],[-129.56324719,54.62181102],[-129.56354331,54.62195344],[-129.56377719,54.62207806],[-129.56415241,54.6223102],[-129.56432471,54.62243518],[-129.56451244,54.62256905],[-129.56469557,54.62274281],[-129.56485794,54.62294789],[-129.56495553,54.62327688],[-129.565275,54.62324163],[-129.56573704,54.62329113],[-129.56634137,54.62342643],[-129.56733086,54.62366142],[-129.5677495,54.62394484],[-129.56810011,54.62430267],[-129.56838331,54.62473492],[-129.56942193,54.62481076],[-129.56957273,54.62448639],[-129.57071631,54.62504433],[-129.57166293,54.62556416],[-129.5720191,54.62593588],[-129.57256257,54.62624707],[-129.57329231,54.62649702],[-129.57394019,54.62668787],[-129.5746047,54.62694031],[-129.57498932,54.62712901],[-129.57537022,54.62727215],[-129.57576997,54.62741386],[-129.57630482,54.62762713],[-129.57688564,54.62793013],[-129.57782594,54.62808822],[-129.57882742,54.62831609],[-129.57924994,54.62864971],[-129.57982378,54.62905419],[-129.58054814,54.62953023],[-129.58128066,54.62985032],[-129.58154797,54.63010953],[-129.58226797,54.63064539],[-129.58274454,54.63084478],[-129.58326088,54.63119584],[-129.58381711,54.63169823],[-129.58425161,54.63175912],[-129.58459297,54.6317844],[-129.5849683,54.63179544],[-129.58532352,54.63183781],[-129.58565811,54.63191115],[-129.58608364,54.63205571],[-129.58705448,54.63206426],[-129.58782795,54.63196955],[-129.5883312,54.63177941],[-129.58869509,54.63157682],[-129.58900207,54.63140057],[-129.58940185,54.63118801],[-129.58992533,54.63094091],[-129.5907565,54.63060409],[-129.59110299,54.6305165],[-129.5914516,54.63045988],[-129.59184326,54.63041929],[-129.59236386,54.63031782],[-129.59290331,54.63016222],[-129.59335322,54.63021385],[-129.59416064,54.63032672],[-129.59490264,54.63057774],[-129.59565432,54.63079279],[-129.59630276,54.63097545],[-129.59689862,54.63110434],[-129.59751983,54.63120297],[-129.59820835,54.63121365],[-129.59893518,54.63114813],[-129.59970094,54.63100642],[-129.60037145,54.63094447],[-129.6009698,54.6309313],[-129.60155247,54.63085973],[-129.6021811,54.6307636],[-129.6028556,54.63064325],[-129.60335537,54.63021848],[-129.60382055,54.62989269],[-129.60404415,54.62929844],[-129.60419269,54.6288783],[-129.60426677,54.62863227],[-129.60445809,54.62798425],[-129.60464991,54.62730918],[-129.60469319,54.62710231],[-129.60615814,54.62668146],[-129.60656975,54.62691218],[-129.60717952,54.62695704],[-129.6080137,54.62692891],[-129.60897922,54.62680109],[-129.60986206,54.6266811],[-129.6106352,54.62636955],[-129.61133637,54.6259366],[-129.61180083,54.62595226],[-129.61221896,54.62593197],[-129.61257559,54.62594835],[-129.61307169,54.62599962],[-129.61354186,54.62600318],[-129.61402167,54.62597078],[-129.61451115,54.62590241],[-129.61491214,54.62580165],[-129.61529856,54.62573685],[-129.61571608,54.62571655],[-129.61613485,54.62572368],[-129.6164703,54.62571584],[-129.61679493,54.62568415],[-129.61710875,54.62562861],[-129.61723056,54.62549331],[-129.61735768,54.62535196],[-129.61754664,54.62520704],[-129.61779736,54.62505893],[-129.61805823,54.62489585],[-129.61843227,54.62469611],[-129.61882666,54.62451452],[-129.61910528,54.62448924],[-129.61938426,54.62448782],[-129.61966299,54.62451025],[-129.62009822,54.62458894],[-129.62026905,54.62462383],[-129.62045517,54.62465908],[-129.62064133,54.62467581],[-129.6208291,54.6246751],[-129.62100275,54.62466513],[-129.62114836,54.62463131],[-129.62129058,54.62459179],[-129.62144491,54.62453695],[-129.62159854,54.62447322],[-129.62198399,54.62435465],[-129.62232339,54.62424499],[-129.62263139,54.62414458],[-129.62323938,54.6240424],[-129.62416133,54.62392988],[-129.62431643,54.62392027],[-129.62476463,54.62388182],[-129.62524298,54.62374474],[-129.62564352,54.62362261],[-129.6260916,54.62353645],[-129.62658118,54.62346524],[-129.62702678,54.6233837],[-129.62741952,54.62329291],[-129.62785186,54.62318289],[-129.62826173,54.62308782],[-129.62866149,54.62302587],[-129.62904835,54.62301198],[-129.62948665,54.62309067],[-129.62991467,54.62317327],[-129.630334,54.62323095],[-129.63071776,54.62323095],[-129.63118187,54.6231836],[-129.63149093,54.62316402],[-129.63200206,54.62315227],[-129.63246703,54.62315903],[-129.63296306,54.62319214],[-129.63340705,54.62319001],[-129.6338037,54.62315796],[-129.63415425,54.62309601],[-129.6345707,54.62301305],[-129.63502435,54.62296569],[-129.63548372,54.6229543],[-129.63594884,54.62297887],[-129.63624333,54.62299525],[-129.63652223,54.62298492],[-129.63666136,54.62296605],[-129.63681586,54.62294718],[-129.63704914,54.62292119],[-129.63736199,54.62289662],[-129.63774425,54.62288843],[-129.63825544,54.62289484],[-129.63845675,54.62288487],[-129.63864207,54.6228749],[-129.63882809,54.62287383],[-129.6390141,54.62287277],[-129.63917016,54.62285496],[-129.63935476,54.62278802],[-129.63956842,54.62267231],[-129.64021658,54.62286066],[-129.6406654,54.62293685],[-129.64107549,54.62298777],[-129.64146302,54.62301269],[-129.64176097,54.623007],[-129.6420309,54.62298884],[-129.64227828,54.62298136],[-129.64248474,54.62297744],[-129.64270172,54.62298706],[-129.64288745,54.62298706],[-129.64302724,54.62298635],[-129.64330634,54.62301198],[-129.64374085,54.62306361],[-129.64428355,54.62310847],[-129.64501839,54.62323736],[-129.64569248,54.62341859],[-129.64662145,54.62372515],[-129.64756651,54.62404062],[-129.6472376,54.62469255],[-129.64701272,54.62525689],[-129.64763064,54.62518176],[-129.64878969,54.62490476],[-129.64981553,54.62456473],[-129.65077429,54.62416737],[-129.65186032,54.62393095],[-129.65306068,54.62377749],[-129.65446763,54.62361727],[-129.65503117,54.62314764],[-129.65573902,54.62273853],[-129.65692669,54.62225074],[-129.65806609,54.62171346],[-129.65886295,54.6210658],[-129.65942253,54.62035797],[-129.65974567,54.61958925],[-129.6605985,54.61923106],[-129.66128174,54.61879881],[-129.66174971,54.61805644],[-129.66235046,54.61733722],[-129.662923,54.61668208],[-129.66352885,54.61616438],[-129.66403957,54.61570116],[-129.66467681,54.61533727],[-129.66538029,54.61498086],[-129.66610002,54.61460737],[-129.66669462,54.6141477],[-129.66709785,54.61356449],[-129.66737904,54.61286983],[-129.6684577,54.61284598],[-129.66905656,54.61274486],[-129.66942198,54.61258784],[-129.66950424,54.61235391],[-129.66940998,54.6120858],[-129.67003598,54.61151327],[-129.67054327,54.61098916],[-129.67094186,54.61052665],[-129.67113968,54.61013891],[-129.6711385,54.60982629],[-129.67111217,54.60960305],[-129.6710583,54.60936556],[-129.67093956,54.60903052],[-129.67057328,54.60843057],[-129.67020258,54.60783347],[-129.6699541,54.60729654],[-129.66983477,54.60681694],[-129.66990868,54.60628144],[-129.66998184,54.60584065],[-129.66998677,54.60548708],[-129.66985318,54.60511821],[-129.67094405,54.60504344],[-129.67208063,54.60501603],[-129.6728418,54.60452646],[-129.67363981,54.6040967],[-129.67447475,54.60372641],[-129.67546153,54.6035053],[-129.67590462,54.60313144],[-129.67633695,54.60274263],[-129.67675854,54.60233887],[-129.67747384,54.60202732],[-129.67815576,54.60166593],[-129.67946626,54.60133516],[-129.67963473,54.60092855],[-129.67996475,54.60059813],[-129.68065511,54.60023496],[-129.68142883,54.59979915],[-129.68234889,54.59939752],[-129.6831647,54.5991052],[-129.68394691,54.59898201],[-129.68539015,54.59859356],[-129.68673122,54.59826527],[-129.68797003,54.59799752],[-129.68849129,54.59768028],[-129.68892756,54.59784834],[-129.68923906,54.59795444],[-129.6895498,54.59803349],[-129.68987075,54.59811573],[-129.69009352,54.59816522],[-129.69080659,54.59820617],[-129.69109031,54.5982254],[-129.69128704,54.59824818],[-129.69171121,54.59830302],[-129.69221711,54.59834183],[-129.69239307,54.59837102],[-129.69255913,54.59841197],[-129.69278339,54.59845363],[-129.69304512,54.59848389],[-129.69330817,54.59848852],[-129.69354956,54.598496],[-129.69379047,54.59853053],[-129.6940187,54.59860103],[-129.69421985,54.59869005],[-129.69465684,54.59887626],[-129.69498013,54.59848781],[-129.69520331,54.59824391],[-129.69484455,54.59781344],[-129.69456863,54.5973399],[-129.69448715,54.59680119],[-129.69437554,54.59652916],[-129.69424101,54.59629915],[-129.69409922,54.59615602],[-129.69397249,54.59597728],[-129.69384541,54.59578608],[-129.69381018,54.59562372],[-129.69383288,54.59545389],[-129.69391412,54.59527657],[-129.69409633,54.59507789],[-129.69418821,54.59499636],[-129.69441549,54.5947165],[-129.6945172,54.59463497],[-129.69464464,54.59454453],[-129.69485933,54.59441742],[-129.69513371,54.59427393],[-129.69541197,54.59415038],[-129.69577994,54.5939396],[-129.69613592,54.5936519],[-129.69652109,54.59322749],[-129.69685955,54.59283298],[-129.69672906,54.59242032],[-129.69671115,54.59230353],[-129.69672519,54.59218675],[-129.69678381,54.59199982],[-129.69677766,54.59186203],[-129.69672097,54.59175237],[-129.69661593,54.59164199],[-129.69649675,54.59151096],[-129.69628751,54.59133756],[-129.69600114,54.5912044],[-129.69570218,54.59110221],[-129.69545143,54.59100359],[-129.6953286,54.59085867],[-129.69521491,54.59066356],[-129.69510098,54.59042571],[-129.6948617,54.59001341],[-129.69468646,54.58973604],[-129.69458631,54.5895776],[-129.69442693,54.58942699],[-129.69422963,54.58923436],[-129.6939931,54.58900008],[-129.693935,54.5887925],[-129.69392957,54.58858101],[-129.69402677,54.588257],[-129.69390347,54.58795792],[-129.69364289,54.58752211],[-129.69326382,54.5870539],[-129.69294901,54.58672206],[-129.69271916,54.58646072],[-129.6926348,54.58627557],[-129.69263194,54.586089],[-129.69274877,54.58589139],[-129.69174142,54.58579846],[-129.6914472,54.58578208],[-129.69094004,54.58526474],[-129.69088342,54.58478585],[-129.69131857,54.58438173],[-129.69197398,54.58400858],[-129.69201632,54.58376576],[-129.6919507,54.5835475],[-129.69183834,54.58329043],[-129.69155307,54.58287847],[-129.691472,54.58268122],[-129.69137436,54.58238534],[-129.69130841,54.58213397],[-129.69128874,54.58191856],[-129.69120635,54.58159562],[-129.69123854,54.58146637],[-129.69130374,54.58127125],[-129.69131255,54.58106652],[-129.69130954,54.58089669],[-129.69129525,54.5807621],[-129.69152241,54.58047619],[-129.69170108,54.58015574],[-129.69183075,54.5798004],[-129.69179641,54.57949313],[-129.69175541,54.57921754],[-129.69167257,54.57899038],[-129.69162466,54.57879099],[-129.69155779,54.5786005],[-129.69146206,54.57842141],[-129.69114455,54.57795605],[-129.69100012,54.57775702],[-129.69091361,54.57752985],[-129.69088563,54.57727457],[-129.69088151,54.57671734],[-129.69071541,54.57638159],[-129.69045915,54.57604761],[-129.68998769,54.5757236],[-129.68952868,54.57529598],[-129.68892052,54.57481994],[-129.68843051,54.57418296],[-129.68784468,54.57350718],[-129.68730336,54.57278012],[-129.68702838,54.57228058],[-129.6868601,54.57187788],[-129.68672243,54.57158307],[-129.68646838,54.57127793],[-129.68599007,54.57133454],[-129.68566532,54.57135448],[-129.6854949,54.57135555],[-129.68513927,54.57133953],[-129.68456562,54.57127081],[-129.68383772,54.57122987],[-129.68334313,54.57123271],[-129.68259985,54.57120102],[-129.68225962,54.57120316],[-129.68180266,54.57130143],[-129.68132022,54.57143281],[-129.68113454,54.57146094],[-129.6809187,54.57148017],[-129.68047033,54.57149156],[-129.6800681,54.57151186],[-129.67956907,54.57158378],[-129.67883441,54.57171659],[-129.67840241,54.57180881],[-129.67787729,54.57186577],[-129.67736784,54.57188963],[-129.67692345,54.57186791],[-129.67657802,54.57185509],[-129.67609803,54.57181272],[-129.67576429,54.57180667],[-129.67544516,54.57182625],[-129.67513983,54.57187218],[-129.67457037,54.57203704],[-129.67412299,54.57212925],[-129.6734921,54.57232152],[-129.67316868,54.57240733],[-129.67288147,54.57251379],[-129.67263109,54.5726409],[-129.67188416,54.57238739],[-129.67084362,54.57213851],[-129.67053252,54.5723201],[-129.67025822,54.57239451],[-129.67002256,54.57236176],[-129.66984033,54.57227879],[-129.66959049,54.57212747],[-129.66940239,54.57198185],[-129.6691524,54.57183337],[-129.66882708,54.57167956],[-129.66851362,54.57155245],[-129.66828032,54.57146984],[-129.66790759,54.57137585],[-129.66768436,54.57126725],[-129.66738114,54.57111806],[-129.66699785,54.57092864],[-129.66619445,54.57064558],[-129.66588341,54.57054838],[-129.66553087,54.57042732],[-129.66527625,54.57030306],[-129.66505753,54.57016634],[-129.6648054,54.56999401],[-129.66452792,54.56972875],[-129.66422438,54.56937092],[-129.66377385,54.56935845],[-129.66337571,54.5692609],[-129.66302882,54.56907788],[-129.66272107,54.56885215],[-129.66241964,54.56870795],[-129.66213962,54.56860968],[-129.66181455,54.56850535],[-129.66148255,54.56835154],[-129.66114185,54.56814788],[-129.66084444,54.56789757],[-129.66052091,54.56769177],[-129.66018797,54.56750271],[-129.65979896,54.56733714],[-129.65965433,54.56732005],[-129.65944265,54.56730332],[-129.65906625,54.5672962],[-129.65873046,54.56725917],[-129.65843585,54.56721288],[-129.65812589,54.56716659],[-129.65779957,54.56708755],[-129.65747317,54.56698145],[-129.65723891,54.56684793],[-129.65702004,54.56670515],[-129.65680106,54.56654457],[-129.65645695,54.56631278],[-129.65612742,54.56602687],[-129.6558132,54.56573206],[-129.65564585,54.56556222],[-129.65554162,54.56539523],[-129.65544944,54.56520403],[-129.65540101,54.56507835],[-129.65532166,54.56497402],[-129.65521194,54.56485475],[-129.65503914,54.56469381],[-129.6549124,54.56453288],[-129.65487932,54.56438903],[-129.6547661,54.56405719],[-129.65473385,54.56397637],[-129.65461108,54.56371645],[-129.65446253,54.56347469],[-129.65430415,54.56321477],[-129.65419185,54.56297301],[-129.65411122,54.56278466],[-129.65399395,54.56254539],[-129.65380799,54.562299],[-129.65358951,54.56205938],[-129.65332307,54.56184504],[-129.65313433,54.56165455],[-129.65300815,54.56150536],[-129.65295718,54.56120023],[-129.65293868,54.56101152],[-129.65295081,54.56079575],[-129.65354558,54.56029799],[-129.65355605,54.55996544],[-129.65355616,54.55965994],[-129.65359249,54.55933629],[-129.65361998,54.55912052],[-129.65370982,54.55895816],[-129.65381484,54.55875094],[-129.65393371,54.55845364],[-129.65412681,54.55794947],[-129.65427637,54.55763401],[-129.65432656,54.55745705],[-129.65432215,54.55718431],[-129.65426306,54.55681615],[-129.65453495,54.55662994],[-129.65470251,54.55644123],[-129.65476444,54.55625039],[-129.65474691,54.55610369],[-129.65472434,54.55597801],[-129.65478138,54.55580069],[-129.65489264,54.55556356],[-129.65502305,54.555351],[-129.65513403,54.55519683],[-129.65522556,54.55511244],[-129.65546984,54.55491021],[-129.65560122,54.55473503],[-129.65562831,54.55452994],[-129.65563683,54.55427536],[-129.65564594,54.55399586],[-129.65586383,54.55354332],[-129.65612886,54.55305945],[-129.65653411,54.55262471],[-129.65694692,54.5522302],[-129.65730218,54.55199663],[-129.65758628,54.55179012],[-129.65779782,54.55161138],[-129.65796788,54.55130197],[-129.65816677,54.55083341],[-129.65839379,54.55020604],[-129.65915802,54.54968087],[-129.66046,54.54955375],[-129.66133973,54.549474],[-129.66168107,54.54942842],[-129.66190522,54.54936896],[-129.66204251,54.54925147],[-129.66221059,54.54913361],[-129.66245534,54.5489887],[-129.66276138,54.54876225],[-129.66292953,54.54867146],[-129.66320568,54.54852619],[-129.66355866,54.54838056],[-129.66365076,54.54833499],[-129.66389448,54.54821891],[-129.66418323,54.54810426],[-129.66471118,54.54794262],[-129.66484531,54.54762751],[-129.66488361,54.54713295],[-129.66488554,54.54661169],[-129.66491014,54.54623392],[-129.66507901,54.54593341],[-129.66536837,54.54556632],[-129.66551942,54.54534094],[-129.66565536,54.54516933],[-129.66592925,54.54490727],[-129.66621838,54.54460926],[-129.6664164,54.54443728],[-129.66682841,54.54411149],[-129.66695114,54.54403886],[-129.66718057,54.54388469],[-129.66745609,54.54373942],[-129.66808517,54.54344852],[-129.6682693,54.54334847],[-129.66840669,54.54326694],[-129.66866748,54.54312167],[-129.66885083,54.54299491],[-129.66906814,54.54283789],[-129.66928799,54.54265097],[-129.66940162,54.54245051],[-129.66945731,54.54226465],[-129.66936725,54.54202752],[-129.66907384,54.5417206],[-129.6686069,54.54133357],[-129.66974127,54.54115341],[-129.67051321,54.5410085],[-129.67084104,54.54088993],[-129.67116327,54.54072615],[-129.67144481,54.54061079],[-129.67178845,54.54051323],[-129.67219367,54.54043312],[-129.67253358,54.54040392],[-129.67284268,54.5404025],[-129.67358391,54.54038042],[-129.67418695,54.54037686],[-129.67485714,54.54007671],[-129.67530686,54.53978154],[-129.67568054,54.53952483],[-129.67595321,54.53929446],[-129.67619021,54.53908938],[-129.67649541,54.53883622],[-129.67657138,54.53876394],[-129.67686134,54.53852859],[-129.67693726,54.53844741],[-129.67715766,54.53817646],[-129.67743088,54.5378553],[-129.6777557,54.53748394],[-129.67814301,54.53689467],[-129.67873633,54.53632427],[-129.67953576,54.53577239],[-129.67924732,54.53517209],[-129.67991263,54.53518312],[-129.68090287,54.53527036],[-129.68121288,54.53480144],[-129.68152906,54.53450983],[-129.68185181,54.53439625],[-129.68223301,54.53439126],[-129.68255516,54.53434355],[-129.68288026,54.53428267],[-129.68321815,54.5341698],[-129.68344435,54.53382728],[-129.68371494,54.53369091],[-129.68414948,54.53349045],[-129.6845183,54.53334483],[-129.68477924,54.53325332],[-129.68506889,54.53311909],[-129.68532413,54.53296456],[-129.68554405,54.53279081],[-129.68589397,54.53246502],[-129.68603043,54.53230266],[-129.68624356,54.53208583],[-129.68638025,54.53197723],[-129.68677831,54.53173227],[-129.68697695,54.53158735],[-129.68731232,54.53134275],[-129.68748028,54.53121599],[-129.68783166,54.53098028],[-129.68835318,54.53072571],[-129.68854222,54.53063456],[-129.68869001,54.53055302],[-129.68878202,54.53049854],[-129.68907236,54.53032301],[-129.68924084,54.53022616],[-129.68952111,54.53005383],[-129.69002087,54.52973659],[-129.68976934,54.52948629],[-129.68965964,54.52938802],[-129.68935316,54.52914127],[-129.68903938,54.52895114],[-129.68839452,54.52860328],[-129.68795846,54.5281956],[-129.68773081,54.52772739],[-129.68754222,54.52754865],[-129.68721318,54.527272],[-129.68699387,54.52708436],[-129.6865844,54.52661935],[-129.68649001,54.52651218],[-129.68615446,54.52588482],[-129.6861382,54.52581325],[-129.68613593,54.52566941],[-129.68623511,54.52513853],[-129.68626429,54.52503955],[-129.68648914,54.52463401],[-129.68660823,54.52438157],[-129.68668045,54.52406646],[-129.68678487,54.52385924],[-129.68693608,54.52366056],[-129.68767957,54.52283843],[-129.68761383,54.52249128],[-129.68760626,54.52215588],[-129.68806126,54.52164103],[-129.68834905,54.5212978],[-129.68843968,54.52119846],[-129.68866593,54.52083778],[-129.68892626,54.52041906],[-129.68914752,54.52011321],[-129.68939129,54.51989887],[-129.68969533,54.51959765],[-129.6899062,54.51929393],[-129.69002511,54.51898773],[-129.69008982,54.51899342],[-129.68992255,54.51889053],[-129.68972986,54.51874775],[-129.68954195,54.51860319],[-129.68931135,54.51849175],[-129.68901306,54.51843336],[-129.68870874,54.51839953],[-129.68839784,54.51838102],[-129.68809359,54.51835146],[-129.68780863,54.51828915],[-129.68753696,54.51820263],[-129.68727208,54.51810685],[-129.68701527,54.51800396],[-129.68676622,54.517895],[-129.68647567,54.51784658],[-129.68617314,54.51781525],[-129.68586472,54.5177921],[-129.68555392,54.51777323],[-129.68524547,54.51775472],[-129.68493736,54.51774404],[-129.68471711,54.5177419],[-129.68462775,54.51774119],[-129.68441603,54.51749872],[-129.68432238,54.51732781],[-129.68425971,54.51715121],[-129.68424882,54.51703265],[-129.68424349,54.51697069],[-129.684253,54.51678804],[-129.68421849,54.51661393],[-129.68405014,54.51646296],[-129.68382883,54.51633549],[-129.683587,54.51622263],[-129.6833485,54.51610655],[-129.68310254,54.51599084],[-129.68289227,54.51586337],[-129.68278418,54.51569602],[-129.68279968,54.51551622],[-129.68294382,54.51535065],[-129.68295505,54.51517761],[-129.68288552,54.51499923],[-129.68277882,54.51482904],[-129.68264651,54.51466739],[-129.68249728,54.5145093],[-129.68234409,54.51435228],[-129.68219274,54.51419526],[-129.68203469,54.51404038],[-129.68187795,54.51388514],[-129.68173436,54.5137267],[-129.68171188,54.51369643],[-129.68161274,54.51356185],[-129.68151077,54.51339237],[-129.68141358,54.5132211],[-129.68130652,54.51305234],[-129.68118236,54.51288784],[-129.68105158,54.51272512],[-129.68091684,54.51256348],[-129.68078159,54.51240147],[-129.6806502,54.51223876],[-129.68052534,54.51207462],[-129.68040323,54.51190941],[-129.68027908,54.51174491],[-129.68015432,54.51158042],[-129.68002966,54.51141556],[-129.67990023,54.51125249],[-129.67976286,54.51109156],[-129.67961339,54.51093454],[-129.67945396,54.51078037],[-129.67929036,54.51062798],[-129.67912687,54.51047523],[-129.67895666,54.51032462],[-129.67878627,54.51017472],[-129.67862798,54.51002091],[-129.67849701,54.50985677],[-129.6784314,54.5096823],[-129.67840752,54.50950321],[-129.67839138,54.50932269],[-129.67838576,54.50929135],[-129.6783575,54.50914431],[-129.67830636,54.50897304],[-129.67824859,54.50879003],[-129.67820471,54.50861236],[-129.67819673,54.50853083],[-129.67818768,54.50843291],[-129.67817943,54.50825275],[-129.6781524,54.50807401],[-129.67809913,54.50789705],[-129.67808666,54.50785931],[-129.67804096,54.5077201],[-129.6779977,54.50754243],[-129.67797751,54.50736333],[-129.67797315,54.50727076],[-129.67796918,54.50718352],[-129.67796768,54.50700336],[-129.67796916,54.50682356],[-129.67797432,54.50664375],[-129.67798245,54.5064643],[-129.67799252,54.50628449],[-129.67800249,54.50610504],[-129.67801011,54.50592524],[-129.67801895,54.50574543],[-129.67801676,54.50556562],[-129.67801367,54.50554533],[-129.67798933,54.50538617],[-129.67795824,54.50532208],[-129.67790649,54.50521206],[-129.67784786,54.50510026],[-129.67781801,54.50504294],[-129.67788829,54.50486954],[-129.6779528,54.50477626],[-129.67800604,54.5046997],[-129.67809251,54.50457971],[-129.67812651,54.50453343],[-129.67826125,54.50437107],[-129.67842408,54.50422046],[-129.67853068,54.50415744],[-129.67864183,54.50409121],[-129.6788321,54.50395021],[-129.67900384,54.50380067],[-129.67902812,54.50377895],[-129.67917002,54.50364899],[-129.67933733,54.50349767],[-129.67938002,54.50345779],[-129.67941104,54.50342931],[-129.67950187,54.50334528],[-129.67963433,54.50322529],[-129.67966847,54.50319431],[-129.67985748,54.50305118],[-129.68005843,54.50291374],[-129.68017477,54.50275139],[-129.68023056,54.50257265],[-129.68028708,54.50239569],[-129.68030057,54.50235724],[-129.68035009,54.50221517],[-129.68047154,54.50212224],[-129.68052475,54.50208201],[-129.68080586,54.50200403],[-129.68108625,54.50191965],[-129.6813514,54.50182814],[-129.68159688,54.50171421],[-129.68163967,54.50164905],[-129.68170299,54.50155113],[-129.68170813,54.50136919],[-129.68166691,54.50119544],[-129.68154573,54.50102489],[-129.68141,54.50085825],[-129.68141861,54.50068842],[-129.68154876,54.50052036],[-129.68170587,54.5003637],[-129.68193659,54.50024763],[-129.68219434,54.50014722],[-129.68245415,54.50004824],[-129.68252665,54.50000017],[-129.68278307,54.49982998],[-129.68295451,54.4996815],[-129.68311617,54.4995284],[-129.68327341,54.49937352],[-129.68341342,54.49923466],[-129.68343012,54.49921828],[-129.683589,54.49906411],[-129.68374695,54.49890887],[-129.6839055,54.49875363],[-129.68408362,54.49860765],[-129.68428463,54.49846772],[-129.68449263,54.49832459],[-129.68471232,54.49819035],[-129.68494956,54.49807962],[-129.68520954,54.49800485],[-129.68550403,54.49797245],[-129.68582017,54.49797103],[-129.6861431,54.49798527],[-129.68645625,54.49800165],[-129.68676115,54.49802586],[-129.68706519,54.49806004],[-129.68736827,54.49809778],[-129.6876725,54.49813125],[-129.68797986,54.49815546],[-129.68830806,54.49817967],[-129.68858814,54.4981665],[-129.68861234,54.49816543],[-129.68885072,54.49807535],[-129.68905439,54.49794361],[-129.68910908,54.49790017],[-129.68924294,54.497793],[-129.68943395,54.49764239],[-129.68963888,54.49750602],[-129.68984348,54.49736859],[-129.69005541,54.49723578],[-129.69028423,54.49711757],[-129.69054432,54.49702428],[-129.69083689,54.49695592],[-129.6911363,54.49689397],[-129.69141518,54.49681955],[-129.69164365,54.49671167],[-129.69179964,54.49655679],[-129.69192191,54.49638375],[-129.69204184,54.49621711],[-129.69214331,54.49604621],[-129.69225207,54.49587779],[-129.69240018,54.49572256],[-129.69259563,54.49558263],[-129.69279058,54.49544234],[-129.69297719,54.49529885],[-129.69316329,54.49515501],[-129.69326398,54.49507525],[-129.6933459,54.49501045],[-129.69352367,54.4948634],[-129.69370673,54.49471493],[-129.69386086,54.49459173],[-129.69389456,54.49456467],[-129.69403311,54.49440623],[-129.69408072,54.49423497],[-129.69406944,54.49405481],[-129.69402866,54.49387037],[-129.69398822,54.49369377],[-129.69396903,54.49350435],[-129.69400487,54.49333131],[-129.69410258,54.49316752],[-129.69423849,54.49300979],[-129.69439969,54.49285598],[-129.69457688,54.4927043],[-129.69475764,54.49255298],[-129.69493204,54.49240023],[-129.69508883,54.49224464],[-129.69518181,54.49207338],[-129.69518761,54.49189357],[-129.69515144,54.49171483],[-129.69512404,54.49153538],[-129.69512004,54.49135557],[-129.69512287,54.49117541],[-129.69512061,54.49099596],[-129.69510048,54.49081687],[-129.69505686,54.49063848],[-129.69501999,54.4904601],[-129.69501232,54.4903572],[-129.6950068,54.4902803],[-129.69500064,54.49009942],[-129.69500777,54.48991926],[-129.69503692,54.48974159],[-129.69507071,54.4896508],[-129.69510335,54.48956427],[-129.69521948,54.48939586],[-129.69539022,54.48924988],[-129.6954137,54.48923564],[-129.69560636,54.48911957],[-129.69582199,54.48898889],[-129.69601279,54.48884576],[-129.69619143,54.48869551],[-129.69632015,54.48853493],[-129.69638236,54.48836189],[-129.69640738,54.48818137],[-129.69642665,54.48799942],[-129.69647428,54.4878214],[-129.69653902,54.48764587],[-129.6965711,54.48746641],[-129.69660235,54.48728554],[-129.69661007,54.48722537],[-129.6966244,54.48710467],[-129.69662862,54.48692628],[-129.69658793,54.48675075],[-129.69642312,54.48659444],[-129.69616739,54.48649546],[-129.69589646,54.48640502],[-129.69570529,54.48626687],[-129.69555097,54.48610807],[-129.69542456,54.48594358],[-129.69535862,54.48576626],[-129.69537389,54.48558788],[-129.6954246,54.48540986],[-129.69547296,54.48523147],[-129.69546858,54.48505095],[-129.69544524,54.48487257],[-129.69562056,54.48472552],[-129.6959026,54.48458951],[-129.69590538,54.48455213],[-129.6959106,54.48448768],[-129.69559072,54.48442644],[-129.69530588,54.48433315],[-129.69509544,54.48419607],[-129.69488061,54.48406611],[-129.69461482,54.48398849],[-129.69430945,54.48395289],[-129.69400001,54.48391871],[-129.69370498,54.4838653],[-129.69341243,54.48380726],[-129.69330613,54.48378341],[-129.69312408,54.48374282],[-129.69284385,54.48366876],[-129.69257674,54.48357797],[-129.69230772,54.48348967],[-129.69203078,54.48341027],[-129.69175023,54.48333514],[-129.69146298,54.48326891],[-129.69117553,54.4832034],[-129.69090092,54.48312222],[-129.6906304,54.48303499],[-129.69035969,54.48294847],[-129.69008647,54.48286444],[-129.68996277,54.48282563],[-129.68981208,54.48277792],[-129.68953077,54.48270564],[-129.68923495,54.48265971],[-129.6889314,54.48262873],[-129.68862389,54.48260559],[-129.68831589,54.48258422],[-129.68800932,54.48256215],[-129.6877019,54.48254541],[-129.68765784,54.48254292],[-129.68739497,54.4825269],[-129.68708839,54.48250483],[-129.68678127,54.48248702],[-129.68652231,54.48247919],[-129.68647306,54.48247777],[-129.68616461,54.48247385],[-129.68613765,54.48247385],[-129.68585563,54.4824742],[-129.6855459,54.48247955],[-129.68523891,54.48246352],[-129.68494255,54.48240833],[-129.68477129,54.48227161],[-129.68474365,54.48208896],[-129.68466245,54.48191627],[-129.68457532,54.48180376],[-129.68453499,54.48175142],[-129.6843994,54.48158941],[-129.68430305,54.48143418],[-129.68422416,54.48124618],[-129.68421203,54.48121413],[-129.68415854,54.48107029],[-129.68408528,54.48089547],[-129.68404405,54.4807178],[-129.68402301,54.48053799],[-129.68400739,54.48035854],[-129.68399697,54.48017802],[-129.68398919,54.47999679],[-129.68394116,54.47982161],[-129.68382485,54.47965641],[-129.68368246,54.47949476],[-129.68356541,54.47932777],[-129.68349621,54.47921027],[-129.68346423,54.47915651],[-129.68340712,54.47898098],[-129.68338581,54.47880224],[-129.68337959,54.47862207],[-129.68338389,54.47844156],[-129.68339474,54.47826175],[-129.68340962,54.47807838],[-129.68349578,54.47790783],[-129.68366987,54.47776328],[-129.68386734,54.47762513],[-129.68407455,54.47748947],[-129.68427857,54.47735204],[-129.684468,54.47720961],[-129.68465953,54.47706399],[-129.68484865,54.47691373],[-129.68500286,54.47675885],[-129.68509477,54.47659649],[-129.68507924,54.47642131],[-129.68501121,54.47623866],[-129.68496852,54.47605743],[-129.68496523,54.47598159],[-129.68496029,54.47587798],[-129.68496021,54.47569782],[-129.68496127,54.47551801],[-129.68495865,54.4753382],[-129.68495593,54.47515875],[-129.6849527,54.47497895],[-129.68495009,54.47479914],[-129.68494986,54.47464212],[-129.68494931,54.47461933],[-129.68494915,54.47443953],[-129.68494593,54.47425972],[-129.6849377,54.47408027],[-129.68494438,54.47388658],[-129.68495322,54.47368719],[-129.68491592,54.47351557],[-129.68484771,54.47346893],[-129.68476567,54.47341232],[-129.68443024,54.47341552],[-129.68410255,54.47346466],[-129.68381611,54.47352661],[-129.68353363,54.47360102],[-129.68325524,54.47368292],[-129.6829815,54.47376801],[-129.68271324,54.47385774],[-129.68245207,54.47395743],[-129.6821938,54.47405998],[-129.68193302,54.47415825],[-129.68166624,54.47424477],[-129.68138666,54.4743085],[-129.6810806,54.4743231],[-129.68076397,54.47432025],[-129.68045743,54.47434339],[-129.68015659,54.47438612],[-129.67985969,54.47443917],[-129.67957039,54.47450255],[-129.67930019,54.47458586],[-129.67905433,54.47469909],[-129.67879699,54.47479594],[-129.67850527,54.47484792],[-129.67819814,54.47487996],[-129.6778954,54.47491842],[-129.67759291,54.47496043],[-129.67729439,54.47500814],[-129.6770097,54.47507259],[-129.67675052,54.47516943],[-129.67649904,54.47527625],[-129.67625053,54.47538342],[-129.67600098,54.47548988],[-129.67573609,54.47558068],[-129.67546239,54.47566328],[-129.67518588,54.47574268],[-129.67490689,54.47581994],[-129.67462748,54.47589649],[-129.67434798,54.4759734],[-129.67406982,54.47605209],[-129.67379322,54.47613184],[-129.67351712,54.47621196],[-129.67324323,54.47629527],[-129.67297616,54.476385],[-129.67271832,54.47648362],[-129.67245747,54.47657976],[-129.67218647,54.47666592],[-129.67191215,54.47674853],[-129.67163741,54.47683042],[-129.67136547,54.47691552],[-129.67109933,54.47700631],[-129.670836,54.47710031],[-129.67057277,54.47719395],[-129.67030457,54.47728332],[-129.67003378,54.47737091],[-129.66975623,54.47744959],[-129.66946749,54.47751083],[-129.66916736,54.47755534],[-129.66886318,54.47758774],[-129.66855744,54.47761231],[-129.66824978,54.47763047],[-129.66794173,54.47764329],[-129.66763139,54.47765326],[-129.66732047,54.47765183],[-129.66703018,54.47760839],[-129.66676664,54.47750941],[-129.66650197,54.47741684],[-129.66623388,54.47732782],[-129.66595705,54.47724842],[-129.66567832,54.47717152],[-129.6654053,54.47708713],[-129.66513712,54.47699848],[-129.66486221,54.47691658],[-129.66458377,54.47683861],[-129.66429933,54.47676918],[-129.66400347,54.4767147],[-129.6636998,54.4766912],[-129.6633902,54.47670295],[-129.66307871,54.47671719],[-129.66278971,54.47676811],[-129.66253148,54.4768703],[-129.66226642,54.47696607],[-129.66199372,54.47704939],[-129.66169637,54.4770882],[-129.66138554,54.47709995],[-129.66107537,54.47710707],[-129.66076539,54.47710671],[-129.66046326,54.47707752],[-129.66017099,54.47701663],[-129.65989147,54.47694044],[-129.65961836,54.47685641],[-129.65934878,54.47676847],[-129.65908343,54.47667625],[-129.65882776,54.47657549],[-129.65858451,54.47646511],[-129.65834449,54.47635188],[-129.65809789,54.47624258],[-129.65784549,54.47613434],[-129.65756942,54.47606348],[-129.65726305,54.47604319],[-129.65694979,54.47604141],[-129.65663877,54.47606063],[-129.65633425,54.47606277],[-129.65604589,54.47600331],[-129.65576249,54.47592569],[-129.65547895,54.47585305],[-129.65517437,54.47583739],[-129.65486418,54.47583561],[-129.6545544,54.47583454],[-129.65419287,54.47555789],[-129.65392422,54.47546211],[-129.65363202,54.47541903],[-129.65331936,54.47543754],[-129.65301029,54.47545641],[-129.65270403,54.47545819],[-129.65240377,54.47541547],[-129.65211495,54.47535102],[-129.65184549,54.47526272],[-129.65160379,54.47515128],[-129.65138491,54.47502808],[-129.6510844,54.4749818],[-129.65077923,54.4749526],[-129.65047222,54.47493017],[-129.65016877,54.47489919],[-129.64987382,54.47484828],[-129.6495841,54.4747849],[-129.64929499,54.47472152],[-129.64900324,54.47465886],[-129.64870926,54.47460438],[-129.6484057,54.47458729],[-129.64809496,54.47459655],[-129.64778594,54.47459726],[-129.64747737,54.47459405],[-129.64716893,54.47459263],[-129.64685637,54.47460402],[-129.64653752,54.4746318],[-129.6462332,54.47463322],[-129.64596545,54.4745702],[-129.64572581,54.47445804],[-129.64549512,54.47432879],[-129.64525094,54.47421308],[-129.64498293,54.47412406],[-129.64470291,54.47404538],[-129.64442361,54.47396633],[-129.64415845,54.4738759],[-129.64391539,54.4737673],[-129.64368332,54.47364767],[-129.64346277,54.47351949],[-129.64325713,54.47338383],[-129.64306775,54.47324248],[-129.64289573,54.47309365],[-129.64274075,54.47293627],[-129.64260396,54.47277285],[-129.64248705,54.47260621],[-129.64240552,54.47243566],[-129.64239196,54.47225408],[-129.642374,54.47207285],[-129.64229216,54.47190123],[-129.64218564,54.47173246],[-129.64206497,54.47156618],[-129.64193188,54.47140276],[-129.64178985,54.47124289],[-129.64162792,54.47109085],[-129.64143896,54.47094808],[-129.64125081,54.47080459],[-129.64108908,54.47065184],[-129.64095174,54.47049055],[-129.64082121,54.47032677],[-129.64067901,54.47016761],[-129.6405121,54.47000917],[-129.64031798,54.46985393],[-129.64008324,54.4697667],[-129.63979276,54.46979162],[-129.63947563,54.46985357],[-129.6391676,54.46986425],[-129.63885915,54.46984503],[-129.63854738,54.46982901],[-129.63824074,54.46983007],[-129.63795759,54.46989772],[-129.63768218,54.46998638],[-129.63738821,54.47001736],[-129.63707577,54.4699903],[-129.63677626,54.47001914],[-129.63648482,54.47008572],[-129.63618405,54.47011242],[-129.63587677,54.47008216],[-129.63558945,54.470017],[-129.6353028,54.46994935],[-129.63501095,54.46988953],[-129.63473368,54.46981227],[-129.63448453,54.46970154],[-129.63420909,54.46963104],[-129.63389997,54.46960754],[-129.63358744,54.46960327],[-129.63327086,54.46961609],[-129.63301399,54.46970189],[-129.63280813,54.46985215],[-129.6325861,54.46996965],[-129.63230145,54.46997997],[-129.63198478,54.46993475],[-129.63167366,54.46992087],[-129.63137534,54.46996324],[-129.63108013,54.47002341],[-129.63078717,54.4700843],[-129.63049653,54.47015016],[-129.63019925,54.47018648],[-129.62989255,54.47019004],[-129.62958212,54.4701758],[-129.62927369,54.47014981],[-129.62897178,54.47011563],[-129.62867137,54.47007148],[-129.62837543,54.47001771],[-129.62808611,54.4699554],[-129.62780975,54.46987707],[-129.62754231,54.46978628],[-129.62727225,54.46969833],[-129.62699167,54.46962428],[-129.62670565,54.46955663],[-129.62641773,54.46949147],[-129.62612981,54.46942631],[-129.6258407,54.46936329],[-129.62555449,54.46929635],[-129.62527511,54.46922016],[-129.62500235,54.46913542],[-129.62473796,54.46904249],[-129.62447983,54.46894457],[-129.62422371,54.46884381],[-129.62396982,54.46874162],[-129.6237137,54.46864086],[-129.62345343,54.46854188],[-129.62320125,54.46843791],[-129.62297184,54.46831792],[-129.62279366,54.46816517],[-129.62279283,54.46796436],[-129.62287577,54.46775963],[-129.62274961,54.46777067],[-129.62254463,54.46787499],[-129.62230412,54.46801741],[-129.62204438,54.46816517],[-129.62178243,54.46828516],[-129.62150795,54.46836136],[-129.6212082,54.4684112],[-129.62090282,54.46845251],[-129.62060299,54.46849595],[-129.6203018,54.4685376],[-129.61999943,54.46857463],[-129.61969565,54.46860561],[-129.61939087,54.46862234],[-129.61908123,54.46861202],[-129.61877179,54.46860098],[-129.61846258,54.4685846],[-129.61815563,54.4685846],[-129.61785315,54.46861309],[-129.61755279,54.46865617],[-129.6172533,54.46870281],[-129.61695157,54.46874198],[-129.61664843,54.46877509],[-129.61634455,54.46880642],[-129.61604121,54.46884025],[-129.61573903,54.46887657],[-129.61543736,54.46891324],[-129.61513498,54.46895027],[-129.61483322,54.4689873],[-129.61453135,54.46902468],[-129.61422907,54.46906136],[-129.6139274,54.46909803],[-129.61362547,54.46913791],[-129.61332405,54.46917814],[-129.61302186,54.46921446],[-129.61271773,54.46924223],[-129.61241119,54.46925861],[-129.612103,54.46926537],[-129.61179373,54.46926715],[-129.61148455,54.46926858],[-129.61117507,54.46927107],[-129.61086309,54.46926929],[-129.61056507,54.46930383],[-129.61027763,54.46936685],[-129.60999419,54.46943984],[-129.60971098,54.46951426],[-129.6094243,54.46958119],[-129.6091346,54.4696435],[-129.60884387,54.4697051],[-129.60855198,54.4697642],[-129.60825852,54.4698201],[-129.60796336,54.46987102],[-129.60766443,54.46991553],[-129.60736101,54.46995184],[-129.60705483,54.46998033],[-129.60674916,54.47000027],[-129.60643791,54.47000027],[-129.60613968,54.46995718],[-129.60587594,54.46986425],[-129.60561347,54.4697667],[-129.60530211,54.46972682],[-129.60502791,54.46966985],[-129.60490024,54.46950963],[-129.60477813,54.46933801],[-129.60459116,54.46919523],[-129.60438223,54.469061],[-129.60416017,54.46893674],[-129.60389775,54.46883455],[-129.60360249,54.46881426],[-129.6032908,54.46884274],[-129.60298304,54.46885912],[-129.6026757,54.46887621],[-129.60236867,54.46889437],[-129.60206229,54.46891466],[-129.60175744,54.46894279],[-129.60145357,54.46897626],[-129.60115443,54.46901934],[-129.60085519,54.46907168],[-129.60057172,54.46914254],[-129.60035693,54.4692668],[-129.60014529,54.46939747],[-129.60000151,54.46945266],[-129.59988597,54.46949645],[-129.59961207,54.46958155],[-129.59931869,54.46965276],[-129.59900416,54.46969157],[-129.59877036,54.46961466],[-129.59859437,54.46945195],[-129.59843196,54.46929564],[-129.59826501,54.46914467],[-129.59807186,54.46900439],[-129.59787588,54.46886553],[-129.59768709,54.46872275],[-129.59749039,54.46858425],[-129.59725782,54.46846711],[-129.59701593,54.46835495],[-129.59682482,54.46821395],[-129.59667213,54.468058],[-129.59654699,54.46789315],[-129.59642777,54.46772687],[-129.59629044,54.46756629],[-129.59612656,54.46741319],[-129.59594774,54.46726543],[-129.59574844,54.46712977],[-129.59550544,54.46701726],[-129.59523227,54.4669343],[-129.59493239,54.46688623],[-129.59465302,54.46681253],[-129.59442755,54.46668969],[-129.59423931,54.46654727],[-129.59406315,54.4663988],[-129.59388945,54.46625032],[-129.59371787,54.46610078],[-129.59354833,54.46595053],[-129.5933787,54.46580063],[-129.59320845,54.46565073],[-129.59303892,54.46550048],[-129.59286868,54.46535058],[-129.5926964,54.46520139],[-129.59251926,54.46505434],[-129.59233876,54.46490836],[-129.59216162,54.46476131],[-129.59199555,54.46460963],[-129.59183152,54.46445724],[-129.59165022,54.46431197],[-129.59145663,54.46417133],[-129.59124722,54.46403924],[-129.59102015,54.46391569],[-129.59077334,54.46380602],[-129.59050089,54.46372734],[-129.59020259,54.46368034],[-129.58989944,54.46363761],[-129.58961366,54.46357174],[-129.5893391,54.46348736],[-129.58905654,54.4634165],[-129.58876335,54.46336203],[-129.58846584,54.46331218],[-129.58816615,54.46326803],[-129.58786438,54.46322922],[-129.58756137,54.46319717],[-129.58725579,54.46317225],[-129.58694784,54.46315374],[-129.58663945,54.46314127],[-129.58633176,54.46313522],[-129.58602365,54.46313736],[-129.58571489,54.46314412],[-129.58540634,54.46315231],[-129.58509787,54.46315801],[-129.5847894,54.46316371],[-129.58448093,54.4631694],[-129.58417224,54.46317368],[-129.58386301,54.46317545],[-129.58353624,54.46318756],[-129.5832065,54.46319931],[-129.58290214,54.46319005],[-129.58265297,54.46313593],[-129.58252645,54.46297429],[-129.58246709,54.46277775],[-129.58247173,54.4625958],[-129.58245591,54.4624192],[-129.58230926,54.46226396],[-129.58212674,54.46211442],[-129.58196693,54.46196025],[-129.58182778,54.46180003],[-129.58174346,54.46162307],[-129.58163396,54.4614575],[-129.58141028,54.46133965],[-129.58114758,54.46123675],[-129.58094749,54.46110216],[-129.58076737,54.46095511],[-129.58060268,54.46080094],[-129.58045764,54.46064214],[-129.58034112,54.46047765],[-129.58026032,54.46030354],[-129.58019062,54.46012694],[-129.58011605,54.45995247],[-129.58004597,54.45977729],[-129.57997517,54.45960247],[-129.57989419,54.45942907],[-129.57979069,54.45925959],[-129.57970645,54.45908691],[-129.57965676,54.45890888],[-129.57960442,54.45873157],[-129.57951286,54.45856102],[-129.57938585,54.45839688],[-129.57925427,54.4582338],[-129.57886023,54.4580451],[-129.57861283,54.45793793],[-129.57836401,54.45783147],[-129.57811439,54.45772572],[-129.57786396,54.45762068],[-129.57761253,54.45751707],[-129.57735765,54.45741488],[-129.5770952,54.45732017],[-129.57681744,54.45724327],[-129.5765259,54.45718309],[-129.57625459,54.45709835],[-129.575988,54.45700756],[-129.57572485,54.45691321],[-129.57546483,54.45681636],[-129.57520876,54.45671631],[-129.57495754,54.45661199],[-129.57471098,54.4565041],[-129.57446613,54.45639444],[-129.57422138,54.45628442],[-129.57397958,54.45617262],[-129.57374688,54.45605441],[-129.57353073,54.4559273],[-129.57332734,54.45579164],[-129.57312821,54.45565385],[-129.57292402,54.45551891],[-129.57271708,54.45538503],[-129.57251451,54.45524866],[-129.57232546,54.45510766],[-129.57215592,54.45495812],[-129.57200212,54.45480253],[-129.57185534,54.45464373],[-129.57170643,54.454486],[-129.57154603,54.45433218],[-129.57137537,54.45418229],[-129.57119302,54.45403702],[-129.57099282,54.453901],[-129.57076094,54.45377995],[-129.57054421,54.45365284],[-129.57038781,54.45350009],[-129.57026474,54.4533331],[-129.5701568,54.45316006],[-129.57000617,54.45301087],[-129.56975385,54.45291296],[-129.56947343,54.45283035],[-129.56919052,54.45275238],[-129.56889139,54.45269327],[-129.56859936,54.45263061],[-129.56836978,54.4525213],[-129.56819263,54.45237283],[-129.56803168,54.45221225],[-129.56785596,54.45206306],[-129.56763366,54.45194734],[-129.5673598,54.45186545],[-129.56705884,54.45180635],[-129.56675813,54.4517597],[-129.566448,54.45174724],[-129.56613601,54.45174155],[-129.56584576,54.45169027],[-129.56556538,54.45161871],[-129.56528891,54.45153966],[-129.56501442,54.45145564],[-129.56474274,54.45136805],[-129.56447117,54.4512801],[-129.56420053,54.45119323],[-129.56393747,54.45109887],[-129.56367822,54.45099953],[-129.56341205,54.45090981],[-129.56312482,54.45084536],[-129.56281925,54.45080086],[-129.56252359,54.45074923],[-129.56226195,54.45066306],[-129.56203587,54.45054343],[-129.56182584,54.45040777],[-129.56161338,54.45027425],[-129.56139112,54.45014964],[-129.56116674,54.45002609],[-129.5609451,54.44990147],[-129.56073106,54.44977151],[-129.56053248,54.44962766],[-129.56033292,54.44948738],[-129.56010918,54.44937487],[-129.5597942,54.44935564],[-129.55951067,54.44942008],[-129.55926206,54.44953331],[-129.55907532,54.44969318],[-129.55886119,54.44972131],[-129.55863998,54.4495796],[-129.55844087,54.44944216],[-129.558244,54.4493033],[-129.55804337,54.44916693],[-129.55783523,54.44903341],[-129.55762525,54.44889989],[-129.55740615,54.44877278],[-129.55717018,54.44866027],[-129.55689527,54.44858016],[-129.55660379,54.44851571],[-129.55631814,54.44844343],[-129.55602693,54.44838468],[-129.55572284,54.44837934],[-129.55541229,54.44839074],[-129.55510634,54.44836546],[-129.55480138,54.44832772],[-129.55451022,54.44827324],[-129.55425703,54.44817212],[-129.55401553,54.44805747],[-129.5537686,54.44794923],[-129.55352988,54.44783565],[-129.55333818,54.44769145],[-129.55307813,54.44760635],[-129.55277122,54.44756683],[-129.55246477,54.44757004],[-129.55215537,54.44759282],[-129.55185187,54.44757645],[-129.55155337,54.44752197],[-129.5512547,54.44747924],[-129.5509408,54.4474828],[-129.55064632,54.44753586],[-129.550451,54.44767116],[-129.55025409,54.44781002],[-129.54995855,54.44786912],[-129.54965233,54.44788479],[-129.54934216,54.44788372],[-129.5490359,54.44786627],[-129.5487346,54.4478264],[-129.5484331,54.44778723],[-129.54812864,54.44775661],[-129.54782469,54.44772634],[-129.54752152,54.44769323],[-129.54722044,54.44765478],[-129.54691954,54.44761348],[-129.54662124,54.44756719],[-129.54632755,54.44751307],[-129.54604289,54.44744399],[-129.54576899,54.44736032],[-129.5454987,54.44727024],[-129.54524075,54.44716877],[-129.54504145,54.44703667],[-129.54489069,54.44687965],[-129.54474803,54.44671765],[-129.54458139,54.4465649],[-129.5444017,54.44641287],[-129.54419073,54.4462854],[-129.54392251,54.44620564],[-129.54361405,54.44616292],[-129.5433068,54.4461469],[-129.54299532,54.44616612],[-129.54269383,54.44614476],[-129.54239785,54.44609456],[-129.54210613,54.44603118],[-129.54182188,54.44596068],[-129.54155347,54.44587274],[-129.54129738,54.44577126],[-129.5410505,54.44566302],[-129.54079109,54.44556689],[-129.54051684,54.44548464],[-129.54024131,54.44539812],[-129.53996213,54.44529379],[-129.53973553,54.4453294],[-129.53954544,54.44548998],[-129.53933187,54.44562029],[-129.53907752,54.44574527],[-129.53885129,54.44568866],[-129.53866276,54.44553769],[-129.53845362,54.44539705],[-129.53820271,54.44529237],[-129.53793913,54.44519588],[-129.53769614,54.44508693],[-129.53750275,54.44494914],[-129.53733432,54.44479639],[-129.53714741,54.4446529],[-129.53694904,54.44451546],[-129.5367465,54.44437981],[-129.53653828,54.444247],[-129.53632417,54.44411775],[-129.53609689,54.44399634],[-129.53586301,54.44387884],[-129.53563279,54.44375921],[-129.53540803,54.4436353],[-129.53518337,54.44351104],[-129.53495387,54.44339105],[-129.53471333,54.44327996],[-129.5344483,54.44318881],[-129.53416748,54.44311048],[-129.53389893,54.44302325],[-129.53367097,54.44290433],[-129.53346478,54.44276867],[-129.5332282,54.44265438],[-129.53296701,54.44255824],[-129.53270303,54.44245891],[-129.53243521,54.44236242],[-129.53213893,54.44234889],[-129.5318276,54.44240087],[-129.53159898,54.44250804],[-129.53144395,54.44266791],[-129.53128493,54.44282671],[-129.53111768,54.44297981],[-129.53091513,54.44311226],[-129.5306554,54.44321231],[-129.53036789,54.44328886],[-129.53005944,54.4433437],[-129.52981179,54.44328495],[-129.52962049,54.4431265],[-129.52944409,54.44297839],[-129.52927095,54.44282956],[-129.52906308,54.44269782],[-129.52883806,54.44257498],[-129.52860817,54.44245428],[-129.52838609,54.44232966],[-129.52817954,54.44219543],[-129.52797502,54.44206048],[-129.52775256,54.44193729],[-129.52750808,54.44182727],[-129.52725601,54.44172259],[-129.5270085,54.44161471],[-129.52677864,54.44149614],[-129.52656298,54.44136832],[-129.52635563,54.4412348],[-129.52615478,54.44109772],[-129.52595739,54.44095921],[-129.52576468,54.44081928],[-129.52558273,54.44067366],[-129.52540688,54.4405259],[-129.52523307,54.44037742],[-129.52506404,54.44022717],[-129.52489369,54.44007727],[-129.5247206,54.43992844],[-129.52454548,54.43978032],[-129.52436974,54.43963221],[-129.52419452,54.43948444],[-129.52402083,54.43933561],[-129.52384978,54.43918607],[-129.52368209,54.43903546],[-129.52352244,54.43888236],[-129.52339381,54.43871893],[-129.52327058,54.43855372],[-129.52312465,54.43839528],[-129.52296938,54.43823969],[-129.52281349,54.43808409],[-129.52266686,54.437926],[-129.52253734,54.43776364],[-129.52242115,54.43759737],[-129.52231361,54.4374286],[-129.52221258,54.4372584],[-129.52211411,54.43708786],[-129.52201941,54.43691695],[-129.52193123,54.43674462],[-129.52184682,54.43657194],[-129.5217619,54.43639889],[-129.52167495,54.43622657],[-129.52158423,54.43605459],[-129.5214928,54.43588298],[-129.52140076,54.43571136],[-129.52130862,54.4355401],[-129.52121659,54.43536848],[-129.52111103,54.43515948],[-129.52102358,54.43498679],[-129.52093603,54.43481446],[-129.52084655,54.43464249],[-129.52075514,54.43447087],[-129.52066179,54.43429961],[-129.52056651,54.43412871],[-129.52046614,54.43395851],[-129.52035864,54.43378974],[-129.52026194,54.43361955],[-129.52020049,54.43344366],[-129.52015698,54.43326492],[-129.52008086,54.43309117],[-129.51998611,54.43292062],[-129.51988575,54.43275043],[-129.5197802,54.4325813],[-129.51967332,54.43241253],[-129.51956645,54.43224376],[-129.51946893,54.43207001],[-129.51934396,54.43190694],[-129.51911497,54.43179229],[-129.51884991,54.43169295],[-129.5186809,54.43154305],[-129.51855097,54.43137357],[-129.51832188,54.43126818],[-129.51804848,54.43119234],[-129.51775774,54.43112825],[-129.5174598,54.43106808],[-129.51716601,54.43100399],[-129.51688386,54.430931],[-129.51660435,54.43085516],[-129.51632613,54.43077683],[-129.51605116,54.43069565],[-129.51577963,54.43061091],[-129.51551335,54.43052047],[-129.51525293,54.43042434],[-129.51499686,54.43032357],[-129.51474526,54.43021996],[-129.51449932,54.43011137],[-129.51425571,54.43000099],[-129.51401191,54.42989133],[-129.51376355,54.42978487],[-129.5135083,54.42968339],[-129.51324952,54.42958583],[-129.51299013,54.42948827],[-129.51273378,54.42938858],[-129.5124831,54.4292839],[-129.51223403,54.4291778],[-129.51198446,54.42907134],[-129.51173519,54.42896381],[-129.51148866,54.42885521],[-129.51124589,54.42874413],[-129.51100819,54.42863019],[-129.51077628,54.42851305],[-129.51055369,54.42838878],[-129.51035096,54.42824814],[-129.51018483,54.42809469],[-129.51007085,54.42793197],[-129.51001865,54.42775394],[-129.51001028,54.42757022],[-129.51003581,54.42739219],[-129.51012791,54.42721915],[-129.51019377,54.42704362],[-129.51021429,54.42686381],[-129.51021228,54.42668365],[-129.51018661,54.42650491],[-129.51013861,54.42632724],[-129.51009255,54.42614922],[-129.51004649,54.42597119],[-129.50999982,54.42579316],[-129.50996059,54.42561478],[-129.50993799,54.42543604],[-129.50992967,54.42525659],[-129.50993195,54.42507643],[-129.50994402,54.42489627],[-129.50996569,54.42471682],[-129.50999869,54.42453843],[-129.51004792,54.42436112],[-129.51010797,54.42418452],[-129.51017333,54.42400863],[-129.51024216,54.42383345],[-129.51031692,54.42365899],[-129.51039342,54.42348488],[-129.5104694,54.42331041],[-129.51054171,54.42313595],[-129.5106082,54.42296041],[-129.51067122,54.42278417],[-129.51072647,54.42260721],[-129.51077091,54.42242954],[-129.5108087,54.42224937],[-129.51082814,54.42206921],[-129.51080832,54.42189154],[-129.51072824,54.42171494],[-129.51058366,54.42155685],[-129.51039374,54.42141657],[-129.51017811,54.42128518],[-129.50994807,54.42116377],[-129.50969292,54.4210623],[-129.50941526,54.42097578],[-129.50917028,54.42087074],[-129.50898152,54.42073295],[-129.50881804,54.42058127],[-129.50866643,54.42042211],[-129.50851675,54.4202626],[-129.50835906,54.42010772],[-129.50820402,54.41995212],[-129.50804837,54.41979653],[-129.50788642,54.41964378],[-129.50771208,54.41949602],[-129.50752401,54.4193536],[-129.50732894,54.41921438],[-129.50712909,54.41907695],[-129.50691664,54.41894521],[-129.50671305,54.41881027],[-129.50654106,54.41866286],[-129.50639448,54.41850335],[-129.50627496,54.41833672],[-129.50618101,54.41816617],[-129.50610386,54.41799241],[-129.50603842,54.41781617],[-129.50598062,54.41763885],[-129.50593007,54.4174619],[-129.50591487,54.41728102],[-129.50588298,54.41710299],[-129.50579362,54.41693138],[-129.50567025,54.41676546],[-129.50552919,54.41660595],[-129.50537409,54.41645071],[-129.50521106,54.4162976],[-129.50504865,54.4161445],[-129.50488989,54.41598926],[-129.5047229,54.41583723],[-129.50453855,54.41569481],[-129.50432749,54.41556485],[-129.50409663,54.4154445],[-129.50385289,54.41533306],[-129.50360227,54.41522873],[-129.50334457,54.41513011],[-129.5030813,54.41503611],[-129.50281469,54.41494532],[-129.50254636,54.4148563],[-129.50227673,54.41476978],[-129.50200376,54.41468647],[-129.50172746,54.41460635],[-129.50144933,54.41452838],[-129.50116991,54.4144529],[-129.50088786,54.41438026],[-129.50060389,54.41431012],[-129.50031952,54.4142414],[-129.50003354,54.41417411],[-129.49974525,54.41411073],[-129.49945725,54.41404628],[-129.49917026,54.41398041],[-129.49888276,54.41391419],[-129.49860072,54.41384155],[-129.49833142,54.4137561],[-129.49807881,54.41365249],[-129.49783652,54.41354033],[-129.49760297,54.41342319],[-129.49738139,54.41329822],[-129.49716234,54.41317075],[-129.4969506,54.41303901],[-129.49677525,54.41289303],[-129.49663101,54.41273423],[-129.49650375,54.41256938],[-129.49638677,54.41240275],[-129.49630074,54.41222828],[-129.49618501,54.41206379],[-129.49599737,54.41192243],[-129.49579173,54.41178642],[-129.49559758,54.41164649],[-129.49540547,54.41150585],[-129.49522841,54.41135951],[-129.49506934,54.4112057],[-129.49486302,54.41107218],[-129.49466136,54.4109351],[-129.49447177,54.41078983],[-129.49440833,54.41061999],[-129.49441748,54.41043556],[-129.49432042,54.41026999],[-129.49414864,54.41011796],[-129.49396466,54.40997233],[-129.49376059,54.40983739],[-129.49357059,54.40968927],[-129.49334578,54.40957605],[-129.49304096,54.40954365],[-129.49273774,54.40950769],[-129.49255273,54.40937025],[-129.49261744,54.40918403],[-129.49284462,54.40908007],[-129.49313808,54.40901491],[-129.49343055,54.40894227],[-129.49368487,54.40884187],[-129.49393826,54.40873826],[-129.4941903,54.40863287],[-129.49443946,54.40852462],[-129.49468453,54.40841354],[-129.49492263,54.40829889],[-129.49515161,54.40817961],[-129.49537088,54.4080557],[-129.49557151,54.40792183],[-129.49574747,54.40777549],[-129.49590746,54.40762061],[-129.49606109,54.40746216],[-129.49621617,54.40730515],[-129.49637923,54.4071524],[-129.4965429,54.40699965],[-129.4967031,54.40684619],[-129.49685768,54.40669096],[-129.49699764,54.40653109],[-129.49711563,54.40636446],[-129.4972561,54.40620494],[-129.49741017,54.40604935],[-129.49757272,54.40589625],[-129.49774242,54.40574599],[-129.49791642,54.40559787],[-129.49809319,54.40545082],[-129.4982722,54.40530449],[-129.49845234,54.40515851],[-129.4986335,54.40501324],[-129.49881476,54.40486761],[-129.49900369,54.40472519],[-129.49919702,54.40458455],[-129.49936979,54.40443643],[-129.49951589,54.4042787],[-129.49965135,54.40411741],[-129.49978068,54.40395398],[-129.49990888,54.4037902],[-129.50004158,54.40362784],[-129.50016425,54.40345978],[-129.50030482,54.40329991],[-129.50050699,54.40316924],[-129.5007506,54.40305887],[-129.50100362,54.40295205],[-129.501242,54.40283633],[-129.50147891,54.40271706],[-129.50168372,54.40258567],[-129.5017906,54.4024194],[-129.50182692,54.40223852],[-129.50184275,54.40205871],[-129.50184278,54.40187855],[-129.50182906,54.40169946],[-129.50180382,54.40152001],[-129.50177481,54.40134091],[-129.50174631,54.40116217],[-129.50171486,54.40098308],[-129.50169635,54.40080363],[-129.501681,54.40062382],[-129.50164497,54.4004458],[-129.50157054,54.40027169],[-129.5014842,54.40009865],[-129.50140097,54.40000002],[-129.50127907,54.39985582],[-129.50100681,54.39976609],[-129.50072251,54.39968669],[-129.50039813,54.39963257],[-129.50024553,54.39951294],[-129.50025582,54.39932459],[-129.50033141,54.39914336],[-129.50045738,54.39897886],[-129.50062165,54.39882398],[-129.50079993,54.39867586],[-129.50098822,54.39852917],[-129.50119454,54.39839458],[-129.50142796,54.39828563],[-129.50171836,54.39822902],[-129.50202546,54.39818486],[-129.50233369,54.3981279],[-129.50254484,54.39801325],[-129.50268299,54.39785552],[-129.50279606,54.39768461],[-129.50289259,54.39750943],[-129.5029769,54.39733639],[-129.50304774,54.39716121],[-129.50310858,54.39698461],[-129.50316717,54.3968073],[-129.50322924,54.3966307],[-129.50330162,54.39645659],[-129.50339258,54.39628604],[-129.50352631,54.39612439],[-129.50367904,54.39596701],[-129.50381461,54.39580537],[-129.50393537,54.3956398],[-129.50405205,54.39547353],[-129.50416699,54.39530689],[-129.50428203,54.39513991],[-129.50439871,54.39497363],[-129.50453517,54.39480878],[-129.50468673,54.39464464],[-129.50482258,54.39447978],[-129.50491061,54.39431315],[-129.50491943,54.39414331],[-129.50485392,54.39397027],[-129.50474844,54.39379581],[-129.50463817,54.39362099],[-129.50455533,54.39344652],[-129.5044904,54.39326921],[-129.50442812,54.39309118],[-129.50435975,54.39291529],[-129.50427286,54.39274438],[-129.50415321,54.39258131],[-129.50397658,54.39242963],[-129.50375557,54.3923011],[-129.50350746,54.39219962],[-129.50323957,54.39211204],[-129.50296033,54.39203228],[-129.50267775,54.39195573],[-129.50239762,54.39187918],[-129.50209753,54.39181936],[-129.50180932,54.39175207],[-129.50158184,54.3916424],[-129.50140689,54.39149571],[-129.50125192,54.39133442],[-129.50109005,54.39117811],[-129.5008873,54.3910478],[-129.50059343,54.39097231],[-129.50031361,54.39089469],[-129.5001647,54.39075334],[-129.50009877,54.39057318],[-129.50003294,54.39039052],[-129.49993488,54.39022033],[-129.49983367,54.39005049],[-129.49972983,54.38988137],[-129.49962414,54.38971224],[-129.49951836,54.38954347],[-129.49941329,54.38937435],[-129.49930945,54.38920522],[-129.49920642,54.38903539],[-129.49910268,54.38886591],[-129.49899823,54.38869678],[-129.49889124,54.38852801],[-129.49878151,54.38836031],[-129.49866791,54.38819332],[-129.4985476,54.38802847],[-129.49838589,54.38787394],[-129.4982127,54.38772333],[-129.49808925,54.38756097],[-129.49811152,54.38738046],[-129.49823623,54.38721845],[-129.49837451,54.38705823],[-129.49852043,54.38689907],[-129.49866932,54.38674027],[-129.49881545,54.38658041],[-129.49895219,54.38641912],[-129.4990674,54.38625391],[-129.49911832,54.38607588],[-129.49918628,54.38590035],[-129.49928127,54.38572873],[-129.49938207,54.38555818],[-129.49948655,54.38538763],[-129.49959031,54.38521744],[-129.49969051,54.38504689],[-129.49978296,54.38487563],[-129.4998647,54.3847033],[-129.49993267,54.3845299],[-129.49995936,54.3843533],[-129.49994556,54.38417278],[-129.49991851,54.38399155],[-129.49990421,54.38381068],[-129.49991406,54.38363087],[-129.49993074,54.38345071],[-129.49993621,54.38327126],[-129.49991642,54.38309252],[-129.49988441,54.38291378],[-129.49984628,54.38273504],[-129.49980255,54.38255666],[-129.49975312,54.38237899],[-129.499698,54.38220203],[-129.49963646,54.38202614],[-129.49956362,54.38185132],[-129.49947419,54.38167899],[-129.49937001,54.38150915],[-129.49925383,54.38134288],[-129.49911791,54.38118159],[-129.49896695,54.38102385],[-129.49881527,54.38086648],[-129.49867723,54.38070626],[-129.49857185,54.38053855],[-129.4985153,54.38035804],[-129.49846282,54.38017823],[-129.49836205,54.38001373],[-129.4981794,54.37986882],[-129.49793944,54.37974741],[-129.49767595,54.37965768],[-129.49738826,54.37958896],[-129.49708573,54.37954054],[-129.49678182,54.37951455],[-129.49647515,54.37951811],[-129.49616454,54.37954018],[-129.49585402,54.3795619],[-129.49554847,54.37956368],[-129.49524902,54.37953484],[-129.49494946,54.37948891],[-129.49465409,54.37942803],[-129.49436922,54.37935361],[-129.49410006,54.37926674],[-129.49384722,54.3791674],[-129.4936041,54.37905738],[-129.49336847,54.37894024],[-129.49313547,54.37882025],[-129.49290257,54.3786999],[-129.49266552,54.37858347],[-129.4924215,54.37847452],[-129.49216664,54.37837589],[-129.49189913,54.37828973],[-129.49162028,54.37821353],[-129.49133373,54.37814517],[-129.49104254,54.37808251],[-129.49074903,54.37802376],[-129.49045685,54.37796679],[-129.49015876,54.37792442],[-129.48985413,54.37789451],[-129.4895502,54.37786211],[-129.48925543,54.37781226],[-129.48896709,54.37774817],[-129.48867844,54.37768515],[-129.48838889,54.3776232],[-129.48809974,54.37755982],[-129.48781029,54.37749751],[-129.48751995,54.37743841],[-129.48722679,54.377385],[-129.4869288,54.37734014],[-129.48662153,54.37731094],[-129.48631439,54.37730097],[-129.4860115,54.37731948],[-129.4857104,54.37736221],[-129.48540805,54.37740067],[-129.48510158,54.37741669],[-129.48479333,54.37742594],[-129.4844875,54.37744624],[-129.48418399,54.37747793],[-129.48388152,54.3775146],[-129.48357884,54.37754985],[-129.48327621,54.37757834],[-129.48297223,54.37756801],[-129.48267361,54.37752101],[-129.48237751,54.37746938],[-129.48208193,54.37741811],[-129.48178344,54.37737503],[-129.48148017,54.37734904],[-129.48117131,54.37734085],[-129.48086165,54.37733551],[-129.4805569,54.37731699],[-129.48026506,54.37726109],[-129.47997793,54.37719273],[-129.47967704,54.37715606],[-129.47936888,54.37713007],[-129.47906073,54.37712152],[-129.47875671,54.37713754],[-129.47845563,54.37716923],[-129.47815502,54.37721018],[-129.47785566,54.3772554],[-129.47755569,54.37730061],[-129.47725508,54.37734156],[-129.47690372,54.37739782],[-129.47657999,54.37744054],[-129.47645952,54.37740138],[-129.47666044,54.37723617],[-129.47679596,54.37705565],[-129.47684775,54.3768794],[-129.47688047,54.37669924],[-129.47690891,54.37651908],[-129.47694561,54.37633999],[-129.47698985,54.37616018],[-129.47703347,54.37598037],[-129.47706844,54.37580092],[-129.47708671,54.37562218],[-129.47708094,54.37544416],[-129.47704472,54.37526791],[-129.47698436,54.37509273],[-129.4769073,54.37491827],[-129.47682036,54.37474416],[-129.47673291,54.37456969],[-129.47665096,54.37439523],[-129.47658267,54.37422005],[-129.47653637,54.37404274],[-129.47652293,54.37385937],[-129.47655516,54.37367885],[-129.47664788,54.37351151],[-129.47680108,54.3733552],[-129.47697824,54.37320281],[-129.47713806,54.37304686],[-129.47724312,54.37288129],[-129.47730952,54.37270754],[-129.47735623,54.37252987],[-129.47738837,54.37234971],[-129.4774099,54.37216812],[-129.47742451,54.37198725],[-129.47743505,54.3718078],[-129.47742726,54.37162834],[-129.47740429,54.37144854],[-129.47737195,54.37126944],[-129.47733717,54.37109035],[-129.47730158,54.37091197],[-129.47726232,54.37073359],[-129.47721991,54.37055556],[-129.47717313,54.37037789],[-129.47712135,54.37020057],[-129.47706449,54.37002397],[-129.47700509,54.36984773],[-129.47694446,54.36967148],[-129.47688262,54.36949524],[-129.47681884,54.36931935],[-129.47675435,54.36914381],[-129.47668874,54.36896792],[-129.47662243,54.36879239],[-129.47655489,54.36861685],[-129.47648664,54.36844168],[-129.47641779,54.3682665],[-129.47634832,54.36809132],[-129.47627377,54.36791686],[-129.47619474,54.3677431],[-129.47611317,54.3675697],[-129.47603099,54.36739631],[-129.47595136,54.36722255],[-129.47587549,54.36704844],[-129.47580655,54.36687362],[-129.47576235,54.3666956],[-129.47574277,54.36651472],[-129.47570784,54.36633634],[-129.47562517,54.36616472],[-129.47550434,54.36599844],[-129.47536175,54.36583787],[-129.47519425,54.36568548],[-129.47496371,54.36557047],[-129.47467154,54.36550745],[-129.4744061,54.36541666],[-129.47415667,54.3653102],[-129.47392511,54.36519234],[-129.4737043,54.36506666],[-129.47349141,54.3649367],[-129.47328786,54.36480175],[-129.47309214,54.36466289],[-129.47289846,54.36452332],[-129.47270649,54.36438197],[-129.47253212,54.36423456],[-129.47241051,54.364069],[-129.47226948,54.36390949],[-129.47210292,54.36375603],[-129.47190824,54.36361788],[-129.47166118,54.36351178],[-129.47139341,54.36341849],[-129.47117926,54.3632953],[-129.47103253,54.36313436],[-129.47084944,54.3629898],[-129.47065049,54.36285165],[-129.47043814,54.36272205],[-129.47019424,54.36261346],[-129.46993603,54.36251447],[-129.46974146,54.36237597],[-129.46953644,54.36224209],[-129.46931994,54.36211427],[-129.46910901,54.36198182],[-129.46893021,54.36183726],[-129.46883203,54.36166671],[-129.46871585,54.36149937],[-129.46857831,54.3613363],[-129.46839061,54.36120384],[-129.46809881,54.36114189],[-129.46781035,54.36107887],[-129.46752282,54.36101478],[-129.4672374,54.36094749],[-129.46695451,54.36087556],[-129.46667151,54.360804],[-129.4663857,54.36073813],[-129.46609272,54.36068472],[-129.46579037,54.36064947],[-129.46548542,54.36062348],[-129.46517996,54.36059927],[-129.46487321,54.36057968],[-129.4645663,54.36056722],[-129.46425986,54.36056829],[-129.46395289,54.36058645],[-129.46364571,54.36060105],[-129.46333647,54.36061209],[-129.4630262,54.36062027],[-129.46272105,54.36061458],[-129.46242528,54.36057328],[-129.46214278,54.36049566],[-129.46187144,54.36041092],[-129.46160821,54.36031692],[-129.46135289,54.36021651],[-129.46111308,54.36010222],[-129.46086274,54.35999932],[-129.46058017,54.35992847],[-129.46028234,54.35987933],[-129.45998273,54.35983874],[-129.4596817,54.359801],[-129.45937896,54.35976717],[-129.45907492,54.35973798],[-129.4587706,54.35971412],[-129.45846407,54.35969596],[-129.45815756,54.35968208],[-129.45784994,54.35966997],[-129.45754273,54.35965858],[-129.45723551,54.35964505],[-129.45692859,54.35963045],[-129.45662088,54.3596187],[-129.4563137,54.35961371],[-129.45600626,54.35961621],[-129.45569741,54.35962368],[-129.45539002,54.35963686],[-129.4550851,54.35965644],[-129.45478714,54.3597013],[-129.45449863,54.35976468],[-129.45421801,54.3598391],[-129.4539369,54.35991529],[-129.45365957,54.3599954],[-129.45341403,54.36009937],[-129.45320785,54.36023289],[-129.45300861,54.36037211],[-129.45278414,54.36049459],[-129.45254517,54.36060781],[-129.45229995,54.36071712],[-129.45205494,54.36082572],[-129.45180942,54.36093396],[-129.45156175,54.36104113],[-129.45131418,54.36114794],[-129.45080149,54.36127185],[-129.45051255,54.36133238],[-129.45021539,54.36137867],[-129.44991494,54.36141926],[-129.44961572,54.36146198],[-129.44931413,54.36149794],[-129.44900724,54.36151147],[-129.44870563,54.3615453],[-129.448406,54.36158731],[-129.44810627,54.36162968],[-129.44780511,54.36167063],[-129.44750867,54.3617187],[-129.44722966,54.36179169],[-129.44698637,54.36190277],[-129.44676648,54.36202846],[-129.44654853,54.36215593],[-129.44632231,54.36227805],[-129.4460919,54.36239769],[-129.44585044,54.36250878],[-129.44559897,54.36261203],[-129.4453429,54.36271208],[-129.44508549,54.36281035],[-129.44482798,54.36290898],[-129.44457191,54.36300903],[-129.44431481,54.36310837],[-129.44406128,54.3632102],[-129.44382514,54.36332627],[-129.44359155,54.36344199],[-129.44331426,54.36351747],[-129.44302552,54.36358156],[-129.44273268,54.36364067],[-129.44244136,54.3636987],[-129.44214808,54.36375282],[-129.44185389,54.36380587],[-129.44156041,54.36386071],[-129.44126703,54.36391518],[-129.44097304,54.36396966],[-129.440681,54.36402592],[-129.44039142,54.36408644],[-129.44010635,54.36415481],[-129.439834,54.36424097],[-129.43959293,54.36435064],[-129.43937148,54.36447525],[-129.43915494,54.36460414],[-129.43893176,54.36472841],[-129.438705,54.36485018],[-129.43847211,54.36496767],[-129.43823196,54.36508054],[-129.43798242,54.36518771],[-129.43771557,54.36527601],[-129.43742006,54.3653337],[-129.43711766,54.36533548],[-129.43681244,54.36530165],[-129.4365046,54.36527067],[-129.43619731,54.36525074],[-129.43591443,54.36530913],[-129.43564792,54.36540704],[-129.43542013,54.3655281],[-129.43515725,54.36561533],[-129.43490553,54.36571716],[-129.43466425,54.36582968],[-129.43438622,54.36590338],[-129.43407506,54.36592759],[-129.43382675,54.36601732],[-129.43361317,54.36615084],[-129.43336759,54.36625908],[-129.43317635,54.36640007],[-129.43295477,54.36652291],[-129.43265828,54.36657098],[-129.43235251,54.36659555],[-129.43204423,54.36660516],[-129.43173654,54.36660836],[-129.43142831,54.36660694],[-129.43112117,54.36659946],[-129.43079899,54.36659768],[-129.43047973,54.36658985],[-129.43020298,54.36654605],[-129.43005238,54.36639936],[-129.42992822,54.36622383],[-129.42975632,54.36607464],[-129.42958452,54.3659251],[-129.42944475,54.36576381],[-129.42925457,54.3656253],[-129.42902891,54.36550211],[-129.4287996,54.36538105],[-129.42857607,54.36525679],[-129.42834961,54.36513431],[-129.4281127,54.36502073],[-129.42784128,54.36493634],[-129.42756987,54.36485196],[-129.42731671,54.36474834],[-129.42706659,54.36464046],[-129.42682877,54.36452581],[-129.42661279,54.36440084],[-129.42646368,54.36424026],[-129.42631937,54.36408003],[-129.42607237,54.36398711],[-129.42577439,54.36392551],[-129.42553619,54.36381442],[-129.42531137,54.36369051],[-129.42509559,54.36356055],[-129.42488643,54.36342882],[-129.42468448,54.36329316],[-129.4244862,54.36315537],[-129.42428852,54.36301757],[-129.4240873,54.36288156],[-129.42388515,54.36274448],[-129.42368493,54.36260491],[-129.42347903,54.36247032],[-129.42325831,54.36234713],[-129.42301231,54.36224423],[-129.42273292,54.36216661],[-129.42243782,54.36210572],[-129.42212822,54.36206157],[-129.42178667,54.36204626],[-129.42155781,54.36199748],[-129.42171811,54.36182551],[-129.42189539,54.36167348],[-129.42205292,54.36152002],[-129.4221087,54.36134377],[-129.42209315,54.36115613],[-129.42198413,54.36099876],[-129.42174065,54.36088482],[-129.4214867,54.36077338],[-129.42124424,54.36065802],[-129.42108628,54.36050954],[-129.42100082,54.36033365],[-129.42095558,54.36015598],[-129.42093661,54.35997618],[-129.42092813,54.35979601],[-129.42092383,54.35961621],[-129.42092625,54.3594364],[-129.42092683,54.35925659],[-129.42091755,54.35907714],[-129.42089289,54.35889805],[-129.42086089,54.35871895],[-129.42083247,54.35854022],[-129.42080608,54.35836077],[-129.42078152,54.35818132],[-129.42076552,54.35800187],[-129.42076072,54.3578217],[-129.42075856,54.35763869],[-129.42077647,54.35745817],[-129.42083597,54.3572862],[-129.42099381,54.35713381],[-129.42118417,54.35698747],[-129.42134425,54.35683366],[-129.42153166,54.35669124],[-129.42168266,54.35653493],[-129.4218147,54.35637221],[-129.42192146,54.3562038],[-129.42202078,54.35603361],[-129.42216862,54.35587552],[-129.42215527,54.35571921],[-129.42185118,54.35566011],[-129.42154688,54.35562771],[-129.42126668,54.3555597],[-129.42100795,54.35546108],[-129.42074729,54.35536494],[-129.42048035,54.35527593],[-129.42019355,54.35521184],[-129.41990756,54.3551449],[-129.41964397,54.35505268],[-129.41944833,54.35491454],[-129.41928003,54.35476393],[-129.41911794,54.35461082],[-129.41896551,54.3544538],[-129.41881918,54.35429465],[-129.41865954,54.35414155],[-129.41846839,54.35400269],[-129.41824634,54.35387807],[-129.4180122,54.3537595],[-129.41778284,54.35363916],[-129.41755328,54.35351952],[-129.4173223,54.3534006],[-129.4170897,54.3532831],[-129.41685486,54.35316703],[-129.41660774,54.35305986],[-129.41636448,54.35294984],[-129.41612498,54.35283733],[-129.41588578,54.35272375],[-129.41564872,54.3526091],[-129.41541471,54.35249231],[-129.41519116,54.35236876],[-129.41495024,54.35225696],[-129.41470191,54.35214979],[-129.41447127,54.35203194],[-129.4142716,54.35189521],[-129.41409248,54.35174852],[-129.41392758,54.3515947],[-129.41382455,54.35142736],[-129.41378348,54.35124826],[-129.41376583,54.35106846],[-129.41376967,54.3508883],[-129.41372474,54.35070991],[-129.41359078,54.35054827],[-129.4134207,54.35039338],[-129.41326894,54.35023636],[-129.41318679,54.35006866],[-129.41317731,54.34989028],[-129.41320151,54.34970727],[-129.41322011,54.34952462],[-129.41319261,54.3493473],[-129.41311198,54.3491764],[-129.41300174,54.34900869],[-129.41287451,54.34884277],[-129.41274392,54.34867792],[-129.4126168,54.34851378],[-129.41247116,54.34835249],[-129.41232023,54.34819262],[-129.4121864,54.34803062],[-129.41208941,54.34786363],[-129.41205348,54.3476881],[-129.41206773,54.3475058],[-129.41209398,54.34732208],[-129.41209653,54.34714227],[-129.41203841,54.34696745],[-129.41190313,54.34679334],[-129.41169622,54.34666302],[-129.41143341,54.34659003],[-129.41113658,54.34654232],[-129.41082473,54.34650672],[-129.41051359,54.34647075],[-129.41021261,54.3464291],[-129.40991153,54.34638993],[-129.40961937,54.34633652],[-129.40933855,54.34626246],[-129.40906877,54.34617523],[-129.4088187,54.3460702],[-129.40859361,54.34594807],[-129.40836019,54.3458295],[-129.40811885,54.34571735],[-129.40785417,54.34562727],[-129.40756684,54.34555463],[-129.40727106,54.3455119],[-129.40696599,54.34552365],[-129.40666152,54.34556353],[-129.40636583,54.34561552],[-129.40608232,54.34568495],[-129.40580964,54.34576791],[-129.40553268,54.34584659],[-129.40524058,54.34590534],[-129.40495593,54.34597228],[-129.40469877,54.34606948],[-129.40445765,54.34618342],[-129.40422998,54.34630377],[-129.4040167,54.34643372],[-129.40381463,54.34656938],[-129.40361644,54.34670646],[-129.40339275,54.34683001],[-129.40315967,54.34694786],[-129.40291506,54.34705682],[-129.40266392,54.34716078],[-129.40240982,54.34726226],[-129.4021452,54.34735341],[-129.4018767,54.347441],[-129.40161626,54.34753678],[-129.40135093,54.34762828],[-129.40109008,54.34772335],[-129.40086874,54.34785153],[-129.40061522,54.34794659],[-129.40032454,54.34800676],[-129.4000227,54.3480502],[-129.40000071,54.34805234],[-129.39972001,54.34808154],[-129.39941331,54.34810112],[-129.39910609,54.34811607],[-129.39879884,54.34812462],[-129.39849149,54.34812925],[-129.39818415,54.34813815],[-129.39787681,54.34814918],[-129.39757102,54.3481677],[-129.39726546,54.34819191],[-129.39696153,54.34822111],[-129.39666141,54.34825849],[-129.39636672,54.34831119],[-129.39607418,54.34836923],[-129.39577784,54.3484148],[-129.39547319,54.34844008],[-129.39516463,54.34844898],[-129.39485744,54.34844222],[-129.39455042,54.34842406],[-129.39424341,54.34841017],[-129.39393717,54.34841516],[-129.39363058,54.34843652],[-129.39332737,54.3484675],[-129.39303186,54.3485209],[-129.39273223,54.34855651],[-129.39242312,54.34855437],[-129.39212459,54.34851485],[-129.39182958,54.34846073],[-129.39153021,54.34841338],[-129.39122516,54.34840768],[-129.39091664,54.34843153],[-129.390625,54.34848423],[-129.39036189,54.34858072],[-129.39014805,54.34870819],[-129.3899541,54.34884954],[-129.38976646,54.34899232],[-129.38954203,54.3491205],[-129.38926382,54.34917319],[-129.38895847,54.34913403],[-129.38867309,54.34906531],[-129.38839278,54.3489916],[-129.388099,54.34893748],[-129.38780329,54.34888799],[-129.38751984,54.34881892],[-129.38724269,54.34874059],[-129.3869562,54.34867365],[-129.38668514,54.34859105],[-129.38642748,54.34849349],[-129.38614292,54.34842406],[-129.38587531,54.34833576],[-129.38561756,54.34823855],[-129.38531428,54.34817268],[-129.38501009,54.34814669],[-129.38474291,54.34820793],[-129.38449202,54.34831297],[-129.38424648,54.34843367],[-129.38399724,54.34854369],[-129.38374748,54.34864908],[-129.38349792,54.34875376],[-129.38324427,54.34885559],[-129.38298175,54.34894995],[-129.38271392,54.34903932],[-129.38245068,54.34913189],[-129.38220428,54.34923835],[-129.38199021,54.34936866],[-129.38179674,54.34950824],[-129.38163008,54.34966098],[-129.38148392,54.34982548],[-129.38125501,54.34992624],[-129.38094733,54.34996648],[-129.38064823,54.35001739],[-129.38036118,54.35008184],[-129.38007669,54.35015234],[-129.37981629,54.35024562],[-129.37959396,54.3503706],[-129.37936438,54.35049094],[-129.37912828,54.3506063],[-129.37887197,54.35070884],[-129.3785761,54.3507505],[-129.37826595,54.35074552],[-129.37797703,54.35068499],[-129.37771753,54.35058743],[-129.37747562,54.35047527],[-129.37722863,54.3503681],[-129.37695676,54.35028621],[-129.37666976,54.35021892],[-129.37639332,54.35014023],[-129.37628469,54.3501032],[-129.37608141,54.35004445],[-129.37598842,54.34991556],[-129.37598875,54.3198975],[-129.37598878,54.31891836],[-129.37598834,54.31593642],[-129.37598956,54.31561241],[-129.37599116,54.31526989],[-129.37599211,54.31497472],[-129.37600606,54.31086944],[-129.37600678,54.31068892],[-129.37600808,54.31038841],[-129.3760081,54.31021038],[-129.37602423,54.3055258],[-129.37602736,54.30467057],[-129.37602846,54.30440317],[-129.37602938,54.30416426],[-129.37602964,54.30398125],[-129.37602996,54.30374661],[-129.37602998,54.30259193],[-129.37603013,54.30252927],[-129.37602957,54.29999987],[-129.37602997,54.28955045],[-129.37603008,54.28870553],[-129.37602992,54.28651083],[-129.37603013,54.28556764],[-129.37602999,54.28056297],[-129.37602965,54.27935133],[-129.37602986,54.27729904],[-129.37602978,54.2593127],[-129.37602985,54.24946928],[-129.37603046,54.20000008],[-129.37603045,54.19484871],[-129.37603234,54.09999993],[-129.37602972,54.04907519],[-129.37602746,54.00000014],[-129.3760273,53.89999999],[-129.37602533,53.80000019],[-129.37602498,53.75806364],[-129.36514583,53.74852089],[-129.30992474,53.70000004],[-129.23214683,53.63142543],[-129.23163911,53.63097716],[-129.23150534,53.63085859],[-129.2015859,53.63085503],[-129.20237239,53.63011516],[-129.20424214,53.62806679],[-129.20479372,53.62723078],[-129.20572179,53.62570687],[-129.20750988,53.62322198],[-129.20830597,53.62149905],[-129.2085748,53.62061497],[-129.20913657,53.61847794],[-129.20977053,53.61637937],[-129.20992355,53.61494555],[-129.21003513,53.61350816],[-129.21011555,53.61009184],[-129.21000704,53.60937404],[-129.21027458,53.60831194],[-129.21185285,53.60539872],[-129.21334249,53.6034066],[-129.21458034,53.60174918],[-129.21503758,53.60108229],[-129.21574527,53.5999059],[-129.21634849,53.59853901],[-129.21647766,53.59801633],[-129.21654533,53.59695137],[-129.21634754,53.59532315],[-129.21607586,53.59368602],[-129.21600327,53.59260397],[-129.21596572,53.59152514],[-129.21592308,53.59026649],[-129.21588287,53.58828826],[-129.21593688,53.58595256],[-129.2161014,53.58504605],[-129.21656049,53.58323161],[-129.21663715,53.58216666],[-129.21649435,53.58147663],[-129.21605928,53.58064311],[-129.21295978,53.57709647],[-129.21190155,53.57559963],[-129.21117137,53.57441611],[-129.21075498,53.57355482],[-129.21023612,53.57215411],[-129.20978051,53.57074129],[-129.20903932,53.56789252],[-129.20888737,53.56717792],[-129.20865116,53.56592746],[-129.20844818,53.56431597],[-129.20837405,53.56305768],[-129.20818713,53.55909981],[-129.20797386,53.55767025],[-129.20780566,53.55695886],[-129.20712661,53.55483679],[-129.20648981,53.55307825],[-129.20582706,53.55132469],[-129.20436743,53.54765059],[-129.20394774,53.5466013],[-129.20360118,53.54572612],[-129.20349213,53.54505496],[-129.20360224,53.54397719],[-129.20366384,53.54343849],[-129.20393628,53.5411035],[-129.2040243,53.54020553],[-129.2041322,53.53751342],[-129.20408267,53.53643743],[-129.20381514,53.53410493],[-129.20350212,53.53231327],[-129.20332253,53.53141958],[-129.20291583,53.52963897],[-129.2022729,53.5282411],[-129.20183163,53.52647615],[-129.20179202,53.52467809],[-129.20179985,53.5239553],[-129.2018512,53.52268989],[-129.20195644,53.52142662],[-129.20209436,53.5203492],[-129.20239404,53.51874768],[-129.20277874,53.51770658],[-129.20380046,53.51619728],[-129.20488858,53.51432444],[-129.20508949,53.51379962],[-129.20559732,53.51220914],[-129.20586111,53.51132257],[-129.20658904,53.50920761],[-129.20682118,53.50814017],[-129.20710848,53.50598961],[-129.20775439,53.50368346],[-129.20812554,53.50262563],[-129.20836495,53.50155854],[-129.20849911,53.50048362],[-129.20869905,53.49886892],[-129.20893292,53.4968939],[-129.20905269,53.49581577],[-129.20926793,53.49365916],[-129.20940201,53.49204197],[-129.20947446,53.49096456],[-129.20955487,53.48934915],[-129.20957241,53.48719859],[-129.20921066,53.48559707],[-129.20851379,53.48292561],[-129.20817723,53.47969337],[-129.20804624,53.47861773],[-129.20785521,53.47754673],[-129.20767787,53.4768364],[-129.20717203,53.47524663],[-129.20653471,53.47330436],[-129.20596354,53.4711741],[-129.20555083,53.46957507],[-129.20528047,53.4685087],[-129.20501207,53.46744196],[-129.20461149,53.46584151],[-129.20438818,53.46495244],[-129.20402891,53.46353037],[-129.20395078,53.46229772],[-129.20411355,53.45903948],[-129.20409001,53.45706375],[-129.2039685,53.45599951],[-129.20377818,53.45530236],[-129.20308733,53.45447881],[-129.20203262,53.45334834],[-129.20188634,53.45301508],[-129.20195696,53.4516165],[-129.20257913,53.44964291],[-129.20339244,53.44807058],[-129.20421887,53.44692907],[-129.20676486,53.44467633],[-129.20801265,53.44324429],[-129.2089445,53.44190197],[-129.20945911,53.44104495],[-129.21028194,53.43913331],[-129.21043616,53.43825742],[-129.21023763,53.43682894],[-129.20990858,53.43556566],[-129.20978218,53.43484395],[-129.2097453,53.43376618],[-129.20978429,53.43178902],[-129.20985001,53.43035021],[-129.20994608,53.42765276],[-129.20994786,53.42711369],[-129.20960785,53.42208089],[-129.2094726,53.42100419],[-129.20934395,53.42010836],[-129.20916899,53.41903665],[-129.20903409,53.41832454],[-129.20881323,53.41780435],[-129.20831495,53.41694982],[-129.20768159,53.41537678],[-129.20711094,53.41379484],[-129.20651981,53.41221575],[-129.20600667,53.4109952],[-129.20532369,53.40942964],[-129.20455918,53.40769068],[-129.2026981,53.40352131],[-129.20214545,53.40230681],[-129.20134774,53.4005732],[-129.20053818,53.39884171],[-129.19979761,53.39728434],[-129.19893175,53.3955639],[-129.19755715,53.39337524],[-129.19684386,53.39219137],[-129.19635903,53.39120902],[-129.19608252,53.39045383],[-129.19586367,53.38956833],[-129.19572389,53.38867464],[-129.19554929,53.38669499],[-129.19529942,53.38472353],[-129.19526446,53.38454479],[-129.19487022,53.38276275],[-129.19430388,53.38045018],[-129.19384098,53.37794892],[-129.19307304,53.37359155],[-129.19296898,53.37276195],[-129.1929144,53.36816602],[-129.19304077,53.36672757],[-129.19314059,53.36575733],[-129.19319797,53.36521898],[-129.19336922,53.36349106],[-129.19347666,53.36198745],[-129.19349538,53.36155912],[-129.19351243,53.36054971],[-129.19345453,53.35929142],[-129.19352607,53.35551762],[-129.1935641,53.35407952],[-129.19360937,53.35264143],[-129.19381818,53.34890395],[-129.19399439,53.34773788],[-129.19426513,53.34636601],[-129.19440027,53.3456361],[-129.19442532,53.34548513],[-129.19535628,53.34434648],[-129.19654245,53.34289485],[-129.19706989,53.34224933],[-129.19825783,53.34079592],[-129.19971071,53.3390178],[-129.20010685,53.33853285],[-129.20142761,53.33691602],[-129.20235212,53.33578449],[-129.20314439,53.3348146],[-129.20354041,53.33433001],[-129.20367194,53.33416872],[-129.18073868,53.31713625],[-129.14760991,53.30166613],[-129.11930136,53.2972614],[-129.10175529,53.29986699],[-129.0515084,53.31701091],[-129.01774421,53.31810898],[-128.97035808,53.30003968],[-128.9433653,53.29928378],[-128.92684194,53.30667578],[-128.90971159,53.30969546],[-128.89551903,53.30318825],[-128.87200579,53.27520289],[-128.78866153,53.22378181],[-128.73031778,53.19567611],[-128.6925377,53.1717939],[-128.63646578,53.16261416],[-128.61563027,53.15372246],[-128.57814938,53.11140386],[-128.55685273,53.06544712],[-128.53244733,53.03019544],[-128.5266758,53.00458744],[-127.97758967,53.00129254],[-127.24422351,52.99790933],[-127.24422125,52.99839498],[-127.24411125,52.99890129],[-127.24386301,52.9991224],[-127.24363814,52.99917759],[-127.24344903,52.99922423],[-127.24324375,52.99928867],[-127.24308908,52.99935383],[-127.24300175,52.99939727],[-127.24291428,52.99944106],[-127.24270392,52.99954574],[-127.24239494,52.99975688],[-127.24224855,52.9999463],[-127.24220998,53.00000007],[-127.24225092,53.0000784],[-127.24220161,53.00030698],[-127.24209677,53.00055266],[-127.24204186,53.00073638],[-127.24205039,53.00093862],[-127.24190829,53.00114335],[-127.24153856,53.00131782],[-127.24123206,53.00140754],[-127.24112358,53.00142855],[-127.24099531,53.0014581],[-127.24073777,53.00152148],[-127.2404212,53.00167885],[-127.24015136,53.00190388],[-127.23978445,53.00201105],[-127.23925491,53.00200322],[-127.23890625,53.00198007],[-127.23879877,53.00195123],[-127.23861567,53.00184976],[-127.238279,53.00170983],[-127.23804495,53.00169345],[-127.23795447,53.00168704],[-127.2378154,53.00173903],[-127.23776514,53.00181914],[-127.2377549,53.00193129],[-127.23774941,53.00211573],[-127.23775416,53.00226349],[-127.23775639,53.0023315],[-127.23766182,53.002564],[-127.23747833,53.00275449],[-127.23736599,53.00284706],[-127.23741439,53.00289299],[-127.23756221,53.00299233],[-127.23753117,53.00304965],[-127.2374963,53.00309203],[-127.23750924,53.00315042],[-127.2375354,53.00325545],[-127.23756477,53.00340072],[-127.23758273,53.00346624],[-127.23762385,53.00355667],[-127.23767546,53.00364284],[-127.2377403,53.00371583],[-127.23780991,53.00379345],[-127.23785806,53.00384792],[-127.23790426,53.00389813],[-127.23797739,53.00397112],[-127.23806857,53.0040669],[-127.23815081,53.00415342],[-127.23822694,53.00423104],[-127.23832842,53.00434034],[-127.23844158,53.00445321],[-127.23863236,53.0045878],[-127.23877847,53.00466186],[-127.23886674,53.00469462],[-127.2390039,53.00475942],[-127.23921255,53.00484807],[-127.2393382,53.00489472],[-127.23935827,53.00499868],[-127.23933986,53.00517351],[-127.23932809,53.00529919],[-127.23932726,53.00535331],[-127.23933004,53.00542773],[-127.2393497,53.00552493],[-127.2394593,53.00557335],[-127.23957743,53.00561323],[-127.23967515,53.00566806],[-127.23982416,53.00575174],[-127.24007535,53.00593973],[-127.2401889,53.00603587],[-127.24026727,53.00606506],[-127.24036051,53.00609248],[-127.24035739,53.00613698],[-127.24032846,53.00619502],[-127.24027464,53.00627834],[-127.24015377,53.00632284],[-127.24001532,53.00637946],[-127.2398979,53.00648556],[-127.23982992,53.00659238],[-127.23980976,53.00667747],[-127.23981411,53.00675402],[-127.2398297,53.00683057],[-127.23987448,53.00695697],[-127.23994838,53.00707518],[-127.23999864,53.00711933],[-127.239968,53.00717879],[-127.23989626,53.00720906],[-127.23981234,53.00724182],[-127.23971145,53.0072379],[-127.2396314,53.00717381],[-127.23954257,53.00714568],[-127.23932528,53.00716491],[-127.23903281,53.00718734],[-127.23890531,53.00719909],[-127.23890583,53.00734721],[-127.23890046,53.00765733],[-127.23887975,53.00785245],[-127.23882724,53.00802513],[-127.23873363,53.00839685],[-127.23874123,53.00876536],[-127.23885154,53.00906373],[-127.23897215,53.00921826],[-127.23928109,53.00929054],[-127.23973879,53.00940946],[-127.24010052,53.00956328],[-127.24049416,53.00984313],[-127.24087027,53.01013189],[-127.24103801,53.01029176],[-127.24116661,53.01046444],[-127.24136426,53.01071475],[-127.24151885,53.01098677],[-127.24155845,53.01130651],[-127.24144373,53.01167787],[-127.24128428,53.01202182],[-127.241291,53.01231414],[-127.24144182,53.01266236],[-127.24154092,53.01301912],[-127.24158075,53.01334776],[-127.24164689,53.01366785],[-127.24173469,53.01395233],[-127.24181805,53.01419196],[-127.24187562,53.01434114],[-127.24191527,53.01444511],[-127.24201204,53.01467583],[-127.24214636,53.0151768],[-127.2422024,53.01582944],[-127.24219808,53.01633717],[-127.24219283,53.01671031],[-127.24219417,53.01717781],[-127.24219444,53.01761825],[-127.24221903,53.01797822],[-127.24225671,53.01834744],[-127.24225236,53.0186127],[-127.24221173,53.0187918],[-127.24218826,53.01888579],[-127.24214895,53.01895736],[-127.24207749,53.01909088],[-127.24202341,53.01918915],[-127.24200994,53.01931484],[-127.24202266,53.01954414],[-127.24204211,53.01976026],[-127.24206106,53.0198863],[-127.2421068,53.02009388],[-127.24216577,53.02049479],[-127.24218963,53.02093559],[-127.24219021,53.02123823],[-127.24218625,53.02143477],[-127.24218605,53.02151097],[-127.24226849,53.02154835],[-127.24260785,53.02159357],[-127.24307853,53.02173991],[-127.24320981,53.02188055],[-127.24330025,53.02197704],[-127.24329666,53.02215685],[-127.24327334,53.02222841],[-127.24325789,53.02228218],[-127.24324188,53.02236265],[-127.24323487,53.022457],[-127.24323246,53.02263681],[-127.24322792,53.02288854],[-127.24322524,53.02305018],[-127.2432263,53.02313564],[-127.24322536,53.02327058],[-127.24322604,53.02348635],[-127.2432384,53.02363945],[-127.24327917,53.02370746],[-127.24329542,53.02390542],[-127.24343158,53.02422231],[-127.24386347,53.02448472],[-127.24425927,53.02471081],[-127.24437116,53.02486534],[-127.24442287,53.0249515],[-127.24470542,53.02507719],[-127.24478828,53.02510247],[-127.24513889,53.02520928],[-127.2453936,53.02528299],[-127.24542711,53.02532144],[-127.24542844,53.02542042],[-127.24543048,53.02555537],[-127.24542982,53.02566752],[-127.24543046,53.02579357],[-127.24543284,53.02609479],[-127.24558086,53.02658685],[-127.24564222,53.02665521],[-127.24600984,53.02706539],[-127.24642665,53.02739972],[-127.24667444,53.02760552],[-127.24678728,53.0278633],[-127.24666938,53.02827846],[-127.24654225,53.02868827],[-127.24652282,53.02874951],[-127.24652541,53.02903293],[-127.24653464,53.02911091],[-127.24655519,53.02928964],[-127.24653843,53.0296578],[-127.24647862,53.03003023],[-127.24644552,53.0301958],[-127.24651049,53.03026879],[-127.24649653,53.03034071],[-127.24643362,53.03040266],[-127.24634023,53.03046853],[-127.24627808,53.03051268],[-127.24615433,53.03059636],[-127.2461857,53.03063267],[-127.24630522,53.03069285],[-127.24642909,53.03076192],[-127.24655199,53.03081782],[-127.24668963,53.0308723],[-127.24683969,53.03092998],[-127.24695084,53.03098089],[-127.24705015,53.03103181],[-127.24714524,53.03109554],[-127.24721346,53.03114254],[-127.24730051,53.03118669],[-127.24739082,53.03122372],[-127.24748159,53.03127214],[-127.24757989,53.03131629],[-127.24752367,53.03137148],[-127.24751326,53.03144341],[-127.24750582,53.03150429],[-127.24748482,53.03167235],[-127.24745223,53.03192336],[-127.24743779,53.0322018],[-127.24745416,53.03255749],[-127.24759814,53.03271665],[-127.24786941,53.03271166],[-127.24805257,53.03274584],[-127.24822774,53.03291497],[-127.24839169,53.03308089],[-127.2484982,53.03318842],[-127.24863748,53.03333013],[-127.24879205,53.0332874],[-127.24908657,53.03320622],[-127.24928532,53.03316883],[-127.24946557,53.03322972],[-127.24968566,53.03334544],[-127.24978275,53.03343231],[-127.24972931,53.03348323],[-127.24970875,53.03364701],[-127.2497101,53.03412341],[-127.24990636,53.03475113],[-127.25034678,53.03519833],[-127.25066927,53.0353963],[-127.25079729,53.03549706],[-127.25090203,53.03566939],[-127.25093644,53.03593928],[-127.25095448,53.03608384],[-127.25089108,53.03658623],[-127.25082694,53.0368821],[-127.25081792,53.03710677],[-127.25085288,53.03746211],[-127.25094476,53.03781888],[-127.25105929,53.03812152],[-127.25116213,53.03846013],[-127.25128487,53.03876776],[-127.2514865,53.03910352],[-127.25169778,53.03944354],[-127.25189916,53.03976577],[-127.25208092,53.04007874],[-127.2521596,53.04021013],[-127.25228654,53.04037391],[-127.25247734,53.04063276],[-127.25259223,53.04079868],[-127.25259887,53.04087737],[-127.25258357,53.04096246],[-127.25259223,53.04104364],[-127.25256415,53.04110595],[-127.25249998,53.04117289],[-127.25252793,53.04124054],[-127.25273375,53.04134237],[-127.2530965,53.04148693],[-127.25327093,53.04155244],[-127.25327267,53.0416379],[-127.25344199,53.04185616],[-127.253848,53.04207335],[-127.25415203,53.04217233],[-127.25426695,53.04220544],[-127.25441135,53.04223891],[-127.25441173,53.04232009],[-127.25441099,53.04248174],[-127.25440941,53.04254761],[-127.25449343,53.04265371],[-127.25482476,53.04284741],[-127.25530013,53.0430297],[-127.25555507,53.04311907],[-127.25573892,53.04321165],[-127.25606363,53.04333769],[-127.25628622,53.04342172],[-127.25640619,53.04347299],[-127.25649335,53.04353281],[-127.25654324,53.04358301],[-127.25659627,53.04363749],[-127.25665341,53.04370157],[-127.25671464,53.04374679],[-127.25687644,53.04369588],[-127.25715131,53.04360081],[-127.25723643,53.0436471],[-127.25716337,53.04378525],[-127.25714779,53.04394227],[-127.25727075,53.04408362],[-127.25735761,53.04412528],[-127.25747231,53.04414949],[-127.2576242,53.04417406],[-127.25777126,53.04425737],[-127.25787907,53.0444297],[-127.25798703,53.04458423],[-127.25820345,53.04465473],[-127.25850879,53.04469496],[-127.25873622,53.04473448],[-127.25884304,53.04477187],[-127.25890971,53.0448089],[-127.25910479,53.04484308],[-127.25953349,53.04487655],[-127.25994273,53.04493031],[-127.26018836,53.04496236],[-127.26084101,53.04511581],[-127.26110884,53.04525468],[-127.26110947,53.04539852],[-127.26111043,53.04561429],[-127.26110041,53.0458119],[-127.26106097,53.04592833],[-127.26095179,53.04608392],[-127.26082478,53.04632034],[-127.26081558,53.04641612],[-127.26080836,53.04649552],[-127.26085505,53.04658595],[-127.26089701,53.04667639],[-127.2609327,53.04681205],[-127.26095363,53.04693809],[-127.26096246,53.04701891],[-127.26098336,53.04712288],[-127.26116631,53.04727812],[-127.26163966,53.04746612],[-127.26207236,53.04760605],[-127.26224809,53.0478154],[-127.262263,53.04813478],[-127.26225387,53.04843137],[-127.26221982,53.04862364],[-127.26220699,53.04869592],[-127.26217865,53.04886184],[-127.26222943,53.04892557],[-127.26228946,53.04898041],[-127.26233705,53.04903524],[-127.26239093,53.04909862],[-127.26247054,53.04918977],[-127.26254815,53.04927201],[-127.2626231,53.04934714],[-127.26269076,53.049418],[-127.26287575,53.04944755],[-127.26296801,53.04945111],[-127.26322298,53.04946143],[-127.26358914,53.0495387],[-127.26395938,53.04967471],[-127.2642389,53.04977298],[-127.26438543,53.04982461],[-127.26446257,53.04985273],[-127.26459718,53.04998056],[-127.26481765,53.050186],[-127.2649678,53.05032771],[-127.26501299,53.05037791],[-127.26507858,53.05044165],[-127.26520167,53.05055594],[-127.26529674,53.05065172],[-127.26540138,53.05075675],[-127.26558051,53.05089383],[-127.26594094,53.05100706],[-127.26606304,53.05103376],[-127.26635984,53.05109856],[-127.26656411,53.05117796],[-127.26660219,53.05122817],[-127.2666472,53.05129154],[-127.26668948,53.05148096],[-127.26670072,53.0518452],[-127.26671655,53.05212435],[-127.26675768,53.05220126],[-127.26704249,53.05227282],[-127.26756498,53.05241524],[-127.26782371,53.05253595],[-127.26785386,53.05262638],[-127.26790854,53.05267659],[-127.26818365,53.05270756],[-127.26886237,53.05279658],[-127.269579,53.05290304],[-127.26992297,53.05296214],[-127.27011286,53.0530864],[-127.27027693,53.05332247],[-127.27033763,53.05347379],[-127.27033938,53.05354357],[-127.27057028,53.05368172],[-127.27094369,53.05384907],[-127.27129861,53.05400253],[-127.27168879,53.05420583],[-127.27199039,53.05437674],[-127.27208742,53.05445471],[-127.2721056,53.05449957],[-127.2721302,53.05454942],[-127.27217042,53.05462882],[-127.27222645,53.05467226],[-127.27236244,53.05475059],[-127.27252168,53.0548745],[-127.27265904,53.05498879],[-127.27278009,53.05508492],[-127.27286513,53.0551807],[-127.27279727,53.05530995],[-127.27263925,53.05545059],[-127.27279266,53.05561544],[-127.27338164,53.05569591],[-127.27390534,53.05559123],[-127.27414339,53.05546946],[-127.27432919,53.05539077],[-127.27447674,53.05536371],[-127.27459051,53.05540324],[-127.27467005,53.05546305],[-127.27474374,53.05551788],[-127.2748434,53.05556666],[-127.2750878,53.05563075],[-127.27533765,53.055666],[-127.27556863,53.05569627],[-127.27577185,53.05572155],[-127.27596509,53.05575608],[-127.27619393,53.05579525],[-127.27643959,53.05582587],[-127.27667244,53.0558337],[-127.27691937,53.05584189],[-127.27716288,53.05584972],[-127.27738884,53.05586646],[-127.2776103,53.0558921],[-127.27784128,53.05592236],[-127.27808398,53.05595298],[-127.2783316,53.05598787],[-127.27857854,53.05602775],[-127.27882438,53.05606264],[-127.27906826,53.05609326],[-127.27930954,53.05613243],[-127.27954263,53.05618085],[-127.27972494,53.05621931],[-127.27985219,53.05624815],[-127.27996974,53.05626809],[-127.2801175,53.05628803],[-127.28027492,53.05629479],[-127.28043695,53.05630191],[-127.28053908,53.05630761],[-127.28061345,53.05632897],[-127.28081274,53.05635211],[-127.28122084,53.05640303],[-127.28141424,53.05643401],[-127.28134948,53.05649952],[-127.28123548,53.05666829],[-127.28120063,53.05681391],[-127.28117489,53.05691931],[-127.28117404,53.05717531],[-127.2811751,53.05741351],[-127.28117733,53.05762322],[-127.28120285,53.05773253],[-127.2814916,53.05791269],[-127.28160866,53.05799423],[-127.28209633,53.05833497],[-127.28238981,53.05878644],[-127.28239971,53.05914855],[-127.28246936,53.0595046],[-127.28262443,53.05975882],[-127.28274762,53.05994931],[-127.28282325,53.06020211],[-127.28287971,53.06049514],[-127.28287972,53.06081879],[-127.28283132,53.06105628],[-127.28275958,53.06125318],[-127.28267387,53.06150811],[-127.2825679,53.06182998],[-127.28247787,53.06224407],[-127.28245384,53.06235445],[-127.28239975,53.06284366],[-127.28239847,53.06318512],[-127.28239216,53.06357179],[-127.28239216,53.0639987],[-127.28239513,53.06448435],[-127.28239858,53.06485286],[-127.28249399,53.06509249],[-127.28270653,53.06541044],[-127.28288593,53.06566004],[-127.2830008,53.06579676],[-127.28310636,53.06590607],[-127.28323667,53.06601573],[-127.28336348,53.06613002],[-127.28346677,53.06632479],[-127.28351133,53.06655942],[-127.28366424,53.0667816],[-127.28399234,53.06704722],[-127.284285,53.06728079],[-127.28450894,53.0674905],[-127.28464017,53.06764538],[-127.2848104,53.06777356],[-127.28523082,53.06800464],[-127.28566055,53.06824889],[-127.28585747,53.06839131],[-127.28606785,53.06854691],[-127.28647943,53.06882712],[-127.28682861,53.06910627],[-127.28694514,53.06925296],[-127.28701007,53.06937437],[-127.28705994,53.06946944],[-127.2872385,53.06965637],[-127.2873182,53.06972865],[-127.28753991,53.06993017],[-127.28773441,53.07009502],[-127.28784075,53.07015947],[-127.28811181,53.07028907],[-127.28853043,53.07048383],[-127.28887106,53.07064619],[-127.28907181,53.07079751],[-127.28915015,53.07095133],[-127.28915906,53.07101008],[-127.28930155,53.07103002],[-127.28954639,53.07104248],[-127.28978022,53.07103678],[-127.2899498,53.07100794],[-127.29009302,53.07098302],[-127.29023203,53.07098053],[-127.290357,53.07098231],[-127.29047248,53.07098409],[-127.2906175,53.07099726],[-127.29092723,53.0709994],[-127.29107482,53.07098978],[-127.29138092,53.07096984],[-127.29157407,53.0709175],[-127.29181481,53.07085199],[-127.2924026,53.07067895],[-127.29292162,53.07064584],[-127.29321447,53.0706996],[-127.29341591,53.07073627],[-127.29350877,53.07070815],[-127.29362559,53.070638],[-127.29392571,53.07059278],[-127.29437477,53.07057249],[-127.29473297,53.07056857],[-127.29514633,53.07059634],[-127.29562709,53.07063088],[-127.2959023,53.07065723],[-127.29623622,53.07069782],[-127.29666475,53.07075799],[-127.29710048,53.07076867],[-127.29773433,53.07075977],[-127.29807468,53.07078149],[-127.2983261,53.07079858],[-127.29854055,53.07082101],[-127.29869443,53.07082315],[-127.2988266,53.07081354],[-127.29892699,53.07080179],[-127.29903766,53.07080535],[-127.29919638,53.07081674],[-127.2993882,53.07083312],[-127.29950228,53.07084345],[-127.29958679,53.0708584],[-127.29974302,53.0708876],[-127.29993947,53.07092178],[-127.30005436,53.07092356],[-127.3002237,53.07093032],[-127.30032046,53.07098551],[-127.3003481,53.07106242],[-127.30037195,53.07110336],[-127.30043443,53.07115357],[-127.30052828,53.07121338],[-127.30063168,53.07127783],[-127.30080471,53.07139711],[-127.30103708,53.07156231],[-127.3012312,53.07169975],[-127.3013963,53.07181013],[-127.30156822,53.07190697],[-127.30174677,53.07201308],[-127.30189867,53.07210957],[-127.30198769,53.07216013],[-127.30205295,53.07220606],[-127.30214938,53.07226694],[-127.3022806,53.07234421],[-127.30243427,53.07242325],[-127.30256884,53.07247879],[-127.30271015,53.07252579],[-127.30288836,53.07258668],[-127.30310092,53.07268424],[-127.30329448,53.07279461],[-127.30349022,53.07290072],[-127.30368217,53.07299792],[-127.3038179,53.07306308],[-127.3038926,53.07310438],[-127.30397314,53.07315066],[-127.30407116,53.07321048],[-127.30416107,53.07327457],[-127.30425666,53.07335682],[-127.30434549,53.07343017],[-127.3044067,53.07349176],[-127.3046224,53.07357615],[-127.30506282,53.07361567],[-127.30570328,53.07373708],[-127.30611398,53.07394074],[-127.30634652,53.07403403],[-127.30655659,53.07403011],[-127.30666116,53.0740294],[-127.30679503,53.07403118],[-127.30691745,53.07402869],[-127.30703397,53.07401658],[-127.30716539,53.07399629],[-127.3072838,53.07396638],[-127.30742589,53.07391903],[-127.30759957,53.07383144],[-127.30773627,53.07375239],[-127.30782438,53.07370041],[-127.30787403,53.07367371],[-127.30796437,53.07362528],[-127.30804202,53.07356796],[-127.30811879,53.0734971],[-127.30819466,53.07341272],[-127.30825998,53.07333759],[-127.30833461,53.07327564],[-127.30844023,53.07320051],[-127.30851779,53.07315458],[-127.30858901,53.07311292],[-127.30876546,53.07302106],[-127.30893592,53.07292457],[-127.30909111,53.07282772],[-127.30920667,53.07275295],[-127.30931233,53.07268246],[-127.30946213,53.07258419],[-127.30955196,53.07252757],[-127.30961363,53.07248449],[-127.30968523,53.07245138],[-127.30978345,53.07241043],[-127.30988359,53.07236272],[-127.31000359,53.07227442],[-127.31014574,53.07215051],[-127.31025716,53.07204868],[-127.31032414,53.07199136],[-127.31038497,53.07194258],[-127.3104766,53.07187635],[-127.3105716,53.07180585],[-127.31065831,53.07173536],[-127.31077861,53.07163353],[-127.31093266,53.07151425],[-127.31105959,53.07142167],[-127.31113101,53.07137788],[-127.31119942,53.0713024],[-127.31129063,53.07116888],[-127.31135366,53.07106171],[-127.31141556,53.07095916],[-127.31157842,53.07084487],[-127.31180421,53.07079395],[-127.31198404,53.07079004],[-127.31213904,53.07078754],[-127.31229762,53.07077864],[-127.31240864,53.07077651],[-127.31257919,53.07077366],[-127.3126964,53.07077081],[-127.31284695,53.07078185],[-127.31302533,53.07078185],[-127.31317809,53.0707822],[-127.31348464,53.07076262],[-127.31359624,53.07073983],[-127.3137612,53.07055148],[-127.31398304,53.07021359],[-127.31443831,53.06996969],[-127.31474864,53.06986038],[-127.31484135,53.06980876],[-127.31493486,53.06975499],[-127.31501605,53.06969767],[-127.31507985,53.06964889],[-127.31515138,53.06958729],[-127.31521321,53.06953424],[-127.31530613,53.06945021],[-127.31553042,53.06941283],[-127.31588619,53.06943134],[-127.31612462,53.06934482],[-127.31620889,53.06911695],[-127.31627003,53.0689464],[-127.31637502,53.06885382],[-127.31649827,53.06880611],[-127.31665058,53.06871852],[-127.31680818,53.06862631],[-127.31691869,53.06856507],[-127.31702755,53.06850347],[-127.31716618,53.06841125],[-127.31727693,53.06833185],[-127.31734078,53.0682877],[-127.31740764,53.06824818],[-127.31755645,53.06816522],[-127.31770109,53.06809508],[-127.31786342,53.06802992],[-127.31798836,53.06796013],[-127.31814555,53.06784513],[-127.31821212,53.06779208],[-127.31836267,53.06780311],[-127.31858943,53.06780205],[-127.31883722,53.06778745],[-127.31905375,53.06776929],[-127.3192641,53.06774864],[-127.31936409,53.06772834],[-127.31948734,53.06767743],[-127.31974404,53.0676023],[-127.32017631,53.067514],[-127.32057216,53.06745027],[-127.32071237,53.06743496],[-127.32080879,53.06742427],[-127.32101127,53.06741359],[-127.32112255,53.06741074],[-127.3212143,53.06739828],[-127.32141902,53.06738796],[-127.32165283,53.06738226],[-127.32184142,53.06736909],[-127.32197523,53.06735983],[-127.3220989,53.06735235],[-127.32219555,53.06735378],[-127.32227264,53.0673552],[-127.32235579,53.06735627],[-127.32246785,53.06735769],[-127.32262651,53.0673374],[-127.32278888,53.06730393],[-127.32290879,53.06727153],[-127.32303317,53.06723984],[-127.32320522,53.06721064],[-127.32351275,53.06718358],[-127.32392588,53.06716258],[-127.32415371,53.06715225],[-127.32436982,53.06716863],[-127.324693,53.06720459],[-127.3248823,53.06722773],[-127.32497568,53.0672491],[-127.32508843,53.06728684],[-127.32518196,53.0673285],[-127.32533849,53.06739828],[-127.32550232,53.06747234],[-127.32560732,53.06750545],[-127.32568438,53.06754676],[-127.32569333,53.06760551],[-127.32571472,53.06769131],[-127.3257578,53.06779528],[-127.32585408,53.06798078],[-127.32602986,53.06826634],[-127.32636303,53.06842834],[-127.32682444,53.0684846],[-127.32709452,53.06854228],[-127.32720648,53.06864269],[-127.32732526,53.06875662],[-127.32738332,53.06884742],[-127.3274064,53.06895103],[-127.32743668,53.06903684],[-127.32747963,53.06908704],[-127.32757169,53.06916929],[-127.32771488,53.06929248],[-127.32781712,53.06938399],[-127.32777432,53.06944167],[-127.32765524,53.06951644],[-127.32768039,53.06963358],[-127.32783305,53.06976639],[-127.32797624,53.06988958],[-127.32812903,53.07002203],[-127.32820762,53.07021216],[-127.32821016,53.07052229],[-127.32821157,53.07080998],[-127.32822701,53.07094528],[-127.32852627,53.07103927],[-127.32915498,53.07118276],[-127.3294706,53.07132198],[-127.32947074,53.07153347],[-127.32944095,53.07194649],[-127.3293969,53.07235168],[-127.32943874,53.07255784],[-127.329608,53.07263652],[-127.32978275,53.07270204],[-127.32987725,53.07272839],[-127.33000124,53.07279497],[-127.33008857,53.07285016],[-127.3302326,53.07293774],[-127.33042539,53.07303922],[-127.33063458,53.07313642],[-127.33088328,53.07323897],[-127.33120324,53.07333474],[-127.33153167,53.07341414],[-127.33165518,53.07345651],[-127.33170881,53.07350672],[-127.3317804,53.0735676],[-127.33192076,53.07364914],[-127.33204257,53.07368652],[-127.33215248,53.07371287],[-127.33225494,53.07374812],[-127.33244443,53.0738585],[-127.33271095,53.07401516],[-127.33293584,53.07410845],[-127.33309225,53.07416434],[-127.33322989,53.07422772],[-127.3334175,53.0742587],[-127.33372088,53.07425407],[-127.33389236,53.07425193],[-127.33385804,53.0743235],[-127.33376122,53.07443886],[-127.33371442,53.07449619],[-127.33375854,53.07452894],[-127.33389363,53.07458484],[-127.3340337,53.07464965],[-127.33415178,53.07470982],[-127.33425186,53.07475148],[-127.33435438,53.07479135],[-127.33448411,53.0748266],[-127.33461703,53.07488037],[-127.33471573,53.07491775],[-127.33489178,53.07490493],[-127.33493301,53.07489603],[-127.33503412,53.07488393],[-127.33523604,53.07487325],[-127.33548239,53.07487218],[-127.33572811,53.07489354],[-127.33591922,53.07492309],[-127.33602578,53.0749473],[-127.33610482,53.07497543],[-127.33619507,53.07502599],[-127.33629053,53.07507691],[-127.33640168,53.07511429],[-127.3365588,53.07515239],[-127.33672196,53.07519975],[-127.33685985,53.07523535],[-127.33697891,53.07523713],[-127.33707317,53.07522431],[-127.33717199,53.07523749],[-127.33725807,53.0752674],[-127.33735856,53.07529837],[-127.33744596,53.07533113],[-127.33753448,53.07535926],[-127.33768982,53.07539735],[-127.33785555,53.07544257],[-127.33806883,53.07552411],[-127.33821727,53.07559354],[-127.33832523,53.07564908],[-127.3384323,53.0756911],[-127.33848866,53.0757324],[-127.33852319,53.07579578],[-127.33860659,53.07585524],[-127.33866413,53.07589654],[-127.33870741,53.07593001],[-127.33878694,53.07597914],[-127.33888146,53.07603896],[-127.33895734,53.0761059],[-127.3390209,53.07617568],[-127.33914489,53.07625829],[-127.33930033,53.07635514],[-127.33942098,53.07646907],[-127.33953218,53.07656058],[-127.33961671,53.076609],[-127.3396889,53.0766795],[-127.33973007,53.07675213],[-127.33976697,53.07681551],[-127.33981678,53.07687924],[-127.33986263,53.07694725],[-127.33993208,53.07704267],[-127.34003923,53.07715625],[-127.34012958,53.0772385],[-127.34018639,53.07728657],[-127.34024197,53.07733001],[-127.34029537,53.07737131],[-127.34037904,53.07743326],[-127.34045409,53.07748809],[-127.34054487,53.0776266],[-127.34066431,53.07783952],[-127.34071992,53.07794349],[-127.34083659,53.07791821],[-127.34114158,53.07783275],[-127.34127975,53.07778789],[-127.34140725,53.07774623],[-127.34149382,53.0777206],[-127.34167461,53.07771419],[-127.34181501,53.07771597],[-127.34201369,53.07771882],[-127.3421539,53.07771632],[-127.34224761,53.07771775],[-127.34237132,53.07773733],[-127.3425332,53.07777543],[-127.34266968,53.07779572],[-127.34281816,53.07781566],[-127.34295565,53.07782207],[-127.34311252,53.07782421],[-127.34322519,53.07782563],[-127.34334194,53.07783204],[-127.34343912,53.07785127],[-127.34351834,53.0778502],[-127.34363986,53.07784059],[-127.34382574,53.07782207],[-127.34396374,53.0778],[-127.34409977,53.07777044],[-127.34424358,53.07774552],[-127.34433026,53.07773555],[-127.34443556,53.07773448],[-127.34460474,53.07773697],[-127.34474604,53.07775228],[-127.34498261,53.07778718],[-127.34520389,53.07782172],[-127.34531457,53.0778413],[-127.34541293,53.07786052],[-127.34551115,53.07788011],[-127.34557504,53.07791714],[-127.34558924,53.07797624],[-127.34563509,53.07805707],[-127.34589655,53.07826749],[-127.34624035,53.07847009],[-127.34667331,53.07867838],[-127.34710738,53.07885498],[-127.34731763,53.07892085],[-127.34741377,53.0789269],[-127.34753718,53.07893295],[-127.34776864,53.07899918],[-127.34805099,53.07916937],[-127.34836565,53.07936271],[-127.34859581,53.07946917],[-127.34868441,53.07950193],[-127.34889199,53.07955427],[-127.34934614,53.0796593],[-127.34979385,53.07974653],[-127.35016807,53.07983697],[-127.35051952,53.079968],[-127.35079413,53.08008407],[-127.35108065,53.08020477],[-127.35143168,53.0803625],[-127.35164968,53.08045543],[-127.35197919,53.08054979],[-127.35253372,53.080715],[-127.35286448,53.08081398],[-127.35299656,53.08083819],[-127.35304408,53.08086347],[-127.3530887,53.08089338],[-127.35335322,53.08098239],[-127.3537472,53.08113621],[-127.35394056,53.08130996],[-127.35394597,53.08141357],[-127.3539523,53.0815211],[-127.35395404,53.08171444],[-127.35395401,53.08185828],[-127.35395397,53.08200213],[-127.3539537,53.08206515],[-127.35423082,53.08214099],[-127.354977,53.08234892],[-127.3551501,53.08239841],[-127.35572088,53.08256148],[-127.35607353,53.08266545],[-127.35615254,53.08268895],[-127.35623849,53.08268575],[-127.35656183,53.08267222],[-127.35699779,53.08265548],[-127.35724386,53.0826505],[-127.35750502,53.0826448],[-127.35817544,53.08257288],[-127.35863853,53.0824447],[-127.35872882,53.08238666],[-127.35878135,53.08235213],[-127.35893803,53.08222857],[-127.35912742,53.08206479],[-127.35926113,53.08199038],[-127.35938171,53.08201209],[-127.35946832,53.08206942],[-127.35958045,53.0820979],[-127.35993668,53.08217944],[-127.3603583,53.08227486],[-127.36061229,53.08232364],[-127.36078727,53.08233931],[-127.36118465,53.08236744],[-127.36163881,53.08239592],[-127.36185548,53.08241265],[-127.36196843,53.08242298],[-127.36228403,53.08243188],[-127.36293541,53.08244007],[-127.3635233,53.08243081],[-127.36385474,53.08241301],[-127.36400934,53.08239734],[-127.36424667,53.08235996],[-127.3646389,53.08227095],[-127.36500932,53.08218158],[-127.36523785,53.08212639],[-127.365457,53.08209327],[-127.36580689,53.08205767],[-127.36618813,53.08202705],[-127.36654189,53.08200497],[-127.36693352,53.08198788],[-127.36723914,53.08196937],[-127.36745519,53.08193661],[-127.36779452,53.08185116],[-127.36812482,53.08176606],[-127.36826717,53.08173865],[-127.36842218,53.08177461],[-127.3687616,53.0818152],[-127.36931223,53.08186326],[-127.36961602,53.08188961],[-127.36976969,53.08188285],[-127.37013443,53.0818743],[-127.37051269,53.08186611],[-127.37072055,53.08185543],[-127.37095536,53.08184083],[-127.37133475,53.08180558],[-127.37166013,53.08177853],[-127.37182651,53.08175823],[-127.37192288,53.08174612],[-127.37201469,53.08173829],[-127.3721424,53.08173117],[-127.37233209,53.08172476],[-127.37252474,53.08171835],[-127.3726977,53.08170269],[-127.3728343,53.08169556],[-127.37295266,53.08168809],[-127.37308808,53.08168097],[-127.37333618,53.08167527],[-127.37363658,53.08166601],[-127.3738287,53.08166423],[-127.37397149,53.08166601],[-127.37411349,53.08166352],[-127.37428038,53.08167064],[-127.37440636,53.08168097],[-127.37460303,53.08167491],[-127.37489054,53.08164287],[-127.3752478,53.08159373],[-127.37568167,53.08154104],[-127.37611243,53.0814887],[-127.3764309,53.08144348],[-127.37669758,53.08142924],[-127.37702959,53.08143387],[-127.37728809,53.0814417],[-127.37742738,53.08144811],[-127.37763172,53.08148692],[-127.3779833,53.08156347],[-127.37833016,53.08161759],[-127.37851075,53.08162934],[-127.37861691,53.08163076],[-127.37877557,53.0816329],[-127.37910245,53.08161937],[-127.37954941,53.0815713],[-127.37979767,53.08153],[-127.37994694,53.08148229],[-127.38027677,53.08137441],[-127.38059711,53.08126652],[-127.38072095,53.08122344],[-127.380865,53.08120742],[-127.38113604,53.08117502],[-127.38134378,53.08114867],[-127.38152576,53.08112624],[-127.38191377,53.08108209],[-127.38243871,53.08102191],[-127.38298617,53.08096174],[-127.3835601,53.08092934],[-127.3840057,53.08094892],[-127.38416066,53.08096423],[-127.38428351,53.08092542],[-127.38453046,53.08085243],[-127.38465337,53.08081825],[-127.38496949,53.08082252],[-127.38572491,53.08082822],[-127.38640609,53.08083748],[-127.3867724,53.08084709],[-127.38689523,53.08085314],[-127.3870243,53.08089516],[-127.38737845,53.08100803],[-127.38776803,53.08112125],[-127.38802249,53.08118321],[-127.38820023,53.08121703],[-127.38840149,53.08124658],[-127.38864727,53.08129038],[-127.38888112,53.08132954],[-127.38905116,53.08136337],[-127.38916325,53.08138722],[-127.38928863,53.08142959],[-127.3895782,53.0815008],[-127.38998257,53.08154211],[-127.39028171,53.08155065],[-127.39050492,53.08154495],[-127.39069894,53.08154282],[-127.39082961,53.0815357],[-127.39102266,53.08152502],[-127.39143357,53.08149902],[-127.39187071,53.08145986],[-127.39206164,53.08143565],[-127.39224053,53.08141998],[-127.39272482,53.08138153],[-127.39329623,53.0813623],[-127.39365735,53.08134913],[-127.39394306,53.08131708],[-127.39421857,53.08127578],[-127.39451055,53.0812124],[-127.39490797,53.08111876],[-127.39528761,53.08104755],[-127.395529,53.08102156],[-127.39573554,53.08101764],[-127.39603586,53.08102619],[-127.39633203,53.08103473],[-127.39651486,53.08103722],[-127.39664006,53.08104328],[-127.39674859,53.0810447],[-127.39684711,53.08111805],[-127.39694694,53.08116861],[-127.39707108,53.08120635],[-127.39722051,53.08123982],[-127.39740663,53.08127827],[-127.39762054,53.08132171],[-127.39786329,53.08136088],[-127.39810282,53.08139114],[-127.39829217,53.08141606],[-127.39844187,53.081436],[-127.39854303,53.08145096],[-127.39861804,53.08146128],[-127.39870465,53.08147552],[-127.39883143,53.08149974],[-127.39898172,53.08151967],[-127.39911272,53.08151967],[-127.39924036,53.08151433],[-127.39948793,53.08151327],[-127.399738,53.08151184],[-127.39987473,53.08151398],[-127.40002687,53.08151611],[-127.40030092,53.08151077],[-127.40057991,53.08150971],[-127.40079257,53.08150365],[-127.40096105,53.08149689],[-127.40111055,53.08149012],[-127.40130491,53.08147909],[-127.40159536,53.08144704],[-127.40186526,53.08141927],[-127.402034,53.08139897],[-127.40219154,53.08138331],[-127.40237852,53.08136337],[-127.40265547,53.08133097],[-127.40292794,53.08130747],[-127.40309733,53.0812918],[-127.40326738,53.08128076],[-127.4035575,53.08125762],[-127.40386639,53.0812302],[-127.40409967,53.08120208],[-127.40433934,53.08116469],[-127.40467042,53.08111093],[-127.40496521,53.08106072],[-127.40510148,53.08104007],[-127.40518532,53.08102334],[-127.40531559,53.08099806],[-127.40553201,53.08095142],[-127.40587942,53.08086632],[-127.40619634,53.08078514],[-127.40635408,53.08075131],[-127.40643686,53.08073422],[-127.40664887,53.08070111],[-127.40708163,53.08063524],[-127.40750043,53.08056866],[-127.40769551,53.08053804],[-127.40787768,53.08050706],[-127.40816548,53.08047893],[-127.40847588,53.08048748],[-127.40882177,53.08052344],[-127.40925902,53.08058326],[-127.4095112,53.080621],[-127.40965609,53.08064272],[-127.40983089,53.08067654],[-127.40993119,53.08062492],[-127.41025389,53.08056973],[-127.410626,53.08054765],[-127.41072407,53.08054694],[-127.41085414,53.08054623],[-127.41108794,53.08058076],[-127.41153645,53.08061815],[-127.41226796,53.08063239],[-127.41327161,53.08073137],[-127.41438284,53.08090335],[-127.41530817,53.08091118],[-127.41596022,53.08077161],[-127.41658026,53.08059999],[-127.41686844,53.08052593],[-127.4171941,53.0804419],[-127.41762664,53.08033972],[-127.41782434,53.08030198],[-127.41791285,53.08028061],[-127.4182113,53.0801948],[-127.41866642,53.08007481],[-127.41887268,53.08002354],[-127.41914931,53.08012181],[-127.41999182,53.0802767],[-127.4210228,53.08033544],[-127.4217571,53.08041271],[-127.42231609,53.08052807],[-127.42289344,53.08059857],[-127.42346005,53.08064201],[-127.42399887,53.08068046],[-127.4244302,53.08071784],[-127.42488499,53.08079119],[-127.42556742,53.08091261],[-127.42623682,53.08103402],[-127.42682783,53.08112695],[-127.4274209,53.08123839],[-127.4279823,53.08137619],[-127.42853918,53.08154068],[-127.42904165,53.08168239],[-127.42954779,53.08180131],[-127.43014785,53.0819035],[-127.43074433,53.08196082],[-127.43128972,53.08193661],[-127.43184448,53.08184048],[-127.43238442,53.08174434],[-127.43291113,53.08167919],[-127.43345889,53.08165497],[-127.43402649,53.08167171],[-127.43455368,53.08171444],[-127.434928,53.08175538],[-127.43512934,53.08176713],[-127.43527859,53.0817803],[-127.43538196,53.08181983],[-127.43547922,53.08188392],[-127.43561864,53.08196225],[-127.43574515,53.08204022],[-127.43583562,53.08209541],[-127.43592399,53.0821595],[-127.43601591,53.08222359],[-127.4361085,53.08229231],[-127.43620736,53.08237456],[-127.43630464,53.08246108],[-127.43641339,53.08256148],[-127.43653347,53.08266652],[-127.43666448,53.08275802],[-127.43677946,53.0828271],[-127.43704637,53.08286199],[-127.43752779,53.08289546],[-127.43801426,53.08298269],[-127.43844244,53.08314114],[-127.43871192,53.08325258],[-127.43881687,53.08329424],[-127.43911226,53.08336118],[-127.43965482,53.08347155],[-127.4402044,53.08362715],[-127.44072778,53.08379592],[-127.44128952,53.08392018],[-127.44190419,53.08401347],[-127.44247534,53.08424561],[-127.44292093,53.08459312],[-127.44317197,53.08481245],[-127.44333115,53.08498513],[-127.44346395,53.08518915],[-127.44348737,53.08529276],[-127.44357073,53.08532552],[-127.44375171,53.08536362],[-127.44389981,53.08539281],[-127.44379293,53.08547684],[-127.44354187,53.08581509],[-127.44346484,53.08603513],[-127.44335655,53.08634312],[-127.44331876,53.0866657],[-127.44330845,53.08675151],[-127.4433016,53.08693559],[-127.44330036,53.08700324],[-127.4432926,53.08719622],[-127.44327486,53.08770395],[-127.44325651,53.08818925],[-127.44325122,53.08834662],[-127.44325105,53.08842745],[-127.44324768,53.08869698],[-127.4432663,53.08890847],[-127.44332947,53.0890217],[-127.4434758,53.08920364],[-127.44361581,53.08939627],[-127.4437557,53.08958925],[-127.4440401,53.08998838],[-127.44416456,53.09016534],[-127.44420864,53.09022907],[-127.44436854,53.09040639],[-127.44470902,53.09074357],[-127.44505365,53.09108075],[-127.44525539,53.09129901],[-127.44547083,53.0915219],[-127.44579231,53.09176437],[-127.44613323,53.09191712],[-127.44660778,53.09204031],[-127.44713832,53.09215959],[-127.44741339,53.09222403],[-127.44778061,53.09233441],[-127.44803769,53.09244122],[-127.44838309,53.09258507],[-127.44867341,53.09289448],[-127.44866624,53.09313268],[-127.44865744,53.09333029],[-127.44864815,53.09359519],[-127.448642,53.09375506],[-127.4486351,53.0939459],[-127.44862302,53.09428273],[-127.44861601,53.09448034],[-127.44860736,53.09472744],[-127.4485496,53.09521238],[-127.44848832,53.09566991],[-127.44851742,53.0958725],[-127.448579,53.09593873],[-127.44873673,53.09610928],[-127.44882893,53.09621467],[-127.44901553,53.09642759],[-127.44919115,53.09665902],[-127.44925253,53.09676762],[-127.44936162,53.09692214],[-127.44951589,53.09710373],[-127.44970782,53.0972636],[-127.45006451,53.0974929],[-127.45047418,53.09776349],[-127.45067749,53.09795042],[-127.45074874,53.0981224],[-127.45077903,53.09830256],[-127.45077209,53.0985226],[-127.45075748,53.09887295],[-127.45075174,53.09905596],[-127.4507448,53.0992728],[-127.45073229,53.09961425],[-127.45072595,53.09979406],[-127.45084429,53.09997992],[-127.45108678,53.10028435],[-127.45122295,53.1004524],[-127.45131202,53.10051649],[-127.45139666,53.10057168],[-127.45146328,53.10061298],[-127.45152378,53.10065642],[-127.45142748,53.10074721],[-127.45143598,53.10081914],[-127.45139026,53.10089498],[-127.4513032,53.10099289],[-127.45123219,53.101073],[-127.45117853,53.10113495],[-127.45112803,53.10118836],[-127.45104053,53.10126171],[-127.45096822,53.10132117],[-127.45087295,53.1013963],[-127.45078249,53.10147605],[-127.45073701,53.10153836],[-127.45068986,53.10162773],[-127.45059036,53.101658],[-127.45049552,53.10168363],[-127.45038445,53.10173241],[-127.45028221,53.10177977],[-127.45019345,53.10181466],[-127.45009541,53.10185382],[-127.44994014,53.10191471],[-127.4497413,53.10199731],[-127.44956762,53.102076],[-127.44943357,53.10213724],[-127.44930577,53.10218958],[-127.44918421,53.10223302],[-127.44921701,53.10233236],[-127.44947982,53.10249151],[-127.44965741,53.10259869],[-127.45028588,53.10290347],[-127.450555,53.10301491],[-127.45047731,53.10308577],[-127.45040773,53.10315235],[-127.45031637,53.103241],[-127.45018988,53.10336064],[-127.45006788,53.10345357],[-127.44996751,53.10351516],[-127.44982656,53.10358068],[-127.44964694,53.10365937],[-127.4494997,53.10371135],[-127.44938735,53.10374589],[-127.44927314,53.10377579],[-127.44915723,53.10381033],[-127.44905504,53.1038495],[-127.44892364,53.10391964],[-127.44876222,53.10403429],[-127.44838078,53.10415535],[-127.44825113,53.10420947],[-127.44783776,53.1043818],[-127.44758919,53.10472503],[-127.44751515,53.10494863],[-127.44739825,53.10505509],[-127.44734163,53.10511704],[-127.44726306,53.10524665],[-127.44712318,53.10546063],[-127.44687006,53.10563261],[-127.44659907,53.10575972],[-127.44644277,53.10594095],[-127.44641435,53.10600041],[-127.44629413,53.10605631],[-127.44587941,53.10625321],[-127.44543157,53.1065352],[-127.44515221,53.1068058],[-127.44504543,53.10693469],[-127.44497912,53.10699237],[-127.44487996,53.1070764],[-127.4447924,53.10715153],[-127.44466932,53.10716363],[-127.44442566,53.10718749],[-127.44430359,53.10720814],[-127.44430945,53.10737904],[-127.44431838,53.1077027],[-127.44423553,53.10803881],[-127.44405818,53.10837385],[-127.44397117,53.10853443],[-127.44382731,53.10853693],[-127.44354117,53.10853764],[-127.44339738,53.10854476],[-127.4433005,53.10854369],[-127.44304757,53.10861205],[-127.4428994,53.10866973],[-127.44258804,53.10879044],[-127.44221397,53.10898805],[-127.44211119,53.10917533],[-127.44212177,53.10943169],[-127.44213505,53.10978703],[-127.44214691,53.1101559],[-127.44197652,53.1103738],[-127.4415861,53.11044501],[-127.44126868,53.1104678],[-127.441076,53.11047884],[-127.44092299,53.11049486],[-127.44087629,53.11057497],[-127.4407792,53.11073555],[-127.44068539,53.11089043],[-127.44060354,53.11102573],[-127.44041789,53.11133336],[-127.44028066,53.11155625],[-127.44019,53.11170579],[-127.44013666,53.11179267],[-127.44005763,53.11192192],[-127.44002314,53.11197853],[-127.43999772,53.11202019],[-127.43987862,53.11221637],[-127.43978856,53.11256566],[-127.43988656,53.11282309],[-127.43992941,53.11289358],[-127.43997987,53.11297726],[-127.43998509,53.11314353],[-127.43999291,53.11332369],[-127.43999848,53.1135035],[-127.44000318,53.11367441],[-127.4399776,53.11379546],[-127.43981938,53.11387878],[-127.43944809,53.11399948],[-127.43929177,53.11426296],[-127.43962477,53.11458626],[-127.43991448,53.11475645],[-127.44000726,53.11493305],[-127.44005411,53.11523926],[-127.44006184,53.11543259],[-127.44006507,53.11552695],[-127.44007269,53.11563519],[-127.44007829,53.11572954],[-127.44008365,53.11579719],[-127.44008704,53.11587338],[-127.44009161,53.115977],[-127.44009941,53.11610731],[-127.44009883,53.11617496],[-127.4399616,53.1163302],[-127.43968897,53.11663249],[-127.43951257,53.11680553],[-127.43945056,53.11684505],[-127.43935737,53.11691128],[-127.43924272,53.11699068],[-127.43910846,53.11708788],[-127.43900451,53.11714948],[-127.43888865,53.11724668],[-127.43861956,53.11748132],[-127.43827067,53.11775548],[-127.43802475,53.11791428],[-127.43793388,53.11795807],[-127.43787432,53.11800222],[-127.43775388,53.11814892],[-127.43759072,53.11835365],[-127.43746092,53.11849998],[-127.43728245,53.11857867],[-127.43684495,53.11869866],[-127.43631364,53.11884464],[-127.43604916,53.11892653],[-127.43593504,53.1189835],[-127.43574742,53.11909352],[-127.43554627,53.11920319],[-127.43528034,53.11931641],[-127.43494004,53.11945598],[-127.43473521,53.11953859],[-127.43466801,53.11958737],[-127.43436951,53.11976326],[-127.43380734,53.12021865],[-127.43354873,53.12085349],[-127.43356771,53.12138864],[-127.43357442,53.12159123],[-127.43372091,53.12159301],[-127.43413725,53.12158055],[-127.43484207,53.12154031],[-127.43551921,53.12150435],[-127.43582778,53.12149937],[-127.43613867,53.1215574],[-127.43667474,53.12166778],[-127.43709497,53.1217721],[-127.4373646,53.12185684],[-127.43756847,53.1219042],[-127.43777155,53.12191666],[-127.43793269,53.12192699],[-127.43803157,53.12195333],[-127.43815929,53.12199321],[-127.43835151,53.12204484],[-127.43852224,53.12209682],[-127.43864957,53.12213777],[-127.43876595,53.12217622],[-127.4389439,53.12218762],[-127.43940188,53.12216198],[-127.43958518,53.12214916],[-127.4401482,53.12210893],[-127.44071041,53.12205801],[-127.44096458,53.12204769],[-127.44114408,53.12207261],[-127.44134139,53.12209754],[-127.44164494,53.1221691],[-127.44208108,53.12227378],[-127.44236927,53.12231615],[-127.44250787,53.12227485],[-127.44268195,53.12220969],[-127.44283924,53.12215308],[-127.44309872,53.12210252],[-127.44346167,53.12203843],[-127.4436507,53.12202455],[-127.44373817,53.12204804],[-127.44390282,53.12209077],[-127.44417579,53.12216163],[-127.44439899,53.12220969],[-127.44459659,53.12224352],[-127.44494032,53.12227521],[-127.445346,53.12232078],[-127.44556648,53.12235852],[-127.44566026,53.12237454],[-127.44596227,53.12240517],[-127.44619404,53.1224219],[-127.44631484,53.12243222],[-127.44644477,53.12245644],[-127.44667213,53.1225045],[-127.44697791,53.12256681],[-127.44717053,53.12261417],[-127.4472578,53.12263339],[-127.4473863,53.12266473],[-127.44750272,53.12268858],[-127.44760338,53.12268752],[-127.44768902,53.12268858],[-127.44783068,53.12268253],[-127.44799057,53.12264301],[-127.44823971,53.12252053],[-127.44845721,53.12242439],[-127.44866541,53.12237775],[-127.44896385,53.12230511],[-127.44953445,53.12221361],[-127.45038647,53.12209896],[-127.45112287,53.12196473],[-127.45156121,53.12187144],[-127.45186892,53.12181234],[-127.45222005,53.12174967],[-127.45262166,53.1216514],[-127.45290994,53.12155634],[-127.4532251,53.12157378],[-127.45365085,53.12170517],[-127.45392575,53.12180308],[-127.45404651,53.12177317],[-127.45439513,53.12168345],[-127.45498562,53.12154744],[-127.45562752,53.12140715],[-127.45608055,53.12131422],[-127.45650144,53.12123446],[-127.45696997,53.12114616],[-127.45745713,53.12102653],[-127.45801764,53.120872],[-127.45834107,53.1207862],[-127.45847614,53.12076092],[-127.4588504,53.12069825],[-127.45925881,53.1206363],[-127.45959314,53.12058218],[-127.46000554,53.12051097],[-127.46028571,53.12046539],[-127.46039339,53.12045329],[-127.46058546,53.12041982],[-127.46094501,53.1203568],[-127.46131882,53.12030339],[-127.46151058,53.12027882],[-127.46163229,53.12026244],[-127.46188796,53.12022541],[-127.46230933,53.12015883],[-127.46282303,53.12005736],[-127.4633653,53.11997012],[-127.46380025,53.11992633],[-127.46405872,53.11988004],[-127.46419651,53.11981666],[-127.46424664,53.11978355],[-127.46439168,53.11969561],[-127.46458444,53.11958594],[-127.46470552,53.11953574],[-127.46518424,53.11960695],[-127.46582672,53.11984444],[-127.46611315,53.12014032],[-127.46611821,53.12024927],[-127.46612067,53.12030232],[-127.46614366,53.1203835],[-127.46625126,53.12041198],[-127.46648262,53.12045079],[-127.46688793,53.12052806],[-127.46720878,53.12062206],[-127.46730336,53.1207716],[-127.46731007,53.12096493],[-127.46731427,53.12111341],[-127.46736411,53.12120384],[-127.46763333,53.12128823],[-127.46808169,53.12138401],[-127.46837614,53.12144169],[-127.46864299,53.12146305],[-127.4691065,53.12148691],[-127.46976918,53.12160334],[-127.47048512,53.12180415],[-127.47064216,53.1218483],[-127.47131769,53.12202348],[-127.47156124,53.12203558],[-127.47166253,53.12202312],[-127.47179011,53.12211356],[-127.47209117,53.12223568],[-127.472868,53.12227236],[-127.47362415,53.12223284],[-127.47393294,53.12221432],[-127.47406859,53.12220684],[-127.47428516,53.12229408],[-127.47440411,53.12234179],[-127.47479163,53.12255328],[-127.47491816,53.12262236],[-127.47516657,53.12290898],[-127.4751731,53.12311585],[-127.47503507,53.1233836],[-127.47467449,53.12371615],[-127.47435941,53.12395542],[-127.47417965,53.12414128],[-127.47414826,53.12434316],[-127.47415852,53.12459489],[-127.47420471,53.12482953],[-127.47424836,53.12509051],[-127.4742268,53.12540954],[-127.47419995,53.12564275],[-127.47420503,53.12582291],[-127.47421263,53.12608354],[-127.47422796,53.12638939],[-127.47424589,53.12666391],[-127.47425274,53.12679885],[-127.47425668,53.12689321],[-127.47426393,53.1271047],[-127.47427146,53.1273429],[-127.47428034,53.12759036],[-127.47429346,53.12786024],[-127.47429029,53.12791579],[-127.47427171,53.1282106],[-127.4742491,53.12851965],[-127.47422614,53.12883939],[-127.47422418,53.12962591],[-127.47425097,53.12999122],[-127.47427753,53.13036365],[-127.47434731,53.13087708],[-127.47444904,53.13118862],[-127.47461437,53.13153221],[-127.47482079,53.13189004],[-127.47506705,53.1322169],[-127.47533334,53.13249889],[-127.47555172,53.13265912],[-127.4756486,53.13271858],[-127.47572182,53.13276166],[-127.475892,53.13284783],[-127.47612111,53.13294966],[-127.47641288,53.13307],[-127.47671998,53.13325372],[-127.47712522,53.13358735],[-127.47751985,53.13391598],[-127.47773293,53.13406481],[-127.4778929,53.13406232],[-127.47798931,53.13411502],[-127.4780487,53.13419904],[-127.47791821,53.13427168],[-127.47781699,53.13434218],[-127.47774917,53.13440413],[-127.47768686,53.13447534],[-127.47762773,53.13453302],[-127.47753206,53.13457219],[-127.47739201,53.1346288],[-127.47728753,53.13467259],[-127.47715655,53.13473846],[-127.47694245,53.13484813],[-127.47677167,53.13493999],[-127.47666875,53.13499731],[-127.47657198,53.13505891],[-127.47649706,53.13510947],[-127.47639559,53.13518709],[-127.47633082,53.13525367],[-127.47625316,53.13536511],[-127.47617305,53.13548973],[-127.47612968,53.13558373],[-127.47610174,53.13567773],[-127.4760702,53.13581232],[-127.47603273,53.13596471],[-127.47600118,53.1361171],[-127.47598643,53.13627875],[-127.47598346,53.13641796],[-127.47598477,53.13650341],[-127.47597651,53.13660204],[-127.47596885,53.13668607],[-127.47595424,53.13676476],[-127.4759348,53.13685341],[-127.47592356,53.13693424],[-127.47592318,53.13705992],[-127.47592742,53.13720377],[-127.47593077,53.13732091],[-127.47594557,53.1373793],[-127.47595837,53.13743342],[-127.47594879,53.13755021],[-127.47595096,53.13770295],[-127.47594597,53.13789629],[-127.47589057,53.13810244],[-127.47590555,53.13829151],[-127.47604197,53.1384731],[-127.47615889,53.1385735],[-127.47621569,53.13861445],[-127.47626949,53.13867818],[-127.47634038,53.13877788],[-127.47639702,53.13889537],[-127.47645186,53.13902106],[-127.47653105,53.13915316],[-127.47656556,53.13920799],[-127.47665282,53.1393618],[-127.47669344,53.1394971],[-127.4767063,53.13961424],[-127.47669953,53.13970397],[-127.47669365,53.13978479],[-127.47668705,53.13990158],[-127.47668624,53.14004792],[-127.47670218,53.14017609],[-127.47675023,53.14030249],[-127.47683353,53.14045417],[-127.47689502,53.14055849],[-127.47697678,53.14068525],[-127.47701114,53.14073723],[-127.47707322,53.14084156],[-127.47712344,53.14098148],[-127.47714696,53.14113922],[-127.47716179,53.14130122],[-127.47716514,53.14136495],[-127.47716843,53.14142726],[-127.47716721,53.14150346],[-127.47713357,53.14158393],[-127.4770762,53.1417],[-127.47709351,53.14179044],[-127.47716106,53.1418766],[-127.47718973,53.14205107],[-127.47715941,53.14217105],[-127.47704604,53.14220346],[-127.47695609,53.14225615],[-127.47682036,53.14233982],[-127.47666192,53.14243204],[-127.47653797,53.14249328],[-127.47642868,53.14255666],[-127.47636032,53.14259903],[-127.47627521,53.14265635],[-127.47618861,53.14272258],[-127.47609028,53.14277385],[-127.4758831,53.14283545],[-127.47569687,53.14289171],[-127.47551937,53.1429209],[-127.4753093,53.14288672],[-127.47513875,53.14285646],[-127.47501236,53.14285147],[-127.47486372,53.14285859],[-127.47470373,53.14286108],[-127.47453661,53.14288138],[-127.47437344,53.14293301],[-127.47421256,53.1429946],[-127.4740671,53.1430206],[-127.47392493,53.14302629],[-127.47374536,53.14301739],[-127.47357402,53.14302166],[-127.47346104,53.1430384],[-127.4733858,53.14309145],[-127.4733427,53.14314913],[-127.47324939,53.1431883],[-127.47307486,53.14319969],[-127.47292525,53.14321108],[-127.47279891,53.14323672],[-127.47252208,53.14330045],[-127.47222935,53.14336063],[-127.47207013,53.14339338],[-127.47156954,53.14346353],[-127.47116551,53.1435034],[-127.47093149,53.14351836],[-127.47077446,53.14352085],[-127.47060674,53.14352334],[-127.47048058,53.14352583],[-127.47012984,53.14353046],[-127.46931089,53.14352014],[-127.46854209,53.14348311],[-127.46825257,53.14343896],[-127.46807654,53.14335564],[-127.46785316,53.14327197],[-127.46761027,53.14322853],[-127.46738536,53.14321215],[-127.4671577,53.14320005],[-127.46697442,53.14318509],[-127.46681392,53.14317762],[-127.46666194,53.14317121],[-127.46646027,53.14315946],[-127.46617936,53.14314201],[-127.46597989,53.1431356],[-127.46578907,53.14313311],[-127.46550997,53.14313987],[-127.46531154,53.14314842],[-127.46506636,53.14317762],[-127.46485841,53.14321536],[-127.46466509,53.14324883],[-127.46449657,53.14328265],[-127.46440763,53.14330829],[-127.46423987,53.14336917],[-127.46407953,53.14342115],[-127.46383953,53.1434945],[-127.46367037,53.14358672],[-127.46360338,53.14369816],[-127.46349818,53.14376653],[-127.46334935,53.14377578],[-127.46316637,53.14373733],[-127.46299484,53.14369033],[-127.46283696,53.14364333],[-127.46253731,53.14355396],[-127.46225403,53.14348311],[-127.46208814,53.14346281],[-127.46200898,53.14345854],[-127.4618807,53.14346032],[-127.46170398,53.14347278],[-127.46152384,53.14348489],[-127.4614024,53.14348097],[-127.46132501,53.1434767],[-127.46121612,53.14347741],[-127.46097488,53.14350233],[-127.46068913,53.14354827],[-127.46043959,53.1435942],[-127.46020484,53.14362731],[-127.45994305,53.14365971],[-127.45971759,53.14368855],[-127.45955672,53.14367075],[-127.45937034,53.14358494],[-127.45923621,53.14348453],[-127.45905548,53.14346424],[-127.45882429,53.14353296],[-127.45870389,53.14357639],[-127.45859179,53.14360203],[-127.45851042,53.14366363],[-127.45843355,53.14374374],[-127.45837945,53.14379252],[-127.45830874,53.14384771],[-127.45822299,53.14391642],[-127.45815447,53.14397375],[-127.45809128,53.14401007],[-127.457934,53.14406988],[-127.45773673,53.14410762],[-127.45754666,53.14413219],[-127.45730846,53.14415854],[-127.45721249,53.14417741],[-127.45703692,53.14423367],[-127.45684346,53.1443031],[-127.45670574,53.14437751],[-127.45658431,53.14444801],[-127.45642986,53.14454379],[-127.4562839,53.14463743],[-127.45611384,53.14473855],[-127.45591778,53.14483931],[-127.45572388,53.1449358],[-127.45556331,53.14503692],[-127.45544895,53.14513021],[-127.45540129,53.14517436],[-127.45530652,53.14526764],[-127.4552023,53.14535594],[-127.45514355,53.14539796],[-127.45506491,53.14546668],[-127.4549771,53.1455329],[-127.4548596,53.14563473],[-127.45471272,53.14576327],[-127.4546103,53.14585798],[-127.45452122,53.14594058],[-127.454433,53.14602247],[-127.45427287,53.14615314],[-127.45410072,53.14626317],[-127.45390506,53.14636606],[-127.45376325,53.1464387],[-127.45365063,53.14650457],[-127.45350498,53.14657471],[-127.45330824,53.14665304],[-127.45316103,53.14670965],[-127.45306346,53.14674419],[-127.45293406,53.146783],[-127.45285294,53.14685848],[-127.45273374,53.14700055],[-127.45264765,53.14710736],[-127.45261508,53.1471832],[-127.45261833,53.14727791],[-127.45262637,53.14736764],[-127.45261181,53.14748015],[-127.45258109,53.14768203],[-127.45243359,53.14794978],[-127.45210348,53.14821042],[-127.45181696,53.14841372],[-127.45175242,53.14852979],[-127.45177636,53.14860207],[-127.4518165,53.14873381],[-127.4518575,53.14886804],[-127.45189149,53.14898091],[-127.45191137,53.14905782],[-127.4519452,53.14916143],[-127.4519803,53.14926967],[-127.45200603,53.14934195],[-127.45202672,53.14940533],[-127.45205207,53.14948188],[-127.45209485,53.14961611],[-127.4521374,53.14975746],[-127.45218048,53.14991519],[-127.45221791,53.15004622],[-127.45233261,53.15012847],[-127.45244412,53.15020644],[-127.45238857,53.15036275],[-127.4523387,53.15053757],[-127.45237525,53.1506775],[-127.45239227,53.15074764],[-127.45240747,53.15080817],[-127.45242786,53.15087725],[-127.4524475,53.15094347],[-127.45249453,53.15107913],[-127.45252921,53.15119663],[-127.45233989,53.15130166],[-127.45192837,53.15148966],[-127.45168502,53.1516125],[-127.45149573,53.15174495],[-127.45111329,53.15203655],[-127.45075745,53.15231071],[-127.45062076,53.15243248],[-127.45057698,53.15257775],[-127.45053081,53.15285583],[-127.45052277,53.15294413],[-127.45051025,53.15308513],[-127.45051424,53.15319728],[-127.45046722,53.15326885],[-127.45041284,53.15331514],[-127.45027222,53.15335858],[-127.45016695,53.15338172],[-127.45000246,53.15339311],[-127.44969507,53.15340237],[-127.44944963,53.1534127],[-127.44931211,53.15342017],[-127.44920063,53.15342302],[-127.44915017,53.15349423],[-127.44911396,53.15365125],[-127.44904737,53.15371463],[-127.44898302,53.15377516],[-127.44882985,53.15384957],[-127.44873143,53.15392043],[-127.44865973,53.15399128],[-127.44857543,53.1540981],[-127.44847874,53.15422734],[-127.44842084,53.15430105],[-127.44838079,53.15435196],[-127.44831223,53.15444988],[-127.44824209,53.15453426],[-127.44815287,53.15461402],[-127.4480067,53.15472439],[-127.44787635,53.15481269],[-127.44776953,53.15489672],[-127.44767734,53.15497648],[-127.4475994,53.15503843],[-127.44749102,53.15512673],[-127.44736045,53.15524637],[-127.44724884,53.15537098],[-127.44717345,53.15546],[-127.44712965,53.15551305],[-127.44708453,53.15556646],[-127.44702109,53.1556423],[-127.44696075,53.15571778],[-127.4469077,53.15578472],[-127.44680271,53.15589937],[-127.44672489,53.15597556],[-127.44666803,53.15602861],[-127.44660323,53.15607739],[-127.44652512,53.15613009],[-127.44643662,53.15617388],[-127.44632361,53.15622622],[-127.44610258,53.15632698],[-127.44595119,53.1564014],[-127.44590124,53.15645018],[-127.44583797,53.15646727],[-127.44568971,53.15655094],[-127.44551962,53.15665206],[-127.44538324,53.15673573],[-127.44529325,53.15678843],[-127.44516904,53.1568632],[-127.4449953,53.15695969],[-127.44483784,53.15705226],[-127.44473145,53.15712703],[-127.44465528,53.15717118],[-127.44454091,53.15719646],[-127.4443672,53.15721676],[-127.44422187,53.15723741],[-127.44412429,53.15727195],[-127.44404105,53.15739692],[-127.44402155,53.15757637],[-127.44401802,53.15768639],[-127.44393776,53.15778217],[-127.44379201,53.15784768],[-127.44354387,53.15788471],[-127.44325222,53.15791249],[-127.44298717,53.15795842],[-127.44288031,53.15811864],[-127.44284051,53.15847327],[-127.44272993,53.15883146],[-127.44264614,53.15903725],[-127.44258258,53.15916686],[-127.44252161,53.15921813],[-127.44246269,53.15926869],[-127.4423118,53.15933848],[-127.44212817,53.15940363],[-127.4419492,53.15946416],[-127.44178546,53.15952042],[-127.44158868,53.15959875],[-127.44138248,53.15969951],[-127.44119062,53.1598049],[-127.44096692,53.15995017],[-127.4407424,53.16010897],[-127.44056607,53.16020439],[-127.44046805,53.16024498],[-127.44034978,53.16032296],[-127.44027475,53.16031869],[-127.44014496,53.16028557],[-127.4400472,53.16027525],[-127.43995436,53.16027418],[-127.43978018,53.16025851],[-127.43958563,53.16023359],[-127.4393326,53.16020297],[-127.43918887,53.16017876],[-127.43904327,53.16014992],[-127.43883057,53.16010648],[-127.43858455,53.16006162],[-127.43837528,53.16003313],[-127.43822048,53.16001319],[-127.43809426,53.15999788],[-127.43792758,53.15997794],[-127.43779208,53.15996691],[-127.43766171,53.15993379],[-127.43743913,53.15985902],[-127.43720409,53.15981986],[-127.43700527,53.1598309],[-127.43684898,53.15983766],[-127.43672726,53.15984087],[-127.43656593,53.15985653],[-127.43641545,53.15986365],[-127.43623406,53.15986116],[-127.43601657,53.15984051],[-127.43580545,53.1598106],[-127.43557771,53.15978069],[-127.43536302,53.15975078],[-127.43520869,53.159749],[-127.43507997,53.15976965],[-127.43496783,53.15979529],[-127.43482783,53.15983374],[-127.43464223,53.15987184],[-127.43450289,53.15989071],[-127.43436847,53.15990424],[-127.4341939,53.15991065],[-127.43399262,53.15991706],[-127.4338612,53.1599046],[-127.43364714,53.1598633],[-127.43342754,53.15978853],[-127.43326363,53.15969631],[-127.43314764,53.15960943],[-127.43300515,53.15954463],[-127.432852,53.15956065],[-127.43272464,53.15962616],[-127.43251707,53.15968207],[-127.4322011,53.15972266],[-127.43193268,53.15975506],[-127.43175845,53.15979778],[-127.43162997,53.15985012],[-127.43140417,53.15986508],[-127.43101836,53.15984193],[-127.43070885,53.15984229],[-127.43056002,53.15986757],[-127.43037442,53.15994127],[-127.43010389,53.16006838],[-127.4298137,53.16014066],[-127.42955143,53.16014173],[-127.42936427,53.16014849],[-127.42922002,53.16016452],[-127.42910928,53.16017662],[-127.42901428,53.16017983],[-127.42883742,53.16019086],[-127.42858808,53.16021009],[-127.42834052,53.16022932],[-127.42810818,53.16024427],[-127.42791829,53.16024392],[-127.42780536,53.16027169],[-127.42761619,53.16032759],[-127.42739576,53.16040556],[-127.42728534,53.16045078],[-127.42718322,53.1604928],[-127.4269633,53.16056614],[-127.42675512,53.16063985],[-127.42660013,53.16071426],[-127.42651992,53.16075806],[-127.42644425,53.16079758],[-127.42630203,53.16086309],[-127.42611293,53.16094142],[-127.42592948,53.16098985],[-127.42564858,53.16104325],[-127.42550932,53.16106996],[-127.4254083,53.16108954],[-127.42527034,53.16113049],[-127.42513357,53.16118924],[-127.42496511,53.1611871],[-127.42480657,53.1611369],[-127.42472783,53.16111197],[-127.42458708,53.16107316],[-127.42447236,53.16104112],[-127.42424296,53.16097525],[-127.42402032,53.16089585],[-127.42381053,53.16081218],[-127.4235965,53.16072387],[-127.42338315,53.1606402],[-127.423179,53.16056543],[-127.42298075,53.16049565],[-127.4227791,53.16039951],[-127.42268655,53.16032972],[-127.42264434,53.16023929],[-127.42257345,53.1601574],[-127.42242666,53.16004773],[-127.42226448,53.15991528],[-127.42218893,53.15985582],[-127.42207603,53.1598544],[-127.4218465,53.15984229],[-127.42166828,53.15981986],[-127.42152491,53.15976396],[-127.42138113,53.15972372],[-127.42128894,53.15969987],[-127.42119799,53.15967423],[-127.42102546,53.15967672],[-127.42066405,53.15970521],[-127.42022321,53.15973975],[-127.41962722,53.15980384],[-127.41932098,53.1598341],[-127.41914711,53.15985155],[-127.41885117,53.15982947],[-127.41863748,53.15979529],[-127.41847391,53.159775],[-127.41828739,53.15975897],[-127.41792975,53.15973191],[-127.41702104,53.15974687],[-127.41587991,53.15978995],[-127.41526039,53.15974509],[-127.41504465,53.15972942],[-127.41470595,53.15966213],[-127.41437571,53.1596397],[-127.41380509,53.1595959],[-127.41327127,53.15952149],[-127.41281282,53.15941645],[-127.41258094,53.15938654],[-127.4122709,53.15934631],[-127.41190898,53.1593196],[-127.41152442,53.15929148],[-127.41105828,53.15925267],[-127.41094529,53.15924341],[-127.4107321,53.1592224],[-127.41059669,53.15927901],[-127.41011872,53.1594841],[-127.40915477,53.15991599],[-127.40832194,53.16029163],[-127.40812184,53.16038206],[-127.40805178,53.16042728],[-127.40805459,53.16050526],[-127.40805912,53.16060282],[-127.40806505,53.16080968],[-127.40806905,53.16098949],[-127.40795888,53.16110022],[-127.40766064,53.16122662],[-127.40738587,53.16132632],[-127.40728655,53.16136548],[-127.40719831,53.16140037],[-127.40701602,53.1614698],[-127.4069355,53.1615047],[-127.40694253,53.16164391],[-127.4069143,53.16202133],[-127.40680194,53.16227377],[-127.40665243,53.16230083],[-127.40658499,53.16238094],[-127.40645395,53.16248705],[-127.40637825,53.16254437],[-127.4062663,53.1626373],[-127.40617561,53.16271278],[-127.40612732,53.16275693],[-127.40607476,53.16280785],[-127.40601536,53.16286767],[-127.40597332,53.16294813],[-127.40593745,53.16307809],[-127.40590059,53.16321232],[-127.4058714,53.16330632],[-127.40583678,53.16337789],[-127.40580039,53.16344946],[-127.405796,53.1635406],[-127.40579339,53.16359294],[-127.40584814,53.16383186],[-127.40587417,53.16416832],[-127.40583026,53.16446563],[-127.40579743,53.16461802],[-127.40580292,53.16466288],[-127.40578057,53.164811],[-127.40575221,53.16493669],[-127.40572397,53.16506202],[-127.40570229,53.16523257],[-127.40578265,53.16530805],[-127.4057897,53.16538424],[-127.40571004,53.16550245],[-127.40556993,53.16568012],[-127.40543869,53.16584498],[-127.40536471,53.16594289],[-127.40531322,53.16601837],[-127.40525855,53.16608958],[-127.40519577,53.16616507],[-127.40512372,53.16620922],[-127.40504038,53.16628897],[-127.40492482,53.16656634],[-127.40486794,53.16690708],[-127.4048586,53.16707798],[-127.40463797,53.16720972],[-127.40452634,53.16725815],[-127.40424772,53.16737956],[-127.40395251,53.16751059],[-127.40384718,53.16760815],[-127.40382564,53.16776054],[-127.40382669,53.16787732],[-127.4035464,53.16793215],[-127.40289337,53.16798627],[-127.40238248,53.16805606],[-127.40214846,53.16813368],[-127.40198406,53.16825296],[-127.4018701,53.16837722],[-127.4018259,53.16846196],[-127.40178605,53.16854456],[-127.40176438,53.16861649],[-127.40179712,53.16875855],[-127.40180833,53.16883475],[-127.40181807,53.16890525],[-127.40187424,53.16894797],[-127.40203807,53.16901776],[-127.40217582,53.16910036],[-127.40223229,53.16915519],[-127.40239426,53.16923815],[-127.40258928,53.16929904],[-127.402683,53.16937701],[-127.40267292,53.16952086],[-127.40275303,53.16967467],[-127.40287549,53.16980214],[-127.40296407,53.16988439],[-127.40307188,53.16995311],[-127.40325125,53.17002752],[-127.40346999,53.17009339],[-127.40363486,53.17013612],[-127.40372215,53.17016852],[-127.40379476,53.17021018],[-127.40385397,53.17025112],[-127.40390719,53.17029705],[-127.40399093,53.17039248],[-127.40407476,53.17049253],[-127.40413243,53.17056516],[-127.40422029,53.17068337],[-127.40431132,53.17082366],[-127.40448915,53.17096536],[-127.40475391,53.17107254],[-127.4049068,53.17113983],[-127.40486026,53.17119537],[-127.40478791,53.17126623],[-127.40471883,53.17132818],[-127.40469357,53.17137269],[-127.4046994,53.17145387],[-127.40472618,53.17156211],[-127.40483253,53.17170275],[-127.40502917,53.17182238],[-127.4052015,53.17195483],[-127.4053145,53.17214532],[-127.40542599,53.17228169],[-127.40552691,53.17233688],[-127.40566557,53.17241058],[-127.40580038,53.17247538],[-127.40590337,53.17252167],[-127.40604822,53.17262706],[-127.40631079,53.1727791],[-127.40662882,53.17286419],[-127.40686066,53.17293006],[-127.40698439,53.17299914],[-127.40708132,53.17306358],[-127.40722147,53.17314618],[-127.40740838,53.17325193],[-127.40760504,53.17337157],[-127.40777887,53.17347731],[-127.40789341,53.17355529],[-127.4079606,53.17361012],[-127.4080272,53.17366495],[-127.40815116,53.1737205],[-127.40828864,53.1737942],[-127.40839003,53.17386755],[-127.40849528,53.1739498],[-127.40862135,53.17405946],[-127.40873873,53.1741734],[-127.40883752,53.17426027],[-127.40890818,53.17432187],[-127.40895164,53.17438311],[-127.40900258,53.17446928],[-127.40906044,53.17460458],[-127.40910124,53.17473133],[-127.40910853,53.174794],[-127.40911603,53.17491114],[-127.40912275,53.17503041],[-127.40911962,53.17509557],[-127.40910816,53.17518993],[-127.40908983,53.17524796],[-127.40903514,53.17537757],[-127.40897302,53.17551607],[-127.40892676,53.17560971],[-127.40887496,53.17571688],[-127.40881818,53.17583758],[-127.40876675,53.17594048],[-127.40871181,53.1760384],[-127.40863832,53.17617227],[-127.40859503,53.17635172],[-127.40859499,53.17653153],[-127.40860513,53.17661235],[-127.40860809,53.17673377],[-127.40863974,53.17696805],[-127.40871488,53.17711296],[-127.40864848,53.17716602],[-127.4086307,53.17738606],[-127.40836018,53.17784964],[-127.40796976,53.17811383],[-127.40778646,53.17823773],[-127.40738715,53.17838692],[-127.40729836,53.17842003],[-127.40689837,53.1785856],[-127.4066116,53.17881988],[-127.40650594,53.17912074],[-127.40646103,53.17940665],[-127.4064637,53.17953697],[-127.40646452,53.17964485],[-127.40646503,53.17974383],[-127.40635399,53.17982786],[-127.40619543,53.17987949],[-127.40607603,53.1799183],[-127.4058873,53.17996957],[-127.40580626,53.17999129],[-127.40564057,53.18004292],[-127.40553275,53.18017644],[-127.40542715,53.18042211],[-127.40526266,53.18059516],[-127.40505631,53.1806329],[-127.40494908,53.1806774],[-127.40481535,53.1808006],[-127.40468443,53.18088213],[-127.40456492,53.18092771],[-127.40448973,53.1809804],[-127.40441303,53.1811862],[-127.40433612,53.18152695],[-127.40430422,53.18172883],[-127.40430428,53.18193106],[-127.40458917,53.1823124],[-127.40502936,53.18254739],[-127.40514216,53.18260756],[-127.40542255,53.18281336],[-127.40543264,53.18309678],[-127.40544339,53.18344322],[-127.40544688,53.1835892],[-127.40545318,53.18381173],[-127.4054577,53.18398727],[-127.40528375,53.18411972],[-127.40504208,53.18434118],[-127.40492035,53.18446082],[-127.40478217,53.18462531],[-127.40453737,53.18490553],[-127.40430658,53.18510705],[-127.40398713,53.18524413],[-127.40324023,53.18557134],[-127.40306645,53.18565146],[-127.40250816,53.18590995],[-127.40236272,53.1859776],[-127.40179399,53.18627099],[-127.40164152,53.18634647],[-127.40154643,53.18639347],[-127.4014089,53.18642338],[-127.40131257,53.18642195],[-127.40113471,53.18642409],[-127.40073692,53.186522],[-127.40017368,53.18670323],[-127.39982812,53.18677053],[-127.39965068,53.1867278],[-127.39939116,53.18666585],[-127.39907686,53.18658965],[-127.39886729,53.18651951],[-127.39881632,53.18645115],[-127.39882504,53.18637068],[-127.39881102,53.18621295],[-127.39875686,53.18614032],[-127.39867405,53.18615064],[-127.39852836,53.18615741],[-127.39827156,53.18617877],[-127.39789052,53.18622292],[-127.39764103,53.18624215],[-127.39744468,53.18625746],[-127.39716154,53.18629876],[-127.39697745,53.1863276],[-127.39687696,53.18632617],[-127.39678346,53.18632511],[-127.39662866,53.1863454],[-127.396441,53.18635644],[-127.39624994,53.18630873],[-127.39610586,53.18623503],[-127.39601325,53.18615385],[-127.39593258,53.18607089],[-127.39580348,53.18594342],[-127.39570643,53.18583874],[-127.39562915,53.18576112],[-127.39552764,53.18566534],[-127.39538568,53.18555995],[-127.39523686,53.18548625],[-127.39512538,53.18544352],[-127.39498453,53.1853837],[-127.39478398,53.18531819],[-127.39458669,53.18526158],[-127.39449583,53.18525659],[-127.39442573,53.1852954],[-127.39442772,53.18522847],[-127.39433356,53.18513696],[-127.39420774,53.1850362],[-127.39413331,53.18495893],[-127.39404347,53.18485888],[-127.39390561,53.18474886],[-127.39366671,53.18466804],[-127.39342053,53.18463457],[-127.39327018,53.18462816],[-127.39317288,53.18461321],[-127.39309272,53.18452241],[-127.39297679,53.18437857],[-127.39284955,53.18426712],[-127.39271597,53.18420695],[-127.39253414,53.18411473],[-127.39239762,53.18402536],[-127.3923364,53.18398335],[-127.39219915,53.18387653],[-127.39205119,53.18374871],[-127.39190591,53.18362979],[-127.39178857,53.18354968],[-127.39167717,53.18350517],[-127.39155594,53.18346316],[-127.39142652,53.18340299],[-127.39127763,53.18332465],[-127.39111877,53.18324597],[-127.39098927,53.18318116],[-127.39088447,53.18313488],[-127.39079884,53.18309785],[-127.39073291,53.18306545],[-127.39066489,53.18302415],[-127.39052276,53.18295009],[-127.39036882,53.18288066],[-127.39025116,53.18283864],[-127.39000595,53.18274108],[-127.38970864,53.18263818],[-127.38932598,53.18253635],[-127.38921505,53.18251001],[-127.38889248,53.18243381],[-127.38865044,53.1822775],[-127.38862516,53.18201474],[-127.38859494,53.18183173],[-127.38850357,53.18171814],[-127.38842641,53.18164515],[-127.38834784,53.18156789],[-127.38827395,53.181486],[-127.38821962,53.1814301],[-127.38813569,53.18134643],[-127.38799853,53.18119902],[-127.38786949,53.18107155],[-127.38767579,53.18095192],[-127.38735077,53.18080807],[-127.38688924,53.18064607],[-127.38642927,53.18049439],[-127.38618505,53.18034734],[-127.3859808,53.18011093],[-127.38580193,53.17990406],[-127.38575627,53.17981327],[-127.38572858,53.17972532],[-127.38569141,53.17962598],[-127.38566064,53.1795626],[-127.38550815,53.17954267],[-127.38495369,53.1794946],[-127.38424413,53.17931408],[-127.38392969,53.17910757],[-127.38388167,53.17891815],[-127.38376519,53.17868387],[-127.38364683,53.17858239],[-127.38353769,53.17855604],[-127.38344031,53.17853005],[-127.38333302,53.17850192],[-127.38322348,53.17847344],[-127.38303754,53.17843463],[-127.38259363,53.17835737],[-127.38171613,53.1781829],[-127.38058283,53.17793829],[-127.3797097,53.1777827],[-127.37932024,53.17778199],[-127.37907516,53.17786851],[-127.37869266,53.17800238],[-127.37826947,53.17806434],[-127.37777583,53.17797212],[-127.3770777,53.17785925],[-127.37636886,53.17782721],[-127.37601402,53.17783575],[-127.37584331,53.17791871],[-127.375655,53.17805116],[-127.37545057,53.17809496],[-127.37528292,53.17807751],[-127.37508465,53.17808356],[-127.3749564,53.17806398],[-127.37480913,53.17799918],[-127.37463729,53.17795111],[-127.37441656,53.17790839],[-127.37428852,53.17789307],[-127.3741668,53.17789129],[-127.37398904,53.17791586],[-127.37376745,53.17795788],[-127.37352563,53.17797247],[-127.37328889,53.17796037],[-127.37304901,53.17793901],[-127.37278357,53.17791123],[-127.37256184,53.17788738],[-127.37230325,53.17787492],[-127.37206798,53.17787171],[-127.37187001,53.17791408],[-127.37167611,53.17796963],[-127.37148373,53.17798066],[-127.371345,53.17796535],[-127.37122595,53.17795467],[-127.37109928,53.17793082],[-127.37098415,53.17790625],[-127.37079966,53.17786352],[-127.37058565,53.17781546],[-127.37036897,53.17775849],[-127.37015082,53.17769262],[-127.36993,53.17761785],[-127.36972848,53.17755198],[-127.36958315,53.17751424],[-127.36948329,53.17749501],[-127.36931004,53.17745406],[-127.36921512,53.1774327],[-127.36904117,53.17742593],[-127.36885903,53.17741881],[-127.36874096,53.17735864],[-127.36856056,53.17731129],[-127.36833972,53.17731734],[-127.36820659,53.17732232],[-127.36812036,53.17726927],[-127.36798491,53.17715142],[-127.36789141,53.17709552],[-127.36772594,53.17705279],[-127.36747746,53.17704033],[-127.36723163,53.17708199],[-127.36698939,53.17706062],[-127.36672941,53.17695345],[-127.36654394,53.17686337],[-127.36649146,53.17679287],[-127.36647174,53.17670279],[-127.36643349,53.17664369],[-127.36630021,53.1766152],[-127.36578548,53.17656749],[-127.36506925,53.17649913],[-127.36467878,53.17646246],[-127.36436161,53.17648489],[-127.36378325,53.17655361],[-127.36314031,53.17658957],[-127.36259611,53.17652833],[-127.3624989,53.17650839],[-127.36207437,53.17642222],[-127.36151831,53.17631576],[-127.36118143,53.17624811],[-127.36096336,53.17620467],[-127.36064512,53.1761445],[-127.36029571,53.17607863],[-127.35962968,53.17594333],[-127.35909058,53.17595864],[-127.35853694,53.17614415],[-127.35792858,53.1762798],[-127.35732906,53.17626236],[-127.3569979,53.17620823],[-127.35692467,53.17617156],[-127.35677725,53.17626378],[-127.35645328,53.17646602],[-127.35618888,53.17662909],[-127.35598465,53.1767562],[-127.35588711,53.1768178],[-127.35586887,53.17688509],[-127.35586841,53.17701541],[-127.35587188,53.17715925],[-127.35587564,53.177312],[-127.35588102,53.17745228],[-127.35588761,53.17765381],[-127.35589597,53.17797319],[-127.3559025,53.17812166],[-127.35563741,53.17825269],[-127.35550912,53.17831393],[-127.35509456,53.17851047],[-127.3548045,53.1786593],[-127.35479514,53.17878961],[-127.35480294,53.17904597],[-127.35481329,53.17936962],[-127.35482367,53.17967547],[-127.35482738,53.17980579],[-127.35482973,53.17986881],[-127.35484055,53.17994109],[-127.35487239,53.17999984],[-127.35493829,53.18018071],[-127.35495196,53.18023234],[-127.3549985,53.18040609],[-127.35502347,53.18053676],[-127.35503355,53.18059978],[-127.35503476,53.18068524],[-127.35502983,53.18088748],[-127.35502415,53.18110787],[-127.35503414,53.18121148],[-127.35504841,53.18131474],[-127.35502556,53.18140909],[-127.35500618,53.18146499],[-127.35495844,53.18156077],[-127.35491842,53.18165014],[-127.35496445,53.18173167],[-127.35495833,53.18178544],[-127.35492574,53.18186591],[-127.35489546,53.18192394],[-127.35482253,53.18199943],[-127.35463263,53.1822038],[-127.35438888,53.18246087],[-127.35415155,53.18270049],[-127.3539713,53.18288671],[-127.35390162,53.18297109],[-127.35388972,53.18303411],[-127.3538763,53.18312384],[-127.35386849,53.18318864],[-127.35385766,53.18337949],[-127.35383789,53.183748],[-127.3538387,53.18394596],[-127.35384013,53.18421977],[-127.35385403,53.18461143],[-127.35386101,53.18481366],[-127.35386806,53.18502053],[-127.35390128,53.18520959],[-127.35404816,53.18536911],[-127.35426073,53.18559235],[-127.35436977,53.18579174],[-127.35439045,53.18591315],[-127.3544091,53.18599006],[-127.35442549,53.18606661],[-127.35444961,53.18614316],[-127.35448653,53.18623823],[-127.35451824,53.18631514],[-127.35441564,53.18640344],[-127.35417501,53.18654871],[-127.35404888,53.18662989],[-127.35400564,53.18670217],[-127.35398845,53.18678441],[-127.35399266,53.18682465],[-127.35398578,53.18697739],[-127.35395968,53.18730995],[-127.353958,53.18745985],[-127.3539557,53.18768736],[-127.35396219,53.187807],[-127.35396879,53.18791666],[-127.35396996,53.18797968],[-127.35397609,53.18815522],[-127.35398284,53.18845181],[-127.35399015,53.18864514],[-127.35399568,53.18883848],[-127.35400559,53.18912653],[-127.35401,53.18927927],[-127.35410253,53.18937505],[-127.35431531,53.18956233],[-127.35447568,53.18969016],[-127.35454083,53.18975211],[-127.3545879,53.18983578],[-127.35465025,53.18988599],[-127.35475736,53.18995506],[-127.35485078,53.18999672],[-127.35496033,53.190043],[-127.35509614,53.19010353],[-127.35527162,53.19018222],[-127.3554819,53.19026162],[-127.3556976,53.19034565],[-127.35588118,53.19043787],[-127.35597015,53.19053364],[-127.3560079,53.19063298],[-127.35606356,53.19078217],[-127.35614062,53.19093136],[-127.35623635,53.1910136],[-127.35699548,53.19151386],[-127.35743008,53.19180262],[-127.35745141,53.19188522],[-127.35742847,53.19206396],[-127.35746998,53.19224198],[-127.3575235,53.19241965],[-127.35757129,53.19259839],[-127.35762469,53.19277642],[-127.35772025,53.19294483],[-127.35786101,53.19310185],[-127.35802381,53.19325388],[-127.35818853,53.19340556],[-127.35833669,53.19356187],[-127.35845377,53.19372672],[-127.35854975,53.19389727],[-127.35864118,53.19406889],[-127.35874567,53.1942373],[-127.35887352,53.19440037],[-127.35903443,53.19455276],[-127.35918636,53.19470693],[-127.35926466,53.19488033],[-127.35928117,53.19506014],[-127.35924209,53.19523923],[-127.35924856,53.19541726],[-127.35931143,53.19559386],[-127.35932557,53.19577367],[-127.35934949,53.19595276],[-127.35939817,53.19613399],[-127.35948249,53.19630561],[-127.35968407,53.19642987],[-127.35991256,53.19654879],[-127.36008517,53.19669691],[-127.36022004,53.19685713],[-127.36034277,53.19702128],[-127.36045832,53.1971872],[-127.36056655,53.19735525],[-127.36066725,53.19752438],[-127.36075608,53.19769671],[-127.36082649,53.19787224],[-127.36087321,53.1980492],[-127.36088209,53.19823043],[-127.36084856,53.19838638],[-127.36074443,53.19857758],[-127.36062945,53.19874492],[-127.36053752,53.19891583],[-127.36048591,53.1990935],[-127.36046918,53.19927331],[-127.36049036,53.19945347],[-127.36055986,53.19962829],[-127.36067602,53.19979421],[-127.36082518,53.19995123],[-127.36088275,53.20000001],[-127.36114044,53.20019975],[-127.3613552,53.20032544],[-127.36160658,53.20042264],[-127.36184855,53.20052768],[-127.36207755,53.20064375],[-127.36231801,53.20075128],[-127.36252764,53.20088124],[-127.36261089,53.20105108],[-127.36261604,53.20123124],[-127.36255857,53.20141033],[-127.36263547,53.20157803],[-127.3627935,53.20173363],[-127.36300886,53.20185611],[-127.36325204,53.20196115],[-127.3634454,53.20209822],[-127.36357506,53.20225987],[-127.36363707,53.20243576],[-127.36365128,53.20261557],[-127.36364231,53.20279538],[-127.36362337,53.20297483],[-127.36360277,53.20315392],[-127.36358562,53.20333337],[-127.36356787,53.20351282],[-127.36354371,53.20369192],[-127.36351539,53.20387101],[-127.36349124,53.2040501],[-127.36347408,53.20422955],[-127.36345977,53.20440936],[-127.3634456,53.20458881],[-127.36343023,53.20476826],[-127.36341724,53.20494771],[-127.36340116,53.20512752],[-127.36335851,53.20530519],[-127.36326782,53.20547609],[-127.36316047,53.20564379],[-127.36308914,53.20581862],[-127.36304696,53.20599664],[-127.36302982,53.20617609],[-127.36303336,53.2063559],[-127.36305189,53.20653535],[-127.36310092,53.20671266],[-127.36323213,53.20687182],[-127.36341249,53.20701531],[-127.36351857,53.20718301],[-127.36357607,53.20735997],[-127.36361224,53.20753835],[-127.36363138,53.2077178],[-127.36364338,53.20789725],[-127.36365843,53.20807812],[-127.36360428,53.20824832],[-127.36341089,53.20838967],[-127.36328775,53.20855345],[-127.36313797,53.20869588],[-127.36284417,53.20874964],[-127.36255201,53.20880055],[-127.36239273,53.20893158],[-127.36237781,53.20911637],[-127.3623412,53.20929547],[-127.36236211,53.20947171],[-127.36247844,53.20963906],[-127.36255972,53.20980961],[-127.36256526,53.20999048],[-127.36260052,53.21016815],[-127.36268399,53.21034084],[-127.36277056,53.21051317],[-127.36285785,53.21068514],[-127.36294205,53.21085747],[-127.36301357,53.21103193],[-127.36306384,53.21120925],[-127.36309145,53.21138834],[-127.36311372,53.21156744],[-127.36313632,53.21174724],[-127.36308927,53.21192242],[-127.36289674,53.21205986],[-127.36263874,53.21215208],[-127.36236382,53.212224],[-127.36207993,53.2122831],[-127.36178618,53.21230589],[-127.36149366,53.21230589],[-127.36122194,53.21238529],[-127.36094635,53.21245579],[-127.36067773,53.21253483],[-127.36044267,53.21264556],[-127.36024589,53.21278158],[-127.36007982,53.21293112],[-127.35995562,53.21309455],[-127.35988538,53.21326972],[-127.35989569,53.21344739],[-127.36003679,53.21360726],[-127.3602085,53.21375502],[-127.36039195,53.21389673],[-127.36058443,53.21403488],[-127.36078008,53.21417089],[-127.36097573,53.2143069],[-127.36116704,53.21444505],[-127.36135168,53.21458676],[-127.36153356,53.21472954],[-127.36171194,53.21487374],[-127.36187055,53.21502649],[-127.36199035,53.21519098],[-127.36206633,53.21536474],[-127.36211471,53.21554241],[-127.36214784,53.21572114],[-127.36216597,53.21590024],[-127.36216184,53.21608004],[-127.36215712,53.21625985],[-127.36216369,53.21643966],[-127.36217159,53.21661911],[-127.36216509,53.21679891],[-127.36214683,53.21697837],[-127.36211978,53.21715746],[-127.36206854,53.21733442],[-127.36199084,53.21750568],[-127.36195248,53.21768157],[-127.36186866,53.21785497],[-127.36182112,53.21803157],[-127.3618246,53.21821173],[-127.36178936,53.21839047],[-127.36173965,53.21856814],[-127.36171049,53.21874652],[-127.3617299,53.21892704],[-127.36180948,53.21910079],[-127.36195783,53.21925568],[-127.36216757,53.21938421],[-127.36237983,53.21951239],[-127.36254718,53.21966086],[-127.36270089,53.21981575],[-127.36289641,53.21995389],[-127.36308685,53.22009133],[-127.36318029,53.22025974],[-127.36324128,53.22043884],[-127.3633216,53.22061223],[-127.36347147,53.22076463],[-127.36366649,53.2209042],[-127.36382891,53.22105481],[-127.36395525,53.22121788],[-127.3640643,53.22138594],[-127.36417344,53.22155862],[-127.36424294,53.22173238],[-127.36413026,53.22189046],[-127.36395419,53.22204143],[-127.363749,53.22216961],[-127.36348436,53.2222572],[-127.36319639,53.22230135],[-127.36289912,53.22233197],[-127.36260824,53.22237434],[-127.36232736,53.22243807],[-127.36205493,53.22251284],[-127.36178535,53.22259117],[-127.36151863,53.22267307],[-127.36125835,53.22276172],[-127.36100842,53.22286106],[-127.36075146,53.22295364],[-127.36048692,53.22303766],[-127.36022066,53.22311991],[-127.35995566,53.22320358],[-127.35969179,53.22328904],[-127.35943323,53.22337947],[-127.35918688,53.22348202],[-127.35892646,53.22357103],[-127.35866306,53.22365684],[-127.35842969,53.22376615],[-127.35817378,53.22385908],[-127.35789109,53.22391961],[-127.35760286,53.22396767],[-127.35731063,53.22400719],[-127.35701297,53.22402749],[-127.35671705,53.22405597],[-127.35643509,53.22411615],[-127.35615978,53.22418736],[-127.35588859,53.22426355],[-127.35561867,53.22434117],[-127.35534588,53.22441523],[-127.35506784,53.22448252],[-127.35478315,53.22453878],[-127.35449512,53.22458792],[-127.35420542,53.22463349],[-127.35391278,53.22467088],[-127.35361967,53.22470791],[-127.35333171,53.22475846],[-127.35305041,53.22482006],[-127.35277715,53.22489376],[-127.35249924,53.2249607],[-127.35220309,53.22498171],[-127.35191449,53.22493186],[-127.3516244,53.22488771],[-127.35132655,53.22486635],[-127.3510291,53.22484712],[-127.35073423,53.22481436],[-127.35043588,53.22481543],[-127.35017611,53.22490587],[-127.34989693,53.22497138],[-127.34960869,53.22501945],[-127.34931591,53.22505719],[-127.34901912,53.22508318],[-127.34871976,53.22508212],[-127.34842405,53.22505328],[-127.34812653,53.22503262],[-127.34782862,53.22501304],[-127.34752943,53.22500343],[-127.34723041,53.22500307],[-127.34693041,53.22500699],[-127.3466313,53.2250166],[-127.34633328,53.22503298],[-127.34603728,53.22506004],[-127.34574723,53.2251049],[-127.34546851,53.22517077],[-127.34522584,53.22527617],[-127.34497773,53.22537693],[-127.34471382,53.22546238],[-127.34444923,53.2255432],[-127.34420225,53.22543995],[-127.34390615,53.22541218],[-127.34360914,53.2253869],[-127.34331227,53.22536447],[-127.34301336,53.22537515],[-127.34273078,53.22543532],[-127.34246527,53.22551864],[-127.34219817,53.22559982],[-127.34191259,53.22565358],[-127.34161348,53.2256664],[-127.3413143,53.22565999],[-127.34101481,53.22565928],[-127.34071814,53.22568491],[-127.34042005,53.22570307],[-127.34012632,53.2257369],[-127.33982911,53.22576075],[-127.33954465,53.2258163],[-127.33925446,53.22586151],[-127.33896954,53.2259167],[-127.33867862,53.22595907],[-127.3383931,53.22601426],[-127.33811257,53.22607693],[-127.33783303,53.22614173],[-127.33755656,53.22621116],[-127.33728957,53.22629198],[-127.33703786,53.22638954],[-127.33679874,53.22649814],[-127.33656301,53.22660887],[-127.33632634,53.22671889],[-127.33609186,53.22683105],[-127.33585069,53.22693715],[-127.33560521,53.2270404],[-127.33532998,53.22711126],[-127.33503491,53.22714223],[-127.33473462,53.22714366],[-127.33444492,53.22709844],[-127.33418768,53.22700694],[-127.33394177,53.22690404],[-127.33369032,53.22680648],[-127.33342348,53.22672494],[-127.33314921,53.22665231],[-127.33291002,53.22654407],[-127.33269192,53.22642052],[-127.33253641,53.22626741],[-127.33240955,53.22610434],[-127.33224818,53.22595266],[-127.33201117,53.22584336],[-127.33178201,53.22572728],[-127.33156451,53.22560373],[-127.3313252,53.22549585],[-127.33105771,53.22541289],[-127.33076268,53.22543568],[-127.33046801,53.22546879],[-127.33016855,53.22547449],[-127.32987298,53.22544529],[-127.32960445,53.22536518],[-127.32939665,53.22523629],[-127.32920548,53.22509778],[-127.32901853,53.2249575],[-127.32884378,53.22481152],[-127.32868857,53.2246577],[-127.32854491,53.22449997],[-127.32841267,53.22433868],[-127.32829436,53.22417347],[-127.32819355,53.22400435],[-127.32811955,53.22383024],[-127.32806133,53.22365363],[-127.32800358,53.22347739],[-127.32793282,53.22330257],[-127.32787878,53.22312596],[-127.32781925,53.22294972],[-127.32774156,53.22277597],[-127.32763812,53.22260755],[-127.32749956,53.22244733],[-127.32729175,53.22232022],[-127.3270534,53.22220984],[-127.32678806,53.22212759],[-127.32652042,53.22204677],[-127.32626482,53.22195099],[-127.32607904,53.22181249],[-127.32596076,53.22164728],[-127.32586717,53.22147637],[-127.32578185,53.22130404],[-127.32567724,53.22113563],[-127.32554636,53.22097398],[-127.32538843,53.22082124],[-127.32523386,53.22066742],[-127.32509209,53.22050791],[-127.32504423,53.22033238],[-127.32503124,53.22015257],[-127.32502004,53.21997277],[-127.32500276,53.21979331],[-127.32497035,53.21961458],[-127.3248958,53.21944047],[-127.32476976,53.21927704],[-127.32457873,53.21913996],[-127.324378,53.21900501],[-127.3242628,53.21884123],[-127.32419341,53.21866605],[-127.32413512,53.21848981],[-127.32408496,53.21831249],[-127.3240422,53.21813447],[-127.32400551,53.21795608],[-127.323973,53.2177777],[-127.32394371,53.21759861],[-127.32391489,53.21741987],[-127.32389955,53.21724006],[-127.32390608,53.21706061],[-127.32392391,53.21688116],[-127.32393877,53.21670171],[-127.32393948,53.21652191],[-127.3239289,53.2163421],[-127.32391344,53.21616265],[-127.32389678,53.2159832],[-127.32388132,53.21580375],[-127.32389619,53.2156243],[-127.32389572,53.21544449],[-127.32390986,53.2152654],[-127.32394753,53.21508701],[-127.32398638,53.21490863],[-127.32401301,53.21472954],[-127.32401434,53.21454973],[-127.32396288,53.21437277],[-127.32384924,53.2142065],[-127.3236826,53.2140566],[-127.32345522,53.21394088],[-127.32318615,53.21386255],[-127.32290991,53.21379241],[-127.322639,53.21371586],[-127.32236637,53.21364073],[-127.32211007,53.21354709],[-127.32193752,53.2134036],[-127.32183854,53.21323305],[-127.32176908,53.21305823],[-127.32171647,53.21288127],[-127.32166755,53.21270396],[-127.32161183,53.21252735],[-127.32153736,53.21235324],[-127.32143226,53.21218483],[-127.32129884,53.2120239],[-127.32114714,53.21186901],[-127.32098522,53.21171769],[-127.3208198,53.21156779],[-127.32065847,53.21141647],[-127.32050751,53.21126123],[-127.32035919,53.21110528],[-127.32020823,53.21095004],[-127.32006209,53.21079302],[-127.31993073,53.21063138],[-127.31982565,53.21046296],[-127.3197549,53.2102885],[-127.3197109,53.21011083],[-127.31968526,53.20993173],[-127.31967237,53.20975193],[-127.3196653,53.20957248],[-127.31965954,53.20939267],[-127.31964963,53.20921286],[-127.31962815,53.20903377],[-127.31958918,53.20885539],[-127.31954948,53.20867736],[-127.31953469,53.20849791],[-127.3195444,53.2083181],[-127.31956455,53.20813901],[-127.31958424,53.20795956],[-127.31959574,53.20777975],[-127.31960413,53.2076003],[-127.31960671,53.2074205],[-127.31959206,53.20724069],[-127.31952873,53.20706551],[-127.31941517,53.20689923],[-127.31929969,53.20673331],[-127.31919716,53.20656455],[-127.31909535,53.20639542],[-127.31899355,53.2062263],[-127.31889161,53.20605753],[-127.31878981,53.2058884],[-127.31869124,53.20571857],[-127.31858621,53.20555015],[-127.31845814,53.20538779],[-127.31830929,53.20523184],[-127.31814817,53.20508016],[-127.31797365,53.20493418],[-127.31777157,53.20480173],[-127.31754337,53.2046853],[-127.31729146,53.2045881],[-127.31702038,53.20451226],[-127.31673982,53.20444924],[-127.31645638,53.20439085],[-127.31617175,53.20433566],[-127.31588463,53.20428403],[-127.31559757,53.20423383],[-127.31530592,53.20419288],[-127.31501296,53.2041555],[-127.31471574,53.20413449],[-127.3144175,53.20414695],[-127.31412427,53.20418291],[-127.31383363,53.20422635],[-127.3135408,53.20426445],[-127.3132491,53.20430433],[-127.31296583,53.20436165],[-127.31268681,53.20442681],[-127.3124105,53.20449588],[-127.31213838,53.20457136],[-127.31187321,53.20465539],[-127.31162718,53.20476007],[-127.31147149,53.20490997],[-127.31142004,53.20508835],[-127.3112986,53.20524858],[-127.31108929,53.20537782],[-127.31085292,53.20548856],[-127.31059099,53.20557508],[-127.3103158,53.20564593],[-127.31003014,53.20570005],[-127.30974627,53.20576058],[-127.30952331,53.20587523],[-127.30933874,53.20601801],[-127.30915046,53.20615793],[-127.30896323,53.20629822],[-127.30877753,53.20643922],[-127.30859884,53.20658377],[-127.30847872,53.20674684],[-127.30839507,53.2069384],[-127.30842643,53.20713565],[-127.30844356,53.20724247],[-127.30844919,53.20747568],[-127.30842904,53.20797416],[-127.3084087,53.20846836],[-127.30839826,53.20854348],[-127.30836727,53.20875996],[-127.30827753,53.2090149],[-127.30819397,53.2092385],[-127.30814133,53.20938626],[-127.30813232,53.20954791],[-127.30822465,53.209612],[-127.3082017,53.20970172],[-127.30818307,53.20977329],[-127.30815095,53.20991215],[-127.30812241,53.21003321],[-127.30811292,53.21013646],[-127.30810404,53.21034297],[-127.30809599,53.21056337],[-127.30808767,53.21068443],[-127.30807902,53.21075635],[-127.30807527,53.21081011],[-127.30802817,53.21085889],[-127.30790302,53.21099206],[-127.30778813,53.21110706],[-127.30768471,53.21121352],[-127.30762572,53.2112623],[-127.30755006,53.21130147],[-127.30745918,53.21135452],[-127.30739765,53.21139404],[-127.30726776,53.21148198],[-127.30710414,53.21155818],[-127.30681008,53.21145742],[-127.30608957,53.21131678],[-127.30538852,53.21140579],[-127.30512176,53.21152792],[-127.30503093,53.21157598],[-127.30479156,53.2116625],[-127.30431834,53.21179958],[-127.30390348,53.21199612],[-127.30352463,53.21226922],[-127.30299573,53.21248641],[-127.30257156,53.21268722],[-127.30225471,53.2130244],[-127.30200303,53.21329928],[-127.30184769,53.21341428],[-127.30167376,53.21349261],[-127.30143516,53.21364643],[-127.30106975,53.21396046],[-127.30068492,53.21429658],[-127.30045694,53.21447318],[-127.30029837,53.21463732],[-127.30010538,53.21489973],[-127.30005421,53.21495634],[-127.29985667,53.2151746],[-127.29952409,53.21543986],[-127.29923864,53.21571438],[-127.29913314,53.21593299],[-127.29913295,53.21603198],[-127.29915059,53.21617618],[-127.29914883,53.21644571],[-127.29914808,53.21663015],[-127.29903517,53.21679464],[-127.2987416,53.21711865],[-127.29848226,53.21739815],[-127.29834766,53.21750853],[-127.29822854,53.2175833],[-127.29810912,53.21766697],[-127.29800366,53.21784998],[-127.29797224,53.21809673],[-127.29802841,53.21824128],[-127.29799045,53.21832175],[-127.29794993,53.21845598],[-127.29791677,53.2186219],[-127.29790073,53.21874296],[-127.29789548,53.21880563],[-127.29789059,53.21887541],[-127.29787001,53.21893131],[-127.29785972,53.21898508],[-127.29785282,53.21913782],[-127.29787083,53.21924393],[-127.29789035,53.21932333],[-127.29794722,53.2194337],[-127.29800807,53.219522],[-127.29795791,53.21961137],[-127.29791682,53.21968258],[-127.29790621,53.21980827],[-127.29790532,53.21991402],[-127.29790555,53.22001514],[-127.29767674,53.22022307],[-127.29716893,53.22039576],[-127.29665009,53.22059514],[-127.29620016,53.22090776],[-127.29603694,53.22101992],[-127.29593743,53.22108828],[-127.2958025,53.22115593],[-127.29571021,53.22122892],[-127.2956043,53.22134855],[-127.29550154,53.22145964],[-127.29543748,53.22151732],[-127.29532557,53.22161452],[-127.29518441,53.2217249],[-127.29501201,53.22183456],[-127.29482474,53.22192642],[-127.29467446,53.22198731],[-127.29456613,53.22202149],[-127.29445541,53.22207668],[-127.29429755,53.22214362],[-127.29417353,53.22219133],[-127.29403417,53.22223868],[-127.29386513,53.22232627],[-127.29371572,53.22245908],[-127.29355128,53.22258263],[-127.29338669,53.2226339],[-127.29327522,53.22267983],[-127.29316556,53.2227838],[-127.29308704,53.22286783],[-127.29319064,53.22299992],[-127.29323599,53.2232837],[-127.29297301,53.22349234],[-127.29286298,53.22357958],[-127.29248279,53.22372698],[-127.29239048,53.22393242],[-127.29237438,53.22426035],[-127.29234182,53.22442627],[-127.29219578,53.22444656],[-127.29190547,53.22448715],[-127.2917305,53.22451172],[-127.29165192,53.22455551],[-127.29156329,53.22463954],[-127.29147475,53.2247104],[-127.29138381,53.22475384],[-127.2912937,53.22482896],[-127.29116526,53.22497103],[-127.29103788,53.22514086],[-127.29095549,53.22514336],[-127.29078698,53.22514549],[-127.29060144,53.2251519],[-127.29046076,53.22515439],[-127.29022558,53.22520033],[-127.29008344,53.22536019],[-127.29005644,53.2255756],[-127.29009878,53.2257045],[-127.29014058,53.2258284],[-127.28989215,53.22607016],[-127.28984477,53.22611645],[-127.28927545,53.22651736],[-127.28900958,53.22689371],[-127.28904323,53.22714473],[-127.28942933,53.22722519],[-127.28988782,53.22739824],[-127.29007129,53.22769305],[-127.29006649,53.22805017],[-127.29006105,53.22834925],[-127.29005743,53.22857392],[-127.29005656,53.2287669],[-127.29005199,53.22902326],[-127.2900471,53.22930632],[-127.29004126,53.22962107],[-127.29001002,53.2299935],[-127.28995248,53.23032107],[-127.28990819,53.23048663],[-127.28997402,53.2305728],[-127.28993205,53.23061731],[-127.28981962,53.23071914],[-127.28969551,53.23082844],[-127.28958834,53.23092244],[-127.2893308,53.23113892],[-127.28915203,53.23129167],[-127.28907409,53.23136929],[-127.28896216,53.23148429],[-127.28890609,53.23156227],[-127.28889979,53.23180723],[-127.28884036,53.23230962],[-127.2887314,53.23275754],[-127.28870715,53.23292844],[-127.28875275,53.23298719],[-127.28874234,53.23312213],[-127.28873852,53.23337814],[-127.28873711,53.23359853],[-127.28873621,53.23368826],[-127.2887191,53.23381394],[-127.28867906,53.23406496],[-127.28863865,53.23428465],[-127.28861573,53.23439217],[-127.28858634,53.23452213],[-127.2885388,53.23474182],[-127.28849974,53.23492554],[-127.28848627,53.23501064],[-127.28848151,53.23507366],[-127.28848218,53.23517691],[-127.28847717,53.23528266],[-127.28843025,53.23534711],[-127.28831513,53.23547564],[-127.28818961,53.23559527],[-127.28810187,53.2356704],[-127.28803029,53.23573235],[-127.28792582,53.23582065],[-127.28776242,53.23596236],[-127.28763443,53.23607737],[-127.2875682,53.23613932],[-127.28748471,53.23623688],[-127.28736827,53.23636577],[-127.28726059,53.2364854],[-127.28716401,53.23658296],[-127.28706445,53.23668052],[-127.28691198,53.2368087],[-127.28673197,53.23696323],[-127.2865999,53.23708286],[-127.28649988,53.23716226],[-127.28639324,53.23723703],[-127.28641029,53.23729578],[-127.28643099,53.23735916],[-127.28646106,53.2374585],[-127.28648857,53.23755997],[-127.28649844,53.23764792],[-127.28650457,53.23796267],[-127.28642748,53.23845509],[-127.28627924,53.23879975],[-127.28618564,53.23897813],[-127.28617326,53.23905219],[-127.28618225,53.23913123],[-127.28617979,53.23920742],[-127.28597091,53.23922701],[-127.28584069,53.23924944],[-127.28556421,53.23929751],[-127.28535906,53.2395058],[-127.28535411,53.239744],[-127.28535098,53.23989639],[-127.28535043,53.23998682],[-127.28534679,53.24014384],[-127.28534447,53.24024069],[-127.28534111,53.2404002],[-127.28533845,53.24057075],[-127.28532261,53.24063804],[-127.28524015,53.24060992],[-127.28509659,53.24055864],[-127.28485696,53.24063591],[-127.28444931,53.24081892],[-127.28421425,53.24105997],[-127.28420893,53.24134125],[-127.28420523,53.24153886],[-127.28397157,53.24164353],[-127.28349166,53.24177065],[-127.28309366,53.24187568],[-127.28293646,53.24195686],[-127.28266989,53.24210569],[-127.28254501,53.24218473],[-127.28267937,53.24229013],[-127.28293186,53.24249165],[-127.28305722,53.24259241],[-127.28305257,53.24275869],[-127.28304704,53.24309552],[-127.28304426,53.24326642],[-127.28304197,53.24336968],[-127.28303741,53.24363921],[-127.28295725,53.24393473],[-127.28273776,53.24420141],[-127.28257941,53.24434882],[-127.28239561,53.24452008],[-127.28206269,53.24482985],[-127.28192376,53.24514282],[-127.28189557,53.24523076],[-127.28179584,53.24554551],[-127.28155617,53.24580721],[-127.28143658,53.24584602],[-127.28131414,53.24588447],[-127.28106691,53.245971],[-127.28094447,53.24600945],[-127.28080857,53.24605538],[-127.28059155,53.24610345],[-127.28014417,53.24618249],[-127.27974328,53.24624836],[-127.27961905,53.24626901],[-127.27959973,53.24635874],[-127.2795913,53.24653854],[-127.27958983,53.24662827],[-127.27958651,53.24675858],[-127.2795836,53.24696545],[-127.27957838,53.24723035],[-127.27957347,53.24746855],[-127.27978852,53.24772348],[-127.28028459,53.24805889],[-127.28068446,53.24829673],[-127.28172097,53.24891341],[-127.28185621,53.24899388],[-127.2818947,53.2494863],[-127.28288414,53.26213862],[-127.28361572,53.27149995],[-127.28364318,53.27185173],[-127.28149644,53.27248372],[-127.27624617,53.27402934],[-127.26503013,53.27732995],[-127.2652163,53.27779745],[-127.26538118,53.27829699],[-127.26559392,53.2788446],[-127.26587623,53.27940716],[-127.26622852,53.27996082],[-127.26658197,53.28049027],[-127.26656497,53.28128106],[-127.26655361,53.28192837],[-127.26654141,53.28260237],[-127.26652893,53.28328528],[-127.26662212,53.28357653],[-127.26699167,53.28371361],[-127.2676373,53.28369723],[-127.2687749,53.28412699],[-127.26940853,53.28428614],[-127.26992059,53.28435949],[-127.26996476,53.2845069],[-127.27007067,53.28465323],[-127.27020288,53.2848042],[-127.27037786,53.28493274],[-127.2705382,53.28504276],[-127.27071389,53.28515313],[-127.27087352,53.28528131],[-127.27104822,53.28541875],[-127.27117849,53.28553767],[-127.27130919,53.28564733],[-127.2708468,53.28582322],[-127.27037378,53.28614011],[-127.26989024,53.28659764],[-127.26936564,53.28708756],[-127.26871278,53.28752444],[-127.26852038,53.28775338],[-127.26840687,53.28795562],[-127.26837297,53.2881308],[-127.2683965,53.28830206],[-127.26841972,53.28846442],[-127.26847361,53.28861788],[-127.26854197,53.28878059],[-127.26861062,53.28893441],[-127.26764584,53.2891662],[-127.26678789,53.28948344],[-127.26604252,53.28985908],[-127.26529803,53.29013003],[-127.26454879,53.29032301],[-127.2652882,53.29095394],[-127.26410878,53.29117967],[-127.26360954,53.29169453],[-127.26286271,53.29210327],[-127.26186842,53.29240556],[-127.26172879,53.29305073],[-127.261338,53.2935606],[-127.26069615,53.29393481],[-127.25994579,53.29430439],[-127.25918877,53.29470993],[-127.25842584,53.29515108],[-127.25766533,53.29552066],[-127.25724281,53.29578735],[-127.25690429,53.29602804],[-127.2573267,53.296226],[-127.25787103,53.29636771],[-127.25861691,53.29656247],[-127.25952744,53.29683948],[-127.26063173,53.29736786],[-127.26162651,53.29775311],[-127.26249085,53.29813836],[-127.26294548,53.2983997],[-127.26314589,53.29852254],[-127.26337131,53.29863078],[-127.26363755,53.29873332],[-127.26385792,53.29885047],[-127.26404774,53.29897295],[-127.26425179,53.29912],[-127.26444206,53.29923963],[-127.26458703,53.29936745],[-127.26474578,53.29952269],[-127.26490495,53.29966867],[-127.26506586,53.29977905],[-127.26525554,53.29989868],[-127.26543036,53.30003612],[-127.26557492,53.3001732],[-127.26570413,53.30030992],[-127.26580381,53.30044594],[-127.26591756,53.30060046],[-127.26603159,53.30074609],[-127.26619078,53.30089207],[-127.26635041,53.3010352],[-127.26649413,53.30118439],[-127.26663842,53.30133037],[-127.26676824,53.30146709],[-127.26688241,53.30161236],[-127.26697283,53.30172167],[-127.26702485,53.30179431],[-127.26708154,53.3018851],[-127.26715086,53.30202111],[-127.26722002,53.30216567],[-127.26727456,53.30230132],[-127.26732813,53.30246404],[-127.26733766,53.30259898],[-127.26733271,53.30272467],[-127.26732647,53.30286852],[-127.26732054,53.30302126],[-127.26731402,53.30317401],[-127.26730837,53.30331785],[-127.26730216,53.3034795],[-127.26726849,53.30369171],[-127.26720162,53.3038498],[-127.26714651,53.30402782],[-127.26711657,53.30422009],[-127.2671583,53.30468509],[-127.26722628,53.30534842],[-127.26837188,53.30534415],[-127.26952003,53.30541749],[-127.27057909,53.30594552],[-127.27070227,53.30636566],[-127.27088906,53.30665122],[-127.2711371,53.3067858],[-127.27141335,53.3068385],[-127.2717419,53.30688835],[-127.27204,53.30692858],[-127.27226497,53.30694069],[-127.27251949,53.3069535],[-127.27281874,53.30697594],[-127.27308787,53.30699765],[-127.27338658,53.30704109],[-127.27368457,53.30709628],[-127.27389322,53.30713509],[-127.27419035,53.30720239],[-127.27444333,53.30726006],[-127.27469488,53.30734445],[-127.27540179,53.30727395],[-127.2762785,53.3072914],[-127.2771941,53.30745162],[-127.27806799,53.30779094],[-127.27881164,53.30824028],[-127.27954621,53.30876332],[-127.28015756,53.30919165],[-127.28052988,53.30964953],[-127.28066211,53.31013661],[-127.28081973,53.31077252],[-127.2812284,53.31130874],[-127.28188797,53.31174561],[-127.28153436,53.31233096],[-127.2810738,53.31288284],[-127.28050047,53.3134009],[-127.28004702,53.31372811],[-127.27977464,53.31390899],[-127.28087472,53.31417638],[-127.2820046,53.31432165],[-127.28311852,53.31437043],[-127.28351313,53.31489169],[-127.28390705,53.31542791],[-127.28430042,53.31597872],[-127.28541175,53.31583915],[-127.28654189,53.31585837],[-127.28769085,53.3160364],[-127.28880698,53.31628635],[-127.28998401,53.31650995],[-127.28997172,53.31681259],[-127.29011767,53.31700522],[-127.29034642,53.31716046],[-127.29063908,53.31731534],[-127.2909739,53.31748696],[-127.29124465,53.31768385],[-127.29147715,53.31783375],[-127.29166973,53.31794448],[-127.29186803,53.31802816],[-127.29205121,53.31811895],[-127.29220019,53.31827561],[-127.29241931,53.31850455],[-127.29284073,53.31881931],[-127.29328764,53.31908065],[-127.29365677,53.31927754],[-127.29320496,53.3198045],[-127.29280919,53.32032327],[-127.29259621,53.3209307],[-127.29251131,53.32163461],[-127.29254827,53.32184183],[-127.29278454,53.32194402],[-127.29303464,53.32207362],[-127.29310431,53.32220928],[-127.29321861,53.3223549],[-127.29340985,53.32245638],[-127.29356728,53.32252474],[-127.29367513,53.32257708],[-127.29392209,53.32266147],[-127.29421819,53.32276472],[-127.29454248,53.32291319],[-127.29482462,53.32311508],[-127.29498492,53.32323435],[-127.2951786,53.32336182],[-127.29537478,53.32350531],[-127.29551349,53.3236723],[-127.29553089,53.32385317],[-127.2956763,53.32397245],[-127.29582251,53.32407321],[-127.29599833,53.32419249],[-127.29615918,53.32429397],[-127.29632128,53.32437408],[-127.29655106,53.32447128],[-127.29683125,53.32459697],[-127.29706961,53.32476538],[-127.29727388,53.32495693],[-127.29735855,53.3251022],[-127.29755777,53.32537458],[-127.29762774,53.32550134],[-127.29770675,53.3256523],[-127.29779602,53.32579152],[-127.29784561,53.32593003],[-127.29787481,53.32608028],[-127.29791358,53.32623374],[-127.29796811,53.3263783],[-127.29805346,53.32650541],[-127.29815132,53.32664071],[-127.29822457,53.32676176],[-127.29823569,53.3268636],[-127.29817017,53.32695652],[-127.29843333,53.32751766],[-127.29895643,53.32800367],[-127.29971694,53.32838323],[-127.30071557,53.32865596],[-127.30128874,53.32872717],[-127.30172787,53.32863638],[-127.30203269,53.32838429],[-127.3023887,53.32815856],[-127.30282258,53.3280756],[-127.30333407,53.32813613],[-127.30365939,53.32814645],[-127.30413586,53.32811832],[-127.30462925,53.32809447],[-127.30516189,53.32799406],[-127.30568961,53.32802646],[-127.30620746,53.32800581],[-127.30665579,53.32806136],[-127.30703262,53.32802361],[-127.30736449,53.32798658],[-127.30748868,53.32801222],[-127.30763286,53.32803536],[-127.3077527,53.32805495],[-127.30799145,53.32808521],[-127.30820666,53.32812936],[-127.30842382,53.32820413],[-127.30862646,53.32832199],[-127.30878881,53.32847509],[-127.30891521,53.32864671],[-127.30869248,53.32895825],[-127.30889239,53.32901985],[-127.3090388,53.32911207],[-127.30913258,53.32923419],[-127.30930345,53.32947025],[-127.30938878,53.32957956],[-127.30954541,53.32971735],[-127.30976732,53.32984945],[-127.31006324,53.3299584],[-127.31037734,53.33003389],[-127.31052153,53.33005703],[-127.31075007,53.33010225],[-127.31095778,53.33015886],[-127.31096428,53.33024894],[-127.31098998,53.33036323],[-127.31100733,53.33054945],[-127.31104062,53.33068546],[-127.31130525,53.33091298],[-127.31180138,53.33123165],[-127.31246963,53.3316817],[-127.31306733,53.33209472],[-127.31364628,53.33244472],[-127.31396978,53.33209863],[-127.31445197,53.33181771],[-127.31556068,53.3316614],[-127.31668331,53.33159446],[-127.31782442,53.33160443],[-127.31791669,53.33192061],[-127.31807126,53.33219833],[-127.31821172,53.33240519],[-127.31835991,53.3325761],[-127.31851644,53.33271104],[-127.31866238,53.33282106],[-127.31885376,53.33292254],[-127.31906019,53.33301547],[-127.31925236,53.33309024],[-127.31947494,53.33316501],[-127.31968163,53.33324904],[-127.31987355,53.33333271],[-127.3200448,53.33343383],[-127.32019637,53.33353495],[-127.32036313,53.33366313],[-127.32049321,53.3337938],[-127.32057305,53.33392981],[-127.32062577,53.33407152],[-127.32061482,53.33422106],[-127.3205514,53.33438698],[-127.3204558,53.33457248],[-127.32023496,53.33484807],[-127.32031025,53.33496877],[-127.3203349,53.33510407],[-127.32035296,53.33527711],[-127.32036357,53.33551318],[-127.32039261,53.33580015],[-127.32050855,53.33625127],[-127.32071254,53.33670951],[-127.32111174,53.33724252],[-127.32140605,53.33779013],[-127.32159002,53.33833133],[-127.32170268,53.33877034],[-127.32160553,53.33894872],[-127.32152375,53.33912746],[-127.32145719,53.33927914],[-127.32140712,53.33941337],[-127.32128145,53.33955544],[-127.32117121,53.3396797],[-127.3210906,53.33982248],[-127.320986,53.33998199],[-127.32085266,53.3401828],[-127.32069162,53.34042527],[-127.32056689,53.340912],[-127.32075335,53.34114842],[-127.32070082,53.34133036],[-127.32053827,53.34172771],[-127.32014454,53.34219165],[-127.31951964,53.34272217],[-127.31959046,53.34283397],[-127.31970162,53.34293651],[-127.31982794,53.34303514],[-127.32003761,53.34312593],[-127.32027915,53.34319144],[-127.32054133,53.34321993],[-127.32080644,53.34322562],[-127.32109239,53.34321174],[-127.32133799,53.3432153],[-127.32158345,53.34324877],[-127.32178944,53.34327761],[-127.32195537,53.34330182],[-127.32211066,53.3432979],[-127.32235115,53.34329256],[-127.32256184,53.34329541],[-127.32270269,53.34331642],[-127.32283468,53.34334704],[-127.32294872,53.34338763],[-127.32305203,53.34342822],[-127.32323361,53.34351759],[-127.32341989,53.34362191],[-127.32355049,53.34374973],[-127.32364996,53.3438861],[-127.32365829,53.34401891],[-127.32364912,53.34415884],[-127.32360292,53.34431692],[-127.32353724,53.3444597],[-127.32351075,53.34450136],[-127.32347384,53.34454872],[-127.32318887,53.34491224],[-127.32280881,53.34537155],[-127.32224562,53.34589815],[-127.32173917,53.34647531],[-127.32127282,53.34704393],[-127.32105812,53.34765527],[-127.32108471,53.34826412],[-127.32146757,53.34882989],[-127.32208462,53.34932088],[-127.32173535,53.34945298],[-127.32159022,53.34957974],[-127.3215536,53.34970008],[-127.32152436,53.34981651],[-127.32139923,53.34994077],[-127.32128901,53.35006503],[-127.32114633,53.35021458],[-127.32097678,53.3503691],[-127.3206997,53.35054214],[-127.32039494,53.3506486],[-127.31995523,53.35074723],[-127.32010803,53.35105522],[-127.32004173,53.35121615],[-127.32000572,53.35137744],[-127.31996976,53.35152058],[-127.31991889,53.35166371],[-127.3198531,53.35180684],[-127.31977227,53.35195852],[-127.31970636,53.3521102],[-127.31961028,53.35225298],[-127.31948502,53.35238578],[-127.31932908,53.35252749],[-127.31914371,53.35265994],[-127.31900443,53.35276569],[-127.3188182,53.35290704],[-127.31861842,53.35302988],[-127.31844936,53.35311747],[-127.31818585,53.35328268],[-127.31792137,53.35342759],[-127.31767663,53.35353298],[-127.31746922,53.35363909],[-127.31729806,53.35374555],[-127.31715706,53.35389046],[-127.31704568,53.35405068],[-127.31696401,53.35421126],[-127.31689771,53.3543722],[-127.3168937,53.35446192],[-127.31680734,53.35474855],[-127.31663598,53.35507861],[-127.31644652,53.35531574],[-127.3162385,53.35545958],[-127.31603789,53.35555679],[-127.31584977,53.35566396],[-127.31569968,53.35578466],[-127.31688296,53.35588222],[-127.31747609,53.35591462],[-127.31788801,53.35588756],[-127.31811827,53.35580068],[-127.31827407,53.35565933],[-127.31843884,53.35555073],[-127.31862851,53.35543929],[-127.31879834,53.355325],[-127.31896829,53.35521035],[-127.31913157,53.35512881],[-127.31931154,53.35501452],[-127.31950759,53.35486747],[-127.31970835,53.35473537],[-127.31983309,53.35462037],[-127.31995784,53.35450536],[-127.32006759,53.35438075],[-127.32016404,53.35422052],[-127.32035467,53.35408344],[-127.32073823,53.35401294],[-127.32131472,53.35400903],[-127.32201812,53.35407276],[-127.32247484,53.35409305],[-127.32301226,53.35413258],[-127.32363099,53.35419132],[-127.32466366,53.35442739],[-127.3257028,53.35475567],[-127.32648298,53.35517439],[-127.32700376,53.35568318],[-127.3269553,53.3557722],[-127.3276306,53.35604137],[-127.32805621,53.35642805],[-127.32823224,53.35693186],[-127.3293597,53.35730144],[-127.33050486,53.35761085],[-127.3316049,53.35790495],[-127.33225258,53.35816665],[-127.33278207,53.35837601],[-127.33319349,53.35853267],[-127.33361453,53.35866121],[-127.33403501,53.35879295],[-127.33419067,53.35891792],[-127.33436121,53.3590315],[-127.33464274,53.3591401],[-127.33490967,53.35922484],[-127.33514232,53.35929391],[-127.33512251,53.35942565],[-127.33510227,53.35956024],[-127.33506663,53.35969945],[-127.33501602,53.35984045],[-127.3349646,53.36000174],[-127.33494784,53.36004625],[-127.33488214,53.36018938],[-127.3348322,53.36032361],[-127.33479608,53.36047565],[-127.33480441,53.36064655],[-127.3347827,53.3608082],[-127.33479251,53.36095205],[-127.3348016,53.36109625],[-127.33484137,53.36123155],[-127.33489564,53.36139426],[-127.33493456,53.36153846],[-127.33500425,53.36168338],[-127.33505856,53.36182794],[-127.33511347,53.36197249],[-127.33518257,53.36211741],[-127.33523772,53.36225306],[-127.33539378,53.36239513],[-127.33578256,53.36258312],[-127.33640261,53.36281776],[-127.33742462,53.36312859],[-127.33832021,53.36348856],[-127.3389757,53.36390514],[-127.33963225,53.36431888],[-127.34016381,53.36478602],[-127.34080961,53.36513246],[-127.34133324,53.36546537],[-127.34197181,53.36560814],[-127.34248075,53.36580397],[-127.34300974,53.36584421],[-127.34341933,53.36592574],[-127.34395086,53.36582249],[-127.34457198,53.36569431],[-127.34523444,53.36559034],[-127.3457906,53.36545041],[-127.34627487,53.36532935],[-127.34651257,53.36513958],[-127.34668684,53.36503419],[-127.3467579,53.36496333],[-127.34685418,53.36498576],[-127.34706217,53.36504238],[-127.34793334,53.36518551],[-127.34881725,53.36531654],[-127.34970566,53.36534466],[-127.35040713,53.36540128],[-127.35104907,53.3653703],[-127.35152518,53.36541979],[-127.3518322,53.36546501],[-127.35197147,53.36557788],[-127.35208563,53.36573205],[-127.35216995,53.36588622],[-127.35225538,53.36600443],[-127.35231234,53.36608597],[-127.35236974,53.36616465],[-127.35245595,53.36626755],[-127.35255676,53.36638612],[-127.3527654,53.36655951],[-127.35309685,53.36678917],[-127.35304591,53.3669412],[-127.35304311,53.36701313],[-127.35300756,53.36716552],[-127.35291201,53.36729904],[-127.35284544,53.36745962],[-127.35291875,53.36763764],[-127.35294979,53.36779893],[-127.35296209,53.36795595],[-127.35292656,53.36809018],[-127.35288169,53.36821231],[-127.35283294,53.36831058],[-127.35279438,53.3683939],[-127.35274862,53.3684263],[-127.35267027,53.3684943],[-127.35254671,53.36859151],[-127.35242818,53.36867981],[-127.35226395,53.3687674],[-127.35207034,53.36886033],[-127.35239655,53.36897284],[-127.35256023,53.36906292],[-127.35268089,53.36914161],[-127.35279125,53.36925697],[-127.3529521,53.36937624],[-127.35310291,53.36949196],[-127.35324401,53.36960483],[-127.35345009,53.36972446],[-127.35364041,53.369853],[-127.35379668,53.36995697],[-127.35396337,53.37005524],[-127.354124,53.37016526],[-127.35425408,53.37030198],[-127.3543393,53.37042909],[-127.35442404,53.370574],[-127.35449387,53.37071892],[-127.35457777,53.37087273],[-127.35470724,53.37102762],[-127.35482315,53.37114583],[-127.35495371,53.37126475],[-127.35506841,53.37140111],[-127.35516855,53.37154638],[-127.35525392,53.37167314],[-127.35530799,53.37182695],[-127.35536196,53.37198931],[-127.35541579,53.37215203],[-127.35548455,53.37231475],[-127.35553924,53.3724504],[-127.35559345,53.37260386],[-127.35564791,53.37274842],[-127.35568696,53.37291078],[-127.35575681,53.37305569],[-127.35578398,53.37311907],[-127.35585467,53.37323692],[-127.35599343,53.37341566],[-127.35631658,53.37364389],[-127.35681935,53.37382441],[-127.35757755,53.37391271],[-127.35848939,53.37391128],[-127.35949426,53.37428087],[-127.36038912,53.37468071],[-127.36115035,53.37508376],[-127.36203525,53.37540243],[-127.3630678,53.37566449],[-127.36311622,53.37634846],[-127.36314855,53.37707695],[-127.36318628,53.37766194],[-127.36321865,53.37839042],[-127.36337506,53.37897577],[-127.36365073,53.37953513],[-127.36404177,53.38005283],[-127.36431021,53.38063391],[-127.3644602,53.38129332],[-127.36449818,53.38187796],[-127.36454405,53.38263385],[-127.36458063,53.38326371],[-127.36474179,53.38393701],[-127.36503265,53.38453731],[-127.36557084,53.38501834],[-127.36622562,53.38545272],[-127.36711073,53.38577352],[-127.36814281,53.38603629],[-127.36818035,53.38663909],[-127.36822727,53.38736793],[-127.36826319,53.38800668],[-127.36840475,53.38862906],[-127.36834332,53.38892779],[-127.36833153,53.38936502],[-127.36849023,53.39002764],[-127.36875982,53.39061477],[-127.36914541,53.39115027],[-127.36941742,53.39172423],[-127.36944767,53.3922551],[-127.3692351,53.39274254],[-127.36889447,53.39312173],[-127.36868194,53.39357107],[-127.36860024,53.39414253],[-127.36744181,53.39453099],[-127.36639983,53.39503836],[-127.36524116,53.39545387],[-127.36418586,53.39590713],[-127.36302632,53.39633154],[-127.36422065,53.39657259],[-127.36532484,53.39680367],[-127.36535096,53.39729823],[-127.36539176,53.3977935],[-127.3653387,53.39839487],[-127.36529279,53.39880789],[-127.3652658,53.39912228],[-127.36521076,53.39976887],[-127.36515529,53.40043327],[-127.36510789,53.40088189],[-127.36507741,53.40129527],[-127.36514656,53.40179659],[-127.36534655,53.40224985],[-127.36568922,53.40259913],[-127.36595324,53.40281561],[-127.36612692,53.40295483],[-127.36616963,53.40310117],[-127.36617016,53.40326673],[-127.3660711,53.40362207],[-127.3659303,53.40414761],[-127.36620194,53.40452004],[-127.3658739,53.40484796],[-127.3660156,53.40506586],[-127.3660541,53.40523713],[-127.3660631,53.40539913],[-127.36581656,53.40555757],[-127.36553275,53.40584241],[-127.36546311,53.40614613],[-127.36538555,53.40619882],[-127.36460741,53.40648473],[-127.36477537,53.4065919],[-127.3648036,53.40673041],[-127.36483632,53.40692268],[-127.36494676,53.40717263],[-127.36525588,53.40762339],[-127.36545411,53.4081977],[-127.36552544,53.40882578],[-127.36545525,53.40949017],[-127.36539779,53.41019053],[-127.3653428,53.41084602],[-127.36527161,53.41152821],[-127.36612864,53.41166601],[-127.36668699,53.41175751],[-127.36714254,53.41183264],[-127.36771896,53.41200817],[-127.36842059,53.41220258],[-127.36902657,53.41239057],[-127.36954067,53.4124657],[-127.36998559,53.41258854],[-127.37049162,53.41273238],[-127.3703518,53.41283849],[-127.37056258,53.41333055],[-127.37071953,53.41385929],[-127.37183663,53.4138924],[-127.37253555,53.41401168],[-127.37313046,53.41415268],[-127.37342222,53.41440547],[-127.37359109,53.41449377],[-127.37388058,53.41451763],[-127.37422979,53.41452333],[-127.37464029,53.41454789],[-127.37481395,53.41467928],[-127.37490869,53.4147893],[-127.37492379,53.41487831],[-127.37521427,53.41502038],[-127.37549553,53.41513502],[-127.37571389,53.41524184],[-127.37589867,53.41535898],[-127.37621114,53.41545334],[-127.37595556,53.41582755],[-127.37540906,53.41645028],[-127.37495962,53.41709046],[-127.3746807,53.41769184],[-127.37441896,53.41803009],[-127.37424509,53.41824229],[-127.37416,53.41832917],[-127.3741202,53.4184545],[-127.3741203,53.41861828],[-127.37416116,53.4187867],[-127.37424111,53.41895938],[-127.37429515,53.419131],[-127.37427594,53.41927876],[-127.37423413,53.41941798],[-127.37414403,53.4195337],[-127.37404927,53.41964906],[-127.37396992,53.41976477],[-127.37387526,53.41987159],[-127.37377052,53.4199898],[-127.37365544,53.42012011],[-127.37362326,53.42016462],[-127.3735357,53.42036116],[-127.37348689,53.42059438],[-127.3735579,53.42126269],[-127.37389032,53.42189041],[-127.37448343,53.42247789],[-127.37442828,53.42313338],[-127.37435694,53.42381558],[-127.37417658,53.42443226],[-127.37374489,53.42495708],[-127.37306274,53.42538933],[-127.37365595,53.42592875],[-127.37411933,53.42650022],[-127.37443223,53.42709803],[-127.37487491,53.42768231],[-127.37544709,53.42825057],[-127.37616826,53.42881171],[-127.37675163,53.42930092],[-127.37721404,53.42980581],[-127.37718067,53.42989517],[-127.37711798,53.42996638],[-127.37702166,53.43011771],[-127.37695578,53.43026084],[-127.37687625,53.43038546],[-127.37679556,53.43052824],[-127.37671509,53.43066211],[-127.37666415,53.43080524],[-127.37658325,53.43095692],[-127.37647234,53.43109899],[-127.37636108,53.43125031],[-127.37626602,53.43137493],[-127.37618614,53.4315088],[-127.37610408,53.43167864],[-127.37604315,53.43183958],[-127.37595687,53.43199125],[-127.37587955,53.43203505],[-127.37570478,53.4321586],[-127.3755879,53.43228571],[-127.37550484,53.43239858],[-127.37547268,53.43244308],[-127.37536224,53.43258551],[-127.3752673,53.43270977],[-127.37516746,53.43281943],[-127.37509456,53.43288744],[-127.37489859,53.43298856],[-127.37472663,53.43315412],[-127.37462658,53.43336562],[-127.37458621,53.43359064],[-127.37458763,53.43395025],[-127.3746366,53.43424756],[-127.37486812,53.43434654],[-127.37509486,53.43446048],[-127.37532965,53.43461678],[-127.37544152,53.43471114],[-127.37556394,53.43479944],[-127.37571021,53.43490946],[-127.37587186,53.43500168],[-127.37591638,53.43502909],[-127.37604302,53.4351206],[-127.37616591,53.4351943],[-127.37632893,53.43525946],[-127.37652231,53.43532497],[-127.37670476,53.43540259],[-127.3768478,53.43547345],[-127.37701061,53.43554751],[-127.37718858,53.43561266],[-127.37735681,53.43567497],[-127.3775452,53.43573443],[-127.3777388,53.43579105],[-127.37795916,53.435853],[-127.3781765,53.43590178],[-127.37844045,53.43595056],[-127.37875431,53.4360118],[-127.3789707,53.43616454],[-127.37928792,53.43635432],[-127.38000786,53.43669399],[-127.38105863,53.43717573],[-127.38216314,53.43760122],[-127.38326361,53.43790671],[-127.38436606,53.43809542],[-127.38547319,53.43839913],[-127.38658198,53.43881464],[-127.38771151,53.43879684],[-127.38845567,53.43880681],[-127.38903965,53.43880182],[-127.38955544,53.43879363],[-127.39021455,53.43878082],[-127.39106803,53.43882425],[-127.39220674,53.43884241],[-127.39336949,53.43887019],[-127.39447814,53.438977],[-127.39557809,53.43921947],[-127.39666996,53.4395976],[-127.39727362,53.43995045],[-127.39775799,53.44027766],[-127.39780337,53.440539],[-127.39779189,53.4407124],[-127.39783559,53.44083702],[-127.39794534,53.44095416],[-127.39812028,53.44106454],[-127.39862495,53.44088936],[-127.39909078,53.44082562],[-127.39951717,53.44087334],[-127.40008023,53.44112471],[-127.40074811,53.44151031],[-127.40107225,53.4418361],[-127.40126192,53.44204368],[-127.40131735,53.44213234],[-127.4014779,53.44226123],[-127.40162907,53.44242288],[-127.40177074,53.44261764],[-127.40176864,53.44284658],[-127.40174444,53.44304882],[-127.40169789,53.44322506],[-127.401707,53.44337781],[-127.401727,53.44351524],[-127.40190258,53.44369719],[-127.4022335,53.44392435],[-127.40313798,53.44429393],[-127.40413536,53.44460298],[-127.40524901,53.44488462],[-127.40635211,53.44519403],[-127.40743714,53.44556717],[-127.40792014,53.44580217],[-127.40825734,53.44605532],[-127.40838208,53.44637577],[-127.40840659,53.44676066],[-127.40835909,53.4472246],[-127.40824356,53.4476216],[-127.40822525,53.44784591],[-127.40826296,53.44804743],[-127.40832094,53.44824576],[-127.40835598,53.44842805],[-127.40842337,53.44859184],[-127.40848081,53.44867337],[-127.40855099,53.44880939],[-127.40863591,53.4489543],[-127.40870643,53.44908106],[-127.40876119,53.44921671],[-127.40878633,53.44935165],[-127.40879517,53.44951366],[-127.40880482,53.44966676],[-127.40879752,53.44985547],[-127.40877673,53.45001676],[-127.409572,53.45009153],[-127.41042509,53.4502368],[-127.40988108,53.4507367],[-127.40921438,53.45120028],[-127.40887136,53.45138151],[-127.40867637,53.45153675],[-127.40851836,53.45168558],[-127.40834026,53.45189209],[-127.40815673,53.4522371],[-127.40796764,53.45272098],[-127.4082873,53.45330348],[-127.40860628,53.45390129],[-127.40892483,53.4545137],[-127.40827535,53.45452403],[-127.40770192,53.45472413],[-127.40708061,53.45508944],[-127.40632746,53.45550388],[-127.40596929,53.455814],[-127.4061145,53.45626619],[-127.40621968,53.45677],[-127.4061505,53.4574166],[-127.40609487,53.45809879],[-127.4060871,53.4584374],[-127.40614827,53.45868379],[-127.40623346,53.4588198],[-127.40639757,53.45894086],[-127.4067015,53.45901385],[-127.40714407,53.45903877],[-127.40712791,53.45959599],[-127.40727475,53.45987371],[-127.40751899,53.46010159],[-127.4079705,53.46029848],[-127.40840787,53.46063495],[-127.40898068,53.46103907],[-127.40957764,53.46149268],[-127.41044584,53.46186867],[-127.41130084,53.46223648],[-127.41214252,53.46259645],[-127.41272654,53.4630497],[-127.41317688,53.46353892],[-127.41336406,53.46413673],[-127.41342186,53.46477691],[-127.41381316,53.4652825],[-127.41423884,53.46567381],[-127.41454472,53.46594868],[-127.41463184,53.46613133],[-127.41451584,53.46628657],[-127.41440178,53.46638128],[-127.41440749,53.46662091],[-127.4143763,53.46706383],[-127.41432013,53.46775529],[-127.41424712,53.46850051],[-127.41419368,53.46912929],[-127.41375988,53.46972283],[-127.41332775,53.47016968],[-127.41303971,53.47053819],[-127.4128949,53.47082909],[-127.41291962,53.47096724],[-127.41294457,53.47111144],[-127.41298426,53.47125955],[-127.41303883,53.47140625],[-127.41312414,53.47154226],[-127.41319462,53.47167792],[-127.41324864,53.47184953],[-127.41333567,53.47203254],[-127.41347807,53.47228819],[-127.41380124,53.47256021],[-127.41429789,53.47275035],[-127.4149756,53.47280732],[-127.4150541,53.47339872],[-127.41539631,53.47391855],[-127.4160027,53.47436718],[-127.41710525,53.47469653],[-127.41807651,53.4750451],[-127.41892163,53.4754186],[-127.41962627,53.47592562],[-127.4203384,53.4764921],[-127.42066412,53.4770568],[-127.42111749,53.47756239],[-127.42170322,53.47801743],[-127.42243798,53.47839876],[-127.42343406,53.4788424],[-127.42413405,53.47934622],[-127.42453687,53.47990985],[-127.42521516,53.47998569],[-127.42585767,53.48013487],[-127.42646428,53.48035776],[-127.42673103,53.48055893],[-127.42725841,53.48070384],[-127.42804535,53.48079215],[-127.42838459,53.48140171],[-127.42884618,53.48197032],[-127.42930609,53.48252363],[-127.42990424,53.482963],[-127.43038517,53.48336712],[-127.43100013,53.4836808],[-127.43147026,53.48409346],[-127.43192504,53.48457093],[-127.43211628,53.48518654],[-127.43218459,53.48584488],[-127.43214452,53.48651853],[-127.43221774,53.48716655],[-127.43254265,53.48775831],[-127.43311891,53.4882931],[-127.43423165,53.48877519],[-127.43539325,53.48915902],[-127.43644549,53.4896582],[-127.43754454,53.49009508],[-127.43700131,53.49061456],[-127.43633189,53.49109523],[-127.43746246,53.49128287],[-127.43859574,53.49134554],[-127.43973171,53.49128323],[-127.44077163,53.49170159],[-127.44197828,53.49210393],[-127.44258655,53.49227448],[-127.44306283,53.49253155],[-127.44416758,53.49241084],[-127.44528472,53.49236278],[-127.44643142,53.49233251],[-127.44759536,53.49224884],[-127.44828349,53.49193694],[-127.44887467,53.49161827],[-127.4493502,53.49135372],[-127.44991194,53.49114615],[-127.45023358,53.49099767],[-127.45123377,53.49045327],[-127.4523054,53.49012641],[-127.45340946,53.48989996],[-127.4545731,53.48981024],[-127.45570694,53.48967814],[-127.45684553,53.48950083],[-127.45689978,53.48883644],[-127.45804642,53.48866838],[-127.45917605,53.48859503],[-127.46029498,53.48859539],[-127.46142571,53.48858613],[-127.46254573,53.48860358],[-127.46369424,53.48850744],[-127.46484359,53.48841736],[-127.46599197,53.48833333],[-127.46636549,53.48800541],[-127.46731464,53.48768603],[-127.46830127,53.48740083],[-127.46945949,53.48720002],[-127.47062669,53.48687316],[-127.471696,53.48731858],[-127.47282487,53.48777326],[-127.47391782,53.48756248],[-127.4745895,53.48718186],[-127.47513818,53.48673323],[-127.47613659,53.48663496],[-127.47701217,53.48660434],[-127.47767481,53.48632805],[-127.47856831,53.48607561],[-127.47960719,53.48577617],[-127.48051481,53.48545038],[-127.48130106,53.48510073],[-127.48220124,53.48478741],[-127.48320617,53.48450755],[-127.48364205,53.48397383],[-127.48419782,53.48347144],[-127.4847355,53.48298792],[-127.48527408,53.48258594],[-127.48569411,53.48212698],[-127.4862443,53.48172429],[-127.48690686,53.48131519],[-127.48802152,53.48103782],[-127.48916982,53.48082561],[-127.48932209,53.48064153],[-127.48942255,53.48048701],[-127.48970455,53.48019896],[-127.48988926,53.47993548],[-127.48998544,53.47967699],[-127.49010847,53.47933803],[-127.49016962,53.4789275],[-127.49015233,53.47856254],[-127.49010958,53.47826916],[-127.49010314,53.47815949],[-127.49005022,53.47805268],[-127.49001072,53.4779334],[-127.48997071,53.47779703],[-127.49002172,53.47762684],[-127.49010139,53.47750721],[-127.49022472,53.47737084],[-127.49039276,53.47721809],[-127.49051524,53.47693788],[-127.49059255,53.47669042],[-127.49058818,53.47651952],[-127.49073986,53.47650349],[-127.49089016,53.47646611],[-127.49104411,53.47642018],[-127.49124148,53.47637496],[-127.49146912,53.47632369],[-127.49162111,53.47623788],[-127.49181416,53.47609047],[-127.49204769,53.47588147],[-127.49256751,53.47548162],[-127.49320998,53.47510528],[-127.49410032,53.47478376],[-127.49415806,53.47401148],[-127.49419472,53.4734094],[-127.49424801,53.47275391],[-127.49430005,53.47212547],[-127.49440279,53.47144541],[-127.4946235,53.47089104],[-127.49496182,53.47046164],[-127.49469424,53.46993468],[-127.49448766,53.46938601],[-127.4951531,53.46893667],[-127.49569629,53.46843927],[-127.4962314,53.46797462],[-127.49700799,53.46761287],[-127.49802439,53.46735366],[-127.49922126,53.4671621],[-127.50033059,53.4668972],[-127.50152887,53.46666968],[-127.50262227,53.46642258],[-127.5049018,53.46618866],[-127.50716562,53.46621394],[-127.50941376,53.46649842],[-127.50950479,53.46518708],[-127.50961358,53.46380417],[-127.51045194,53.46252915],[-127.51141736,53.46128867],[-127.51225697,53.4601614],[-127.51297016,53.45914737],[-127.51341569,53.45846695],[-127.51367978,53.45803755],[-127.51394127,53.45764233],[-127.51394031,53.45728557],[-127.51408741,53.45696477],[-127.51411271,53.45661655],[-127.51441333,53.45620887],[-127.51458798,53.45565449],[-127.51477168,53.4549958],[-127.51482559,53.45432215],[-127.51473852,53.45365989],[-127.51464335,53.45307418],[-127.51440453,53.45257286],[-127.51416414,53.45212637],[-127.51379061,53.45161223],[-127.51430143,53.4514958],[-127.51477837,53.45135196],[-127.51510933,53.45121844],[-127.51537617,53.45105679],[-127.51559141,53.45108029],[-127.51584144,53.45109845],[-127.51608245,53.45110165],[-127.51631981,53.4510664],[-127.51658401,53.45102296],[-127.5168751,53.45097953],[-127.51724236,53.4509959],[-127.51753132,53.4510105],[-127.517742,53.45102332],[-127.51789348,53.45098914],[-127.51810539,53.45096493],[-127.51836522,53.45098914],[-127.51856583,53.45100338],[-127.51875498,53.4509927],[-127.51893387,53.45095709],[-127.51911734,53.45087841],[-127.51970459,53.45131635],[-127.52017903,53.45182266],[-127.52041962,53.4524518],[-127.52048338,53.4531696],[-127.52044689,53.45378949],[-127.52038952,53.45456213],[-127.52033128,53.45537926],[-127.5202833,53.45588201],[-127.52024944,53.45643923],[-127.52019633,53.45708582],[-127.52003781,53.45784386],[-127.51987738,53.45865601],[-127.5198323,53.45952727],[-127.52002073,53.46040957],[-127.5210183,53.46035225],[-127.52190385,53.46025006],[-127.522677,53.46011583],[-127.52360835,53.46009838],[-127.52467753,53.4601995],[-127.52588516,53.46041919],[-127.52668668,53.46066593],[-127.52733033,53.46096145],[-127.52794251,53.46127656],[-127.52855072,53.46153897],[-127.52928385,53.46173765],[-127.52964185,53.46212859],[-127.52999632,53.46261532],[-127.53021282,53.46323449],[-127.53029395,53.46388963],[-127.53025866,53.46447355],[-127.53035098,53.46496099],[-127.53069193,53.4653968],[-127.53140783,53.46576211],[-127.53237243,53.46609074],[-127.53184446,53.46658352],[-127.53119515,53.46702894],[-127.5312863,53.46758047],[-127.53150616,53.46804583],[-127.53198445,53.46840508],[-127.53259295,53.46881205],[-127.53344669,53.4692443],[-127.53441621,53.4697296],[-127.53551673,53.4701476],[-127.53661553,53.47061937],[-127.53707737,53.47116342],[-127.53779293,53.47167863],[-127.53863582,53.47218743],[-127.53948164,53.47271332],[-127.54021236,53.47317761],[-127.54107613,53.47350981],[-127.54207426,53.47370955],[-127.54319685,53.47377435],[-127.54377173,53.4744505],[-127.54422071,53.47511738],[-127.54530924,53.47544531],[-127.54644574,53.47571057],[-127.54640443,53.4764832],[-127.54635299,53.47709383],[-127.54681548,53.47762684],[-127.54740313,53.47812246],[-127.54816708,53.4785394],[-127.54876081,53.47900619],[-127.54921866,53.47951712],[-127.54953597,53.48009037],[-127.54964288,53.48058884],[-127.55000893,53.48095379],[-127.55076259,53.48114179],[-127.55176104,53.48127388],[-127.55280594,53.48132053],[-127.55385107,53.48127531],[-127.5538457,53.4814188],[-127.55384064,53.48157154],[-127.55386049,53.48173675],[-127.55388043,53.48188985],[-127.55394513,53.48204331],[-127.55404082,53.4821836],[-127.55414713,53.48231249],[-127.5543048,53.48246025],[-127.55451313,53.48268456],[-127.5547109,53.48300964],[-127.55475969,53.48340058],[-127.55467426,53.48380221],[-127.5545982,53.48401691],[-127.55457983,53.48420562],[-127.55477384,53.48485221],[-127.55485238,53.48551233],[-127.55492299,53.48614254],[-127.55523659,53.48666452],[-127.55579355,53.48707896],[-127.55621778,53.48732072],[-127.5565967,53.48769386],[-127.55693151,53.48819839],[-127.55740914,53.48867479],[-127.55801634,53.48910134],[-127.55836009,53.48961797],[-127.55883056,53.49012321],[-127.5593056,53.49062916],[-127.55991329,53.49107992],[-127.56052214,53.49151395],[-127.56123842,53.4918643],[-127.56183694,53.49234284],[-127.56217991,53.49290433],[-127.56226686,53.49354843],[-127.56234959,53.49418078],[-127.56243476,53.49473017],[-127.56264838,53.49514319],[-127.56274692,53.49551099],[-127.56309816,53.49581079],[-127.56357775,53.49609634],[-127.56432987,53.49628825],[-127.56456183,53.4966614],[-127.56441474,53.49696226],[-127.56413958,53.49721399],[-127.56399049,53.49745789],[-127.56422064,53.49774309],[-127.56436974,53.49809843],[-127.56427211,53.49845412],[-127.56534791,53.49908006],[-127.56615121,53.49970992],[-127.56652794,53.50030203],[-127.56663452,53.50082863],[-127.56658274,53.50146632],[-127.56655441,53.50186154],[-127.56717379,53.50227029],[-127.56760378,53.50247644],[-127.56902024,53.50296068],[-127.57023102,53.50326296],[-127.57012459,53.50463697],[-127.57070638,53.50526433],[-127.57122798,53.50589953],[-127.57159271,53.50657211],[-127.57184567,53.50726464],[-127.5717916,53.50797389],[-127.57173817,53.5086746],[-127.57138918,53.50874225],[-127.57008394,53.50843213],[-127.56899282,53.50824307],[-127.56756993,53.50840685],[-127.56598982,53.50876148],[-127.56356807,53.50946646],[-127.56208632,53.51046448],[-127.55969682,53.51126595],[-127.55742841,53.51204143],[-127.55528144,53.51279164],[-127.55471942,53.51306046],[-127.55444682,53.51328121],[-127.55423188,53.51349804],[-127.55414959,53.51370384],[-127.55406521,53.5139545],[-127.55404552,53.51409835],[-127.55406781,53.51432337],[-127.55419676,53.51452276],[-127.55430749,53.51467373],[-127.55444222,53.51484321],[-127.55460168,53.51503085],[-127.55475972,53.51526656],[-127.5548446,53.51543817],[-127.55497076,53.51571839],[-127.55501859,53.51592881],[-127.5550323,53.51612393],[-127.55504242,53.51627668],[-127.555069,53.51637602],[-127.55512586,53.51648461],[-127.55518064,53.51663807],[-127.5552808,53.51679189],[-127.55539319,53.51704504],[-127.5554449,53.51728858],[-127.55548442,53.51745984],[-127.55554023,53.51759514],[-127.5555689,53.51764962],[-127.55565425,53.51779453],[-127.55570502,53.51792378],[-127.55577759,53.51801671],[-127.55589218,53.5181399],[-127.55604925,53.51829371],[-127.55625282,53.51851767],[-127.5563762,53.51873807],[-127.55646259,53.51886482],[-127.55651975,53.51895562],[-127.55659062,53.51909412],[-127.55664583,53.51924473],[-127.55668683,53.51937113],[-127.55671428,53.51943415],[-127.55679998,53.51958832],[-127.55683689,53.5196873],[-127.55684833,53.51974142],[-127.55685332,53.51978664],[-127.5568507,53.51987209],[-127.55684775,53.51994829],[-127.55682691,53.52012774],[-127.55681753,53.5202018],[-127.55681635,53.52028654],[-127.55683415,53.52036167],[-127.55686159,53.52044],[-127.55687516,53.52048806],[-127.55688707,53.52057815],[-127.55688603,53.52060485],[-127.55688297,53.52069493],[-127.55696903,53.52082774],[-127.55705622,53.52092174],[-127.55713579,53.52099152],[-127.55719268,53.5210492],[-127.55721609,53.52110332],[-127.55736952,53.52132692],[-127.55747765,53.52153806],[-127.55751559,53.52170541],[-127.55752806,53.52184142],[-127.55750422,53.52194289],[-127.55741921,53.52222952],[-127.55737198,53.52238369],[-127.55729776,53.52253964],[-127.55719142,53.52285617],[-127.55708006,53.52333114],[-127.55701918,53.52423836],[-127.55696604,53.52490311],[-127.55693388,53.52541512],[-127.55688539,53.52594457],[-127.5569639,53.52675067],[-127.55717823,53.52754538],[-127.55753736,53.52822686],[-127.55774219,53.52880758],[-127.5577842,53.52938973],[-127.55759987,53.52979171],[-127.55779084,53.52993805],[-127.55796842,53.53003917],[-127.55810073,53.53013958],[-127.55824745,53.53026704],[-127.55840917,53.53038596],[-127.55857088,53.53050489],[-127.55867842,53.53061099],[-127.55877497,53.53072279],[-127.55881879,53.53076836],[-127.55889216,53.5308321],[-127.55914607,53.53105819],[-127.55948031,53.53127396],[-127.5598789,53.53153316],[-127.56026081,53.53184649],[-127.56046003,53.5317589],[-127.56067512,53.53164496],[-127.56093589,53.53152213],[-127.56103561,53.53148225],[-127.56115248,53.53145661],[-127.56128529,53.53144522],[-127.56158728,53.53143988],[-127.56184299,53.53145198],[-127.56214472,53.5314559],[-127.56234064,53.5314762],[-127.56261118,53.5314972],[-127.56274713,53.53149898],[-127.56298799,53.53151073],[-127.56327427,53.53151429],[-127.56347033,53.53152569],[-127.56371134,53.53152854],[-127.56396806,53.53152248],[-127.56421096,53.53148937],[-127.56451324,53.53146623],[-127.56497943,53.53151679],[-127.56526413,53.53157411],[-127.56554972,53.53161363],[-127.5658905,53.53179735],[-127.56628552,53.5318561],[-127.56659612,53.53190453],[-127.56682086,53.53194334],[-127.56694103,53.53195081],[-127.56712198,53.5319558],[-127.56751439,53.53196078],[-127.56765815,53.53201348],[-127.56784176,53.53209929],[-127.56789766,53.53222284],[-127.56802167,53.53242508],[-127.56820325,53.53266114],[-127.56837442,53.53285198],[-127.56850547,53.53298835],[-127.56854932,53.53303393],[-127.568608,53.5330884],[-127.56876805,53.53326999],[-127.56891397,53.53340671],[-127.56913115,53.53368799],[-127.56936256,53.53382863],[-127.56955908,53.53396287],[-127.56973543,53.53409995],[-127.56991022,53.53424486],[-127.57004536,53.5344649],[-127.57020021,53.53474974],[-127.57040565,53.53510864],[-127.57088181,53.53540488],[-127.5714049,53.5356121],[-127.57135146,53.53571108],[-127.57133706,53.5358268],[-127.57151936,53.53599806],[-127.57172675,53.53620528],[-127.5720155,53.53645025],[-127.57217018,53.53674079],[-127.57233227,53.53705625],[-127.57244655,53.53739521],[-127.57258956,53.53767471],[-127.57276925,53.53786876],[-127.5729505,53.53801759],[-127.57311453,53.53816428],[-127.57337053,53.53833732],[-127.57387855,53.53849399],[-127.57463833,53.53863498],[-127.5744953,53.53900207],[-127.57444533,53.53928015],[-127.5744896,53.53946922],[-127.57457377,53.53965899],[-127.57520312,53.53962766],[-127.57550801,53.53964831],[-127.57573468,53.53968178],[-127.57618347,53.53980426],[-127.57647117,53.5399214],[-127.57671925,53.54003534],[-127.57700277,53.54012862],[-127.57711621,53.54019271],[-127.57720929,53.5402568],[-127.57712887,53.54045975],[-127.57718947,53.54070294],[-127.57752265,53.54101947],[-127.57791293,53.54133208],[-127.57820496,53.54141825],[-127.57853083,53.54151723],[-127.57901088,53.54154073],[-127.57958012,53.5416803],[-127.58044159,53.54179139],[-127.58146631,53.54212821],[-127.5826351,53.54243371],[-127.58380526,53.54283925],[-127.58488092,53.54307745],[-127.58573991,53.54340359],[-127.58638955,53.54374576],[-127.58664549,53.54390741],[-127.58688336,53.54407618],[-127.5871049,53.54421468],[-127.58731071,53.54432292],[-127.58759198,53.54449098],[-127.58795737,53.54469927],[-127.58819693,53.54475588],[-127.58838683,53.54419189],[-127.58850602,53.543645],[-127.58864685,53.54327684],[-127.58901488,53.54295782],[-127.58960928,53.54268686],[-127.58994331,53.54262811],[-127.59026089,53.54259571],[-127.59054471,53.54254515],[-127.59085422,53.54245899],[-127.59111707,53.54243228],[-127.59139862,53.54242053],[-127.59167072,53.54242374],[-127.59177621,53.54242196],[-127.59186684,53.54241982],[-127.59194955,53.54241804],[-127.59224382,53.54242124],[-127.59236476,53.54241982],[-127.5924857,53.5424184],[-127.59260616,53.54241662],[-127.59279228,53.54236784],[-127.59314009,53.54230909],[-127.59364851,53.54224001],[-127.59424695,53.5422012],[-127.59463605,53.54219373],[-127.59481628,53.54221794],[-127.59560359,53.54235609],[-127.59616726,53.54239062],[-127.59650043,53.54230873],[-127.59667488,53.54214993],[-127.59821075,53.54180848],[-127.59858915,53.54166606],[-127.59891427,53.54152008],[-127.59959289,53.54168956],[-127.60014514,53.54186402],[-127.60047344,53.54198864],[-127.60073841,53.54208549],[-127.60094745,53.54214708],[-127.60115614,53.54217557],[-127.60126182,53.54217664],[-127.60151847,53.54217949],[-127.60177499,53.54218269],[-127.60203164,53.54218554],[-127.60234408,53.54215919],[-127.60263741,53.54212074],[-127.60282886,53.54210792],[-127.60302971,53.54210756],[-127.6032572,53.54213712],[-127.6035391,53.54222328],[-127.60387662,53.54236606],[-127.60417257,53.54254017],[-127.60431417,53.54262491],[-127.60445966,53.54268152],[-127.60474563,53.54271178],[-127.60501576,53.54275985],[-127.60527091,53.54280792],[-127.60560031,53.5428834],[-127.60583551,53.54297633],[-127.60605166,53.54307745],[-127.60620376,53.54319032],[-127.60631078,53.54330532],[-127.6062897,53.54348477],[-127.60624332,53.54367313],[-127.60619695,53.54386148],[-127.60604441,53.54406549],[-127.60567107,53.54429764],[-127.60507727,53.54455863],[-127.60383824,53.54505639],[-127.60365503,53.54527607],[-127.60361613,53.5454363],[-127.60362451,53.54559332],[-127.6036637,53.54577348],[-127.60371874,53.54593584],[-127.60380409,53.54609891],[-127.60394847,53.5463072],[-127.6040187,53.54646386],[-127.60409663,53.54663441],[-127.60411206,53.54683451],[-127.60397757,53.54709977],[-127.60366933,53.5474366],[-127.60326667,53.54775562],[-127.6034716,53.54794682],[-127.60452939,53.54770933],[-127.6055108,53.54744016],[-127.60596442,53.54751529],[-127.6064527,53.54756513],[-127.60704762,53.54753309],[-127.60741117,53.54748929],[-127.60765325,53.54747398],[-127.60797008,53.5474779],[-127.6082292,53.54770257],[-127.60842817,53.54791762],[-127.6085676,53.54812307],[-127.60872837,53.54828649],[-127.60894929,53.54845099],[-127.60914472,53.54863009],[-127.60927952,53.5488163],[-127.60936845,53.54901711],[-127.60938629,53.54923609],[-127.60935356,53.54946254],[-127.60937578,53.5496605],[-127.60942599,53.54987093],[-127.60958841,53.55013049],[-127.6098915,53.55010699],[-127.61009259,53.55010948],[-127.61028349,53.55012052],[-127.61038821,53.55013975],[-127.61067352,53.55017891],[-127.61095967,53.55020028],[-127.6112112,53.55035623],[-127.61136771,53.5504926],[-127.61144584,53.55062861],[-127.61143168,53.55075607],[-127.61137495,53.55088532],[-127.61130684,53.55098039],[-127.61128023,53.55102205],[-127.61123087,53.55114738],[-127.61121057,53.55129407],[-127.61120617,53.55143471],[-127.61126532,53.55163339],[-127.61133002,53.55179575],[-127.61134425,53.55183206],[-127.61177386,53.55207667],[-127.61251755,53.55241172],[-127.61250012,53.55248364],[-127.6124666,53.55259117],[-127.6124003,53.55276991],[-127.61231566,53.55290699],[-127.61224156,53.55300205],[-127.61208625,53.55314412],[-127.61193008,53.55330398],[-127.61169755,53.5534902],[-127.61188978,53.55391782],[-127.61221222,53.55436217],[-127.61259859,53.55485495],[-127.61267224,53.55502265],[-127.6128039,53.55514798],[-127.61312334,53.55528648],[-127.61366151,53.55544564],[-127.61460004,53.5559758],[-127.6153281,53.5565405],[-127.61571223,53.55705535],[-127.61584999,53.55746944],[-127.61578869,53.55760154],[-127.61568907,53.55772331],[-127.61556918,53.55784472],[-127.61551267,53.55802987],[-127.61552708,53.55825382],[-127.615583,53.55870993],[-127.61562688,53.55936969],[-127.61622847,53.56005794],[-127.6166983,53.56076649],[-127.6170969,53.5613465],[-127.61749594,53.5619322],[-127.61789454,53.56252432],[-127.61872626,53.56170397],[-127.61955281,53.56104207],[-127.62037455,53.56053932],[-127.62124328,53.56044141],[-127.62180199,53.56028902],[-127.62236572,53.5601377],[-127.62281425,53.55985321],[-127.62367786,53.55965347],[-127.62450048,53.55927641],[-127.6254203,53.55890932],[-127.62604545,53.55849701],[-127.62656701,53.55815627],[-127.62672239,53.5580053],[-127.62682597,53.55791664],[-127.62693949,53.55783724],[-127.62723382,53.55759762],[-127.62736405,53.55747051],[-127.62755064,53.55729889],[-127.62779417,53.55708277],[-127.62790218,53.55701227],[-127.62818127,53.55679045],[-127.62839923,53.55657717],[-127.6284925,53.55649742],[-127.62868377,53.55577855],[-127.62901038,53.55511309],[-127.62947414,53.55446507],[-127.62993897,53.55378145],[-127.63085956,53.55362408],[-127.6312094,53.55349625],[-127.63141638,53.55337591],[-127.6314635,53.55331324],[-127.63153785,53.55318827],[-127.63159242,53.55306329],[-127.63160128,53.55294046],[-127.63164449,53.55280516],[-127.63175717,53.55269051],[-127.6320632,53.55256624],[-127.63245408,53.55234692],[-127.63289466,53.55199941],[-127.6330801,53.5518755],[-127.63329684,53.55169819],[-127.6334992,53.55152087],[-127.63367148,53.55132505],[-127.6338608,53.55107545],[-127.63395479,53.55095084],[-127.63400264,53.55087927],[-127.63408116,53.55079026],[-127.63414886,53.55071335],[-127.63422143,53.55064819],[-127.63427889,53.55059193],[-127.63434606,53.55052678],[-127.63442415,53.55045272],[-127.63451669,53.55038186],[-127.63462506,53.55029321],[-127.6348256,53.5501604],[-127.63499485,53.55007245],[-127.63510213,53.55001086],[-127.6352872,53.54990511],[-127.63553316,53.54976411],[-127.63576534,53.54958715],[-127.63545557,53.54898827],[-127.63528603,53.54832103],[-127.63525612,53.54758543],[-127.63529638,53.54679499],[-127.63533751,53.5459953],[-127.63537648,53.54524972],[-127.6346111,53.54448599],[-127.63423497,53.54403416],[-127.63400425,53.54374362],[-127.63401974,53.54353533],[-127.63413957,53.54333879],[-127.63424362,53.54308813],[-127.63430692,53.54283747],[-127.63470566,53.54249139],[-127.63491584,53.54204739],[-127.63502101,53.54144317],[-127.63529268,53.54102374],[-127.63573322,53.54071397],[-127.63573541,53.54065131],[-127.63577344,53.54041809],[-127.63585627,53.54018524],[-127.63604426,53.54001647],[-127.6363355,53.53982491],[-127.63672987,53.53961092],[-127.63710689,53.53935243],[-127.6374158,53.53908824],[-127.63779943,53.53898178],[-127.63817878,53.5388123],[-127.63844498,53.53856057],[-127.63864794,53.53834907],[-127.63884216,53.5381625],[-127.63907962,53.53802863],[-127.63934177,53.53785167],[-127.63960281,53.53770177],[-127.63991675,53.53759068],[-127.64029892,53.53748494],[-127.64095562,53.53740269],[-127.64225972,53.53720152],[-127.64354087,53.53725208],[-127.64479244,53.53728448],[-127.64528706,53.53671764],[-127.64556138,53.53625976],[-127.64558743,53.53617858],[-127.64560086,53.53614369],[-127.64568296,53.536065],[-127.64582626,53.53595355],[-127.64621573,53.5357004],[-127.64636135,53.53556012],[-127.64643024,53.53538921],[-127.64646174,53.53518484],[-127.64651991,53.53494877],[-127.64665485,53.53470737],[-127.64661923,53.53451332],[-127.64654751,53.53423596],[-127.64643983,53.53387492],[-127.64635606,53.53320305],[-127.64759881,53.53301933],[-127.64832559,53.53262589],[-127.64881309,53.5324297],[-127.64926739,53.53227696],[-127.64962182,53.5321972],[-127.6499631,53.53207294],[-127.65033263,53.53194156],[-127.65082656,53.53185005],[-127.65157089,53.53185254],[-127.65250629,53.53195081],[-127.65255208,53.53098947],[-127.65261019,53.53010931],[-127.65265115,53.52929181],[-127.65394292,53.52900377],[-127.65505436,53.52879441],[-127.65589929,53.5284704],[-127.65647784,53.52803139],[-127.65773689,53.52781776],[-127.6589743,53.52766074],[-127.66018934,53.52756069],[-127.66114833,53.52761018],[-127.66197563,53.52768851],[-127.66287233,53.52774655],[-127.66384591,53.52785016],[-127.6650609,53.52791781],[-127.66631598,53.52799756],[-127.66727845,53.52761303],[-127.66762934,53.5274731],[-127.66830555,53.5278409],[-127.6687575,53.52816669],[-127.66898722,53.52844975],[-127.6691345,53.52855942],[-127.66928046,53.52871394],[-127.66942678,53.52885031],[-127.66967839,53.5290059],[-127.66991611,53.52913444],[-127.67013741,53.52928078],[-127.67035969,53.52940896],[-127.67061215,53.52954675],[-127.67081384,53.52975255],[-127.67097261,53.53012889],[-127.67108965,53.53067579],[-127.67117432,53.53128784],[-127.67156797,53.53189171],[-127.67227028,53.53248667],[-127.67330208,53.53278896],[-127.67393583,53.53288153],[-127.67443186,53.53294313],[-127.67478981,53.53297304],[-127.67487388,53.53318988],[-127.67546259,53.5332383],[-127.6762906,53.53312151],[-127.677359,53.53283988],[-127.67816417,53.53250412],[-127.67888551,53.53228123],[-127.67901441,53.53249842],[-127.67907059,53.53263408],[-127.67912486,53.53282314],[-127.67916595,53.5329677],[-127.67925101,53.53313042],[-127.67933703,53.53327497],[-127.6794827,53.53344766],[-127.67962982,53.53357512],[-127.67860047,53.53405686],[-127.67780464,53.53458168],[-127.67737461,53.53514318],[-127.67728141,53.53561174],[-127.67739311,53.53598097],[-127.67759347,53.53615152],[-127.677728,53.53628931],[-127.67779611,53.53639435],[-127.677766,53.53651469],[-127.67774287,53.53658768],[-127.67773783,53.53661581],[-127.67766532,53.53668951],[-127.67750731,53.53684155],[-127.67726307,53.53707227],[-127.67692791,53.53748244],[-127.67723298,53.53753692],[-127.67766722,53.53763661],[-127.67808124,53.53775304],[-127.67840866,53.5378944],[-127.67875872,53.53780823],[-127.6790479,53.53870157],[-127.6790512,53.5392919],[-127.67898278,53.5398064],[-127.67897661,53.54000401],[-127.67892681,53.5401653],[-127.67881378,53.5403978],[-127.67870312,53.54055838],[-127.67847378,53.54064882],[-127.67819924,53.54074175],[-127.67796978,53.54084108],[-127.67775527,53.54095253],[-127.67754036,53.54106682],[-127.67729584,53.54116296],[-127.6770808,53.5412776],[-127.67685044,53.54141896],[-127.67660462,53.54155995],[-127.67635874,53.54164113],[-127.67606597,53.54171591],[-127.6754948,53.54186545],[-127.67496575,53.54193737],[-127.67445067,53.54184764],[-127.67395601,53.54168066],[-127.67343155,53.54155782],[-127.67301756,53.54160909],[-127.67270402,53.5417775],[-127.67259573,53.54186616],[-127.67254532,53.54202745],[-127.67250823,53.54225176],[-127.6724879,53.54240415],[-127.67246769,53.54257506],[-127.67244439,53.54283533],[-127.67242453,53.54298808],[-127.67239094,53.5431013],[-127.67241682,53.54322948],[-127.67252053,53.54345558],[-127.67270158,53.54377923],[-127.67289381,53.5443863],[-127.67346206,53.54455542],[-127.6738989,53.54474912],[-127.67420371,53.54496738],[-127.67444994,53.54483207],[-127.67471213,53.54464942],[-127.67504523,53.54461702],[-127.67568213,53.54493782],[-127.67635171,53.54529886],[-127.677054,53.54570013],[-127.67785342,53.54603268],[-127.67862558,53.54643645],[-127.67920756,53.54681173],[-127.67965634,53.54709835],[-127.6799725,53.54729631],[-127.67998884,53.54752917],[-127.68004282,53.54777948],[-127.68024804,53.54813553],[-127.68009337,53.54831071],[-127.68004322,53.54847485],[-127.68009689,53.54862831],[-127.68021358,53.54876432],[-127.68034396,53.54893665],[-127.68046066,53.54907266],[-127.68101747,53.54907586],[-127.68146089,53.54904168],[-127.68182211,53.54897688],[-127.68214115,53.54890247],[-127.68298053,53.54877607],[-127.68398712,53.54876289],[-127.68516127,53.54886366],[-127.68620089,53.54909402],[-127.68670625,53.54923431],[-127.68707801,53.54935216],[-127.68701306,53.54949529],[-127.68691909,53.54962027],[-127.68741849,53.55006605],[-127.68845767,53.54996991],[-127.68916469,53.54988446],[-127.6895392,53.54981076],[-127.68977763,53.54969255],[-127.68995937,53.54957362],[-127.69015395,53.54947286],[-127.69039774,53.54938563],[-127.69072224,53.54931442],[-127.69106545,53.54927027],[-127.69122018,53.54915491],[-127.69145469,53.54904275],[-127.69175439,53.54896015],[-127.69251869,53.54880669],[-127.69361806,53.54866676],[-127.69458446,53.54865537],[-127.6953256,53.54883446],[-127.69586909,53.54916096],[-127.69661181,53.54889926],[-127.69760191,53.5485984],[-127.69865459,53.54822632],[-127.69992856,53.54771289],[-127.70122508,53.54726534],[-127.70252239,53.54679998],[-127.70385134,53.54643111],[-127.70513207,53.54602521],[-127.70636887,53.54577099],[-127.70756244,53.54573004],[-127.70875534,53.545813],[-127.70921861,53.54563925],[-127.70958492,53.54544627],[-127.70985474,53.54523441],[-127.71009469,53.54495527],[-127.71040656,53.54495278],[-127.71070399,53.54493497],[-127.71099295,53.54491397],[-127.71128834,53.54490542],[-127.71160541,53.54490863],[-127.71186711,53.54491254],[-127.71207305,53.54490791],[-127.71222489,53.54488833],[-127.71313976,53.54506921],[-127.71396189,53.54550929],[-127.71470764,53.54596397],[-127.71506891,53.5462805],[-127.7153245,53.54653579],[-127.71552431,53.54674479],[-127.71574237,53.54691178],[-127.71597111,53.54709799],[-127.71610186,53.54743126],[-127.71615632,53.5478012],[-127.71619574,53.54833812],[-127.71615964,53.54902993],[-127.71625076,53.54977978],[-127.71647333,53.55045343],[-127.71696992,53.5509633],[-127.71760525,53.55146035],[-127.71840522,53.5521283],[-127.71920514,53.55280516],[-127.72002348,53.55337413],[-127.72084093,53.55396126],[-127.72165875,53.55453023],[-127.72219135,53.55501126],[-127.72258796,53.55542499],[-127.72284917,53.55577143],[-127.7232523,53.55609935],[-127.72445519,53.55675057],[-127.72519091,53.55622789],[-127.72591359,53.55577712],[-127.72668078,53.55554462],[-127.72741317,53.55555851],[-127.72794038,53.55565393],[-127.72826121,53.55570342],[-127.72848824,53.5556728],[-127.72871535,53.55564538],[-127.72888218,53.55563791],[-127.72903301,53.55562473],[-127.7291648,53.5555991],[-127.7292864,53.55557346],[-127.72936778,53.55555317],[-127.72945863,53.55553323],[-127.72958054,53.55550154],[-127.72985422,53.55542641],[-127.73004848,53.55533491],[-127.73022218,53.55523877],[-127.73037832,53.55517931],[-127.73057089,53.55514264],[-127.73079953,53.55512804],[-127.73113154,53.5551316],[-127.73140326,53.55513445],[-127.73167663,53.55506538],[-127.73191787,53.55508175],[-127.73217923,53.55508852],[-127.73248489,53.55507997],[-127.73279415,53.55505932],[-127.73286942,53.55506004],[-127.73309571,53.55506253],[-127.73326172,53.55506431],[-127.73330715,53.55506466],[-127.73338242,53.55506538],[-127.73361858,53.55508603],[-127.73395426,53.55512555],[-127.73428463,53.55520103],[-127.73459986,53.555258],[-127.73487066,53.55527901],[-127.73511162,53.55529966],[-127.73531838,53.55534452],[-127.73552635,53.55539971],[-127.73574022,53.55549477],[-127.73579949,53.55552255],[-127.73603812,53.55562402],[-127.73621767,53.55567992],[-127.73638685,53.55574152],[-127.73656319,53.55578425],[-127.73675687,53.55582021],[-127.7369072,53.55583089],[-127.73704244,53.55585047],[-127.73724828,53.55587041],[-127.73742387,53.5558843],[-127.73760494,53.55588928],[-127.73775078,53.55589391],[-127.73784164,53.55589462],[-127.73799266,53.5558964],[-127.73823395,53.55589889],[-127.73832468,53.55589996],[-127.73847523,53.55590139],[-127.73868756,53.55587682],[-127.73900634,53.5558081],[-127.73919076,53.5557052],[-127.73936013,53.55558699],[-127.73951459,53.55547199],[-127.73966228,53.55536268],[-127.73979302,53.55524696],[-127.73989239,53.55511629],[-127.73999299,53.55496141],[-127.74010815,53.55481293],[-127.74021894,53.5546253],[-127.74029957,53.55445546],[-127.74043948,53.55433404],[-127.74060884,53.55421583],[-127.74082493,53.55405632],[-127.74098051,53.55390536],[-127.74113653,53.55373588],[-127.74127674,53.55357565],[-127.74138712,53.55341507],[-127.74146533,53.55332286],[-127.74157448,53.55321924],[-127.74165776,53.55311243],[-127.74174747,53.55297855],[-127.74193301,53.55282759],[-127.74219421,53.55267448],[-127.74235816,53.55256838],[-127.74244584,53.55250928],[-127.74253912,53.55242026],[-127.74261202,53.55233125],[-127.74265998,53.55223298],[-127.74273573,53.55205994],[-127.74279203,53.55185663],[-127.74295026,53.55160668],[-127.74373563,53.55171279],[-127.74435956,53.55188334],[-127.74471793,53.55212474],[-127.74489263,53.55228247],[-127.7449658,53.55236507],[-127.74512392,53.55240673],[-127.74534945,53.55248898],[-127.74598261,53.55269335],[-127.74717596,53.55301558],[-127.748526,53.55329224],[-127.75032373,53.55341899],[-127.75276098,53.55336629],[-127.75495186,53.55346207],[-127.75659295,53.55361019],[-127.75755802,53.55376685],[-127.75867878,53.55387046],[-127.75994239,53.55401146],[-127.76138267,53.55397336],[-127.76262476,53.55400719],[-127.76362933,53.55388791],[-127.76433023,53.55390785],[-127.76505961,53.55379569],[-127.76599804,53.5537754],[-127.76723277,53.5536992],[-127.76913445,53.5536458],[-127.77096573,53.5537227],[-127.77076457,53.55442163],[-127.77072728,53.5546552],[-127.77071912,53.55477199],[-127.7706909,53.55487062],[-127.77057584,53.55503119],[-127.77040988,53.55520032],[-127.77031202,53.55533206],[-127.77022557,53.55547412],[-127.7701851,53.55565642],[-127.77016018,53.55581807],[-127.77011561,53.55597936],[-127.77009608,53.55613068],[-127.77006121,53.55628129],[-127.76999665,53.55642763],[-127.76988631,53.55659711],[-127.76976138,53.55673953],[-127.76961606,53.55688196],[-127.76943611,53.55702402],[-127.76930302,53.55709665],[-127.76920615,53.55714437],[-127.76914516,53.55716466],[-127.7689011,53.5572462],[-127.76874014,53.55728857],[-127.76861699,53.55731527],[-127.76854441,53.55732061],[-127.76847633,53.5573199],[-127.76811376,53.55732488],[-127.76804456,53.55732738],[-127.76784629,53.5574082],[-127.76751763,53.55756771],[-127.76681428,53.55811781],[-127.76642853,53.55873378],[-127.76653301,53.55941918],[-127.76701704,53.56008536],[-127.76777495,53.56066537],[-127.76882156,53.56137925],[-127.7697323,53.56207889],[-127.7702502,53.56266852],[-127.77061936,53.56324461],[-127.77068943,53.56349207],[-127.77064737,53.56367045],[-127.7705527,53.56381038],[-127.77045881,53.5639204],[-127.77030413,53.56405356],[-127.7702263,53.56411551],[-127.77013387,53.56418673],[-127.77001033,53.56427503],[-127.76989734,53.56435193],[-127.76979515,53.56441673],[-127.7696565,53.56450539],[-127.76947215,53.5646204],[-127.76925657,53.56475285],[-127.76908768,53.5648561],[-127.76893796,53.56498535],[-127.76880848,53.56511673],[-127.76863783,53.56527696],[-127.76846699,53.56543077],[-127.76831094,53.56560595],[-127.76813912,53.56581104],[-127.76804191,53.56602574],[-127.76800874,53.56614216],[-127.76797506,53.56624969],[-127.76786138,53.56634761],[-127.76772803,53.56644516],[-127.7674963,53.56662248],[-127.76734171,53.56674674],[-127.76707689,53.56703158],[-127.76692131,53.56718291],[-127.76684308,53.56727192],[-127.76681687,53.56731642],[-127.76677946,53.56738799],[-127.7666841,53.56754893],[-127.76660451,53.56769206],[-127.76631479,53.56777894],[-127.766122,53.56783697],[-127.76587047,53.56788112],[-127.76559884,53.56793311],[-127.76530699,53.56799328],[-127.76504724,53.56809226],[-127.76477055,53.56820727],[-127.76444174,53.56831693],[-127.76418864,53.56837426],[-127.76384928,53.56843657],[-127.76362144,53.56849709],[-127.76343764,53.56856724],[-127.76331145,53.56859572],[-127.76313391,53.56862705],[-127.76290569,53.56869043],[-127.76269233,53.56876627],[-127.76231046,53.5689062],[-127.76208155,53.56899058],[-127.7618672,53.56908138],[-127.76160882,53.56915045],[-127.76144438,53.5692149],[-127.76129274,53.56928219],[-127.76117995,53.56936195],[-127.76105532,53.56948621],[-127.7609145,53.56964679],[-127.76079583,53.5697504],[-127.7606662,53.56987181],[-127.76052667,53.57001138],[-127.76037567,53.57010966],[-127.76021255,53.57018585],[-127.7600367,53.57023997],[-127.75979048,53.57027914],[-127.75960136,53.57031617],[-127.75939896,53.5703621],[-127.7591826,53.57041372],[-127.75902325,53.57046001],[-127.75889576,53.57052161],[-127.75878276,53.57059852],[-127.75868504,53.57065726],[-127.75856809,53.57075589],[-127.75846555,53.57094958],[-127.7583074,53.57129673],[-127.75808943,53.5717507],[-127.75782854,53.57207079],[-127.75760615,53.57233],[-127.75747651,53.57257247],[-127.75762955,53.57283666],[-127.75797271,53.57315782],[-127.75783602,53.57319236],[-127.75769017,53.57324292],[-127.75755907,53.57330629],[-127.75744246,53.5733832],[-127.75729744,53.57351957],[-127.75712581,53.5737154],[-127.75701341,53.57376631],[-127.75683049,53.5738183],[-127.75657752,53.5738717],[-127.75629601,53.57396072],[-127.75605964,53.57407003],[-127.75586779,53.57419963],[-127.75574783,53.57434846],[-127.75565037,53.57446524],[-127.7555803,53.57456529],[-127.7555572,53.57466997],[-127.75555514,53.574733],[-127.75554968,53.5749217],[-127.75551552,53.57506519],[-127.75545129,53.57518127],[-127.75521952,53.57535858],[-127.7551122,53.57542943],[-127.75491028,53.5756071],[-127.75480497,53.57570502],[-127.75470798,53.57581183],[-127.75464336,53.57595497],[-127.75456173,53.57616967],[-127.7544652,53.57637547],[-127.75436991,53.5765275],[-127.75430521,53.57666743],[-127.7542355,53.57681661],[-127.75416031,53.5769747],[-127.75403439,53.57714418],[-127.75398427,53.57725242],[-127.75394218,53.57737384],[-127.75394779,53.57753584],[-127.75398827,53.57770105],[-127.75415037,53.57782851],[-127.75422542,53.57801509],[-127.75421017,53.57818884],[-127.75420298,53.57838431],[-127.75424817,53.57860863],[-127.75444101,53.57906615],[-127.75481783,53.57962444],[-127.75506575,53.58009443],[-127.75526498,53.58015638],[-127.75544043,53.58019697],[-127.75560546,53.58023472],[-127.75584553,53.58029133],[-127.75582895,53.58072856],[-127.75573875,53.58106503],[-127.75557419,53.58130109],[-127.75542643,53.58152327],[-127.7553186,53.58176004],[-127.75530838,53.58193665],[-127.75519443,53.58209936],[-127.75495029,53.58224143],[-127.75457571,53.58236355],[-127.7546287,53.58261564],[-127.75472368,53.58316894],[-127.75495753,53.58365211],[-127.75533169,53.58406441],[-127.7555992,53.58439163],[-127.75562265,53.5847256],[-127.75532331,53.58503395],[-127.75483703,53.58529671],[-127.75482943,53.58556624],[-127.75482633,53.58566523],[-127.75512715,53.58587209],[-127.7554627,53.58612418],[-127.75583165,53.58642184],[-127.75667542,53.58672021],[-127.7574787,53.58692423],[-127.75760071,53.58687153],[-127.75781969,53.58679],[-127.75803331,53.58672911],[-127.75820657,53.58669991],[-127.75834674,53.5866814],[-127.75863978,53.58664579],[-127.7589075,53.58662443],[-127.75932784,53.58658669],[-127.75983262,53.58656319],[-127.76045279,53.58652865],[-127.76105117,53.58656568],[-127.76154049,53.58652794],[-127.76188896,53.58643964],[-127.76238693,53.58685337],[-127.76283604,53.58728526],[-127.76306819,53.58760927],[-127.76332707,53.58788379],[-127.76356005,53.58802692],[-127.76377174,53.58817611],[-127.76396427,53.58832173],[-127.76424552,53.58834274],[-127.76449239,53.58834523],[-127.76512902,53.58878318],[-127.76567715,53.58916665],[-127.76613582,53.58949493],[-127.76643427,53.58972458],[-127.76663549,53.58997346],[-127.76658973,53.59016466],[-127.76652869,53.59034803],[-127.76645321,53.59052285],[-127.76647874,53.59068485],[-127.76656169,53.59084045],[-127.76666618,53.59100138],[-127.76685698,53.59118333],[-127.76698466,53.59130153],[-127.7670913,53.59143719],[-127.7671769,53.59161807],[-127.76708802,53.59179004],[-127.76670924,53.59199192],[-127.7658013,53.59214716],[-127.76450944,53.59224685],[-127.76267524,53.59211084],[-127.76263445,53.59229635],[-127.76257406,53.59246049],[-127.76247038,53.59274105],[-127.76237243,53.59315942],[-127.76256524,53.59327834],[-127.76271252,53.5934058],[-127.76287463,53.59355107],[-127.76303766,53.59366074],[-127.76318605,53.59374334],[-127.76377966,53.59377717],[-127.7642724,53.59391532],[-127.76454156,53.59413963],[-127.76467364,53.59438388],[-127.76470733,53.59461603],[-127.76479596,53.59485066],[-127.76488178,53.59502228],[-127.76497323,53.59515509],[-127.76508962,53.59531816],[-127.76518853,53.5955439],[-127.76524173,53.59579598],[-127.76449593,53.59598006],[-127.76356154,53.59625494],[-127.76272046,53.59658784],[-127.76206443,53.59680895],[-127.76154939,53.59701617],[-127.76121296,53.59714756],[-127.76095352,53.59724369],[-127.76082581,53.59730244],[-127.76073876,53.59734944],[-127.76002396,53.59768662],[-127.75898785,53.59803342],[-127.75790968,53.5983179],[-127.75716725,53.59845391],[-127.75650371,53.59851622],[-127.75600443,53.59854079],[-127.75598957,53.59857853],[-127.75598488,53.59863372],[-127.7559385,53.59866719],[-127.75584853,53.59874517],[-127.75555822,53.5988559],[-127.75508956,53.59914572],[-127.75444578,53.59945264],[-127.75386902,53.59977914],[-127.75341705,53.59994613],[-127.75308862,53.6000387],[-127.75280052,53.60059913],[-127.75258432,53.6009153],[-127.75249227,53.60114496],[-127.75252303,53.60128845],[-127.75264007,53.60141841],[-127.75274165,53.60156011],[-127.75281322,53.60168972],[-127.75285358,53.60186098],[-127.75180934,53.60192222],[-127.75094273,53.60192792],[-127.7502541,53.60187878],[-127.75028197,53.60166123],[-127.75007222,53.60143158],[-127.74962451,53.60118911],[-127.74908193,53.60142019],[-127.74837061,53.60167939],[-127.74798349,53.60182359],[-127.7477681,53.60186169],[-127.74753941,53.60189658],[-127.74727519,53.60195961],[-127.74696826,53.60208707],[-127.74712051,53.60222451],[-127.74721356,53.60236657],[-127.74724764,53.60251256],[-127.74730303,53.60281199],[-127.74745324,53.60323107],[-127.74765243,53.60354155],[-127.74773634,53.60376728],[-127.74780268,53.60395884],[-127.74774793,53.6042298],[-127.74767476,53.60460258],[-127.74741483,53.60499139],[-127.74724689,53.6052652],[-127.74717142,53.60542435],[-127.74727153,53.60580105],[-127.74763581,53.60624505],[-127.74826582,53.60675706],[-127.74831474,53.60687242],[-127.74838053,53.60696499],[-127.74871687,53.60694683],[-127.74903808,53.60692903],[-127.74939414,53.60693366],[-127.74979612,53.60702587],[-127.75021794,53.60718218],[-127.75028864,53.6073595],[-127.7503036,53.60752969],[-127.75029367,53.60770415],[-127.75021452,53.60782023],[-127.75007473,53.60795375],[-127.74988779,53.60814032],[-127.7497158,53.60831834],[-127.74960021,53.60849815],[-127.74949226,53.60872353],[-127.7494411,53.60897562],[-127.74941744,53.60922628],[-127.74946224,53.60934662],[-127.74949886,53.6094837],[-127.74952597,53.60963787],[-127.74958347,53.60991417],[-127.74967322,53.6102777],[-127.74993042,53.61028019],[-127.75021739,53.6102834],[-127.75048947,53.61028625],[-127.75083685,53.61029871],[-127.75124141,53.61036102],[-127.75158365,53.61042653],[-127.75183597,53.61052302],[-127.75205134,53.61061702],[-127.75224599,53.61069108],[-127.75239054,53.61074342],[-127.75256391,53.61078009],[-127.75280121,53.61082282],[-127.75298209,53.61085166],[-127.75322191,53.61090791],[-127.7533712,53.61098126],[-127.75344092,53.61101224],[-127.75358036,53.61105852],[-127.75379001,53.61112048],[-127.75391032,53.61115786],[-127.75408965,53.61121376],[-127.75423922,53.61126895],[-127.75443301,53.61136117],[-127.75469092,53.61150751],[-127.75486368,53.61161717],[-127.75499695,53.61172648],[-127.75507103,53.61178131],[-127.75518917,53.6118632],[-127.75530677,53.61198141],[-127.75544734,53.6121217],[-127.75558049,53.6122748],[-127.75567196,53.61241651],[-127.755744,53.61254326],[-127.75584585,53.61267927],[-127.75602028,53.61290572],[-127.75620912,53.61300364],[-127.75643775,53.61310796],[-127.75658734,53.61316315],[-127.75666157,53.61320018],[-127.75670612,53.61322759],[-127.75691478,53.61333761],[-127.7571076,53.61346223],[-127.75726078,53.61356264],[-127.7574259,53.6136545],[-127.75764276,53.61376167],[-127.75781133,53.61385923],[-127.75797989,53.61395679],[-127.75824218,53.61405755],[-127.7585085,53.61413624],[-127.75877971,53.61417469],[-127.75895982,53.61421279],[-127.75921634,53.61434417],[-127.75947735,53.61461549],[-127.75974226,53.61502673],[-127.76008032,53.61552164],[-127.76026561,53.6157342],[-127.76045369,53.61585526],[-127.76057182,53.61595816],[-127.76065955,53.61606391],[-127.7607101,53.61613654],[-127.76074389,53.61627683],[-127.7608081,53.61644025],[-127.76097974,53.61659158],[-127.76129219,53.61665495],[-127.76146227,53.61680556],[-127.76160748,53.61701955],[-127.76172695,53.61729763],[-127.76172235,53.61797164],[-127.76171589,53.61869976],[-127.7617112,53.61937413],[-127.76223545,53.61984483],[-127.76280233,53.62016421],[-127.76341185,53.62033226],[-127.76366308,53.62041487],[-127.7638997,53.62053806],[-127.76402905,53.62060856],[-127.76415376,53.62065769],[-127.76427349,53.6210344],[-127.7643995,53.62149905],[-127.76466605,53.62203313],[-127.76493189,53.62247534],[-127.76532947,53.62285418],[-127.76451975,53.62313048],[-127.76383728,53.62354777],[-127.76315554,53.62399426],[-127.76260951,53.62451196],[-127.76206557,53.62500794],[-127.76166137,53.62555306],[-127.76126423,53.62620998],[-127.76087446,53.62695519],[-127.76061235,53.62769934],[-127.76047723,53.62846699],[-127.76033595,53.62911679],[-127.76005931,53.62966119],[-127.75951694,53.6301561],[-127.75884114,53.63063749],[-127.7580375,53.63121963],[-127.75791155,53.63191037],[-127.75789191,53.63256622],[-127.75863503,53.63255305],[-127.75948878,53.63267873],[-127.76049755,53.63287207],[-127.76160795,53.63306327],[-127.7627603,53.63313804],[-127.76402594,53.63330396],[-127.76526579,53.63332176],[-127.76650684,53.63329079],[-127.76753497,53.63329221],[-127.76834932,53.63337553],[-127.76864818,53.63331856],[-127.76888201,53.63326729],[-127.76910479,53.63321851],[-127.769369,53.63315228],[-127.76968846,53.63310172],[-127.76993209,53.6330412],[-127.77009915,53.63295717],[-127.77027072,53.63288097],[-127.77044787,53.63281297],[-127.77081038,53.63277166],[-127.77116624,53.63271826],[-127.77148738,53.63265061],[-127.77171564,53.63255625],[-127.77191559,53.63244125],[-127.77222231,53.6322917],[-127.77243573,53.63222299],[-127.77269968,53.63217492],[-127.77301309,53.63214715],[-127.77332596,53.63212614],[-127.77363001,53.63207843],[-127.77392418,53.63200366],[-127.77415976,53.63194206],[-127.77441654,53.63188865],[-127.77467144,53.63186337],[-127.77483605,53.63185091],[-127.77498735,53.63185269],[-127.77509327,53.63185376],[-127.77536641,53.63182955],[-127.77569922,53.63182385],[-127.7758738,53.63258082],[-127.77620064,53.63314338],[-127.77659235,53.63353682],[-127.77704941,53.63376149],[-127.77719415,53.63382593],[-127.77757857,53.63406449],[-127.77799458,53.63438921],[-127.7783039,53.63479012],[-127.77857087,53.63513443],[-127.7787212,53.63541464],[-127.7788433,53.63554139],[-127.77909788,53.63580487],[-127.77937022,53.63615808],[-127.78008167,53.63630335],[-127.78086514,53.63641906],[-127.78151938,53.63644968],[-127.78209186,53.63652766],[-127.78239568,53.63660457],[-127.78268211,53.63669536],[-127.78333773,53.63622466],[-127.78395277,53.63587537],[-127.78443075,53.63572013],[-127.78479834,53.63569201],[-127.78496094,53.63571159],[-127.78513405,53.63575823],[-127.78531874,53.63583229],[-127.78556144,53.63597863],[-127.78576804,53.63615131],[-127.78590549,53.63623178],[-127.78606015,53.63629017],[-127.78623189,53.63632685],[-127.78646337,53.63633824],[-127.78660935,53.63634857],[-127.78673005,53.63636779],[-127.78683507,53.63639592],[-127.78711782,53.63655152],[-127.78732709,53.63663448],[-127.78755112,53.63673559],[-127.78780548,53.63684633],[-127.78802165,53.63692145],[-127.78830712,53.6369243],[-127.78871071,53.63679327],[-127.78922047,53.63653692],[-127.78929569,53.63667435],[-127.78931352,53.63682852],[-127.78923126,53.63704322],[-127.78927485,53.63722374],[-127.78948498,53.63741245],[-127.78976791,53.63761825],[-127.78985392,53.63785182],[-127.7897556,53.63804337],[-127.78956681,53.63818544],[-127.7897598,53.63824419],[-127.78995705,53.63829404],[-127.79013816,53.63831397],[-127.79035497,53.63836631],[-127.79057352,53.63842933],[-127.79077596,53.63856713],[-127.79091829,53.63869459],[-127.79104481,53.63881565],[-127.79113428,53.63896413],[-127.79121825,53.63914607],[-127.79122144,53.63939353],[-127.79124443,53.63964276],[-127.79128761,53.63989271],[-127.79143184,53.64013696],[-127.7914736,53.64027226],[-127.79149897,53.64043427],[-127.79146453,53.64059556],[-127.7913969,53.64083767],[-127.79124871,53.640963],[-127.7909223,53.64108264],[-127.79041839,53.64119622],[-127.79063961,53.64140522],[-127.79080084,53.64156865],[-127.79099407,53.64170537],[-127.79092906,53.64180186],[-127.79072517,53.6419215],[-127.79034736,53.64209454],[-127.78993295,53.64229713],[-127.78992843,53.64245878],[-127.78987749,53.64264713],[-127.78978186,53.64281697],[-127.78970134,53.64299001],[-127.78966061,53.64317836],[-127.78966027,53.64338202],[-127.78970043,53.64356219],[-127.78906577,53.64388833],[-127.78844593,53.64422373],[-127.78758196,53.6445634],[-127.78665219,53.64487958],[-127.78589949,53.64521178],[-127.78535618,53.64552368],[-127.78502141,53.645816],[-127.78492673,53.64594987],[-127.7848898,53.64618309],[-127.7851104,53.64634509],[-127.78526471,53.6465986],[-127.7852624,53.64690409],[-127.78520876,53.64725231],[-127.78500695,53.64766462],[-127.78482031,53.64820404],[-127.7843752,53.64882962],[-127.78393163,53.64945948],[-127.78341621,53.6500694],[-127.78316408,53.65076797],[-127.78290187,53.65142774],[-127.78249774,53.65195683],[-127.78182379,53.65230968],[-127.78250061,53.65298155],[-127.78225438,53.6531229],[-127.78185184,53.65326461],[-127.78146211,53.6533725],[-127.78111604,53.65347397],[-127.78083235,53.65362992],[-127.78063643,53.65365983],[-127.78041736,53.65368547],[-127.7801043,53.65369437],[-127.77983193,53.65369152],[-127.77958942,53.65369793],[-127.779408,53.65369615],[-127.7791056,53.6536933],[-127.77884819,53.65369935],[-127.77850405,53.65374101],[-127.77822494,53.65379798],[-127.77797606,53.65386136],[-127.77766006,53.65397494],[-127.77730361,53.65408211],[-127.77709491,53.65415795],[-127.77712545,53.654326],[-127.77727786,53.6545083],[-127.77750042,53.65471553],[-127.77776299,53.65494091],[-127.77780063,53.655167],[-127.77778119,53.65535464],[-127.77770661,53.65550347],[-127.77799201,53.65569218],[-127.77842772,53.65592254],[-127.77896169,53.65623765],[-127.7794442,53.65663607],[-127.77983342,53.65714345],[-127.78035119,53.65765794],[-127.78099992,53.65814111],[-127.78177565,53.65870936],[-127.78164077,53.65935916],[-127.7812448,53.65996445],[-127.78045716,53.66051348],[-127.7794079,53.66104044],[-127.78058016,53.66133098],[-127.78176069,53.66079441],[-127.78294752,53.66057009],[-127.78411896,53.66036608],[-127.78530268,53.66030128],[-127.78650703,53.66034436],[-127.78773191,53.66049568],[-127.78891922,53.66078622],[-127.7901184,53.66102299],[-127.7913594,53.66119746],[-127.79264236,53.66130926],[-127.79382136,53.66152788],[-127.79471719,53.66160692],[-127.7954588,53.66173617],[-127.79604961,53.66188286],[-127.79660053,53.66209507],[-127.79663045,53.66203062],[-127.79666461,53.66195905],[-127.79670242,53.66188037],[-127.79676261,53.66171017],[-127.79684311,53.66154034],[-127.79697418,53.6613737],[-127.79712506,53.66121063],[-127.79727941,53.66109527],[-127.79748156,53.6609176],[-127.79837035,53.66105219],[-127.79890379,53.66103154],[-127.79939338,53.66085672],[-127.79983791,53.66052772],[-127.80034613,53.66070148],[-127.80078222,53.66079298],[-127.80114702,53.66080153],[-127.80140463,53.66078622],[-127.80166215,53.66078871],[-127.80190404,53.6607912],[-127.80197951,53.66079192],[-127.80226777,53.66077661],[-127.80256935,53.66074171],[-127.80290113,53.66067833],[-127.80348465,53.66044334],[-127.80401056,53.66008195],[-127.80442776,53.6595557],[-127.80474315,53.65899171],[-127.80507278,53.65844054],[-127.80543539,53.65847117],[-127.80573549,53.65844233],[-127.80598706,53.65840779],[-127.80622057,53.65835937],[-127.80648417,53.65830204],[-127.8068794,53.65823404],[-127.80707738,53.65819985],[-127.80735399,53.65815891],[-127.80758766,53.65810123],[-127.80777828,53.65802717],[-127.80797128,53.65798124],[-127.80826539,53.65792427],[-127.80855459,53.6578641],[-127.8088076,53.65783063],[-127.80913104,53.65781603],[-127.80947907,53.65781033],[-127.80977638,53.65782814],[-127.8101374,53.65791074],[-127.8106278,53.65804355],[-127.81121924,53.65818134],[-127.81178125,53.65827356],[-127.8118073,53.65843592],[-127.81182842,53.65857763],[-127.81186455,53.65872111],[-127.81196171,53.65886888],[-127.81212701,53.65901415],[-127.81229662,53.65914161],[-127.81255539,53.65927015],[-127.81299319,53.65949339],[-127.81339484,53.65973978],[-127.81376055,53.66001038],[-127.81392042,53.66007162],[-127.81410524,53.66014248],[-127.81431452,53.66022259],[-127.81449405,53.66029309],[-127.81465921,53.66035468],[-127.81480891,53.66040702],[-127.81487834,53.66043764],[-127.81495845,53.66046862],[-127.81507824,53.6605206],[-127.81523707,53.66059715],[-127.81537194,53.66066124],[-127.81549038,53.66069436],[-127.81564702,53.66072996],[-127.81588792,53.66078622],[-127.81615883,53.66082503],[-127.81647515,53.6608909],[-127.816731,53.66093861],[-127.81724277,53.66104258],[-127.81757335,53.6611177],[-127.81776407,53.66116435],[-127.81787285,53.66118357],[-127.81794948,53.66119319],[-127.81804044,53.66119425],[-127.81845066,53.66120529],[-127.81887703,53.66123235],[-127.81925934,53.66127223],[-127.81958111,53.66130819],[-127.81979785,53.66131923],[-127.82001923,53.66133952],[-127.82019829,53.66141323],[-127.82033686,53.66145951],[-127.82059851,53.66154995],[-127.82098324,53.66168454],[-127.8218398,53.66189069],[-127.82303914,53.66211536],[-127.8230311,53.66295137],[-127.82298435,53.6635442],[-127.82288049,53.66407222],[-127.8226238,53.6647149],[-127.82219204,53.66512828],[-127.82187402,53.66542878],[-127.82167037,53.66561642],[-127.8215602,53.6657592],[-127.82140418,53.66593758],[-127.82118733,53.6661181],[-127.82097085,53.66627477],[-127.82078605,53.66638977],[-127.82057141,53.66648662],[-127.82030847,53.66662975],[-127.82003708,53.66682914],[-127.81957413,53.66715101],[-127.81921123,53.66743514],[-127.81892075,53.66765696],[-127.81870268,53.66781647],[-127.8186183,53.66794358],[-127.81854392,53.66809063],[-127.81849288,53.66828183],[-127.81841076,53.66851469],[-127.81825231,53.6687739],[-127.81813606,53.66895548],[-127.81805192,53.66908366],[-127.8179994,53.66915808],[-127.81792561,53.66925599],[-127.81783718,53.66935106],[-127.81773422,53.66944292],[-127.81767152,53.66950843],[-127.81759848,53.66960065],[-127.8175145,53.66971957],[-127.81745262,53.66976693],[-127.81737533,53.66981713],[-127.81722413,53.66986555],[-127.81709981,53.66992323],[-127.81700238,53.66999017],[-127.81697755,53.67015574],[-127.81699253,53.67034373],[-127.81700994,53.67042456],[-127.81710364,53.6705125],[-127.81727103,53.67060116],[-127.81747698,53.67069302],[-127.81772642,53.67079129],[-127.81790042,53.67087995],[-127.81800973,53.67094688],[-127.81805876,53.67105121],[-127.81812828,53.67122389],[-127.81817774,53.67144286],[-127.81818518,53.67170385],[-127.81819513,53.67189256],[-127.81821994,53.67209052],[-127.81824547,53.67226179],[-127.81825562,53.67243233],[-127.81825127,53.67259434],[-127.81818425,53.67281829],[-127.81816415,53.673007],[-127.81836828,53.67329042],[-127.81880723,53.67364647],[-127.81927265,53.67397084],[-127.81911801,53.67408905],[-127.81897335,53.67420441],[-127.81883869,53.67431692],[-127.81873086,53.67439668],[-127.81855943,53.6745569],[-127.81837286,53.67474383],[-127.81815575,53.6749304],[-127.81785272,53.67505715],[-127.81747516,53.67520847],[-127.81702272,53.67538365],[-127.81661861,53.67558447],[-127.81626904,53.67579276],[-127.81601027,53.67586219],[-127.81561272,53.67599286],[-127.81530773,53.67607083],[-127.81509476,53.67611356],[-127.81487129,53.67616234],[-127.81466787,53.67621753],[-127.81434802,53.67628624],[-127.81387502,53.6764073],[-127.81355993,53.67648492],[-127.81305294,53.67657002],[-127.81273378,53.67680359],[-127.8124049,53.67700405],[-127.81215941,53.67705745],[-127.8119164,53.67714575],[-127.81162984,53.6772928],[-127.81138241,53.67742739],[-127.81117363,53.67754916],[-127.81105578,53.67761076],[-127.81088581,53.67773502],[-127.81068443,53.67789489],[-127.81055766,53.67809143],[-127.81038541,53.67824346],[-127.81019612,53.67838731],[-127.80996457,53.67854397],[-127.80978043,53.67874479],[-127.80962475,53.67895379],[-127.80959156,53.67906132],[-127.80955756,53.679187],[-127.80950601,53.67942022],[-127.80943663,53.67955445],[-127.80937191,53.67969438],[-127.80931222,53.67984072],[-127.80931408,53.68001269],[-127.80933783,53.68018573],[-127.80940403,53.68035414],[-127.80950441,53.68054392],[-127.80954512,53.68071482],[-127.80957072,53.68087718],[-127.80959577,53.68105699],[-127.80958621,53.68123074],[-127.80955516,53.68142515],[-127.8095619,53.68172174],[-127.80955761,53.68187484],[-127.80954731,53.68205429],[-127.80951786,53.68221594],[-127.80943667,53.68241284],[-127.80922565,53.68249544],[-127.80895738,53.68258196],[-127.80855098,53.68266457],[-127.80826336,53.68321004],[-127.80822855,53.68360348],[-127.80828261,53.68388654],[-127.80842602,53.68405958],[-127.80861493,53.6841664],[-127.80886768,53.68433089],[-127.80905368,53.68441456],[-127.80929389,53.68447687],[-127.80958891,53.68451782],[-127.80983154,53.68452031],[-127.81010364,53.6845228],[-127.81036198,53.68450749],[-127.81067956,53.6845018],[-127.81104411,53.6844783],[-127.81155743,53.68453135],[-127.81206947,53.68463211],[-127.81239096,53.68450073],[-127.81268111,53.6844135],[-127.81294827,53.68441634],[-127.81311957,53.68442703],[-127.8136419,53.68453989],[-127.8140324,53.68463389],[-127.81429313,53.68470831],[-127.81446739,53.68478771],[-127.81462154,53.68487316],[-127.81481297,53.6850729],[-127.81510901,53.68530078],[-127.81534538,53.68550978],[-127.81556597,53.68575439],[-127.815683,53.6858904],[-127.81581551,53.68603567],[-127.81597282,53.68617524],[-127.81617128,53.68630876],[-127.81642394,53.68641914],[-127.81669051,53.68651171],[-127.81698203,53.68655942],[-127.81736341,53.68662921],[-127.817792,53.68665235],[-127.81842354,53.68656191],[-127.81925888,53.68635719],[-127.82004019,53.68604137],[-127.82018695,53.68620479],[-127.82028654,53.68637962],[-127.82049731,53.68659325],[-127.82082037,53.68684605],[-127.82142977,53.68718287],[-127.82190254,53.68743923],[-127.82223746,53.68761512],[-127.82239208,53.6876817],[-127.82255775,53.687723],[-127.82273361,53.68773974],[-127.82309675,53.6877433],[-127.82349134,53.68773048],[-127.82380402,53.68772158],[-127.82403661,53.68771659],[-127.82428927,53.68777427],[-127.82454734,53.68786542],[-127.82453342,53.68807514],[-127.82462797,53.68828592],[-127.82470216,53.68860032],[-127.82495709,53.68904218],[-127.82508197,53.68963073],[-127.82520754,53.69026308],[-127.82520476,53.69091038],[-127.8251208,53.69114217],[-127.8250052,53.69131165],[-127.82485724,53.69141918],[-127.82453803,53.6914612],[-127.8242496,53.69208927],[-127.82401715,53.69276826],[-127.82483406,53.69304385],[-127.82555985,53.69337676],[-127.82554404,53.69365911],[-127.82548415,53.69392437],[-127.82541394,53.69408245],[-127.82531202,53.6943],[-127.82511981,53.69480666],[-127.82487082,53.69528769],[-127.82455101,53.69552518],[-127.82425507,53.69564695],[-127.82399733,53.69564445],[-127.82360424,53.69562274],[-127.82330152,53.69561989],[-127.82311742,53.69624725],[-127.82338874,53.6962857],[-127.82362734,53.69636012],[-127.82383,53.69646409],[-127.82395995,53.69661897],[-127.82402593,53.69680447],[-127.82406551,53.69700564],[-127.8241664,53.69718225],[-127.82425414,53.69730402],[-127.82429798,53.69735529],[-127.82434175,53.69742792],[-127.82439529,53.6974913],[-127.82445906,53.69755468],[-127.82457767,53.69765473],[-127.82474111,53.69776439],[-127.82487012,53.69784628],[-127.82499371,53.69793174],[-127.82510833,53.69800473],[-127.8251869,53.69806525],[-127.82528136,53.69812329],[-127.82539593,53.69817527],[-127.82556277,53.698171],[-127.82568468,53.69815213],[-127.82580626,53.69812543],[-127.82609625,53.69805635],[-127.82637069,53.69799582],[-127.82668324,53.69801398],[-127.82702063,53.69804745],[-127.82729179,53.69810406],[-127.82756228,53.69817848],[-127.8276527,53.69818845],[-127.82786499,53.69819023],[-127.82809207,53.69819272],[-127.82824392,53.69817599],[-127.82847115,53.69816922],[-127.82883439,53.69817278],[-127.8290166,53.69817456],[-127.8291513,53.69821515],[-127.82943982,53.69825966],[-127.82986609,53.69829704],[-127.8303867,53.69828707],[-127.83087242,53.69824364],[-127.83107528,53.69822192],[-127.83133258,53.69821515],[-127.83159036,53.69820874],[-127.8318823,53.6982415],[-127.83219401,53.69829562],[-127.83237957,53.69834226],[-127.83254983,53.69839496],[-127.83270432,53.69845335],[-127.8329801,53.69853702],[-127.83315051,53.69858046],[-127.83322553,53.69859328],[-127.8333063,53.69861215],[-127.83344086,53.69865844],[-127.83366596,53.69875493],[-127.8339316,53.6988119],[-127.83425068,53.69889379],[-127.83463836,53.69900559],[-127.83487302,53.69915869],[-127.83507439,53.69930538],[-127.83524234,53.69944603],[-127.83547633,53.69954999],[-127.83568744,53.69966108],[-127.83586956,53.69977253],[-127.83601243,53.69989679],[-127.83610053,53.69999648],[-127.83614453,53.70004206],[-127.83630421,53.70029521],[-127.83641976,53.70050314],[-127.83660099,53.7007125],[-127.83686273,53.70090976],[-127.83720619,53.7010949],[-127.83759064,53.70144918],[-127.83715136,53.70180274],[-127.83676775,53.70216057],[-127.83659351,53.70238061],[-127.83645197,53.70256469],[-127.8363435,53.70271352],[-127.83609383,53.70285487],[-127.83583095,53.70298732],[-127.83550719,53.7030831],[-127.83518,53.70316072],[-127.83486073,53.70320273],[-127.83461635,53.70326326],[-127.83417526,53.70333091],[-127.83387527,53.70340284],[-127.83359518,53.70349577],[-127.83305976,53.70368839],[-127.83295713,53.70373539],[-127.83282967,53.70379699],[-127.83267606,53.70387354],[-127.83244459,53.70395792],[-127.83219383,53.70401774],[-127.83192354,53.70405192],[-127.83121484,53.70410177],[-127.83001578,53.7041979],[-127.82927127,53.7042716],[-127.82917924,53.70450446],[-127.82912198,53.70473768],[-127.82910313,53.70488116],[-127.82881937,53.70471667],[-127.82816618,53.70447669],[-127.82742345,53.7042506],[-127.82640435,53.70415589],[-127.82556555,53.70418152],[-127.82490694,53.70432786],[-127.82490129,53.70451372],[-127.82487458,53.70466433],[-127.82452904,53.7048274],[-127.82431674,53.70497018],[-127.82399995,53.70520588],[-127.82358002,53.70553416],[-127.82283014,53.70599739],[-127.82199936,53.70643854],[-127.82172957,53.70634596],[-127.82152033,53.7062452],[-127.82119583,53.70611026],[-127.82094351,53.70604759],[-127.82072669,53.70602374],[-127.82054619,53.70603798],[-127.82027723,53.70609815],[-127.81990077,53.70618432],[-127.81984023,53.70619251],[-127.81973334,53.7062096],[-127.81952012,53.70626158],[-127.81927648,53.70630395],[-127.81909339,53.70633813],[-127.81876461,53.70637089],[-127.81839361,53.70643925],[-127.8176327,53.70651153],[-127.81689662,53.70645634],[-127.81630842,53.70625161],[-127.81596984,53.70608569],[-127.8158306,53.70599134],[-127.81555085,53.70600558],[-127.81526419,53.70603655],[-127.81485684,53.70614444],[-127.81437992,53.70629754],[-127.81383223,53.70649586],[-127.812887,53.70670807],[-127.81289213,53.70711076],[-127.81284375,53.70739881],[-127.81274114,53.70757256],[-127.81267856,53.70765018],[-127.81230345,53.707757],[-127.81188394,53.70789693],[-127.81128546,53.70816646],[-127.81157322,53.70816931],[-127.81182033,53.70824194],[-127.81206296,53.70846875],[-127.81230134,53.70885079],[-127.81258008,53.70928909],[-127.81292423,53.70967505],[-127.81280347,53.70984738],[-127.81265773,53.71000476],[-127.81241014,53.71018207],[-127.81227639,53.71027963],[-127.81219312,53.71035974],[-127.81222479,53.71049789],[-127.81227582,53.71063924],[-127.81231201,53.71079235],[-127.81234314,53.7109515],[-127.81238855,53.71112169],[-127.81245439,53.71129723],[-127.81257316,53.71151513],[-127.81264976,53.71171559],[-127.81264707,53.71187866],[-127.81264793,53.71202429],[-127.81265269,53.71215318],[-127.8127147,53.71228883],[-127.81294845,53.71252774],[-127.81329792,53.71285068],[-127.81389116,53.71325623],[-127.81431605,53.71371091],[-127.81471742,53.71411111],[-127.81484181,53.71447321],[-127.81509253,53.71484422],[-127.8152609,53.71531029],[-127.8154732,53.71585755],[-127.81564491,53.71614096],[-127.81579798,53.7163432],[-127.81593058,53.71646426],[-127.81601793,53.71659101],[-127.81610591,53.71670887],[-127.81617774,53.71683527],[-127.81623513,53.71696166],[-127.81627688,53.71708806],[-127.81633364,53.71722336],[-127.81636047,53.71734941],[-127.81637163,53.71748435],[-127.8163677,53.7176371],[-127.81636529,53.71771828],[-127.81636304,53.7177902],[-127.81636076,53.71787102],[-127.81637335,53.71797],[-127.81638597,53.71806009],[-127.81639856,53.71815907],[-127.81642619,53.71825805],[-127.81645385,53.71834813],[-127.81649558,53.71848343],[-127.81655238,53.71860983],[-127.81662468,53.71874549],[-127.81668148,53.71887188],[-127.81675392,53.71899828],[-127.81720889,53.71952417],[-127.81719039,53.71964381],[-127.81718771,53.71973994],[-127.81720113,53.71980296],[-127.81719985,53.71982967],[-127.81719744,53.71991975],[-127.81718024,53.72000022],[-127.8171623,53.72008994],[-127.81713981,53.72017361],[-127.81712765,53.72026049],[-127.81709385,53.72038618],[-127.81707509,53.72051186],[-127.8170557,53.72064645],[-127.81703692,53.72078104],[-127.81701816,53.72090672],[-127.81698515,53.72100535],[-127.81696719,53.72110398],[-127.81694923,53.7212026],[-127.81692682,53.72129838],[-127.81691393,53.72139096],[-127.81691166,53.72147178],[-127.81690927,53.72155296],[-127.81692268,53.72162488],[-127.8169891,53.72176018],[-127.81725784,53.7220258],[-127.81772866,53.72242066],[-127.81836044,53.72312208],[-127.81867433,53.72357676],[-127.81885,53.72387193],[-127.81888659,53.7240083],[-127.8189151,53.72406242],[-127.81894408,53.72411689],[-127.81897256,53.72417991],[-127.81902924,53.72432447],[-127.81908541,53.72447757],[-127.81912642,53.72463103],[-127.81916815,53.72478413],[-127.81919364,53.72493724],[-127.81919136,53.72502696],[-127.81919378,53.72511704],[-127.81918609,53.72520677],[-127.81918382,53.72529649],[-127.8191808,53.72539548],[-127.8187702,53.72618235],[-127.81854685,53.7269354],[-127.8184283,53.72756633],[-127.81820933,53.72816343],[-127.81828357,53.72881856],[-127.81852091,53.72947904],[-127.81909524,53.72931063],[-127.81972402,53.72927217],[-127.82104536,53.72955773],[-127.82231325,53.7298059],[-127.8234523,53.73008077],[-127.82464684,53.73020147],[-127.82586684,53.73024028],[-127.82705086,53.7301089],[-127.82813631,53.72985503],[-127.82892238,53.72943916],[-127.82958969,53.7289973],[-127.82978414,53.72880254],[-127.82995774,53.72867436],[-127.8302834,53.72858571],[-127.8307904,53.7284116],[-127.83147788,53.72815275],[-127.83242373,53.7278615],[-127.83336108,53.7276589],[-127.83445856,53.7274296],[-127.83554526,53.72710987],[-127.83644711,53.72671608],[-127.83724043,53.72629629],[-127.83795691,53.7259025],[-127.83889555,53.7255703],[-127.8399779,53.72552686],[-127.84112609,53.72548093],[-127.84221571,53.72535061],[-127.84327988,53.72518006],[-127.84437024,53.72491303],[-127.84546209,53.72561872],[-127.84628315,53.72627671],[-127.84683209,53.72688734],[-127.84774776,53.72745132],[-127.84844309,53.72808118],[-127.84891746,53.72877691],[-127.84896754,53.72898733],[-127.84903419,53.72908169],[-127.84910461,53.7291472],[-127.84916438,53.72918387],[-127.84923919,53.72922055],[-127.84937313,53.7293117],[-127.8494914,53.72941175],[-127.84959463,53.7295118],[-127.84972856,53.72961185],[-127.84986252,53.7296941],[-127.8502893,53.72980198],[-127.85106745,53.72998107],[-127.85221445,53.72999211],[-127.85336274,53.7299444],[-127.85441428,53.72980056],[-127.85535576,53.72967772],[-127.85574307,53.72962538],[-127.85600581,53.72956414],[-127.85615853,53.72950254],[-127.85631172,53.7294502],[-127.85659287,53.72938967],[-127.8569006,53.72934481],[-127.85723944,53.72934303],[-127.85757273,53.72935407],[-127.85778445,53.7293562],[-127.85801183,53.72935834],[-127.85822414,53.72936938],[-127.85843587,53.72937151],[-127.8586482,53.72937365],[-127.85880012,53.72936582],[-127.85894192,53.72936119],[-127.85908312,53.72935656],[-127.85922492,53.72935193],[-127.85937672,53.72934445],[-127.8598771,53.72934018],[-127.86023193,53.72978596],[-127.86047347,53.73007792],[-127.8607176,53.73015127],[-127.86085117,53.73018153],[-127.86099016,53.73021358],[-127.86100292,53.73030366],[-127.86104549,53.73042115],[-127.86110263,53.7305383],[-127.86116027,53.73064689],[-127.86121789,53.73076439],[-127.86127564,53.73088153],[-127.86133266,53.73099903],[-127.86139029,53.73111653],[-127.86144803,53.73123367],[-127.86152059,53.73135152],[-127.8615934,53.73145976],[-127.86165181,53.73153239],[-127.86172586,53.73160503],[-127.86179932,53.73167766],[-127.86185845,53.73174994],[-127.86191685,53.73183148],[-127.86197389,53.73194898],[-127.86203151,53.73207537],[-127.86208385,53.73219074],[-127.86218712,53.73229969],[-127.86234083,53.73240187],[-127.86312314,53.73282273],[-127.86411181,53.73324572],[-127.86527532,53.73364129],[-127.86649775,53.7339094],[-127.86764417,53.73400233],[-127.86861976,53.73399556],[-127.86906065,53.73393966],[-127.86968156,53.73396352],[-127.87042126,53.73413941],[-127.8710953,53.73438117],[-127.87182572,53.73484368],[-127.87272688,53.73530157],[-127.87371717,53.73574521],[-127.87507135,53.73612049],[-127.87633467,53.7365011],[-127.87753683,53.73690772],[-127.87842047,53.73713167],[-127.87912751,53.737351],[-127.8790328,53.73747598],[-127.87888415,53.73780639],[-127.87878244,53.73815995],[-127.87877978,53.73857831],[-127.87882058,53.73900522],[-127.8789358,53.73942572],[-127.87935392,53.7394656],[-127.87969161,53.73951366],[-127.88040118,53.73961906],[-127.88088394,53.73970451],[-127.88099012,53.73971448],[-127.88152284,53.73982129],[-127.88206134,53.73990746],[-127.88325053,53.74017521],[-127.88449161,53.74050847],[-127.88554667,53.74087556],[-127.88626094,53.74112017],[-127.88684568,53.74131529],[-127.88756816,53.74151076],[-127.88761319,53.74152892],[-127.88819659,53.74183121],[-127.88842124,53.74195013],[-127.888976,53.74224281],[-127.88945119,53.74248599],[-127.88984754,53.74267933],[-127.89045373,53.74307454],[-127.8913186,53.74323548],[-127.89184032,53.74339285],[-127.89219141,53.74361503],[-127.89241428,53.74379092],[-127.89265846,53.7439839],[-127.89301752,53.74416478],[-127.89349025,53.74445994],[-127.8940675,53.74479499],[-127.89498989,53.74540562],[-127.89601323,53.74597245],[-127.89728008,53.74644244],[-127.89798942,53.74688751],[-127.89857982,53.74736213],[-127.89891037,53.74788054],[-127.89938726,53.74838827],[-127.89976958,53.74873044],[-127.89998942,53.74894229],[-127.90030349,53.74931365],[-127.90057109,53.74969961],[-127.90069749,53.7499136],[-127.90093495,53.75017138],[-127.90126902,53.75047296],[-127.9013283,53.75052743],[-127.90176095,53.75098994],[-127.90206343,53.75142433],[-127.90245707,53.75182417],[-127.90263888,53.75221832],[-127.90260885,53.75260678],[-127.90345901,53.75283714],[-127.90426583,53.75329218],[-127.90481322,53.75409116],[-127.90505915,53.7551821],[-127.90533012,53.75584044],[-127.90546466,53.75650697],[-127.90543228,53.75718098],[-127.90536873,53.75786353],[-127.90552511,53.75924003],[-127.90586022,53.76022096],[-127.90625164,53.76106551],[-127.90661532,53.76183886],[-127.90666936,53.76275712],[-127.90661159,53.76375335],[-127.90763846,53.76398051],[-127.908571,53.76430167],[-127.90921502,53.76482471],[-127.90943218,53.76560269],[-127.90928384,53.76658219],[-127.91009948,53.76698417],[-127.91088719,53.7675656],[-127.91180409,53.76833396],[-127.9128868,53.76924866],[-127.91186643,53.76977562],[-127.9107595,53.77053259],[-127.90928126,53.77123828],[-127.90768954,53.77189805],[-127.90583159,53.77254322],[-127.90385202,53.77299861],[-127.90216937,53.7733219],[-127.90021021,53.77358253],[-127.8992471,53.77378726],[-127.89825862,53.77394215],[-127.89856529,53.77498752],[-127.89881842,53.77588085],[-127.89945,53.77660257],[-127.90046096,53.77715338],[-127.90170909,53.77792495],[-127.90268784,53.77885958],[-127.90339769,53.77995765],[-127.9035488,53.78120668],[-127.90342923,53.78242402],[-127.90266969,53.78354666],[-127.90183077,53.78442183],[-127.90091248,53.78504955],[-127.90203448,53.78566196],[-127.90291804,53.78529665],[-127.90379637,53.78504884],[-127.9050999,53.78498618],[-127.90634864,53.78501822],[-127.90751697,53.78536074],[-127.90858397,53.78576985],[-127.90985132,53.7867173],[-127.9107323,53.78753622],[-127.91122734,53.78822697],[-127.91109846,53.78844523],[-127.91092718,53.78867666],[-127.91058605,53.78895794],[-127.91046303,53.78921074],[-127.91047097,53.78948632],[-127.91060963,53.78978541],[-127.91069732,53.78992071],[-127.91080272,53.7901646],[-127.91085115,53.79042559],[-127.91084416,53.79070438],[-127.91079473,53.79086567],[-127.91068085,53.79115229],[-127.9106621,53.79128688],[-127.91063891,53.79159237],[-127.91066521,53.79176328],[-127.91086918,53.79208871],[-127.91112322,53.7924266],[-127.91139732,53.7927855],[-127.91169138,53.79316577],[-127.91212,53.79360122],[-127.9124437,53.79402065],[-127.91269132,53.79442441],[-127.91284911,53.79476729],[-127.91299548,53.79497558],[-127.91308377,53.79509308],[-127.91327574,53.79530742],[-127.91337851,53.79542848],[-127.91361387,53.79573611],[-127.91365709,53.79580839],[-127.91372601,53.79608753],[-127.91372283,53.79621358],[-127.91366876,53.79652868],[-127.91361813,53.79672771],[-127.91355588,53.79680533],[-127.91339459,53.79715427],[-127.91450144,53.79760788],[-127.91566574,53.79798387],[-127.91652563,53.79821637],[-127.91653946,53.79825233],[-127.91683183,53.79870452],[-127.91701977,53.79905665],[-127.91706228,53.79917415],[-127.91714198,53.7996242],[-127.9171395,53.79973209],[-127.91710212,53.80000126],[-127.91824397,53.80001372],[-127.91942238,53.80003224],[-127.92063841,53.80005716],[-127.92166126,53.80002725],[-127.92238584,53.80000411],[-127.92262132,53.80030284],[-127.92268022,53.80036621],[-127.92312185,53.80090029],[-127.92328882,53.80109968],[-127.92358025,53.80138986],[-127.92365349,53.80148956],[-127.9240825,53.80194281],[-127.92427337,53.80218422],[-127.9246652,53.80249327],[-127.92517412,53.80279841],[-127.92579891,53.80309963],[-127.92602422,53.80320075],[-127.92682066,53.80351336],[-127.92728844,53.80364652],[-127.92793742,53.80380212],[-127.92840327,53.80412079],[-127.92902859,53.80441702],[-127.9298129,53.80469047],[-127.93005446,53.80473782],[-127.93032674,53.80477628],[-127.93065983,53.80482399],[-127.9309165,53.80488025],[-127.93116802,53.80494825],[-127.9313986,53.80502836],[-127.93163921,53.80511453],[-127.93189569,53.80518574],[-127.93213559,53.80523986],[-127.93235876,53.80530074],[-127.93255883,53.80538014],[-127.93278418,53.80548126],[-127.93304095,53.80552826],[-127.93335895,53.80556707],[-127.93367188,53.80560481],[-127.93405484,53.80566926],[-127.93434593,53.80577572],[-127.93458108,53.8058836],[-127.93476019,53.80600217],[-127.93493942,53.80612038],[-127.93508842,53.80624784],[-127.93528201,53.80640237],[-127.93549023,53.806569],[-127.93569934,53.80671142],[-127.93572931,53.80672994],[-127.9358983,53.80684815],[-127.93608764,53.80695781],[-127.93626689,53.80707602],[-127.93650679,53.80719494],[-127.93669285,53.80725868],[-127.93691351,53.8073217],[-127.93720621,53.80736229],[-127.93750418,53.80739255],[-127.93776208,53.80741285],[-127.93800376,53.80745094],[-127.93827548,53.80752536],[-127.93853221,53.80759052],[-127.93877272,53.80767348],[-127.93910453,53.80775751],[-127.9393613,53.80783156],[-127.93961743,53.80789672],[-127.93984411,53.80795262],[-127.9401315,53.80799107],[-127.94033118,53.80791524],[-127.940545,53.80785115],[-127.94085037,53.80779097],[-127.94114013,53.8077486],[-127.9414137,53.80773294],[-127.94170172,53.80774433],[-127.94197426,53.80777673],[-127.94223132,53.80783014],[-127.94245809,53.80787678],[-127.94269969,53.80792414],[-127.94307964,53.80831081],[-127.94347666,53.80857821],[-127.94375564,53.80881818],[-127.94391755,53.80903146],[-127.94400689,53.80922195],[-127.94411568,53.8093868],[-127.94431347,53.80951818],[-127.94453948,53.80964814],[-127.94477041,53.80974],[-127.9451684,53.80980659],[-127.94573429,53.80984718],[-127.94715417,53.81077683],[-127.94790464,53.81160429],[-127.94850927,53.81244244],[-127.9489376,53.81312642],[-127.94942918,53.81414046],[-127.95051103,53.81622016],[-127.95208802,53.81876593],[-127.95421407,53.8210347],[-127.95574801,53.8222702],[-127.95673566,53.82288118],[-127.95772517,53.82312757],[-127.95896364,53.82328424],[-127.9591799,53.82395112],[-127.95933721,53.82436307],[-127.95932901,53.82454466],[-127.95921585,53.82475153],[-127.95912109,53.8248943],[-127.95899497,53.8250912],[-127.95887953,53.82524893],[-127.95878494,53.82537675],[-127.95871169,53.82547503],[-127.95857284,53.82555478],[-127.95846527,53.82561673],[-127.95831082,53.82571429],[-127.9580956,53.8258204],[-127.95790064,53.82592365],[-127.9577711,53.82603332],[-127.957544,53.82620386],[-127.9572191,53.82643601],[-127.95659959,53.82664715],[-127.95596938,53.82681449],[-127.95562725,53.82684547],[-127.95526434,53.82684654],[-127.9548803,53.82681699],[-127.95502845,53.82697116],[-127.95559488,53.82740447],[-127.95646426,53.82788265],[-127.95708965,53.82840142],[-127.95747011,53.82898891],[-127.95760563,53.82964511],[-127.95762736,53.83120925],[-127.95962902,53.83111205],[-127.96109295,53.83129541],[-127.96202027,53.83175971],[-127.96267396,53.83236784],[-127.96162144,53.83368808],[-127.96130169,53.83501652],[-127.96241986,53.83650944],[-127.96328903,53.83700222],[-127.9641114,53.8375395],[-127.96491927,53.83806788],[-127.9656803,53.83863187],[-127.96650891,53.8391453],[-127.96728062,53.83968828],[-127.96807242,53.84023446],[-127.96875733,53.84082444],[-127.96933461,53.84145857],[-127.96980423,53.84212795],[-127.97029531,53.84276742],[-127.97106583,53.84329829],[-127.97226203,53.84375796],[-127.97421405,53.84398334],[-127.9766195,53.84395094],[-127.97889195,53.84350979],[-127.98069992,53.84282332],[-127.9813673,53.84372769],[-127.98225073,53.84512342],[-127.98348694,53.84678689],[-127.98590757,53.84864798],[-127.98870794,53.85048628],[-127.99233545,53.85198205],[-127.99595672,53.85314172],[-127.99828604,53.85375947],[-128.00028407,53.85420275],[-128.0015881,53.85435123],[-128.00287352,53.85442493],[-128.0041067,53.85436333],[-128.0055192,53.85442885],[-128.00603983,53.85476603],[-128.00667752,53.8551616],[-128.00746193,53.85556074],[-128.00842271,53.85593602],[-128.00923244,53.85618632],[-128.00971724,53.85641526],[-128.00987616,53.85662213],[-128.0102727,53.85721887],[-128.01008384,53.85777147],[-128.01013165,53.85847502],[-128.01041505,53.85932919],[-128.01088025,53.85997222],[-128.01118518,53.86042512],[-128.01133103,53.86068789],[-128.01211488,53.86120773],[-128.01309212,53.8616033],[-128.01406946,53.86192588],[-128.01481073,53.86229582],[-128.01546592,53.86276154],[-128.01622761,53.86327212],[-128.01624299,53.86390126],[-128.01574389,53.86437766],[-128.0151822,53.86476967],[-128.01469771,53.86508727],[-128.01440475,53.86534256],[-128.01434403,53.86561672],[-128.01440739,53.86588091],[-128.01453293,53.86614332],[-128.01422778,53.86682694],[-128.01358978,53.86752196],[-128.01292471,53.86821662],[-128.01223199,53.86891092],[-128.01189122,53.86960914],[-128.01172702,53.87033584],[-128.0117509,53.87125303],[-128.01259319,53.87145384],[-128.01308127,53.87175044],[-128.01329718,53.87205379],[-128.01354525,53.87236035],[-128.01392273,53.87253518],[-128.01428603,53.87268721],[-128.01455883,53.87280435],[-128.01475294,53.87295852],[-128.0149158,53.87314865],[-128.01502066,53.87336442],[-128.01509774,53.87359657],[-128.01519681,53.87391915],[-128.01541368,53.8742453],[-128.0157669,53.87453904],[-128.01608478,53.87474626],[-128.01635008,53.87490435],[-128.01655978,53.87504072],[-128.01676935,53.87517744],[-128.01699468,53.87530491],[-128.01721936,53.87544163],[-128.0174296,53.8755691],[-128.01765482,53.87569692],[-128.01788003,53.87582474],[-128.01810537,53.87595221],[-128.01829938,53.87608858],[-128.01847889,53.87622495],[-128.01864285,53.87637912],[-128.01879111,53.87653329],[-128.01895512,53.8766782],[-128.01911901,53.87682347],[-128.01928348,53.87695058],[-128.01773533,53.87765699],[-128.01609808,53.87843176],[-128.01445625,53.8793169],[-128.01225146,53.88035337],[-128.009738,53.88135139],[-128.00706178,53.88214752],[-128.0053465,53.88277417],[-128.00415853,53.88340083],[-128.00335517,53.88393134],[-128.0029709,53.88435647],[-128.00256846,53.88465591],[-128.00244679,53.8849995],[-128.00218827,53.88534772],[-128.00208576,53.88575932],[-128.00198171,53.88615916],[-128.0020042,53.88648887],[-128.00207366,53.88697773],[-128.00202747,53.88743276],[-128.00245007,53.8875613],[-128.00274601,53.88769838],[-128.00291503,53.88784471],[-128.00300263,53.88800707],[-128.00309011,53.88816979],[-128.00316254,53.88832325],[-128.00321792,53.88854827],[-128.00322657,53.88883596],[-128.00377823,53.88908022],[-128.00452751,53.88935901],[-128.00547367,53.88967269],[-128.00436982,53.89001414],[-128.00486173,53.89039156],[-128.00550866,53.89075153],[-128.00600208,53.89042716],[-128.00677074,53.89030254],[-128.00781573,53.89037803],[-128.0092243,53.8906383],[-128.01069634,53.89102818],[-128.0122254,53.89135539],[-128.01378389,53.89173067],[-128.01536181,53.89220992],[-128.01671497,53.89261439],[-128.01784383,53.89294445],[-128.01889314,53.89326668],[-128.02012836,53.89358036],[-128.02132868,53.89394852],[-128.02249347,53.89431276],[-128.02333735,53.89489669],[-128.02415109,53.89552441],[-128.02476203,53.89622654],[-128.02550645,53.89687776],[-128.02613969,53.89748519],[-128.02684069,53.89796621],[-128.02742646,53.89837354],[-128.02775891,53.89781881],[-128.02788149,53.89755925],[-128.02800072,53.89723666],[-128.02808049,53.89706647],[-128.02811267,53.8970038],[-128.02819297,53.89682471],[-128.02824117,53.89671718],[-128.02832039,53.89656515],[-128.02848861,53.89632659],[-128.02874394,53.89602003],[-128.02880674,53.89594882],[-128.02934778,53.89580355],[-128.030404,53.89552726],[-128.03197575,53.89512064],[-128.03242912,53.89482548],[-128.03293317,53.89453601],[-128.03348741,53.89425188],[-128.03416689,53.8940386],[-128.03464937,53.8938766],[-128.03494509,53.89373311],[-128.03508927,53.8936295],[-128.03529238,53.89364018],[-128.03569685,53.89376017],[-128.03627438,53.8939325],[-128.03737932,53.89420203],[-128.03886686,53.89457375],[-128.04032144,53.89485503],[-128.04163734,53.89521607],[-128.04331509,53.89570564],[-128.04453515,53.89612293],[-128.04549257,53.89654699],[-128.04599147,53.89692868],[-128.04607975,53.89718682],[-128.04595596,53.89737161],[-128.04578413,53.89754999],[-128.04558208,53.89772837],[-128.04538067,53.8978975],[-128.04517865,53.89806662],[-128.04497724,53.89823575],[-128.04492937,53.89832227],[-128.04484977,53.89847751],[-128.04629945,53.89899236],[-128.04786084,53.89949297],[-128.04889002,53.89980985],[-128.04957193,53.90008401],[-128.05006285,53.90027949],[-128.05022597,53.90054546],[-128.05072067,53.90073132],[-128.05123516,53.90093783],[-128.05206097,53.90100655],[-128.05285362,53.90117959],[-128.05394779,53.90125187],[-128.05520602,53.90131596],[-128.05678369,53.90133127],[-128.05824634,53.90139856],[-128.05967055,53.90153671],[-128.06092427,53.90175034],[-128.06221621,53.90159652],[-128.06348628,53.90152745],[-128.06417747,53.90206936],[-128.06430424,53.90284627],[-128.06386523,53.90385853],[-128.06337458,53.90515812],[-128.06336453,53.90629036],[-128.06336863,53.90747708],[-128.06336728,53.90888812],[-128.0629876,53.91066482],[-128.06325029,53.91230088],[-128.06373602,53.91372972],[-128.06412888,53.91454971],[-128.06416286,53.91542987],[-128.06399391,53.91640332],[-128.06374684,53.9175409],[-128.06358194,53.91857025],[-128.06334383,53.91945825],[-128.06283491,53.92065885],[-128.06266569,53.92187086],[-128.06250477,53.92284252],[-128.06217953,53.92361694],[-128.06168684,53.92401038],[-128.06135732,53.92452736],[-128.06119061,53.92516719],[-128.06119178,53.92578743],[-128.06120508,53.92656042],[-128.0612157,53.9274502],[-128.06122262,53.92849307],[-128.06121455,53.92885269],[-128.06122733,53.92962568],[-128.06122202,53.93055141],[-128.06035007,53.93118269],[-128.05960281,53.9318891],[-128.05883991,53.93256026],[-128.05821354,53.93316555],[-128.05757692,53.93369892],[-128.05708946,53.93415929],[-128.05553231,53.93453065],[-128.05431047,53.93496931],[-128.0532364,53.93539444],[-128.05230961,53.93580568],[-128.05128508,53.93619591],[-128.05026212,53.93654449],[-128.04930342,53.93692938],[-128.04833144,53.93746702],[-128.04752204,53.93800679],[-128.04687455,53.93857292],[-128.04629514,53.93919138],[-128.04556809,53.93974006],[-128.0462928,53.94048563],[-128.0471807,53.94117281],[-128.04682303,53.94173324],[-128.04630491,53.94239727],[-128.04583234,53.94321548],[-128.04545436,53.94406253],[-128.04586855,53.94503954],[-128.0460174,53.94609523],[-128.04600164,53.94730973],[-128.04582413,53.94854167],[-128.04747872,53.94949874],[-128.04903228,53.95049853],[-128.05075963,53.95116257],[-128.05266033,53.95149014],[-128.05176742,53.9525615],[-128.05187729,53.95375784],[-128.05157018,53.9549029],[-128.05126261,53.9558354],[-128.05066937,53.95647096],[-128.05036054,53.95715636],[-128.04963237,53.95798382],[-128.04901371,53.95904949],[-128.04825618,53.96020096],[-128.04731354,53.96185625],[-128.04695981,53.96333244],[-128.04713691,53.9645594],[-128.04784495,53.96553676],[-128.04790931,53.96708238],[-128.04819121,53.96885303],[-128.04862458,53.97034275],[-128.04899345,53.97132546],[-128.04917026,53.97187805],[-128.04943084,53.97243741],[-128.0497721,53.9730573],[-128.04994165,53.97357678],[-128.05003025,53.97399407],[-128.05003047,53.97465918],[-128.04834261,53.97497927],[-128.04713338,53.97540724],[-128.04640292,53.97594275],[-128.04539752,53.976558],[-128.04402286,53.97755958],[-128.04227808,53.97894818],[-128.04123043,53.97987356],[-128.04017935,53.98069284],[-128.04040477,53.98195006],[-128.04047191,53.98322117],[-128.04068948,53.98461013],[-128.04121185,53.98598948],[-128.04183711,53.98730082],[-128.0428547,53.98883683],[-128.04365446,53.99009868],[-128.04425726,53.99108708],[-128.0446778,53.99201815],[-128.044252,53.99285381],[-128.04405731,53.99411459],[-128.04426074,53.99536754],[-128.04486293,53.99661265],[-128.04445469,53.99778976],[-128.04405855,53.9988743],[-128.04369371,53.99983528],[-128.04329839,54.00073574],[-128.04287234,54.00157638],[-128.03970867,54.00293828],[-128.03667881,54.00420547],[-128.03451269,54.00527256],[-128.03280362,54.00614773],[-128.03167819,54.00680892],[-128.03100311,54.00745836],[-128.03072046,54.00738146],[-128.03020276,54.00718029],[-128.02956825,54.00676371],[-128.02884766,54.00603593],[-128.02818914,54.00511661],[-128.0270622,54.0045925],[-128.02605942,54.00383517],[-128.02494202,54.00311915],[-128.02369755,54.00252882],[-128.02258414,54.00223614],[-128.02174913,54.00211651],[-128.02145183,54.0020809],[-128.02112426,54.00209337],[-128.02076727,54.00215318],[-128.02090327,54.00190786],[-128.02094383,54.00170242],[-128.02090676,54.00153614],[-128.02086121,54.00137913],[-128.0208504,54.00121036],[-128.02079011,54.0010188],[-128.02067725,54.00078238],[-128.02056171,54.00049683],[-128.02057258,54.00016926],[-128.02069223,53.99991468],[-128.02083427,53.99972313],[-128.02093407,53.99958106],[-128.02096835,53.99941336],[-128.02097268,53.99924281],[-128.02094047,53.99908579],[-128.02070848,53.99880629],[-128.02008908,53.99840573],[-128.01893059,53.99791082],[-128.01741489,53.99743407],[-128.01657501,53.99782181],[-128.01567951,53.9981241],[-128.01436793,53.99819495],[-128.01339949,53.99821311],[-128.01277502,53.99817786],[-128.0125603,53.9982213],[-128.01222368,53.99826331],[-128.01188695,53.99830568],[-128.01159626,53.99834805],[-128.01132098,53.99836372],[-128.01100087,53.99837013],[-128.01064938,53.99837618],[-128.01032916,53.99837369],[-128.00996401,53.99833452],[-128.00959974,53.99826865],[-128.00922022,53.99818462],[-128.00890077,53.99812801],[-128.00858143,53.99808956],[-128.0081397,53.9980771],[-128.00785026,53.99805644],[-128.00774328,53.99805573],[-128.0074624,53.99804042],[-128.00717493,53.99801194],[-128.00686098,53.99794963],[-128.00654264,53.99787486],[-128.00628414,53.99781896],[-128.00594837,53.99776413],[-128.00568677,53.99771214],[-128.00552523,53.9976598],[-128.00490524,53.99743905],[-128.0044976,53.9974686],[-128.0041873,53.99748391],[-128.00397362,53.99748534],[-128.00372912,53.9974921],[-128.0034089,53.99748961],[-128.00318559,53.99746682],[-128.00301349,53.99744119],[-128.00292728,53.9973568],[-128.0026657,53.99716987],[-128.00215684,53.99689287],[-128.00144193,53.99666428],[-128.00065576,53.99651082],[-128.00025886,53.99644851],[-127.9999525,53.99636128],[-127.9996451,53.9962477],[-127.99929316,53.99609816],[-127.9989253,53.99587527],[-127.99854261,53.99557939],[-127.99804151,53.99561321],[-127.99762498,53.9955979],[-127.99729311,53.9955331],[-127.99706592,53.9954594],[-127.99685438,53.99536754],[-127.99676394,53.99532196],[-127.99664306,53.99526393],[-127.99647709,53.99519378],[-127.99616961,53.99508234],[-127.99575494,53.99493209],[-127.99521948,53.99476973],[-127.99466075,53.9946063],[-127.99418028,53.99449236],[-127.99370412,53.99442435],[-127.99319998,53.9944564],[-127.99270632,53.99447313],[-127.99228348,53.99443646],[-127.9918954,53.99436952],[-127.99154172,53.99427161],[-127.99127004,53.99414343],[-127.99092328,53.99399674],[-127.9906515,53.99385966],[-127.99032419,53.99374786],[-127.98998004,53.99367629],[-127.98961989,53.99364424],[-127.98900867,53.99402843],[-127.98818205,53.99436027],[-127.98713751,53.99471383],[-127.98601522,53.99500899],[-127.98492145,53.9953095],[-127.98394415,53.99555589],[-127.98339099,53.99552135],[-127.98259953,53.99545441],[-127.98194324,53.9953152],[-127.98142298,53.99510299],[-127.9813496,53.99500365],[-127.98111527,53.99479501],[-127.98085573,53.9945949],[-127.98061718,53.994377],[-127.9803058,53.99422781],[-127.9799529,53.99410177],[-127.97951294,53.99399923],[-127.97887972,53.99430259],[-127.97798321,53.9947861],[-127.97683233,53.99507593],[-127.97567701,53.99551566],[-127.97451743,53.99594434],[-127.97348695,53.99629897],[-127.97259351,53.99644104],[-127.9718301,53.99667033],[-127.97093769,53.99697333],[-127.96990832,53.99748854],[-127.96874909,53.99807816],[-127.96797041,53.99818605],[-127.96719752,53.99832242],[-127.96631618,53.99850863],[-127.96529485,53.99861758],[-127.96426907,53.99870873],[-127.96336168,53.99870873],[-127.96257852,53.99879703],[-127.96164209,53.99888355],[-127.96070078,53.99924103],[-127.95990117,53.99976265],[-127.95951085,54.00054098],[-127.95925279,54.00136666],[-127.95887518,54.00223543],[-127.95825042,54.0030839],[-127.95751403,54.00263706],[-127.95678177,54.00222012],[-127.9561179,54.00185873],[-127.95539933,54.00166005],[-127.95457948,54.0017658],[-127.95371425,54.00205563],[-127.95258583,54.00263919],[-127.95148309,54.00340257],[-127.95078673,54.00372587],[-127.95036817,54.00420476],[-127.95010036,54.00487556],[-127.94971636,54.00558838],[-127.94907603,54.00628481],[-127.94845733,54.00662983],[-127.94875967,54.00679931],[-127.94892165,54.00697556],[-127.94894267,54.00715857],[-127.94894806,54.00734122],[-127.94902592,54.00753563],[-127.94913094,54.00774142],[-127.9492484,54.0079223],[-127.94938161,54.00810317],[-127.949468,54.0083104],[-127.94958444,54.00851833],[-127.94945306,54.00868212],[-127.94927674,54.00902499],[-127.94914632,54.00949926],[-127.94910682,54.00992545],[-127.94897972,54.01011309],[-127.94891642,54.01020246],[-127.94877296,54.01045276],[-127.94819607,54.01060231],[-127.94776342,54.01100429],[-127.94757573,54.01159569],[-127.94767557,54.0122138],[-127.9475825,54.01227575],[-127.94725861,54.01246482],[-127.94698882,54.0126902],[-127.94682804,54.01293053],[-127.94675084,54.01316731],[-127.94676728,54.01333857],[-127.94678961,54.01346425],[-127.94566509,54.01387692],[-127.9445478,54.01412188],[-127.9434298,54.01427677],[-127.94230372,54.01441385],[-127.94116126,54.01466522],[-127.9400026,54.01507646],[-127.93986191,54.01575153],[-127.93959778,54.01640026],[-127.93921087,54.01701694],[-127.93895265,54.01763114],[-127.93882319,54.01824817],[-127.93882025,54.0189763],[-127.93890722,54.01974074],[-127.93908507,54.02055148],[-127.93843795,54.0203998],[-127.93772214,54.02032253],[-127.93693643,54.02040265],[-127.93617808,54.02063372],[-127.93528915,54.02082136],[-127.93427678,54.02096414],[-127.93314716,54.02096022],[-127.93203896,54.02091144],[-127.93091002,54.02089257],[-127.92977659,54.02085234],[-127.928615,54.02070422],[-127.92755048,54.02055397],[-127.92655461,54.02051195],[-127.92629313,54.02090717],[-127.92582396,54.02134049],[-127.92514711,54.0218119],[-127.92401141,54.02159791],[-127.92288182,54.02145015],[-127.92238997,54.02179018],[-127.92162504,54.02191017],[-127.92057974,54.02188382],[-127.91937865,54.02175814],[-127.91817032,54.02165631],[-127.91703638,54.02143342],[-127.91615529,54.02126358],[-127.9152915,54.02121801],[-127.91443218,54.02120305],[-127.91328628,54.02143271],[-127.91224492,54.02176455],[-127.91131922,54.02214267],[-127.9105675,54.02267533],[-127.9096994,54.02305702],[-127.90871221,54.02338067],[-127.90869418,54.02407248],[-127.9086775,54.02471052],[-127.90865838,54.02542049],[-127.90754384,54.02543117],[-127.9063601,54.02535747],[-127.90510777,54.02519938],[-127.90497426,54.02505447],[-127.90488527,54.02494552],[-127.90473795,54.02473758],[-127.90457536,54.02453926],[-127.90445351,54.02434237],[-127.90439732,54.02415223],[-127.90437662,54.02397029],[-127.90416884,54.02375274],[-127.90407975,54.02364415],[-127.90399221,54.02349033],[-127.90382885,54.0233091],[-127.90371101,54.02315529],[-127.90359318,54.02300147],[-127.90354134,54.02283128],[-127.90356445,54.02267462],[-127.90369684,54.02254501],[-127.90390578,54.02238906],[-127.90410647,54.02218825],[-127.90409995,54.02191729],[-127.90389881,54.02161714],[-127.90343438,54.02116139],[-127.90284009,54.02067859],[-127.90212924,54.02003093],[-127.90096495,54.01962467],[-127.90016514,54.02003983],[-127.89933844,54.0205237],[-127.89836172,54.02102325],[-127.89739771,54.02150071],[-127.8964463,54.02195646],[-127.89561299,54.02241612],[-127.89465234,54.02294949],[-127.89356435,54.02355656],[-127.89311403,54.02385813],[-127.89360676,54.02393362],[-127.89393055,54.02402334],[-127.89406398,54.02415366],[-127.89409389,54.02431673],[-127.89407218,54.0245592],[-127.89408314,54.02473011],[-127.89407846,54.02490066],[-127.89405759,54.02509826],[-127.89399191,54.02527736],[-127.8939252,54.02548351],[-127.89392008,54.02569038],[-127.89389974,54.02586983],[-127.89386383,54.02607634],[-127.89382844,54.02626469],[-127.89374667,54.02647975],[-127.89368331,54.02655986],[-127.8935413,54.02672044],[-127.8934775,54.02682761],[-127.8938389,54.02720253],[-127.89407598,54.0277359],[-127.89395761,54.02824612],[-127.89338053,54.02870436],[-127.89247082,54.02910136],[-127.89239596,54.02929363],[-127.89229266,54.02948946],[-127.89211885,54.0297006],[-127.89197067,54.02990568],[-127.89186398,54.03010258],[-127.89175196,54.03029912],[-127.89170404,54.03036179],[-127.8915613,54.03057613],[-127.89149501,54.03076448],[-127.89142842,54.03097954],[-127.89133237,54.03114047],[-127.89118301,54.03128289],[-127.89099386,54.03143386],[-127.89079202,54.03163254],[-127.89067165,54.0319391],[-127.89052887,54.03240019],[-127.89031176,54.03296738],[-127.88987277,54.03358976],[-127.88943357,54.03421463],[-127.88941252,54.03499652],[-127.88959594,54.03556442],[-127.8893315,54.0357599],[-127.88906656,54.03596427],[-127.88887716,54.03612521],[-127.88870132,54.03629647],[-127.8885259,54.03650333],[-127.88840002,54.036707],[-127.88843531,54.03705094],[-127.88874282,54.03741518],[-127.88932305,54.03780008],[-127.88852521,54.03830816],[-127.88775812,54.0388223],[-127.88702165,54.03934285],[-127.88633293,54.03902774],[-127.88563331,54.03871264],[-127.88492401,54.03839753],[-127.88403736,54.03835587],[-127.88352803,54.03827861],[-127.88303979,54.03822022],[-127.88234035,54.0380575],[-127.88142814,54.03778975],[-127.88093374,54.0384513],[-127.88032337,54.03911889],[-127.8795635,54.0396163],[-127.87909947,54.04021696],[-127.87893104,54.04092159],[-127.8777819,54.04106365],[-127.87736718,54.04154219],[-127.8769568,54.04202962],[-127.87655126,54.04252631],[-127.87531644,54.0424608],[-127.87405345,54.04247896],[-127.8728223,54.04262316],[-127.87161142,54.04297636],[-127.87038785,54.04341217],[-127.86986086,54.04383374],[-127.86908631,54.04424284],[-127.86806224,54.04457184],[-127.86691338,54.04482677],[-127.86649508,54.04536192],[-127.86595772,54.04575963],[-127.8653377,54.04597753],[-127.86466466,54.04607295],[-127.86352594,54.04619579],[-127.86237994,54.04639589],[-127.86122776,54.04665154],[-127.86010864,54.04679396],[-127.86007383,54.04752137],[-127.86005772,54.04810566],[-127.86040843,54.04868104],[-127.86075973,54.04924182],[-127.86111124,54.04978729],[-127.8614757,54.05024019],[-127.86197089,54.05070128],[-127.8625974,54.05112284],[-127.86337024,54.05152554],[-127.86321879,54.05223016],[-127.86307055,54.05280911],[-127.86305893,54.05324029],[-127.86331322,54.05362838],[-127.86289339,54.05427141],[-127.86247933,54.05488774],[-127.86219904,54.0553944],[-127.86192203,54.05590035],[-127.86164852,54.05640488],[-127.86125078,54.05697349],[-127.86085418,54.05752395],[-127.86030619,54.05805518],[-127.86015944,54.05857822],[-127.86041345,54.05909272],[-127.85968867,54.05934658],[-127.85967374,54.0598949],[-127.85966118,54.06035314],[-127.85952394,54.06091001],[-127.85926459,54.06143981],[-127.85888416,54.06194861],[-127.85850294,54.06246347],[-127.8580985,54.0631097],[-127.85770081,54.06366906],[-127.85743574,54.06418498],[-127.85729481,54.06474398],[-127.85727764,54.06536387],[-127.8572444,54.06601972],[-127.85660235,54.06651605],[-127.85608524,54.0670512],[-127.85572649,54.06750339],[-127.85528248,54.06789754],[-127.85483857,54.0684868],[-127.85373716,54.06851493],[-127.85280257,54.06842521],[-127.8520343,54.06821727],[-127.8515587,54.06858935],[-127.85109223,54.06899631],[-127.85063491,54.06943818],[-127.8502455,54.06990781],[-127.84965684,54.0701809],[-127.84996638,54.07065623],[-127.85014482,54.07120918],[-127.85019214,54.07183975],[-127.85054853,54.07219687],[-127.85078388,54.07259173],[-127.85101608,54.07305709],[-127.85112031,54.0736403],[-127.85122389,54.07432143],[-127.85120302,54.07506736],[-127.85056432,54.07544086],[-127.85005026,54.07586528],[-127.84963802,54.07640078],[-127.84922573,54.07694198],[-127.84881266,54.07748923],[-127.8486787,54.07792041],[-127.84851531,54.07830459],[-127.84798457,54.07875571],[-127.84755546,54.07930189],[-127.8467685,54.07992677],[-127.84610636,54.08046547],[-127.845446,54.08087885],[-127.84492128,54.08131715],[-127.84427526,54.08175331],[-127.8437534,54.08226959],[-127.84322402,54.08279583],[-127.84280969,54.08339115],[-127.84165121,54.0836525],[-127.84048489,54.08398006],[-127.84046781,54.08459105],[-127.83933354,54.08490046],[-127.83818636,54.08528784],[-127.83720531,54.0857938],[-127.83646237,54.08631399],[-127.83595633,54.08684842],[-127.8348171,54.08713398],[-127.83381871,54.08747294],[-127.83303136,54.08791765],[-127.83245556,54.08846846],[-127.83141635,54.08862512],[-127.83053775,54.08895412],[-127.82981855,54.08945544],[-127.82928377,54.08997741],[-127.82890638,54.09054318],[-127.8285275,54.09113565],[-127.82736062,54.09131296],[-127.8270454,54.09127095],[-127.82675065,54.09124424],[-127.82653705,54.09124211],[-127.82616914,54.09126062],[-127.8257541,54.09127843],[-127.8252906,54.0912738],[-127.82482512,54.09122537],[-127.82437105,54.09176942],[-127.82408399,54.09230777],[-127.82396383,54.09284078],[-127.82402158,54.09313203],[-127.82386489,54.09344216],[-127.82380412,54.0936711],[-127.82379354,54.09387298],[-127.82383278,54.09404709],[-127.82390154,54.09432339],[-127.8240802,54.09466057],[-127.82433516,54.09503157],[-127.824467,54.09523061],[-127.82464576,54.09540329],[-127.82484389,54.09559093],[-127.82497327,54.09582699],[-127.82517105,54.09617628],[-127.8254364,54.09663951],[-127.82611957,54.09735909],[-127.82602073,54.09809718],[-127.82577954,54.09869393],[-127.82539589,54.09914968],[-127.82557206,54.0997717],[-127.82595676,54.10042256],[-127.82563128,54.10087689],[-127.82549228,54.10134581],[-127.82553965,54.10182968],[-127.82564837,54.10213624],[-127.82555263,54.10226122],[-127.82547095,54.10244316],[-127.82543695,54.10258166],[-127.82541801,54.10270949],[-127.82539816,54.10285298],[-127.82533217,54.10302602],[-127.82524117,54.1031809],[-127.82512518,54.10331762],[-127.82494156,54.10349565],[-127.82473354,54.10365552],[-127.82448397,54.10382357],[-127.82423428,54.10399199],[-127.8239852,54.1041604],[-127.82373551,54.10432881],[-127.82342521,54.10448761],[-127.82330112,54.10454921],[-127.82302335,54.10462754],[-127.82266505,54.10468665],[-127.82237572,54.10469483],[-127.82212259,54.10468344],[-127.82190626,54.10465246],[-127.82166213,54.10462291],[-127.8214185,54.10459372],[-127.82112883,54.10455491],[-127.82085484,54.10451645],[-127.82064982,54.10448619],[-127.82048426,54.10445592],[-127.82034259,54.10442139],[-127.82018545,54.104384],[-127.82006363,54.10436477],[-127.81968212,54.10434305],[-127.81933136,54.10430353],[-127.8190769,54.10428324],[-127.81882742,54.10427184],[-127.81849094,54.10426828],[-127.81816469,54.10427612],[-127.81784817,54.10429499],[-127.81758615,54.10435124],[-127.81730907,54.10442744],[-127.81709289,54.10448832],[-127.81687732,54.10454921],[-127.81657884,54.10463324],[-127.81634241,54.10469661],[-127.8161678,54.10474005],[-127.81578271,54.10485292],[-127.81561207,54.10492306],[-127.81550363,54.10498502],[-127.81517852,54.10511676],[-127.81497763,54.10518654],[-127.81480732,54.10525384],[-127.81463182,54.10532398],[-127.81447044,54.10539733],[-127.81432729,54.10547067],[-127.81416182,54.10554722],[-127.81400161,54.10562627],[-127.8137997,54.10573237],[-127.81360432,54.10583527],[-127.81336781,54.10597271],[-127.81296197,54.1061486],[-127.81244057,54.10636009],[-127.8115883,54.10658227],[-127.81153148,54.10748059],[-127.81055451,54.10795627],[-127.81024645,54.10803425],[-127.81000058,54.10806167],[-127.80977104,54.10807448],[-127.80951131,54.10807199],[-127.80923581,54.10806024],[-127.80897608,54.10805775],[-127.80874712,54.10803745],[-127.80841745,54.1080371],[-127.8080232,54.10808908],[-127.80757131,54.10821655],[-127.80721271,54.10838354],[-127.80689358,54.10854127],[-127.80660831,54.10866624],[-127.80588223,54.10891085],[-127.80476446,54.10930108],[-127.80488823,54.10979066],[-127.80516414,54.11028486],[-127.80485198,54.11050632],[-127.80439661,54.11068862],[-127.80390758,54.11091044],[-127.80328442,54.1112907],[-127.80195565,54.11156522],[-127.80060124,54.11186039],[-127.79970668,54.11217193],[-127.799065,54.1124404],[-127.79868401,54.11261807],[-127.79845254,54.11269391],[-127.79824155,54.11270566],[-127.79781615,54.11259742],[-127.79740345,54.11253368],[-127.79700257,54.11251339],[-127.79645796,54.11247209],[-127.7958656,54.11285271],[-127.79497478,54.11350891],[-127.79424352,54.11304925],[-127.79345406,54.11266685],[-127.79319471,54.11263729],[-127.79292028,54.11261664],[-127.79267076,54.11259599],[-127.79242437,54.1125935],[-127.7921708,54.11259991],[-127.79187928,54.11263302],[-127.79171546,54.1126583],[-127.7915166,54.11266827],[-127.79128208,54.11266293],[-127.79099198,54.11264192],[-127.79076349,54.11261273],[-127.79051983,54.11257427],[-127.79019927,54.11253511],[-127.78986463,54.11248704],[-127.78964102,54.11244859],[-127.78942274,54.11241975],[-127.78919377,54.11239019],[-127.78898046,54.11237025],[-127.78875711,54.11234391],[-127.7885235,54.1123026],[-127.78823572,54.11221003],[-127.78803852,54.11214487],[-127.78774984,54.112079],[-127.78752136,54.11204981],[-127.78727669,54.11203841],[-127.78707806,54.11202738],[-127.78680264,54.11202453],[-127.78647944,54.11203948],[-127.7861849,54.11206334],[-127.78588265,54.11211425],[-127.78563565,54.11218368],[-127.78538865,54.11225311],[-127.78514176,54.11233144],[-127.78498775,54.11237488],[-127.78464685,54.11250627],[-127.78426021,54.112664],[-127.78387285,54.11282209],[-127.78353153,54.11298053],[-127.7833155,54.11304996],[-127.78304829,54.11311618],[-127.78274569,54.11317921],[-127.78242239,54.11324792],[-127.78210908,54.11333053],[-127.78179534,54.11342737],[-127.78145058,54.1135317],[-127.7809435,54.11359223],[-127.78041502,54.11354808],[-127.77967909,54.11342381],[-127.77875592,54.11348434],[-127.77777465,54.11367697],[-127.77756307,54.1135762],[-127.77727182,54.11343521],[-127.77699102,54.11327356],[-127.77667565,54.11306384],[-127.77636226,54.11298266],[-127.77611975,54.11294813],[-127.77589978,54.11292997],[-127.77570116,54.11291893],[-127.77548736,54.11289864],[-127.77528862,54.11288795],[-127.77507492,54.11287656],[-127.77484023,54.11287727],[-127.77456959,54.11288938],[-127.77432452,54.11289579],[-127.77398796,54.11290148],[-127.77366659,54.11290718],[-127.77333005,54.11290362],[-127.77295636,54.11289116],[-127.77251296,54.11282849],[-127.77199964,54.11271634],[-127.77135382,54.11247921],[-127.77050109,54.11338714],[-127.76980696,54.11356908],[-127.76977949,54.1139821],[-127.76866611,54.11415337],[-127.7676859,54.11426339],[-127.76683788,54.11431145],[-127.76568631,54.11426695],[-127.76437767,54.11421247],[-127.76320842,54.11424736],[-127.76303591,54.11439833],[-127.76287397,54.11453755],[-127.76276587,54.11467925],[-127.76270258,54.1148085],[-127.76268361,54.11492493],[-127.76153651,54.11492208],[-127.76140904,54.11490891],[-127.76130803,54.11489289],[-127.76124681,54.11488327],[-127.76120127,54.11487401],[-127.76086668,54.11480743],[-127.76057681,54.11477468],[-127.7603324,54.11476613],[-127.76001102,54.11477183],[-127.75968963,54.11477752],[-127.75936824,54.11478322],[-127.75904687,54.11477966],[-127.75874108,54.11476755],[-127.75853759,54.11475652],[-127.75835899,54.11475474],[-127.75805041,54.11484126],[-127.75774232,54.11492813],[-127.75735684,54.11501394],[-127.75709613,54.11504741],[-127.75689608,54.11507198],[-127.75654247,54.11514034],[-127.75623429,54.11520906],[-127.75611103,54.1152347],[-127.75580718,54.11528846],[-127.75538364,54.11529629],[-127.75484065,54.11525748],[-127.75452569,54.11544797],[-127.75425681,54.11556511],[-127.75403461,54.11560891],[-127.75372881,54.1155968],[-127.75347954,54.11558826],[-127.75327042,54.11557401],[-127.75291974,54.11560036],[-127.75259102,54.11566872],[-127.75228537,54.11577946],[-127.75194549,54.11589268],[-127.75169956,54.1159881],[-127.75141495,54.11605718],[-127.75109238,54.11609955],[-127.75061718,54.11612767],[-127.75013279,54.11613764],[-127.74968784,54.11616613],[-127.74933672,54.11615331],[-127.74898487,54.11614085],[-127.74869486,54.11612874],[-127.74813983,54.11599024],[-127.74766551,54.1159881],[-127.74729777,54.11606608],[-127.746996,54.1161558],[-127.74672498,54.11618001],[-127.74645831,54.11621313],[-127.74599173,54.11613052],[-127.7453193,54.11593185],[-127.74500089,54.1163],[-127.7446977,54.11654853],[-127.74440972,54.11667742],[-127.74410058,54.1167821],[-127.74375975,54.11692203],[-127.7434806,54.11704807],[-127.74327792,54.11716699],[-127.74309061,54.11729268],[-127.74291846,54.11742584],[-127.74262106,54.1176384],[-127.74227655,54.11778759],[-127.74195486,54.11792289],[-127.74170997,54.11809415],[-127.74157394,54.1183644],[-127.74123026,54.11843383],[-127.74063963,54.11839751],[-127.73980244,54.11825616],[-127.73959601,54.1188351],[-127.73956412,54.11938591],[-127.73970666,54.11990895],[-127.73927499,54.1200001],[-127.73871169,54.12013113],[-127.73801265,54.12037146],[-127.7372094,54.12068265],[-127.73655052,54.1210533],[-127.73629023,54.12105045],[-127.73603045,54.1210387],[-127.73581556,54.12105473],[-127.73560132,54.12105223],[-127.73538748,54.1210412],[-127.73518892,54.12103906],[-127.73499026,54.12102802],[-127.7347916,54.12101699],[-127.73451624,54.12101378],[-127.73422557,54.12101093],[-127.73393502,54.12100773],[-127.73364435,54.12100488],[-127.7333382,54.12101948],[-127.73256451,54.12112523],[-127.73132399,54.12133102],[-127.73110525,54.12215849],[-127.73074218,54.12285279],[-127.73055672,54.12290478],[-127.73032675,54.12292044],[-127.73005137,54.12291724],[-127.72977586,54.12292365],[-127.72948425,54.1229475],[-127.72915241,54.1229589],[-127.72882627,54.12295854],[-127.72853484,54.12297634],[-127.72821228,54.1230148],[-127.72790403,54.12308351],[-127.72757539,54.12315508],[-127.72728761,54.12322985],[-127.72705576,54.12330818],[-127.726792,54.12341322],[-127.72654391,54.12351861],[-127.72627277,54.12360371],[-127.72599861,54.12366851],[-127.72565116,54.1236977],[-127.72543637,54.12371337],[-127.72479381,54.12371266],[-127.72435278,54.12378601],[-127.72405831,54.12391774],[-127.72380842,54.12407085],[-127.7236169,54.12417054],[-127.72347641,54.1242592],[-127.72324649,54.12442726],[-127.72302284,54.12456896],[-127.72276203,54.12465584],[-127.72246459,54.12474877],[-127.72213925,54.12488015],[-127.72182919,54.12507741],[-127.72119945,54.12525472],[-127.72062029,54.12529923],[-127.72018911,54.12521591],[-127.71987059,54.12506566],[-127.71952519,54.12485523],[-127.71838802,54.12534338],[-127.71707687,54.1258358],[-127.71693832,54.12637059],[-127.71671044,54.12681174],[-127.71690756,54.12685874],[-127.71725178,54.12701219],[-127.71774248,54.12729597],[-127.71828837,54.12774922],[-127.71869568,54.12826514],[-127.7187594,54.12856138],[-127.71876117,54.12879317],[-127.71889518,54.12890248],[-127.71906018,54.12901178],[-127.71920797,54.1291364],[-127.71934294,54.12926672],[-127.71957747,54.12966763],[-127.71970336,54.13016931],[-127.71972001,54.13077175],[-127.71968418,54.1312866],[-127.71958902,54.13171992],[-127.71945593,54.13190756],[-127.71934377,54.1320539],[-127.71925402,54.13216],[-127.71924964,54.13230384],[-127.71924475,54.13245659],[-127.71923902,54.1326542],[-127.71921698,54.13286071],[-127.71919743,54.1329953],[-127.71920926,54.13312134],[-127.7192646,54.1333015],[-127.71932043,54.13348202],[-127.71936449,54.13369815],[-127.71944481,54.13390572],[-127.71954806,54.13403283],[-127.71962107,54.13415033],[-127.71960059,54.13432088],[-127.71954974,54.13448217],[-127.72053523,54.13461534],[-127.7211649,54.13470898],[-127.72155657,54.13480191],[-127.72193906,54.13492083],[-127.72221608,54.13521742],[-127.72246899,54.13539011],[-127.72271646,54.13553146],[-127.72287178,54.13561691],[-127.72300288,54.13567815],[-127.72357737,54.13601996],[-127.72416232,54.13624178],[-127.72460241,54.1363575],[-127.72490091,54.13643085],[-127.72493824,54.13645399],[-127.7251584,54.13659712],[-127.72524468,54.13667083],[-127.7252971,54.13672744],[-127.72538904,54.13683924],[-127.72550405,54.1369603],[-127.72571393,54.13711803],[-127.7258636,54.13721879],[-127.7259682,54.13731065],[-127.72616572,54.13741747],[-127.72628952,54.13758375],[-127.72655545,54.13779631],[-127.72669172,54.13811818],[-127.72704093,54.13853334],[-127.72724558,54.13890221],[-127.72744227,54.13915892],[-127.72743838,54.13927571],[-127.72741929,54.13939249],[-127.72738328,54.13958084],[-127.72718936,54.13974854],[-127.72696716,54.13988776],[-127.72671705,54.1399992],[-127.72648055,54.14005653],[-127.72626425,54.14011706],[-127.72603235,54.14020465],[-127.72567516,54.14037163],[-127.72537863,54.14054824],[-127.72526954,54.14061909],[-127.72503426,54.14080531],[-127.72499959,54.14093064],[-127.72482454,54.14115353],[-127.72472573,54.14136823],[-127.72443123,54.14149996],[-127.72430646,54.14157046],[-127.72412897,54.14169757],[-127.72391568,54.14183003],[-127.72373345,54.14195678],[-127.72357288,54.14208603],[-127.72346053,54.14219071],[-127.72336274,54.1423876],[-127.72329585,54.14256634],[-127.72327595,54.14272799],[-127.72314687,54.14294233],[-127.72303574,54.14305805],[-127.72289382,54.14319157],[-127.72273684,54.14331548],[-127.72265813,54.14339559],[-127.72251528,54.14356507],[-127.72320681,54.14413867],[-127.72419405,54.14472438],[-127.72507311,54.14518297],[-127.72538563,54.14547208],[-127.72555664,54.14571847],[-127.72553575,54.14589792],[-127.72553055,54.14607773],[-127.72550966,54.14625718],[-127.72550385,54.14643699],[-127.72665948,54.14670972],[-127.72770768,54.14696359],[-127.72792899,54.14663531],[-127.72811241,54.14625789],[-127.72877024,54.14633872],[-127.7292431,54.1463316],[-127.72953207,54.14623689],[-127.72974749,54.14614218],[-127.73006304,54.14605352],[-127.73062855,54.14592392],[-127.73137822,54.14588475],[-127.73244539,54.14603678],[-127.73351619,54.14645265],[-127.7345391,54.14704156],[-127.73539832,54.14782666],[-127.7358832,54.14848785],[-127.73675453,54.14904827],[-127.73762413,54.14948301],[-127.73831522,54.14981379],[-127.73875721,54.15014598],[-127.73888592,54.1504529],[-127.73891639,54.15068896],[-127.73891902,54.15087482],[-127.73897559,54.15102793],[-127.73913741,54.15124547],[-127.73921148,54.15132701],[-127.73865609,54.15180056],[-127.73815098,54.15229868],[-127.73769614,54.15282136],[-127.7367284,54.15325468],[-127.73620709,54.15367268],[-127.73585101,54.15407823],[-127.73579009,54.15428723],[-127.73580791,54.15448235],[-127.73591048,54.15463616],[-127.73610322,54.15484481],[-127.73625077,54.15501714],[-127.73637086,54.15522115],[-127.7364172,54.15542944],[-127.73653591,54.15583713],[-127.73692941,54.1562708],[-127.73759784,54.1567301],[-127.73800109,54.157162],[-127.73825332,54.15766296],[-127.73877599,54.15792608],[-127.73938711,54.15814221],[-127.74000875,54.15869409],[-127.74049829,54.15898961],[-127.74085648,54.15917618],[-127.74101728,54.15926591],[-127.74117261,54.15937415],[-127.74130641,54.15949236],[-127.741501,54.15963834],[-127.74162502,54.1597715],[-127.74172285,54.15991036],[-127.7417643,54.16006347],[-127.74177436,54.16023437],[-127.7418299,54.16041489],[-127.74188606,54.16058615],[-127.7419578,54.16073961],[-127.74215203,54.16090339],[-127.74233543,54.16108534],[-127.74246947,54.16122135],[-127.7426155,54.16133386],[-127.74282444,54.16146774],[-127.74307458,54.16163722],[-127.74326302,54.16180385],[-127.74337179,54.161989],[-127.74343046,54.16219337],[-127.74345612,54.16234647],[-127.7434819,54.16250848],[-127.74347777,54.16264307],[-127.74345657,54.16284067],[-127.74334473,54.16298844],[-127.74312142,54.1632366],[-127.74268281,54.16359764],[-127.74213882,54.16403131],[-127.7416556,54.16448172],[-127.74127238,54.16493319],[-127.74088347,54.16547226],[-127.74034137,54.16599815],[-127.73940115,54.16637165],[-127.73816689,54.16654255],[-127.73812722,54.16735115],[-127.73940926,54.16749926],[-127.73967485,54.16783466],[-127.73977644,54.16800664],[-127.73989384,54.16817861],[-127.73999616,54.16835023],[-127.74005363,54.16846773],[-127.74009365,54.16865679],[-127.74015074,54.16880135],[-127.74023874,54.168937],[-127.74032662,54.16906376],[-127.74041313,54.16923537],[-127.74051584,54.16939845],[-127.74062292,54.16956116],[-127.74075107,54.16971533],[-127.74091361,54.16992398],[-127.74104662,54.17007815],[-127.74119534,54.17022342],[-127.74134454,54.17035979],[-127.74141909,54.17042352],[-127.74165942,54.17057876],[-127.74190062,54.1707073],[-127.74214194,54.17083547],[-127.74238227,54.17099071],[-127.74261344,54.17116091],[-127.74283604,54.17135531],[-127.74300797,54.1715725],[-127.74311683,54.17185948],[-127.74329831,54.1722198],[-127.74365714,54.17266986],[-127.74421624,54.17315836],[-127.74421217,54.17329295],[-127.7441929,54.17342753],[-127.74413806,54.17355002],[-127.74404741,54.17367784],[-127.74392082,54.17381136],[-127.74382648,54.17389112],[-127.74359955,54.17406344],[-127.74336641,54.17418984],[-127.74312525,54.17427031],[-127.74371724,54.17462921],[-127.74445257,54.17497031],[-127.74523218,54.17541003],[-127.74570627,54.1759021],[-127.7458734,54.17644721],[-127.74584108,54.17701619],[-127.74560983,54.17772971],[-127.74557456,54.17838556],[-127.74511456,54.1790788],[-127.74450566,54.17956588],[-127.74373862,54.17998424],[-127.74298335,54.18030006],[-127.74239254,54.18052259],[-127.74203619,54.18071664],[-127.74191369,54.1808822],[-127.7418645,54.18098937],[-127.7418152,54.1810969],[-127.74171953,54.18122152],[-127.74162276,54.1813643],[-127.74151176,54.18148927],[-127.74138616,54.18159573],[-127.74122813,54.18175275],[-127.74110122,54.18189838],[-127.74098985,54.1820319],[-127.74084574,54.18223734],[-127.74076532,54.18235626],[-127.74072565,54.18248266],[-127.74069576,54.18263113],[-127.74069076,54.18279278],[-127.74067066,54.18296333],[-127.74058257,54.18316307],[-127.74040842,54.18346002],[-127.74014772,54.18385382],[-127.73987218,54.18451892],[-127.73934382,54.18526841],[-127.73867856,54.18591963],[-127.73803073,54.18651032],[-127.73726085,54.18702055],[-127.73665588,54.18753255],[-127.735904,54.18799898],[-127.73528418,54.18845793],[-127.73449427,54.18883997],[-127.73367664,54.18927863],[-127.73269363,54.18975574],[-127.7329848,54.19024424],[-127.73274133,54.19029445],[-127.73250163,54.19033504],[-127.73226176,54.19034465],[-127.73197156,54.19030548],[-127.73169659,54.19027558],[-127.73140607,54.19024852],[-127.73111329,54.19025243],[-127.73081019,54.19029338],[-127.73049808,54.190371],[-127.73026558,54.19045823],[-127.73004866,54.19053692],[-127.72980674,54.19058427],[-127.72957117,54.1906067],[-127.72934135,54.19060421],[-127.72915836,54.19058142],[-127.72884042,54.19044328],[-127.72855174,54.19036245],[-127.72824775,54.19029302],[-127.72800443,54.19022786],[-127.72765468,54.19068326],[-127.72716322,54.19117176],[-127.72652005,54.19181087],[-127.72580202,54.1924037],[-127.72538908,54.19270492],[-127.7249477,54.19292781],[-127.72471836,54.19291642],[-127.72450411,54.19289612],[-127.72413635,54.19305421],[-127.72385383,54.19321586],[-127.72368247,54.19337074],[-127.72368956,54.19351779],[-127.72380499,54.19363885],[-127.72397231,54.19373534],[-127.72426021,54.19384642],[-127.72454823,54.19395716],[-127.72468409,54.1940216],[-127.72500011,54.19421387],[-127.72522556,54.19436875],[-127.72541949,54.19454179],[-127.72571541,54.19470451],[-127.72603784,54.1948569],[-127.72655658,54.19511397],[-127.72724488,54.19548676],[-127.72694834,54.19566336],[-127.72662135,54.1958307],[-127.72631141,54.19594428],[-127.7259529,54.19612053],[-127.72570345,54.19627043],[-127.7255471,54.19636478],[-127.72535979,54.19646448],[-127.72509095,54.19658447],[-127.72481622,54.19669271],[-127.72465613,54.19675395],[-127.72435583,54.19683442],[-127.72376806,54.19700817],[-127.72289244,54.1972745],[-127.72159392,54.19780003],[-127.72095694,54.1984573],[-127.72017596,54.19903411],[-127.72020842,54.19963975],[-127.72017477,54.20006488],[-127.72008916,54.20036646],[-127.71994244,54.20063171],[-127.71978651,54.20083787],[-127.71966578,54.2009924],[-127.71956046,54.20109814],[-127.71947568,54.20118395],[-127.71927651,54.20134382],[-127.71911501,54.20151686],[-127.71900249,54.20168349],[-127.71893859,54.20180954],[-127.71890176,54.20189392],[-127.71882317,54.2020221],[-127.7187397,54.20219478],[-127.71865837,54.20250562],[-127.7185119,54.20310023],[-127.71826771,54.20373293],[-127.71803782,54.20373044],[-127.71783825,54.2037283],[-127.71760884,54.20371691],[-127.7173177,54.2037137],[-127.71701085,54.2037194],[-127.71678145,54.20370801],[-127.7164746,54.2037137],[-127.71610603,54.20373685],[-127.71587022,54.20375607],[-127.71561366,54.20378847],[-127.71530483,54.20385399],[-127.71480648,54.20394051],[-127.71403809,54.20394656],[-127.71288712,54.20392199],[-127.71167758,54.20376248],[-127.71055699,54.20369732],[-127.70979353,54.20354565],[-127.70913028,54.20356523],[-127.70854586,54.20360796],[-127.70807138,54.20374966],[-127.70745105,54.20298807],[-127.70667683,54.20356416],[-127.70621289,54.20402952],[-127.70601592,54.20432896],[-127.7059314,54.20451767],[-127.70578905,54.20466009],[-127.70566338,54.20476655],[-127.70548277,54.20492535],[-127.7053276,54.20504748],[-127.70512939,54.20516533],[-127.70487975,54.20531558],[-127.70467602,54.20543913],[-127.70452088,54.20550927],[-127.70441214,54.20555307],[-127.70424165,54.20560505],[-127.70388644,54.20569122],[-127.7036338,54.2057635],[-127.70339541,54.20586283],[-127.70317782,54.20600632],[-127.7029669,54.20616655],[-127.70273187,54.20632606],[-127.70245141,54.2064756],[-127.70209387,54.20663369],[-127.70190719,54.20671273],[-127.7016428,54.20683557],[-127.70139352,54.20695876],[-127.70115897,54.20710012],[-127.70092454,54.20724111],[-127.70070484,54.20740953],[-127.70043752,54.20761354],[-127.70009385,54.20781649],[-127.70043429,54.2084314],[-127.7006945,54.20902743],[-127.70073819,54.20938562],[-127.70076753,54.2096466],[-127.70078254,54.20981039],[-127.70088581,54.2099464],[-127.7010445,54.21010093],[-127.7012333,54.21026756],[-127.70145272,54.21044665],[-127.70156783,54.21058373],[-127.70160518,54.21069803],[-127.70160433,54.210823],[-127.70160486,54.21096969],[-127.70166552,54.21115021],[-127.70177734,54.21133999],[-127.70191107,54.21148526],[-127.70205991,54.21163088],[-127.70222398,54.21177651],[-127.70241801,54.21194029],[-127.70261301,54.21208627],[-127.70275405,54.21225754],[-127.70285038,54.21244446],[-127.7029021,54.2126467],[-127.70289531,54.21286211],[-127.70288841,54.21307788],[-127.70289988,54.21319502],[-127.70289625,54.21331181],[-127.70289128,54.21347345],[-127.70194539,54.21347808],[-127.70110549,54.21364578],[-127.70026015,54.21391532],[-127.69947888,54.21422152],[-127.69876588,54.21446257],[-127.69796174,54.21482538],[-127.69749706,54.21502406],[-127.6971594,54.21515117],[-127.69700217,54.21526653],[-127.696897,54.21536801],[-127.69683052,54.2155204],[-127.69673395,54.21568098],[-127.69661006,54.21586541],[-127.69653911,54.2160203],[-127.69651976,54.21614598],[-127.69651552,54.21627203],[-127.69652663,54.21640697],[-127.69653603,54.21660458],[-127.69652961,54.21680219],[-127.6965389,54.21700015],[-127.69653199,54.21720666],[-127.69652607,54.21740463],[-127.69653487,54.21760224],[-127.69652979,54.21776424],[-127.69652532,54.21791699],[-127.69651854,54.2181324],[-127.69651165,54.21834817],[-127.69649182,54.21848275],[-127.69647261,54.21861734],[-127.69643587,54.2188146],[-127.69641424,54.2190122],[-127.69639308,54.21919165],[-127.6962086,54.21942344],[-127.69583081,54.2196709],[-127.69504386,54.22015371],[-127.69403985,54.2208562],[-127.69385926,54.22085905],[-127.69363024,54.2208295],[-127.69335267,54.2207679],[-127.69309403,54.22068387],[-127.69289991,54.22053504],[-127.69265355,54.22038763],[-127.69240264,54.22025411],[-127.69185994,54.22011347],[-127.69134136,54.22000879],[-127.69095098,54.21996251],[-127.69066407,54.21993865],[-127.69046442,54.21993652],[-127.69028048,54.21992548],[-127.69009764,54.21990554],[-127.68994415,54.21990376],[-127.68977544,54.21990198],[-127.68945324,54.21989842],[-127.68914676,54.21989521],[-127.68893201,54.21989272],[-127.68871677,54.21990839],[-127.68845548,54.2199326],[-127.68808627,54.21996464],[-127.68779356,54.2199974],[-127.6875319,54.22003942],[-127.68728523,54.22006363],[-127.68705488,54.22007894],[-127.68679457,54.22007609],[-127.68651793,54.22008214],[-127.68624178,54.22007929],[-127.685875,54.22004832],[-127.68555313,54.22003265],[-127.6852311,54.22003229],[-127.68498023,54.22005259],[-127.68470787,54.22008641],[-127.68421107,54.22012309],[-127.68357017,54.22017578],[-127.68288757,54.22030717],[-127.6822419,54.22046703],[-127.68217648,54.22059201],[-127.68212195,54.22070238],[-127.6820627,54.22079745],[-127.68198193,54.22091352],[-127.68184014,54.22104669],[-127.68172876,54.22115956],[-127.68165898,54.22127741],[-127.68153308,54.22141591],[-127.68128758,54.22158112],[-127.68091236,54.22175559],[-127.67950899,54.22247731],[-127.67912257,54.22272476],[-127.67888712,54.22294089],[-127.67868997,54.22315167],[-127.67862406,54.22328554],[-127.6785121,54.22343722],[-127.67830277,54.22357573],[-127.67803768,54.22370782],[-127.67776329,54.22382746],[-127.6775293,54.2239446],[-127.67732528,54.22408915],[-127.67638085,54.22420167],[-127.67528059,54.22438432],[-127.67440638,54.22465563],[-127.67374141,54.22492588],[-127.67328619,54.22519541],[-127.67322312,54.22524276],[-127.67314413,54.22531077],[-127.67296953,54.2255066],[-127.67277922,54.22570207],[-127.67251131,54.22591499],[-127.67235495,54.22601825],[-127.67221305,54.22612755],[-127.67207111,54.22625182],[-127.6719444,54.22637608],[-127.67183291,54.2265096],[-127.67162774,54.22668727],[-127.67150237,54.22676667],[-127.67131425,54.22688132],[-127.67114185,54.22699632],[-127.67088705,54.22714337],[-127.67067399,54.22724307],[-127.67039462,54.22733884],[-127.67016191,54.22742608],[-127.669961,54.2274777],[-127.66974328,54.22755639],[-127.66955205,54.22762119],[-127.66937147,54.22767211],[-127.66916741,54.22771662],[-127.668975,54.22776646],[-127.66873714,54.22785085],[-127.66845678,54.22796443],[-127.66816229,54.22806911],[-127.66790285,54.2281802],[-127.66767967,54.22828844],[-127.66749203,54.22839418],[-127.66715137,54.22849851],[-127.66679363,54.22863808],[-127.66647254,54.22877552],[-127.66622416,54.2289215],[-127.66599701,54.22907887],[-127.66593438,54.22912302],[-127.66568264,54.22931814],[-127.66544808,54.22945914],[-127.66505756,54.22967063],[-127.66488477,54.22980344],[-127.66455651,54.22998859],[-127.66418268,54.23016412],[-127.6638253,54.23029515],[-127.66346951,54.23039911],[-127.6631871,54.23047994],[-127.66291656,54.23057287],[-127.66261534,54.23072205],[-127.66239576,54.2308545],[-127.66208418,54.23101295],[-127.66180429,54.23111763],[-127.66150831,54.23125827],[-127.66144649,54.23128141],[-127.66135356,54.23131025],[-127.6612289,54.23135405],[-127.66090356,54.23146727],[-127.66077902,54.23151071],[-127.66076068,54.23160542],[-127.66087893,54.2318016],[-127.66113329,54.23209891],[-127.66133117,54.23260699],[-127.66142827,54.23313075],[-127.66152575,54.23362744],[-127.66174365,54.23404509],[-127.66208268,54.23438334],[-127.66195485,54.23452576],[-127.66182764,54.23466818],[-127.66170176,54.23476574],[-127.66151833,54.23494946],[-127.66133248,54.23517022],[-127.6611431,54.23542764],[-127.66081015,54.2356548],[-127.66047304,54.2359076],[-127.6600125,54.23623196],[-127.65961765,54.23669198],[-127.6592949,54.23722179],[-127.65916475,54.23777545],[-127.65855569,54.23810124],[-127.65853064,54.23881904],[-127.65835128,54.23946136],[-127.65801711,54.24002784],[-127.65829291,54.24004884],[-127.65852155,54.2400873],[-127.65853771,54.24053699],[-127.65868681,54.24100307],[-127.65898275,54.24148587],[-127.65936032,54.24200215],[-127.65974142,54.24254299],[-127.66012762,54.24310733],[-127.6599067,54.24328465],[-127.65982738,54.24336476],[-127.65968445,54.24350683],[-127.65957778,54.24365352],[-127.65949092,54.24379558],[-127.65936018,54.24394691],[-127.65913618,54.24416517],[-127.65866647,54.2444525],[-127.65815099,54.24484024],[-127.65758644,54.24527534],[-127.65737712,54.24577915],[-127.65752059,54.24625341],[-127.65801597,54.24669705],[-127.65764376,54.24680992],[-127.65744169,54.24687971],[-127.65787004,54.24735682],[-127.65848611,54.2478172],[-127.65983334,54.24838937],[-127.66033476,54.24917696],[-127.66091016,54.24978937],[-127.6614591,54.25032096],[-127.66198179,54.25077101],[-127.66250556,54.25134603],[-127.66300149,54.25199298],[-127.6630104,54.25219059],[-127.66300409,54.25238819],[-127.66297149,54.25249501],[-127.66298187,54.2526417],[-127.66303563,54.25282899],[-127.66332922,54.25303016],[-127.66362572,54.2533061],[-127.66406237,54.25372339],[-127.66454917,54.25428702],[-127.66562438,54.25490014],[-127.66682633,54.25539078],[-127.66822602,54.25562792],[-127.6688553,54.25532029],[-127.66950328,54.25505787],[-127.67069763,54.25530782],[-127.67106267,54.25547161],[-127.67122009,54.25561617],[-127.67118463,54.2557504],[-127.67114966,54.25588498],[-127.67108243,54.25606408],[-127.6710691,54.25622751],[-127.67118035,54.25642369],[-127.67167835,54.25674165],[-127.67251102,54.25715253],[-127.6735959,54.25763463],[-127.67449725,54.25793834],[-127.67502472,54.25808468],[-127.67479286,54.25843895],[-127.6747166,54.2586978],[-127.67467489,54.25893493],[-127.67468346,54.2591507],[-127.67467947,54.25927638],[-127.67457548,54.25943198],[-127.67437275,54.25963778],[-127.67407091,54.25989307],[-127.67386788,54.26043106],[-127.67376234,54.26106412],[-127.67359587,54.26155939],[-127.67342805,54.26206997],[-127.67309585,54.26252963],[-127.67293058,54.26300639],[-127.67260356,54.263575],[-127.6724354,54.26433802],[-127.67243043,54.26519291],[-127.67291365,54.26607627],[-127.6737265,54.26695109],[-127.67351531,54.26710455],[-127.67325515,54.26723629],[-127.67294638,54.26734702],[-127.67274441,54.26741645],[-127.67248018,54.26752149],[-127.67220021,54.26762617],[-127.6720291,54.26769631],[-127.67171642,54.26786365],[-127.67140375,54.268031],[-127.67118527,54.26815455],[-127.67095059,54.26828664],[-127.6706365,54.26848995],[-127.67038496,54.26868471],[-127.6702582,54.26880933],[-127.67013142,54.26892469],[-127.67005122,54.26903186],[-127.67000164,54.26914794],[-127.66996659,54.26927362],[-127.66994751,54.26939895],[-127.66994123,54.26958766],[-127.66995054,54.26976782],[-127.66994437,54.26995617],[-127.66994078,54.27007332],[-127.66995255,54.2701901],[-127.66989137,54.27034534],[-127.66978588,54.27048883],[-127.66963293,54.27063196],[-127.66943194,54.27077474],[-127.66912929,54.27094493],[-127.66891174,54.27104142],[-127.6686788,54.27111975],[-127.66852278,54.27118099],[-127.66827459,54.27125933],[-127.66805643,54.27135582],[-127.66785412,54.27145231],[-127.66765074,54.27156695],[-127.66733677,54.27177916],[-127.66703949,54.27194971],[-127.66678858,54.27211456],[-127.66658379,54.27226517],[-127.66627123,54.27244142],[-127.66602162,54.27255571],[-127.66572069,54.2726871],[-127.66547611,54.27279534],[-127.66528922,54.27288008],[-127.66550474,54.27333191],[-127.66578428,54.27387133],[-127.66597045,54.27423592],[-127.6660466,54.27451934],[-127.66597694,54.27473404],[-127.66582792,54.27490245],[-127.6655765,54.27507443],[-127.66528444,54.27524391],[-127.66499373,54.27536639],[-127.66466937,54.27542585],[-127.66434547,54.27546715],[-127.66409945,54.27547356],[-127.66386929,54.27547997],[-127.66366889,54.27548673],[-127.66347967,54.27549848],[-127.66328411,54.27551842],[-127.66306731,54.27556969],[-127.66281923,54.27565693],[-127.66247426,54.27586878],[-127.66311445,54.27617463],[-127.66349245,54.27652142],[-127.66366678,54.2769316],[-127.66378013,54.27742936],[-127.66411204,54.27809233],[-127.66453515,54.27863317],[-127.66439218,54.27876633],[-127.66410871,54.2789878],[-127.66382605,54.27918256],[-127.66356003,54.27934136],[-127.66326337,54.279482],[-127.662905,54.27963973],[-127.66253139,54.27979746],[-127.66217302,54.27995519],[-127.66113893,54.28010545],[-127.66121737,54.28051989],[-127.6614515,54.28130855],[-127.66170318,54.28207904],[-127.66168621,54.28285987],[-127.66182333,54.2835855],[-127.6617257,54.28421963],[-127.66191621,54.28465722],[-127.66210719,54.28497589],[-127.66259445,54.28528387],[-127.66334085,54.2856798],[-127.66407281,54.2861181],[-127.66457305,54.28652827],[-127.66510685,54.28691423],[-127.66536132,54.28714709],[-127.66548557,54.28741449],[-127.66543246,54.2877449],[-127.66537355,54.28816398],[-127.66524365,54.28853712],[-127.66528745,54.28887715],[-127.66569788,54.28917232],[-127.66647495,54.28942262],[-127.66604152,54.29006387],[-127.6652245,54.29045838],[-127.66407771,54.29060757],[-127.66303612,54.2907596],[-127.66273375,54.29118081],[-127.66260409,54.29132181],[-127.66235989,54.29158742],[-127.66295159,54.29157816],[-127.6630965,54.29162944],[-127.6633836,54.29173091],[-127.66365542,54.29204531],[-127.66378739,54.2927186],[-127.6637825,54.29333849],[-127.66520527,54.29401036],[-127.66377188,54.29462384],[-127.6625865,54.29527363],[-127.66171689,54.29586254],[-127.66121445,54.29640695],[-127.66100974,54.29686732],[-127.66016038,54.29726717],[-127.65953864,54.29779947],[-127.65914452,54.29846422],[-127.65796481,54.29884056],[-127.65678602,54.2991692],[-127.65587477,54.2996164],[-127.65523156,54.30018252],[-127.65472045,54.30061513],[-127.6540277,54.30097617],[-127.65315232,54.30126492],[-127.65197108,54.30103883],[-127.65058214,54.30091243],[-127.64906155,54.30088644],[-127.64860875,54.30032103],[-127.64801021,54.2998749],[-127.64726652,54.29954804],[-127.64622503,54.29927174],[-127.6450347,54.29903461],[-127.64502672,54.30021208],[-127.6441653,54.30058486],[-127.64364934,54.3011663],[-127.6433238,54.30192861],[-127.64301674,54.30276319],[-127.64243717,54.30330404],[-127.64182157,54.3038431],[-127.64103325,54.30423476],[-127.64037467,54.30458796],[-127.63989372,54.30486817],[-127.63972868,54.30522173],[-127.63913183,54.30513415],[-127.63869666,54.30512133],[-127.63833129,54.30518613],[-127.63803453,54.30532855],[-127.63784447,54.30549732],[-127.63773247,54.30563084],[-127.63762046,54.30576436],[-127.63611586,54.30571131],[-127.63564388,54.30557031],[-127.63524217,54.30547382],[-127.63481346,54.30543002],[-127.63441009,54.30538338],[-127.63406817,54.30540261],[-127.63381804,54.30546955],[-127.63357588,54.30567072],[-127.63340485,54.30587829],[-127.63345107,54.30603175],[-127.63347039,54.30622082],[-127.63344855,54.30658613],[-127.63326576,54.30715617],[-127.63312734,54.30761298],[-127.63311604,54.30795728],[-127.63310697,54.30833399],[-127.63285947,54.30873063],[-127.63237464,54.30914757],[-127.63151744,54.30883887],[-127.63067182,54.30858251],[-127.63007622,54.30848353],[-127.62955185,54.30845967],[-127.62917904,54.30847997],[-127.62887297,54.30852946],[-127.62865332,54.30857966],[-127.62852121,54.30863093],[-127.62841544,54.30865016],[-127.62816015,54.30866939],[-127.62799875,54.30866654],[-127.62786446,54.30865728],[-127.62775503,54.30864482],[-127.62759282,54.30862951],[-127.62751883,54.30862809],[-127.6274204,54.30862488],[-127.62729029,54.30862524],[-127.62716503,54.30863129],[-127.627055,54.30864304],[-127.62617963,54.30869965],[-127.62482127,54.30887269],[-127.62366503,54.30903043],[-127.62261005,54.30916217],[-127.6218093,54.30936369],[-127.62097755,54.3094082],[-127.6201213,54.30937651],[-127.61903125,54.30917534],[-127.61842865,54.30938114],[-127.61751219,54.30941033],[-127.61638225,54.30933663],[-127.61519632,54.30925688],[-127.61446325,54.30926649],[-127.61432191,54.30934589],[-127.61410496,54.30940642],[-127.61390421,54.30942493],[-127.6137047,54.30942849],[-127.61351059,54.3094025],[-127.6133832,54.30938897],[-127.61316797,54.30938648],[-127.61293194,54.30940464],[-127.61263895,54.30942529],[-127.61236287,54.30945021],[-127.61216066,54.30947692],[-127.61192669,54.30947015],[-127.61159398,54.30941639],[-127.61077662,54.30919706],[-127.60943641,54.30882819],[-127.60808535,54.30832117],[-127.60729546,54.30804238],[-127.60711692,54.30812534],[-127.60695201,54.3082934],[-127.60680204,54.3085462],[-127.60670874,54.30868007],[-127.6064785,54.30876624],[-127.60601025,54.30887661],[-127.60530673,54.30892646],[-127.6044856,54.30890688],[-127.60376696,54.30865087],[-127.60318493,54.3082407],[-127.60267409,54.3077344],[-127.60216715,54.30721812],[-127.60159153,54.30672712],[-127.60047029,54.3065993],[-127.59942007,54.30639635],[-127.59925255,54.3064494],[-127.59908298,54.30651242],[-127.59892712,54.30661924],[-127.59879355,54.30673068],[-127.59862001,54.30686349],[-127.59843074,54.3070052],[-127.59827246,54.30713801],[-127.59811468,54.30727117],[-127.59784573,54.30734879],[-127.59771462,54.30738012],[-127.59761837,54.30740006],[-127.59743274,54.30743389],[-127.59716933,54.30749833],[-127.59693632,54.30756313],[-127.59681221,54.30759732],[-127.59669273,54.30764716],[-127.59652706,54.30770199],[-127.59631497,54.30776252],[-127.59606711,54.30782234],[-127.5958338,54.30789177],[-127.59572496,54.30793521],[-127.59563067,54.30798826],[-127.5955642,54.30813139],[-127.59554729,54.3081848],[-127.59549785,54.30827417],[-127.59546069,54.30832793],[-127.59540194,54.30839915],[-127.59528834,54.30851664],[-127.59515666,54.30861669],[-127.59498908,54.30872386],[-127.59482911,54.30891578],[-127.59467775,54.3092024],[-127.59458487,54.30981873],[-127.59395476,54.31031649],[-127.59347927,54.31088617],[-127.59306975,54.31152457],[-127.59264906,54.31218398],[-127.59200577,54.31272376],[-127.59139107,54.31326567],[-127.59064236,54.31372854],[-127.59003109,54.31426368],[-127.58931444,54.31474044],[-127.58865516,54.3152414],[-127.58819526,54.31550844],[-127.58781458,54.31580753],[-127.58754529,54.31618387],[-127.58738801,54.31663748],[-127.58724768,54.31684577],[-127.58709899,54.31698464],[-127.58697488,54.31702807],[-127.58680401,54.31708006],[-127.58655629,54.31712812],[-127.58635551,54.3171559],[-127.5861136,54.31719186],[-127.5858295,54.31724847],[-127.58567485,54.31728265],[-127.58541013,54.31736953],[-127.5851608,54.31746531],[-127.5849715,54.31760702],[-127.58485603,54.31769852],[-127.58478562,54.31774944],[-127.58468813,54.31781032],[-127.5842974,54.3179855],[-127.58452928,54.31840457],[-127.58463854,54.31885142],[-127.58460888,54.31925839],[-127.58442933,54.3195621],[-127.58417524,54.31976362],[-127.58404957,54.31983412],[-127.58384687,54.31992171],[-127.58362983,54.31997298],[-127.5834122,54.32003351],[-127.58326486,54.3207417],[-127.58341618,54.32125584],[-127.58358203,54.3215097],[-127.58379984,54.32172796],[-127.58402443,54.32190136],[-127.58420382,54.32205625],[-127.58427784,54.32214704],[-127.58432004,54.32224923],[-127.58434729,54.32236352],[-127.58437374,54.32248956],[-127.58447642,54.32263447],[-127.58459472,54.32277084],[-127.58470765,54.32290685],[-127.58491209,54.32303005],[-127.58512496,54.32319454],[-127.58549246,54.32334551],[-127.58591475,54.32347832],[-127.5864749,54.32353885],[-127.58613755,54.32395721],[-127.58613663,54.32413702],[-127.58617063,54.32423635],[-127.58623198,54.32433605],[-127.58529247,54.32463762],[-127.5843632,54.3248744],[-127.58327486,54.32508233],[-127.58233309,54.32542984],[-127.58169131,54.32600949],[-127.5812684,54.32677643],[-127.58071762,54.32743798],[-127.5801043,54.32799413],[-127.57935565,54.32828502],[-127.57868462,54.32853284],[-127.57792819,54.32866671],[-127.57714279,54.32888711],[-127.57617984,54.32911641],[-127.57524889,54.32935425],[-127.57440232,54.32967363],[-127.57355436,54.32998233],[-127.57270464,54.33027963],[-127.57196456,54.33049575],[-127.57200574,54.33058619],[-127.57206036,54.33067663],[-127.57211755,54.33080018],[-127.57223245,54.33098426],[-127.57240568,54.33122887],[-127.57266356,54.33146671],[-127.57286084,54.3316547],[-127.57299619,54.33179321],[-127.57302347,54.33189255],[-127.57303184,54.33208126],[-127.57305645,54.33226142],[-127.57305237,54.3323782],[-127.57305062,54.33243197],[-127.57304561,54.33257581],[-127.57301064,54.33270114],[-127.57300878,54.33275526],[-127.5730033,54.33290801],[-127.57299544,54.33313695],[-127.57299247,54.3332224],[-127.57298713,54.33338405],[-127.57292593,54.33356706],[-127.57280901,54.33378034],[-127.57246959,54.33410612],[-127.57249247,54.33434005],[-127.57242695,54.33445612],[-127.57239151,54.33459036],[-127.57235643,54.33471604],[-127.57229091,54.33483212],[-127.57214141,54.33500694],[-127.57199746,54.33516111],[-127.57186378,54.33527647],[-127.57173361,54.33537367],[-127.57165561,54.33540856],[-127.57152111,54.33558979],[-127.57139842,54.33572937],[-127.57121348,54.33589493],[-127.57111033,54.33604946],[-127.57102826,54.33620114],[-127.57092999,54.33632397],[-127.57082004,54.33644147],[-127.57057134,54.33655933],[-127.57034816,54.3366608],[-127.57014989,54.3367459],[-127.5699227,54.33678506],[-127.56974202,54.33681461],[-127.5696003,54.33684452],[-127.569496,54.33689259],[-127.56939482,54.33695348],[-127.5693599,54.33697804],[-127.56911733,54.33718527],[-127.5689428,54.33734513],[-127.56880219,54.33746299],[-127.5686954,54.3375876],[-127.56863905,54.33772789],[-127.56861659,54.33788028],[-127.56854636,54.33808715],[-127.5684207,54.33829544],[-127.56824083,54.33850515],[-127.56895263,54.33883414],[-127.56918394,54.33901359],[-127.56929496,54.33915566],[-127.56929045,54.3392906],[-127.56929888,54.33948857],[-127.56927921,54.33962316],[-127.56913615,54.33975596],[-127.56898765,54.33989233],[-127.56883265,54.34006715],[-127.56864203,54.34024447],[-127.56845129,54.34042214],[-127.56826055,54.34059981],[-127.56814885,54.34071517],[-127.56809989,54.34079564],[-127.56806819,54.34083089],[-127.56798742,54.340932],[-127.56789194,54.34102956],[-127.56777108,54.34111323],[-127.56764052,54.34118551],[-127.56757766,54.34122076],[-127.56737429,54.34130835],[-127.56723357,54.34138739],[-127.56710705,54.3414846],[-127.56679293,54.34166974],[-127.5664635,54.34184563],[-127.56614937,54.34203078],[-127.56595921,54.34219919],[-127.56581589,54.34232346],[-127.56570327,54.34246588],[-127.56559064,54.3426083],[-127.56544807,54.34274146],[-127.56530394,54.34289243],[-127.56517557,54.34304375],[-127.56503363,54.34314701],[-127.56486062,54.3432556],[-127.56468321,54.34334034],[-127.56450092,54.34342508],[-127.56431208,54.34354472],[-127.56416964,54.34365509],[-127.56407305,54.34377651],[-127.56400754,54.34389258],[-127.5638383,54.34404746],[-127.56365954,54.3441792],[-127.56337752,54.34431664],[-127.56309518,54.34448113],[-127.56281175,54.34466949],[-127.56265419,54.34476633],[-127.56240323,54.34489843],[-127.56255626,54.34537661],[-127.56298793,54.34549838],[-127.56350632,54.34561836],[-127.56411264,54.34573657],[-127.56376308,54.34605595],[-127.56363611,54.34617131],[-127.56350914,54.34628668],[-127.5633231,54.34646114],[-127.56317379,54.34662421],[-127.56310875,54.34673138],[-127.56306846,54.34685066],[-127.56303825,54.34698205],[-127.56303376,54.34711699],[-127.56303189,54.34716185],[-127.56302707,54.3473146],[-127.56303771,54.34744064],[-127.56305035,54.34753072],[-127.56304849,54.34757558],[-127.56304398,54.34770127],[-127.56299633,54.34790458],[-127.56289674,54.34805198],[-127.56278101,54.34818337],[-127.56266766,54.34849776],[-127.56272335,54.34880895],[-127.56317568,54.34927075],[-127.56364504,54.34968804],[-127.5641317,54.3500003],[-127.56446265,54.350262],[-127.56456188,54.35065864],[-127.56452114,54.3509417],[-127.56444573,54.35119628],[-127.56445812,54.35126856],[-127.56451524,54.35140386],[-127.56440702,54.35170828],[-127.56432829,54.35206078],[-127.56433922,54.35247344],[-127.56445325,54.35289216],[-127.56455988,54.35336713],[-127.56480413,54.35410487],[-127.56533374,54.35490421],[-127.56614824,54.35576479],[-127.56687308,54.35630385],[-127.56719647,54.356604],[-127.56700791,54.35670975],[-127.56774059,54.35702699],[-127.56847079,54.35731825],[-127.56895335,54.35755965],[-127.56918765,54.3577512],[-127.5686598,54.35769495],[-127.56820209,54.35772877],[-127.56781474,54.35785197],[-127.56753162,54.35802821],[-127.56726367,54.35820482],[-127.5670425,54.35837287],[-127.56682121,54.35854128],[-127.56662863,54.35875456],[-127.56646055,54.35887241],[-127.56628513,54.35896036],[-127.56610602,54.35903905],[-127.56594543,54.35909103],[-127.5658093,54.35916722],[-127.56569617,54.35926087],[-127.56560679,54.3593716],[-127.56554086,54.35949657],[-127.5653111,54.3596778],[-127.56494772,54.35989393],[-127.56449867,54.36012536],[-127.56418064,54.36036534],[-127.56399544,54.3605747],[-127.56387953,54.3607983],[-127.56385855,54.36095959],[-127.56385366,54.36110344],[-127.56384877,54.36124728],[-127.56382902,54.36136371],[-127.56374475,54.36157841],[-127.56358324,54.3618013],[-127.56348644,54.36192912],[-127.56339022,54.36203273],[-127.56332783,54.36205908],[-127.56271262,54.3621894],[-127.56221846,54.36233823],[-127.56172737,54.36254118],[-127.56128646,54.36287658],[-127.56086965,54.36325221],[-127.5600177,54.36385216],[-127.55905473,54.3643898],[-127.55826431,54.36494168],[-127.55763612,54.36549641],[-127.55647832,54.36563563],[-127.55550198,54.3658254],[-127.5547737,54.36601162],[-127.55436113,54.36611452],[-127.55413524,54.36612876],[-127.55379901,54.36606182],[-127.5536153,54.36602372],[-127.55345773,54.36597673],[-127.55321987,54.36589305],[-127.55302179,54.3658279],[-127.5527989,54.36574707],[-127.55258109,54.36567871],[-127.55233648,54.36563064],[-127.55210644,54.36559219],[-127.55183277,54.3655078],[-127.55114383,54.3660369],[-127.55038615,54.36651828],[-127.54935858,54.36708298],[-127.54839011,54.36768364],[-127.54765616,54.36816716],[-127.54690354,54.36865353],[-127.54627612,54.36922606],[-127.54554959,54.36980073],[-127.54503404,54.37035261],[-127.54456848,54.37075174],[-127.54423205,54.37107005],[-127.54439728,54.37118898],[-127.54456251,54.3713079],[-127.54478786,54.37146349],[-127.54492354,54.37154574],[-127.54500615,54.3716052],[-127.54507867,54.37165256],[-127.54514843,54.37171024],[-127.54528275,54.3718377],[-127.54541646,54.37196517],[-127.54555158,54.37206593],[-127.54567119,54.37217488],[-127.54576515,54.37226319],[-127.54582021,54.37231161],[-127.54594003,54.37240311],[-127.54605949,54.37250317],[-127.54620715,54.37267585],[-127.5463118,54.372767],[-127.54639104,54.37285174],[-127.54644567,54.37290337],[-127.54659517,54.37303119],[-127.54674479,54.37315866],[-127.54693959,54.37330499],[-127.54711919,54.37344172],[-127.54726287,54.37358734],[-127.54741558,54.37376893],[-127.54754276,54.37395942],[-127.54764835,54.37416735],[-127.54769214,54.37437173],[-127.54771035,54.37458144],[-127.5477217,54.37470749],[-127.54771543,54.37487803],[-127.54772494,54.37504894],[-127.54771946,54.37519278],[-127.5477146,54.37533663],[-127.54770837,54.37551644],[-127.54767256,54.37565957],[-127.54755056,54.37595972],[-127.54715159,54.37636847],[-127.54647454,54.37688546],[-127.5464684,54.3774968],[-127.5464583,54.37821567],[-127.54644639,54.3789794],[-127.54581509,54.37932655],[-127.54501907,54.3797175],[-127.5443181,54.37994858],[-127.54383322,54.38002548],[-127.54340534,54.38006643],[-127.5430211,54.3800618],[-127.54266622,54.38006643],[-127.54231106,54.38009812],[-127.54195453,54.38016577],[-127.54173587,54.380253],[-127.54151721,54.38034023],[-127.54131509,54.38040681],[-127.54109748,54.38046094],[-127.54073422,54.38057345],[-127.54025558,54.38075646],[-127.53948911,54.38108866],[-127.53855066,54.3814999],[-127.53833913,54.38138026],[-127.53811261,54.38130086],[-127.53788233,54.38123108],[-127.53769883,54.38121078],[-127.53745216,54.38120793],[-127.53715987,54.38120437],[-127.53686712,54.38120971],[-127.53657483,54.38120615],[-127.53618996,54.38120152],[-127.53589284,54.38117909],[-127.535597,54.38113031],[-127.53530221,54.3810559],[-127.53467113,54.38089568],[-127.53400129,54.38068952],[-127.53343708,54.38058092],[-127.53296574,54.38050615],[-127.53279693,54.38047838],[-127.53262418,54.38044206],[-127.53243124,54.38037406],[-127.53221988,54.38026333],[-127.53099412,54.38052111],[-127.52983649,54.38092558],[-127.52908465,54.38142762],[-127.52873839,54.38202792],[-127.52907659,54.38205],[-127.52939901,54.38207172],[-127.52969178,54.38206638],[-127.52999936,54.38206994],[-127.53038412,54.38207492],[-127.53075382,54.38207919],[-127.53112281,54.38208382],[-127.53147676,54.382097],[-127.53181529,54.38210127],[-127.53215393,54.38210519],[-127.53237809,54.38243845],[-127.53248938,54.38277848],[-127.53248731,54.38312492],[-127.53351897,54.38341012],[-127.53434481,54.38372273],[-127.53459045,54.38374374],[-127.53494201,54.38381103],[-127.53530946,54.38387833],[-127.53567724,54.38392782],[-127.53595333,54.38394918],[-127.53621472,54.38396129],[-127.53660123,54.38431057],[-127.53697357,54.38465274],[-127.53736843,54.38495788],[-127.53759322,54.38517542],[-127.53772178,54.38531891],[-127.53760685,54.38543107],[-127.5374644,54.38552827],[-127.53729577,54.38561016],[-127.53708644,54.38571556],[-127.5368404,54.38585655],[-127.53658729,54.38605096],[-127.53636588,54.38621011],[-127.53614231,54.38638707],[-127.53582314,54.38660213],[-127.53548617,54.38684353],[-127.53530038,54.38706393],[-127.53523562,54.38724516],[-127.53530773,54.38738366],[-127.53539533,54.38751967],[-127.53546672,54.38767349],[-127.53555201,54.38786896],[-127.53565325,54.38805304],[-127.53584784,54.38821718],[-127.5360594,54.38832756],[-127.53634723,54.38845716],[-127.53662,54.38858605],[-127.53681764,54.38866046],[-127.53707052,54.3887623],[-127.53725008,54.38881535],[-127.53741097,54.38885629],[-127.53761043,54.38888585],[-127.5378094,54.38891504],[-127.53809996,54.38897272],[-127.53839109,54.38902115],[-127.53860492,54.3890685],[-127.538803,54.38912476],[-127.53904914,54.38913686],[-127.53929528,54.38914897],[-127.53952668,54.38914256],[-127.53972433,54.38911407],[-127.53991894,54.38907242],[-127.5401168,54.38900584],[-127.54077843,54.38944556],[-127.5411351,54.3898212],[-127.54141495,54.39018116],[-127.5414074,54.39038767],[-127.54141564,54.39059454],[-127.54141112,54.39071133],[-127.54226883,54.39085054],[-127.5434057,54.39094205],[-127.54482443,54.39087831],[-127.5457988,54.39077648],[-127.5462574,54.3907747],[-127.54658876,54.39079179],[-127.5468582,54.39085802],[-127.54702599,54.39090787],[-127.54726988,54.39098869],[-127.54746799,54.39104495],[-127.54767056,54.39111936],[-127.54787909,54.39118488],[-127.54807705,54.39123223],[-127.54835247,54.39128956],[-127.54861226,54.39135542],[-127.54885615,54.39142129],[-127.54917732,54.39147897],[-127.54946849,54.3915274],[-127.54974422,54.39156692],[-127.55006156,54.39160074],[-127.55040458,54.39161962],[-127.55075909,54.39162389],[-127.55112816,54.39162852],[-127.55146704,54.39164133],[-127.55171174,54.39174032],[-127.55190731,54.39186244],[-127.55205485,54.39200807],[-127.55209539,54.39216117],[-127.55190099,54.39232958],[-127.55151501,54.39259591],[-127.5509377,54.39295944],[-127.55069981,54.39354586],[-127.55095814,54.39407531],[-127.55178526,54.39450542],[-127.55283204,54.39486966],[-127.55369432,54.39506656],[-127.55449957,54.39518334],[-127.55429265,54.39536956],[-127.55407059,54.39556468],[-127.55397413,54.39568039],[-127.55387717,54.39579575],[-127.55371798,54.39595562],[-127.55357336,54.39611584],[-127.55341356,54.39627571],[-127.55338639,54.3965221],[-127.55367341,54.3968721],[-127.55442793,54.39732642],[-127.55548481,54.39783451],[-127.55639674,54.39823578],[-127.55723825,54.39863741],[-127.55807756,54.39901019],[-127.55877431,54.39944885],[-127.5593551,54.3999281],[-127.55975168,54.40047713],[-127.56033903,54.40095139],[-127.56106165,54.40134661],[-127.56037209,54.40196472],[-127.56015107,54.40231258],[-127.55998972,54.40256929],[-127.55988805,54.40273486],[-127.55963377,54.40286945],[-127.55937629,54.40298944],[-127.55915269,54.40306741],[-127.55905992,54.40330703],[-127.55915384,54.40361573],[-127.55952154,54.40426125],[-127.56003877,54.40503745],[-127.55954104,54.40575774],[-127.55896738,54.40643887],[-127.5585344,54.40693414],[-127.55811507,54.40745326],[-127.55725012,54.4080614],[-127.55616745,54.4086674],[-127.55585054,54.40885148],[-127.55547884,54.4089558],[-127.55489753,54.40898999],[-127.55428917,54.40905835],[-127.5538761,54.40956003],[-127.55348886,54.41005565],[-127.55317682,54.41039746],[-127.55282911,54.41069476],[-127.55274044,54.4108824],[-127.55251431,54.41108072],[-127.55212955,54.41126267],[-127.55158592,54.41142894],[-127.55111902,54.41156816],[-127.55080223,54.41169919],[-127.55063739,54.41182203],[-127.55053588,54.41193454],[-127.55042235,54.41214212],[-127.55035574,54.41237284],[-127.5503964,54.4126762],[-127.5504659,54.41303937],[-127.5501388,54.41313443],[-127.54983653,54.41325656],[-127.54963885,54.41337691],[-127.54949438,54.41350295],[-127.5494019,54.41363469],[-127.54936054,54.41379918],[-127.54931502,54.41396332],[-127.5492192,54.41410717],[-127.54907272,54.41423001],[-127.54888211,54.41434181],[-127.54873073,54.41446465],[-127.54861835,54.41459923],[-127.54847684,54.41476124],[-127.54830934,54.41491292],[-127.54803699,54.41505961],[-127.54774005,54.41517283],[-127.54743081,54.41533697],[-127.54726009,54.41546658],[-127.54715687,54.41558621],[-127.54712064,54.41569552],[-127.54713012,54.41584862],[-127.54715595,54.41599282],[-127.54712107,54.41610925],[-127.54708099,54.41622853],[-127.5470204,54.41635066],[-127.54695949,54.41647563],[-127.54693482,54.41662838],[-127.54692698,54.41679892],[-127.54697264,54.41696307],[-127.54706315,54.41711724],[-127.54719875,54.41726072],[-127.54740392,54.41740671],[-127.54751318,54.41756907],[-127.54755118,54.41774923],[-127.5475184,54.41794755],[-127.54746009,54.4181416],[-127.54745889,54.41833316],[-127.54750032,54.41845955],[-127.54754238,54.41858595],[-127.54759957,54.41870345],[-127.54764176,54.41882379],[-127.54766833,54.41894699],[-127.5476793,54.41907303],[-127.5482157,54.41916026],[-127.5487414,54.41924465],[-127.54906619,54.41936535],[-127.54932196,54.41954017],[-127.54975022,54.41978478],[-127.5504493,54.42006784],[-127.55100292,54.42028646],[-127.55139337,54.42057771],[-127.55162055,54.42094195],[-127.55167863,54.42147603],[-127.55221736,54.42227821],[-127.55243489,54.42305583],[-127.5523313,54.42380853],[-127.55219232,54.42439922],[-127.55213724,54.42493899],[-127.55201563,54.4253748],[-127.55174161,54.42580313],[-127.55135406,54.42630766],[-127.55104256,54.42683426],[-127.55087655,54.42747053],[-127.55085494,54.4282161],[-127.55031079,54.42870532],[-127.55000002,54.42911122],[-127.54987921,54.42944306],[-127.54981258,54.42975887],[-127.5497195,54.43025201],[-127.54824164,54.43019824],[-127.54787156,54.43078074],[-127.54744466,54.4312162],[-127.54721576,54.43168085],[-127.54713964,54.43214443],[-127.54671785,54.43187169],[-127.54638652,54.43173675],[-127.54614437,54.43175668],[-127.54597111,54.43186777],[-127.54581882,54.43199346],[-127.54582742,54.43220033],[-127.54584089,54.43239224],[-127.54586045,54.4325692],[-127.54533477,54.43266284],[-127.5447137,54.43273547],[-127.54365078,54.43286045],[-127.54262165,54.43303954],[-127.54180612,54.43326955],[-127.54133905,54.43334859],[-127.54094474,54.4333639],[-127.54060753,54.43331477],[-127.54025458,54.43326884],[-127.53988568,54.4332343],[-127.53951651,54.43321187],[-127.53928629,54.43318196],[-127.5390555,54.43316131],[-127.53867318,54.43322255],[-127.53820104,54.43333969],[-127.53810202,54.43352733],[-127.5380183,54.43371497],[-127.5379991,54.43382286],[-127.53789209,54.43408206],[-127.53768634,54.43438506],[-127.53833321,54.43483333],[-127.53869553,54.43512138],[-127.53890297,54.43526273],[-127.53907746,54.43535673],[-127.53920567,54.43539732],[-127.53933362,54.43549701],[-127.53953789,54.43567824],[-127.53992491,54.4359168],[-127.54045416,54.43609269],[-127.54104992,54.43618455],[-127.5413837,54.43619167],[-127.54154685,54.43637326],[-127.5418175,54.43657443],[-127.54201333,54.43670261],[-127.54222506,54.43681583],[-127.54246835,54.43691482],[-127.54275863,54.4369992],[-127.54326466,54.43720891],[-127.54399126,54.43764401],[-127.54459659,54.43821868],[-127.54496923,54.43886135],[-127.54512261,54.43947234],[-127.54517213,54.44023714],[-127.54522067,54.44104645],[-127.54528204,54.44193693],[-127.54545956,54.44262839],[-127.54577662,54.44335402],[-127.54632129,54.44402376],[-127.5468881,54.44461979],[-127.5470778,54.44483876],[-127.54721033,54.44496231],[-127.54746987,54.44502854],[-127.54768455,54.44506699],[-127.54788403,54.44510509],[-127.54808279,54.44514354],[-127.54840494,54.44519232],[-127.54874246,54.44525036],[-127.54906461,54.44529913],[-127.54929449,54.44533794],[-127.54947805,54.44537604],[-127.54970708,54.44544761],[-127.54988939,54.44551597],[-127.55010281,54.44559039],[-127.55036234,54.44566231],[-127.55066861,54.44573174],[-127.55091341,54.44578871],[-127.5512028,54.44589125],[-127.55141489,54.44599237],[-127.55178,54.44614084],[-127.55209836,54.44629751],[-127.55231134,54.44638082],[-127.55252503,54.44643743],[-127.55276953,54.44649725],[-127.55304075,54.44653321],[-127.55333847,54.44654603],[-127.55350856,54.44653891],[-127.55386438,54.44651612],[-127.55414179,54.44651043],[-127.55442444,54.44651683],[-127.55469643,54.44653535],[-127.55498596,54.44663754],[-127.55527488,54.44673972],[-127.55562453,54.4467529],[-127.55609256,54.44673153],[-127.55628046,54.44695442],[-127.55652066,54.44714633],[-127.55681279,54.44730656],[-127.55716395,54.44740946],[-127.55740877,54.44746643],[-127.55763796,54.44753194],[-127.55795718,54.44766154],[-127.55824573,54.44778189],[-127.55839701,54.44786485],[-127.55876102,54.44804893],[-127.55912494,54.44817105],[-127.55949261,54.4482533],[-127.55977917,54.44828357],[-127.55998649,54.44828819],[-127.56007922,54.44828926],[-127.56015615,54.44828997],[-127.56035663,54.44828357],[-127.5605726,54.44828606],[-127.56086512,54.44830742],[-127.56116229,54.44833519],[-127.5614597,54.44835656],[-127.56175236,54.44836617],[-127.56203472,54.44837543],[-127.56237436,54.44837044],[-127.56263168,54.44836439],[-127.56288294,54.44836759],[-127.56308334,54.44838789],[-127.5632439,54.44840071],[-127.56342676,54.44840712],[-127.56371532,54.44839537],[-127.5640455,54.44835727],[-127.56433997,54.44831597],[-127.56457269,54.4482857],[-127.56476502,54.44826291],[-127.56498448,54.44821876],[-127.56534274,54.44816393],[-127.56581283,54.44809094],[-127.56669578,54.44798733],[-127.56797284,54.44793357],[-127.5692974,54.4478353],[-127.57060437,54.44765905],[-127.57100332,54.44776765],[-127.57121794,54.44794995],[-127.57124823,54.44820595],[-127.57178391,54.44832914],[-127.57221324,54.4484064],[-127.57252008,54.44844593],[-127.57271906,54.44849328],[-127.57292294,54.44854064],[-127.57313233,54.44858799],[-127.57339218,54.44864781],[-127.57358173,54.44872614],[-127.57379155,54.4488383],[-127.57389629,54.44893835],[-127.57396032,54.44901098],[-127.57405422,54.44911993],[-127.57421798,54.44929297],[-127.57438098,54.44948346],[-127.57457624,54.4496387],[-127.57477161,54.44979358],[-127.57498163,54.44995808],[-127.57522164,54.45015854],[-127.57551857,54.45033265],[-127.57576647,54.45046154],[-127.57595394,54.4505388],[-127.57613167,54.45060075],[-127.57638787,54.45067944],[-127.57660913,54.45076205],[-127.57683168,54.45087848],[-127.57713296,54.45097497],[-127.57744112,54.45109745],[-127.57775434,54.45124592],[-127.57788761,54.45146027],[-127.57799493,54.45167532],[-127.57807642,54.45189073],[-127.57814927,54.45201749],[-127.5782109,54.452177],[-127.57824662,54.45233331],[-127.57825644,54.45248641],[-127.57928146,54.45267796],[-127.58015687,54.45283605],[-127.58076548,54.45303508],[-127.58136968,54.45315507],[-127.58198901,54.45333809],[-127.58288134,54.45345345],[-127.58392586,54.45357735],[-127.58419543,54.45381733],[-127.58440676,54.45395156],[-127.58515308,54.45387857],[-127.58597716,54.4538832],[-127.58714188,54.4539537],[-127.5883566,54.45391703],[-127.58885657,54.45358519],[-127.58961513,54.45336835],[-127.59065244,54.4533064],[-127.59184274,54.45332242],[-127.59279501,54.45328859],[-127.59333769,54.45326189],[-127.59374923,54.45321275],[-127.59401206,54.45318783],[-127.5943057,54.45317751],[-127.59464495,54.45318142],[-127.5949064,54.45320243],[-127.59515808,54.45315329],[-127.5954239,54.45309455],[-127.59575162,54.45298452],[-127.59620321,54.45291189],[-127.59674346,54.45270146],[-127.59732471,54.45239455],[-127.59796915,54.45205131],[-127.59932301,54.45139297],[-127.60063837,54.45066235],[-127.60100232,54.4499385],[-127.60151673,54.44928336],[-127.60204613,54.44868412],[-127.60269272,54.44816749],[-127.60318595,54.44772172],[-127.60370748,54.44740803],[-127.60409692,54.44723392],[-127.60447492,54.44716521],[-127.60508023,54.44703738],[-127.60601758,54.44658911],[-127.60706564,54.44626048],[-127.60818843,54.44669486],[-127.60823686,54.44671551],[-127.60852608,54.44684369],[-127.6098105,54.44703204],[-127.61115226,54.44717945],[-127.61120051,54.44802472],[-127.61242527,54.44844521],[-127.61349847,54.44874928],[-127.61441982,54.44886571],[-127.61533916,54.4487913],[-127.61661015,54.44814969],[-127.61696849,54.44791434],[-127.61716059,54.44778224],[-127.61741886,54.44758179],[-127.61753883,54.4474853],[-127.61758117,54.44741302],[-127.61764662,54.44728626],[-127.61779208,54.44694979],[-127.61902478,54.44698184],[-127.61976848,54.44690885],[-127.61986941,54.44690351],[-127.62013814,54.44692273],[-127.62038989,54.44698504],[-127.62062478,54.44709008],[-127.62177345,54.44657095],[-127.62243817,54.44605432],[-127.62262029,54.44553983],[-127.62219307,54.44517915],[-127.6219465,54.44493027],[-127.62257647,54.44477325],[-127.62298463,54.44469064],[-127.62311621,54.44466999],[-127.62331367,54.44463118],[-127.62424615,54.44441719],[-127.62458348,54.44477752],[-127.6249362,54.4451471],[-127.62508889,54.44558433],[-127.62488349,54.44611414],[-127.62628344,54.44642462],[-127.62772148,54.44661154],[-127.62919868,54.44667528],[-127.63015582,54.44710574],[-127.63114186,54.44743153],[-127.63215804,54.44765264],[-127.63220901,54.44842634],[-127.63297228,54.44866846],[-127.6336328,54.44844521],[-127.63425276,54.44819776],[-127.63476126,54.44835834],[-127.63509528,54.448515],[-127.63525493,54.44866739],[-127.63537102,54.44888458],[-127.63541302,54.44901062],[-127.63543961,54.44913702],[-127.63544819,54.44934389],[-127.63545689,54.4495504],[-127.63544539,54.44975121],[-127.63541268,54.44994562],[-127.63534641,54.4500884],[-127.63528068,54.45020482],[-127.63678548,54.45043412],[-127.63761482,54.45048112],[-127.63813604,54.45050177],[-127.63834916,54.45049607],[-127.63860277,54.45048255],[-127.63899995,54.45053845],[-127.63953925,54.45076703],[-127.64007554,54.45120248],[-127.64076299,54.45139902],[-127.64075803,54.45156067],[-127.64076807,54.45171377],[-127.64077682,54.45192028],[-127.64078587,54.45211825],[-127.64079409,54.45233402],[-127.64080253,54.45253198],[-127.64081117,54.45273885],[-127.64082058,54.45291866],[-127.64082998,54.45309846],[-127.64083939,54.45327827],[-127.64083348,54.45345807],[-127.64084331,54.45362898],[-127.64098873,54.45385614],[-127.64099814,54.45403025],[-127.64087239,54.4541506],[-127.64086702,54.45432115],[-127.64087685,54.45449205],[-127.64088692,54.45464515],[-127.64088136,54.4548068],[-127.64089215,54.45495955],[-127.64094705,54.45515787],[-127.64098706,54.45534729],[-127.64102719,54.45553635],[-127.64106712,54.45571651],[-127.64107738,54.45587852],[-127.64108765,54.45604052],[-127.6410973,54.45620253],[-127.64110886,54.45632821],[-127.64112011,54.45644535],[-127.64112996,54.45661626],[-127.64113939,54.45679607],[-127.6414455,54.45697516],[-127.64207974,54.45709016],[-127.64304088,54.45714108],[-127.64432249,54.45711936],[-127.64567416,54.45712541],[-127.646689,54.4569773],[-127.64761948,54.45676972],[-127.64814826,54.456539],[-127.64862501,54.45622069],[-127.64912171,54.45576814],[-127.64962351,54.45540817],[-127.65011654,54.45522374],[-127.65058454,54.45505426],[-127.65117212,54.45496418],[-127.65194786,54.45476906],[-127.65292731,54.45454617],[-127.65378711,54.45436387],[-127.65421373,54.45430192],[-127.65456553,54.4542859],[-127.6547961,54.45431545],[-127.65502667,54.454345],[-127.65524308,54.45438239],[-127.65544533,54.45442761],[-127.65569982,54.45451413],[-127.65603475,54.45464373],[-127.65637484,54.45474022],[-127.65669355,54.4547947],[-127.65699087,54.45480716],[-127.65724331,54.4548011],[-127.65748995,54.4548036],[-127.65772583,54.45482425],[-127.65797077,54.45487196],[-127.65809348,54.45490934],[-127.6583313,54.45502293],[-127.6586092,54.45517567],[-127.65892622,54.45538574],[-127.65898669,54.45542242],[-127.65906213,54.45547725],[-127.65922815,54.45557801],[-127.65948343,54.45578773],[-127.65967761,54.45598747],[-127.65991812,54.45618793],[-127.66008318,54.45633355],[-127.6602321,54.45649698],[-127.66042651,54.45667892],[-127.66062262,54.45681565],[-127.66081861,54.45695273],[-127.66099804,54.45711651],[-127.6611632,54.4572714],[-127.66137335,54.45744444],[-127.66153378,54.45757404],[-127.66170351,54.45773569],[-127.66201683,54.45758615],[-127.66234229,54.45753594],[-127.66264028,54.45753309],[-127.66294344,54.45754271],[-127.66318934,54.45757226],[-127.66355009,54.45755517],[-127.66390106,54.45751707],[-127.66409187,54.45744942],[-127.66428856,54.45739779],[-127.66449567,54.45736895],[-127.66470827,54.45735542],[-127.6649243,54.45735792],[-127.66521727,54.45736112],[-127.66551065,54.45735542],[-127.66571086,54.45735756],[-127.66581819,54.45738569],[-127.66618621,54.45745263],[-127.66633945,54.45749037],[-127.66664449,54.45758365],[-127.66679785,54.45762104],[-127.66713755,54.45761605],[-127.6673994,54.4576189],[-127.66776973,54.45761392],[-127.6680627,54.45761712],[-127.66827832,54.45762852],[-127.66852423,54.45765807],[-127.66872391,54.45769617],[-127.6689697,54.45772607],[-127.66921562,54.45775563],[-127.66935387,54.45777521],[-127.66959938,54.45781366],[-127.66983342,54.45787633],[-127.67011857,54.45797246],[-127.67036855,54.45804082],[-127.67059873,54.45807358],[-127.67082393,54.45809708],[-127.67104007,54.45809922],[-127.67113242,54.45810919],[-127.6713319,54.45813838],[-127.67171493,54.45822348],[-127.67189255,54.45828258],[-127.67213223,54.45834489],[-127.67238032,54.45836768],[-127.67261035,54.45835522],[-127.67282291,54.45830751],[-127.67319616,54.4582039],[-127.67354372,54.45816687],[-127.67396326,54.45817648],[-127.67475953,54.45830608],[-127.67556396,54.45840079],[-127.67625595,54.45852897],[-127.67685506,54.45861264],[-127.67739368,54.45875115],[-127.67801529,54.458822],[-127.67865182,54.45885974],[-127.67895924,54.45889428],[-127.67923458,54.45896193],[-127.67983605,54.45956081],[-127.6807236,54.46005288],[-127.68189725,54.46043813],[-127.68321268,54.46089316],[-127.6844316,54.46142759],[-127.68593803,54.46209128],[-127.6873115,54.46202612],[-127.68861538,54.46208807],[-127.6898508,54.46227749],[-127.69136413,54.46223085],[-127.69178198,54.46229743],[-127.69209317,54.46238146],[-127.69229745,54.46248365],[-127.69240196,54.4625837],[-127.6925976,54.46273573],[-127.69276366,54.46284824],[-127.69293074,54.46293085],[-127.6930626,54.46299529],[-127.69317895,54.46305653],[-127.69327979,54.46311457],[-127.69346259,54.46318827],[-127.69376765,54.46330862],[-127.6938589,54.46335455],[-127.69411549,54.46351905],[-127.69444895,54.46371131],[-127.69474116,54.46373232],[-127.69497294,54.46372591],[-127.69522013,54.46372876],[-127.69571577,54.46339051],[-127.69631027,54.46307825],[-127.69692828,54.46289133],[-127.69746084,54.46274926],[-127.69790795,54.46265206],[-127.69826677,54.46253029],[-127.69832964,54.46249468],[-127.69871994,54.46234158],[-127.69909229,54.4622693],[-127.69928425,54.46222658],[-127.69946509,54.4621956],[-127.69957338,54.46218456],[-127.69969706,54.46217708],[-127.6997587,54.4621778],[-127.69995986,54.46216177],[-127.69999099,54.46216213],[-127.70003712,54.46215964],[-127.70009887,54.4621543],[-127.701154,54.46196808],[-127.70136815,54.46197841],[-127.70159021,54.46199657],[-127.70179651,54.46204285],[-127.70195283,54.46208451],[-127.70201326,54.46211193],[-127.70214574,54.46215537],[-127.70234977,54.46221447],[-127.7027172,54.46230847],[-127.70351604,54.46240389],[-127.70406842,54.46251142],[-127.70445612,54.46210837],[-127.70527967,54.46193746],[-127.70653726,54.4619987],[-127.7066409,54.46132363],[-127.70688528,54.46075608],[-127.70727121,54.46026295],[-127.70765794,54.4597367],[-127.70779888,54.45901035],[-127.70824751,54.45838085],[-127.70914696,54.45790802],[-127.71031849,54.4576602],[-127.71159661,54.4576837],[-127.71281476,54.45802623],[-127.71398849,54.45858202],[-127.71433889,54.45822633],[-127.71448111,54.45812272],[-127.71461729,54.45805329],[-127.71470077,54.45801448],[-127.71476271,54.45799703],[-127.71501279,54.4579009],[-127.71526186,54.45781366],[-127.71538715,54.45776097],[-127.71555532,54.45765095],[-127.71573423,54.45751885],[-127.71582758,54.45738426],[-127.71589689,54.45725395],[-127.71590082,54.45711936],[-127.71590263,54.45705634],[-127.71589282,54.45689006],[-127.7158953,54.45681351],[-127.7158966,54.45675975],[-127.71591568,54.45663905],[-127.71599266,54.45649627],[-127.7161519,54.45632999],[-127.71636293,54.45616265],[-127.71656496,54.45610176],[-127.71683115,54.45598783],[-127.71724131,54.45575141],[-127.71765309,54.45557303],[-127.71806648,54.45545268],[-127.7183935,54.45535726],[-127.7187205,54.45526184],[-127.71903099,54.45519312],[-127.71909363,54.45516392],[-127.71924463,54.45510553],[-127.71950899,54.45503361],[-127.71978336,54.45497628],[-127.72002521,54.45492109],[-127.72024508,54.45484846],[-127.7204228,54.45475446],[-127.72055977,54.45465192],[-127.72065604,54.4545273],[-127.72079914,54.45437883],[-127.72101897,54.45421647],[-127.72125136,54.45407227],[-127.72158446,54.45393483],[-127.72168342,54.45390314],[-127.72178222,54.45387003],[-127.72189019,54.45381021],[-127.72200733,54.45372369],[-127.72207138,54.45366138],[-127.72214063,54.45357522],[-127.72224181,54.4534716],[-127.72237379,54.45335019],[-127.72246928,54.45327008],[-127.72252632,54.45320101],[-127.72257675,54.45310665],[-127.72263494,54.45289444],[-127.72304437,54.45295462],[-127.72343053,54.45294785],[-127.72379232,54.45287379],[-127.72424206,54.45279475],[-127.7246641,54.45262242],[-127.72490182,54.4524711],[-127.72507887,54.452339],[-127.72515413,54.45223788],[-127.72517064,54.45221118],[-127.72533126,54.45200609],[-127.72539551,54.45192598],[-127.72549057,54.45182807],[-127.72558664,54.45172125],[-127.72571524,54.45156067],[-127.72576155,54.45145243],[-127.7258847,54.45128402],[-127.72608531,54.45105543],[-127.7263666,54.4507738],[-127.7266494,54.4504473],[-127.72681298,54.45024826],[-127.72704361,54.45006169],[-127.72734044,54.44988829],[-127.72751264,54.44979999],[-127.72765911,54.44971169],[-127.7277806,54.44962303],[-127.72789116,54.44952833],[-127.72801723,54.44943682],[-127.72826427,54.44926591],[-127.72864929,54.44901027],[-127.72910183,54.44879237],[-127.72953678,54.44874786],[-127.72990346,54.44873682],[-127.73023256,54.44873219],[-127.73053993,54.44866347],[-127.73071998,54.44859654],[-127.73086373,54.44850717],[-127.73096996,54.44839537],[-127.73110233,54.44826505],[-127.7312583,54.44815859],[-127.7314066,54.44807029],[-127.73153166,54.44800869],[-127.73195911,54.44788051],[-127.73250087,54.44776444],[-127.73311093,54.44765691],[-127.73351806,54.44756541],[-127.73376839,54.44749313],[-127.73387846,54.44744008],[-127.73413366,54.44732009],[-127.73439428,54.44721185],[-127.73462858,54.44712462],[-127.73481577,54.44705447],[-127.73503374,54.44697614],[-127.73532127,54.44688713],[-127.73563028,54.44680559],[-127.73595061,54.44675183],[-127.73624941,54.44672512],[-127.73647641,54.44671231],[-127.73665674,54.44657558],[-127.73688038,54.44644705],[-127.73714118,54.44632101],[-127.73738286,54.44621455],[-127.7376936,54.44607212],[-127.73807476,54.44589339],[-127.73829864,54.44579084],[-127.73853863,54.4456705],[-127.73875382,54.44553199],[-127.73889109,54.44542838],[-127.738985,54.44532441],[-127.73903617,54.44522009],[-127.73923915,54.4449648],[-127.73959582,54.44456994],[-127.74003455,54.44428403],[-127.74046475,54.44406684],[-127.74075515,54.4439707],[-127.74107225,54.44385428],[-127.74151041,54.44365809],[-127.74259571,54.44335687],[-127.74380315,54.44314075],[-127.74513335,54.44300972],[-127.74646501,54.44299654],[-127.74745908,54.44277935],[-127.74795062,54.44233785],[-127.7482729,54.44181303],[-127.74874383,54.44138042],[-127.74952601,54.44105998],[-127.75038998,54.44076516],[-127.75116865,54.44035998],[-127.75186103,54.4398437],[-127.75218489,54.439838],[-127.75253342,54.43976288],[-127.75287708,54.43960159],[-127.75321698,54.43935448],[-127.75344392,54.43950047],[-127.75447323,54.44013139],[-127.75513469,54.44052483],[-127.75538767,54.44066796],[-127.75556332,54.44080789],[-127.75574427,54.4409293],[-127.75600214,54.44108205],[-127.75628953,54.44127076],[-127.75660064,54.44151359],[-127.75693607,54.44181053],[-127.75687227,54.44188174],[-127.75682367,54.44195331],[-127.75678033,54.44209644],[-127.75675881,54.44224029],[-127.75677884,54.44241119],[-127.7568348,54.44260952],[-127.75689146,54.44278078],[-127.75699432,54.44294349],[-127.7571428,54.44313398],[-127.75736173,54.44331094],[-127.75765083,54.44349253],[-127.75792866,54.44366913],[-127.75804117,54.44384003],[-127.7580721,54.44401521],[-127.75826617,54.44417615],[-127.75851938,54.44430148],[-127.75883164,54.44439156],[-127.7590416,54.4444147],[-127.7592766,54.4444649],[-127.75956146,54.44457172],[-127.75987066,54.44470773],[-127.76019562,54.44485193],[-127.76057212,54.44504563],[-127.76092313,54.44527884],[-127.76132538,54.4455797],[-127.76170036,54.44592187],[-127.76177655,54.4464709],[-127.76177387,54.44655208],[-127.76175572,54.44664145],[-127.76173785,54.44672228],[-127.76172037,54.4467942],[-127.76170261,54.44687467],[-127.76165254,54.4469911],[-127.7616019,54.44713423],[-127.7615649,54.44734964],[-127.76154378,54.44753835],[-127.76153866,54.4477],[-127.76154826,54.44789796],[-127.76154167,54.44810447],[-127.76153608,54.44830208],[-127.76153067,54.44848189],[-127.76155667,54.44864389],[-127.7615969,54.44884186],[-127.76259076,54.44911602],[-127.76381331,54.44949094],[-127.76469469,54.44988153],[-127.76525603,54.45019664],[-127.76548487,54.45039282],[-127.76555776,54.45047329],[-127.76563373,54.45051922],[-127.76573941,54.45058331],[-127.76591627,54.45062781],[-127.76611692,54.45069368],[-127.76634014,54.45078092],[-127.76659109,54.45099419],[-127.76684476,54.45127761],[-127.7672607,54.45141149],[-127.76754817,54.45170416],[-127.76760489,54.45226494],[-127.76746167,54.45299165],[-127.76711591,54.45371016],[-127.76687285,54.45445039],[-127.76715388,54.45467898],[-127.76759889,54.45492537],[-127.76759316,54.45511407],[-127.76760889,54.45527394],[-127.76769641,54.45544876],[-127.76788099,54.45563035],[-127.76812754,54.45581158],[-127.76848901,54.45593406],[-127.7689011,54.45608218],[-127.76945293,54.45624347],[-127.76991738,54.45647704],[-127.77018396,54.4566743],[-127.77016354,54.45684769],[-127.77044185,54.45700436],[-127.77064775,54.45716529],[-127.77075898,54.4573273],[-127.77095171,54.45766198],[-127.77137828,54.45818146],[-127.77206146,54.4588893],[-127.77266964,54.4595309],[-127.77317479,54.46017109],[-127.77330953,54.46059372],[-127.77339111,54.4608604],[-127.77343368,54.4609747],[-127.77352368,54.46105552],[-127.77367484,54.46116162],[-127.77397773,54.46136244],[-127.77415911,54.46148136],[-127.77432513,54.46161773],[-127.77446057,54.46172703],[-127.77467048,54.46191788],[-127.77479111,54.46201793],[-127.77504797,54.46220949],[-127.77516799,54.46230954],[-127.77528902,54.46240069],[-127.77536349,54.46248222],[-127.77545377,54.46256411],[-127.7755743,54.46265491],[-127.77570975,54.46276421],[-127.77587633,54.46287388],[-127.77607355,54.46298354],[-127.77621066,54.46305689],[-127.77636287,54.46312134],[-127.77648395,54.46318543],[-127.77660603,54.46324061],[-127.77672761,54.46330506],[-127.77684931,54.46336915],[-127.7769857,54.46343324],[-127.77710751,54.46350658],[-127.77729471,54.46360735],[-127.77748719,54.46369921],[-127.77762498,54.4637455],[-127.77779317,54.46378288],[-127.77811484,54.46386726],[-127.77845184,54.46395165],[-127.77854384,54.46397052],[-127.7787595,54.46466447],[-127.77873968,54.4656842],[-127.77839495,54.46661243],[-127.77748918,54.46736904],[-127.77626606,54.46791985],[-127.77483377,54.46833679],[-127.77482462,54.46916354],[-127.77481631,54.46994543],[-127.77481291,54.47059274],[-127.77480919,54.47122188],[-127.77494783,54.4716965],[-127.77523631,54.47225087],[-127.7756699,54.47289034],[-127.77595023,54.47349741],[-127.7760824,54.47406567],[-127.77574028,54.47414329],[-127.77576088,54.47450006],[-127.77587675,54.47510036],[-127.7760879,54.4759442],[-127.77608058,54.47670829],[-127.776067,54.47767889],[-127.77606126,54.47839776],[-127.77605147,54.47923342],[-127.77590576,54.47993199],[-127.77546246,54.48052197],[-127.77457929,54.48098626],[-127.77340868,54.4814178],[-127.77198256,54.48161612],[-127.77055195,54.48197288],[-127.76967967,54.48241047],[-127.76867367,54.48265971],[-127.76765495,54.48288722],[-127.7666572,54.48321444],[-127.76584968,54.48393936],[-127.76523364,54.48497156],[-127.76492333,54.48611199],[-127.76475806,54.48727059],[-127.76475702,54.48781891],[-127.76545471,54.48823834],[-127.76626049,54.48865527],[-127.76731862,54.48927908],[-127.76807551,54.48989612],[-127.76846167,54.4904512],[-127.76885175,54.49100557],[-127.76918533,54.49167602],[-127.76965515,54.49246753],[-127.77019906,54.49321702],[-127.77089271,54.49393339],[-127.77184696,54.49455414],[-127.77280048,54.4951988],[-127.77368325,54.49596289],[-127.77447235,54.49695058],[-127.77433148,54.49768725],[-127.77392454,54.49838725],[-127.77325101,54.49905022],[-127.77324767,54.50019173],[-127.77323531,54.5006051],[-127.77323367,54.50118938],[-127.77299028,54.50192285],[-127.77259638,54.50269584],[-127.77199027,54.50368139],[-127.77142669,54.50478409],[-127.77080471,54.50557061],[-127.77006479,54.50625921],[-127.76920285,54.5068435],[-127.76866093,54.50721949],[-127.76819173,54.50760011],[-127.76870019,54.50781231],[-127.7690704,54.50805051],[-127.76940646,54.50829583],[-127.76973672,54.50860773],[-127.77000771,54.50883205],[-127.77021993,54.50896913],[-127.76972785,54.50976384],[-127.7694321,54.51051582],[-127.77012368,54.51097833],[-127.77069765,54.51146363],[-127.77113866,54.51198916],[-127.77131246,54.51259338],[-127.77134099,54.51330371],[-127.7710556,54.51434623],[-127.77077275,54.51537308],[-127.77062892,54.51632339],[-127.77101722,54.51717222],[-127.77180456,54.51793702],[-127.77271832,54.51871535],[-127.77350378,54.51948834],[-127.77394481,54.52007084],[-127.77416962,54.52046855],[-127.77359567,54.52071743],[-127.77296643,54.52092394],[-127.77252197,54.52109912],[-127.77216615,54.52128106],[-127.77189947,54.52147013],[-127.77179261,54.521604],[-127.77166424,54.52174963],[-127.77153578,54.52191875],[-127.77138694,54.52212313],[-127.77120919,54.52232002],[-127.77084432,54.52263691],[-127.77028293,54.52309764],[-127.76990561,54.523657],[-127.76971236,54.52431498],[-127.76842665,54.52494911],[-127.7677067,54.52552485],[-127.76722945,54.52616717],[-127.76699308,54.52687607],[-127.76687505,54.52772846],[-127.76681467,54.52868944],[-127.76670073,54.52888634],[-127.76656281,54.52908146],[-127.76637534,54.52926447],[-127.76613856,54.52943466],[-127.76573573,54.5296312],[-127.76505677,54.52960129],[-127.76427866,54.52960735],[-127.76311989,54.5296045],[-127.76198552,54.52964081],[-127.76097817,54.52979321],[-127.76020019,54.53012398],[-127.75963464,54.53053949],[-127.7594385,54.53073817],[-127.75913799,54.53096604],[-127.75878595,54.53119],[-127.75848564,54.53141146],[-127.75813549,54.53168171],[-127.75790174,54.53197189],[-127.7577875,54.53233221],[-127.75770977,54.53268577],[-127.75766844,54.53303293],[-127.75769009,54.53329178],[-127.75774557,54.5335581],[-127.75784882,54.53388282],[-127.75786727,54.5342873],[-127.75783052,54.53448455],[-127.75783897,54.53470958],[-127.75782145,54.53479004],[-127.75780223,54.53490683],[-127.75747069,54.5349054],[-127.75714798,54.53497484],[-127.75683278,54.53511548],[-127.75620893,54.53550963],[-127.75560667,54.53594793],[-127.75514322,54.53646135],[-127.75463942,54.53725891],[-127.75413121,54.53805682],[-127.75383077,54.53860586],[-127.75366062,54.53912142],[-127.75361316,54.53932152],[-127.75354549,54.53950987],[-127.753453,54.53967971],[-127.75318754,54.53993251],[-127.75279026,54.54011125],[-127.75226191,54.54021557],[-127.75172081,54.54072223],[-127.75126184,54.5406115],[-127.75072798,54.54054919],[-127.75022172,54.54054314],[-127.74979286,54.54057945],[-127.74936201,54.54068591],[-127.74882633,54.54085397],[-127.74831241,54.54097467],[-127.7479496,54.54104268],[-127.74759709,54.54105692],[-127.74719576,54.54108576],[-127.74674622,54.5411292],[-127.74630614,54.5412086],[-127.74591451,54.54125524],[-127.74555169,54.54127874],[-127.7452118,54.54125702],[-127.7450119,54.54123708],[-127.74454026,54.54132503],[-127.74400179,54.54139731],[-127.74373842,54.54143042],[-127.7434904,54.54144609],[-127.74290358,54.54143078],[-127.74245638,54.54139909],[-127.74210951,54.54139553],[-127.74177335,54.54142009],[-127.74148126,54.54147991],[-127.74125594,54.54155753],[-127.74105701,54.54166613],[-127.74073723,54.54183062],[-127.74027851,54.54199975],[-127.73989171,54.54207559],[-127.7394704,54.54208805],[-127.73889058,54.54206419],[-127.73798766,54.54211084],[-127.73688101,54.54223083],[-127.73668787,54.54248754],[-127.73641355,54.54269441],[-127.73605808,54.54285142],[-127.73565196,54.54298815],[-127.73524647,54.54310351],[-127.73476429,54.54319751],[-127.73408267,54.54323525],[-127.73391199,54.54326053],[-127.73367353,54.5433118],[-127.73332072,54.54338301],[-127.73285416,54.54347416],[-127.73247385,54.5436707],[-127.73212933,54.54391887],[-127.73186659,54.54413179],[-127.73159086,54.5443237],[-127.73134045,54.54443194],[-127.73102542,54.54461424],[-127.7308044,54.5449297],[-127.73050849,54.5452181],[-127.73016266,54.54551292],[-127.73000346,54.54567029],[-127.72982895,54.5458063],[-127.72966015,54.5458914],[-127.72947235,54.54595513],[-127.72926667,54.54599786],[-127.72896111,54.54605162],[-127.72859413,54.54618479],[-127.72817805,54.54637599],[-127.72786076,54.54669109],[-127.72764314,54.54700549],[-127.72758633,54.54733733],[-127.72751167,54.54758229],[-127.72740221,54.54779379],[-127.72655717,54.54767309],[-127.72558995,54.54756022],[-127.72450065,54.54745483],[-127.72340548,54.54748402],[-127.72236736,54.54760615],[-127.72208015,54.54757303],[-127.72170469,54.54754526],[-127.7213036,54.54752283],[-127.720621,54.54743774],[-127.7199624,54.54739501],[-127.71932852,54.5473943],[-127.71872747,54.54738682],[-127.71810868,54.54735406],[-127.71763885,54.54704359],[-127.71739681,54.54687019],[-127.71703371,54.5466238],[-127.71667647,54.54634928],[-127.71619472,54.54609577],[-127.71562678,54.54590493],[-127.71503535,54.54576678],[-127.71446226,54.54563469],[-127.71400595,54.54555813],[-127.71314639,54.54585437],[-127.71266197,54.5460769],[-127.71213093,54.54625101],[-127.71155328,54.5463767],[-127.7108706,54.5464504],[-127.71024822,54.54657965],[-127.70974953,54.54670213],[-127.70942091,54.54683031],[-127.70905297,54.54693926],[-127.70863662,54.54702863],[-127.70809373,54.54707385],[-127.70754093,54.54712512],[-127.7071654,54.54725793],[-127.70674117,54.54731027],[-127.70626824,54.54728214],[-127.7056263,54.54703255],[-127.70510877,54.54679328],[-127.70463529,54.54666261],[-127.70417297,54.54655864],[-127.70361031,54.54642085],[-127.703057,54.54632507],[-127.70251243,54.54627131],[-127.70186379,54.54625528],[-127.70113805,54.54621149],[-127.70059809,54.54618763],[-127.70007505,54.54621292],[-127.69958703,54.54621683],[-127.69909028,54.54621541],[-127.69853619,54.54619547],[-127.69779879,54.54621149],[-127.69727277,54.5462268],[-127.69674245,54.54620935],[-127.69599933,54.54619511],[-127.69504677,54.5462179],[-127.69390882,54.54618479],[-127.69277983,54.54604059],[-127.69271846,54.54650737],[-127.69278372,54.54678651],[-127.69279361,54.5470564],[-127.69244787,54.54740605],[-127.69213201,54.5477621],[-127.69177471,54.54804196],[-127.69137714,54.54831718],[-127.69139367,54.54845818],[-127.69140716,54.5486743],[-127.69133893,54.54899297],[-127.69123736,54.54930452],[-127.69113222,54.54969867],[-127.69105794,54.55008463],[-127.69055975,54.55035772],[-127.68998824,54.5505564],[-127.68937824,54.55072552],[-127.68877285,54.55083768],[-127.68813643,54.55092776],[-127.68746723,54.55099541],[-127.68682012,54.55109012],[-127.68602874,54.5511713],[-127.68522401,54.55120762],[-127.68517304,54.55144688],[-127.68503871,54.55168188],[-127.68456769,54.55200838],[-127.68417467,54.55236372],[-127.68391422,54.55277318],[-127.68369227,54.55320828],[-127.68341559,54.55363981],[-127.68301548,54.55400583],[-127.68254672,54.55432129],[-127.68209337,54.55462501],[-127.68167038,54.55495293],[-127.68161191,54.55532964],[-127.68156944,54.55568889],[-127.68145034,54.55607094],[-127.68125586,54.55645832],[-127.68086697,54.55685852],[-127.68048667,54.55713909],[-127.68011076,54.55744637],[-127.67973903,54.55778106],[-127.68028562,54.55835003],[-127.68070761,54.55891508],[-127.681332,54.55916432],[-127.68185011,54.55944275],[-127.68229207,54.55969804],[-127.68284092,54.55990882],[-127.68344152,54.56014417],[-127.68390651,54.56042368],[-127.68497649,54.56081284],[-127.68607832,54.5611753],[-127.68707587,54.56132306],[-127.68793898,54.5615132],[-127.68866091,54.56177276],[-127.68950871,54.56202662],[-127.69034849,54.5623193],[-127.69118774,54.56260592],[-127.6917655,54.56302179],[-127.69220588,54.56350673],[-127.69237129,54.5641227],[-127.69241383,54.5647312],[-127.69294315,54.5651606],[-127.69332781,54.5656491],[-127.69452084,54.56607529],[-127.6948188,54.56660296],[-127.69511666,54.56712138],[-127.69528169,54.56770032],[-127.69531477,54.56834869],[-127.69523124,54.56902198],[-127.6951342,54.56964116],[-127.6949284,54.57021796],[-127.69448499,54.57069579],[-127.69367895,54.57101766],[-127.692635,54.57119889],[-127.69147364,54.57139009],[-127.69099436,54.5720292],[-127.6905204,54.57266511],[-127.69018078,54.57327254],[-127.69009882,54.57385005],[-127.69027352,54.57439695],[-127.69057576,54.57494847],[-127.69075063,54.57550463],[-127.69079787,54.57605651],[-127.69069861,54.57675651],[-127.69061641,54.57737568],[-127.69053872,54.57787807],[-127.69060377,54.57830427],[-127.69079464,54.57873474],[-127.6910906,54.57931617],[-127.69136647,54.5800443],[-127.69163987,54.58085004],[-127.69206336,54.58148097],[-127.69249224,54.5820446],[-127.6929269,54.58254165],[-127.69308769,54.58314872],[-127.69311942,54.58377537],[-127.69412472,54.58390284],[-127.69498196,54.58413498],[-127.69569198,54.5844711],[-127.69637927,54.5849158],[-127.69721638,54.58534734],[-127.69780749,54.58573116],[-127.69856137,54.58559551],[-127.69928949,54.58553142],[-127.70027384,54.58570589],[-127.7012124,54.58583869],[-127.7019919,54.58581412],[-127.70254817,54.58555741],[-127.70361295,54.58615309],[-127.70471241,54.58661417],[-127.70556157,54.58688584],[-127.70635341,54.58709022],[-127.70672897,54.58727999],[-127.70733331,54.5875837],[-127.70811806,54.58793477],[-127.70908409,54.58833248],[-127.70977437,54.58901717],[-127.71032243,54.58963101],[-127.71080352,54.59023131],[-127.71115488,54.59082414],[-127.71150973,54.59139631],[-127.71212568,54.5914928],[-127.71283023,54.59172495],[-127.71332086,54.59187378],[-127.71381193,54.59184636],[-127.71420534,54.59179936],[-127.7146149,54.59174987],[-127.71511706,54.59168934],[-127.71571321,54.59159392],[-127.71615427,54.59152058],[-127.71659928,54.59147749],[-127.71694111,54.59143619],[-127.71715819,54.59142017],[-127.71732881,54.59141305],[-127.71760683,54.59142195],[-127.71799336,54.59144723],[-127.71882548,54.59156366],[-127.71945367,54.59159428],[-127.71997495,54.59168899],[-127.72053491,54.59182464],[-127.72120891,54.59205643],[-127.72177631,54.59221523],[-127.72254559,54.59236727],[-127.72330089,54.59247408],[-127.72395799,54.59257663],[-127.72446532,54.59262612],[-127.72487365,54.59265247],[-127.7253124,54.59263894],[-127.72582323,54.59264428],[-127.72637339,54.59270409],[-127.72724146,54.59232953],[-127.72811494,54.59205643],[-127.72898416,54.59186879],[-127.72967938,54.59180008],[-127.73036461,54.59178441],[-127.7310219,54.5919311],[-127.73164446,54.59210023],[-127.73215956,54.59228858],[-127.73273906,54.59240537],[-127.73340672,54.59249011],[-127.73380891,54.59251254],[-127.73441079,54.59255455],[-127.7351061,54.59258873],[-127.7356362,54.59236371],[-127.73607788,54.5920956],[-127.73643166,54.59178477],[-127.73746724,54.59181361],[-127.7382549,54.59186666],[-127.73880951,54.59191045],[-127.73937787,54.59192042],[-127.74013114,54.59187022],[-127.74107572,54.59190511],[-127.74221232,54.59202475],[-127.74261642,54.59236442],[-127.7430915,54.5926311],[-127.74359416,54.59277922],[-127.7440915,54.59283512],[-127.744525,54.59281874],[-127.74497402,54.59281162],[-127.74557646,54.59285969],[-127.74599307,54.59289102],[-127.7466654,54.59301172],[-127.74723675,54.59315842],[-127.7477695,54.59333787],[-127.74824661,54.5935515],[-127.74872045,54.59379112],[-127.7490517,54.59393532],[-127.74947513,54.59408344],[-127.74991769,54.59429173],[-127.75026766,54.59455592],[-127.75057617,54.59486782],[-127.75077336,54.59516442],[-127.75093468,54.59546172],[-127.75104359,54.59576543],[-127.75168833,54.59594275],[-127.7521821,54.59599259],[-127.75255312,54.59601467],[-127.75284687,54.59602642],[-127.75317714,54.59601787],[-127.75356147,54.5959431],[-127.75399068,54.59585266],[-127.75446538,54.59574656],[-127.75503639,54.59561767],[-127.75558668,54.59551548],[-127.75589645,54.59567143],[-127.75630414,54.59584626],[-127.75673711,54.59586869],[-127.75741733,54.59588471],[-127.75809262,54.59590073],[-127.75860553,54.59584305],[-127.75907745,54.59576721],[-127.75957544,54.59566716],[-127.76015066,54.59558919],[-127.76063188,54.59554041],[-127.7609846,54.59548985],[-127.76138352,54.59543502],[-127.76186445,54.59538517],[-127.76247933,54.59537057],[-127.76304673,54.59553791],[-127.76356701,54.59573196],[-127.76430338,54.59594631],[-127.76470372,54.5960314],[-127.76526878,54.59627067],[-127.76578936,54.59647362],[-127.76638758,54.59665058],[-127.76690755,54.59685353],[-127.76749087,54.59702123],[-127.76801329,54.59725551],[-127.76843636,54.59743247],[-127.76867917,54.59758664],[-127.76884688,54.59773333],[-127.76908674,54.59800037],[-127.76955923,54.59830159],[-127.7703429,54.59860815],[-127.77135599,54.59887911],[-127.77242728,54.59911161],[-127.77283762,54.5994406],[-127.77336533,54.59973648],[-127.77401092,54.59999961],[-127.77386482,54.6002257],[-127.77370021,54.60055362],[-127.77382388,54.60078969],[-127.77399985,54.60105103],[-127.77438647,54.60141456],[-127.77470172,54.60173536],[-127.77493975,54.6020672],[-127.774796,54.60220962],[-127.77457202,54.60244106],[-127.77446002,54.60255677],[-127.77451829,54.60269207],[-127.77478424,54.60287651],[-127.77512994,54.60304777],[-127.77555539,54.60320586],[-127.77610918,54.60331944],[-127.77649044,54.60334828],[-127.77687228,54.60334009],[-127.77725593,54.60329487],[-127.77770406,54.60325962],[-127.77819361,54.60317274],[-127.77873811,54.60307341],[-127.77917032,54.60300077],[-127.77954274,54.60293063],[-127.77985414,54.60286298],[-127.78040133,54.60268851],[-127.78068217,54.60261054],[-127.78128597,54.60243394],[-127.78186925,54.60226588],[-127.78243129,54.60210672],[-127.78274353,54.60201095],[-127.78325936,54.60183648],[-127.78364898,54.60175067],[-127.78420689,54.60157336],[-127.78458775,54.60142738],[-127.78510537,54.60120805],[-127.78564215,54.60101578],[-127.78623072,54.60083277],[-127.7867554,54.60071812],[-127.78711583,54.60063908],[-127.78743055,54.60058424],[-127.78858062,54.60041583],[-127.78880188,54.60045108],[-127.78896666,54.60046461],[-127.78941496,54.60030154],[-127.78976405,54.60019401],[-127.78997814,54.60010144],[-127.790189,54.59995652],[-127.7903958,54.59975998],[-127.79073991,54.59946873],[-127.79111959,54.59925403],[-127.79154215,54.59914935],[-127.79199397,54.5991198],[-127.79225669,54.59914045],[-127.79265848,54.59916253],[-127.79301865,54.59918994],[-127.7934766,54.59924264],[-127.79407239,54.59932026],[-127.79467986,54.59937438],[-127.79517525,54.59938221],[-127.79550074,54.59936156],[-127.7961455,54.59924406],[-127.79688838,54.59920169],[-127.79804321,54.59924299],[-127.79909116,54.59932916],[-127.80004613,54.59937082],[-127.80045246,54.59941568],[-127.80080655,54.59943704],[-127.80110766,54.59943526],[-127.80139744,54.59939325],[-127.80162787,54.59929355],[-127.80197693,54.59917428],[-127.80264587,54.59916965],[-127.80331794,54.5991903],[-127.80387927,54.59923481],[-127.80425878,54.59923979],[-127.80462717,54.59918425],[-127.80498298,54.59906889],[-127.80547036,54.59882214],[-127.80586414,54.59910485],[-127.80622775,54.59937794],[-127.80650161,54.59953353],[-127.80666992,54.59961614],[-127.80698928,54.5998109],[-127.80716364,54.59996436],[-127.80727016,54.60008328],[-127.8073174,54.60022463],[-127.80736742,54.60062946],[-127.80734745,54.60079111],[-127.80737477,54.60108806],[-127.80745556,54.60132234],[-127.80755748,54.60154808],[-127.80810215,54.60250621],[-127.80817362,54.60271344],[-127.80823521,54.60291496],[-127.808287,54.60307127],[-127.80833023,54.60318236],[-127.80890782,54.60354767],[-127.80934943,54.60380367],[-127.8098172,54.60405077],[-127.81029581,54.60427117],[-127.81083252,54.60444741],[-127.81132193,54.60465891],[-127.81108165,54.605094],[-127.81061224,54.60563449],[-127.81025883,54.6062501],[-127.81011756,54.60684008],[-127.81029107,54.60726129],[-127.81030821,54.60755183],[-127.81020168,54.60785056],[-127.80991454,54.60807238],[-127.80953448,54.60825717],[-127.80868754,54.60844089],[-127.80766169,54.60874817],[-127.80691467,54.60905829],[-127.80648084,54.60925768],[-127.80588028,54.60966536],[-127.80541333,54.60992136],[-127.8049064,54.61014995],[-127.80443491,54.61037924],[-127.8040411,54.6106],[-127.80353941,54.61070396],[-127.8030334,54.6108884],[-127.80259316,54.61117288],[-127.80223885,54.61151078],[-127.80205559,54.61177568],[-127.80165897,54.61211322],[-127.80138626,54.61243402],[-127.80111502,54.61270106],[-127.80065985,54.61309201],[-127.80039273,54.61344201],[-127.8002322,54.61376779],[-127.80025234,54.61412135],[-127.80026075,54.61437308],[-127.80012353,54.61500116],[-127.79982912,54.61586993],[-127.79927503,54.61669419],[-127.79859186,54.6174006],[-127.79786008,54.61787557],[-127.79732949,54.618201],[-127.79699911,54.61837618],[-127.79779781,54.61860014],[-127.79780811,54.6193012],[-127.79782774,54.62020024],[-127.79783919,54.62087424],[-127.7978574,54.62182704],[-127.79801391,54.62270364],[-127.7983067,54.62357526],[-127.79879319,54.62423894],[-127.7991419,54.62479082],[-127.7994127,54.62517714],[-127.7994773,54.62543634],[-127.79953708,54.62561864],[-127.79954565,54.62586432],[-127.79940885,54.62611462],[-127.79914518,54.62635959],[-127.79887015,54.62653476],[-127.79867627,54.62662556],[-127.79795403,54.62661238],[-127.79757436,54.62659138],[-127.79866284,54.68224343],[-127.79901113,54.70000011],[-127.80000025,54.75037012],[-127.80051373,54.77648795],[-127.80072769,54.78736076],[-127.80070765,54.79840337],[-127.80048908,54.79856573],[-127.80042581,54.79861878],[-127.80035771,54.79881603],[-127.80037167,54.79887905],[-127.80041679,54.79893317],[-127.80070671,54.79906491],[-127.80073051,54.79988704],[-127.80072729,54.7999999],[-127.80067564,54.80175026],[-127.80067567,54.80198917],[-127.80071224,54.81317562],[-127.80071541,54.81421508],[-127.8007201,54.81575308],[-127.80072164,54.81620278],[-127.80077998,54.83066384],[-127.8010137,54.84253356],[-127.80214614,54.90000005],[-127.80412123,55.0000002],[-127.80412633,55.00054995],[-127.81927198,55.00050188],[-127.81926722,54.99999985],[-127.81999972,54.99999985],[-127.82017167,54.99999985],[-127.82197735,55.0000002],[-127.82599997,54.99999985],[-127.82666656,55.0000002],[-127.83200073,55.0000002],[-127.8333335,55.0000002],[-127.83800036,55.0000002],[-127.83999982,55.0000002],[-127.84400061,55.0000002],[-127.84644019,55.0000002],[-127.84666677,55.0000002],[-127.85000024,55.0000002],[-127.85261363,55.0000002],[-127.85319342,55.0000002],[-127.8532617,55.0000002],[-127.85333309,55.0000002],[-127.85433324,54.99999985],[-127.85599987,55.0000002],[-127.85902369,54.99999985],[-127.85971573,55.0000002],[-127.86000004,55.0000002],[-127.86200074,55.0000002],[-127.86666698,55.0000002],[-127.86800037,55.0000002],[-127.8733333,55.0000002],[-127.87400062,55.0000002],[-127.88000035,54.99999985],[-127.8828546,54.99999985],[-127.88599998,54.99999985],[-127.88666657,55.0000002],[-127.89200075,55.0000002],[-127.89333352,55.0000002],[-127.89800038,55.0000002],[-127.89999984,55.0000002],[-127.90400063,55.0000002],[-127.90666678,55.0000002],[-127.90851851,55.0000002],[-127.91000026,55.0000002],[-127.91264034,55.0000002],[-127.91270118,55.0000002],[-127.91333311,55.0000002],[-127.91600051,55.0000002],[-127.91903477,55.0000002],[-127.92000005,55.0000002],[-127.92200386,55.0000002],[-127.9262394,54.99999985],[-127.92666638,55.0000002],[-127.92800038,55.0000002],[-127.93333332,55.0000002],[-127.93400063,55.0000002],[-127.94000037,54.99999985],[-127.94060188,54.99999985],[-127.94600062,54.99999985],[-127.94666659,55.0000002],[-127.95200076,55.0000002],[-127.95333353,55.0000002],[-127.95800039,55.0000002],[-127.95999986,55.0000002],[-127.96400064,55.0000002],[-127.9666668,55.0000002],[-127.97000038,54.99999985],[-127.97266891,55.0000002],[-127.97333312,55.0000002],[-127.97600063,54.99999985],[-127.97904596,55.0000002],[-127.98000007,55.0000002],[-127.98200077,55.0000002],[-127.98666639,55.0000002],[-127.9880004,55.0000002],[-127.99333344,54.99999985],[-127.99400065,55.0000002],[-127.99907856,54.99999985],[-128.00001094,54.99999985],[-128.00199974,55.0000002],[-128.00228219,55.0000002],[-128.0066666,55.0000002],[-128.00799999,55.0000002],[-128.01333303,54.99999985],[-128.01400024,55.0000002],[-128.01999998,54.99999985],[-128.02600023,54.99999985],[-128.02666682,55.0000002],[-128.03199975,55.0000002],[-128.03333314,55.0000002],[-128.038,55.0000002],[-128.04000008,55.0000002],[-128.04400025,55.0000002],[-128.04666641,55.0000002],[-128.04999988,55.0000002],[-128.05333335,55.0000002],[-128.05600013,55.0000002],[-128.0600003,55.0000002],[-128.06199976,55.0000002],[-128.06666662,55.0000002],[-128.06800001,55.0000002],[-128.07333305,54.99999985],[-128.07400026,55.0000002],[-128.07999999,54.99999985],[-128.08600024,54.99999985],[-128.08666683,55.0000002],[-128.09199977,55.0000002],[-128.09333316,55.0000002],[-128.09800002,55.0000002],[-128.1000001,55.0000002],[-128.10400027,55.0000002],[-128.10666643,55.0000002],[-128.1099999,55.0000002],[-128.11333337,55.0000002],[-128.11600015,55.0000002],[-128.11999969,55.0000002],[-128.12199978,55.0000002],[-128.12666664,55.0000002],[-128.12800003,55.0000002],[-128.13333307,54.99999985],[-128.13400028,55.0000002],[-128.14000001,54.99999985],[-128.14600026,54.99999985],[-128.14666685,55.0000002],[-128.15199978,55.0000002],[-128.15333317,55.0000002],[-128.15800003,55.0000002],[-128.16000012,55.0000002],[-128.16400028,55.0000002],[-128.16666644,55.0000002],[-128.16999991,55.0000002],[-128.17333338,55.0000002],[-128.17600016,55.0000002],[-128.17999971,55.0000002],[-128.18199979,55.0000002],[-128.18666665,55.0000002],[-128.18800004,55.0000002],[-128.19333308,54.99999985],[-128.19400029,55.0000002],[-128.20000003,54.99999985],[-128.20600027,54.99999985],[-128.20666687,55.0000002],[-128.2119998,55.0000002],[-128.21333319,55.0000002],[-128.21800005,55.0000002],[-128.22000013,55.0000002],[-128.2240003,55.0000002],[-128.22666646,55.0000002],[-128.22999993,55.0000002],[-128.2333334,55.0000002],[-128.23600018,55.0000002],[-128.23999973,55.0000002],[-128.24199981,55.0000002],[-128.24666667,55.0000002],[-128.24800006,55.0000002],[-128.2533331,54.99999985],[-128.25400031,55.0000002],[-128.26000004,54.99999985],[-128.26600029,54.99999985],[-128.26666688,55.0000002],[-128.27199982,55.0000002],[-128.27333321,55.0000002],[-128.27800007,55.0000002],[-128.28000015,55.0000002],[-128.2839997,55.0000002],[-128.28666647,55.0000002],[-128.28999994,55.0000002],[-128.29333342,55.0000002],[-128.2960002,55.0000002],[-128.29999974,55.0000002],[-128.30199983,55.0000002],[-128.30666669,55.0000002],[-128.30792869,55.0000002],[-128.33539719,55.00000119],[-128.33854987,55.00000092],[-128.33979181,55.0000008],[-128.34491595,55.0000002],[-128.34667766,55.0000002],[-128.34725062,55.0000002],[-128.34999996,55.0000002],[-128.35333343,55.0000002],[-128.35600021,55.0000002],[-128.35999976,55.0000002],[-128.36199984,55.0000002],[-128.3666667,55.0000002],[-128.36800009,55.0000002],[-128.37333313,54.99999985],[-128.37399972,55.0000002],[-128.38000007,54.99999985],[-128.3859997,54.99999985],[-128.38666691,55.0000002],[-128.39199985,55.0000002],[-128.39333324,55.0000002],[-128.3980001,55.0000002],[-128.40000028,54.99999985],[-128.4017141,55.0000002],[-128.40399973,55.0000002],[-128.40666651,55.0000002],[-128.40999998,55.0000002],[-128.41333345,55.0000002],[-128.41600023,55.0000002],[-128.41999977,55.0000002],[-128.42199986,55.0000002],[-128.42666672,55.0000002],[-128.42800011,55.0000002],[-128.43333314,54.99999985],[-128.43399974,55.0000002],[-128.44000009,54.99999985],[-128.44578804,54.99999985],[-128.44599972,54.99999985],[-128.44637704,55.0000002],[-128.44666693,55.0000002],[-128.45199987,55.0000002],[-128.45333325,55.0000002],[-128.45800012,55.0000002],[-128.4600002,55.0000002],[-128.46399974,55.0000002],[-128.46666652,55.0000002],[-128.47,55.0000002],[-128.47333347,55.0000002],[-128.47600024,55.0000002],[-128.47999979,55.0000002],[-128.48199987,55.0000002],[-128.48666673,55.0000002],[-128.48800012,55.0000002],[-128.49333316,54.99999985],[-128.49399975,55.0000002],[-128.5000001,54.99999985],[-128.50599973,54.99999985],[-128.50666695,55.0000002],[-128.51199988,55.0000002],[-128.51333327,55.0000002],[-128.51800013,55.0000002],[-128.52000021,55.0000002],[-128.52399976,55.0000002],[-128.52666654,55.0000002],[-128.53000001,55.0000002],[-128.53333348,55.0000002],[-128.53600026,55.0000002],[-128.53999981,55.0000002],[-128.54199989,55.0000002],[-128.54666675,55.0000002],[-128.54800014,55.0000002],[-128.55333317,54.99999985],[-128.55399977,55.0000002],[-128.56000012,54.99999985],[-128.56599975,54.99999985],[-128.56666696,55.0000002],[-128.5719999,55.0000002],[-128.57333329,55.0000002],[-128.57800015,55.0000002],[-128.58000023,55.0000002],[-128.58399978,55.0000002],[-128.58666655,55.0000002],[-128.59000003,55.0000002],[-128.5933335,55.0000002],[-128.59600028,55.0000002],[-128.60000044,55.0000002],[-128.60092289,55.0000002],[-128.60199991,55.0000002],[-128.60666677,55.0000002],[-128.60800016,55.0000002],[-128.61333319,54.99999985],[-128.61399979,55.0000002],[-128.62000013,54.99999985],[-128.62282893,54.99999985],[-128.62599977,54.99999985],[-128.62666698,55.0000002],[-128.63199991,55.0000002],[-128.6333333,55.0000002],[-128.63800016,55.0000002],[-128.64000025,55.0000002],[-128.64399979,55.0000002],[-128.65000004,55.0000002],[-128.65333352,55.0000002],[-128.65600029,55.0000002],[-128.65999984,55.0000002],[-128.66199992,55.0000002],[-128.66666678,55.0000002],[-128.66800017,55.0000002],[-128.67333321,54.99999985],[-128.6739998,55.0000002],[-128.68000015,54.99999985],[-128.68599978,54.99999985],[-128.68666637,55.0000002],[-128.69199993,55.0000002],[-128.69333332,55.0000002],[-128.69800018,55.0000002],[-128.70000026,55.0000002],[-128.70399981,55.0000002],[-128.70666659,55.0000002],[-128.71000006,55.0000002],[-128.71333353,55.0000002],[-128.71600031,55.0000002],[-128.71999986,55.0000002],[-128.72199994,55.0000002],[-128.7266668,55.0000002],[-128.72800019,55.0000002],[-128.73333322,54.99999985],[-128.73399982,55.0000002],[-128.74000017,54.99999985],[-128.7459998,54.99999985],[-128.74666639,55.0000002],[-128.74999996,54.99999985],[-128.75199995,55.0000002],[-128.75333334,55.0000002],[-128.7580002,55.0000002],[-128.76000028,55.0000002],[-128.76399983,55.0000002],[-128.7666666,55.0000002],[-128.77000008,55.0000002],[-128.77333355,55.0000002],[-128.77508719,55.0000002],[-128.77599971,55.0000002],[-128.77999987,55.0000002],[-128.78199996,55.0000002],[-128.78666682,55.0000002],[-128.78800021,55.0000002],[-128.79333324,54.99999985],[-128.79399983,55.0000002],[-128.80000018,54.99999985],[-128.8023571,55.0000002],[-128.80599981,54.99999985],[-128.80666641,55.0000002],[-128.81199996,55.0000002],[-128.81333335,55.0000002],[-128.81800021,55.0000002],[-128.8200003,55.0000002],[-128.82399984,55.0000002],[-128.82666662,55.0000002],[-128.83000009,55.0000002],[-128.83333356,55.0000002],[-128.83599972,55.0000002],[-128.83999989,55.0000002],[-128.84199997,55.0000002],[-128.84666683,55.0000002],[-128.84800022,55.0000002],[-128.86191569,55.00029124],[-128.92759737,54.99556234],[-128.92844222,54.99530209],[-128.92928118,54.99506908],[-128.9301156,54.994773],[-128.93091809,54.9945508],[-128.93150206,54.99434431],[-128.93190667,54.99415382],[-128.93263346,54.99378602],[-128.93307986,54.99360835],[-128.93358739,54.9933819],[-128.93354117,54.99307641],[-128.9341878,54.99294503],[-128.93513591,54.99285281],[-128.93560979,54.99296977],[-128.93601579,54.99303297],[-128.93637031,54.99306303],[-128.936818,54.99313623],[-128.93724505,54.99322239],[-128.93769855,54.99338439],[-128.93815103,54.99360016],[-128.93852587,54.99380703],[-128.93901058,54.99403205],[-128.93933892,54.99378046],[-128.93973855,54.99366084],[-128.94076872,54.99344568],[-128.94141857,54.99321533],[-128.94252886,54.99298312],[-128.94342506,54.9928877],[-128.94401873,54.99295696],[-128.94443515,54.99308211],[-128.9447531,54.99313303],[-128.94518919,54.99318002],[-128.94575514,54.99314246],[-128.9464519,54.9930198],[-128.94657655,54.99320886],[-128.94661786,54.99336446],[-128.94663855,54.99355922],[-128.94660695,54.99381982],[-128.94683041,54.99417056],[-128.94709067,54.99444009],[-128.94732483,54.99467402],[-128.94748081,54.99491654],[-128.94753243,54.99515504],[-128.94755814,54.99539289],[-128.9476359,54.99586018],[-128.94774468,54.9963425],[-128.94766598,54.99675884],[-128.94750897,54.99729197],[-128.94747734,54.99754059],[-128.94740411,54.99779217],[-128.94721063,54.99831329],[-128.94702293,54.99860092],[-128.94691249,54.99917586],[-128.94704729,54.99969413],[-128.9472033,55.00011058],[-128.94734853,55.00063184],[-128.94725405,55.00095549],[-128.94751984,55.00107121],[-128.94774496,55.0012382],[-128.94793084,55.00145574],[-128.94803476,55.00160279],[-128.94812887,55.00169252],[-128.94826912,55.00186342],[-128.94840943,55.00204323],[-128.94858133,55.00235763],[-128.94872178,55.00257339],[-128.94879963,55.00264532],[-128.94887751,55.0027354],[-128.94903378,55.00301383],[-128.94921577,55.0032207],[-128.94939265,55.00337344],[-128.94976608,55.00368428],[-128.95001022,55.00395701],[-128.9501263,55.00419165],[-128.95012664,55.00429063],[-128.95015206,55.00438641],[-128.95020459,55.00453311],[-128.95025087,55.00463209],[-128.95026659,55.00469511],[-128.950298,55.00476668],[-128.9504067,55.00496464],[-128.95048527,55.00506362],[-128.95059286,55.00516545],[-128.95070889,55.00529328],[-128.95083398,55.00544709],[-128.95085759,55.00562476],[-128.95087149,55.00576968],[-128.95087517,55.00588148],[-128.95120274,55.00614211],[-128.9513592,55.00631301],[-128.95142161,55.00639384],[-128.95151536,55.00656474],[-128.95158261,55.00672354],[-128.95166606,55.00689124],[-128.95176448,55.00706784],[-128.95190513,55.00731957],[-128.95204552,55.00749938],[-128.95213415,55.00761616],[-128.9522836,55.00774221],[-128.95248284,55.00788605],[-128.95254568,55.00792201],[-128.95267026,55.00801174],[-128.95285778,55.00818264],[-128.95307635,55.00835355],[-128.95318605,55.00846143],[-128.95352901,55.00898269],[-128.95365404,55.00919846],[-128.95368537,55.00927038],[-128.95385705,55.00951321],[-128.9541068,55.00983651],[-128.95427851,55.01009749],[-128.95429418,55.01013345],[-128.95438758,55.01028299],[-128.95444992,55.01040298],[-128.95454363,55.01054683],[-128.95462193,55.01065151],[-128.95466338,55.01080034],[-128.95469956,55.01102323],[-128.95474669,55.01114891],[-128.95484,55.01133762],[-128.95459474,55.0114334],[-128.95442799,55.01154413],[-128.95410646,55.0118425],[-128.95368189,55.01218182],[-128.95258674,55.01284942],[-128.95169458,55.01356509],[-128.9511916,55.01426081],[-128.95054935,55.01469484],[-128.9498755,55.01480237],[-128.94923746,55.01471442],[-128.94886139,55.01538416],[-128.94876676,55.0160101],[-128.94887947,55.01643558],[-128.94905823,55.01668232],[-128.94914125,55.01677205],[-128.94923004,55.01683827],[-128.94937537,55.01693405],[-128.94952509,55.01703197],[-128.94965157,55.01713771],[-128.94976631,55.01730257],[-128.94976517,55.01790465],[-128.94978102,55.01799473],[-128.94985879,55.01817454],[-128.94941034,55.01826604],[-128.94895161,55.01842271],[-128.94817578,55.01892759],[-128.9475704,55.01939259],[-128.94713549,55.01981772],[-128.94713505,55.02015027],[-128.9471352,55.02018624],[-128.94712959,55.0204077],[-128.94719201,55.02064163],[-128.94726609,55.0208282],[-128.947325,55.02097916],[-128.94736834,55.02109381],[-128.94733671,55.0213904],[-128.94733655,55.02149829],[-128.94739915,55.02170195],[-128.94756034,55.02193588],[-128.94782033,55.02219936],[-128.94826208,55.02235637],[-128.94866472,55.02244254],[-128.94880531,55.0224874],[-128.94891534,55.02251446],[-128.94906642,55.02255042],[-128.94921198,55.02259529],[-128.94917707,55.02273735],[-128.94910778,55.02284595],[-128.94900331,55.02292179],[-128.94888325,55.0229727],[-128.9484137,55.02323297],[-128.94706797,55.02357692],[-128.94593598,55.02380408],[-128.9451521,55.02391375],[-128.94267669,55.02436878],[-128.94229099,55.02446456],[-128.94171687,55.0246319],[-128.94141971,55.02471273],[-128.94113959,55.02477432],[-128.94073613,55.02486227],[-128.94020955,55.02497585],[-128.93921306,55.02527778],[-128.9392894,55.02554731],[-128.93932733,55.0258051],[-128.93928832,55.02609457],[-128.93939069,55.02641003],[-128.93976557,55.02665998],[-128.94045191,55.02684513],[-128.9415046,55.02708332],[-128.94251096,55.02737315],[-128.9422133,55.02747178],[-128.94195231,55.02760459],[-128.94161503,55.02777122],[-128.94108823,55.02795174],[-128.94039436,55.02816181],[-128.93961516,55.02839324],[-128.93882552,55.02880235],[-128.93804933,55.02926699],[-128.93732506,55.0289494],[-128.93636096,55.0286731],[-128.93515685,55.02843882],[-128.9345709,55.02835265],[-128.93410665,55.0283466],[-128.93376419,55.0284203],[-128.9334984,55.02856379],[-128.93301994,55.02866242],[-128.93248452,55.02862111],[-128.93189206,55.02844024],[-128.93141789,55.02832915],[-128.93105823,55.02830174],[-128.93111704,55.02844166],[-128.93115144,55.02861649],[-128.93130862,55.02917549],[-128.93162398,55.02982671],[-128.93175673,55.0303501],[-128.93180511,55.03081831],[-128.9310224,55.03100987],[-128.93013021,55.03133886],[-128.92900299,55.03179639],[-128.92780979,55.03187543],[-128.92681735,55.03210473],[-128.92617651,55.03251668],[-128.92582481,55.03297563],[-128.92576139,55.03342996],[-128.9259428,55.03381343],[-128.9261719,55.03416093],[-128.92653632,55.03449064],[-128.92695848,55.03477263],[-128.92743239,55.03500371],[-128.92716088,55.03526398],[-128.92665436,55.03563214],[-128.9260291,55.03608504],[-128.92523885,55.03652085],[-128.92440901,55.03696057],[-128.92354744,55.03740956],[-128.92290544,55.03777771],[-128.92174519,55.03797247],[-128.92062373,55.0381594],[-128.91970141,55.03845243],[-128.91880022,55.03870665],[-128.91804666,55.03900965],[-128.91727977,55.0392475],[-128.91680596,55.03952486],[-128.91640763,55.03983997],[-128.9160312,55.04009739],[-128.91557667,55.04034271],[-128.91479646,55.04026652],[-128.91392325,55.04033559],[-128.91296881,55.04045879],[-128.91198216,55.04065462],[-128.91098583,55.04084261],[-128.9097533,55.0413183],[-128.90848778,55.04206102],[-128.90718406,55.0427272],[-128.907709,55.04335064],[-128.90850534,55.04413004],[-128.90957312,55.04506539],[-128.90920617,55.04587684],[-128.90885977,55.04656259],[-128.90881527,55.04706854],[-128.90892553,55.0475631],[-128.90911254,55.04784189],[-128.90931556,55.04808472],[-128.90961248,55.04846213],[-128.90997669,55.04890292],[-128.91033544,55.04929529],[-128.91068969,55.04964031],[-128.91103331,55.0499102],[-128.91040637,55.05026589],[-128.90950287,55.05063975],[-128.9083229,55.05103141],[-128.90751037,55.05113252],[-128.90669475,55.05114677],[-128.90586443,55.05154163],[-128.90456859,55.05227438],[-128.90300711,55.05291421],[-128.90122675,55.05336925],[-128.89968251,55.05379936],[-128.89837564,55.05420454],[-128.8975268,55.05482692],[-128.89683132,55.05537453],[-128.89628922,55.05584737],[-128.89627291,55.0560991],[-128.89631903,55.05653028],[-128.8965999,55.05680017],[-128.89703705,55.05720393],[-128.89756501,55.05771949],[-128.89818246,55.05834721],[-128.89919298,55.05907498],[-128.90021961,55.05972086],[-128.9007716,55.06012569],[-128.90132411,55.06046466],[-128.90203132,55.06073775],[-128.90278938,55.06099304],[-128.90313963,55.06127574],[-128.90356022,55.06156272],[-128.90382718,55.0618294],[-128.90401258,55.06214914],[-128.90411651,55.06252157],[-128.90413459,55.0628851],[-128.90403969,55.06326857],[-128.90383191,55.06367162],[-128.90378374,55.0639472],[-128.90369455,55.06422279],[-128.90356379,55.06449802],[-128.90382105,55.06459237],[-128.90404808,55.06472019],[-128.90417517,55.06493205],[-128.90426286,55.06517452],[-128.90421205,55.06541414],[-128.90415397,55.06565305],[-128.90402296,55.06584461],[-128.90392697,55.06607889],[-128.90375385,55.06633845],[-128.90343471,55.0666297],[-128.90296287,55.0668971],[-128.90274303,55.06718443],[-128.90287281,55.06744827],[-128.90320753,55.06775198],[-128.90366472,55.06810162],[-128.90407098,55.06841673],[-128.90379508,55.06866098],[-128.90342752,55.06889242],[-128.90313641,55.06915376],[-128.903082,55.06947314],[-128.90326357,55.06985091],[-128.90353411,55.07026749],[-128.90309178,55.07035294],[-128.90272451,55.0704505],[-128.90242454,55.07058188],[-128.90213902,55.07074246],[-128.90159531,55.07107751],[-128.90098871,55.07147237],[-128.90014031,55.07187827],[-128.89911317,55.07223468],[-128.89811647,55.0725683],[-128.89740053,55.07306108],[-128.89696358,55.07371265],[-128.89691396,55.07469215],[-128.8961102,55.07457857],[-128.89525895,55.07463981],[-128.89436083,55.07487587],[-128.8934202,55.07528213],[-128.89310952,55.07491255],[-128.89285269,55.0745508],[-128.89260686,55.07416235],[-128.89225432,55.07373864],[-128.89151492,55.07317786],[-128.89104973,55.07335411],[-128.89062089,55.07354531],[-128.8892161,55.07319958],[-128.88774107,55.07294073],[-128.88623585,55.07286845],[-128.88485504,55.07274348],[-128.88379016,55.07254765],[-128.88291917,55.07233402],[-128.88248218,55.0725505],[-128.88209973,55.07282252],[-128.88177349,55.0731508],[-128.88087184,55.07335161],[-128.87974582,55.0733096],[-128.8784853,55.072898],[-128.87719298,55.07228346],[-128.87626716,55.07167746],[-128.87542148,55.07105365],[-128.87499516,55.07062781],[-128.87464143,55.07021408],[-128.87475213,55.0698007],[-128.87371209,55.069706],[-128.87260186,55.06964297],[-128.87163865,55.06952192],[-128.87079145,55.06937451],[-128.87024111,55.06907329],[-128.86955775,55.06892482],[-128.86880248,55.06901062],[-128.86806737,55.06922782],[-128.86699491,55.06840569],[-128.86625596,55.06760813],[-128.8656451,55.06781429],[-128.86489923,55.06753265],[-128.86420631,55.06715951],[-128.86332293,55.06653855],[-128.86248479,55.06589552],[-128.86169179,55.06523077],[-128.86059886,55.06485193],[-128.8594241,55.06453611],[-128.85765608,55.06413876],[-128.85758376,55.06384787],[-128.85763345,55.06358154],[-128.8578261,55.06329029],[-128.8581611,55.06297411],[-128.85886757,55.06253154],[-128.85781933,55.06227874],[-128.85733134,55.06152925],[-128.85684357,55.06071995],[-128.85635611,55.05985047],[-128.85585474,55.05990387],[-128.85546295,55.06013424],[-128.85513308,55.0603792],[-128.85466366,55.06032473],[-128.85398375,55.06070855],[-128.85317741,55.06095209],[-128.8523927,55.0610322],[-128.85172987,55.06106211],[-128.85124075,55.06115255],[-128.85077727,55.06132666],[-128.85044921,55.06156486],[-128.85021506,55.06183937],[-128.85007501,55.0621495],[-128.84989579,55.06251196],[-128.84984583,55.06295204],[-128.84952763,55.06335901],[-128.84907698,55.06374781],[-128.84878179,55.06409781],[-128.84850898,55.06441826],[-128.84825936,55.06470844],[-128.84803922,55.0649089],[-128.84776516,55.06515422],[-128.84740588,55.06542019],[-128.84685096,55.06587202],[-128.84644875,55.06635661],[-128.84622124,55.0667707],[-128.84616781,55.06711429],[-128.84609328,55.06740768],[-128.84593769,55.06767685],[-128.84569969,55.06792217],[-128.84540127,55.06814969],[-128.84516038,55.06840106],[-128.84622859,55.06892054],[-128.84741139,55.06941902],[-128.84726066,55.06968641],[-128.8470357,55.06994099],[-128.84673546,55.07018204],[-128.84669262,55.07046652],[-128.84663561,55.07066627],[-128.84630064,55.07089557],[-128.84566114,55.07123809],[-128.84483926,55.07173158],[-128.84404881,55.0723536],[-128.84391728,55.07259394],[-128.84365737,55.0728421],[-128.84320765,55.07305431],[-128.84235148,55.07305823],[-128.84114958,55.072898],[-128.84052249,55.0731038],[-128.84023041,55.07337405],[-128.84006034,55.07369627],[-128.83985512,55.07405838],[-128.83959309,55.07441443],[-128.83890414,55.07438666],[-128.83794372,55.07430762],[-128.83673225,55.07435995],[-128.83559513,55.07458178],[-128.83453217,55.07497379],[-128.83355818,55.07554775],[-128.83343746,55.07584398],[-128.83338387,55.07614947],[-128.83333527,55.07647313],[-128.83396055,55.07676153],[-128.83417602,55.076863],[-128.83426466,55.07692104],[-128.83431707,55.07697053],[-128.83433282,55.07701077],[-128.83433853,55.07706275],[-128.83443399,55.0773896],[-128.83462982,55.07783182],[-128.83457126,55.07811916],[-128.83454965,55.07831677],[-128.83532587,55.07860837],[-128.83622308,55.07889428],[-128.83601842,55.07917236],[-128.83610907,55.07946005],[-128.83623512,55.07973884],[-128.83552391,55.07997454],[-128.83484455,55.08024621],[-128.83419579,55.08055384],[-128.83393302,55.08091488],[-128.83376936,55.08133217],[-128.83371534,55.08178756],[-128.83360916,55.08222444],[-128.83341458,55.08253171],[-128.83316762,55.08284397],[-128.83304076,55.08324951],[-128.83279925,55.0835988],[-128.83255446,55.08396696],[-128.83264246,55.08452667],[-128.83306398,55.08524341],[-128.833284,55.08550404],[-128.83343766,55.08576396],[-128.8337217,55.08606589],[-128.83383884,55.08640271],[-128.83415202,55.08680541],[-128.83446574,55.08723125],[-128.83463348,55.08787535],[-128.8350041,55.08842117],[-128.83557655,55.08886802],[-128.83587571,55.08932697],[-128.8361071,55.08981548],[-128.83633289,55.09033602],[-128.8365561,55.09071771],[-128.83656342,55.09108801],[-128.83614592,55.09138709],[-128.83558557,55.09176059],[-128.83488058,55.09208032],[-128.8342456,55.09247875],[-128.83345705,55.09287218],[-128.83265449,55.09332152],[-128.83218051,55.09337351],[-128.83170847,55.09340698],[-128.83117549,55.09345397],[-128.83058523,55.09347142],[-128.82972298,55.09355082],[-128.82962355,55.09364161],[-128.82952378,55.09376338],[-128.82946649,55.09411267],[-128.82945243,55.09456593],[-128.8294495,55.09517691],[-128.82926874,55.09594954],[-128.82895566,55.09634476],[-128.82859069,55.09661073],[-128.82817375,55.09674781],[-128.82818243,55.09717935],[-128.82816534,55.09756851],[-128.82812164,55.09791602],[-128.82815123,55.09841022],[-128.82814989,55.09867085],[-128.82814871,55.09896744],[-128.82824051,55.0994709],[-128.82830155,55.09989318],[-128.82820681,55.10000106],[-128.82802835,55.10020152],[-128.82789165,55.10044969],[-128.8277959,55.10074628],[-128.82760665,55.10108453],[-128.82738578,55.10140177],[-128.82689867,55.10179628],[-128.82650541,55.10200849],[-128.82617584,55.10222675],[-128.82639342,55.10292888],[-128.82643564,55.10366484],[-128.82657335,55.10406861],[-128.82660475,55.10445599],[-128.82697624,55.10553483],[-128.8271749,55.10675716],[-128.82692378,55.10680166],[-128.82645262,55.10702562],[-128.82606007,55.10717801],[-128.82504136,55.10755899],[-128.824107,55.1077833],[-128.82325638,55.10785095],[-128.82185602,55.10784597],[-128.82130769,55.10780929],[-128.82116731,55.10809841],[-128.82104922,55.10843594],[-128.82064664,55.10878274],[-128.82019433,55.1090836],[-128.81935725,55.10929795],[-128.81868235,55.10952475],[-128.81821449,55.10976153],[-128.81795358,55.11000863],[-128.81776339,55.1102041],[-128.81756904,55.11043767],[-128.81743668,55.11071788],[-128.81744075,55.11105257],[-128.8175608,55.11139794],[-128.81654731,55.11139367],[-128.81538195,55.1114396],[-128.81471045,55.11087241],[-128.81411815,55.1108279],[-128.81348093,55.11083859],[-128.81289904,55.11084499],[-128.81238194,55.11079408],[-128.81189675,55.11059184],[-128.81134252,55.1102981],[-128.81051358,55.10990466],[-128.8098544,55.1101101],[-128.80938338,55.11025324],[-128.80890829,55.11050034],[-128.80842488,55.1107072],[-128.80795442,55.11081402],[-128.80755645,55.11094718],[-128.80723317,55.11110776],[-128.8069854,55.11129504],[-128.80677515,55.11152505],[-128.80657023,55.11176753],[-128.80625543,55.1120545],[-128.80605026,55.11227276],[-128.80584592,55.11245827],[-128.80559352,55.11266478],[-128.80519003,55.11290262],[-128.80447813,55.11317108],[-128.80359334,55.1134983],[-128.80251514,55.11392058],[-128.80169342,55.11447068],[-128.80089641,55.11500547],[-128.80012402,55.1155253],[-128.79961242,55.11581014],[-128.79909232,55.11601203],[-128.79841208,55.11618471],[-128.79778946,55.11623741],[-128.79684289,55.11636167],[-128.79626257,55.11642362],[-128.79587498,55.11667144],[-128.79555439,55.11694061],[-128.79530217,55.11723079],[-128.79512857,55.11750887],[-128.79479226,55.11788593],[-128.79456521,55.11822988],[-128.79444911,55.11854142],[-128.79406044,55.11884335],[-128.79364108,55.11909117],[-128.79312638,55.1192959],[-128.79244937,55.1194725],[-128.7915655,55.11958572],[-128.79061737,55.11963094],[-128.79059974,55.12002652],[-128.79060824,55.12036512],[-128.7907262,55.12080235],[-128.79092234,55.12125205],[-128.79135911,55.12174411],[-128.79110456,55.12203821],[-128.79098912,55.12226288],[-128.7909951,55.12238251],[-128.79105239,55.12243272],[-128.79205905,55.12281476],[-128.79216679,55.1232463],[-128.79203936,55.12356069],[-128.79195937,55.12389289],[-128.79110898,55.12397442],[-128.79040702,55.12417381],[-128.78985527,55.12449141],[-128.78985471,55.12450031],[-128.78972599,55.12520993],[-128.78976907,55.12591989],[-128.78981202,55.12673775],[-128.78985507,55.12743881],[-128.7898989,55.128032],[-128.79035498,55.12878754],[-128.79085862,55.12947152],[-128.79140992,55.13008357],[-128.79224559,55.1301708],[-128.79316543,55.13023026],[-128.79427875,55.13029507],[-128.79434562,55.13078357],[-128.79433567,55.13137355],[-128.79413957,55.13230178],[-128.79369361,55.13327166],[-128.79300421,55.13417497],[-128.79262561,55.13452461],[-128.79214344,55.13475142],[-128.79176737,55.13501169],[-128.79142991,55.13529262],[-128.79126233,55.13565187],[-128.7911011,55.13609765],[-128.79103059,55.13666093],[-128.79101399,55.13682257],[-128.7909184,55.13711881],[-128.79089588,55.13738229],[-128.79086787,55.13767283],[-128.79083499,55.13799043],[-128.79083479,55.13807125],[-128.79083331,55.13838564],[-128.79087022,55.13857043],[-128.7909463,55.13877837],[-128.79109112,55.13904505],[-128.79123042,55.13934805],[-128.79132325,55.13959978],[-128.79142151,55.13981555],[-128.79264414,55.14002455],[-128.79313027,55.14010609],[-128.793454,55.14022359],[-128.79370938,55.14034963],[-128.79391215,55.14055685],[-128.79416181,55.14082069],[-128.79428653,55.1410126],[-128.79437933,55.14118671],[-128.79450386,55.14141138],[-128.79459692,55.14158228],[-128.79472128,55.14181906],[-128.79481424,55.14205904],[-128.79486043,55.14230151],[-128.79495311,55.14252653],[-128.794968,55.14263442],[-128.79498247,55.14289505],[-128.79496672,55.14297587],[-128.7949178,55.1432543],[-128.79485424,55.14346972],[-128.79481088,55.14370934],[-128.79474195,55.14391015],[-128.79464684,55.14415227],[-128.79450353,55.14449372],[-128.7942668,55.14482592],[-128.79419305,55.14496656],[-128.79410826,55.14509509],[-128.79391876,55.14540023],[-128.79377578,55.14567866],[-128.7935547,55.14601976],[-128.79333374,55.14626188],[-128.79312826,55.14650435],[-128.79262408,55.1468807],[-128.79215194,55.14721254],[-128.79182082,55.14748171],[-128.79092081,55.14763873],[-128.79021927,55.14773949],[-128.78976384,55.14781961],[-128.78930855,55.14791752],[-128.78878976,55.14803359],[-128.78831838,55.14815857],[-128.78765858,55.14832805],[-128.78723388,55.14856091],[-128.78668166,55.1490633],[-128.78668045,55.14929687],[-128.78660064,55.14962016],[-128.78655244,55.14980887],[-128.78655131,55.15005134],[-128.78653455,55.15018629],[-128.78653306,55.15047362],[-128.78650089,55.15067443],[-128.78643636,55.15091406],[-128.7862656,55.15129005],[-128.78618504,55.15166426],[-128.78619533,55.15203669],[-128.78629126,55.15228664],[-128.78642274,55.15254335],[-128.78669293,55.15282855],[-128.78700013,55.15311054],[-128.78720789,55.15336868],[-128.78753531,55.15377351],[-128.78791053,55.15404376],[-128.78827062,55.15427804],[-128.78886554,55.15451268],[-128.78944454,55.15479218],[-128.78997647,55.15511654],[-128.7904717,55.15545907],[-128.79108734,55.15582865],[-128.79149381,55.15608963],[-128.79191625,55.15633317],[-128.79221799,55.15669991],[-128.79261366,55.15702142],[-128.79309733,55.15726674],[-128.79362088,55.15745937],[-128.79399673,55.15767264],[-128.79435649,55.157835],[-128.79470141,55.15794645],[-128.79506704,55.1581056],[-128.79532799,55.15823485],[-128.79551562,55.15837015],[-128.7956402,55.15846913],[-128.79585964,55.15859517],[-128.79626608,55.15886577],[-128.79647992,55.15899182],[-128.79669407,55.15913281],[-128.79709228,55.15936033],[-128.79767444,55.1596587],[-128.79823839,55.15989334],[-128.79884944,55.160191],[-128.79914495,55.16063179],[-128.79916116,55.16063179],[-128.79977101,55.16104197],[-128.80041257,55.16140656],[-128.79963849,55.16235794],[-128.7995953,55.16268728],[-128.79950987,55.16301378],[-128.80044978,55.16336556],[-128.80209523,55.1639705],[-128.8036302,55.16461994],[-128.80426569,55.16482573],[-128.80483195,55.16491439],[-128.8053295,55.16488626],[-128.80606172,55.16488235],[-128.80683074,55.16492436],[-128.80772496,55.16511164],[-128.80875913,55.16547268],[-128.80926041,55.16561724],[-128.80976753,55.16576785],[-128.81039457,55.16592451],[-128.81096394,55.1661353],[-128.81153328,55.16634857],[-128.81209922,55.16655829],[-128.81270863,55.16675483],[-128.81329862,55.16699552],[-128.81380533,55.167233],[-128.81427519,55.16742242],[-128.81469839,55.16762075],[-128.81497653,55.16775391],[-128.81523601,55.16789384],[-128.81552792,55.16809821],[-128.81596634,55.16833249],[-128.81632685,55.16855752],[-128.81662909,55.16880676],[-128.81694707,55.16904389],[-128.8172808,55.16926891],[-128.81768642,55.16944943],[-128.81801888,55.16961464],[-128.81821527,55.16981047],[-128.81826662,55.17007929],[-128.81906043,55.17036199],[-128.81987239,55.17064683],[-128.82042721,55.17089821],[-128.82069357,55.17111433],[-128.82088278,55.17133223],[-128.82102335,55.17146718],[-128.82132081,55.1716744],[-128.82166484,55.17193539],[-128.82178974,55.17206143],[-128.82205577,55.17230426],[-128.82229037,55.17252038],[-128.8225248,55.17270945],[-128.82285314,55.17301245],[-128.82320765,55.17328554],[-128.82355709,55.17354973],[-128.82397533,55.17378081],[-128.82433018,55.17395812],[-128.8246436,55.17406957],[-128.82483153,55.17415858],[-128.82499893,55.17424973],[-128.82531177,55.17450181],[-128.82542042,55.17472969],[-128.82552891,55.17504123],[-128.82530587,55.17588543],[-128.82475773,55.17668441],[-128.82388574,55.17743818],[-128.82483676,55.17779779],[-128.82573459,55.17834753],[-128.82657954,55.17908634],[-128.82731395,55.17981447],[-128.82789221,55.18055292],[-128.82934549,55.18014489],[-128.83078446,55.17982907],[-128.83197033,55.17956844],[-128.83304956,55.17928929],[-128.83402374,55.17911981],[-128.83502693,55.17913405],[-128.83628333,55.17911803],[-128.8375452,55.17908171],[-128.83879659,55.17898024],[-128.8394796,55.17878975],[-128.84002289,55.1785925],[-128.84058759,55.17875521],[-128.84299289,55.17978812],[-128.84491446,55.18790149],[-128.84736641,55.18918897],[-128.84725383,55.19235891],[-128.84918051,55.19337045],[-128.84918289,55.19816897],[-128.85125093,55.19879348],[-128.85025543,55.20140726],[-128.85179156,55.20166006],[-128.85241226,55.20327725],[-128.85632852,55.2061627],[-128.85970593,55.20858029],[-128.86167777,55.21147144],[-128.86676744,55.21436543],[-128.86999117,55.21548344],[-128.87138374,55.21616136],[-128.87114525,55.21699417],[-128.87115859,55.21786792],[-128.8703729,55.21842728],[-128.87023518,55.21876232],[-128.87075316,55.21897489],[-128.87097722,55.2195022],[-128.87152032,55.22034426],[-128.87210144,55.22135011],[-128.87333152,55.2223524],[-128.87323639,55.22325214],[-128.8733891,55.22468205],[-128.87407816,55.22587839],[-128.87487757,55.22701953],[-128.87516025,55.228803],[-128.87587355,55.22969705],[-128.87586303,55.22973408],[-128.87602882,55.22984267],[-128.87637791,55.23006912],[-128.87661899,55.23020442],[-128.87676838,55.23025284],[-128.87688836,55.23028987],[-128.87702636,55.23031551],[-128.87736193,55.23036821],[-128.87774092,55.2304266],[-128.87793658,55.23046078],[-128.87812133,55.23050778],[-128.87840564,55.23057472],[-128.87870071,55.23063881],[-128.87894637,55.2306915],[-128.87925837,55.23076698],[-128.87983097,55.23094216],[-128.88049288,55.23117573],[-128.88096651,55.23133809],[-128.88122185,55.23141073],[-128.88139754,55.23144491],[-128.88165993,55.23143494],[-128.8819649,55.23139649],[-128.8821433,55.2313737],[-128.88220514,55.23136658],[-128.88223126,55.2313623],[-128.88225107,55.23137227],[-128.88231975,55.23140503],[-128.88249664,55.23145345],[-128.88281202,55.2314976],[-128.88308354,55.23151897],[-128.88316731,55.23152324],[-128.8832215,55.23152609],[-128.88345186,55.23153321],[-128.88383941,55.2315503],[-128.88416011,55.23157451],[-128.88439726,55.231603],[-128.88474056,55.23166424],[-128.88508641,55.23174399],[-128.88521465,55.23177817],[-128.88523371,55.23179099],[-128.88530864,55.23185651],[-128.88551464,55.23200177],[-128.88581061,55.23216556],[-128.88610451,55.23228092],[-128.88638158,55.2323564],[-128.8866327,55.23242619],[-128.88683577,55.23248885],[-128.88694252,55.23252873],[-128.88704856,55.23258997],[-128.88724497,55.23273382],[-128.88750794,55.232909],[-128.88777786,55.23303005],[-128.88798793,55.23305711],[-128.8881298,55.23302151],[-128.88821694,55.23299445],[-128.88845492,55.2330386],[-128.88883041,55.23325081],[-128.88900884,55.23353707],[-128.88905616,55.23367807],[-128.88909618,55.23369658],[-128.88912122,55.2337151],[-128.8891582,55.23374501],[-128.8891917,55.23376922],[-128.88929922,55.23380625],[-128.88952744,55.23385894],[-128.88977282,55.23393158],[-128.89000312,55.2340327],[-128.89021148,55.23412242],[-128.89040859,55.23417939],[-128.89055857,55.23421642],[-128.89060548,55.23422781],[-128.89063292,55.23427481],[-128.89070033,55.23438733],[-128.89075634,55.23447705],[-128.89078839,55.23452547],[-128.89086192,55.2345682],[-128.8909721,55.23459526],[-128.89111914,55.2346152],[-128.89132195,55.2346508],[-128.89159766,55.23476901],[-128.89192856,55.23496128],[-128.89205785,55.23513219],[-128.89208512,55.23530167],[-128.89224252,55.23543269],[-128.89236276,55.23547827],[-128.89240588,55.23550391],[-128.89252782,55.23559933],[-128.89266543,55.2357859],[-128.89278869,55.2360451],[-128.89297167,55.23629577],[-128.89317563,55.23643961],[-128.89328088,55.23648519],[-128.89330321,55.23649515],[-128.89331778,55.23654358],[-128.89335199,55.23665894],[-128.89339287,55.23675863],[-128.893461,55.23684978],[-128.89359724,55.23696657],[-128.89374547,55.23704775],[-128.89380434,55.23707054],[-128.8938445,55.23712608],[-128.89392481,55.23723717],[-128.89392465,55.23735965],[-128.89384479,55.23749068],[-128.89380523,55.23755477],[-128.89379891,55.23761601],[-128.89379088,55.23773991],[-128.89378643,55.23784103],[-128.89378501,55.23793076],[-128.89378071,55.23802191],[-128.89377142,55.23811306],[-128.89375941,55.23819566],[-128.89374923,55.23825263],[-128.89373308,55.2383039],[-128.89372284,55.23834235],[-128.89372682,55.23838366],[-128.89376863,55.23847053],[-128.89386558,55.23861295],[-128.89400876,55.23878813],[-128.89413772,55.23896046],[-128.8941795,55.23909434],[-128.8941706,55.23918406],[-128.89412201,55.23930085],[-128.89403434,55.23945181],[-128.89397703,55.23960136],[-128.89395197,55.23974235],[-128.89393444,55.23983635],[-128.89391469,55.23995741],[-128.89388856,55.24012119],[-128.89387564,55.24021661],[-128.89384639,55.24042028],[-128.89380169,55.24076636],[-128.89380822,55.24103269],[-128.89386881,55.24126483],[-128.89393219,55.24152404],[-128.89401298,55.24181173],[-128.89410166,55.242051],[-128.89416548,55.24221478],[-128.89425604,55.24249392],[-128.89437249,55.24280725],[-128.8944958,55.24300094],[-128.8946339,55.24313909],[-128.89469653,55.24328863],[-128.89467194,55.24344672],[-128.89465979,55.24353929],[-128.89468277,55.2436219],[-128.89475017,55.24376289],[-128.89488223,55.24387683],[-128.89497962,55.24397083],[-128.89500953,55.24415883],[-128.8950722,55.24442088],[-128.89523527,55.24465303],[-128.89544224,55.24490796],[-128.89552989,55.24521701],[-128.89556501,55.24550755],[-128.89570152,55.24572688],[-128.89590104,55.24588782],[-128.89610595,55.24604733],[-128.89624642,55.24619545],[-128.89634936,55.24632505],[-128.89653306,55.24651732],[-128.89677952,55.24673664],[-128.89700291,55.24690185],[-128.8971749,55.24699727],[-128.89730495,55.2470813],[-128.89745999,55.24721233],[-128.89769572,55.24738751],[-128.89800587,55.24762108],[-128.89825986,55.24784041],[-128.89834282,55.24792301],[-128.89837243,55.24792444],[-128.89843375,55.24792871],[-128.89846548,55.24793156],[-128.89847675,55.24796431],[-128.89850589,55.24804264],[-128.89853246,55.24810246],[-128.89853738,55.24813095],[-128.89852859,55.24819219],[-128.89851624,55.24827622],[-128.89850511,55.24832749],[-128.89844172,55.2484343],[-128.89833555,55.24860806],[-128.89828133,55.2486992],[-128.89826816,55.24872057],[-128.89825672,55.24874478],[-128.89824854,55.24876614],[-128.89822408,55.24884875],[-128.8981825,55.24902393],[-128.89816295,55.24918201],[-128.89815393,55.24932871],[-128.89814006,55.24955943],[-128.89814209,55.24977733],[-128.89815753,55.24988842],[-128.89816873,55.24994966],[-128.89812261,55.25004793],[-128.89799071,55.25027153],[-128.89787591,55.25059055],[-128.89785099,55.25084406],[-128.89785826,55.25092952],[-128.89785333,55.25099503],[-128.89784523,55.25112891],[-128.89781146,55.25123715],[-128.89773059,55.25134396],[-128.89766623,55.25144508],[-128.89765949,55.25148923],[-128.89768304,55.25151344],[-128.89769848,55.25153053],[-128.8978235,55.25159605],[-128.89804778,55.25172992],[-128.89812184,55.25188374],[-128.8980758,55.25209452],[-128.89810413,55.25234518],[-128.89812065,55.25252748],[-128.89803032,55.2526229],[-128.89796187,55.2526642],[-128.89794377,55.25275108],[-128.89791766,55.25289635],[-128.89788707,55.25298323],[-128.89785073,55.25302595],[-128.89782673,55.25307865],[-128.89776903,55.2531641],[-128.89773882,55.25320255],[-128.89773481,55.25325525],[-128.8977346,55.2533877],[-128.89774028,55.25350734],[-128.89775089,55.25356146],[-128.89777861,55.253617],[-128.89786138,55.25373806],[-128.89798566,55.25390042],[-128.89808964,55.25403572],[-128.89813918,55.25411263],[-128.8982134,55.25420947],[-128.89835729,55.25437326],[-128.89848551,55.2545114],[-128.89854883,55.25457407],[-128.8985795,55.2545997],[-128.89860381,55.25462107],[-128.89862986,55.25464528],[-128.89869893,55.2547051],[-128.89890243,55.2548703],[-128.89920007,55.25511384],[-128.89939578,55.25529899],[-128.89948546,55.25541293],[-128.89953902,55.25548414],[-128.89966339,55.25561801],[-128.89986479,55.2558288],[-128.89996038,55.25592992],[-128.90000506,55.25594985],[-128.90013745,55.25602534],[-128.90026318,55.25611649],[-128.90030371,55.25615209],[-128.90021633,55.25621761],[-128.89996996,55.2564113],[-128.89970443,55.25662066],[-128.8995396,55.25673317],[-128.89941224,55.25679868],[-128.89924332,55.25689838],[-128.89905819,55.25703083],[-128.89891169,55.25715901],[-128.89881477,55.25724161],[-128.89878297,55.25726725],[-128.89873565,55.25730428],[-128.89861935,55.257394],[-128.89852145,55.25747091],[-128.89840387,55.25757488],[-128.89820262,55.2577586],[-128.89799472,55.25795799],[-128.8978589,55.2581118],[-128.89777706,55.25821292],[-128.89766176,55.25835534],[-128.89751284,55.25854904],[-128.89741556,55.25868006],[-128.89739035,55.25871852],[-128.89736408,55.25873276],[-128.89730827,55.25876409],[-128.89726685,55.2587883],[-128.89724194,55.25880682],[-128.89721378,55.25882818],[-128.89721507,55.25886094],[-128.89722092,55.2589236],[-128.89722547,55.25895351],[-128.89718846,55.2590176],[-128.89710928,55.25915575],[-128.89704592,55.25926257],[-128.89698634,55.25935514],[-128.89683786,55.25947192],[-128.89662114,55.25954456],[-128.89643325,55.25957447],[-128.89629633,55.25961007],[-128.8962456,55.25965992],[-128.8962541,55.25971262],[-128.89626608,55.25977101],[-128.89638205,55.2598237],[-128.89660206,55.25984222],[-128.89671915,55.25984364],[-128.89671129,55.25989207],[-128.89666445,55.26004018],[-128.89660921,55.26020112],[-128.89658341,55.26027945],[-128.89657698,55.26030366],[-128.89656639,55.26034354],[-128.89655044,55.26043184],[-128.89651277,55.26056429],[-128.89643338,55.2607409],[-128.89634702,55.2609061],[-128.89628706,55.2610001],[-128.89621514,55.26108271],[-128.89613194,55.26117955],[-128.89602633,55.26129491],[-128.89591127,55.26149288],[-128.8958896,55.26167803],[-128.89591007,55.26174211],[-128.89591576,55.26176775],[-128.8959179,55.26181617],[-128.89587595,55.26185178],[-128.89583182,55.26191444],[-128.89584246,55.26201556],[-128.89586247,55.26206256],[-128.89578281,55.26208962],[-128.89550003,55.26218504],[-128.89508556,55.26232462],[-128.89473614,55.2624357],[-128.8945253,55.26249552],[-128.89439814,55.26252258],[-128.89425825,55.2625411],[-128.89408163,55.26255676],[-128.89379611,55.26259664],[-128.89337275,55.26268494],[-128.89299037,55.26277894],[-128.89271137,55.26286012],[-128.89244669,55.26296266],[-128.89221821,55.26307945],[-128.89202496,55.26320478],[-128.89183534,55.26332584],[-128.89163844,55.26340844],[-128.8914129,55.26344832],[-128.89117703,55.26341414],[-128.89087397,55.26336002],[-128.89054958,55.26339562],[-128.89024253,55.2634412],[-128.88975899,55.26339847],[-128.88910221,55.26331159],[-128.88854497,55.26325463],[-128.88820898,55.26323041],[-128.88796509,55.26320763],[-128.88774657,55.26318341],[-128.88757622,55.26313784],[-128.88740154,55.2630709],[-128.88726232,55.26302105],[-128.8871478,55.26299115],[-128.88701873,55.26297833],[-128.88685582,55.26300824],[-128.886697,55.26305096],[-128.88661384,55.26307233],[-128.88649077,55.2631122],[-128.88626575,55.26318769],[-128.88605429,55.26324038],[-128.88585941,55.2632589],[-128.88568544,55.26326459],[-128.88557296,55.26326459],[-128.88536763,55.26326602],[-128.88494962,55.2633059],[-128.88453714,55.26338138],[-128.88427667,55.26343977],[-128.88401848,55.26348962],[-128.88365243,55.26358789],[-128.88321829,55.26372604],[-128.88273939,55.26387273],[-128.8823135,55.26400803],[-128.88209348,55.26408351],[-128.88191655,55.26416612],[-128.88166964,55.26429572],[-128.881553,55.26435839],[-128.8814493,55.26429715],[-128.88119555,55.26412339],[-128.88091377,55.26391403],[-128.88068472,55.26376022],[-128.8804768,55.26364913],[-128.88023677,55.26353662],[-128.88001288,55.26341983],[-128.87979762,55.26329878],[-128.87955471,55.26314069],[-128.87937029,55.2629883],[-128.87930659,55.26292706],[-128.8792466,55.26292706],[-128.8790977,55.26290427],[-128.87883215,55.26285015],[-128.878423,55.2628003],[-128.87797652,55.26278748],[-128.8775126,55.26279318],[-128.87696546,55.26280173],[-128.87634165,55.26287294],[-128.87581744,55.26299257],[-128.87559332,55.26305524],[-128.87556355,55.26306378],[-128.87548076,55.26308372],[-128.87520778,55.26318911],[-128.87483868,55.26329878],[-128.87456759,55.26339705],[-128.87431762,55.26363204],[-128.87401106,55.26385422],[-128.87378814,55.26393112],[-128.87352978,55.26399094],[-128.87312493,55.26405645],[-128.87269849,55.26410915],[-128.87229008,55.26415045],[-128.8719768,55.26413479],[-128.87180071,55.26409206],[-128.87167619,55.26406215],[-128.8715844,55.26404079],[-128.87141746,55.26402939],[-128.87115517,55.26401943],[-128.87102345,55.26401658],[-128.87100603,55.26403509],[-128.87092254,55.26412339],[-128.87070157,55.26430569],[-128.87034903,55.26447517],[-128.86995597,55.26460905],[-128.86966183,55.26471871],[-128.86945868,55.26478707],[-128.86935513,55.26480986],[-128.86926082,55.2648355],[-128.8690544,55.26490671],[-128.86886238,55.2649708],[-128.86874853,55.26501352],[-128.86862914,55.26506764],[-128.86848999,55.26513031],[-128.8683303,55.26520437],[-128.86812637,55.26532258],[-128.86794236,55.26546927],[-128.86783182,55.26557466],[-128.86774409,55.26566011],[-128.8676334,55.26577548],[-128.86753514,55.26587232],[-128.86739568,55.26595493],[-128.8671513,55.26605604],[-128.86690874,55.26613153],[-128.86675027,55.26617283],[-128.86663005,55.26621128],[-128.86644392,55.26630955],[-128.866209,55.26646907],[-128.86595695,55.26662715],[-128.86565991,55.26678524],[-128.86532514,55.26698178],[-128.86502059,55.26718687],[-128.86495627,55.26724775],[-128.86488119,55.26728799],[-128.86485377,55.2673065],[-128.86485663,55.26739907],[-128.86490733,55.26763122],[-128.86491955,55.26768392],[-128.86487765,55.26817954],[-128.86469641,55.27034042],[-128.86455483,55.27202384],[-128.86439079,55.27207191],[-128.86427958,55.27210466],[-128.86424465,55.27212318],[-128.8640923,55.27220721],[-128.86385169,55.27234108],[-128.86365464,55.27245217],[-128.86354933,55.27251911],[-128.86347614,55.27258747],[-128.86336046,55.27270283],[-128.86324416,55.27281107],[-128.86318954,55.27285664],[-128.8631631,55.27288086],[-128.86317211,55.27292216],[-128.86319726,55.27305319],[-128.86317627,55.27323548],[-128.86311793,55.27336081],[-128.86309301,55.27356733],[-128.86314581,55.27387638],[-128.86319082,55.27406437],[-128.86315339,55.27422389],[-128.8630818,55.27444606],[-128.86304461,55.27456712],[-128.86303817,55.27459133],[-128.86303286,55.27461127],[-128.86300181,55.27477505],[-128.86294599,55.27518238],[-128.86293268,55.2755897],[-128.86296679,55.27579052],[-128.86298187,55.27585603],[-128.86294847,55.27600984],[-128.86288478,55.27637159],[-128.86284269,55.27669916],[-128.86283619,55.27679886],[-128.8627949,55.2768601],[-128.86271483,55.27698258],[-128.86267354,55.27704382],[-128.86270863,55.27706234],[-128.86277879,55.27709936],[-128.86281425,55.27711646],[-128.86281214,55.27716203],[-128.86280223,55.27732154],[-128.86279385,55.27752235],[-128.86278659,55.2776249],[-128.8627766,55.2776719],[-128.86276334,55.27772174],[-128.86275691,55.27774596],[-128.86274638,55.27780435],[-128.86274611,55.27801228],[-128.86277208,55.27832846],[-128.86278424,55.27851788],[-128.86278387,55.2785663],[-128.86279107,55.27858624],[-128.86277875,55.27876427],[-128.86273956,55.27909041],[-128.86270703,55.27930689],[-128.86268328,55.27950913],[-128.86265643,55.27975124],[-128.86264994,55.27985094],[-128.86276998,55.27994493],[-128.8630363,55.28014717],[-128.86341674,55.28036223],[-128.86383145,55.28062713],[-128.8637381,55.28173837],[-128.86363221,55.28299345],[-128.86361341,55.28321955],[-128.86359083,55.28323628],[-128.86348552,55.28330322],[-128.86346226,55.28330607],[-128.86348083,55.28333028],[-128.86359885,55.28339437],[-128.86358071,55.28360622],[-128.86347017,55.28492148],[-128.86339505,55.28581873],[-128.86296364,55.2909409],[-128.86283146,55.29251572],[-128.86280268,55.29255346],[-128.86269523,55.29269446],[-128.86256059,55.29286251],[-128.8624445,55.29300778],[-128.86238069,55.29310214],[-128.86243084,55.29311816],[-128.86251448,55.29313525],[-128.86261546,55.29313881],[-128.86269667,55.29313205],[-128.8627789,55.29313561],[-128.86283875,55.29314807],[-128.86291297,55.29316765],[-128.86298777,55.29317798],[-128.86307824,55.29318581],[-128.86316142,55.29318581],[-128.86327499,55.29317726],[-128.86329911,55.29319008],[-128.863321,55.29320183],[-128.86334946,55.29321714],[-128.86337357,55.29322996],[-128.86347999,55.29323423],[-128.86383027,55.29325275],[-128.86430694,55.29330402],[-128.86464475,55.29336953],[-128.86475763,55.29339659],[-128.86477802,55.29339517],[-128.86487898,55.29338235],[-128.86508777,55.29334959],[-128.86523616,55.29331826],[-128.86526882,55.29330829],[-128.8652875,55.29335102],[-128.86533374,55.29344074],[-128.86544506,55.29350198],[-128.86560472,55.29353189],[-128.86576438,55.2935618],[-128.8660627,55.29361592],[-128.86642015,55.29368286],[-128.86657192,55.29371419],[-128.86660227,55.29374125],[-128.86668518,55.29381531],[-128.86688169,55.29394206],[-128.86712177,55.29404603],[-128.86723414,55.29408448],[-128.86728251,55.29410015],[-128.86738672,55.29408449],[-128.86767584,55.29410727],[-128.86817295,55.2942796],[-128.8686148,55.29444339],[-128.86890345,55.29452457],[-128.86911021,55.29458438],[-128.86931273,55.29464135],[-128.86961328,55.29479089],[-128.86995914,55.29499598],[-128.8701999,55.29507858],[-128.87035763,55.29506861],[-128.8705669,55.29505295],[-128.87087421,55.29505437],[-128.87123017,55.29505152],[-128.8715361,55.29504868],[-128.87172272,55.29511846],[-128.87189745,55.29519537],[-128.87222808,55.29524094],[-128.87258107,55.29529649],[-128.87285696,55.29547309],[-128.87309303,55.2957622],[-128.87318627,55.29596729],[-128.87317906,55.29609832],[-128.87320122,55.29625071],[-128.87325288,55.29641449],[-128.87336443,55.29658824],[-128.87359452,55.29679618],[-128.87391546,55.29697278],[-128.8742943,55.29707248],[-128.87460007,55.29710808],[-128.87469839,55.29710523],[-128.87472638,55.29712232],[-128.8748181,55.29718214],[-128.87494145,55.29725478],[-128.87522637,55.2973502],[-128.87572006,55.29744135],[-128.87619348,55.29744847],[-128.87657623,55.29744847],[-128.87674394,55.29746698],[-128.87673933,55.29754104],[-128.87686912,55.2978444],[-128.87691997,55.29835142],[-128.87656052,55.29878295],[-128.87609562,55.29903646],[-128.87567115,55.29926006],[-128.875296,55.29945803],[-128.87510677,55.29962466],[-128.87506363,55.29979699],[-128.87507026,55.29998926],[-128.8752171,55.30037949],[-128.87549383,55.30083666],[-128.87563145,55.30101611],[-128.87547174,55.30109017],[-128.87515482,55.30123829],[-128.87499473,55.30131377],[-128.87496295,55.30141489],[-128.87486909,55.30174104],[-128.87475487,55.30214409],[-128.87463658,55.30250583],[-128.87448518,55.30283198],[-128.87429979,55.30303137],[-128.87413168,55.30311824],[-128.87402241,55.3031624],[-128.87380779,55.30322649],[-128.87335551,55.30336606],[-128.87290998,55.30350848],[-128.87266118,55.30358823],[-128.87252326,55.30363666],[-128.8723852,55.30369505],[-128.87222085,55.30376769],[-128.87198449,55.30390441],[-128.87168287,55.30410807],[-128.87148358,55.30430319],[-128.87139768,55.30446697],[-128.8713668,55.30465924],[-128.8713926,55.30493981],[-128.8714341,55.30517053],[-128.87145775,55.30527023],[-128.87147574,55.30539128],[-128.8714974,55.30558355],[-128.87151036,55.30573309],[-128.87151962,55.30583991],[-128.87154601,55.30605212],[-128.87159487,55.30632129],[-128.87163837,55.30645944],[-128.87172197,55.30654062],[-128.87195725,55.30669159],[-128.87243409,55.30687531],[-128.87292756,55.30707185],[-128.87288895,55.30725557],[-128.87243866,55.30737806],[-128.87221291,55.30741793],[-128.8721929,55.30741793],[-128.87208037,55.30746493],[-128.87191678,55.30763869],[-128.8718838,55.3079335],[-128.87187361,55.30820837],[-128.87169282,55.30843767],[-128.87147078,55.30875669],[-128.8713138,55.30917968],[-128.87114892,55.30963258],[-128.87100076,55.31001284],[-128.87092322,55.31022078],[-128.87081396,55.3103689],[-128.87063839,55.31063522],[-128.87052831,55.31097561],[-128.87045545,55.31126045],[-128.87035674,55.31150114],[-128.87027269,55.31171477],[-128.87023461,55.3118871],[-128.87023108,55.31204234],[-128.8702315,55.3121164],[-128.87020411,55.31210643],[-128.87009389,55.31208792],[-128.86992609,55.31209789],[-128.86974566,55.31222179],[-128.86946157,55.31252942],[-128.86902331,55.3129752],[-128.8685264,55.31350073],[-128.86817135,55.31395363],[-128.86805103,55.31415302],[-128.86803095,55.31420999],[-128.86800862,55.3142755],[-128.86792907,55.31450053],[-128.86783394,55.31479391],[-128.86778815,55.31506167],[-128.86777437,55.31534081],[-128.8677707,55.3155345],[-128.86779019,55.31570683],[-128.86784438,55.31598455],[-128.86792586,55.31625373],[-128.86804114,55.31650866],[-128.86816544,55.3167579],[-128.86824233,55.31699717],[-128.86825076,55.31724925],[-128.86822922,55.31741588],[-128.86813698,55.3175754],[-128.8679676,55.31780896],[-128.86777587,55.3179756],[-128.86755178,55.31807529],[-128.86740191,55.31815932],[-128.86739936,55.31821629],[-128.86746991,55.31826186],[-128.86739734,55.31839431],[-128.86715838,55.31861649],[-128.86703427,55.31872616],[-128.86696855,55.31874752],[-128.8665862,55.31878312],[-128.86599574,55.31879167],[-128.86569665,55.31877743],[-128.8656446,55.31876603],[-128.86538234,55.31869767],[-128.8648049,55.31856237],[-128.86421428,55.31847692],[-128.86368466,55.31848262],[-128.86314849,55.31852249],[-128.86259827,55.31859655],[-128.86212689,55.31868485],[-128.86184214,55.31872046],[-128.86156833,55.31871476],[-128.86127411,55.31871049],[-128.86106249,55.31870622],[-128.86092254,55.31874325],[-128.86087627,55.31883297],[-128.86088645,55.31892697],[-128.86090956,55.31909503],[-128.86071923,55.31934141],[-128.86023739,55.31948811],[-128.85989295,55.31952229],[-128.85979869,55.31953796],[-128.85968541,55.31955932],[-128.85948353,55.31957499],[-128.85927064,55.31958495],[-128.85909602,55.31962056],[-128.85900037,55.31966044],[-128.85896944,55.31980571],[-128.85895493,55.32005922],[-128.85894756,55.3201817],[-128.85900219,55.32024009],[-128.85913698,55.32037397],[-128.8593537,55.32055769],[-128.85935019,55.32084538],[-128.85893054,55.32112595],[-128.85862818,55.32124701],[-128.85860724,55.32128831],[-128.85859569,55.32132249],[-128.85851452,55.32140225],[-128.85834542,55.32155891],[-128.85809003,55.32177681],[-128.85776057,55.32210438],[-128.85740535,55.32253876],[-128.85712286,55.32296318],[-128.85700746,55.32324802],[-128.85693042,55.32347305],[-128.85671449,55.3237878],[-128.85643483,55.3241353],[-128.85624799,55.32438739],[-128.85618582,55.32448993],[-128.85611803,55.32458535],[-128.8560149,55.3247292],[-128.8559679,55.32479329],[-128.85595224,55.32481465],[-128.85591766,55.32486023],[-128.85579156,55.32493001],[-128.85551017,55.32508525],[-128.85507553,55.32530885],[-128.85441307,55.32553245],[-128.85379071,55.32569909],[-128.85356748,55.32575748],[-128.85322139,55.32575036],[-128.85235223,55.32573327],[-128.85138174,55.32577742],[-128.85053656,55.32594405],[-128.84976029,55.32617192],[-128.84914103,55.32634568],[-128.84890151,55.32641831],[-128.84875429,55.32656785],[-128.84831214,55.32686694],[-128.84786875,55.32715178],[-128.84769523,55.32744801],[-128.84753716,55.32781831],[-128.84726124,55.32812309],[-128.84706411,55.32823418],[-128.84701366,55.3282356],[-128.84690999,55.32825839],[-128.84650269,55.32835951],[-128.84585311,55.32852472],[-128.84528278,55.32867426],[-128.84484861,55.32885798],[-128.84451013,55.32910579],[-128.84434021,55.32929379],[-128.8442206,55.32949033],[-128.84406413,55.32974099],[-128.84389313,55.32987629],[-128.84342906,55.32988911],[-128.84275359,55.32987772],[-128.84232447,55.32987202],[-128.84211927,55.32989053],[-128.84188912,55.3300885],[-128.84149917,55.33059694],[-128.84108927,55.33115238],[-128.84084139,55.33154974],[-128.84068322,55.33187303],[-128.84058361,55.33209806],[-128.84051321,55.33227893],[-128.84044744,55.33246123],[-128.84041352,55.33258941],[-128.84039069,55.33277028],[-128.84028401,55.33306937],[-128.84010113,55.33331576],[-128.83998663,55.33353081],[-128.83995622,55.33379714],[-128.83992869,55.33392959],[-128.83977517,55.33396092],[-128.83950332,55.33401362],[-128.83934229,55.33404495],[-128.83931862,55.33404922],[-128.83924262,55.33406204],[-128.83905367,55.3340948],[-128.83888801,55.33412471],[-128.83870684,55.33413753],[-128.83844204,55.33414465],[-128.83821806,55.33414892],[-128.83794613,55.33415462],[-128.83763735,55.33415996],[-128.83761526,55.33416067],[-128.83748965,55.33416459],[-128.83748212,55.3360335],[-128.83748075,55.33627526],[-128.83760803,55.33600716],[-128.8376393,55.33596229],[-128.83768686,55.33591743],[-128.83773468,55.33584551],[-128.83778181,55.3358188],[-128.83784502,55.33577394],[-128.83790822,55.33572908],[-128.83792429,55.33571092],[-128.83792439,55.3356301],[-128.83795645,55.33559414],[-128.8380508,55.33554037],[-128.83808291,55.33551367],[-128.83808255,55.33548661],[-128.83816216,55.33540578],[-128.83817793,55.33536982],[-128.83820984,55.33532496],[-128.83830406,55.33530716],[-128.83833569,55.33528935],[-128.83836757,55.3352801],[-128.83852493,55.33526265],[-128.83868295,55.33523559],[-128.83906149,55.3352363],[-128.8392506,55.33524556],[-128.839424,55.33524556],[-128.83958118,55.33525482],[-128.83978642,55.33525517],[-128.83983352,55.33526407],[-128.83992777,55.33529114],[-128.84005413,55.33529149],[-128.84035341,55.33530075],[-128.84036939,55.33528295],[-128.84041682,55.33527404],[-128.84049569,55.33527404],[-128.84054279,55.33528295],[-128.84057415,55.3352922],[-128.84059015,55.33531926],[-128.84060582,55.33536413],[-128.84062115,55.33538193],[-128.8406686,55.33541789],[-128.84070011,55.33543605],[-128.84073156,55.33544495],[-128.84098374,55.33544531],[-128.84104655,55.33546346],[-128.84112515,55.33549052],[-128.84118852,55.33549943],[-128.84121988,55.33550868],[-128.84148787,55.33551794],[-128.84153469,55.3355539],[-128.84161345,55.33558986],[-128.8416451,55.33561692],[-128.84169193,55.33565288],[-128.84177074,55.3356981],[-128.84181784,55.335707],[-128.84191273,55.33573406],[-128.84195958,55.33573442],[-128.84199133,55.33576112],[-128.84200719,55.33577928],[-128.8420067,55.33592313],[-128.84202203,55.33594093],[-128.84202206,55.33598579],[-128.84205324,55.33602175],[-128.84208447,55.33606697],[-128.84213208,55.33611184],[-128.84228944,55.33617486],[-128.84238343,55.33622898],[-128.8423828,55.33636392],[-128.84236694,55.33648071],[-128.84239794,55.33654337],[-128.84241395,55.33657043],[-128.84249185,55.33667831],[-128.84261752,55.33680436],[-128.84263338,55.33682252],[-128.84268069,55.33684958],[-128.84274365,55.33687664],[-128.84280688,55.33687664],[-128.84288543,55.33689444],[-128.84294824,55.3369126],[-128.84297975,55.33693076],[-128.84305848,55.33692185],[-128.84318478,55.33691295],[-128.84321671,55.33691295],[-128.84329544,55.33690405],[-128.84340595,55.33688625],[-128.84350033,55.33687735],[-128.84367349,55.3368688],[-128.84381545,55.3368599],[-128.84384737,55.3368599],[-128.84397306,55.336851],[-128.84413072,55.33685136],[-128.84439872,55.33686061],[-128.84488745,55.33686133],[-128.84496681,55.33685242],[-128.84514022,55.33685242],[-128.84537646,55.33683498],[-128.84545561,55.33680792],[-128.84553418,55.33679012],[-128.84558161,55.33678121],[-128.84561324,55.33676341],[-128.8456293,55.33674525],[-128.84570821,55.33670965],[-128.84583463,55.33666479],[-128.84586589,55.33661992],[-128.84594536,55.33657506],[-128.84605551,55.3365302],[-128.84608713,55.33651239],[-128.84618205,55.33644937],[-128.84622965,55.33641377],[-128.84632429,55.33637781],[-128.84637172,55.33636891],[-128.84701758,55.33636962],[-128.84703397,55.33633366],[-128.84704944,55.33627989],[-128.84711301,55.33617201],[-128.84717653,55.33610934],[-128.84720806,55.33603742],[-128.84725587,55.3359655],[-128.84730359,55.33589393],[-128.84744577,55.33581311],[-128.84750881,55.33575934],[-128.84765085,55.33566962],[-128.84772996,55.3355977],[-128.8477775,55.33555283],[-128.84782551,55.33549907],[-128.84785666,55.33549017],[-128.84790436,55.33545421],[-128.84795148,55.3354275],[-128.84798305,55.33540044],[-128.84804624,55.33535558],[-128.84810958,55.33531962],[-128.84815712,55.33527476],[-128.84823614,55.33520319],[-128.84833137,55.33512237],[-128.84839453,55.33503264],[-128.84845799,55.33496072],[-128.84850553,55.33491586],[-128.84852129,55.3348799],[-128.84858481,55.33481723],[-128.84861622,55.33478127],[-128.84866356,55.33471825],[-128.84869566,55.33469154],[-128.8487111,55.33467338],[-128.84877473,55.33457476],[-128.84882239,55.33449393],[-128.84888608,55.33435009],[-128.84890196,55.33427817],[-128.84891779,55.33425146],[-128.8489966,55.33416174],[-128.84906053,55.33408091],[-128.8491712,55.33398193],[-128.84918703,55.33395523],[-128.84931308,55.3338833],[-128.84939252,55.33379358],[-128.84945567,55.33370385],[-128.84945594,55.33367679],[-128.84948768,55.33362303],[-128.84950365,55.33360523],[-128.84953519,55.3335333],[-128.8495988,55.33347028],[-128.84967749,55.33341652],[-128.84970911,55.33339872],[-128.849741,55.33335385],[-128.84975692,55.33332679],[-128.84977238,55.33327303],[-128.84978845,55.33325487],[-128.84980469,55.33321001],[-128.84985161,55.33316515],[-128.84988365,55.33312919],[-128.84989962,55.33311138],[-128.84994669,55.33307542],[-128.85000988,55.33303056],[-128.85005715,55.33301276],[-128.85007322,55.3329946],[-128.85012064,55.3329857],[-128.85015212,55.33295899],[-128.85019933,55.33293193],[-128.85024687,55.33288707],[-128.85029456,55.33285111],[-128.8503263,55.33279734],[-128.85035772,55.33276138],[-128.85035789,55.33273468],[-128.85042135,55.33266276],[-128.85042162,55.3326357],[-128.85043739,55.33259974],[-128.85045336,55.33258193],[-128.85051667,55.33250111],[-128.85054793,55.33245625],[-128.850564,55.33243809],[-128.85062745,55.3322857],[-128.85064352,55.33226754],[-128.85084853,55.33224974],[-128.85108505,55.33225009],[-128.85133679,55.33226861],[-128.85151033,55.33227751],[-128.85160476,55.33227786],[-128.85173078,55.33229602],[-128.8519831,55.33230528],[-128.85210954,55.33230528],[-128.85232993,55.33231454],[-128.85251918,55.3323327],[-128.85270812,55.33233305],[-128.85281829,55.33233305],[-128.85329147,55.33234267],[-128.85338599,55.33234267],[-128.85370096,55.33236118],[-128.85381134,55.33237934],[-128.85390601,55.33238824],[-128.85404789,55.33242456],[-128.85444152,55.33242491],[-128.85466254,55.33243417],[-128.85472576,55.33243417],[-128.85477277,55.33244343],[-128.85497746,55.33244343],[-128.85541934,55.33245304],[-128.8558919,55.33246266],[-128.85633311,55.33246301],[-128.85639618,55.33245411],[-128.8564749,55.33244521],[-128.85660136,55.3324096],[-128.8567275,55.3323918],[-128.85691686,55.332374],[-128.85709025,55.332374],[-128.85721612,55.33238326],[-128.85729499,55.33238326],[-128.85740537,55.33240141],[-128.85746865,55.33241067],[-128.85754705,55.33241957],[-128.85776754,55.33248295],[-128.85783065,55.33251891],[-128.85792491,55.33254597],[-128.85797216,55.33256377],[-128.85801973,55.33256377],[-128.8581613,55.33261789],[-128.85839729,55.33267237],[-128.85842874,55.33268127],[-128.85850776,55.33269017],[-128.85904355,55.33269979],[-128.85924892,55.33270904],[-128.85932738,55.3327272],[-128.85943776,55.33274536],[-128.85946921,55.33275426],[-128.85951621,55.33276352],[-128.85956379,55.33276352],[-128.85965804,55.33279058],[-128.859721,55.33281764],[-128.85976832,55.3328447],[-128.85981531,55.33288956],[-128.85990993,55.33294368],[-128.86001984,55.33297074],[-128.86005176,55.33297074],[-128.86025656,55.33302486],[-128.86035066,55.33304302],[-128.86042953,55.33304302],[-128.86079203,55.33305228],[-128.86088708,55.33305263],[-128.86091853,55.33306154],[-128.86101264,55.33307969],[-128.86120172,55.33312456],[-128.86124888,55.33314272],[-128.86150095,55.33317903],[-128.86181675,55.33316123],[-128.86197419,55.33314343],[-128.86206851,55.33317974],[-128.86225781,55.33324277],[-128.86228879,55.33326057],[-128.86233643,55.33326983],[-128.86244681,55.33328798],[-128.8626515,55.33328798],[-128.86291948,55.33329724],[-128.86296648,55.3333065],[-128.86299793,55.3333154],[-128.86313977,55.33334246],[-128.86336011,55.33343254],[-128.86343894,55.33347776],[-128.86347039,55.33348666],[-128.86351803,55.33349592],[-128.86359658,55.33351372],[-128.86375439,55.33352298],[-128.86383279,55.33353188],[-128.86399091,55.33352334],[-128.86435341,55.33353259],[-128.86443228,55.33353259],[-128.86454194,55.33358671],[-128.8645578,55.33360487],[-128.86466824,55.33366789],[-128.86476255,55.33373981],[-128.86480924,55.33376687],[-128.86495145,55.33382099],[-128.86512459,55.33384805],[-128.86521927,55.33385696],[-128.86543973,55.33387547],[-128.86559701,55.33388437],[-128.86562899,55.33389363],[-128.86592795,55.33392069],[-128.8662747,55.33396591],[-128.86649533,55.33399332],[-128.86670008,55.33400258],[-128.86673216,55.33401148],[-128.86682612,55.33402074],[-128.8670628,55.33403],[-128.86715748,55.3340389],[-128.86722014,55.33404816],[-128.86728367,55.33406596],[-128.86739374,55.33410192],[-128.86744075,55.33411118],[-128.86748801,55.33412898],[-128.86761437,55.33412934],[-128.86767759,55.33412934],[-128.86792945,55.3341475],[-128.86800839,55.33415675],[-128.86819718,55.33418381],[-128.86835499,55.33419307],[-128.86841821,55.33419307],[-128.86881202,55.33420233],[-128.86941105,55.33421194],[-128.86966323,55.3342123],[-128.86977372,55.33419449],[-128.86978962,55.33416743],[-128.87019945,55.33416815],[-128.8704043,55.33417705],[-128.87046712,55.33419521],[-128.87051475,55.33420446],[-128.87065613,55.33424042],[-128.87071904,55.33425823],[-128.87081378,55.33427639],[-128.87090836,55.33428564],[-128.87097143,55.33427674],[-128.87111306,55.33428564],[-128.87139717,55.334286],[-128.87179088,55.33429561],[-128.87185426,55.33430451],[-128.87190136,55.33431342],[-128.87207482,55.33432267],[-128.87237379,55.33434973],[-128.87237411,55.33433193],[-128.87246916,55.33433229],[-128.87268935,55.33432338],[-128.87276838,55.33429668],[-128.8730206,55.33425182],[-128.87309978,55.33423402],[-128.87325722,55.33421621],[-128.87349384,55.33421621],[-128.87396705,55.33422583],[-128.87407729,55.33423508],[-128.87412439,55.33424399],[-128.87434502,55.33430701],[-128.87440768,55.33431626],[-128.87445541,55.33432517],[-128.8747392,55.33434332],[-128.87505398,55.33434368],[-128.87513276,55.33434404],[-128.87521154,55.33438],[-128.87532209,55.33440706],[-128.87535371,55.33442486],[-128.87543239,55.33446118],[-128.87551096,55.33447898],[-128.87555718,55.33447934],[-128.87562229,55.33447934],[-128.87563725,55.33447008],[-128.87573184,55.33447934],[-128.87637767,55.33448005],[-128.87669323,55.33448931],[-128.87692985,55.3344893],[-128.87707155,55.33450746],[-128.87711856,55.33451672],[-128.87715001,55.33452562],[-128.87722889,55.33452562],[-128.87733913,55.33453488],[-128.87748123,55.33453488],[-128.87756016,55.33454414],[-128.87760727,55.33455304],[-128.87776452,55.33460716],[-128.87785912,55.33465202],[-128.87801628,55.3347421],[-128.878174,55.33478732],[-128.8782531,55.33480548],[-128.87853666,55.3348863],[-128.87856802,55.33489556],[-128.87861513,55.33490446],[-128.87866223,55.33491336],[-128.87883586,55.33493152],[-128.87892998,55.33494968],[-128.87913512,55.334986],[-128.87932392,55.33501306],[-128.87957673,55.33501341],[-128.87967079,55.33502232],[-128.87984441,55.33504047],[-128.87998595,55.33504973],[-128.88011256,55.33505863],[-128.88033273,55.33509495],[-128.88041177,55.33510385],[-128.88047443,55.33511311],[-128.88053797,55.33513091],[-128.88063185,55.33517613],[-128.88075797,55.33523915],[-128.88086853,55.33526621],[-128.88096281,55.33529327],[-128.88097878,55.33531107],[-128.88099434,55.33534704],[-128.88100997,55.33539225],[-128.88102547,55.33541896],[-128.88104134,55.33543712],[-128.88110423,55.33550014],[-128.88113538,55.33552684],[-128.8812144,55.33558096],[-128.8813089,55.33562618],[-128.88143464,55.33566214],[-128.8815765,55.3356892],[-128.88160796,55.3356981],[-128.88173377,55.33574332],[-128.88179669,55.33576112],[-128.88193908,55.33578854],[-128.88203336,55.3358156],[-128.88206498,55.3358334],[-128.88215911,55.33585156],[-128.8822393,55.33586082],[-128.88225458,55.33586936],[-128.88236514,55.33589642],[-128.88245792,55.33591494],[-128.8824732,55.33592348],[-128.88249,55.33592384],[-128.88258469,55.33593274],[-128.88275816,55.335942],[-128.88297858,55.33595126],[-128.88302632,55.33596016],[-128.88307349,55.33597832],[-128.88319901,55.33599612],[-128.88335675,55.33604134],[-128.88352919,55.33606875],[-128.88354672,55.33606875],[-128.88370377,55.33610471],[-128.88379799,55.33612252],[-128.88390799,55.33615883],[-128.88409759,55.3361948],[-128.88444368,55.33627598],[-128.88447514,55.33628488],[-128.88453843,55.33629413],[-128.88466442,55.33630304],[-128.88475934,55.3363301],[-128.88480635,55.33633935],[-128.88486934,55.33636641],[-128.88491645,55.33637531],[-128.88507444,55.33642908],[-128.88508954,55.33643834],[-128.88529439,55.33649246],[-128.88534212,55.33650136],[-128.88559424,55.33653767],[-128.88568853,55.33656473],[-128.88587734,55.33659179],[-128.88590887,55.33660995],[-128.88598791,55.33661885],[-128.88603493,55.33662811],[-128.88622421,55.33664627],[-128.88638166,55.33666407],[-128.88647642,55.33668223],[-128.88661797,55.33669149],[-128.88672831,55.33670039],[-128.88683871,55.33671855],[-128.88693347,55.33673671],[-128.88709083,55.33675487],[-128.88720133,55.33677267],[-128.88734304,55.33679083],[-128.88739087,55.33679937],[-128.88740589,55.33679937],[-128.88742192,55.33679083],[-128.88745328,55.33680008],[-128.88770564,55.33680934],[-128.88792688,55.33681789],[-128.88798936,55.33682786],[-128.88800527,55.3368364],[-128.88816263,55.33685456],[-128.88819409,55.33686346],[-128.8883045,55.33688162],[-128.88844637,55.33690868],[-128.8886196,55.336945],[-128.88865,55.33695319],[-128.88865123,55.3369628],[-128.88869857,55.33698986],[-128.88887197,55.33703508],[-128.88906063,55.33705324],[-128.8892975,55.3370714],[-128.88951809,55.33708956],[-128.88972288,55.33713442],[-128.8899121,55.33718854],[-128.8900848,55.33726972],[-128.89024217,55.3373687],[-128.89030516,55.33739576],[-128.89033679,55.33741356],[-128.89040001,55.33745878],[-128.89047851,55.33751255],[-128.89052585,55.33753961],[-128.89055732,55.33754851],[-128.89065168,55.33758482],[-128.89079372,55.33762079],[-128.89101401,55.33765675],[-128.89120298,55.3376571],[-128.8914242,55.33767526],[-128.89159721,55.33769342],[-128.89169191,55.33770232],[-128.89183346,55.33771158],[-128.89189669,55.33771158],[-128.89195952,55.33772974],[-128.89211768,55.3377568],[-128.89235409,55.33778386],[-128.89254314,55.33782908],[-128.89268456,55.33786504],[-128.89274739,55.3378832],[-128.89279467,55.337901],[-128.89287348,55.33793696],[-128.89292122,55.33794586],[-128.89293694,55.33795512],[-128.89311005,55.33801814],[-128.89315707,55.3380274],[-128.8931887,55.3380452],[-128.89322016,55.3380541],[-128.89334646,55.3380452],[-128.89339348,55.33805446],[-128.8935511,55.33812638],[-128.8936141,55.33815344],[-128.89380286,55.33821646],[-128.8941342,55.33827058],[-128.89427608,55.33829764],[-128.89430738,55.33829764],[-128.89441733,55.3383247],[-128.89468568,55.33839698],[-128.89477998,55.33842404],[-128.89490605,55.3384422],[-128.8949847,55.33846926],[-128.89504763,55.33848706],[-128.89507956,55.33848706],[-128.89515788,55.33849632],[-128.89525281,55.33852338],[-128.89541018,55.33854154],[-128.89552069,55.33855934],[-128.89570976,55.33860456],[-128.89574122,55.33861346],[-128.89593013,55.33864978],[-128.89599306,55.33866758],[-128.89604025,55.33868574],[-128.89608739,55.33868503],[-128.89610364,55.33869464],[-128.89619841,55.3387128],[-128.89627706,55.33873986],[-128.89648195,55.33879398],[-128.89657625,55.33882104],[-128.8967809,55.338857],[-128.89717526,55.33893818],[-128.89728551,55.33894744],[-128.89744288,55.3389656],[-128.89749,55.3389745],[-128.89774277,55.3389656],[-128.89807386,55.33896595],[-128.89830979,55.33896631],[-128.89848367,55.33895741],[-128.89889358,55.33894851],[-128.89894106,55.33894886],[-128.89905079,55.33895776],[-128.89914555,55.33897592],[-128.89925607,55.33899372],[-128.89936633,55.33900298],[-128.89944537,55.33901188],[-128.89953951,55.33903004],[-128.8997916,55.33910232],[-128.89987034,55.33912902],[-128.90002779,55.33915644],[-128.90007553,55.33916534],[-128.90023301,55.33922836],[-128.90045326,55.33930028],[-128.90054773,55.33933625],[-128.90061097,55.33938146],[-128.90080022,55.33943558],[-128.90083152,55.33943558],[-128.90095723,55.33950751],[-128.90098894,55.33953457],[-128.90103583,55.33957053],[-128.901099,55.33960649],[-128.90116171,55.33965135],[-128.90120939,55.33969621],[-128.90125612,55.33972327],[-128.90135067,55.33976849],[-128.90142949,55.33980445],[-128.90150848,55.33984932],[-128.90174486,55.33995756],[-128.90179168,55.33998426],[-128.90187157,55.34002093],[-128.9018866,55.34002093],[-128.90196489,55.34005654],[-128.9020279,55.3400836],[-128.90215366,55.34012917],[-128.90216868,55.34012917],[-128.90218531,55.34013736],[-128.90228025,55.34016442],[-128.90245352,55.34020074],[-128.902548,55.3402367],[-128.90262666,55.34026376],[-128.90272153,55.34028156],[-128.90278421,55.34029082],[-128.90286326,55.34029972],[-128.9030841,55.34029082],[-128.90322552,55.34028156],[-128.90324161,55.34028228],[-128.90330491,55.34024632],[-128.90338361,55.3401922],[-128.90346275,55.34009357],[-128.90350993,55.34006651],[-128.90360506,55.3400309],[-128.90368371,55.34001274],[-128.90373113,55.34000384],[-128.90381014,55.33997714],[-128.90384137,55.33996788],[-128.90390348,55.33994118],[-128.90392076,55.33993263],[-128.90398368,55.33990522],[-128.9040627,55.33987851],[-128.90415729,55.33984255],[-128.90420447,55.33981549],[-128.90426754,55.33980659],[-128.90434672,55.33978879],[-128.90461465,55.33975318],[-128.90467781,55.33974393],[-128.90469401,55.33973467],[-128.90470941,55.33972612],[-128.90474093,55.33969906],[-128.90480384,55.33968126],[-128.90485109,55.33966346],[-128.90493036,55.3396453],[-128.90499343,55.3396364],[-128.90502457,55.3396275],[-128.90537178,55.33961895],[-128.90617585,55.33960151],[-128.90672778,55.33959296],[-128.9068065,55.33958406],[-128.90688434,55.33956661],[-128.90690198,55.33955664],[-128.90694868,55.3395481],[-128.90702762,55.33951214],[-128.90713753,55.33945837],[-128.90718524,55.33943167],[-128.90735848,55.33937755],[-128.90742155,55.33936865],[-128.90753203,55.33935084],[-128.90761092,55.33935084],[-128.90791054,55.3393423],[-128.90806809,55.33936936],[-128.90819433,55.33939642],[-128.90828864,55.33942348],[-128.90833593,55.33944128],[-128.90836738,55.3394598],[-128.90854056,55.33955842],[-128.90863521,55.33960328],[-128.9087142,55.33964815],[-128.90884006,55.33969337],[-128.90891911,55.33970227],[-128.90898212,55.33972933],[-128.90918657,55.33979235],[-128.909376,55.33985537],[-128.90943839,55.33988243],[-128.90970664,55.33998141],[-128.90980113,55.34001737],[-128.90986397,55.34003553],[-128.90994281,55.34007149],[-128.91000599,55.34010746],[-128.91008482,55.34014342],[-128.9103997,55.3402246],[-128.91046272,55.34025166],[-128.91058867,55.34029652],[-128.91082491,55.34039586],[-128.9108881,55.34043182],[-128.91106113,55.34052154],[-128.91110893,55.34054932],[-128.9111395,55.34056641],[-128.91121841,55.34061163],[-128.91129725,55.34064759],[-128.91134444,55.34066575],[-128.91143931,55.34068355],[-128.91147069,55.34069281],[-128.91161236,55.34070171],[-128.91180184,55.34072877],[-128.91189662,55.34074692],[-128.91194382,55.34076508],[-128.9120063,55.34079179],[-128.91203831,55.34080105],[-128.91208521,55.34083701],[-128.91213257,55.34093563],[-128.91216383,55.34097159],[-128.91232133,55.34103462],[-128.91243155,55.34107983],[-128.91249457,55.34110689],[-128.91269954,55.34119662],[-128.91276263,55.34123294],[-128.912857,55.3412956],[-128.91288854,55.34131376],[-128.91290431,55.34135862],[-128.9129354,55.34138568],[-128.91295139,55.34140349],[-128.91299876,55.34143055],[-128.91312446,55.34153843],[-128.91320337,55.34158365],[-128.9132661,55.34162851],[-128.91334477,55.34165557],[-128.91345538,55.34168263],[-128.91362876,55.34171859],[-128.91383336,55.34175491],[-128.9138963,55.34177271],[-128.91394343,55.34178161],[-128.91400645,55.34180867],[-128.91403816,55.34183573],[-128.91413326,55.34189804],[-128.91421213,55.34197922],[-128.91421186,55.34197068],[-128.91427332,55.34204189],[-128.91430629,55.34206895],[-128.91435416,55.34209886],[-128.9143547,55.34458303],[-128.91437435,55.35863891],[-128.9143826,55.35902594],[-128.91803657,55.36639765],[-128.91813506,55.36659597],[-128.91827598,55.36688117],[-128.92130385,55.37298675],[-128.92140514,55.37319148],[-128.91629372,55.37907525],[-128.90905639,55.38740367],[-128.90863453,55.38788861],[-128.90444334,55.39656276],[-128.9018523,55.40192348],[-128.90177934,55.40207338],[-128.90170729,55.40222221],[-128.90165533,55.40233009],[-128.90171184,55.40243798],[-128.90385821,55.40653258],[-128.90805405,55.41453557],[-128.90900705,55.4163525],[-128.91209848,55.42224659],[-128.91649353,55.4306213],[-128.91674619,55.4311034],[-128.92021252,55.43770639],[-128.92415571,55.44521375],[-128.92417421,55.445249],[-128.92785295,55.45225148],[-128.92470395,55.45874338],[-128.92450621,55.45915142],[-128.92432239,55.4595299],[-128.92112521,55.46611865],[-128.91731503,55.47396783],[-128.91724233,55.47411808],[-128.91368675,55.48143923],[-128.91030781,55.48839507],[-128.91031445,55.48863505],[-128.91047073,55.49477766],[-128.91050663,55.49563397],[-128.91041198,55.49585508],[-128.90937926,55.4982716],[-128.90927177,55.4982716],[-128.90423715,55.49826769],[-128.89804476,55.50267882],[-128.89793225,55.50275929],[-128.89804585,55.50276],[-128.9028361,55.50275323],[-128.90351619,55.50275256],[-128.90355861,55.50275252],[-128.91028909,55.50274504],[-128.91031514,55.50274398],[-128.91140821,55.5027422],[-128.91166351,55.50274682],[-128.91201882,55.50274148],[-128.91201837,55.50283121],[-128.91201555,55.50335781],[-128.91201517,55.50341549],[-128.91201392,55.50359387],[-128.91283339,55.50449219],[-128.91318335,55.5050309],[-128.91349303,55.50523243],[-128.91410432,55.50555928],[-128.91568058,55.50591355],[-128.91717762,55.50634865],[-128.91765361,55.50673746],[-128.918119,55.50766426],[-128.91844855,55.50810684],[-128.91882417,55.5085341],[-128.91933853,55.50891579],[-128.91989862,55.50927861],[-128.92172864,55.51028623],[-128.92401969,55.51092642],[-128.92467381,55.5112344],[-128.92520341,55.5116111],[-128.92581297,55.51194829],[-128.92808216,55.51220144],[-128.9290197,55.51250302],[-128.92993887,55.51241293],[-128.93065454,55.51170902],[-128.93200724,55.51182367],[-128.93276646,55.51206792],[-128.93337151,55.51242789],[-128.93552006,55.51330164],[-128.93716216,55.51367372],[-128.93770709,55.51406252],[-128.93810852,55.5145083],[-128.93846797,55.51496583],[-128.93871765,55.51530693],[-128.93859435,55.51545932],[-128.93747229,55.51659406],[-128.93786392,55.51846333],[-128.9381866,55.51902554],[-128.93967096,55.52032228],[-128.9398011,55.52085565],[-128.94008204,55.5223678],[-128.9407905,55.52358372],[-128.9417977,55.52441902],[-128.94383793,55.52554664],[-128.94518203,55.52734826],[-128.94686695,55.52841535],[-128.94859566,55.53070797],[-128.94947258,55.53203355],[-128.95079861,55.53281295],[-128.95211197,55.53390603],[-128.95259622,55.53485847],[-128.95238042,55.53505074],[-128.95134852,55.53582266],[-128.95099611,55.53660455],[-128.95071885,55.53695633],[-128.94942312,55.53702612],[-128.9487861,55.53721946],[-128.9484164,55.53751178],[-128.94852046,55.53844535],[-128.94875832,55.5388103],[-128.94892752,55.5390695],[-128.98874704,55.55202165],[-129.99313895,55.87185561],[-130.03700627,55.87182784]]]},"geometry_name":"SHAPE","properties":{"id":322,"slug":"skeena","name":"Skeena","abbreviation":"SKE","gazetteDate":"2023-12-07Z","boundarySet":11},"bbox":[-130.65906999,52.99790933,-127.23736599,55.87185561]}
