{"type":"Feature","id":287,"geometry":{"type":"Polygon","coordinates":[[[-118.41458882,50.70736464],[-118.41796784,50.70583258],[-118.42145867,50.70424959],[-118.42236823,50.7038371],[-118.42300435,50.7035486],[-118.42733349,50.69855897],[-118.42737676,50.69850909],[-118.42618492,50.69565113],[-118.42557747,50.69418141],[-118.42349537,50.69241793],[-118.42140559,50.69063351],[-118.42034012,50.68970949],[-118.42039821,50.68933814],[-118.42218496,50.681409],[-118.42224096,50.68116043],[-118.42553761,50.67528903],[-118.42616266,50.67417561],[-118.42581104,50.67384257],[-118.4176886,50.66608768],[-118.42207009,50.65831797],[-118.42704245,50.6514307],[-118.42731221,50.65105699],[-118.43534714,50.649754],[-118.44192117,50.64418764],[-118.44290863,50.64304857],[-118.44617269,50.63928288],[-118.44635689,50.63907034],[-118.44958263,50.63534808],[-118.45132259,50.63333999],[-118.45860258,50.63266181],[-118.46450254,50.63214738],[-118.47351331,50.62925106],[-118.47521578,50.62870805],[-118.47830727,50.62055526],[-118.48274921,50.61557385],[-118.48346799,50.61476781],[-118.48845006,50.60925919],[-118.4896886,50.6077906],[-118.48969728,50.60752158],[-118.48993248,50.60023378],[-118.48997157,50.59902419],[-118.49010328,50.59494755],[-118.4880804,50.59268169],[-118.48342571,50.58746686],[-118.48313135,50.58713703],[-118.48193008,50.58662451],[-118.47579811,50.58400794],[-118.47589688,50.58384597],[-118.47775215,50.58095204],[-118.4787991,50.57929346],[-118.47956084,50.57812304],[-118.47446165,50.57147025],[-118.48222192,50.55679061],[-118.49219662,50.55429732],[-118.49676559,50.55315487],[-118.50000011,50.55234594],[-118.50956998,50.54995158],[-118.51107442,50.54957508],[-118.51646975,50.54657212],[-118.5178767,50.54578892],[-118.52059822,50.54427382],[-118.52321495,50.5428169],[-118.52884895,50.5396795],[-118.53062004,50.53869308],[-118.53209356,50.5378726],[-118.53588785,50.53814249],[-118.5436343,50.53869308],[-118.54865172,50.53904979],[-118.54885347,50.53901717],[-118.55612759,50.53784085],[-118.55707605,50.53428509],[-118.55761831,50.53225188],[-118.55801111,50.53077896],[-118.55863685,50.52843237],[-118.55879903,50.52782414],[-118.56100686,50.52649996],[-118.56193355,50.52594403],[-118.56669524,50.52308711],[-118.5676778,50.52249752],[-118.56812814,50.52222728],[-118.57090174,50.52056309],[-118.57193074,50.51994563],[-118.57286037,50.51938778],[-118.57512603,50.51842421],[-118.58451426,50.51443049],[-118.58544883,50.50302558],[-118.58936739,50.50084836],[-118.58790079,50.4978909],[-118.57859423,50.49484536],[-118.57850806,50.49481715],[-118.57829106,50.49474594],[-118.57422023,50.4901934],[-118.57272484,50.48852078],[-118.57538706,50.48838033],[-118.58322635,50.48840184],[-118.59373535,50.4884298],[-118.59999997,50.488446],[-118.61005804,50.48845179],[-118.62023398,50.48848836],[-118.64885955,50.48854221],[-118.66011191,50.48856136],[-118.69162597,50.48862995],[-118.69430935,50.48863538],[-118.69430967,50.48862709],[-118.6943132,50.48189039],[-118.69432787,50.47103481],[-118.69436291,50.44507172],[-118.69437895,50.43318025],[-118.69438182,50.425952],[-118.69441433,50.42106418],[-118.69387989,50.42106263],[-118.68479681,50.4210359],[-118.68481676,50.41830523],[-118.68486677,50.4114617],[-118.68549328,50.41146357],[-118.6880433,50.41147114],[-118.69406021,50.41148877],[-118.69448233,50.41148999],[-118.69564281,50.41149211],[-118.7001437,50.41150024],[-118.70019437,50.40424683],[-118.70585488,50.40426282],[-118.70589095,50.4],[-118.70590415,50.39703839],[-118.69478393,50.39703866],[-118.69459661,50.39703866],[-118.69459709,50.38981402],[-118.69471118,50.37006815],[-118.69496314,50.32639486],[-118.69530002,50.26786699],[-118.67456205,50.26783631],[-118.67235595,50.26783292],[-118.67235586,50.26783292],[-118.6615849,50.26785403],[-118.6390072,50.26784472],[-118.6390162,50.260609],[-118.63317361,50.26060586],[-118.63178533,50.26097075],[-118.63126583,50.2607466],[-118.63095718,50.26061342],[-118.631012,50.26058499],[-118.631218,50.26045699],[-118.63145,50.26026499],[-118.631644,50.260154],[-118.631808,50.26008799],[-118.63205901,50.26002299],[-118.632337,50.25996399],[-118.63245,50.25992699],[-118.632753,50.25981499],[-118.632977,50.25975799],[-118.63326801,50.25969899],[-118.633519,50.259651],[-118.633728,50.25960299],[-118.63376787,50.25960257],[-118.63400904,50.25959918],[-118.63434589,50.25960344],[-118.63455946,50.25954954],[-118.63484676,50.25946638],[-118.63504395,50.25938294],[-118.63539882,50.25922324],[-118.63564106,50.25911068],[-118.63588329,50.25900179],[-118.63604666,50.25892921],[-118.63631141,50.25882405],[-118.63655362,50.25871149],[-118.63677333,50.25862813],[-118.63679586,50.25861724],[-118.63696486,50.25855928],[-118.63721834,50.258487],[-118.63739297,50.25844736],[-118.63758449,50.25840045],[-118.6377028,50.25837892],[-118.63797469,50.25823018],[-118.6383209,50.25814472],[-118.63832301,50.258144],[-118.638446,50.25806999],[-118.638543,50.258006],[-118.638666,50.25795899],[-118.6388342,50.25790232],[-118.63907218,50.25781642],[-118.639638,50.25764],[-118.640108,50.257462],[-118.64012986,50.25745395],[-118.64026715,50.25739768],[-118.64044,50.257305],[-118.64073,50.257166],[-118.641022,50.25705299],[-118.641327,50.25694199],[-118.641645,50.256838],[-118.64178401,50.25679099],[-118.642046,50.256697],[-118.642365,50.25656799],[-118.642545,50.25649199],[-118.642864,50.25638999],[-118.64307,50.25629699],[-118.64334601,50.25615699],[-118.643581,50.256065],[-118.644039,50.25587799],[-118.644232,50.25580299],[-118.644468,50.25569199],[-118.64461801,50.255609],[-118.644741,50.255508],[-118.644878,50.25539799],[-118.64504199,50.25527],[-118.645315,50.25506799],[-118.645476,50.25486899],[-118.645612,50.254705],[-118.645681,50.25464899],[-118.645941,50.25451999],[-118.64614801,50.254391],[-118.646215,50.2543],[-118.64628099,50.25418199],[-118.646402,50.25402799],[-118.64652201,50.25386399],[-118.646629,50.253701],[-118.64677601,50.253501],[-118.646911,50.25329999],[-118.647044,50.25310099],[-118.647233,50.25292699],[-118.64735501,50.252809],[-118.647504,50.252645],[-118.647613,50.25249999],[-118.647748,50.25237199],[-118.64781501,50.25228099],[-118.647951,50.252144],[-118.64811199,50.251989],[-118.64823601,50.251906],[-118.648664,50.25167499],[-118.648928,50.25159],[-118.64917801,50.25153299],[-118.64941499,50.251493],[-118.64972301,50.251472],[-118.649989,50.25146799],[-118.650214,50.25147299],[-118.650381,50.25148],[-118.65072101,50.25150999],[-118.651004,50.251597],[-118.651161,50.251675],[-118.65143,50.25179799],[-118.65158699,50.25182199],[-118.65184,50.251836],[-118.652065,50.25183399],[-118.652358,50.25181099],[-118.652663,50.25172699],[-118.6529,50.25166],[-118.65321999,50.251601],[-118.653624,50.251523],[-118.653998,50.25138299],[-118.65423401,50.25129899],[-118.654428,50.25125099],[-118.65474999,50.251193],[-118.65508201,50.25111599],[-118.65531899,50.25104],[-118.655513,50.25098499],[-118.65579,50.250899],[-118.65619299,50.250777],[-118.65652562,50.25066412],[-118.656526,50.25066399],[-118.657148,50.25036699],[-118.657353,50.250247],[-118.657684,50.25006299],[-118.657917,50.24991499],[-118.65816964,50.24980993],[-118.658208,50.24979399],[-118.65825538,50.24976887],[-118.65852301,50.249627],[-118.65863689,50.24956268],[-118.658716,50.24951799],[-118.65881843,50.2494362],[-118.659004,50.24928799],[-118.65924664,50.24911781],[-118.659292,50.24908599],[-118.65963796,50.2488927],[-118.65978599,50.24880999],[-118.660059,50.24858099],[-118.66030399,50.24836099],[-118.66050349,50.24825681],[-118.660551,50.248232],[-118.660869,50.24810099],[-118.66113078,50.24798445],[-118.661161,50.247971],[-118.6611816,50.24796293],[-118.66139599,50.24787899],[-118.66171714,50.24778149],[-118.661867,50.247736],[-118.662047,50.24768899],[-118.662283,50.24762199],[-118.66249051,50.24754816],[-118.662491,50.24754799],[-118.662811,50.247444],[-118.663381,50.24728299],[-118.66351286,50.24725413],[-118.663646,50.247225],[-118.66372672,50.24721692],[-118.66396599,50.24719299],[-118.664569,50.247212],[-118.6646412,50.24723474],[-118.66489599,50.24731499],[-118.66516693,50.24741997],[-118.665167,50.24741999],[-118.66561899,50.247521],[-118.66561913,50.24752106],[-118.665945,50.24765899],[-118.6660448,50.24769809],[-118.666259,50.247782],[-118.666695,50.24783899],[-118.66695232,50.24787979],[-118.66710501,50.24790399],[-118.66720318,50.24795365],[-118.66727699,50.247991],[-118.66727709,50.24799101],[-118.667657,50.248049],[-118.668079,50.248106],[-118.66825165,50.24817004],[-118.668265,50.248175],[-118.66829157,50.24817757],[-118.66841999,50.24818999],[-118.66850178,50.24821254],[-118.66854699,50.248225],[-118.668899,50.24830199],[-118.669127,50.24836999],[-118.669299,50.24843999],[-118.669526,50.248517],[-118.66963674,50.248531],[-118.66977899,50.248549],[-118.669906,50.24855599],[-118.670158,50.24855199],[-118.67025195,50.24855148],[-118.67033901,50.248551],[-118.670577,50.24853799],[-118.67077401,50.24854399],[-118.670914,50.24853399],[-118.67101101,50.248514],[-118.671193,50.248511],[-118.67120127,50.24850906],[-118.671402,50.248462],[-118.671541,50.24841499],[-118.67174899,50.24835799],[-118.67188609,50.24826088],[-118.671941,50.24822199],[-118.672093,50.24814799],[-118.67218269,50.24808723],[-118.672338,50.247982],[-118.67253201,50.24788799],[-118.672755,50.247814],[-118.67304601,50.24770999],[-118.673351,50.24761599],[-118.67351371,50.24753843],[-118.673544,50.24752399],[-118.673831,50.247322],[-118.67391092,50.24723889],[-118.67400699,50.24713899],[-118.674115,50.246994],[-118.67427184,50.24684939],[-118.67433301,50.24679299],[-118.674438,50.24661099],[-118.67452903,50.24651249],[-118.674572,50.246466],[-118.67468999,50.246239],[-118.67479601,50.246048],[-118.674859,50.24582299],[-118.67486701,50.24566107],[-118.674867,50.245661],[-118.674832,50.24548199],[-118.67482453,50.24543847],[-118.67481501,50.24538299],[-118.67478299,50.245248],[-118.67478246,50.24523223],[-118.674779,50.245131],[-118.67478806,50.24505684],[-118.67478995,50.2450414],[-118.67479,50.24504099],[-118.67483348,50.24497742],[-118.67489597,50.24488603],[-118.674896,50.244886],[-118.67494004,50.24486013],[-118.67513084,50.24474809],[-118.67513101,50.24474799],[-118.675546,50.24463399],[-118.67560748,50.24463344],[-118.675658,50.24463299],[-118.67586599,50.24457599],[-118.67592649,50.24455753],[-118.676269,50.244453],[-118.67641,50.24444199],[-118.67641024,50.24444197],[-118.676632,50.244412],[-118.677012,50.24441599],[-118.67723734,50.24442315],[-118.67739,50.24442799],[-118.67771286,50.24443199],[-118.677713,50.24443199],[-118.677911,50.24446599],[-118.678123,50.24450699],[-118.67854482,50.24457297],[-118.678545,50.24457299],[-118.679069,50.244691],[-118.67916699,50.24470799],[-118.67932967,50.24473064],[-118.679519,50.244757],[-118.67997,50.24481399],[-118.68018017,50.24487681],[-118.680425,50.24494999],[-118.68050174,50.24495831],[-118.680508,50.24495899],[-118.680679,50.244975],[-118.68073432,50.2449824],[-118.68079101,50.24498999],[-118.68096,50.24499699],[-118.681086,50.24502299],[-118.68109709,50.2450244],[-118.681212,50.24503899],[-118.681326,50.245073],[-118.68146922,50.24509239],[-118.681806,50.24513799],[-118.682059,50.24518799],[-118.68215899,50.245195],[-118.68227292,50.2452063],[-118.682411,50.24521999],[-118.68249034,50.24523637],[-118.682566,50.24525199],[-118.6826936,50.24529962],[-118.682708,50.24530499],[-118.68270828,50.24530505],[-118.682793,50.24532199],[-118.68294739,50.24534444],[-118.68302,50.24535499],[-118.683542,50.245455],[-118.68364147,50.24547531],[-118.68378199,50.24550399],[-118.684136,50.24558099],[-118.684363,50.24564099],[-118.68452574,50.245677],[-118.684589,50.24569099],[-118.68462506,50.24570057],[-118.684717,50.24572499],[-118.68485273,50.24575963],[-118.685054,50.24581099],[-118.68513102,50.24583556],[-118.685239,50.24586999],[-118.685324,50.24588699],[-118.685593,50.245964],[-118.686048,50.246155],[-118.68621788,50.24618216],[-118.686417,50.246214],[-118.686501,50.24623099],[-118.68652502,50.24623607],[-118.686572,50.24624599],[-118.68671199,50.246253],[-118.68691001,50.24629599],[-118.6869993,50.24631672],[-118.687022,50.24632199],[-118.687135,50.24633799],[-118.68728052,50.24635451],[-118.687417,50.24636999],[-118.68751488,50.24640976],[-118.687545,50.24642199],[-118.68757776,50.24643881],[-118.687732,50.246518],[-118.68793101,50.24662199],[-118.688087,50.24669199],[-118.68827501,50.24678899],[-118.68838899,50.246869],[-118.68849001,50.24693],[-118.68871899,50.24707099],[-118.68888999,50.24719299],[-118.68894092,50.24722425],[-118.688991,50.24725499],[-118.68912099,50.247352],[-118.689266,50.24746699],[-118.68927269,50.24747174],[-118.689352,50.24752799],[-118.689482,50.24763499],[-118.68956701,50.24767899],[-118.6895672,50.24767911],[-118.68956731,50.24767917],[-118.68976799,50.24780199],[-118.689971,50.24796099],[-118.69007201,50.24803099],[-118.690287,50.248172],[-118.690429,50.24825],[-118.690502,50.248303],[-118.690574,50.24834699],[-118.69071499,50.24840799],[-118.690829,50.248461],[-118.69088217,50.24847993],[-118.69090199,50.248487],[-118.69102537,50.24852657],[-118.69111399,50.248555],[-118.69149755,50.2486143],[-118.691806,50.24866199],[-118.69184214,50.24866156],[-118.691974,50.24866],[-118.69247072,50.2486529],[-118.692534,50.248652],[-118.69255921,50.24865326],[-118.69267401,50.248659],[-118.69288499,50.24865599],[-118.693421,50.24873699],[-118.693562,50.24877099],[-118.69372194,50.24878876],[-118.693787,50.24879599],[-118.69382569,50.24880724],[-118.693873,50.24882099],[-118.69393258,50.24883453],[-118.694027,50.24885599],[-118.694141,50.24885299],[-118.69420798,50.24885809],[-118.694338,50.24886799],[-118.69449099,50.24886499],[-118.694577,50.24889099],[-118.69473099,50.24890799],[-118.694887,50.248932],[-118.695085,50.248965],[-118.6954419,50.24903653],[-118.695549,50.24905799],[-118.695916,50.24909799],[-118.69596271,50.24909689],[-118.696001,50.24909599],[-118.69613066,50.24911076],[-118.69628201,50.24912799],[-118.69637769,50.24915152],[-118.696522,50.249187],[-118.69671198,50.24924116],[-118.696764,50.24925599],[-118.69680567,50.24927218],[-118.69692099,50.249317],[-118.69716,50.24940199],[-118.69727351,50.24945383],[-118.69733299,50.24948099],[-118.69736256,50.24948895],[-118.697489,50.249523],[-118.6978,50.24961899],[-118.69783077,50.24963712],[-118.69787299,50.24966199],[-118.69804892,50.24971581],[-118.698128,50.24974],[-118.69816299,50.2497497],[-118.698283,50.249783],[-118.69831632,50.24979946],[-118.698368,50.24982499],[-118.698467,50.249851],[-118.69848907,50.24985885],[-118.69854,50.24987699],[-118.69861717,50.24988741],[-118.69877701,50.24990899],[-118.698975,50.24992499],[-118.699114,50.24992199],[-118.69922116,50.24990071],[-118.69925501,50.24989399],[-118.69929553,50.24987317],[-118.699364,50.24983799],[-118.69960985,50.24980945],[-118.69963101,50.24980699],[-118.69966774,50.24980235],[-118.699868,50.249777],[-118.70009,50.24973699],[-118.70018586,50.24973231],[-118.700315,50.249726],[-118.70039115,50.24971893],[-118.700552,50.24970399],[-118.700693,50.24969299],[-118.70070713,50.24969285],[-118.700792,50.249692],[-118.70107201,50.249696],[-118.70166825,50.24968762],[-118.701997,50.24968299],[-118.70204415,50.24968433],[-118.702208,50.249689],[-118.70258879,50.24968356],[-118.70283899,50.24967999],[-118.703218,50.24968299],[-118.703778,50.24967399],[-118.70385213,50.24967866],[-118.70390499,50.249682],[-118.70407499,50.24973299],[-118.70409407,50.24974465],[-118.704147,50.249777],[-118.70433161,50.24983687],[-118.70433201,50.24983699],[-118.704416,50.249872],[-118.70454222,50.24994124],[-118.70455999,50.249951],[-118.70458179,50.24996342],[-118.70477401,50.25007299],[-118.70490301,50.25017099],[-118.70509,50.25027499],[-118.70513447,50.2503101],[-118.70514699,50.25031999],[-118.705262,50.25041799],[-118.705392,50.250505],[-118.70549585,50.25062183],[-118.705496,50.250622],[-118.7055133,50.25066275],[-118.705541,50.25072799],[-118.70558501,50.25079999],[-118.705602,50.250871],[-118.705634,50.251023],[-118.70564818,50.25104746],[-118.705696,50.25112999],[-118.705782,50.251201],[-118.705926,50.25128899],[-118.706012,50.25133199],[-118.706085,50.25140299],[-118.70612801,50.25144799],[-118.706257,50.25151899],[-118.706487,50.251685],[-118.706659,50.25179899],[-118.707004,50.25200999],[-118.707118,50.25207299],[-118.707334,50.25221199],[-118.70743399,50.25226499],[-118.707492,50.252318],[-118.707623,50.25247899],[-118.707697,50.25255799],[-118.707784,50.252674],[-118.70782801,50.25272799],[-118.707917,50.25285999],[-118.707963,50.25297699],[-118.707979,50.25303999],[-118.70799601,50.25309399],[-118.708027,50.253157],[-118.70811801,50.25337],[-118.708192,50.25346899],[-118.70823699,50.253548],[-118.708295,50.25359199],[-118.70831101,50.253655],[-118.70846801,50.25375199],[-118.708542,50.25383199],[-118.708628,50.253903],[-118.708715,50.25398299],[-118.70884699,50.254115],[-118.70904799,50.254275],[-118.709108,50.254346],[-118.70920999,50.25445099],[-118.70926699,50.25450499],[-118.709326,50.254567],[-118.709383,50.25462099],[-118.709455,50.254682],[-118.709559,50.25478899],[-118.709674,50.25486699],[-118.70975899,50.25493],[-118.709874,50.25501799],[-118.71005201,50.25526699],[-118.71016801,50.25540999],[-118.710285,50.25550699],[-118.71041601,50.25562199],[-118.710516,50.25572699],[-118.710604,50.255807],[-118.710748,50.25592199],[-118.710849,50.25601899],[-118.711065,50.25616],[-118.711337,50.25629999],[-118.711703,50.25629599],[-118.71192599,50.256291],[-118.71243201,50.256284],[-118.712528,50.256256],[-118.71266901,50.25625399],[-118.712932,50.256204],[-118.713006,50.25623999],[-118.713189,50.25629099],[-118.7134,50.256324],[-118.713656,50.256401],[-118.713783,50.25644399],[-118.714028,50.25659299],[-118.714114,50.256637],[-118.71426899,50.25668],[-118.71448,50.256713],[-118.71465001,50.256737],[-118.714806,50.256761],[-118.714959,50.256768],[-118.715114,50.25676699],[-118.71524,50.25676399],[-118.715464,50.25673399],[-118.715658,50.256713],[-118.715827,50.25669299],[-118.716246,50.25664999],[-118.716373,50.25663999],[-118.716469,50.25662899],[-118.71663599,50.25658999],[-118.716776,50.25656999],[-118.716959,50.256559],[-118.717196,50.25653799],[-118.71728001,50.256528],[-118.717378,50.25651799],[-118.71752999,50.25648799],[-118.717655,50.256449],[-118.717753,50.256404],[-118.717933,50.256355],[-118.718017,50.256318],[-118.718307,50.256206],[-118.71847301,50.25615],[-118.718709,50.25611899],[-118.71889199,50.256081],[-118.719128,50.256042],[-118.71922501,50.25602199],[-118.71935099,50.256011],[-118.719477,50.25600099],[-118.719575,50.255981],[-118.7197,50.255969],[-118.719867,50.255931],[-118.720021,50.25590299],[-118.720147,50.255883],[-118.720328,50.255844],[-118.72044,50.255833],[-118.720566,50.255823],[-118.72088601,50.25575399],[-118.72104,50.25572599],[-118.721362,50.25572],[-118.721493,50.25585399],[-118.72153699,50.255915],[-118.721596,50.255969],[-118.72166699,50.25602199],[-118.721753,50.25608299],[-118.72185399,50.256128],[-118.72197999,50.25616999],[-118.722167,50.25624899],[-118.72228,50.25630099],[-118.722393,50.25634399],[-118.72252099,50.256378],[-118.722692,50.25643799],[-118.722833,50.25643699],[-118.72298501,50.25637999],[-118.723206,50.25630599],[-118.723402,50.256284],[-118.723487,50.256337],[-118.723687,50.256397],[-118.723814,50.25643899],[-118.723927,50.25646499],[-118.724028,50.256499],[-118.724167,50.256525],[-118.724324,50.256576],[-118.724394,50.25660199],[-118.724552,50.25666299],[-118.72462299,50.25669699],[-118.72469499,50.25675],[-118.72482401,50.25680299],[-118.72491,50.25682799],[-118.72498001,50.256854],[-118.725164,50.256905],[-118.725265,50.25693899],[-118.725391,50.25696499],[-118.72550499,50.25699899],[-118.725743,50.25701299],[-118.725927,50.257065],[-118.726068,50.25709],[-118.726168,50.25711599],[-118.726267,50.25713199],[-118.726437,50.257183],[-118.72662099,50.25724399],[-118.726837,50.25735699],[-118.72704901,50.25744399],[-118.72716199,50.257496],[-118.727235,50.25753999],[-118.72737899,50.257619],[-118.727563,50.257697],[-118.727649,50.25774999],[-118.72776401,50.25779399],[-118.72783599,50.25785499],[-118.727908,50.25790799],[-118.727993,50.25796899],[-118.728108,50.25804],[-118.728209,50.25810999],[-118.728255,50.25818099],[-118.72829799,50.258225],[-118.728358,50.25832399],[-118.728389,50.25840499],[-118.72846401,50.258539],[-118.72846501,50.25859299],[-118.728481,50.25865599],[-118.728527,50.25872699],[-118.728571,50.258815],[-118.728616,50.258878],[-118.728733,50.25895699],[-118.728832,50.259],[-118.728945,50.25902599],[-118.729115,50.25904999],[-118.72936701,50.25909099],[-118.729496,50.259144],[-118.729595,50.25917799],[-118.72973801,50.25921199],[-118.72985,50.25924699],[-118.730135,50.259359],[-118.730362,50.25941899],[-118.730476,50.25945299],[-118.730603,50.25948699],[-118.730761,50.25956599],[-118.73088801,50.25959999],[-118.730987,50.25961499],[-118.7311,50.25965999],[-118.731171,50.259694],[-118.731398,50.25972699],[-118.73162501,50.25982199],[-118.73171,50.25983899],[-118.731981,50.259962],[-118.732293,50.26002799],[-118.732364,50.26005399],[-118.73260299,50.260122],[-118.73291601,50.26022599],[-118.733003,50.26026099],[-118.73307401,50.26031299],[-118.733416,50.26043399],[-118.733656,50.26053],[-118.733955,50.26059699],[-118.73423599,50.26066499],[-118.734435,50.26070599],[-118.734746,50.26079199],[-118.734818,50.26080899],[-118.735102,50.260904],[-118.73518601,50.26091999],[-118.735712,50.26108399],[-118.735923,50.26111699],[-118.736207,50.26122099],[-118.73657899,50.26143],[-118.73676399,50.2615],[-118.736881,50.26156899],[-118.737066,50.26165599],[-118.737151,50.26168299],[-118.737721,50.26192499],[-118.737735,50.26195299],[-118.737737,50.26198799],[-118.737822,50.26200499],[-118.73796399,50.26204799],[-118.738049,50.26208399],[-118.738121,50.262109],[-118.738205,50.26213499],[-118.738303,50.262142],[-118.73848599,50.26216599],[-118.738671,50.26222599],[-118.738887,50.26233099],[-118.739001,50.262411],[-118.739172,50.26250699],[-118.73925901,50.26254199],[-118.739373,50.262603],[-118.73961599,50.26269899],[-118.73987,50.262757],[-118.740083,50.26279899],[-118.740251,50.26281399],[-118.740476,50.26283799],[-118.740561,50.26285599],[-118.740858,50.262904],[-118.741097,50.26290999],[-118.741223,50.26290799],[-118.741307,50.262888],[-118.741473,50.262868],[-118.74150299,50.262922],[-118.741589,50.26293799],[-118.74172901,50.262945],[-118.74181299,50.26295399],[-118.741911,50.26295099],[-118.742276,50.26294699],[-118.742668,50.262941],[-118.74291999,50.26289099],[-118.74305899,50.26285399],[-118.743266,50.26280599],[-118.74347499,50.26272199],[-118.74359699,50.262639],[-118.743884,50.26241799],[-118.74397999,50.26232699],[-118.74414201,50.262199],[-118.744236,50.26208899],[-118.74431699,50.26199],[-118.744481,50.261851],[-118.744604,50.261787],[-118.744689,50.261759],[-118.744884,50.261746],[-118.74501,50.261728],[-118.74518901,50.26165199],[-118.74542499,50.26155799],[-118.74561801,50.261475],[-118.745767,50.26135599],[-118.74596,50.26121799],[-118.74615,50.261089],[-118.746288,50.26098799],[-118.74652201,50.26085899],[-118.74664501,50.260785],[-118.746902,50.26056499],[-118.746956,50.260501],[-118.747052,50.26038299],[-118.74716999,50.26021099],[-118.74727801,50.26006499],[-118.747385,50.259946],[-118.747342,50.25988499],[-118.747334,50.25970399],[-118.74734401,50.25958699],[-118.747481,50.259504],[-118.74760501,50.25942199],[-118.747686,50.25933899],[-118.74780901,50.259265],[-118.74793199,50.25915499],[-118.748001,50.25909999],[-118.748095,50.259019],[-118.74816499,50.25897199],[-118.74824801,50.25897],[-118.748332,50.25896],[-118.748456,50.258878],[-118.748553,50.25887599],[-118.74872201,50.25888299],[-118.74890499,50.25890799],[-118.74906,50.25890499],[-118.749172,50.258912],[-118.749271,50.25891],[-118.749411,50.258918],[-118.749579,50.258923],[-118.74973301,50.258922],[-118.74987501,50.258938],[-118.750141,50.258933],[-118.75048001,50.25899199],[-118.750677,50.259043],[-118.75088899,50.25903899],[-118.751323,50.25904999],[-118.751591,50.259073],[-118.75167501,50.25908099],[-118.75215201,50.259074],[-118.752488,50.25905999],[-118.75265601,50.25903],[-118.752753,50.25902899],[-118.75300501,50.25900699],[-118.75314501,50.259004],[-118.75331199,50.25896599],[-118.75352299,50.258963],[-118.75360801,50.258953],[-118.75404101,50.25893799],[-118.754309,50.25893299],[-118.754503,50.25893899],[-118.754771,50.25896299],[-118.75495601,50.25898699],[-118.75511,50.25901199],[-118.755336,50.25903399],[-118.75551899,50.25905899],[-118.755659,50.259066],[-118.756011,50.259097],[-118.756152,50.25912099],[-118.75627901,50.259155],[-118.75645,50.25919799],[-118.756535,50.259215],[-118.75669001,50.25923099],[-118.756847,50.259282],[-118.756905,50.25933499],[-118.756976,50.25939799],[-118.75700801,50.25945],[-118.757079,50.25950299],[-118.757122,50.25955699],[-118.75718,50.25960999],[-118.757226,50.259681],[-118.757241,50.25975199],[-118.757271,50.259806],[-118.757303,50.25986899],[-118.75731999,50.25994],[-118.75737799,50.26001999],[-118.757451,50.26011],[-118.757523,50.26017099],[-118.757626,50.26025099],[-118.757726,50.26029299],[-118.757853,50.260346],[-118.75798199,50.260416],[-118.75828399,50.26060099],[-118.758455,50.260723],[-118.75855499,50.26077599],[-118.758726,50.26079199],[-118.758823,50.26078999],[-118.758964,50.26077899],[-118.75908699,50.260696],[-118.759154,50.26064099],[-118.75919601,50.26059499],[-118.759248,50.260531],[-118.759331,50.260477],[-118.759414,50.26044899],[-118.759538,50.26039299],[-118.75966399,50.26034599],[-118.759858,50.26028899],[-118.75994,50.260269],[-118.760023,50.26024099],[-118.76015001,50.26021199],[-118.760359,50.260182],[-118.76051201,50.26016199],[-118.760694,50.260159],[-118.760821,50.26014799],[-118.761015,50.26010999],[-118.76132399,50.260104],[-118.76199601,50.26009399],[-118.762251,50.26011799],[-118.762377,50.26012499],[-118.762518,50.26015],[-118.76265899,50.26017399],[-118.76278699,50.26019899],[-118.762916,50.26030499],[-118.763061,50.26039299],[-118.76313201,50.26042899],[-118.76319001,50.26050799],[-118.763237,50.26063399],[-118.76328399,50.260722],[-118.76330414,50.26080058],[-118.76331399,50.260839],[-118.76333301,50.26092899],[-118.76335,50.26099999],[-118.76338,50.26108899],[-118.763384,50.26117099],[-118.76341499,50.261242],[-118.763418,50.26133199],[-118.763434,50.261394],[-118.76350699,50.26146499],[-118.763537,50.26151999],[-118.763639,50.261598],[-118.763697,50.26166099],[-118.763784,50.26177599],[-118.76382901,50.26183899],[-118.76388899,50.26192699],[-118.76394799,50.261998],[-118.763991,50.26206099],[-118.76409401,50.26216799],[-118.764124,50.26223],[-118.764183,50.262319],[-118.764227,50.26238999],[-118.764288,50.26247],[-118.764317,50.26253199],[-118.764348,50.262603],[-118.764425,50.262756],[-118.764471,50.26287299],[-118.76453,50.26297899],[-118.76456199,50.263042],[-118.76462201,50.26314],[-118.764667,50.26321999],[-118.764713,50.263354],[-118.76474199,50.26341699],[-118.764774,50.263496],[-118.764803,50.26354199],[-118.76481999,50.263613],[-118.764882,50.26372999],[-118.764913,50.26381799],[-118.764985,50.26389799],[-118.765044,50.263942],[-118.765158,50.264022],[-118.765189,50.264103],[-118.76527799,50.26420899],[-118.765366,50.264298],[-118.76548,50.26439499],[-118.76555499,50.264492],[-118.76559799,50.26454599],[-118.765715,50.26462599],[-118.76578499,50.264669],[-118.765873,50.264731],[-118.765986,50.26477399],[-118.766057,50.26479099],[-118.766169,50.264825],[-118.766327,50.264858],[-118.76645399,50.264911],[-118.766609,50.264953],[-118.76672399,50.264988],[-118.766851,50.26499499],[-118.766976,50.26501],[-118.76705,50.26507299],[-118.767204,50.26509699],[-118.76730501,50.26511399],[-118.76738801,50.26512999],[-118.76751601,50.26514699],[-118.76768401,50.26518],[-118.767885,50.26524],[-118.76803999,50.265318],[-118.768325,50.26543999],[-118.76858199,50.26554399],[-118.76867,50.265624],[-118.768756,50.265685],[-118.768886,50.26576399],[-118.76906,50.265905],[-118.769246,50.26602899],[-118.769423,50.26624199],[-118.76962499,50.26639999],[-118.769826,50.26650599],[-118.77004001,50.266645],[-118.770371,50.26684799],[-118.770487,50.266927],[-118.77068801,50.267095],[-118.770849,50.267228],[-118.771035,50.26735899],[-118.77109399,50.26740299],[-118.77123701,50.26747299],[-118.77147899,50.267587],[-118.771651,50.26765699],[-118.771777,50.267699],[-118.77192,50.26775899],[-118.77219,50.26786299],[-118.772589,50.267983],[-118.77273101,50.268035],[-118.772859,50.26806999],[-118.773099,50.26815499],[-118.773244,50.26827],[-118.773316,50.268305],[-118.77351501,50.26835599],[-118.773697,50.26838899],[-118.77396599,50.268411],[-118.774162,50.26844599],[-118.77441801,50.26848499],[-118.774741,50.268517],[-118.774911,50.268551],[-118.775066,50.268584],[-118.775194,50.268618],[-118.775391,50.26865099],[-118.775632,50.26871],[-118.77594299,50.26877699],[-118.776086,50.26881999],[-118.776283,50.26887099],[-118.776525,50.268931],[-118.776708,50.268981],[-118.777008,50.26906599],[-118.777175,50.26910099],[-118.777431,50.26915099],[-118.77757199,50.26918499],[-118.777643,50.26920999],[-118.777785,50.26925299],[-118.77841001,50.269424],[-118.778579,50.26948399],[-118.778765,50.26956199],[-118.779306,50.26977],[-118.779405,50.269804],[-118.77965098,50.26985203],[-118.779661,50.26985399],[-118.77976,50.26987999],[-118.77991599,50.26992199],[-118.780058,50.26995499],[-118.78016999,50.26998899],[-118.780313,50.270024],[-118.780681,50.27013499],[-118.780865,50.27018599],[-118.781121,50.27024599],[-118.781349,50.27032299],[-118.781562,50.27039099],[-118.782004,50.27059999],[-118.78237199,50.27071099],[-118.782528,50.27075399],[-118.783054,50.27090799],[-118.78325099,50.270914],[-118.78342001,50.27093899],[-118.783588,50.27094499],[-118.783857,50.270995],[-118.78419801,50.27110599],[-118.784341,50.27114899],[-118.78456601,50.27120799],[-118.784737,50.27125099],[-118.78492824,50.27132492],[-118.784927,50.27082635],[-118.7849268,50.27052842],[-118.79076823,50.27047056],[-118.79076728,50.27014817],[-118.79076028,50.26777774],[-118.7907469,50.26325051],[-118.79072545,50.25963552],[-118.79080598,50.24496379],[-118.78521686,50.24500836],[-118.76827574,50.24514177],[-118.76261223,50.24509019],[-118.76261202,50.24509019],[-118.75130486,50.24502778],[-118.74565386,50.24499848],[-118.74065112,50.24626124],[-118.74064684,50.24432162],[-118.74063522,50.23905059],[-118.73868569,50.23904662],[-118.73443051,50.23903783],[-118.7227101,50.23907912],[-118.71797786,50.2390953],[-118.70673527,50.23912439],[-118.69548118,50.23915506],[-118.69538344,50.23777612],[-118.69491995,50.23123595],[-118.69487892,50.23065693],[-118.69488578,50.23010788],[-118.69492303,50.22712532],[-118.69497103,50.22331476],[-118.68371299,50.22330365],[-118.6724216,50.22333836],[-118.67238988,50.20884662],[-118.67238922,50.20629226],[-118.67238886,50.20523202],[-118.67238871,50.20399359],[-118.67238708,50.19437515],[-118.67238862,50.19144662],[-118.67239276,50.18352155],[-118.6723896,50.18008001],[-118.67234976,50.13666313],[-118.67231223,50.09569143],[-118.67230432,50.0870413],[-118.67227633,50.0564157],[-118.67219605,49.96864304],[-118.67218803,49.95932129],[-118.67217136,49.9415864],[-118.67213747,49.90437859],[-118.67206051,49.81271016],[-118.67206039,49.81256885],[-118.67205997,49.81206724],[-118.67174911,49.81206725],[-118.67130439,49.81206724],[-118.67085966,49.81206724],[-118.67041494,49.81206724],[-118.66997022,49.81206724],[-118.66952527,49.8120676],[-118.66908054,49.8120676],[-118.66863582,49.8120676],[-118.6681911,49.8120676],[-118.66774637,49.8120676],[-118.66730165,49.8120676],[-118.66685693,49.8120676],[-118.66641221,49.8120676],[-118.66596803,49.8120676],[-118.66552331,49.8120676],[-118.66507859,49.8120676],[-118.66463387,49.8120676],[-118.66418914,49.8120676],[-118.66374442,49.8120676],[-118.6632997,49.8120676],[-118.66285498,49.8120676],[-118.66241002,49.81206796],[-118.6619653,49.81206796],[-118.66152058,49.81206796],[-118.66107585,49.81206796],[-118.66063113,49.81206796],[-118.66018641,49.81206796],[-118.65974224,49.81206796],[-118.65929751,49.81206796],[-118.65885279,49.81206796],[-118.65840807,49.81206796],[-118.65796335,49.81206796],[-118.65751862,49.81206796],[-118.6570739,49.81206796],[-118.65662918,49.81206796],[-118.65628377,49.81206796],[-118.5111065,49.81211816],[-118.31360176,49.81211674],[-118.31348667,49.81197396],[-118.31334305,49.81180483],[-118.31277885,49.81183225],[-118.31218666,49.81170692],[-118.31154686,49.81150433],[-118.31088756,49.81112086],[-118.3101019,49.81067508],[-118.30934782,49.81019797],[-118.30871902,49.80979919],[-118.30797168,49.80956206],[-118.30722239,49.80922345],[-118.30623034,49.80890087],[-118.30523912,49.80851135],[-118.30437119,49.80834721],[-118.30337933,49.80827457],[-118.3022788,49.8081699],[-118.30225621,49.80733353],[-118.30223247,49.8064434],[-118.30221564,49.8058139],[-118.30181879,49.80518262],[-118.30142706,49.80457555],[-118.30104068,49.80399233],[-118.30054041,49.80352911],[-118.29992055,49.80315917],[-118.29940421,49.8023164],[-118.29876387,49.8014811],[-118.29812676,49.80074193],[-118.29761254,49.79999209],[-118.29759201,49.79921874],[-118.29774469,49.79835033],[-118.29792642,49.79787357],[-118.29806254,49.79754636],[-118.29815385,49.79736834],[-118.29755069,49.79715328],[-118.29695894,49.79685099],[-118.2970207,49.79604987],[-118.29706004,49.79543782],[-118.29662912,49.79502907],[-118.29612497,49.79476488],[-118.29562463,49.79459754],[-118.29511597,49.79449927],[-118.29449267,49.79428813],[-118.29367777,49.79401254],[-118.29267064,49.79352119],[-118.29179777,49.79297821],[-118.29152516,49.79258726],[-118.29130286,49.79218101],[-118.2912293,49.79175232],[-118.29090886,49.79141585],[-118.29044295,49.79114312],[-118.28977066,49.79093198],[-118.28872709,49.79060156],[-118.28768654,49.79013371],[-118.2866486,49.78952735],[-118.285514,49.78864042],[-118.28555364,49.78803763],[-118.28557896,49.78742557],[-118.28562928,49.78669638],[-118.28567672,49.7858682],[-118.28572708,49.78514826],[-118.28576602,49.78452731],[-118.28633704,49.78388713],[-118.28703895,49.78327187],[-118.28721829,49.78241841],[-118.28762475,49.78167604],[-118.28825785,49.78104547],[-118.28831041,49.78040636],[-118.28834775,49.77972238],[-118.28838411,49.77901134],[-118.28842482,49.77844415],[-118.28880511,49.77793927],[-118.28918122,49.7774643],[-118.28955402,49.77701959],[-118.28971249,49.77637798],[-118.28987901,49.77566445],[-118.29016703,49.77495484],[-118.29044593,49.77434991],[-118.29094144,49.7738938],[-118.29156032,49.77342025],[-118.29219579,49.77295418],[-118.29282636,49.77257036],[-118.29333007,49.77220006],[-118.29394409,49.77190952],[-118.29455859,49.77162077],[-118.29532227,49.77138613],[-118.29608684,49.77111482],[-118.29673031,49.77060709],[-118.29725597,49.77000749],[-118.29765313,49.76927438],[-118.29773804,49.76868868],[-118.29757621,49.76836396],[-118.29716866,49.76829951],[-118.2966732,49.76793634],[-118.29558623,49.76780424],[-118.29453314,49.76736345],[-118.29346727,49.76697072],[-118.29240761,49.76663746],[-118.29138092,49.76633125],[-118.29092744,49.76575053],[-118.29035016,49.76516447],[-118.28980124,49.76472083],[-118.28901792,49.76425476],[-118.28818103,49.76382749],[-118.28707744,49.76340771],[-118.28612332,49.76292063],[-118.28529058,49.76234525],[-118.28472775,49.76167195],[-118.28429229,49.76100115],[-118.28410555,49.76030079],[-118.28403658,49.75955878],[-118.28407532,49.75892892],[-118.28411431,49.75829871],[-118.28518871,49.75832862],[-118.28616767,49.75829907],[-118.28691896,49.75806977],[-118.28731976,49.75759444],[-118.28759873,49.75705787],[-118.28787327,49.75657506],[-118.28826424,49.75613569],[-118.28854063,49.75557705],[-118.28870495,49.75495574],[-118.28875354,49.75418168],[-118.28999869,49.75349307],[-118.29051649,49.75294867],[-118.29115208,49.75247583],[-118.29223713,49.75205284],[-118.29321556,49.75154547],[-118.29411473,49.75096154],[-118.29475948,49.75048479],[-118.29539186,49.75007889],[-118.29589914,49.7496705],[-118.29641113,49.74925997],[-118.29681381,49.74873977],[-118.29624509,49.74802055],[-118.29592105,49.74731058],[-118.29584057,49.74660987],[-118.29563255,49.74615127],[-118.29566193,49.74568022],[-118.29592818,49.7451967],[-118.29596698,49.74457539],[-118.29604311,49.74327045],[-118.29609466,49.74259538],[-118.29502924,49.74220835],[-118.2939597,49.74199543],[-118.29288545,49.74195662],[-118.29174347,49.742229],[-118.29060949,49.74237676],[-118.28948235,49.74239919],[-118.28837319,49.74242946],[-118.28726093,49.7423789],[-118.28619974,49.74230092],[-118.2852335,49.74238958],[-118.28448702,49.74261674],[-118.28395975,49.74298241],[-118.28333741,49.74282432],[-118.28295638,49.74258577],[-118.28281688,49.74226639],[-118.28268397,49.7416141],[-118.28252782,49.7412463],[-118.28236557,49.74094899],[-118.28231926,49.7407788],[-118.28227298,49.74059935],[-118.28223933,49.74037468],[-118.28224837,49.74019487],[-118.28227143,49.74001471],[-118.28228071,49.73983455],[-118.28226167,49.73964299],[-118.28220646,49.7394696],[-118.2821143,49.73931471],[-118.28204138,49.73918084],[-118.28197691,49.73901064],[-118.28192085,49.73881339],[-118.28194318,49.73861507],[-118.28195205,49.7384171],[-118.28196132,49.7382462],[-118.28197081,49.7380842],[-118.28198145,49.73795815],[-118.28200513,49.73781395],[-118.28202937,49.73766975],[-118.28209304,49.73746217],[-118.28210348,49.73732723],[-118.28213643,49.73717982],[-118.28219256,49.73701141],[-118.28223025,49.73686685],[-118.28236128,49.73657774],[-118.28247758,49.73636553],[-118.28281822,49.73600307],[-118.28338288,49.73549],[-118.28416666,49.73487652],[-118.28454457,49.73440368],[-118.28451574,49.73407113],[-118.28456462,49.73330597],[-118.28460259,49.732622],[-118.28438601,49.73195404],[-118.28429894,49.73129107],[-118.2842715,49.73066478],[-118.2839897,49.73009616],[-118.28372591,49.72977622],[-118.28357254,49.72959021],[-118.28316268,49.72907821],[-118.28294945,49.72853274],[-118.28263009,49.72782277],[-118.28326959,49.72716407],[-118.28354663,49.72655237],[-118.28334197,49.72598305],[-118.28277638,49.72546428],[-118.28220935,49.72496616],[-118.28188859,49.72436408],[-118.28162188,49.72372923],[-118.28109824,49.7231535],[-118.28019202,49.72269561],[-118.28066624,49.72156301],[-118.28094833,49.72032146],[-118.28097535,49.71977278],[-118.28102638,49.71907955],[-118.28155184,49.71837421],[-118.28219651,49.71769023],[-118.28187361,49.71700127],[-118.28155089,49.71634222],[-118.2812289,49.71571307],[-118.28014581,49.7154852],[-118.27907846,49.71516724],[-118.27802471,49.7148881],[-118.27708656,49.71461572],[-118.27612955,49.71449929],[-118.27501099,49.71435473],[-118.27362963,49.71421373],[-118.2737048,49.71285468],[-118.2737557,49.71214365],[-118.27369616,49.71111003],[-118.27349969,49.7103114],[-118.27317819,49.70951456],[-118.27264975,49.70875866],[-118.27229072,49.70809426],[-118.27280063,49.70744981],[-118.27303281,49.70730027],[-118.27326985,49.70718099],[-118.27347671,49.70708165],[-118.27364805,49.7069727],[-118.27378767,49.70682743],[-118.27390397,49.70667326],[-118.27402376,49.70649203],[-118.27411723,49.70634996],[-118.27418324,49.70622036],[-118.27424734,49.70602168],[-118.27427211,49.70590454],[-118.27430825,49.70569732],[-118.27431774,49.70552641],[-118.27434032,49.70532809],[-118.27433474,49.70511232],[-118.27431322,49.70495175],[-118.274246,49.70473847],[-118.27400849,49.70430622],[-118.27414822,49.70381024],[-118.27422768,49.70332637],[-118.27413571,49.70281187],[-118.27410235,49.70207449],[-118.2740594,49.70149056],[-118.27412957,49.70099494],[-118.27430672,49.70086711],[-118.27446446,49.70070938],[-118.27454864,49.70056055],[-118.2746138,49.70041386],[-118.27462483,49.70029672],[-118.27462091,49.70016213],[-118.27463063,49.70000013],[-118.27462937,49.69994601],[-118.27460308,49.69982032],[-118.2745676,49.69971279],[-118.27450935,49.69959636],[-118.27445067,49.69947139],[-118.27437703,49.69930725],[-118.27434593,49.69917551],[-118.27435364,49.69895048],[-118.27434902,49.69876178],[-118.27435765,49.69856381],[-118.27432531,49.69840216],[-118.27533581,49.69827612],[-118.27607104,49.69810913],[-118.27642668,49.69790832],[-118.27653943,49.69769433],[-118.27654975,49.69755903],[-118.27696089,49.69766869],[-118.27742769,49.69784352],[-118.27782231,49.69807281],[-118.27795553,49.6982811],[-118.27801489,49.6984335],[-118.27808876,49.69859479],[-118.27814835,49.69874682],[-118.27819415,49.69890811],[-118.27821104,49.69904306],[-118.27883602,49.6990662],[-118.27970946,49.69906228],[-118.27974571,49.69832454],[-118.27979228,49.6974515],[-118.27982695,49.69666854],[-118.27999545,49.69598421],[-118.28044989,49.69534047],[-118.28119059,49.69473767],[-118.28114375,49.69453116],[-118.28109686,49.69433391],[-118.28105916,49.69413025],[-118.2810309,49.69392979],[-118.28108626,49.69370014],[-118.28122586,49.693442],[-118.28195339,49.6926334],[-118.2820749,49.69251484],[-118.28214291,49.69240731],[-118.28218653,49.69229586],[-118.28220497,49.69218086],[-118.28220111,49.69203701],[-118.28212692,49.69184866],[-118.28206775,49.69171443],[-118.2819408,49.691577],[-118.28174589,49.6914182],[-118.2814377,49.69111876],[-118.28122181,49.69088732],[-118.28109014,49.69073279],[-118.28104192,49.69065553],[-118.28099931,49.69061993],[-118.28089974,49.69052201],[-118.28068567,49.69030874],[-118.28047257,49.69010401],[-118.28038023,49.68998508],[-118.28025079,49.6898715],[-118.28008459,49.68976362],[-118.27990235,49.68969348],[-118.27975381,49.68965324],[-118.27970972,49.68956388],[-118.27970827,49.68950085],[-118.27972999,49.68928473],[-118.27974417,49.68912273],[-118.27978327,49.68901733],[-118.2798405,49.68892369],[-118.27992626,49.68882685],[-118.28001489,49.688683],[-118.28009764,49.68850711],[-118.28019057,49.68833834],[-118.28022914,49.68821871],[-118.28025356,49.6881005],[-118.28025044,49.68797481],[-118.28024446,49.68774979],[-118.28022764,49.68763906],[-118.28019634,49.68750767],[-118.28019142,49.68732787],[-118.27991216,49.68706403],[-118.27972707,49.68689206],[-118.27966576,49.68678204],[-118.27963287,49.6866414],[-118.27964246,49.68647049],[-118.27965083,49.68627217],[-118.27965933,49.68606531],[-118.27966803,49.68586734],[-118.27972717,49.68566297],[-118.27983234,49.68548565],[-118.27994508,49.68533362],[-118.28005207,49.68517945],[-118.28018643,49.68500712],[-118.2803476,49.68481663],[-118.28037434,49.68472334],[-118.28026166,49.68454674],[-118.27996116,49.68417395],[-118.27948474,49.68362955],[-118.27911078,49.68306414],[-118.2789107,49.68265254],[-118.27888373,49.68239512],[-118.27889374,49.68224201],[-118.27894346,49.68203444],[-118.27899586,49.68190804],[-118.27904752,49.68177274],[-118.27908419,49.68158332],[-118.27912105,49.6814028],[-118.27917218,49.68123154],[-118.2792228,49.68105102],[-118.27927323,49.6808616],[-118.27931114,49.6807263],[-118.27936304,49.68059064],[-118.27941308,49.68038342],[-118.27948616,49.68017549],[-118.27958235,49.67996755],[-118.27964852,49.67984115],[-118.27971437,49.6797144],[-118.27974353,49.67959405],[-118.27976338,49.67946196],[-118.27977354,49.67932701],[-118.27981165,49.67920062],[-118.27991705,49.67897452],[-118.27996895,49.67883887],[-118.28002081,49.67871247],[-118.28010594,49.67854975],[-118.28035465,49.67834502],[-118.28076724,49.67809863],[-118.28159072,49.67779563],[-118.28159947,49.67759767],[-118.2816084,49.6774086],[-118.28163091,49.67721064],[-118.28162624,49.67703973],[-118.28163607,49.67687773],[-118.28166043,49.67675133],[-118.28169885,49.67662529],[-118.28172482,49.67657081],[-118.2817511,49.67651669],[-118.28192905,49.67637178],[-118.28237847,49.67624075],[-118.28309913,49.67612397],[-118.28309663,49.67602499],[-118.28310627,49.67585408],[-118.28230062,49.67579996],[-118.28172591,49.67572519],[-118.28127542,49.67563724],[-118.28099639,49.67551369],[-118.28080651,49.6753759],[-118.28076509,49.6752082],[-118.28074176,49.67502555],[-118.28075072,49.67483648],[-118.28076037,49.67466558],[-118.28075573,49.67449467],[-118.28076483,49.67432377],[-118.28077361,49.6741258],[-118.28079618,49.67391858],[-118.2808044,49.67372061],[-118.28081299,49.67351375],[-118.28082284,49.67335174],[-118.28070243,49.67318119],[-118.28034647,49.6729932],[-118.27967552,49.67283155],[-118.27878247,49.67265459],[-118.27778716,49.67247087],[-118.27670074,49.67208384],[-118.27672456,49.67193074],[-118.27673408,49.67177764],[-118.2767579,49.67162453],[-118.27682233,49.67144402],[-118.27690164,49.6712902],[-118.27705019,49.67113567],[-118.27716569,49.67090353],[-118.27707069,49.6706226],[-118.27676444,49.67029325],[-118.27600163,49.66973496],[-118.27602584,49.66959966],[-118.27603587,49.66945582],[-118.27604576,49.66929382],[-118.27605492,49.66912291],[-118.27606481,49.66896091],[-118.2760756,49.66885267],[-118.2754073,49.66872805],[-118.27451685,49.66860913],[-118.27422987,49.66852617],[-118.27401952,49.66842042],[-118.27388501,49.66829224],[-118.27377039,49.66814056],[-118.27367872,49.66799244],[-118.27361029,49.6678575],[-118.27357945,49.66772897],[-118.27354251,49.66761218],[-118.27349017,49.6674929],[-118.27337621,49.66737612],[-118.27326278,49.66727357],[-118.27299938,49.66709056],[-118.272839,49.66690648],[-118.27272186,49.66672775],[-118.2726903,49.66659529],[-118.27267363,49.66647032],[-118.27267026,49.66635353],[-118.2727645,49.66611783],[-118.27294344,49.66585293],[-118.27322952,49.665478],[-118.27353664,49.6650219],[-118.27373786,49.66484174],[-118.273731,49.6645658],[-118.27351471,49.66419443],[-118.27295447,49.66396692],[-118.27300433,49.66375934],[-118.2730685,49.66355176],[-118.27310737,49.66344352],[-118.27322665,49.66324413],[-118.27323797,49.66314515],[-118.27324685,49.66294718],[-118.2724414,49.66287811],[-118.27170195,49.66280405],[-118.2710477,49.66263243],[-118.270252,49.66253523],[-118.26933991,49.66245939],[-118.26833411,49.6624982],[-118.26744225,49.66253523],[-118.26666494,49.66267053],[-118.26579316,49.66272216],[-118.2648288,49.66287668],[-118.2637703,49.66303299],[-118.26263973,49.66324021],[-118.26154605,49.66346488],[-118.26045365,49.66361585],[-118.25932498,49.66367495],[-118.25832651,49.66365003],[-118.25717505,49.66360267],[-118.2561199,49.66351188],[-118.25533199,49.66335949],[-118.25479277,49.66321182],[-118.25458182,49.66315405],[-118.25380703,49.66290837],[-118.2530846,49.66266839],[-118.25241239,49.66251493],[-118.25177189,49.66226],[-118.25101212,49.66212506],[-118.25013664,49.66202963],[-118.24908255,49.66193315],[-118.24819704,49.66184876],[-118.24760406,49.66166112],[-118.24697603,49.66162089],[-118.2463987,49.66149627],[-118.24574138,49.66149627],[-118.24529622,49.66136809],[-118.24504697,49.6612481],[-118.24499836,49.66104159],[-118.24500701,49.66082582],[-118.24501553,49.6606186],[-118.24502363,49.66040283],[-118.24503179,49.66017781],[-118.24501464,49.66004286],[-118.24501101,49.65990828],[-118.24500712,49.65976407],[-118.24501663,49.65957537],[-118.24503976,49.6593952],[-118.24504841,49.65920614],[-118.24505828,49.65903523],[-118.24506729,49.65886397],[-118.24509213,49.65873793],[-118.24510302,49.65862969],[-118.24525338,49.65848513],[-118.24554452,49.65836728],[-118.24597166,49.65827257],[-118.24625618,49.65814475],[-118.24640304,49.65798631],[-118.24641363,49.657851],[-118.24642381,49.65770716],[-118.24640576,49.65755441],[-118.24637378,49.65739277],[-118.24635628,49.65724002],[-118.24636647,49.65709617],[-118.24638714,49.65700396],[-118.24642971,49.65686438],[-118.24653538,49.6566625],[-118.24664119,49.65645457],[-118.24674645,49.65624663],[-118.24683796,49.6560387],[-118.24694377,49.65583076],[-118.24706302,49.65562247],[-118.24718244,49.65542308],[-118.2472607,49.65522441],[-118.24736579,49.65500757],[-118.24747111,49.65479038],[-118.24757675,49.65457354],[-118.24764035,49.65435706],[-118.24766404,49.65420361],[-118.24770651,49.65405335],[-118.2477827,49.65390951],[-118.247875,49.65376958],[-118.24803659,49.65358799],[-118.24798302,49.65342492],[-118.24784946,49.65315218],[-118.24743138,49.65262131],[-118.24693908,49.65209293],[-118.24637312,49.65156704],[-118.24606763,49.65093896],[-118.24593659,49.65021653],[-118.24601319,49.64963428],[-118.24603748,49.64945102],[-118.24613844,49.64890127],[-118.24614937,49.64860717],[-118.24617512,49.64852315],[-118.24621404,49.64842666],[-118.24632007,49.64822762],[-118.24642628,49.64803749],[-118.24649226,49.64791999],[-118.24654449,49.6478025],[-118.24657109,49.64774802],[-118.24663695,49.64761236],[-118.24667419,49.64745926],[-118.24672529,49.64728764],[-118.24677671,49.64711638],[-118.24680019,49.64696328],[-118.24681066,49.64681908],[-118.24681988,49.64663927],[-118.24682945,49.64647727],[-118.24686938,49.64629675],[-118.24689366,49.64610662],[-118.24690252,49.64590652],[-118.24680981,49.64570286],[-118.24672988,49.64552483],[-118.24666273,49.64537244],[-118.24664542,49.64523785],[-118.24664142,49.64508475],[-118.24663245,49.64491918],[-118.24660541,49.64474935],[-118.24651713,49.64455565],[-118.24642996,49.64440362],[-118.24634333,49.64425159],[-118.24622909,49.64411807],[-118.24613901,49.64396211],[-118.24605927,49.64379299],[-118.24600793,49.64360749],[-118.24596262,49.6434462],[-118.24591693,49.6432938],[-118.24589885,49.6431229],[-118.24590708,49.64290713],[-118.24590163,49.64268211],[-118.24589742,49.64252936],[-118.24590774,49.64237626],[-118.24589079,49.64225947],[-118.24585969,49.64213414],[-118.24582669,49.64191837],[-118.24579329,49.64169406],[-118.24575974,49.64147829],[-118.24574217,49.64131665],[-118.24572404,49.641155],[-118.24566309,49.64093994],[-118.24558791,49.64071563],[-118.24552697,49.64050057],[-118.24546721,49.64033038],[-118.2453937,49.64016019],[-118.24533394,49.63999],[-118.2453019,49.63981945],[-118.24525495,49.63960403],[-118.24523802,49.63948725],[-118.24519241,49.6393256],[-118.24511774,49.63911055],[-118.24505965,49.63899447],[-118.24500125,49.63887804],[-118.24482894,49.63865515],[-118.24469972,49.63845861],[-118.24462668,49.63832438],[-118.24452092,49.6381606],[-118.24438261,49.63797616],[-118.24428186,49.63784229],[-118.24422278,49.63769025],[-118.24414964,49.63753786],[-118.24406301,49.63739509],[-118.24396298,49.63727011],[-118.24379012,49.63713303],[-118.24355825,49.63697459],[-118.24310405,49.63673069],[-118.2429824,49.63648608],[-118.24288575,49.63631019],[-118.24281356,49.63620302],[-118.24274158,49.63607805],[-118.24261218,49.63589931],[-118.24253972,49.63576508],[-118.24248,49.63559489],[-118.2424063,49.63542505],[-118.2423491,49.63535348],[-118.24220738,49.63522922],[-118.24192564,49.63505226],[-118.24181271,49.63495435],[-118.24167083,49.63482118],[-118.24151472,49.63467876],[-118.24145535,49.63457551],[-118.24141984,49.63446193],[-118.24140929,49.63433802],[-118.24149269,49.63417424],[-118.24166412,49.63400867],[-118.24223259,49.63361061],[-118.24264533,49.63315949],[-118.24279257,49.63271834],[-118.24288784,49.63240252],[-118.24298918,49.6322074],[-118.2431244,49.63208919],[-118.24331513,49.63196101],[-118.24350551,49.63181503],[-118.24370909,49.63166905],[-118.24391229,49.63147785],[-118.24404724,49.63133258],[-118.24420825,49.63113284],[-118.24432757,49.6309338],[-118.24438069,49.63084337],[-118.24439234,49.63075329],[-118.24441499,49.63055496],[-118.24442366,49.630357],[-118.24439253,49.63021849],[-118.24434766,49.63008498],[-118.24426639,49.62997495],[-118.2441761,49.62982114],[-118.24420644,49.62960787],[-118.24443897,49.62933228],[-118.24487439,49.62902999],[-118.24552615,49.6285041],[-118.24602538,49.62801026],[-118.24607356,49.62716392],[-118.24621416,49.62653478],[-118.24645827,49.62597862],[-118.24690459,49.62555492],[-118.24733627,49.62516255],[-118.24774381,49.62486418],[-118.24792749,49.62463844],[-118.24799932,49.62449887],[-118.24799445,49.62430981],[-118.24800496,49.62417486],[-118.24800118,49.62403992],[-118.24801194,49.62391708],[-118.24803741,49.62381774],[-118.24807681,49.62374226],[-118.24818306,49.62356138],[-118.24828899,49.62338015],[-118.24837639,49.62319038],[-118.24841345,49.62300025],[-118.24841763,49.6228183],[-118.24834904,49.62265416],[-118.24823862,49.62249928],[-118.24811096,49.62237466],[-118.24798296,49.62223224],[-118.24790556,49.62210727],[-118.24786609,49.62199974],[-118.24784923,49.62188295],[-118.24790677,49.62166932],[-118.24803919,49.6213681],[-118.24841062,49.62080233],[-118.24870409,49.62030137],[-118.24906206,49.61991078],[-118.24907022,49.61962879],[-118.24910966,49.6194326],[-118.24890788,49.61929374],[-118.24889841,49.61916912],[-118.24892071,49.61902884],[-118.2490868,49.61884725],[-118.24919438,49.61872014],[-118.24930195,49.61859303],[-118.24947762,49.61841109],[-118.24965234,49.6182206],[-118.24981193,49.61813372],[-118.24998527,49.61805183],[-118.25021437,49.61798952],[-118.25042024,49.61793326],[-118.25056214,49.61788983],[-118.25069028,49.61783143],[-118.25080357,49.61775809],[-118.25082857,49.617647],[-118.25085163,49.61747894],[-118.25086216,49.617344],[-118.25085896,49.61720905],[-118.25086918,49.61707375],[-118.25087971,49.61693881],[-118.2508897,49.61680387],[-118.25091225,49.61659664],[-118.25092214,49.61644354],[-118.25093187,49.61628154],[-118.25094207,49.61612879],[-118.25097994,49.61600239],[-118.251032,49.61585784],[-118.2510975,49.61572538],[-118.25117275,49.61554237],[-118.25123064,49.61533408],[-118.25125163,49.61489293],[-118.25125352,49.61424527],[-118.25127801,49.61358836],[-118.25132639,49.61276054],[-118.25137464,49.61194126],[-118.25141373,49.6113114],[-118.25142359,49.61061852],[-118.25142278,49.61059147],[-118.25142155,49.61052844],[-118.25143131,49.61036644],[-118.25144099,49.61021369],[-118.25144978,49.61001573],[-118.25146084,49.60990749],[-118.25143769,49.60971878],[-118.25137895,49.6095906],[-118.25127579,49.60946563],[-118.25112828,49.60934457],[-118.25088745,49.6091402],[-118.25077378,49.60902448],[-118.25058805,49.60880159],[-118.25043414,49.60861039],[-118.25033242,49.6084167],[-118.25028259,49.60822016],[-118.25029204,49.60804035],[-118.25031491,49.60786019],[-118.25032405,49.60768003],[-118.25034885,49.60757179],[-118.24942744,49.60712601],[-118.24861735,49.60679203],[-118.24791989,49.6065695],[-118.24697665,49.60614188],[-118.24700991,49.60526919],[-118.24743193,49.60482092],[-118.24774629,49.60441752],[-118.24805495,49.60390551],[-118.24820916,49.60327139],[-118.24835188,49.60253827],[-118.24893223,49.60213309],[-118.24939466,49.60164529],[-118.25058821,49.60176457],[-118.25162801,49.60172825],[-118.25251397,49.60137185],[-118.25326176,49.60078222],[-118.2540324,49.600084],[-118.25440919,49.59978314],[-118.25463798,49.59952002],[-118.25473087,49.59931707],[-118.25476548,49.59915578],[-118.25483486,49.59899591],[-118.25490087,49.59886025],[-118.25495228,49.59870679],[-118.25498839,49.59856651],[-118.25500409,49.59840059],[-118.25493749,49.59813141],[-118.25491897,49.59795161],[-118.25491402,49.5977629],[-118.25490978,49.59758309],[-118.25490436,49.59738513],[-118.25489949,49.59718716],[-118.25489438,49.59698955],[-118.25488968,49.59680049],[-118.25488457,49.59660288],[-118.25488091,49.59646794],[-118.25487709,49.59632409],[-118.25480495,49.59585303],[-118.25460732,49.59532252],[-118.25428187,49.59452247],[-118.25401468,49.59373986],[-118.25387746,49.59295263],[-118.25385838,49.59221525],[-118.25383133,49.59115421],[-118.25381024,49.590336],[-118.25391621,49.58954913],[-118.25427313,49.58872665],[-118.25488151,49.58786856],[-118.25485838,49.58695137],[-118.25433897,49.5864294],[-118.25368706,49.58589354],[-118.25250559,49.58530392],[-118.25248955,49.58467442],[-118.25150588,49.5839203],[-118.25066599,49.58316475],[-118.24984907,49.58308963],[-118.24893376,49.58304868],[-118.24880142,49.58232447],[-118.24855814,49.58171242],[-118.24829634,49.5811965],[-118.2481517,49.58084721],[-118.24812122,49.58048475],[-118.24811673,49.58031384],[-118.24812581,49.58013404],[-118.2481629,49.57994177],[-118.24824063,49.57973704],[-118.24830634,49.57961028],[-118.24835847,49.57947498],[-118.24839463,49.57927666],[-118.24842709,49.5791022],[-118.24846935,49.57895194],[-118.24850791,49.57882554],[-118.24857409,49.57870805],[-118.24871484,49.57843958],[-118.24882149,49.57812056],[-118.24879903,49.57723043],[-118.24777948,49.57708658],[-118.24699221,49.57678002],[-118.24666277,49.57626695],[-118.24678012,49.57564208],[-118.24648155,49.57494956],[-118.24617869,49.57427519],[-118.24598491,49.57355882],[-118.24590531,49.57278191],[-118.24611117,49.57199432],[-118.24630135,49.57156243],[-118.24642565,49.57123842],[-118.2464829,49.57102159],[-118.24647802,49.57082398],[-118.24647283,49.57062601],[-118.24646795,49.5704284],[-118.24646291,49.57023934],[-118.24645803,49.57004173],[-118.24645299,49.56985267],[-118.24644781,49.5696547],[-118.24645842,49.56951086],[-118.24645492,49.56937591],[-118.24644943,49.56916015],[-118.2464441,49.56895328],[-118.24643877,49.56874641],[-118.24643329,49.56853065],[-118.24642767,49.56830598],[-118.24642173,49.56808095],[-118.24641611,49.56785628],[-118.24641017,49.56763126],[-118.24640455,49.56740659],[-118.24639893,49.56718192],[-118.24637682,49.56698716],[-118.24617012,49.56676854],[-118.2457822,49.56643385],[-118.24524996,49.56586096],[-118.24490993,49.5650748],[-118.2447596,49.56416794],[-118.24479344,49.56333121],[-118.24482454,49.56236845],[-118.24497827,49.56152318],[-118.24526653,49.56072349],[-118.24567378,49.5600534],[-118.24606415,49.55946769],[-118.24648528,49.5588065],[-118.24701736,49.55821901],[-118.24752376,49.55758987],[-118.24814154,49.5570006],[-118.24863214,49.55634475],[-118.24914019,49.55572558],[-118.2494022,49.55509501],[-118.24953127,49.55443809],[-118.2495417,49.55431205],[-118.24963262,49.55408596],[-118.2496826,49.55386948],[-118.25000419,49.55370534],[-118.25030076,49.55341729],[-118.25057287,49.55300534],[-118.25084902,49.55275147],[-118.2511824,49.55250402],[-118.25134629,49.55242141],[-118.25167436,49.55227401],[-118.25187993,49.55220885],[-118.25201511,49.5522003],[-118.2522113,49.55224802],[-118.25252014,49.55230463],[-118.25293549,49.55232635],[-118.25337215,49.55217574],[-118.25377987,49.55190051],[-118.25404455,49.55197243],[-118.254314,49.55205041],[-118.25458427,49.5521056],[-118.25485081,49.55213159],[-118.25518246,49.55212803],[-118.25563366,49.55187915],[-118.2560904,49.55170646],[-118.25644149,49.55157152],[-118.2566267,49.5514177],[-118.25667665,49.55121618],[-118.25670223,49.55100504],[-118.25692581,49.55057101],[-118.25726554,49.5499764],[-118.25782501,49.54932589],[-118.25817392,49.54873734],[-118.25852408,49.54820575],[-118.25874278,49.54749472],[-118.25896333,49.54687376],[-118.25906901,49.54633185],[-118.25929353,49.54568668],[-118.25938642,49.5450522],[-118.25946432,49.54443872],[-118.25948439,49.54420942],[-118.25952311,49.54404813],[-118.25965589,49.54383094],[-118.25978822,49.54360449],[-118.25989342,49.5433784],[-118.25995645,49.54315302],[-118.25996705,49.54303587],[-118.25997804,49.54290983],[-118.25997463,49.54277489],[-118.25997113,49.5426492],[-118.25995391,49.54252351],[-118.25995064,49.54239747],[-118.25994517,49.5421728],[-118.2599266,49.5420019],[-118.25993686,49.5418488],[-118.25997312,49.54165973],[-118.26000927,49.54143435],[-118.26009686,49.54120256],[-118.26017453,49.54094763],[-118.26024291,49.54067026],[-118.26024944,49.54039432],[-118.26032833,49.54011268],[-118.2604932,49.5398371],[-118.26108639,49.53902388],[-118.26155673,49.53818822],[-118.26081467,49.53801126],[-118.26031194,49.53781009],[-118.26004848,49.537584],[-118.26000316,49.53744941],[-118.25994444,49.53731518],[-118.25989943,49.53718095],[-118.2598529,49.53697444],[-118.25982244,49.53685801],[-118.25974485,49.53671167],[-118.25964862,49.53656284],[-118.26052107,49.53626269],[-118.26114659,49.53598497],[-118.26168614,49.5357012],[-118.26174756,49.53557943],[-118.26177543,49.53540638],[-118.26177136,49.53526254],[-118.26208572,49.53493604],[-118.26254463,49.53450557],[-118.26314768,49.53397007],[-118.26401721,49.53338508],[-118.26456615,49.53304896],[-118.26479829,49.53281682],[-118.26495092,49.53261031],[-118.26523643,49.53260995],[-118.26548958,49.53265018],[-118.26574622,49.53271249],[-118.26603519,49.53285028],[-118.26620513,49.5330162],[-118.26629606,49.53314901],[-118.26636411,49.53327826],[-118.26640888,49.53341285],[-118.26646843,49.53356488],[-118.26711609,49.53366885],[-118.26806363,49.53366956],[-118.26908216,49.53362933],[-118.27008029,49.53345166],[-118.27095883,49.53316788],[-118.27163703,49.5327367],[-118.27230214,49.53220263],[-118.27295317,49.5315539],[-118.27353947,49.53089271],[-118.27401095,49.53025003],[-118.27424374,49.52963478],[-118.27435027,49.5289451],[-118.27432846,49.52810873],[-118.27443041,49.52736387],[-118.27475424,49.52669485],[-118.2752792,49.52623412],[-118.27582781,49.52582217],[-118.27634999,49.52560177],[-118.27680213,49.52532975],[-118.27738054,49.52508158],[-118.27795516,49.52457563],[-118.27859099,49.52392085],[-118.2790394,49.52339923],[-118.27930011,49.52302858],[-118.27937259,49.5228089],[-118.27935496,49.52267395],[-118.27933691,49.5225123],[-118.27930399,49.52229689],[-118.27924398,49.52211744],[-118.27917061,49.52195651],[-118.27909753,49.52181337],[-118.27901133,49.5216884],[-118.27893967,49.52158123],[-118.27886728,49.521447],[-118.27879093,49.52128891],[-118.27872504,49.52111587],[-118.27861899,49.52075412],[-118.2785179,49.52029873],[-118.27830516,49.51980239],[-118.27814361,49.51942426],[-118.27785109,49.51915865],[-118.27766348,49.51897564],[-118.27750069,49.51884461],[-118.27742589,49.51862955],[-118.27738108,49.51850422],[-118.27735779,49.51831658],[-118.2773566,49.51808479],[-118.27739458,49.51761658],[-118.27745129,49.51695611],[-118.27727638,49.51678129],[-118.27716639,49.51662355],[-118.27712107,49.51648327],[-118.27707665,49.51636648],[-118.27700479,49.51625967],[-118.2769195,49.51617066],[-118.27668372,49.51596023],[-118.27650357,49.51574945],[-118.27637818,49.51553795],[-118.27633277,49.5153763],[-118.27625887,49.51519721],[-118.2766651,49.51470301],[-118.2768259,49.51434838],[-118.27674214,49.51413368],[-118.27660518,49.51399518],[-118.27645757,49.51381893],[-118.27637143,49.51369396],[-118.27628456,49.51354192],[-118.27624769,49.51334752],[-118.27626455,49.51312249],[-118.27633624,49.51286685],[-118.27616748,49.51222987],[-118.2760656,49.51143231],[-118.27588212,49.51063796],[-118.27573375,49.51005475],[-118.27577036,49.50976848],[-118.27587735,49.50957051],[-118.27621838,49.50938679],[-118.2765168,49.50919452],[-118.27667906,49.5090489],[-118.27692338,49.5088812],[-118.27725021,49.50870068],[-118.27722423,49.50841619],[-118.27725461,49.50822214],[-118.27730202,49.50804376],[-118.2773491,49.50790811],[-118.27736545,49.50781802],[-118.27731371,49.50759976],[-118.27722495,49.50720811],[-118.27720091,49.50628166],[-118.27729176,49.50576289],[-118.27766601,49.50527901],[-118.27827039,49.50492368],[-118.27896426,49.50467907],[-118.27943536,49.50456299],[-118.27966736,49.50446935],[-118.27983061,49.5043636],[-118.28004591,49.50414534],[-118.2802474,49.50393634],[-118.28036816,49.50378217],[-118.28049048,49.50353293],[-118.28059723,49.50321284],[-118.28064093,49.50260969],[-118.28063705,49.50192607],[-118.28181537,49.50156503],[-118.28299218,49.50114418],[-118.28298494,49.50033487],[-118.2835952,49.49996315],[-118.28408245,49.4995131],[-118.28484096,49.49894983],[-118.28560335,49.4985247],[-118.28636876,49.49823737],[-118.28644252,49.49752598],[-118.28659898,49.49700258],[-118.28688222,49.49673554],[-118.2871329,49.49658386],[-118.2874041,49.49645995],[-118.2877031,49.49639836],[-118.28801813,49.49634815],[-118.28822383,49.4963008],[-118.28819191,49.49607008],[-118.28806857,49.49582262],[-118.28798379,49.49550289],[-118.28772258,49.495092],[-118.2875909,49.49456255],[-118.28745854,49.49397044],[-118.28743858,49.49319709],[-118.28757123,49.49246398],[-118.287828,49.4917355],[-118.28821001,49.4910298],[-118.28830909,49.49053275],[-118.28829037,49.49005137],[-118.28823376,49.48976617],[-118.28823815,49.4894824],[-118.28834384,49.48929226],[-118.28844811,49.48904801],[-118.28843602,49.48883545],[-118.28839576,49.48864389],[-118.28828152,49.48850112],[-118.28819588,49.4883822],[-118.28813774,49.48828713],[-118.28810604,49.48811658],[-118.28807379,49.48794603],[-118.28802771,49.48776658],[-118.28796793,49.48758713],[-118.28794926,49.48740768],[-118.28791644,49.48721897],[-118.28789801,49.48703917],[-118.28785019,49.4868971],[-118.28778477,49.48674685],[-118.287639,49.48657558],[-118.28745281,49.48638759],[-118.28718515,49.48618357],[-118.28693177,49.48599771],[-118.28674018,49.48588983],[-118.28655317,49.48577091],[-118.28639732,49.48562564],[-118.28625604,49.48550138],[-118.28611477,49.48537711],[-118.28598643,49.48522259],[-118.28585764,49.48503815],[-118.28581383,49.48494878],[-118.28576944,49.48484125],[-118.28575353,49.48476933],[-118.28570792,49.48459914],[-118.28564204,49.48437767],[-118.28559979,49.48415941],[-118.28558141,49.48399777],[-118.28556314,49.48382686],[-118.28554531,49.48366521],[-118.28552805,49.48352172],[-118.28550923,49.48335082],[-118.28552343,49.48318882],[-118.28553893,49.48305957],[-118.28556766,49.48293353],[-118.28562376,49.48279182],[-118.28571162,49.48263195],[-118.2858722,49.48242936],[-118.28596578,49.4823204],[-118.28602278,49.48221786],[-118.28605362,49.4820936],[-118.28607995,49.48193231],[-118.28607596,49.48177956],[-118.28607153,49.48161756],[-118.28611237,49.48142529],[-118.2861138,49.48124121],[-118.28592384,49.48107636],[-118.28553096,49.48088195],[-118.2849565,49.48067544],[-118.28444704,49.48044116],[-118.28400745,49.48029411],[-118.28372553,49.48019442],[-118.28348802,49.48014101],[-118.2832702,49.48007443],[-118.28307954,49.48001069],[-118.28294915,49.47995194],[-118.28287621,49.47979991],[-118.28276536,49.47960337],[-118.28267379,49.47945133],[-118.28261585,49.47933206],[-118.28257088,49.47920067],[-118.2825257,49.47905718],[-118.28245209,49.47889625],[-118.28239309,49.47874386],[-118.28232003,49.47858292],[-118.28227255,49.47835861],[-118.28224119,49.47820586],[-118.28220985,49.47807128],[-118.28213953,49.47795912],[-118.28202629,49.47785551],[-118.28187035,49.47776009],[-118.28177267,49.47770739],[-118.28165302,49.47762336],[-118.28161778,49.47760129],[-118.28147579,49.47745673],[-118.28138984,49.47733674],[-118.28137269,49.47719895],[-118.28136805,49.47701914],[-118.28141731,49.47680266],[-118.28146839,49.4766314],[-118.2814777,49.4764694],[-118.28147399,49.47631629],[-118.28148331,49.47615429],[-118.28147949,49.47601044],[-118.28148992,49.4758666],[-118.28148717,49.47577652],[-118.2814564,49.47564193],[-118.28139314,49.47545963],[-118.2813404,49.47524742],[-118.28134818,49.47496543],[-118.28137755,49.47473435],[-118.28141681,49.47465282],[-118.28150461,49.47450221],[-118.28158926,49.47438115],[-118.28177271,49.4741871],[-118.28191071,49.47400872],[-118.28201676,49.47385455],[-118.2821101,49.47370963],[-118.28221672,49.47357362],[-118.28234946,49.47337423],[-118.28244062,49.4731574],[-118.28253124,49.47294056],[-118.28262241,49.47272373],[-118.28274158,49.47253324],[-118.28293268,49.47239046],[-118.28319599,49.47219249],[-118.28346504,49.47191976],[-118.283601,49.47160643],[-118.28359975,49.47156121],[-118.28359802,49.47149855],[-118.28359353,49.47132764],[-118.28357522,49.47114784],[-118.28357074,49.47097693],[-118.28356694,49.47083309],[-118.28356315,49.47068924],[-118.28355841,49.47050053],[-118.28356707,49.47031147],[-118.28356191,49.4701135],[-118.28357056,49.46992444],[-118.28356584,49.46973573],[-118.28356068,49.46953777],[-118.2835707,49.46938467],[-118.28359374,49.46922266],[-118.28359075,49.46909662],[-118.28358765,49.46897983],[-118.28350187,49.46880679],[-118.28338116,49.46865832],[-118.28322633,49.46853406],[-118.28306955,49.46840695],[-118.28290575,49.46824993],[-118.28274987,49.46809255],[-118.28260719,49.46792022],[-118.28259256,49.46787536],[-118.28254517,49.46765105],[-118.28251513,49.46756168],[-118.28247958,49.46741783],[-118.28243449,49.4672925],[-118.2823812,49.46718533],[-118.28232229,49.4670511],[-118.28130337,49.46708314],[-118.28029399,49.46707353],[-118.28023034,49.46726615],[-118.2802071,49.46743421],[-118.27976433,49.46758304],[-118.27911382,49.46786005],[-118.27859116,49.46756595],[-118.27804624,49.46713442],[-118.27796409,49.46663131],[-118.27791729,49.46642516],[-118.27787006,49.46620975],[-118.27785261,49.4660659],[-118.27688512,49.46583376],[-118.27616367,49.4656949],[-118.27568901,49.46564896],[-118.27569921,49.46552292],[-118.27569386,49.46530715],[-118.27570178,49.46508213],[-118.2756959,49.46486636],[-118.27567902,49.46474068],[-118.27566147,49.46460609],[-118.27486605,49.46425502],[-118.27436587,49.46384378],[-118.27360488,49.46358208],[-118.27267585,49.46342257],[-118.27183055,49.46328798],[-118.27133376,49.46311031],[-118.27109147,49.46293798],[-118.27102081,49.46285787],[-118.27079485,49.46267166],[-118.27069728,49.46257267],[-118.2705869,49.46244592],[-118.2704958,49.46231489],[-118.27048029,49.46224332],[-118.27046513,49.4621803],[-118.27046355,49.46212654],[-118.27043233,49.46199195],[-118.27042862,49.46184811],[-118.27042491,49.46170426],[-118.2703759,49.46159566],[-118.2702659,49.461418],[-118.27009351,49.46117089],[-118.26973922,49.46063326],[-118.26943011,49.46005396],[-118.26920988,49.45954053],[-118.26885691,49.45886973],[-118.26850639,49.45831001],[-118.26815908,49.45786103],[-118.2675329,49.45741134],[-118.2671889,49.45687405],[-118.26712857,49.45625025],[-118.26719562,49.45582655],[-118.26719218,49.45568484],[-118.26714769,49.45556948],[-118.26706284,49.45548937],[-118.2669076,49.45534695],[-118.26671002,49.45516928],[-118.26655521,49.45505427],[-118.26647114,49.45501012],[-118.26634551,49.45494852],[-118.26612211,49.45486093],[-118.2660103,49.45480824],[-118.26589837,49.45474664],[-118.26575839,49.45465799],[-118.26556293,49.4545704],[-118.2653814,49.45448245],[-118.26529745,49.4544472],[-118.26522773,49.45441195],[-118.26518552,49.45438561],[-118.26497571,49.45427096],[-118.26477928,49.45415595],[-118.26463907,49.45406765],[-118.26437181,49.45385473],[-118.26419737,49.45370661],[-118.26402829,49.45344563],[-118.26378407,49.45300661],[-118.26265449,49.45253912],[-118.26164485,49.45226638],[-118.26064597,49.45205417],[-118.25965897,49.45178037],[-118.25881763,49.45159736],[-118.25819744,49.45145743],[-118.25816021,49.45125697],[-118.25808973,49.45107361],[-118.25800402,49.45090163],[-118.25788927,49.45073215],[-118.25778856,49.45057122],[-118.25772396,49.45043592],[-118.25768087,49.45031771],[-118.25766889,49.45020377],[-118.25766594,49.45008699],[-118.25768995,49.44994278],[-118.25771353,49.44978933],[-118.25771199,49.44973556],[-118.25772165,49.44958246],[-118.25773173,49.44943861],[-118.25775521,49.44927625],[-118.257779,49.44911425],[-118.25777354,49.44891629],[-118.25775832,49.44884436],[-118.25768512,49.44869233],[-118.25762793,49.44861186],[-118.25757128,49.44854955],[-118.25741578,49.44839858],[-118.25733441,49.44827041],[-118.25727148,49.44814828],[-118.2572531,49.44798628],[-118.2572357,49.44783353],[-118.25720371,49.44767224],[-118.257145,49.44751985],[-118.25710139,49.44743048],[-118.25707193,49.44737671],[-118.25701441,49.44726954],[-118.25687066,49.44710006],[-118.25671146,49.44693984],[-118.25650536,49.44678923],[-118.25622475,49.44661227],[-118.25615429,49.44655922],[-118.25599893,49.44639899],[-118.25594251,49.44635449],[-118.25569391,49.44617717],[-118.25552047,49.44603511],[-118.25540641,49.44589269],[-118.2552216,49.4456787],[-118.25510843,49.44556298],[-118.25499472,49.44544727],[-118.25489537,49.44532229],[-118.25478611,49.44519162],[-118.25468131,49.445046],[-118.25460313,49.4448669],[-118.25454752,49.44467855],[-118.25451491,49.4444902],[-118.25450952,49.44427407],[-118.25451747,49.44404941],[-118.25451554,49.44396823],[-118.25454012,49.44384218],[-118.25456439,49.44371578],[-118.25460277,49.44359864],[-118.25464875,49.44341812],[-118.25471785,49.44324651],[-118.25481029,49.44308344],[-118.25486336,49.4430019],[-118.25490249,49.44292072],[-118.25494112,49.44280322],[-118.2549887,49.44269285],[-118.25504603,49.44258923],[-118.25508374,49.44249702],[-118.25505217,49.44235246],[-118.25495243,49.44215556],[-118.25485086,49.44161686],[-118.25479917,49.44102367],[-118.2547921,49.44020511],[-118.25478761,49.43949478],[-118.25491489,49.43877983],[-118.25517661,49.43815923],[-118.25557189,49.43760628],[-118.25592312,49.43696966],[-118.2562945,49.43638182],[-118.25668526,49.43584311],[-118.25704765,49.43538914],[-118.25731901,49.43491559],[-118.25780581,49.43423482],[-118.25841577,49.43357221],[-118.25895751,49.43317379],[-118.259135,49.43293879],[-118.2592222,49.43273584],[-118.25923108,49.43255604],[-118.25922692,49.43238513],[-118.2592224,49.43220817],[-118.25920424,49.43205258],[-118.25912978,49.43183752],[-118.25905532,49.43162247],[-118.25896792,49.43144337],[-118.259235,49.4310859],[-118.25962467,49.43068071],[-118.26009698,49.42997893],[-118.26049805,49.42925009],[-118.2608051,49.42868005],[-118.26111256,49.42812176],[-118.26142074,49.42757558],[-118.26165516,49.42704648],[-118.26188967,49.42657329],[-118.26188767,49.42620228],[-118.2618852,49.42580564],[-118.26164561,49.42535559],[-118.26140465,49.42480549],[-118.26140269,49.42418489],[-118.26130382,49.4235561],[-118.26110896,49.4229647],[-118.26122758,49.42274751],[-118.26129386,49.42262965],[-118.26201667,49.42285575],[-118.26203878,49.42263962],[-118.26205466,49.42255559],[-118.26206184,49.42247726],[-118.26222495,49.42238255],[-118.26256698,49.42233983],[-118.26308826,49.42234944],[-118.26353999,49.42246124],[-118.26389933,49.42253743],[-118.26419649,49.4225499],[-118.26452962,49.42245056],[-118.26489069,49.42271938],[-118.26514314,49.42282548],[-118.26537099,49.42288209],[-118.26557505,49.42288886],[-118.26569905,49.42287853],[-118.26587287,49.42285254],[-118.26609737,49.42281124],[-118.26637127,49.42274501],[-118.26663094,49.42265244],[-118.26689029,49.42255951],[-118.26710855,49.42245839],[-118.26742623,49.42231063],[-118.26784981,49.42214435],[-118.26839689,49.42197345],[-118.26914885,49.421841],[-118.2700398,49.42170036],[-118.27109696,49.42152375],[-118.27222159,49.42127772],[-118.27335537,49.42104344],[-118.2742052,49.42085509],[-118.27497889,49.42073439],[-118.27474083,49.42047233],[-118.27449511,49.42015509],[-118.27396979,49.42027187],[-118.2735194,49.42028576],[-118.27314481,49.4201971],[-118.27293636,49.42012447],[-118.27273751,49.42008352],[-118.27250671,49.42005112],[-118.27227244,49.42005361],[-118.27220354,49.42005433],[-118.27209571,49.41997279],[-118.27193528,49.41980153],[-118.27174146,49.41943586],[-118.27146784,49.41897121],[-118.27122928,49.41834919],[-118.27110831,49.41769192],[-118.27034348,49.41744517],[-118.26964709,49.41705921],[-118.26887354,49.41663373],[-118.26802181,49.41616944],[-118.26784535,49.41610143],[-118.26767909,49.41605515],[-118.26752223,49.41603093],[-118.26731466,49.41600316],[-118.26707897,49.4159551],[-118.26683209,49.41570978],[-118.26656166,49.41549579],[-118.26632994,49.41537259],[-118.26615095,49.41525652],[-118.26602392,49.41514792],[-118.26590954,49.41498734],[-118.26576767,49.41483602],[-118.26562604,49.41468434],[-118.26548418,49.41453302],[-118.26535286,49.41443582],[-118.26520372,49.41433826],[-118.26504804,49.4141962],[-118.26485815,49.41400927],[-118.26459199,49.41377819],[-118.26428781,49.41356563],[-118.26379136,49.41339615],[-118.26298867,49.41327901],[-118.26180358,49.41329503],[-118.26046615,49.4134727],[-118.26046169,49.41329254],[-118.26048635,49.41318465],[-118.26053757,49.41304009],[-118.26058945,49.41290444],[-118.26062741,49.41276914],[-118.26073141,49.4125872],[-118.26090157,49.41234935],[-118.26109756,49.41210724],[-118.26114494,49.41191497],[-118.26108319,49.41172056],[-118.2609977,49.41161375],[-118.26088159,49.41139905],[-118.26081052,49.41131004],[-118.26069558,49.4111224],[-118.26056642,49.41093476],[-118.26054651,49.41075317],[-118.26056067,49.41057301],[-118.26060813,49.41039463],[-118.26069994,49.41021375],[-118.26079184,49.41004178],[-118.2608291,49.40987052],[-118.26086581,49.40969926],[-118.26090306,49.40952799],[-118.26094001,49.40935638],[-118.26094923,49.40919437],[-118.26097332,49.40904127],[-118.26098254,49.40887927],[-118.26097913,49.40873542],[-118.26097528,49.40860048],[-118.26098774,49.40854636],[-118.26099876,49.40842032],[-118.26100717,49.40821345],[-118.26098883,49.40803364],[-118.26095719,49.40788125],[-118.26092578,49.40772851],[-118.26089047,49.40761208],[-118.26085015,49.40753446],[-118.2608089,49.40746894],[-118.26072281,49.40733507],[-118.26064579,49.40721472],[-118.26056531,49.40710862],[-118.26045199,49.40700501],[-118.26031147,49.40688965],[-118.2601285,49.40674758],[-118.25995964,49.40661477],[-118.25988944,49.40655246],[-118.25978975,49.40644565],[-118.25959146,49.40623202],[-118.2594917,49.40609814],[-118.25940004,49.405934],[-118.25931677,49.40573995],[-118.25929726,49.40568619],[-118.25927323,49.40564168],[-118.2592394,49.40557902],[-118.25919992,49.40548039],[-118.25916946,49.40535506],[-118.25913939,49.40526534],[-118.25910987,49.40517561],[-118.25906467,49.40503212],[-118.25900555,49.40488899],[-118.25897603,49.40479926],[-118.25888871,49.40462943],[-118.25877947,49.40447775],[-118.25868933,49.40437058],[-118.25854387,49.4042602],[-118.25838063,49.40415516],[-118.2581577,49.40407078],[-118.25788026,49.40400171],[-118.257645,49.4039013],[-118.25745203,49.40377846],[-118.25714248,49.40353884],[-118.2568883,49.40335583],[-118.25661922,49.40320593],[-118.25678324,49.40314113],[-118.25707992,49.4030628],[-118.25737243,49.40299977],[-118.25770239,49.40296025],[-118.25808116,49.40268609],[-118.25833969,49.4025483],[-118.25862361,49.40233859],[-118.25877196,49.40222002],[-118.25890653,49.40209255],[-118.25902802,49.40199215],[-118.25918223,49.40183762],[-118.25935047,49.40172368],[-118.25953393,49.40165105],[-118.25980355,49.40159693],[-118.26013279,49.40152145],[-118.26033706,49.40143314],[-118.26063761,49.40133416],[-118.26100889,49.40116504],[-118.26143666,49.40094963],[-118.26181597,49.40069932],[-118.26230184,49.40046646],[-118.26269621,49.40019515],[-118.26305387,49.39987043],[-118.26336898,49.39980385],[-118.26363227,49.3997362],[-118.26385735,49.39966677],[-118.2640657,49.39956244],[-118.26425193,49.39948233],[-118.26455498,49.39940507],[-118.26492355,49.39933706],[-118.26549279,49.39931285],[-118.26635223,49.39920354],[-118.2671532,49.39903406],[-118.26714756,49.39881794],[-118.26719535,49.39863172],[-118.26726719,49.398448],[-118.26740909,49.39824861],[-118.26730611,49.39782099],[-118.26727166,49.39720645],[-118.26683235,49.39655986],[-118.26627451,49.39594923],[-118.26578601,49.39545894],[-118.26542246,49.39496011],[-118.26535736,49.39474791],[-118.26533943,49.39441215],[-118.26528503,49.39383926],[-118.2650854,49.39322649],[-118.26474115,49.39257456],[-118.26478356,49.39243926],[-118.26478073,49.39226836],[-118.26474201,49.39208891],[-118.26478387,49.39186068],[-118.26493167,49.39160396],[-118.26521429,49.39133123],[-118.26534179,49.39110585],[-118.26535037,49.39091287],[-118.26530562,49.39077044],[-118.26530796,49.39062055],[-118.26532361,49.39045641],[-118.2653339,49.39027731],[-118.26529466,49.39010605],[-118.26524771,49.38995544],[-118.26516126,49.38979842],[-118.26506915,49.3896236],[-118.26496299,49.38942385],[-118.26488552,49.38926897],[-118.26478069,49.38911409],[-118.26463885,49.38896882],[-118.2644172,49.38879222],[-118.26416178,49.38861704],[-118.26392336,49.38846073],[-118.26373623,49.38832187],[-118.2635525,49.3881442],[-118.26334028,49.38793947],[-118.26314208,49.38774079],[-118.26288921,49.38753963],[-118.26263757,49.38739827],[-118.26236062,49.38735661],[-118.26197257,49.38725585],[-118.26161103,49.38713088],[-118.26141393,49.38697991],[-118.26125904,49.38683785],[-118.26117327,49.38672177],[-118.26101665,49.38652559],[-118.26077678,49.38631231],[-118.26069272,49.38612218],[-118.26053508,49.38596125],[-118.26030562,49.3858466],[-118.26004231,49.38578856],[-118.25977684,49.38574939],[-118.25950793,49.3857113],[-118.25917439,49.38561908],[-118.25854006,49.38559914],[-118.25825091,49.38559309],[-118.25799789,49.38539797],[-118.25772953,49.38515194],[-118.25754578,49.38489629],[-118.25741942,49.38469085],[-118.25736895,49.38450535],[-118.25732329,49.3843348],[-118.25726299,49.3841468],[-118.25722993,49.38393104],[-118.25718585,49.38382386],[-118.25715329,49.38362625],[-118.25713528,49.38345855],[-118.25710447,49.38332076],[-118.25701398,49.38319294],[-118.25687652,49.38304446],[-118.25679752,49.3828846],[-118.25673047,49.38271334],[-118.25669801,49.38252463],[-118.2566516,49.38230922],[-118.25654997,49.38211268],[-118.25645881,49.38189548],[-118.25633798,49.38166619],[-118.25616329,49.38142906],[-118.25586794,49.38123928],[-118.25555711,49.38107193],[-118.25525648,49.38092132],[-118.25504948,49.3807344],[-118.25488347,49.38052041],[-118.2547681,49.38031497],[-118.25465719,49.38011024],[-118.25452369,49.37990658],[-118.25431131,49.379699],[-118.25409914,49.37948537],[-118.25392092,49.37932835],[-118.25362606,49.37904671],[-118.25319998,49.37878145],[-118.25262673,49.37857708],[-118.25200209,49.37845566],[-118.25167421,49.37838054],[-118.25139538,49.37825556],[-118.25152408,49.37808608],[-118.25166189,49.3778988],[-118.25180797,49.37769335],[-118.25196355,49.37748186],[-118.25210525,49.37727642],[-118.25223308,49.37707703],[-118.25236566,49.37685984],[-118.25241715,49.37672418],[-118.25248608,49.3765344],[-118.25254986,49.37634498],[-118.25260949,49.37615521],[-118.25267327,49.37596579],[-118.2526988,49.37587571],[-118.25272156,49.37568629],[-118.25273024,49.37547942],[-118.25275219,49.3752633],[-118.25277781,49.37518212],[-118.25280288,49.37510094],[-118.25282564,49.37491152],[-118.25286729,49.37474631],[-118.25289993,49.37458395],[-118.25289235,49.37438919],[-118.25282828,49.37416594],[-118.25268415,49.37392169],[-118.25249147,49.37369204],[-118.25228067,49.37352327],[-118.25197805,49.37334952],[-118.25169434,49.37320567],[-118.25155466,49.37314443],[-118.25152307,49.37297673],[-118.25151799,49.37278482],[-118.25151408,49.37262317],[-118.2515092,49.3724252],[-118.25146293,49.37223685],[-118.25140242,49.37202144],[-118.25134196,49.37180923],[-118.25132742,49.37159952],[-118.25139264,49.37138909],[-118.25149085,49.3711751],[-118.25154777,49.37105761],[-118.25156984,49.37095222],[-118.25157923,49.37085929],[-118.25161496,49.37068411],[-118.25167605,49.37051356],[-118.25177316,49.37035049],[-118.25187932,49.37019026],[-118.25197062,49.36999159],[-118.25205374,49.36983065],[-118.25216894,49.36966259],[-118.25238273,49.36951234],[-118.25258664,49.3693482],[-118.25274698,49.36916163],[-118.25281478,49.36893091],[-118.25282429,49.36870481],[-118.25280947,49.36849225],[-118.25281266,49.36825512],[-118.25280968,49.36800837],[-118.25280468,49.36781967],[-118.25279845,49.36768864],[-118.25280403,49.36754479],[-118.25281359,49.36739169],[-118.25281126,49.36730161],[-118.25274751,49.36713462],[-118.25266547,49.36697048],[-118.25256351,49.36675578],[-118.25253386,49.366545],[-118.25257435,49.36634383],[-118.25268601,49.36615156],[-118.25286476,49.36595787],[-118.25306112,49.36575171],[-118.25319448,49.36557939],[-118.25334159,49.3653889],[-118.25343356,49.36522618],[-118.25348694,49.36516245],[-118.25355382,49.36508091],[-118.25341073,49.36487547],[-118.25329223,49.36472094],[-118.2532434,49.36453651],[-118.25325812,49.36434531],[-118.2533769,49.36414236],[-118.25350855,49.36390202],[-118.2536226,49.36362573],[-118.25357381,49.36333946],[-118.25348883,49.36305747],[-118.25336466,49.36288193],[-118.25328701,49.36271779],[-118.25341749,49.36260564],[-118.25358349,49.36244506],[-118.25292914,49.3621093],[-118.25219397,49.36178244],[-118.25119251,49.36140645],[-118.25024269,49.36105966],[-118.24927417,49.36088127],[-118.24831215,49.36077766],[-118.24735639,49.36074918],[-118.24719112,49.36074206],[-118.24687109,49.36068331],[-118.24647022,49.36056866],[-118.24598852,49.36039811],[-118.24519446,49.36021474],[-118.24512089,49.36001749],[-118.24501952,49.35982095],[-118.24493319,49.35968387],[-118.24481992,49.35955605],[-118.24466543,49.35944496],[-118.2444977,49.35934064],[-118.24423602,49.35916973],[-118.24396602,49.35901378],[-118.24365919,49.35886388],[-118.24336595,49.35870508],[-118.24306428,49.3585737],[-118.24276793,49.35845976],[-118.24262905,49.35841632],[-118.24243447,49.35822762],[-118.24226934,49.35800046],[-118.24209705,49.35754044],[-118.24124717,49.3573827],[-118.24045237,49.35728835],[-118.24022636,49.35707792],[-118.23997652,49.35693443],[-118.2396895,49.35682869],[-118.23936499,49.35676032],[-118.2399508,49.35652604],[-118.24026359,49.35635692],[-118.24046688,49.3562266],[-118.2406421,49.35608098],[-118.240954,49.35589761],[-118.24117478,49.35572136],[-118.24128603,49.35557823],[-118.24136996,49.35544329],[-118.2415066,49.355235],[-118.24160692,49.35502706],[-118.24165672,49.35481948],[-118.24172074,49.35461191],[-118.24175656,49.35439578],[-118.24177887,49.35419746],[-118.2418033,49.35407142],[-118.24181823,49.35392437],[-118.2418013,49.35374064],[-118.24176257,49.35354126],[-118.24168836,49.3533262],[-118.24162112,49.35320977],[-118.24148148,49.35308551],[-118.24131708,49.35293525],[-118.24112768,49.35275936],[-118.24096683,49.35256033],[-118.24081005,49.35236094],[-118.24060372,49.35217437],[-118.24051667,49.3520024],[-118.24050753,49.3518144],[-118.2407082,49.35159044],[-118.24083079,49.35129421],[-118.24108154,49.35091395],[-118.24132716,49.35046924],[-118.24171046,49.35002132],[-118.24209286,49.3495346],[-118.24235633,49.34900408],[-118.24250211,49.34846893],[-118.24263519,49.34792168],[-118.24275426,49.34736268],[-118.24272574,49.34696604],[-118.24265246,49.34666197],[-118.24257811,49.3464341],[-118.24254704,49.3462315],[-118.24261692,49.34592174],[-118.2425852,49.3453873],[-118.24249434,49.34486782],[-118.24231887,49.34458262],[-118.24219199,49.34434834],[-118.2421136,49.34416426],[-118.24205884,49.34397591],[-118.24194411,49.34379717],[-118.24180129,49.34359173],[-118.24167221,49.34339519],[-118.24158713,49.34328837],[-118.24156531,49.34302276],[-118.24148798,49.34268878],[-118.24143317,49.34228252],[-118.24123325,49.34194392],[-118.24108176,49.34167937],[-118.24078345,49.34150882],[-118.24047857,49.34135714],[-118.24049898,49.34120689],[-118.24053953,49.34104773],[-118.24063099,49.34084585],[-118.24072182,49.34063507],[-118.24078262,49.34031035],[-118.24058199,49.34024163],[-118.2403816,49.34012093],[-118.24018146,49.33994825],[-118.24000915,49.33973711],[-118.23987884,49.33946544],[-118.23978922,49.3391336],[-118.23915097,49.33899759],[-118.23862571,49.33884947],[-118.23845568,49.33864723],[-118.23824393,49.33844855],[-118.23800484,49.33824418],[-118.23793469,49.33818223],[-118.23775139,49.338022],[-118.23762492,49.33792159],[-118.2374291,49.33779164],[-118.23722899,49.33761895],[-118.2370346,49.33742704],[-118.23667922,49.3373569],[-118.23632834,49.33726361],[-118.23607321,49.33714967],[-118.23581392,49.33706244],[-118.2354837,49.337066],[-118.23518095,49.3370603],[-118.23486393,49.33704571],[-118.23471217,49.33704713],[-118.23453332,49.33704001],[-118.23426,49.33706885],[-118.23393522,49.33709947],[-118.23349012,49.3371073],[-118.23290982,49.33706636],[-118.23259287,49.33706066],[-118.23228905,49.3370279],[-118.2320537,49.33696951],[-118.23188254,49.33690827],[-118.23177534,49.33684454],[-118.23145878,49.3368481],[-118.2313345,49.33684026],[-118.23112492,49.33671458],[-118.2309607,49.33657251],[-118.23084206,49.33641371],[-118.23076859,49.33622572],[-118.23065837,49.33601992],[-118.23051075,49.33581448],[-118.23045268,49.3356984],[-118.2303651,49.33549225],[-118.23028446,49.3353363],[-118.23017371,49.33517964],[-118.22995737,49.33497811],[-118.22971306,49.33473172],[-118.22955562,49.33449352],[-118.22947782,49.33431122],[-118.2293523,49.33414068],[-118.22919862,49.33397547],[-118.22874504,49.33364149],[-118.22802136,49.3331334],[-118.22730643,49.3331772],[-118.22669234,49.33281687],[-118.22592269,49.33250711],[-118.22499856,49.3322479],[-118.22436393,49.33217384],[-118.22437257,49.33197588],[-118.22435592,49.33185019],[-118.22433955,49.33176011],[-118.22433477,49.3315536],[-118.22430742,49.33138091],[-118.22425728,49.33121535],[-118.22412917,49.33104302],[-118.2240153,49.33088208],[-118.22388521,49.33064068],[-118.22379771,49.33043453],[-118.22368255,49.33024689],[-118.2235828,49.33010411],[-118.22351054,49.32995208],[-118.22339534,49.32976123],[-118.2233084,49.32958534],[-118.22320828,49.32943331],[-118.22309459,49.32928768],[-118.22299951,49.32914775],[-118.22292189,49.32897756],[-118.22287651,49.32880737],[-118.22277513,49.32860157],[-118.22274549,49.32852075],[-118.2226435,49.32830605],[-118.22261851,49.32825904],[-118.22261492,49.32825228],[-118.22252788,49.32806429],[-118.22248149,49.32794083],[-118.22248135,49.32794046],[-118.2224539,49.32786739],[-118.22243877,49.32780891],[-118.22242368,49.3277506],[-118.2223967,49.32769067],[-118.22239655,49.32769033],[-118.22233105,49.32754481],[-118.22225529,49.32740924],[-118.22222102,49.32734791],[-118.22195464,49.32715279],[-118.22172934,49.32693952],[-118.2216839,49.32689212],[-118.22166057,49.32686779],[-118.22153578,49.32673763],[-118.2213749,49.32652934],[-118.22137434,49.3265284],[-118.22121681,49.32626124],[-118.22085208,49.32608411],[-118.22069699,49.3260088],[-118.22061944,49.32595581],[-118.22061928,49.3259557],[-118.22042911,49.32582579],[-118.22022467,49.32565986],[-118.21994136,49.32552207],[-118.21979669,49.32548268],[-118.21969682,49.32545549],[-118.21946169,49.32540711],[-118.21946146,49.32540707],[-118.21915836,49.32538321],[-118.21902647,49.3253649],[-118.21902639,49.32536489],[-118.21897888,49.32535829],[-118.21879946,49.32534227],[-118.21866821,49.32531506],[-118.21850913,49.32528209],[-118.21823178,49.32520412],[-118.21794064,49.32510834],[-118.21790673,49.32509929],[-118.21784327,49.32508235],[-118.21765613,49.3250204],[-118.21757975,49.32499511],[-118.21731623,49.32490788],[-118.21719752,49.32488224],[-118.21703932,49.32484807],[-118.21677581,49.32476083],[-118.21669605,49.32473106],[-118.21647057,49.3246469],[-118.21619227,49.32453303],[-118.21619211,49.32453296],[-118.21616926,49.32452038],[-118.21587137,49.32435636],[-118.21579967,49.3243187],[-118.21579953,49.32431863],[-118.21570393,49.32426841],[-118.2153981,49.32414557],[-118.21530355,49.32411586],[-118.21509331,49.3240498],[-118.21495707,49.3240397],[-118.21495633,49.32403964],[-118.21477632,49.3240263],[-118.21460901,49.3239941],[-118.21449507,49.32397218],[-118.21422246,49.32390595],[-118.21390335,49.32379237],[-118.21358424,49.32367879],[-118.21331156,49.32360366],[-118.21303025,49.32354064],[-118.21306083,49.32310875],[-118.21306084,49.32310869],[-118.2131916,49.32245076],[-118.2134286,49.32183657],[-118.21342865,49.32183648],[-118.21377619,49.32123022],[-118.21385649,49.32100934],[-118.21401369,49.32057686],[-118.21413817,49.31991282],[-118.2141462,49.3196352],[-118.21416056,49.31913912],[-118.21418631,49.31850927],[-118.21410003,49.31785662],[-118.21405227,49.3177064],[-118.21405202,49.31770562],[-118.2139024,49.31723495],[-118.21374275,49.31691059],[-118.21359397,49.3166083],[-118.21343146,49.31599764],[-118.21339821,49.3158727],[-118.21334743,49.31536513],[-118.21331732,49.3150641],[-118.21332605,49.31473871],[-118.21332615,49.31473529],[-118.21333882,49.31426334],[-118.21334289,49.31408523],[-118.21335219,49.31367835],[-118.2133627,49.31335298],[-118.21337544,49.31295841],[-118.21338189,49.31268879],[-118.21338922,49.31238267],[-118.21340979,49.31183934],[-118.21341409,49.31172576],[-118.21343892,49.31105994],[-118.21329787,49.31035958],[-118.21325192,49.3096044],[-118.2132197,49.30885811],[-118.21317033,49.30796834],[-118.21266904,49.3077878],[-118.21200475,49.30754855],[-118.21199131,49.30728776],[-118.21199125,49.30728667],[-118.21197788,49.30702729],[-118.21193089,49.30622724],[-118.21193089,49.30622714],[-118.21190217,49.30560664],[-118.21185257,49.30470761],[-118.21150317,49.30449817],[-118.21150289,49.304498],[-118.21125799,49.3043512],[-118.21077399,49.3039364],[-118.21011842,49.30355364],[-118.2095385,49.30315985],[-118.20895111,49.30277318],[-118.20835678,49.30239362],[-118.20766262,49.30213406],[-118.20766255,49.30213395],[-118.20725298,49.30150848],[-118.20684258,49.30084729],[-118.2066129,49.30025686],[-118.20655214,49.30010065],[-118.20655212,49.30010057],[-118.20651188,49.29991128],[-118.20638301,49.29930487],[-118.20638353,49.29919445],[-118.20638495,49.29889683],[-118.20644623,49.29860956],[-118.20646887,49.2985034],[-118.20657118,49.29836382],[-118.20665496,49.29824953],[-118.20673043,49.29816515],[-118.20684732,49.29803448],[-118.20689947,49.29796926],[-118.20695381,49.29790131],[-118.20703488,49.29783212],[-118.20708856,49.29778631],[-118.20719104,49.29770539],[-118.20725045,49.29765848],[-118.20742444,49.29746764],[-118.2075576,49.29728641],[-118.20764957,49.29710553],[-118.20769848,49.2970277],[-118.20776903,49.2969154],[-118.2079159,49.29674307],[-118.20794292,49.29670448],[-118.20806193,49.29653443],[-118.20809988,49.29646082],[-118.20814105,49.29638097],[-118.20819963,49.2962554],[-118.20825831,49.29612959],[-118.20833945,49.29597639],[-118.20837691,49.29590564],[-118.20844447,49.29581034],[-118.20851118,49.29571622],[-118.20873265,49.29558911],[-118.20873279,49.29558904],[-118.20898658,49.29546734],[-118.20914788,49.29539364],[-118.20925698,49.29534379],[-118.20950296,49.29515223],[-118.20950299,49.2951522],[-118.20951316,49.29513789],[-118.20963176,49.294971],[-118.20966261,49.29479582],[-118.20965172,49.29466912],[-118.20964725,49.29461708],[-118.20964731,49.29461696],[-118.20976597,49.29440274],[-118.20994416,49.29418519],[-118.20967233,49.29382416],[-118.20963488,49.29373993],[-118.20963448,49.29373904],[-118.20949896,49.29343428],[-118.20913035,49.29331933],[-118.20897719,49.29327156],[-118.20844697,49.29314516],[-118.20782599,49.2930647],[-118.20752943,49.29301651],[-118.2073242,49.29298316],[-118.20677253,49.29291907],[-118.20652696,49.29287848],[-118.20629863,49.29284074],[-118.20576698,49.29266343],[-118.20575949,49.29229171],[-118.20562993,49.29198188],[-118.20562965,49.29198121],[-118.20559229,49.29189186],[-118.20518342,49.29148525],[-118.20506585,49.29137024],[-118.20491444,49.29122213],[-118.20485051,49.29111089],[-118.20485039,49.29111068],[-118.20477692,49.29098286],[-118.20476864,49.29089325],[-118.20475862,49.29078489],[-118.20475374,49.29058728],[-118.20473714,49.29052597],[-118.20473705,49.29052561],[-118.20469302,49.29036297],[-118.20464356,49.29022997],[-118.20461967,49.29016572],[-118.20464413,49.29001451],[-118.20464424,49.29001383],[-118.20467,49.28985453],[-118.20471381,49.28968063],[-118.20475512,49.28951664],[-118.20419939,49.28934359],[-118.20373708,49.28913143],[-118.203737,49.28913139],[-118.20368774,49.28909678],[-118.20339233,49.28888927],[-118.2031595,49.28874965],[-118.20306933,49.28869558],[-118.20292173,49.2886025],[-118.20277176,49.28850794],[-118.20249846,49.28832564],[-118.20244471,49.28827506],[-118.20241369,49.28824588],[-118.20223104,49.28809456],[-118.20204865,49.28793469],[-118.20189389,49.28779227],[-118.20171336,49.28758719],[-118.20157606,49.28737606],[-118.2015624,49.28735504],[-118.20154536,49.287286],[-118.20147606,49.28700504],[-118.20110257,49.28660319],[-118.20110245,49.28660306],[-118.20102979,49.28654531],[-118.20064588,49.28624024],[-118.20050486,49.2861474],[-118.20039008,49.28607183],[-118.19998337,49.28574711],[-118.19956475,49.2854145],[-118.19950791,49.28536934],[-118.19906654,49.28493816],[-118.19863039,49.28459386],[-118.19841353,49.28434035],[-118.19828845,49.28415769],[-118.19825334,49.28397112],[-118.19819458,49.28382478],[-118.1981361,49.2836725],[-118.19813606,49.28367239],[-118.19807752,49.2835143],[-118.19804483,49.28330779],[-118.19804477,49.28330763],[-118.19803009,49.28326293],[-118.19801129,49.28305607],[-118.19802338,49.28298414],[-118.19802302,49.28297489],[-118.1980182,49.28293541],[-118.19800549,49.2828314],[-118.19801563,49.28267509],[-118.19802424,49.28262871],[-118.19804015,49.28254299],[-118.19807523,49.28240878],[-118.1980972,49.28232473],[-118.1981894,49.28209472],[-118.19823009,49.28201775],[-118.19831683,49.28185368],[-118.19848324,49.28160494],[-118.19848334,49.2816048],[-118.19850099,49.28156492],[-118.19858153,49.28138298],[-118.19860648,49.28122417],[-118.19861219,49.28118786],[-118.19856582,49.28097245],[-118.19853379,49.28078374],[-118.19850482,49.28068091],[-118.19848834,49.28062245],[-118.19851111,49.28055325],[-118.19854541,49.28044905],[-118.19866631,49.28034373],[-118.19873382,49.28028491],[-118.19892253,49.2801941],[-118.19905419,49.28013074],[-118.19898984,49.27993614],[-118.19898953,49.27993519],[-118.19889714,49.27965577],[-118.19878825,49.27949905],[-118.19868388,49.27934885],[-118.19841282,49.2792107],[-118.19837692,49.27955393],[-118.19816558,49.27984697],[-118.19769358,49.28000526],[-118.19767933,49.28001004],[-118.19735929,49.28002955],[-118.19696694,49.28005348],[-118.19685564,49.28004112],[-118.19592799,49.27993811],[-118.1948944,49.27983202],[-118.19489431,49.27983201],[-118.19487233,49.2798306],[-118.19388734,49.27976757],[-118.19305816,49.27981152],[-118.19290671,49.27981955],[-118.19290658,49.27981957],[-118.19290652,49.27981958],[-118.19195107,49.27998832],[-118.19173488,49.28006875],[-118.191329,49.28021975],[-118.19092076,49.28027601],[-118.19070498,49.28027388],[-118.19056019,49.28027245],[-118.19049756,49.2801726],[-118.19049755,49.28017257],[-118.19043133,49.28006701],[-118.19035858,49.27989682],[-118.19030382,49.27972662],[-118.19026787,49.27955607],[-118.19017155,49.27936808],[-118.19009965,49.27925138],[-118.1900669,49.27919824],[-118.18992654,49.27907362],[-118.18983276,49.27900946],[-118.18975845,49.27895861],[-118.1896535,49.27888678],[-118.18957691,49.27883435],[-118.18945593,49.27875779],[-118.18945567,49.27875762],[-118.18939519,49.27871935],[-118.1893585,49.27869936],[-118.18920041,49.27861324],[-118.18901967,49.2785253],[-118.18890093,49.27847854],[-118.18879723,49.27843771],[-118.18860285,49.27834977],[-118.18860272,49.2783497],[-118.18848659,49.27828781],[-118.18842041,49.27824855],[-118.18833775,49.27819951],[-118.18824767,49.27814392],[-118.18806198,49.27802932],[-118.18782982,49.27783883],[-118.18775261,49.27772891],[-118.18769177,49.27764229],[-118.18766794,49.27756224],[-118.18763751,49.27745999],[-118.18762605,49.27740031],[-118.18762316,49.27738522],[-118.18758789,49.27731662],[-118.18758783,49.2773165],[-118.18751148,49.27727811],[-118.18745185,49.27724814],[-118.18738848,49.27722725],[-118.18727792,49.27719082],[-118.18710729,49.27715058],[-118.18696389,49.27709005],[-118.18687512,49.27702869],[-118.18684747,49.27700958],[-118.18674323,49.27694763],[-118.18664313,49.27690358],[-118.18664289,49.27690348],[-118.18653209,49.27685974],[-118.18653195,49.27685969],[-118.18652793,49.27685799],[-118.18644857,49.27682444],[-118.18626889,49.27677245],[-118.18616032,49.27675593],[-118.18609108,49.27674539],[-118.18594262,49.276734],[-118.18575951,49.27675073],[-118.18543035,49.276781],[-118.18514237,49.27681091],[-118.18488526,49.27679061],[-118.18475626,49.27678016],[-118.1846787,49.27677388],[-118.18463589,49.27676348],[-118.1845482,49.27674219],[-118.18454801,49.27674219],[-118.18453248,49.27674219],[-118.18443632,49.27674219],[-118.18431266,49.27673044],[-118.18417258,49.27673126],[-118.18413075,49.27673151],[-118.18391104,49.27668878],[-118.18366668,49.27662825],[-118.18344475,49.27653176],[-118.18338483,49.27650133],[-118.18323581,49.27642566],[-118.18305511,49.27633771],[-118.18279107,49.27622342],[-118.18267028,49.27618179],[-118.18266991,49.27618166],[-118.18259685,49.27615648],[-118.1824033,49.27611055],[-118.18235172,49.27611755],[-118.18226163,49.27612978],[-118.18203349,49.27616822],[-118.18203341,49.27616823],[-118.18186875,49.2761789],[-118.18186854,49.27617891],[-118.18164881,49.27618105],[-118.18154314,49.2761786],[-118.18138763,49.276175],[-118.18115363,49.27615933],[-118.18091903,49.27613476],[-118.180684,49.27608314],[-118.18046261,49.27603151],[-118.18026656,49.27597754],[-118.18024142,49.27597062],[-118.18017656,49.27595444],[-118.17996458,49.27590155],[-118.17972951,49.27584102],[-118.17963281,49.27580613],[-118.17952231,49.27577337],[-118.17939739,49.27573634],[-118.17920309,49.2756573],[-118.17898127,49.27557861],[-118.17878634,49.27548176],[-118.1786003,49.27536676],[-118.17856554,49.27533797],[-118.17843952,49.2752336],[-118.17833351,49.2751315],[-118.17831012,49.27510898],[-118.17826375,49.27502275],[-118.17826369,49.27502263],[-118.17819466,49.27489428],[-118.17816426,49.27477749],[-118.17799938,49.27438984],[-118.17789122,49.27413553],[-118.17744335,49.27361534],[-118.17713507,49.27341793],[-118.17703344,49.27335285],[-118.17682118,49.27321691],[-118.17682199,49.27304726],[-118.17682354,49.272722],[-118.17686904,49.27252368],[-118.1769637,49.27233996],[-118.17708467,49.2721528],[-118.17708475,49.27215268],[-118.17720326,49.27194474],[-118.17733667,49.27177241],[-118.17737639,49.27170903],[-118.17749549,49.27151],[-118.17749553,49.27150997],[-118.17750917,49.27150012],[-118.17763008,49.27141284],[-118.17767403,49.27138111],[-118.17797454,49.27122409],[-118.17851013,49.27102078],[-118.17880344,49.27076549],[-118.17889344,49.27068716],[-118.17901759,49.27056703],[-118.17901891,49.27056576],[-118.17925149,49.27034072],[-118.17937951,49.26999963],[-118.17963636,49.26976025],[-118.17968438,49.2697155],[-118.18004428,49.26943296],[-118.1800445,49.26943279],[-118.18014008,49.26941392],[-118.18027643,49.26937653],[-118.1804392,49.26928503],[-118.18052008,49.2692213],[-118.18064312,49.26912801],[-118.18072238,49.2690605],[-118.18080824,49.26898737],[-118.18093562,49.26884379],[-118.18100409,49.26876662],[-118.18117539,49.26851489],[-118.18119877,49.26845458],[-118.18123611,49.26835822],[-118.18120882,49.26832524],[-118.18118545,49.26829698],[-118.1812456,49.26794236],[-118.18130107,49.26757598],[-118.18124854,49.26743604],[-118.18117583,49.26724236],[-118.18110216,49.26691158],[-118.18110211,49.26691152],[-118.18084546,49.2665331],[-118.18078212,49.26632414],[-118.18070657,49.26607486],[-118.18057101,49.26557746],[-118.18054345,49.2651684],[-118.18053844,49.26509408],[-118.18052802,49.26493941],[-118.18038738,49.26429005],[-118.18038737,49.26428997],[-118.18007548,49.26363555],[-118.18001393,49.26356332],[-118.17953322,49.26299928],[-118.17907515,49.26255422],[-118.17876009,49.26227685],[-118.17861882,49.26210737],[-118.17860015,49.26208376],[-118.17849148,49.26194643],[-118.1783775,49.26177695],[-118.17830402,49.26158868],[-118.17830399,49.2615886],[-118.1782318,49.26143657],[-118.17821446,49.26137714],[-118.17817155,49.26123006],[-118.17810969,49.26109223],[-118.17809932,49.26106912],[-118.1780393,49.26085086],[-118.17801258,49.26067167],[-118.17800622,49.26062904],[-118.17800298,49.26061204],[-118.17799084,49.26054857],[-118.17799349,49.26047194],[-118.17799603,49.26039832],[-118.17802432,49.26023311],[-118.1780367,49.26015925],[-118.17806054,49.26001699],[-118.17805811,49.259918],[-118.17797835,49.25983184],[-118.17785901,49.25975119],[-118.17783977,49.2597382],[-118.17768033,49.25964313],[-118.17754052,49.25953667],[-118.1774431,49.25946273],[-118.17742853,49.25945167],[-118.1774284,49.25945158],[-118.17731608,49.25935295],[-118.17721712,49.25924008],[-118.17710483,49.25913326],[-118.17709157,49.25911998],[-118.17699223,49.2590204],[-118.17699219,49.25902035],[-118.1768932,49.25889542],[-118.17687024,49.25876658],[-118.17686122,49.25871597],[-118.17685744,49.25856607],[-118.17688265,49.25850493],[-118.17690545,49.25844964],[-118.17695509,49.25837748],[-118.17698921,49.25832787],[-118.1770138,49.25829543],[-118.17707854,49.25821002],[-118.17709745,49.25814434],[-118.17711923,49.25806867],[-118.17712374,49.25803684],[-118.17714393,49.2578942],[-118.17714187,49.25780134],[-118.17713936,49.25768769],[-118.17714417,49.25751358],[-118.17714417,49.25751355],[-118.1771311,49.25735478],[-118.1771027,49.2572718],[-118.1770812,49.25720894],[-118.17705752,49.25713973],[-118.17705425,49.25700638],[-118.17705303,49.25695672],[-118.17710527,49.25684501],[-118.17712997,49.25679222],[-118.17713003,49.25679218],[-118.17720252,49.25673803],[-118.17730252,49.25666333],[-118.17749355,49.25653942],[-118.1776069,49.25646356],[-118.17769038,49.25640768],[-118.1780228,49.25613139],[-118.17797344,49.2552142],[-118.17796287,49.25501665],[-118.1779494,49.25476486],[-118.17792552,49.25441746],[-118.17792546,49.25441653],[-118.17790677,49.25414462],[-118.17788421,49.25362108],[-118.17787655,49.25344319],[-118.1778311,49.25268801],[-118.17780836,49.25214781],[-118.1778082,49.25214407],[-118.17779931,49.25193282],[-118.17768117,49.25178831],[-118.17741742,49.25146568],[-118.17698498,49.25105368],[-118.17693721,49.25100817],[-118.17692038,49.25099213],[-118.17642789,49.25051751],[-118.17615361,49.25024949],[-118.17594073,49.25004147],[-118.17568159,49.24973584],[-118.17557271,49.24960744],[-118.17547079,49.24946338],[-118.17521251,49.24909829],[-118.1751639,49.24905499],[-118.17473877,49.24867636],[-118.17446079,49.24845385],[-118.17446051,49.24845362],[-118.17426061,49.24829361],[-118.1736927,49.24796746],[-118.17335112,49.24759824],[-118.17317284,49.24742694],[-118.17302168,49.24728171],[-118.17295469,49.24715649],[-118.17287425,49.24700612],[-118.17285051,49.24699205],[-118.17261898,49.2468548],[-118.1725638,49.24681763],[-118.17247469,49.2467576],[-118.17235757,49.24670775],[-118.17235756,49.24670768],[-118.17235114,49.24667371],[-118.17231009,49.24645638],[-118.17230017,49.24633298],[-118.17229128,49.24622245],[-118.17229638,49.24612876],[-118.17230058,49.24605155],[-118.17235523,49.24584717],[-118.17239661,49.24566096],[-118.17241943,49.24552549],[-118.17242497,49.24549254],[-118.17242024,49.24529473],[-118.17242024,49.24529458],[-118.17239013,49.24517922],[-118.1723563,49.24509556],[-118.17234622,49.24507062],[-118.17153403,49.24514397],[-118.1707849,49.24520948],[-118.17032075,49.24534448],[-118.17017649,49.24538644],[-118.17003405,49.24542369],[-118.16955152,49.24554987],[-118.16894117,49.24582082],[-118.16855805,49.24590938],[-118.16820021,49.24599208],[-118.16773714,49.24611755],[-118.16750241,49.24618115],[-118.16683359,49.24631396],[-118.16658864,49.2463962],[-118.16640298,49.24655109],[-118.1663319,49.24675954],[-118.16631264,49.24681599],[-118.16630058,49.24704693],[-118.16629489,49.24715566],[-118.16629483,49.24715569],[-118.16576007,49.24740098],[-118.16516355,49.24773995],[-118.1643071,49.24832423],[-118.16364505,49.2488138],[-118.16352437,49.24888419],[-118.16298578,49.24919834],[-118.1624938,49.24950929],[-118.1623402,49.24960637],[-118.16180054,49.25016965],[-118.16151584,49.25072117],[-118.16150604,49.25089801],[-118.16148589,49.2512613],[-118.16159089,49.25163516],[-118.16161059,49.25174458],[-118.1616275,49.25183846],[-118.16164078,49.25196004],[-118.16164714,49.25201827],[-118.1616495,49.25217422],[-118.16168504,49.25223891],[-118.16171289,49.25228958],[-118.16184323,49.25244909],[-118.16196597,49.25266878],[-118.16202716,49.25287638],[-118.1620576,49.25297961],[-118.16199507,49.25324131],[-118.16195344,49.25344482],[-118.16194693,49.25347666],[-118.16191373,49.25368566],[-118.16191755,49.25370149],[-118.16194403,49.25381135],[-118.16196223,49.2538907],[-118.1619749,49.25394594],[-118.16202145,49.25417025],[-118.16203747,49.25426923],[-118.16203984,49.25436822],[-118.16203325,49.25447325],[-118.16202524,49.25452289],[-118.16201681,49.25457508],[-118.16200442,49.25463523],[-118.1619926,49.25469258],[-118.1619692,49.25476884],[-118.16195392,49.25481862],[-118.16190579,49.25493266],[-118.161889,49.25497244],[-118.1618237,49.25510809],[-118.16178838,49.25520091],[-118.16175853,49.25527935],[-118.16174726,49.25538469],[-118.16173636,49.25548658],[-118.16171364,49.2556938],[-118.16169786,49.25576186],[-118.16168854,49.25580204],[-118.16167741,49.25585088],[-118.16167737,49.25585106],[-118.16164724,49.25598327],[-118.16163523,49.25610004],[-118.16162449,49.25620438],[-118.16167945,49.25658464],[-118.16115021,49.25686877],[-118.16115012,49.25686881],[-118.16049757,49.25716608],[-118.15972135,49.25747689],[-118.1597213,49.25747691],[-118.15871762,49.25805371],[-118.15841847,49.25820666],[-118.15790004,49.25847172],[-118.15770548,49.25856597],[-118.15721574,49.2588032],[-118.15693558,49.25899555],[-118.15673966,49.25913006],[-118.15622833,49.25927106],[-118.15579348,49.25948433],[-118.15551713,49.25951572],[-118.15524488,49.25954664],[-118.15469665,49.25974105],[-118.1539127,49.25984679],[-118.15352064,49.25991588],[-118.15300947,49.26000595],[-118.15202729,49.26014173],[-118.15198186,49.26014801],[-118.1509699,49.26037411],[-118.15007453,49.26053291],[-118.14957957,49.2605983],[-118.14929036,49.26063652],[-118.14864192,49.26079888],[-118.14799848,49.26103921],[-118.14689194,49.26132904],[-118.14689194,49.26132908],[-118.14690386,49.26157076],[-118.1469434,49.26237192],[-118.14695773,49.26298361],[-118.14630759,49.26360172],[-118.14576766,49.26429389],[-118.14563343,49.26451715],[-118.14563308,49.26451773],[-118.14534146,49.26500279],[-118.14517408,49.26556577],[-118.1451415,49.26567537],[-118.14512754,49.26577403],[-118.14505511,49.266286],[-118.14508485,49.26697817],[-118.14509806,49.26730866],[-118.14511646,49.26776931],[-118.14514456,49.26838991],[-118.1451771,49.26919032],[-118.14520936,49.26999037],[-118.14515593,49.27033996],[-118.14512185,49.2705629],[-118.14480425,49.27110588],[-118.14425731,49.27161895],[-118.14366575,49.2718746],[-118.14304365,49.27205369],[-118.1422066,49.27218792],[-118.14176168,49.27225117],[-118.14125235,49.27232358],[-118.14072573,49.2723662],[-118.14025816,49.27240405],[-118.13932345,49.27247738],[-118.1393233,49.2724774],[-118.13893179,49.27250623],[-118.13882793,49.27251816],[-118.13865571,49.27253792],[-118.13796077,49.27241295],[-118.13788272,49.2723823],[-118.13776829,49.27233736],[-118.13761261,49.27227622],[-118.13751597,49.27222089],[-118.13751581,49.2722208],[-118.13735393,49.27212811],[-118.13722698,49.27197643],[-118.13722697,49.27197639],[-118.13721726,49.27195734],[-118.1372172,49.27195723],[-118.13714028,49.27180624],[-118.13713543,49.27159047],[-118.13713351,49.27151098],[-118.13713304,49.27149149],[-118.13708706,49.27128497],[-118.13704544,49.27118561],[-118.1370195,49.27112368],[-118.13699877,49.27105497],[-118.13696633,49.27094744],[-118.13692446,49.27086625],[-118.13684369,49.27070959],[-118.13659576,49.27042617],[-118.13659571,49.2704261],[-118.1365422,49.27036494],[-118.13602481,49.26992806],[-118.13597935,49.26989001],[-118.13585249,49.26978386],[-118.13571568,49.26961438],[-118.13561491,49.26941962],[-118.13557137,49.26932099],[-118.13556545,49.26926191],[-118.13555307,49.26913834],[-118.13555893,49.2690355],[-118.13556315,49.26896138],[-118.13561275,49.26873284],[-118.13561276,49.26873279],[-118.13562788,49.26860833],[-118.13564741,49.26844759],[-118.13588919,49.2682742],[-118.13613462,49.26811896],[-118.13618525,49.26792954],[-118.13619445,49.26786288],[-118.13620249,49.26780456],[-118.13619821,49.26773981],[-118.13619514,49.26769347],[-118.13616381,49.26759698],[-118.13610767,49.26754576],[-118.1360565,49.26749907],[-118.13600884,49.26743498],[-118.13595694,49.26736519],[-118.13586591,49.267195],[-118.13579279,49.2669981],[-118.1357727,49.26694064],[-118.13574886,49.26687242],[-118.13576473,49.26676738],[-118.13579047,49.26667569],[-118.13579852,49.26664704],[-118.13586419,49.26652064],[-118.13592049,49.26643634],[-118.13599736,49.26632125],[-118.13602387,49.26625986],[-118.13602399,49.26625959],[-118.13607532,49.26614073],[-118.13608688,49.26607318],[-118.1361,49.26599653],[-118.13609974,49.26599648],[-118.13554556,49.26589578],[-118.13528097,49.2658477],[-118.13451347,49.26556428],[-118.13451306,49.26556392],[-118.13429956,49.26537557],[-118.13444492,49.26515803],[-118.13453525,49.26494119],[-118.13464143,49.26473326],[-118.13472043,49.26453493],[-118.13481115,49.26434516],[-118.1349157,49.26413722],[-118.13491496,49.26410091],[-118.13494184,49.26407385],[-118.13496213,49.26400308],[-118.13499362,49.26389333],[-118.13507174,49.26368575],[-118.13480683,49.26368645],[-118.13494301,49.26356697],[-118.13561307,49.26203706],[-118.13563484,49.26198609],[-118.13565598,49.26193502],[-118.13566642,49.26190946],[-118.13567666,49.26188385],[-118.13569685,49.26183262],[-118.13570672,49.26180696],[-118.13572601,49.26175556],[-118.13574478,49.26170409],[-118.13576298,49.26165254],[-118.13578057,49.26160088],[-118.13578923,49.26157504],[-118.13579771,49.26154917],[-118.13580605,49.26152328],[-118.13581426,49.26149737],[-118.13582234,49.26147145],[-118.1358303,49.2614455],[-118.13584574,49.26139355],[-118.13585323,49.26136755],[-118.13586061,49.26134154],[-118.13586785,49.2613155],[-118.13587494,49.26128946],[-118.1358819,49.2612634],[-118.13588873,49.26123731],[-118.1358954,49.26121122],[-118.13590195,49.2611851],[-118.13590835,49.26115899],[-118.13591466,49.26113285],[-118.13592675,49.26108052],[-118.13593832,49.26102815],[-118.13594929,49.26097572],[-118.13595973,49.26092324],[-118.13596961,49.26087072],[-118.13597893,49.26081815],[-118.13598767,49.26076555],[-118.13599587,49.2607129],[-118.13600349,49.26066021],[-118.13601048,49.26060749],[-118.13601263,49.26059049],[-118.1360136,49.26058197],[-118.13601627,49.26055644],[-118.13601914,49.26052236],[-118.13602076,49.26049677],[-118.13602123,49.26048824],[-118.13602196,49.26047118],[-118.13602254,49.26045411],[-118.13602292,49.26043705],[-118.13602314,49.26041998],[-118.13602316,49.26041146],[-118.13602296,49.26038585],[-118.1360228,49.26037733],[-118.13602203,49.26035173],[-118.13602168,49.26034319],[-118.13602034,49.26031761],[-118.13601981,49.26030908],[-118.13601856,49.26029203],[-118.13601715,49.260275],[-118.13601553,49.26025796],[-118.13601375,49.26024093],[-118.13601176,49.26022392],[-118.13600962,49.26020691],[-118.13600847,49.2601984],[-118.13600725,49.26018992],[-118.13600339,49.26016443],[-118.13599902,49.26013899],[-118.13599749,49.26013053],[-118.13599261,49.26010512],[-118.1359909,49.26009666],[-118.1359873,49.26007974],[-118.13598542,49.26007131],[-118.13597959,49.260046],[-118.1357839,49.25923198],[-118.13577003,49.25917137],[-118.13576009,49.25912587],[-118.13574745,49.25906515],[-118.1357355,49.25900438],[-118.13572426,49.25894355],[-118.13571121,49.25886743],[-118.13570389,49.25882172],[-118.13569924,49.25879124],[-118.13569258,49.25874549],[-118.13568837,49.25871497],[-118.13567859,49.25863864],[-118.13567157,49.25857754],[-118.13566523,49.25851641],[-118.13565833,49.25843994],[-118.1356536,49.25837875],[-118.13564957,49.25831752],[-118.13564623,49.25825628],[-118.13564362,49.25819503],[-118.13549181,49.2537508],[-118.13548968,49.25369723],[-118.13548772,49.25365705],[-118.13548543,49.25361686],[-118.1354828,49.2535767],[-118.13547987,49.25353656],[-118.1354766,49.25349642],[-118.135473,49.25345628],[-118.13546628,49.25338944],[-118.13546176,49.25334935],[-118.13545865,49.25332263],[-118.13545701,49.25330927],[-118.13545362,49.25328255],[-118.13545012,49.25325585],[-118.13544832,49.2532425],[-118.13544646,49.25322916],[-118.13544266,49.25320248],[-118.1354407,49.25318913],[-118.13543669,49.25316248],[-118.13543462,49.25314913],[-118.13543038,49.2531225],[-118.13542821,49.25310916],[-118.13542376,49.25308252],[-118.13542145,49.25306922],[-118.13541201,49.25301597],[-118.13540193,49.25296279],[-118.13539932,49.25294948],[-118.13538858,49.25289636],[-118.13537724,49.25284327],[-118.13536225,49.252777],[-118.13534638,49.25271081],[-118.13533302,49.25265792],[-118.13531911,49.25260511],[-118.1353009,49.25253918],[-118.13479149,49.25073905],[-118.13477498,49.25067813],[-118.13475534,49.25060188],[-118.13474779,49.25057135],[-118.1347368,49.25052551],[-118.13472278,49.25046433],[-118.13471273,49.25041839],[-118.13469995,49.25035709],[-118.13468789,49.25029573],[-118.13467654,49.25023431],[-118.13466849,49.25018823],[-118.13465839,49.25012672],[-118.13464899,49.25006515],[-118.13464035,49.25000356],[-118.13463429,49.24995732],[-118.13463051,49.24992649],[-118.13462345,49.24986479],[-118.13456814,49.24932706],[-118.13456633,49.24931006],[-118.13456446,49.24929307],[-118.13456249,49.24927607],[-118.13456044,49.24925909],[-118.13455829,49.2492421],[-118.13455605,49.24922513],[-118.13455372,49.24920816],[-118.1345513,49.2491912],[-118.1345488,49.24917423],[-118.13454619,49.24915729],[-118.13454079,49.24912339],[-118.13453196,49.2490726],[-118.13452232,49.24902189],[-118.1345154,49.2489881],[-118.13451183,49.24897122],[-118.13450443,49.24893749],[-118.13450062,49.24892063],[-118.13449668,49.24890378],[-118.13448857,49.24887013],[-118.1344844,49.2488533],[-118.13448009,49.2488365],[-118.13447128,49.24880292],[-118.13446676,49.24878613],[-118.13446215,49.24876936],[-118.13445743,49.2487526],[-118.13445262,49.24873586],[-118.13444279,49.24870239],[-118.13443252,49.248669],[-118.1344273,49.2486523],[-118.13442198,49.24863562],[-118.13441654,49.24861895],[-118.13440549,49.24858564],[-118.13439405,49.2485524],[-118.13438221,49.24851921],[-118.13437621,49.24850264],[-118.13437009,49.24848608],[-118.13436389,49.24846952],[-118.1337548,49.24685554],[-118.13373963,49.2468143],[-118.13372509,49.24677296],[-118.13371578,49.24674534],[-118.13370237,49.24670383],[-118.13368965,49.24666224],[-118.1336776,49.24662055],[-118.13366622,49.24657879],[-118.13365554,49.24653694],[-118.13364879,49.246509],[-118.13363925,49.24646705],[-118.13363326,49.24643903],[-118.13362758,49.246411],[-118.13361964,49.24636889],[-118.13361473,49.24634079],[-118.13361012,49.24631267],[-118.13360582,49.24628452],[-118.13360182,49.24625636],[-118.13359814,49.24622818],[-118.13359475,49.24619999],[-118.13359024,49.24615767],[-118.13358763,49.24612944],[-118.13358532,49.24610119],[-118.13358332,49.24607294],[-118.13358089,49.24603055],[-118.13357966,49.24600227],[-118.13357838,49.24595985],[-118.13357202,49.24539396],[-118.13357123,49.24535242],[-118.13356978,49.24531088],[-118.13356765,49.24526937],[-118.13356482,49.24522787],[-118.13356134,49.24518639],[-118.13355717,49.24514493],[-118.13355236,49.24510351],[-118.13354686,49.24506212],[-118.13354068,49.24502078],[-118.13353385,49.24497946],[-118.13352634,49.24493822],[-118.13351818,49.24489702],[-118.13350933,49.24485588],[-118.13349981,49.2448148],[-118.13348964,49.2447738],[-118.13347881,49.24473287],[-118.13346731,49.24469202],[-118.13345514,49.24465124],[-118.13344232,49.24461056],[-118.13342885,49.24456996],[-118.13324243,49.24403124],[-118.13323197,49.2439997],[-118.13322201,49.24396809],[-118.13321258,49.24393642],[-118.13320367,49.24390468],[-118.13319529,49.24387286],[-118.13318998,49.24385163],[-118.13318007,49.24380909],[-118.13317109,49.24376646],[-118.13316497,49.24373445],[-118.13316118,49.24371307],[-118.13315763,49.24369168],[-118.13315272,49.24365957],[-118.13314701,49.2436167],[-118.13314452,49.24359524],[-118.13314119,49.24356304],[-118.13313759,49.24352007],[-118.13313494,49.24347707],[-118.13313323,49.24343406],[-118.13313244,49.24339103],[-118.13313248,49.24335876],[-118.13313278,49.24333724],[-118.13313334,49.24331573],[-118.13313461,49.24328347],[-118.13313714,49.24324046],[-118.13313872,49.24321897],[-118.13314058,49.24319749],[-118.13314378,49.24316528],[-118.13314622,49.24314384],[-118.1334824,49.24055218],[-118.13348955,49.2405],[-118.13349457,49.24046523],[-118.13350523,49.24039571],[-118.13351667,49.24032629],[-118.13352577,49.24027423],[-118.13353211,49.24023955],[-118.13354538,49.24017024],[-118.13355585,49.24011832],[-118.13357051,49.24004912],[-118.13358204,49.23999728],[-118.13359401,49.23994548],[-118.13361069,49.2398765],[-118.13362372,49.23982481],[-118.13364179,49.23975597],[-118.13366066,49.23968721],[-118.13417579,49.23785036],[-118.13418263,49.23782552],[-118.13418919,49.23780064],[-118.13419857,49.23776326],[-118.13420448,49.23773832],[-118.13421013,49.23771333],[-118.13421811,49.23767582],[-118.13422783,49.23762572],[-118.13423442,49.23758809],[-118.13424229,49.23753785],[-118.13424743,49.23750013],[-118.13424903,49.23748755],[-118.13425204,49.23746239],[-118.13425347,49.23744979],[-118.13425481,49.2374372],[-118.13425608,49.23742459],[-118.13425727,49.237412],[-118.13425837,49.23739939],[-118.13426138,49.23736156],[-118.13426229,49.23734896],[-118.13426306,49.23733634],[-118.13426446,49.2373111],[-118.1342651,49.2372985],[-118.13426561,49.23728586],[-118.13426648,49.23726062],[-118.13426684,49.237248],[-118.13426708,49.23723538],[-118.13426742,49.23721013],[-118.13426749,49.23719751],[-118.13426744,49.23717225],[-118.13426734,49.23715963],[-118.13426711,49.23714702],[-118.13426651,49.23712177],[-118.13426615,49.23710914],[-118.13426569,49.23709652],[-118.13426513,49.2370839],[-118.13426387,49.23705866],[-118.13426316,49.23704605],[-118.13426147,49.23702082],[-118.13411221,49.23491783],[-118.13411095,49.23490124],[-118.1341095,49.23488467],[-118.13410784,49.23486811],[-118.13410515,49.23484329],[-118.13410303,49.23482675],[-118.13410079,49.23481021],[-118.13409959,49.23480195],[-118.1340958,49.23477718],[-118.13409003,49.23474419],[-118.1340869,49.23472773],[-118.13408185,49.23470306],[-118.13407446,49.23467021],[-118.13407251,49.23466202],[-118.13406432,49.23462927],[-118.13405301,49.23458843],[-118.1340432,49.23455588],[-118.13403263,49.23452341],[-118.13402988,49.2345153],[-118.13401853,49.23448296],[-118.13400638,49.23445073],[-118.13400325,49.23444269],[-118.13399355,49.23441862],[-118.13398692,49.23440261],[-118.13398014,49.23438662],[-118.13396953,49.23436271],[-118.13396592,49.23435476],[-118.13395109,49.23432302],[-118.1339355,49.23429144],[-118.13393151,49.23428356],[-118.1339193,49.23425997],[-118.13390668,49.23423649],[-118.13389367,49.23421311],[-118.13387577,49.23418205],[-118.13272558,49.23223109],[-118.1327046,49.23219456],[-118.13268458,49.23215776],[-118.13266556,49.23212076],[-118.13264751,49.23208354],[-118.13263047,49.23204613],[-118.13261442,49.23200852],[-118.13259937,49.23197074],[-118.13258533,49.23193279],[-118.13257232,49.23189469],[-118.1325603,49.23185645],[-118.13254931,49.23181806],[-118.13253934,49.23177957],[-118.13253041,49.23174095],[-118.13252249,49.23170227],[-118.13251562,49.23166348],[-118.13250978,49.23162461],[-118.13250497,49.23158571],[-118.13250119,49.23154673],[-118.13249847,49.23150774],[-118.13249678,49.23146871],[-118.13249612,49.23142965],[-118.13249651,49.23139061],[-118.13249792,49.23135157],[-118.13250039,49.23131255],[-118.1325039,49.23127359],[-118.13250843,49.23123464],[-118.132514,49.23119577],[-118.13252061,49.23115697],[-118.13252826,49.23111824],[-118.13253693,49.23107961],[-118.13254663,49.23104109],[-118.13255734,49.23100267],[-118.13256908,49.23096439],[-118.13258185,49.23092626],[-118.13259562,49.23088827],[-118.13261042,49.23085044],[-118.13286235,49.23022837],[-118.13286911,49.23021069],[-118.1328755,49.23019294],[-118.13288149,49.23017514],[-118.13288846,49.23015281],[-118.13289483,49.23013041],[-118.13290059,49.23010793],[-118.13290577,49.23008539],[-118.13291031,49.23006279],[-118.13291427,49.23004015],[-118.13291699,49.230022],[-118.13291985,49.2299993],[-118.13292211,49.22997656],[-118.13292347,49.22995834],[-118.13292476,49.229931],[-118.13292516,49.22991278],[-118.13292501,49.22988542],[-118.1329242,49.22986264],[-118.1329231,49.22984442],[-118.13292165,49.22982621],[-118.13291926,49.22980348],[-118.13291626,49.22978077],[-118.13291342,49.22976264],[-118.13290844,49.22973548],[-118.13290361,49.22971291],[-118.13271427,49.22887926],[-118.13254219,49.22812155],[-118.13168193,49.22433331],[-118.1316763,49.22430967],[-118.13167169,49.22429199],[-118.13166851,49.22428021],[-118.13166518,49.22426845],[-118.13166171,49.22425671],[-118.13165633,49.22423912],[-118.13165447,49.22423327],[-118.13164867,49.22421572],[-118.13164669,49.22420988],[-118.13164051,49.22419241],[-118.13163839,49.22418659],[-118.13163183,49.22416917],[-118.1316296,49.22416338],[-118.131625,49.2241518],[-118.1316203,49.22414024],[-118.13161546,49.22412871],[-118.1316105,49.2241172],[-118.13160542,49.22410571],[-118.13160021,49.22409424],[-118.13159488,49.2240828],[-118.13158944,49.22407139],[-118.13158384,49.22405999],[-118.13157813,49.22404863],[-118.13156937,49.22403163],[-118.13156639,49.22402599],[-118.13155724,49.22400908],[-118.13155414,49.22400346],[-118.13154463,49.22398663],[-118.1315414,49.22398104],[-118.13153152,49.22396431],[-118.13152816,49.22395874],[-118.13151792,49.2239421],[-118.13151097,49.22393104],[-118.13150388,49.22392001],[-118.13149668,49.22390902],[-118.13148935,49.22389807],[-118.13148188,49.22388715],[-118.13147054,49.22387083],[-118.13145494,49.2238492],[-118.13143889,49.2238277],[-118.13142235,49.22380637],[-118.13140538,49.2237852],[-118.13137524,49.22374916],[-118.13134957,49.22371924],[-118.1313236,49.22368943],[-118.13129731,49.22365975],[-118.1312707,49.22363018],[-118.13124379,49.22360073],[-118.13120284,49.22355679],[-118.13117514,49.22352766],[-118.13114716,49.22349866],[-118.13111886,49.22346976],[-118.13109026,49.22344101],[-118.13104677,49.22339812],[-118.13101742,49.2233697],[-118.13098776,49.2233414],[-118.13094272,49.22329922],[-118.13091233,49.22327127],[-118.13088163,49.22324344],[-118.13085064,49.22321578],[-118.13080362,49.22317453],[-118.1307719,49.22314721],[-118.1307399,49.22312003],[-118.13069136,49.22307955],[-118.1306422,49.22303939],[-118.13060904,49.22301281],[-118.13057565,49.22298637],[-118.13054193,49.22296009],[-118.13050797,49.22293396],[-118.13045651,49.22289505],[-118.13042185,49.22286932],[-118.13038693,49.22284374],[-118.13035173,49.2228183],[-118.13031627,49.22279304],[-118.12956642,49.22226611],[-118.12950645,49.22222326],[-118.1294476,49.22217975],[-118.12938989,49.22213558],[-118.12933331,49.22209078],[-118.12927792,49.22204536],[-118.12922371,49.22199933],[-118.12917072,49.22195269],[-118.12911894,49.22190548],[-118.1290684,49.22185769],[-118.12901911,49.22180935],[-118.12897105,49.22176046],[-118.12892432,49.22171105],[-118.12887883,49.22166112],[-118.12883467,49.2216107],[-118.12863385,49.2213516],[-118.12859776,49.22129848],[-118.12856305,49.22124497],[-118.12852975,49.22119109],[-118.12849785,49.22113684],[-118.12846736,49.22108224],[-118.12843829,49.22102731],[-118.12841066,49.22097207],[-118.12838446,49.22091652],[-118.1283597,49.2208607],[-118.1283364,49.22080461],[-118.12831457,49.22074826],[-118.12829421,49.22069167],[-118.12827531,49.22063488],[-118.12825788,49.22057787],[-118.12824196,49.22052069],[-118.12822751,49.22046333],[-118.12821456,49.22040581],[-118.12820309,49.22034817],[-118.12819314,49.2202904],[-118.12810413,49.21973167],[-118.12809714,49.21969112],[-118.12808905,49.21965066],[-118.1280799,49.21961029],[-118.12806968,49.21957003],[-118.12805837,49.2195299],[-118.12804601,49.21948988],[-118.12803259,49.21945003],[-118.12801812,49.21941035],[-118.12800259,49.21937082],[-118.12798602,49.21933148],[-118.12796839,49.21929233],[-118.12794974,49.21925339],[-118.12793004,49.21921468],[-118.12790933,49.21917618],[-118.1278876,49.21913793],[-118.12786485,49.21909994],[-118.1278411,49.21906221],[-118.12781636,49.21902474],[-118.12779062,49.21898758],[-118.12776388,49.21895072],[-118.1277362,49.21891417],[-118.12770752,49.21887792],[-118.12767789,49.21884203],[-118.12764731,49.21880646],[-118.12761581,49.21877125],[-118.12758336,49.21873642],[-118.12754998,49.21870196],[-118.12751571,49.21866786],[-118.12748053,49.21863418],[-118.12744448,49.21860091],[-118.12740752,49.21856805],[-118.12736972,49.21853562],[-118.12733104,49.21850361],[-118.12729153,49.21847206],[-118.1272512,49.21844096],[-118.12685066,49.21813757],[-118.12678961,49.21809081],[-118.12674932,49.21805936],[-118.12669945,49.21801978],[-118.12665015,49.2179799],[-118.12660142,49.21793972],[-118.12654369,49.21789111],[-118.12651514,49.21786665],[-118.1264774,49.21783387],[-118.12644935,49.21780917],[-118.12641225,49.21777606],[-118.12635732,49.21772608],[-118.12632119,49.21769254],[-118.12629434,49.21766726],[-118.12624128,49.21761642],[-118.12618911,49.21756519],[-118.1261548,49.21753083],[-118.12612933,49.21750496],[-118.12609571,49.2174703],[-118.12607076,49.21744421],[-118.12604603,49.21741801],[-118.1260134,49.21738295],[-118.12550917,49.21683658],[-118.12332971,49.2144748],[-118.12233647,49.21339837],[-118.12228777,49.21334512],[-118.12223963,49.2132916],[-118.12219211,49.21323784],[-118.1221569,49.21319735],[-118.12211048,49.21314318],[-118.12207608,49.21310239],[-118.12204204,49.21306148],[-118.12199723,49.21300673],[-118.12196404,49.21296552],[-118.12193119,49.21292418],[-118.12189872,49.21288274],[-118.12185598,49.21282727],[-118.1218139,49.2127716],[-118.12177246,49.21271572],[-118.12120642,49.21194068],[-118.12118174,49.21190719],[-118.12116292,49.21188212],[-118.1211375,49.21184879],[-118.1211182,49.21182389],[-118.12109213,49.21179079],[-118.12107233,49.21176604],[-118.12104558,49.21173318],[-118.12100478,49.21168412],[-118.1209771,49.21165158],[-118.12094906,49.21161918],[-118.12092064,49.21158692],[-118.12089185,49.21155481],[-118.1208627,49.21152282],[-118.1208332,49.21149098],[-118.12080332,49.2114593],[-118.12076545,49.2114199],[-118.12071927,49.21137293],[-118.12016533,49.21081818],[-118.1201301,49.2107823],[-118.12010394,49.21075527],[-118.12007803,49.21072815],[-118.12004385,49.21069182],[-118.1200185,49.21066446],[-118.1199934,49.21063701],[-118.1199521,49.21059105],[-118.11990344,49.21053555],[-118.11986365,49.21048903],[-118.11984011,49.21046099],[-118.11981682,49.21043287],[-118.11977854,49.21038579],[-118.11975591,49.21035743],[-118.11973353,49.21032898],[-118.11969679,49.21028139],[-118.11966076,49.21023356],[-118.11961846,49.21017587],[-118.119584,49.21012756],[-118.11955026,49.21007902],[-118.11766856,49.20733788],[-118.11762795,49.20727815],[-118.11760786,49.20724819],[-118.1175682,49.20718813],[-118.11752916,49.20712791],[-118.1174908,49.20706749],[-118.11745305,49.20700689],[-118.11741602,49.20694612],[-118.11737961,49.2068852],[-118.11734388,49.20682408],[-118.1173088,49.2067628],[-118.11727441,49.20670137],[-118.11724067,49.20663977],[-118.11720761,49.20657803],[-118.11717522,49.20651612],[-118.11714349,49.20645408],[-118.11711245,49.20639188],[-118.11708208,49.20632954],[-118.1170524,49.20626706],[-118.1170378,49.20623577],[-118.11700913,49.20617307],[-118.11699506,49.20614169],[-118.11696742,49.20607881],[-118.11694045,49.20601579],[-118.11691417,49.20595266],[-118.11688858,49.2058894],[-118.11686369,49.20582603],[-118.11683946,49.20576254],[-118.11681593,49.20569894],[-118.11679311,49.20563524],[-118.11677097,49.20557143],[-118.11674952,49.20550751],[-118.11672878,49.2054435],[-118.11670871,49.2053794],[-118.11668935,49.20531519],[-118.1166707,49.20525091],[-118.11665275,49.20518654],[-118.11663547,49.20512209],[-118.11662712,49.20508983],[-118.11661892,49.20505755],[-118.11660306,49.20499295],[-118.11658791,49.20492825],[-118.11657345,49.2048635],[-118.1165597,49.20479869],[-118.11655308,49.20476627],[-118.11654665,49.20473382],[-118.11653432,49.20466888],[-118.11652268,49.20460389],[-118.11651176,49.20453883],[-118.11650655,49.2045063],[-118.11649669,49.20444118],[-118.11648752,49.20437602],[-118.11648321,49.20434342],[-118.11647907,49.20431081],[-118.11647132,49.20424557],[-118.11646773,49.20421292],[-118.11646105,49.20414764],[-118.11630475,49.20253397],[-118.11630139,49.20250368],[-118.11629756,49.20247343],[-118.11629323,49.20244321],[-118.11628842,49.20241303],[-118.11628124,49.20237282],[-118.1162732,49.20233269],[-118.11626659,49.20230264],[-118.11625702,49.20226266],[-118.11624663,49.20222276],[-118.11623825,49.20219291],[-118.11622634,49.2021532],[-118.11621357,49.2021136],[-118.11619996,49.20207411],[-118.11618918,49.20204459],[-118.11617407,49.20200535],[-118.11615814,49.20196624],[-118.11614134,49.20192728],[-118.11612821,49.20189818],[-118.11610995,49.20185951],[-118.11609088,49.20182102],[-118.11607603,49.20179226],[-118.11606586,49.20177315],[-118.11604493,49.20173506],[-118.11603415,49.2017161],[-118.11601762,49.20168775],[-118.11600633,49.20166891],[-118.11598903,49.20164074],[-118.11597723,49.20162204],[-118.11595918,49.20159409],[-118.11594066,49.20156626],[-118.11592807,49.20154778],[-118.11590882,49.20152017],[-118.11589573,49.20150183],[-118.11587574,49.20147446],[-118.11586216,49.20145629],[-118.11584144,49.20142913],[-118.11582027,49.20140214],[-118.11579865,49.20137527],[-118.11577663,49.20134857],[-118.11527095,49.20075298],[-118.11524012,49.20071604],[-118.11521008,49.20067879],[-118.11518085,49.20064124],[-118.11515246,49.20060342],[-118.11513858,49.20058441],[-118.11511818,49.20055577],[-118.1150917,49.20051736],[-118.11506607,49.2004787],[-118.11504131,49.20043981],[-118.11502331,49.20041048],[-118.11501159,49.20039085],[-118.11498878,49.20035145],[-118.11497771,49.20033166],[-118.11496152,49.20030188],[-118.11494071,49.200262],[-118.11492078,49.20022193],[-118.11490641,49.20019177],[-118.11489713,49.20017158],[-118.11477906,49.19991004],[-118.11386945,49.19788054],[-118.11386327,49.19786736],[-118.1138547,49.19784987],[-118.11384804,49.19783679],[-118.11383881,49.19781945],[-118.11382428,49.19779358],[-118.1138167,49.19778074],[-118.11380627,49.19776368],[-118.11379821,49.19775094],[-118.11378714,49.19773406],[-118.1137757,49.19771729],[-118.1137639,49.19770061],[-118.11375174,49.19768406],[-118.11373924,49.19766761],[-118.11372638,49.19765129],[-118.11371649,49.19763912],[-118.11370302,49.197623],[-118.11369268,49.197611],[-118.11367859,49.19759512],[-118.11366416,49.19757936],[-118.11364941,49.19756373],[-118.11363432,49.19754826],[-118.11362277,49.19753673],[-118.11360708,49.19752151],[-118.11359108,49.19750642],[-118.11357886,49.1974952],[-118.11356229,49.19748037],[-118.11354541,49.1974657],[-118.11319324,49.19716864],[-118.11317639,49.19715433],[-118.1131514,49.1971327],[-118.11313495,49.19711819],[-118.11311056,49.19709629],[-118.1130945,49.19708159],[-118.11307073,49.19705939],[-118.11305508,49.19704451],[-118.11303192,49.19702203],[-118.11300912,49.19699941],[-118.11299413,49.19698422],[-118.11297931,49.19696899],[-118.11295739,49.19694598],[-118.11294299,49.19693057],[-118.11292168,49.19690731],[-118.11290079,49.19688391],[-118.11288706,49.19686822],[-118.11286679,49.19684458],[-118.1128535,49.19682873],[-118.11283389,49.19680485],[-118.11281467,49.19678084],[-118.11279585,49.19675669],[-118.11278353,49.19674052],[-118.11277137,49.19672429],[-118.11275348,49.19669984],[-118.11274178,49.19668347],[-118.11272456,49.19665881],[-118.11270222,49.19662575],[-118.11268062,49.19659248],[-118.11265976,49.196559],[-118.11264458,49.19653378],[-118.11063741,49.19314187],[-118.11061806,49.19310792],[-118.11059925,49.19307383],[-118.110581,49.19303963],[-118.11056915,49.19301675],[-118.11055182,49.19298233],[-118.11053504,49.1929478],[-118.11052418,49.19292472],[-118.11050835,49.19288999],[-118.11049307,49.19285515],[-118.11048321,49.19283187],[-118.11047359,49.19280856],[-118.11045964,49.19277348],[-118.11044626,49.19273831],[-118.11043344,49.19270306],[-118.11042119,49.19266772],[-118.11041335,49.19264411],[-118.11040577,49.19262046],[-118.11039486,49.19258493],[-118.11038791,49.19256121],[-118.11037797,49.19252555],[-118.11037165,49.19250175],[-118.11036269,49.19246599],[-118.11035428,49.19243017],[-118.11034901,49.19240626],[-118.11034157,49.19237034],[-118.11033472,49.19233437],[-118.11025382,49.19189039],[-118.11024817,49.19186314],[-118.11024501,49.19184954],[-118.11024046,49.19183145],[-118.11023553,49.1918134],[-118.1102302,49.1917954],[-118.11022447,49.19177745],[-118.11021993,49.19176403],[-118.11021354,49.19174618],[-118.11020677,49.19172839],[-118.11020143,49.19171509],[-118.11019398,49.19169742],[-118.11018815,49.19168421],[-118.11018002,49.19166665],[-118.11017155,49.19164919],[-118.11016803,49.19164229],[-118.11016268,49.1916318],[-118.11015344,49.1916145],[-118.11014384,49.19159729],[-118.11013385,49.19158015],[-118.11012612,49.19156736],[-118.11011549,49.1915504],[-118.11010213,49.19152999],[-118.10993132,49.19134149],[-118.10941577,49.19085288],[-118.10896191,49.19021534],[-118.10905397,49.1894076],[-118.10963928,49.18880414],[-118.11004247,49.18860728],[-118.11018958,49.18853213],[-118.11053431,49.18826214],[-118.11070082,49.18787473],[-118.11067872,49.1876005],[-118.11048558,49.1873408],[-118.11018273,49.18710777],[-118.10993715,49.18701237],[-118.10906337,49.18687611],[-118.1082407,49.18660109],[-118.10731112,49.18594827],[-118.10701609,49.18545389],[-118.10675076,49.18449189],[-118.10668225,49.18352879],[-118.10669694,49.18308152],[-118.10659122,49.1828032],[-118.10614425,49.18238815],[-118.10435289,49.18094696],[-118.10307739,49.17987434],[-118.10126984,49.17834724],[-118.09966184,49.17708988],[-118.09897585,49.17627554],[-118.09834099,49.1752046],[-118.0983154,49.17475443],[-118.09843672,49.17397813],[-118.09841346,49.17353133],[-118.09823113,49.17313709],[-118.09472084,49.16684914],[-118.09435076,49.16684914],[-118.08939743,49.16684914],[-118.08939934,49.16597938],[-118.08940114,49.1533655],[-118.08940125,49.15264321],[-118.08927908,49.15264323],[-118.03908059,49.15264299],[-118.03909124,49.15262481],[-118.03914426,49.15253737],[-118.03915205,49.15252763],[-118.03920218,49.15246489],[-118.03925558,49.15239544],[-118.03932157,49.15226527],[-118.0393216,49.15226521],[-118.03936094,49.15218759],[-118.0394161,49.15210501],[-118.03941621,49.15210485],[-118.03949391,49.15198849],[-118.03957355,49.15186184],[-118.03968005,49.15170796],[-118.03983195,49.15154996],[-118.03985453,49.15152647],[-118.03991637,49.15147803],[-118.03999395,49.15141726],[-118.04017871,49.15128966],[-118.04035488,49.15118913],[-118.04056113,49.15108895],[-118.04061281,49.15106386],[-118.04085717,49.15094472],[-118.04108325,49.15079975],[-118.04134883,49.15062944],[-118.04192375,49.15023405],[-118.04210137,49.1501119],[-118.04289896,49.15007271],[-118.04316149,49.15008858],[-118.04350313,49.15010923],[-118.0436691,49.15009611],[-118.0438743,49.15007988],[-118.0441392,49.14998691],[-118.0443069,49.14992805],[-118.04489763,49.14961585],[-118.04597594,49.14915931],[-118.04655042,49.1489902],[-118.04738425,49.14874473],[-118.0484507,49.14837823],[-118.04930712,49.14802262],[-118.04960076,49.14786562],[-118.04960099,49.1478655],[-118.04973501,49.14779385],[-118.05000604,49.14756949],[-118.05012024,49.14734955],[-118.05027541,49.14722786],[-118.05027577,49.14722757],[-118.05029545,49.14721213],[-118.05029559,49.14721202],[-118.05031446,49.1471994],[-118.05031606,49.14719833],[-118.0504849,49.14708536],[-118.05044154,49.14690698],[-118.05044152,49.14690684],[-118.05055931,49.14671387],[-118.05072546,49.14659035],[-118.05072582,49.14659008],[-118.05083832,49.14650643],[-118.05107727,49.1463832],[-118.05107977,49.14638191],[-118.05156628,49.14613099],[-118.05226973,49.14586938],[-118.05227146,49.14586874],[-118.05259122,49.14574983],[-118.05361713,49.14541563],[-118.05453263,49.14512041],[-118.05492123,49.14502105],[-118.05492179,49.1450209],[-118.05533122,49.14491621],[-118.05594786,49.14468268],[-118.05649467,49.14446078],[-118.05656655,49.14442028],[-118.05717817,49.14407571],[-118.05782945,49.14360897],[-118.05782932,49.14360893],[-118.05741946,49.14348383],[-118.05665634,49.14325089],[-118.05566266,49.14294515],[-118.05566261,49.14294514],[-118.05565134,49.1424145],[-118.05558482,49.14164952],[-118.05558481,49.14164948],[-118.05551807,49.1410174],[-118.0554511,49.14051826],[-118.0556168,49.140001],[-118.05589343,49.13946772],[-118.05628087,49.13891845],[-118.05651589,49.13847413],[-118.056606,49.13830377],[-118.05660589,49.13830373],[-118.0556116,49.13796203],[-118.05561173,49.13796192],[-118.055782,49.13781567],[-118.05578228,49.13781543],[-118.05615616,49.13749428],[-118.0563304,49.13720742],[-118.0564785,49.13696359],[-118.05656465,49.1364527],[-118.05657862,49.13636997],[-118.05620592,49.13582164],[-118.0558315,49.13547723],[-118.05558104,49.13523165],[-118.05551161,49.13515109],[-118.05545453,49.13508487],[-118.05543797,49.13495009],[-118.05539398,49.13481555],[-118.0553361,49.13467216],[-118.0552647,49.13453787],[-118.05523815,49.13447838],[-118.05519273,49.13437661],[-118.05515009,49.13430504],[-118.05510421,49.13423852],[-118.05506993,49.13418883],[-118.05499396,49.13405459],[-118.05556372,49.13377052],[-118.05511064,49.1333031],[-118.05510927,49.13330168],[-118.05487227,49.13305718],[-118.05456237,49.13272308],[-118.05433447,49.13247738],[-118.05419567,49.13233538],[-118.05409626,49.13223368],[-118.05386276,49.13199692],[-118.05363415,49.13176729],[-118.05363399,49.13176712],[-118.05357823,49.13147779],[-118.05351247,49.13113654],[-118.05345019,49.13042546],[-118.05343361,49.12964298],[-118.05343474,49.12904926],[-118.05343474,49.12904918],[-118.05350268,49.12844594],[-118.05365284,49.12791382],[-118.05392911,49.12765443],[-118.05420028,49.12744205],[-118.05432632,49.12736372],[-118.05446635,49.1272767],[-118.05442687,49.12719414],[-118.05426553,49.12685674],[-118.05424917,49.12672758],[-118.05422165,49.12651031],[-118.05433464,49.12623741],[-118.05445999,49.12568453],[-118.05433162,49.12501703],[-118.05424043,49.1247686],[-118.05408918,49.12435656],[-118.0537307,49.1238261],[-118.05352059,49.12358853],[-118.05337028,49.12341858],[-118.0530384,49.12292085],[-118.0528431,49.12271155],[-118.05269715,49.12255514],[-118.05234661,49.12232152],[-118.05234651,49.12232146],[-118.05235739,49.12224279],[-118.05235741,49.12224262],[-118.05236103,49.12221637],[-118.05236294,49.12220901],[-118.05236302,49.12220869],[-118.052392,49.12209616],[-118.0524654,49.12193746],[-118.05248811,49.12188838],[-118.05282679,49.12167767],[-118.05335382,49.12134977],[-118.05335387,49.12134974],[-118.05314934,49.12106515],[-118.0528957,49.12071222],[-118.05244386,49.12022958],[-118.05209902,49.11997587],[-118.05209882,49.11997571],[-118.05199836,49.1199018],[-118.05189383,49.11980317],[-118.05175287,49.11967015],[-118.05148902,49.1193637],[-118.05144606,49.1192388],[-118.05139168,49.11908073],[-118.05134053,49.11882232],[-118.05129658,49.11868779],[-118.05125946,49.11857845],[-118.0512235,49.11847256],[-118.05114218,49.11829939],[-118.05106594,49.11815015],[-118.05099477,49.11802486],[-118.05090098,49.11794854],[-118.05084293,49.1179013],[-118.05074504,49.11780888],[-118.05067202,49.11773994],[-118.05063788,49.11770415],[-118.05048204,49.11754076],[-118.05038201,49.1172748],[-118.05027915,49.11701886],[-118.05017346,49.11677295],[-118.05017007,49.11596336],[-118.05057015,49.11587277],[-118.05084133,49.11573536],[-118.05101596,49.11556886],[-118.05105506,49.11542285],[-118.05108652,49.11530534],[-118.05114001,49.11509795],[-118.0511571,49.11502688],[-118.0511764,49.11494669],[-118.05124263,49.11483814],[-118.05129153,49.11455883],[-118.0512594,49.11419734],[-118.05125938,49.11419702],[-118.05125559,49.11415436],[-118.05176495,49.11426466],[-118.05205254,49.11427905],[-118.05215362,49.11428411],[-118.05240874,49.11417983],[-118.05250675,49.11409401],[-118.05259561,49.11401621],[-118.05285544,49.11355906],[-118.05319864,49.11321115],[-118.05326237,49.11314654],[-118.0538108,49.11308856],[-118.05432932,49.11305584],[-118.05498039,49.11268563],[-118.05535835,49.11247072],[-118.05530753,49.11220217],[-118.05522975,49.11179121],[-118.05518791,49.11159476],[-118.05514689,49.11140216],[-118.05518243,49.111068],[-118.05533638,49.11078872],[-118.05530146,49.11043422],[-118.05530145,49.11043406],[-118.05532168,49.1100962],[-118.05510609,49.10983729],[-118.05493127,49.10956302],[-118.05487115,49.10944297],[-118.05487112,49.10944292],[-118.05483111,49.10936303],[-118.05471296,49.10917521],[-118.05445885,49.1088237],[-118.05437154,49.10858261],[-118.05432591,49.10836913],[-118.05429173,49.10820424],[-118.05427504,49.10812371],[-118.05427204,49.10776692],[-118.0541497,49.10758568],[-118.05392939,49.10725929],[-118.05355604,49.10687603],[-118.0535559,49.10687589],[-118.05326756,49.10663164],[-118.05312662,49.10650611],[-118.05307982,49.10646443],[-118.05307233,49.10632657],[-118.05308685,49.10614951],[-118.05308267,49.10595165],[-118.05309294,49.10578964],[-118.05311786,49.10567246],[-118.05314108,49.10547435],[-118.05314109,49.10547425],[-118.05316504,49.10531221],[-118.05316645,49.10516235],[-118.05316645,49.10516227],[-118.05316852,49.10513635],[-118.05317728,49.10502723],[-118.0531983,49.10487012],[-118.05323448,49.10470886],[-118.05331248,49.10451024],[-118.05333322,49.10446741],[-118.05336499,49.10440182],[-118.05352355,49.10426944],[-118.0537319,49.10411561],[-118.05394979,49.10390971],[-118.05405214,49.10356694],[-118.05404677,49.10335223],[-118.05404213,49.10316623],[-118.05399145,49.1029298],[-118.05412538,49.10278466],[-118.05422185,49.10271648],[-118.05470281,49.10237657],[-118.05534128,49.10197593],[-118.05584421,49.10157352],[-118.05606345,49.10132226],[-118.05619939,49.10116646],[-118.0564378,49.10078047],[-118.05662535,49.10050888],[-118.0567751,49.10037457],[-118.05677559,49.10037413],[-118.0568539,49.10030389],[-118.0569916,49.10017976],[-118.0570421,49.10013424],[-118.05708709,49.10010308],[-118.05721761,49.10001269],[-118.05732142,49.09992248],[-118.05734315,49.09990359],[-118.05734327,49.09990345],[-118.05748132,49.09974341],[-118.05748148,49.09974323],[-118.05766542,49.09952483],[-118.05777142,49.09942538],[-118.05789674,49.09930781],[-118.05840133,49.09898533],[-118.05847324,49.09890821],[-118.0584733,49.09890814],[-118.05852635,49.09885125],[-118.05852516,49.09879541],[-118.05852309,49.09869835],[-118.05839157,49.09852664],[-118.05859403,49.09838385],[-118.0586358,49.09836086],[-118.05863602,49.09836074],[-118.05871582,49.09831682],[-118.0587159,49.09831677],[-118.05854879,49.09818936],[-118.05849007,49.09814732],[-118.05839578,49.09807982],[-118.05833661,49.09801487],[-118.05826486,49.09793609],[-118.05817006,49.09777304],[-118.05809776,49.09759379],[-118.05803681,49.09748677],[-118.05803671,49.0974866],[-118.05798393,49.09739393],[-118.05792103,49.0972867],[-118.05787021,49.09720006],[-118.05783316,49.09715306],[-118.05783278,49.09715257],[-118.05772473,49.09701548],[-118.05761708,49.0968904],[-118.05756086,49.09682508],[-118.05748799,49.09661885],[-118.05739736,49.09643677],[-118.05725996,49.0962741],[-118.05709355,49.0961067],[-118.05691156,49.09592246],[-118.05684036,49.09579518],[-118.05674134,49.09564815],[-118.05661947,49.09549934],[-118.05644731,49.09534799],[-118.05634575,49.0952623],[-118.05630317,49.09522637],[-118.05626038,49.09519798],[-118.05626029,49.09519793],[-118.05618276,49.0951465],[-118.05601795,49.09506882],[-118.05586451,49.09499649],[-118.05578138,49.09495227],[-118.05578121,49.09495219],[-118.05554763,49.09483847],[-118.05532968,49.0947525],[-118.05532955,49.09475245],[-118.05510908,49.09468556],[-118.05510892,49.09468551],[-118.05487003,49.09460977],[-118.05486983,49.09460967],[-118.05417852,49.0942923],[-118.0541784,49.09429225],[-118.05429955,49.09408115],[-118.05432372,49.09403904],[-118.05432372,49.09403897],[-118.05439333,49.09344469],[-118.05439333,49.09344466],[-118.05446101,49.0927604],[-118.0545008,49.09239961],[-118.05450082,49.09239941],[-118.05454144,49.09203102],[-118.05460951,49.09136471],[-118.05472532,49.09036514],[-118.05543487,49.08952005],[-118.05601819,49.08868011],[-118.05609859,49.08795072],[-118.05627022,49.08635692],[-118.05631277,49.0859879],[-118.0563512,49.08565451],[-118.05643007,49.08485318],[-118.05643002,49.08485312],[-118.0558963,49.08400947],[-118.05548974,49.0831346],[-118.05544008,49.08303486],[-118.0551083,49.08236846],[-118.05457793,49.08168264],[-118.0545779,49.08168261],[-118.05448688,49.08160148],[-118.05448627,49.08160093],[-118.05389865,49.08107713],[-118.05341537,49.08067374],[-118.05328783,49.08054375],[-118.05315878,49.0804122],[-118.05307364,49.08033361],[-118.05298186,49.0802489],[-118.05284821,49.08010872],[-118.05282315,49.08008243],[-118.05279346,49.08003427],[-118.05279314,49.08003375],[-118.05259153,49.07970672],[-118.05245158,49.07955403],[-118.05232988,49.07942124],[-118.05224327,49.0793247],[-118.05214132,49.07921106],[-118.05208095,49.07910727],[-118.0520809,49.07910719],[-118.05202449,49.07901023],[-118.05199314,49.07889644],[-118.05197505,49.07883076],[-118.05188853,49.07862465],[-118.05184613,49.07856206],[-118.05179251,49.07847508],[-118.05179245,49.07847498],[-118.05174687,49.07840105],[-118.05166093,49.07822192],[-118.05160256,49.07805153],[-118.05154419,49.07794603],[-118.05148866,49.07784567],[-118.05143511,49.07768723],[-118.05140068,49.07761441],[-118.05137299,49.07755586],[-118.05133587,49.07747034],[-118.05133581,49.07747021],[-118.05132502,49.07744535],[-118.05124966,49.07733508],[-118.05117786,49.07724979],[-118.05110406,49.07720183],[-118.05108531,49.07718965],[-118.05101544,49.0771681],[-118.05097198,49.0771547],[-118.05097175,49.07715455],[-118.05083462,49.077062],[-118.05067467,49.07690853],[-118.05062741,49.07684852],[-118.05061839,49.07683707],[-118.05051932,49.07668505],[-118.05036456,49.07648856],[-118.0502558,49.07636502],[-118.05023362,49.07633981],[-118.05011244,49.07622098],[-118.05005672,49.07617651],[-118.05005668,49.07617648],[-118.05002769,49.07614812],[-118.049847,49.07597151],[-118.04974004,49.07587766],[-118.04962379,49.07577564],[-118.04958782,49.07572997],[-118.04955344,49.07568632],[-118.04932872,49.07541849],[-118.04932869,49.07541844],[-118.04919774,49.07505086],[-118.04964504,49.07484282],[-118.04964565,49.07484254],[-118.04982903,49.07475725],[-118.05034775,49.07439271],[-118.05085503,49.07377438],[-118.05125418,49.07338811],[-118.05125454,49.07338775],[-118.05147228,49.07317704],[-118.05191721,49.07275541],[-118.05191786,49.07275479],[-118.05209424,49.07258765],[-118.05231841,49.07234111],[-118.05231903,49.07234042],[-118.05259826,49.07203332],[-118.05284346,49.0718205],[-118.05311964,49.07158077],[-118.05337484,49.07140473],[-118.0533782,49.07140241],[-118.0537569,49.07114117],[-118.05443517,49.07063737],[-118.05443539,49.0706372],[-118.05504257,49.07014288],[-118.05504264,49.07014282],[-118.05555005,49.06961049],[-118.05585634,49.06891702],[-118.05589295,49.06878045],[-118.05589303,49.06878014],[-118.05604947,49.06819659],[-118.05612889,49.06742224],[-118.05610936,49.06657282],[-118.05595441,49.06586458],[-118.05564301,49.06537729],[-118.05556895,49.06526139],[-118.05519671,49.06463509],[-118.05516206,49.06457241],[-118.05483767,49.06398569],[-118.05470417,49.06328424],[-118.05455455,49.06261092],[-118.05450536,49.06241943],[-118.0543888,49.06196575],[-118.05409383,49.06139571],[-118.05402676,49.06113762],[-118.05392825,49.06075853],[-118.05389194,49.0600482],[-118.05375584,49.05978907],[-118.05360668,49.05950506],[-118.0532125,49.05898698],[-118.05321244,49.05898691],[-118.05279494,49.05851794],[-118.05242399,49.05824203],[-118.05232365,49.05816741],[-118.05191569,49.05786227],[-118.05191575,49.05786224],[-118.05217235,49.05771844],[-118.05250491,49.05753206],[-118.05318382,49.05720002],[-118.05318396,49.05719995],[-118.05332172,49.05713532],[-118.05413558,49.05675353],[-118.05488269,49.05619597],[-118.05526424,49.05557028],[-118.05531481,49.05548735],[-118.05535771,49.05538367],[-118.05561575,49.05475994],[-118.05590418,49.05401765],[-118.05628681,49.05334247],[-118.05641665,49.05303334],[-118.05656622,49.05267722],[-118.05674609,49.0519799],[-118.05677528,49.05173478],[-118.05677536,49.05173403],[-118.05681579,49.05139454],[-118.05685189,49.05107488],[-118.05688494,49.0507822],[-118.05627384,49.050362],[-118.05627381,49.05036197],[-118.05593846,49.05010718],[-118.05578163,49.04998682],[-118.05578141,49.04998664],[-118.05566949,49.04990074],[-118.0555068,49.0497583],[-118.05535968,49.0496327],[-118.05527106,49.04954056],[-118.05523355,49.04950074],[-118.05520105,49.04946624],[-118.05516516,49.04942963],[-118.05516508,49.04942955],[-118.05513111,49.04939491],[-118.05500492,49.04925213],[-118.05491997,49.04911798],[-118.05484764,49.04903061],[-118.05484746,49.0490304],[-118.05477952,49.04894834],[-118.05472282,49.04890006],[-118.05461228,49.04880593],[-118.05455908,49.0487295],[-118.05455906,49.04872947],[-118.0545072,49.04865497],[-118.05443661,49.04858165],[-118.05438127,49.04852417],[-118.05438103,49.04852403],[-118.05420402,49.04841185],[-118.0539859,49.04830789],[-118.05392055,49.04828038],[-118.05374195,49.04820517],[-118.05358196,49.04812804],[-118.05358183,49.04812797],[-118.05351611,49.04809629],[-118.05345402,49.04806271],[-118.05333616,49.04799897],[-118.0531142,49.04785706],[-118.05300347,49.0477981],[-118.05300336,49.04779804],[-118.0528973,49.0477391],[-118.05282291,49.04769588],[-118.05279568,49.04768006],[-118.05261534,49.04756476],[-118.05257265,49.04753317],[-118.05252729,49.0474996],[-118.05248859,49.04746745],[-118.05243444,49.04742248],[-118.05234196,49.04736335],[-118.05224041,49.04730731],[-118.05217817,49.0472829],[-118.05206102,49.04723697],[-118.05196712,49.0472021],[-118.05189549,49.04717551],[-118.05173512,49.04713503],[-118.05173499,49.047135],[-118.05155354,49.0470397],[-118.0514421,49.04696321],[-118.05128046,49.04685227],[-118.05098065,49.0466225],[-118.05091571,49.04657273],[-118.05080166,49.04650306],[-118.05019019,49.04612954],[-118.04930265,49.04593472],[-118.04843175,49.04580371],[-118.04843167,49.0458037],[-118.04840276,49.04573022],[-118.04828709,49.04543619],[-118.04831514,49.04517061],[-118.04834416,49.04489592],[-118.04839972,49.0442837],[-118.04853704,49.04300505],[-118.0487168,49.04237072],[-118.0488803,49.0419904],[-118.0490067,49.0416964],[-118.04931042,49.04102895],[-118.04930896,49.04038128],[-118.04906449,49.03988065],[-118.04906343,49.03987849],[-118.04900233,49.03975336],[-118.04896728,49.03967771],[-118.04895443,49.03962887],[-118.04895439,49.03962872],[-118.0489392,49.03957102],[-118.04893908,49.03948149],[-118.0489389,49.03934013],[-118.04893607,49.039206],[-118.04893607,49.03920576],[-118.04893568,49.03918723],[-118.04893279,49.03915754],[-118.04891822,49.03900748],[-118.04890522,49.03893253],[-118.04890264,49.03891766],[-118.0489019,49.03888231],[-118.0489019,49.03888218],[-118.04889311,49.03846388],[-118.04889206,49.038414],[-118.04892875,49.03820675],[-118.04895675,49.0380831],[-118.04899134,49.03793032],[-118.04909502,49.03764581],[-118.04912071,49.03757531],[-118.04896498,49.03739981],[-118.04883999,49.0372361],[-118.04883992,49.03723602],[-118.04882608,49.03716619],[-118.04881441,49.03710732],[-118.0488104,49.03702947],[-118.04880669,49.03695746],[-118.04880272,49.03691816],[-118.04878943,49.03678669],[-118.04878152,49.03671408],[-118.04877247,49.03663092],[-118.04876989,49.036508],[-118.04881543,49.03643002],[-118.0488227,49.03641755],[-118.04890095,49.03623394],[-118.04890097,49.03623391],[-118.04906615,49.0360739],[-118.04913632,49.03600594],[-118.04913635,49.03600591],[-118.04943257,49.03570634],[-118.04961726,49.03550432],[-118.04973572,49.03537475],[-118.04973241,49.03532862],[-118.04973237,49.03532804],[-118.04971418,49.03507409],[-118.04968614,49.03490156],[-118.04968611,49.03490136],[-118.04965482,49.0347088],[-118.04963074,49.03448294],[-118.04960936,49.03428241],[-118.04973708,49.03385045],[-118.04973712,49.0338504],[-118.04993536,49.03352497],[-118.04993547,49.0335248],[-118.05010823,49.03328334],[-118.05023043,49.03309432],[-118.05027014,49.03298213],[-118.05029929,49.03289978],[-118.05041326,49.03268184],[-118.0504395,49.03261817],[-118.05043986,49.03261729],[-118.05053476,49.03238687],[-118.05066112,49.03210685],[-118.05066113,49.03210681],[-118.05071077,49.03186652],[-118.05073079,49.0317344],[-118.05088836,49.03142111],[-118.05097697,49.03131104],[-118.05118907,49.03104754],[-118.05141379,49.03086329],[-118.05163287,49.03068366],[-118.05189861,49.03054954],[-118.05207657,49.03045973],[-118.05237089,49.03036108],[-118.05303106,49.03009419],[-118.05338524,49.02994396],[-118.05361202,49.02984766],[-118.05405703,49.02965902],[-118.05512746,49.02938736],[-118.05618103,49.02918081],[-118.05710272,49.02913957],[-118.05719241,49.02913556],[-118.05725818,49.0285503],[-118.05728449,49.0283161],[-118.05735226,49.0276408],[-118.05747347,49.02749093],[-118.05803063,49.02680198],[-118.05805392,49.02676067],[-118.05846563,49.02603043],[-118.05846569,49.02603034],[-118.05865746,49.02532591],[-118.05917257,49.02500541],[-118.05917314,49.02500505],[-118.05967001,49.0246959],[-118.05965947,49.02415416],[-118.05965332,49.02383846],[-118.05952984,49.02303297],[-118.05929947,49.02227645],[-118.05906907,49.02151691],[-118.0587815,49.02085686],[-118.05849837,49.02019077],[-118.05833548,49.01953258],[-118.05831106,49.01919861],[-118.05828838,49.01888831],[-118.05780003,49.0182181],[-118.05761974,49.0178907],[-118.05742545,49.01753785],[-118.05721622,49.01747142],[-118.0570399,49.01741544],[-118.05703984,49.01741539],[-118.05651986,49.01675452],[-118.05657657,49.01672572],[-118.05657743,49.01672528],[-118.05709719,49.01646136],[-118.0573901,49.01624267],[-118.05739052,49.01624236],[-118.05757291,49.01610617],[-118.05773917,49.01582258],[-118.05773925,49.01582245],[-118.05798651,49.0154007],[-118.05849284,49.01491328],[-118.05899997,49.01446484],[-118.05921974,49.01433229],[-118.05960913,49.01409741],[-118.05980598,49.01392605],[-118.06009999,49.0136701],[-118.06026046,49.0135412],[-118.06069911,49.01318882],[-118.06097395,49.01284542],[-118.06120683,49.01255444],[-118.06173511,49.01181593],[-118.0618952,49.01150429],[-118.06216846,49.01097233],[-118.06237949,49.01062634],[-118.06245477,49.01050291],[-118.06273319,49.01009152],[-118.06288921,49.00971228],[-118.06325657,49.00926809],[-118.06372122,49.00875405],[-118.06432493,49.00820873],[-118.06432487,49.00820863],[-118.06432474,49.00820842],[-118.06394026,49.00755458],[-118.06365286,49.00682957],[-118.0644773,49.00616228],[-118.06525835,49.00559733],[-118.06599598,49.00513472],[-118.06675848,49.00477084],[-118.06750282,49.00441012],[-118.06822898,49.00405256],[-118.06861429,49.00367017],[-118.06910358,49.00339077],[-118.06970997,49.00311727],[-118.07054298,49.00292663],[-118.07139513,49.00263685],[-118.07213851,49.00230509],[-118.07266503,49.00192137],[-118.07308334,49.00152167],[-118.07361427,49.00120287],[-118.07424023,49.00085221],[-118.075074,49.00055857],[-118.07601908,49.00028389],[-118.07649707,49.00018442],[-118.07655974,49.00017138],[-118.0630957,49.00019384],[-118.0625308,49.00019455],[-118.03900113,49.00022126],[-117.99211111,49.00027858],[-117.9332196,49.00036261],[-117.8941428,49.00041602],[-117.83177889,49.00049969],[-117.83168771,49.00049969],[-117.83158761,49.00050005],[-117.83152845,49.00050005],[-117.83116942,49.00049969],[-117.82675659,49.00050283],[-117.77344489,49.00052639],[-117.75863148,49.00056271],[-117.73769378,49.00061042],[-117.69747117,49.00066739],[-117.65716586,49.00069445],[-117.63749706,49.00075142],[-117.63192903,49.00075178],[-117.62758671,49.00075178],[-117.62525906,49.00074928],[-117.62480124,49.00074893],[-117.5802538,49.00069409],[-117.50846817,49.00061042],[-117.46935916,49.00054989],[-117.46935785,49.00066347],[-117.46935819,49.00070941],[-117.46946218,49.01176519],[-117.4694606,49.01512525],[-117.46946019,49.01551157],[-117.4694584,49.01900409],[-117.46945488,49.02624299],[-117.46945299,49.02968245],[-117.46945286,49.02986226],[-117.46945084,49.03400066],[-117.46944979,49.0365742],[-117.46944644,49.04288843],[-117.46944624,49.04305507],[-117.46944598,49.04376966],[-117.46609785,49.04550221],[-117.46609721,49.0467046],[-117.46609669,49.04821676],[-117.46609665,49.04824025],[-117.46609643,49.04835669],[-117.46609483,49.04950389],[-117.46609441,49.0498546],[-117.46609461,49.04999702],[-117.46609455,49.0500255],[-117.46609412,49.05047164],[-117.46609239,49.05180683],[-117.46609113,49.05273292],[-117.46608468,49.05440637],[-117.46608064,49.05542575],[-117.46608066,49.05560556],[-117.46608106,49.05814492],[-117.46608099,49.05998393],[-117.46607812,49.06170331],[-117.46607788,49.0617439],[-117.46607618,49.0626853],[-117.4660915,49.0649238],[-117.46609866,49.06600086],[-117.46612122,49.06926871],[-117.46613224,49.07087166],[-117.46615516,49.0743072],[-117.46617365,49.07702175],[-117.46627916,49.08826303],[-117.48888762,49.08821853],[-117.48941681,49.08821746],[-117.49485846,49.08820642],[-117.49495384,49.08820606],[-117.50066645,49.08821212],[-117.5009549,49.08821247],[-117.50152334,49.08821283],[-117.50253928,49.0882139],[-117.5051532,49.08821639],[-117.50596975,49.08821568],[-117.5084135,49.08821105],[-117.51223882,49.08820393],[-117.51445397,49.08819965],[-117.51606057,49.08819645],[-117.51616985,49.08819645],[-117.51632256,49.09376618],[-117.51657531,49.09913652],[-117.5166125,49.09992873],[-117.51661416,49.09999994],[-117.51668218,49.10314495],[-117.51672697,49.10523534],[-117.51676129,49.10681372],[-117.51676289,49.10689454],[-117.51698067,49.11695337],[-117.51696012,49.12105617],[-117.51695579,49.12194309],[-117.5169212,49.12413459],[-117.5111696,49.12415631],[-117.51116793,49.12594619],[-117.51115884,49.1279262],[-117.51115656,49.12990442],[-117.51114984,49.13204394],[-117.51114597,49.13321286],[-117.51114457,49.13439887],[-117.51114349,49.13548376],[-117.51113889,49.13916677],[-117.50775899,49.13916071],[-117.50562446,49.1391568],[-117.50560923,49.14277607],[-117.50558162,49.14589758],[-117.50560082,49.14951792],[-117.50551209,49.14951792],[-117.50532647,49.14951792],[-117.50409491,49.14951828],[-117.50380918,49.14951899],[-117.5035038,49.14951899],[-117.50008087,49.14951828],[-117.50008156,49.15636481],[-117.50008163,49.16040422],[-117.49680259,49.16040458],[-117.49478805,49.16040458],[-117.49451364,49.16040458],[-117.49451325,49.16337868],[-117.48723626,49.16338224],[-117.4840889,49.16338402],[-117.48409644,49.17045095],[-117.48409683,49.17062186],[-117.484097,49.17111463],[-117.48409746,49.17129658],[-117.48384313,49.17131723],[-117.48327069,49.17131972],[-117.47249025,49.17136458],[-117.4725123,49.17366041],[-117.4725242,49.17489804],[-117.48268683,49.1748927],[-117.48301385,49.17489235],[-117.48413766,49.17489199],[-117.48686965,49.17489021],[-117.48700363,49.17489021],[-117.48725876,49.17488986],[-117.48737368,49.17488986],[-117.48770633,49.17488843],[-117.48898116,49.17488309],[-117.48901493,49.17488309],[-117.49378191,49.17488808],[-117.4942552,49.17488808],[-117.49450514,49.17488808],[-117.49450744,49.17568711],[-117.49452235,49.18018225],[-117.49454627,49.18200727],[-117.49453944,49.19335561],[-117.494539,49.20403269],[-117.49452154,49.22693082],[-117.49503234,49.2434714],[-117.49536614,49.25427384],[-117.49545976,49.2617625],[-117.49484063,49.29087699],[-117.49477601,49.29669105],[-117.49473922,49.30000001],[-117.49473421,49.32256073],[-117.49473488,49.32691207],[-117.49473179,49.33774473],[-117.49473227,49.33962068],[-117.49473052,49.34884421],[-117.543777,49.34876197],[-117.55157036,49.34874686],[-117.56382038,49.34850401],[-117.56521744,49.34850486],[-117.56521769,49.34862181],[-117.56522526,49.35217982],[-117.56242204,49.35218864],[-117.56242506,49.35397299],[-117.55962096,49.35398292],[-117.55960774,49.35756173],[-117.556928,49.35759635],[-117.55688323,49.36122558],[-117.55676973,49.36122631],[-117.55124888,49.36127146],[-117.5512156,49.36665075],[-117.55111934,49.36665089],[-117.5511193,49.36666118],[-117.54560839,49.36667642],[-117.54555352,49.37181991],[-117.54547338,49.37183785],[-117.54003158,49.37182917],[-117.53991742,49.37759366],[-117.5385792,49.37758405],[-117.53851702,49.37758417],[-117.53851807,49.37780684],[-117.53323882,49.37778419],[-117.53320625,49.37899113],[-117.53328715,49.38482544],[-117.53304866,49.38482882],[-117.53304681,49.38489705],[-117.52743125,49.38499437],[-117.52743484,49.38535292],[-117.52753624,49.39102894],[-117.52750257,49.39211852],[-117.52738616,49.39213744],[-117.52683233,49.39222742],[-117.51624255,49.39218273],[-117.51621528,49.39555713],[-117.51616897,49.3992089],[-117.51616897,49.39920898],[-117.51594169,49.42089682],[-117.51604802,49.42142903],[-117.51665355,49.42445953],[-117.51649405,49.42458205],[-117.51588989,49.42650815],[-117.51016383,49.43546958],[-117.50454556,49.43549594],[-117.50333764,49.43549691],[-117.50323834,49.4354949],[-117.50112242,49.43549718],[-117.50053888,49.4354993],[-117.49678045,49.43551442],[-117.49677987,49.42926127],[-117.49123422,49.42926102],[-117.49123136,49.42926103],[-117.49132406,49.43552274],[-117.48750003,49.43552842],[-117.48750002,49.43570385],[-117.48749992,49.43684395],[-117.48749979,49.43841372],[-117.48749874,49.45101237],[-117.48750166,49.45101236],[-117.49022549,49.45100809],[-117.49025835,49.45100809],[-117.49041524,49.45100774],[-117.49070138,49.45100725],[-117.49104252,49.45100667],[-117.49110605,49.45100667],[-117.49111482,49.45100667],[-117.49125746,49.45100631],[-117.492627,49.45100431],[-117.49296028,49.45100382],[-117.50746605,49.45097854],[-117.50746603,49.45097652],[-117.50743772,49.4480612],[-117.50742896,49.44715881],[-117.51128536,49.44714208],[-117.51334727,49.44713317],[-117.51334726,49.44713096],[-117.51334547,49.44670128],[-117.51333382,49.44403941],[-117.51333382,49.44403919],[-117.51332801,49.442711],[-117.51332788,49.44266685],[-117.51332696,49.44245785],[-117.51662016,49.44245144],[-117.51662902,49.44245856],[-117.51676948,49.44253796],[-117.51689314,49.4426316],[-117.51699102,49.44278578],[-117.5169961,49.44278204],[-117.51701619,49.44276726],[-117.51708414,49.44270425],[-117.51714789,49.44264513],[-117.51714712,49.44262197],[-117.5171458,49.44258211],[-117.51718697,49.44251909],[-117.51725609,49.44244717],[-117.51739086,49.44234712],[-117.51754394,49.44227413],[-117.5176532,49.44225597],[-117.51785907,49.44226487],[-117.51801275,49.44229015],[-117.51819108,49.44233395],[-117.51839909,49.44238806],[-117.51848309,49.44242403],[-117.51875907,49.44249417],[-117.51900883,49.44256502],[-117.51902164,49.44257251],[-117.51929924,49.44273486],[-117.5195481,49.44282316],[-117.51965368,49.44287506],[-117.51967413,49.44288511],[-117.51992216,49.44301899],[-117.51994218,49.44304047],[-117.52000609,49.44310907],[-117.52006505,49.44308975],[-117.52221144,49.4423865],[-117.52228817,49.44236136],[-117.52228374,49.44234571],[-117.52223207,49.4421634],[-117.52224474,49.44210928],[-117.52227273,49.44205516],[-117.52234082,49.44198395],[-117.52266976,49.4417931],[-117.52284527,49.44157662],[-117.52289976,49.44151253],[-117.52301155,49.44147693],[-117.52313441,49.44146696],[-117.52321764,49.44146696],[-117.52330079,49.44150256],[-117.52339841,49.44156523],[-117.5234637,49.44163465],[-117.52352432,49.4416991],[-117.52361455,49.4418611],[-117.52364966,49.44192413],[-117.52367835,49.44208506],[-117.52370959,49.44227448],[-117.52373751,49.44242688],[-117.52373963,49.44263339],[-117.52376954,49.44279574],[-117.5237845,49.44287693],[-117.52377109,49.44298374],[-117.52373243,49.44310195],[-117.5236355,49.44325434],[-117.52362323,49.44339819],[-117.52362105,49.44343363],[-117.5236121,49.44357906],[-117.52360021,49.44364173],[-117.52357784,49.44372059],[-117.52357193,49.44374142],[-117.52350385,49.44381263],[-117.52340852,49.44388527],[-117.52322995,49.4439579],[-117.5229692,49.44410317],[-117.5228473,49.44422138],[-117.52269635,49.44432107],[-117.52140209,49.44466894],[-117.52140312,49.44472306],[-117.52133623,49.44491105],[-117.52131715,49.44492903],[-117.52110499,49.44512896],[-117.52092598,49.44528206],[-117.52072213,49.44544513],[-117.52063922,49.44553414],[-117.52047695,49.44571502],[-117.52043938,49.4457681],[-117.5203681,49.44586883],[-117.52027213,49.44597707],[-117.52008019,49.44609599],[-117.52007717,49.44609612],[-117.51983301,49.44610596],[-117.51951304,49.44609813],[-117.51907481,49.44622488],[-117.51878487,49.44633491],[-117.51861974,49.44635306],[-117.51849584,49.44630891],[-117.51827322,49.4462021],[-117.51813607,49.44617504],[-117.51803793,49.44617682],[-117.51798385,49.44622097],[-117.51808191,49.44638297],[-117.51811194,49.44644599],[-117.51820883,49.44667102],[-117.51839087,49.44695693],[-117.51849118,49.44710113],[-117.51854713,49.44721792],[-117.51866008,49.44738704],[-117.51874287,49.44750383],[-117.51884101,49.44763912],[-117.51898098,49.44779187],[-117.519148,49.44795316],[-117.51930196,49.44815789],[-117.51951079,49.44837295],[-117.51965184,49.44856201],[-117.5197638,49.44872295],[-117.51981905,49.44877707],[-117.52009496,49.44892803],[-117.52016578,49.44901812],[-117.52033385,49.44920611],[-117.52048915,49.44952905],[-117.52053201,49.44962803],[-117.52056217,49.44996913],[-117.52054922,49.45010514],[-117.52051089,49.45029385],[-117.520569,49.45049217],[-117.5205699,49.45063602],[-117.52067876,49.4506477],[-117.52160518,49.45074711],[-117.52187989,49.45062],[-117.52216924,49.45048505],[-117.52245675,49.45034797],[-117.52269016,49.45027605],[-117.52281301,49.45022015],[-117.52303413,49.45008485],[-117.52326698,49.44995809],[-117.52366276,49.44958816],[-117.52392286,49.44940514],[-117.5241711,49.4492791],[-117.52429306,49.44918902],[-117.52448486,49.44901705],[-117.52463217,49.44928961],[-117.52484337,49.44968037],[-117.52481628,49.44975657],[-117.52445809,49.45076242],[-117.52437484,49.45099634],[-117.524307,49.45118705],[-117.52430492,49.45119288],[-117.52423852,49.45142539],[-117.52411816,49.45172447],[-117.52408903,49.45179898],[-117.52394347,49.45217132],[-117.52389369,49.45229949],[-117.52382617,49.45248607],[-117.52372092,49.45277661],[-117.5227661,49.45601348],[-117.52272626,49.456194],[-117.52261676,49.45641902],[-117.52250898,49.45660844],[-117.52234612,49.45682492],[-117.52222194,49.45696912],[-117.52203291,49.45715961],[-117.52182575,49.45731307],[-117.52163565,49.45742202],[-117.5213464,49.45753987],[-117.52126342,49.45758545],[-117.52108539,49.4576855],[-117.52092124,49.45778448],[-117.52075696,49.45785783],[-117.52043607,49.45785091],[-117.51869482,49.45781337],[-117.5185979,49.45781128],[-117.518313,49.45780513],[-117.51821798,49.45787812],[-117.51816418,49.45796785],[-117.51815944,49.45804441],[-117.51815192,49.45816581],[-117.51798598,49.45824806],[-117.51787613,49.45827512],[-117.51773927,49.45826693],[-117.51765521,49.45823987],[-117.51757303,49.45824079],[-117.51755917,49.45824094],[-117.51747614,49.4582769],[-117.51743609,49.45833992],[-117.51742396,49.45841184],[-117.51742935,49.45842566],[-117.51745175,49.45848306],[-117.51731291,49.45855605],[-117.51720482,49.45855712],[-117.5171653,49.4585678],[-117.51713504,49.45857599],[-117.51709997,49.45860297],[-117.51696985,49.4587031],[-117.51684621,49.45871093],[-117.51661305,49.45871307],[-117.5165506,49.45874032],[-117.51652821,49.45875009],[-117.51632484,49.45888504],[-117.51627025,49.45897512],[-117.51607798,49.45903885],[-117.51595308,49.4591389],[-117.51578891,49.45923789],[-117.51563723,49.45927492],[-117.51560431,49.45928074],[-117.51536643,49.45932279],[-117.515321,49.45933082],[-117.51533348,49.45954397],[-117.51536649,49.46010772],[-117.51537228,49.46011191],[-117.51546718,49.46018062],[-117.51550862,49.46021062],[-117.51522102,49.46034699],[-117.51498789,49.460483],[-117.51480772,49.46054298],[-117.51479537,49.46054709],[-117.51471425,49.46060121],[-117.51438387,49.46076428],[-117.51430063,49.4607828],[-117.51394376,49.4608832],[-117.5137373,49.46092023],[-117.51358449,49.46093875],[-117.51331083,49.4609626],[-117.5132551,49.46096723],[-117.51316676,49.46097523],[-117.51304672,49.4609861],[-117.51285587,49.46100497],[-117.5125999,49.46102791],[-117.51253798,49.46103346],[-117.5123989,49.46103417],[-117.51209691,49.46105375],[-117.51183483,49.46108152],[-117.51174214,49.46109802],[-117.51162672,49.46111856],[-117.5112978,49.46121006],[-117.51117103,49.46121961],[-117.51091223,49.4612656],[-117.51056721,49.46131225],[-117.51041634,49.46134002],[-117.51018242,49.46140375],[-117.50994801,49.46144078],[-117.50969991,49.46147781],[-117.50936906,49.46156006],[-117.50903908,49.46163376],[-117.50869455,49.46170711],[-117.50843274,49.46178046],[-117.50808956,49.46188086],[-117.50777191,49.46193641],[-117.50756592,49.46197272],[-117.50727621,49.46202827],[-117.50713899,49.46203753],[-117.50697394,49.46202969],[-117.50676695,49.4620215],[-117.50666975,49.46202186],[-117.5065586,49.46202257],[-117.50625437,49.46203254],[-117.50592421,49.46201616],[-117.50557866,49.46201759],[-117.50561153,49.4621858],[-117.50561659,49.46283467],[-117.50560946,49.46383254],[-117.50559863,49.46463681],[-117.50559305,49.46505082],[-117.50587321,49.46505155],[-117.50752205,49.46505584],[-117.51113863,49.46506516],[-117.51113827,49.46533621],[-117.51113771,49.4656334],[-117.51112857,49.47049473],[-117.51111415,49.47250023],[-117.51153787,49.47250038],[-117.51666106,49.47250194],[-117.51666105,49.47258634],[-117.51666104,49.47268154],[-117.5166734,49.47974529],[-117.51679433,49.47974532],[-117.52779157,49.47974791],[-117.54473315,49.47973986],[-117.54473745,49.48012659],[-117.54458818,49.48061804],[-117.54454654,49.48075513],[-117.54411594,49.48134782],[-117.54344563,49.48190466],[-117.54338257,49.48244465],[-117.54334564,49.4828496],[-117.54336483,49.483752],[-117.54364897,49.48447625],[-117.54419808,49.48502236],[-117.54409761,49.48592233],[-117.54406096,49.48635426],[-117.54401032,49.48676826],[-117.54393526,49.48747022],[-117.54387321,49.48810015],[-117.54379703,49.48870317],[-117.54373417,49.48926115],[-117.5436953,49.48964013],[-117.54368433,49.4897471],[-117.54363458,49.49024206],[-117.54360815,49.49049972],[-117.54358473,49.49072802],[-117.54350896,49.49136702],[-117.54342735,49.4918951],[-117.54333236,49.49246223],[-117.543224,49.49306839],[-117.54322838,49.49346415],[-117.54309607,49.49398647],[-117.54284057,49.49460832],[-117.54246169,49.4953117],[-117.5422032,49.49608048],[-117.5420653,49.49693264],[-117.54205895,49.49760729],[-117.54143062,49.49823687],[-117.54104666,49.4989013],[-117.54090705,49.49960055],[-117.54091231,49.50007725],[-117.54089233,49.50076995],[-117.54088406,49.50127371],[-117.54087551,49.50175048],[-117.54086933,49.50244312],[-117.54086177,49.50300983],[-117.5413481,49.50369216],[-117.54158582,49.50437366],[-117.54170025,49.50500777],[-117.54193942,49.50554134],[-117.54194428,49.50598207],[-117.54193583,49.50646783],[-117.54191606,49.50717853],[-117.5419088,49.50777222],[-117.54190065,49.50828497],[-117.54206743,49.50843636],[-117.54220297,49.50855939],[-117.54220088,49.50878727],[-117.54216983,49.50880565],[-117.54189439,49.5089686],[-117.54180125,49.5095677],[-117.54153465,49.51002769],[-117.54109462,49.51034857],[-117.54105419,49.5104387],[-117.54099607,49.51059789],[-117.54097467,49.5107449],[-117.54121025,49.51081276],[-117.54147759,49.51097542],[-117.54181491,49.5112227],[-117.54229584,49.51154625],[-117.5430766,49.51177746],[-117.54405876,49.51189978],[-117.54474411,49.51197051],[-117.54526947,49.51214593],[-117.54572097,49.51244364],[-117.54626071,49.51280688],[-117.54640547,49.51298709],[-117.54665623,49.5131768],[-117.54700141,49.51343501],[-117.54722063,49.51382276],[-117.5473139,49.51434002],[-117.5473061,49.51487975],[-117.54809233,49.51518185],[-117.54844184,49.51541406],[-117.54868216,49.5156288],[-117.5489159,49.51552875],[-117.54913613,49.51545575],[-117.54947725,49.51533852],[-117.54975543,49.51524293],[-117.55066307,49.51487281],[-117.55071926,49.51509243],[-117.55072582,49.51526629],[-117.55068273,49.51539443],[-117.55174442,49.51520948],[-117.55141021,49.51579273],[-117.55131831,49.516083],[-117.55128697,49.51630003],[-117.55120975,49.51639535],[-117.55110939,49.51648078],[-117.55081376,49.51667308],[-117.5506177,49.51684791],[-117.55052122,49.51700528],[-117.55043709,49.51707764],[-117.55037983,49.51712688],[-117.55002177,49.51722953],[-117.54938528,49.51727952],[-117.54858968,49.51724132],[-117.54775956,49.51713532],[-117.54769259,49.51732453],[-117.54765355,49.51754059],[-117.54764276,49.51781049],[-117.54764456,49.51797239],[-117.54850767,49.5181432],[-117.54950047,49.51838035],[-117.55060999,49.51875885],[-117.55103962,49.51887674],[-117.55128863,49.51890554],[-117.55149597,49.51891354],[-117.5516892,49.51889763],[-117.55169007,49.51889763],[-117.55191026,49.51889658],[-117.55212679,49.51890454],[-117.55240801,49.51893019],[-117.55253392,49.5190685],[-117.55266038,49.51925579],[-117.55278903,49.51963895],[-117.55322252,49.52050639],[-117.55356456,49.52088654],[-117.55388372,49.52114487],[-117.55365262,49.52139691],[-117.55345758,49.52160964],[-117.55295054,49.52198085],[-117.55252595,49.52217577],[-117.55222424,49.52224117],[-117.55244437,49.52256594],[-117.55274335,49.52294029],[-117.55347887,49.52322461],[-117.5542517,49.52354773],[-117.55506181,49.52390963],[-117.55494316,49.52441392],[-117.55485972,49.52477411],[-117.5547024,49.52511667],[-117.5544569,49.52540269],[-117.55419716,49.52564979],[-117.55392487,49.52601089],[-117.5546106,49.52636739],[-117.55486492,49.52659005],[-117.55501138,49.52677924],[-117.55508261,49.52696779],[-117.55511154,49.52708158],[-117.55512661,49.52719245],[-117.55510192,49.52731649],[-117.55502484,49.5274248],[-117.55489538,49.52751737],[-117.55429536,49.52781708],[-117.55382389,49.52808019],[-117.55383464,49.52821706],[-117.55379932,49.52835215],[-117.55374874,49.52849531],[-117.55370592,49.52864742],[-117.55367981,49.52878247],[-117.55366762,49.52892645],[-117.5536411,49.52902552],[-117.55453542,49.52943582],[-117.55486352,49.52958634],[-117.5559052,49.53004907],[-117.55485611,49.53015305],[-117.55450503,49.53020071],[-117.55417006,49.53031525],[-117.55406876,49.53037288],[-117.55385118,49.53049667],[-117.55355415,49.53070798],[-117.55338524,49.5308437],[-117.55366013,49.53111823],[-117.55375792,49.53134763],[-117.55380835,49.53159725],[-117.55381251,49.53196601],[-117.55388374,49.53229049],[-117.55400944,49.53267867],[-117.55420003,49.53296659],[-117.55437439,49.53317763],[-117.55453254,49.5333118],[-117.55467176,49.53340108],[-117.55477398,49.53347854],[-117.55486706,49.53356204],[-117.55500167,49.53365135],[-117.55510713,49.53374379],[-117.55517057,49.53380772],[-117.55520188,49.53383928],[-117.55531347,49.53392869],[-117.55542404,49.53406508],[-117.5555333,49.53422147],[-117.55560868,49.53436802],[-117.55566592,49.53454165],[-117.55569516,49.53468242],[-117.55570167,49.5348503],[-117.55572687,49.53504207],[-117.55576957,49.5351498],[-117.55579381,49.53525763],[-117.55581739,49.53538892],[-117.55582825,49.53544935],[-117.55581233,49.5356713],[-117.55574052,49.53583855],[-117.5555496,49.53593041],[-117.55526275,49.53595878],[-117.55490838,49.53599046],[-117.55497999,49.53621199],[-117.55502383,49.53642166],[-117.55524842,49.5367264],[-117.55538927,49.5369596],[-117.55556414,49.53734853],[-117.5557023,49.53774964],[-117.55574099,49.53791136],[-117.55576115,49.53806417],[-117.55602681,49.53833274],[-117.55615293,49.53848505],[-117.55604166,49.53869446],[-117.55596392,49.53888173],[-117.55607592,49.53900712],[-117.55622938,49.5391323],[-117.55587677,49.53945681],[-117.55549306,49.5397485],[-117.55495485,49.53995896],[-117.55433765,49.54024775],[-117.55389156,49.540379],[-117.55347434,49.54050174],[-117.55248829,49.5407693],[-117.55241246,49.54098954],[-117.55225877,49.5411162],[-117.55202723,49.54114929],[-117.55168162,49.54114494],[-117.55130369,49.54113474],[-117.55104828,49.54095606],[-117.55087858,49.54088991],[-117.55062615,49.54084014],[-117.55029097,49.54080676],[-117.54916937,49.54103995],[-117.54822613,49.54115537],[-117.54763672,49.54118514],[-117.54727305,49.54121384],[-117.54691418,49.54126052],[-117.54651389,49.54131038],[-117.54624906,49.54138858],[-117.54602361,49.54155456],[-117.54583752,49.54180829],[-117.54513768,49.54212841],[-117.54448474,49.54238733],[-117.5441957,49.54249863],[-117.54394505,49.54274767],[-117.54361622,49.54314898],[-117.54341124,49.54345891],[-117.54324173,49.5437152],[-117.54324177,49.54371558],[-117.54273455,49.54409341],[-117.54263988,49.54416398],[-117.54214103,49.54447015],[-117.54190155,49.54455745],[-117.54178013,49.54460179],[-117.54169084,49.54464005],[-117.54157058,49.54469169],[-117.54148962,49.54471556],[-117.54136411,49.54475276],[-117.54083795,49.5452498],[-117.54024113,49.54572025],[-117.54055637,49.54590007],[-117.54061664,49.54593445],[-117.54061671,49.5459345],[-117.54041366,49.54633114],[-117.54030598,49.54658358],[-117.54022533,49.54686974],[-117.54019944,49.5469618],[-117.54014652,49.54717792],[-117.54013322,49.54720996],[-117.54007945,49.54734019],[-117.53992357,49.54749442],[-117.5398057,49.54761126],[-117.53971022,49.54772864],[-117.53968383,49.54775539],[-117.53968355,49.54775567],[-117.5395053,49.54793658],[-117.53939608,49.54805865],[-117.53933672,49.54812515],[-117.53919603,49.5483217],[-117.5391248,49.54854685],[-117.53912478,49.5485469],[-117.53900654,49.54882829],[-117.53879127,49.54908814],[-117.53847833,49.54926649],[-117.53833917,49.54930813],[-117.53810173,49.5493793],[-117.53757717,49.54943271],[-117.53716189,49.54945284],[-117.5370336,49.5494591],[-117.53703442,49.54949588],[-117.53703613,49.54956203],[-117.537059,49.54968685],[-117.53710819,49.54978758],[-117.53716283,49.54989914],[-117.537206,49.55004298],[-117.53722125,49.55017294],[-117.53718131,49.55032284],[-117.53708623,49.55049339],[-117.53705779,49.55052408],[-117.53693598,49.55065587],[-117.53679108,49.5508894],[-117.53675655,49.55110245],[-117.53683238,49.55129498],[-117.53673692,49.55131947],[-117.53667783,49.55133474],[-117.53652893,49.55135041],[-117.53628157,49.55134276],[-117.5361951,49.55134008],[-117.53587359,49.55129451],[-117.53557784,49.55119986],[-117.53557765,49.5511998],[-117.53530927,49.55107732],[-117.53484696,49.55134614],[-117.53432678,49.5516883],[-117.53379011,49.55207676],[-117.53350024,49.55238444],[-117.53336948,49.5525233],[-117.53294661,49.55290902],[-117.53287014,49.55302224],[-117.53270634,49.5532649],[-117.53261251,49.55335751],[-117.53238097,49.55358623],[-117.53216715,49.55377994],[-117.53201306,49.55391968],[-117.53114244,49.5542736],[-117.53105023,49.55430588],[-117.530209,49.55460063],[-117.52921214,49.55490102],[-117.52856968,49.55521156],[-117.52844182,49.55527339],[-117.52822198,49.55520304],[-117.52808132,49.55515808],[-117.52786754,49.55571169],[-117.52780165,49.55582363],[-117.52754461,49.55626086],[-117.52716022,49.55694621],[-117.52712831,49.55705135],[-117.52712757,49.55705381],[-117.52701951,49.55741042],[-117.52703211,49.55787044],[-117.52634845,49.55791279],[-117.52594029,49.55793819],[-117.52538959,49.55787373],[-117.5250243,49.55776445],[-117.52502416,49.55776433],[-117.52484446,49.55761052],[-117.52479272,49.557532],[-117.52473199,49.55743997],[-117.52459958,49.55727066],[-117.52422633,49.55713344],[-117.5234562,49.55709295],[-117.5223648,49.55718083],[-117.52218309,49.55720612],[-117.52126633,49.55733387],[-117.5201645,49.55743071],[-117.51909548,49.55744745],[-117.51876184,49.55746641],[-117.51806807,49.55750597],[-117.51804848,49.55748611],[-117.5178784,49.55731393],[-117.51747085,49.557127],[-117.51686951,49.55689877],[-117.51670933,49.55681323],[-117.51663647,49.55677433],[-117.51629937,49.55659441],[-117.51608988,49.55640771],[-117.51586967,49.55621159],[-117.51554558,49.55604816],[-117.51554543,49.55604808],[-117.51552753,49.55603859],[-117.51530443,49.55592034],[-117.51514676,49.55582812],[-117.51449926,49.55602573],[-117.51389172,49.55625432],[-117.51369998,49.55630716],[-117.51322512,49.55643818],[-117.51288914,49.55647506],[-117.51249494,49.55651851],[-117.51187354,49.5564943],[-117.51146661,49.55642348],[-117.51134586,49.55640252],[-117.51111518,49.55637656],[-117.51109544,49.55652563],[-117.51106035,49.55660489],[-117.51102615,49.55668278],[-117.51076889,49.55686656],[-117.51060545,49.55698351],[-117.51035459,49.55718361],[-117.51008417,49.55739952],[-117.50975061,49.5577496],[-117.50952198,49.55798972],[-117.5093521,49.55827146],[-117.50907936,49.55872418],[-117.50869751,49.55923556],[-117.5084923,49.55956213],[-117.50831221,49.55984902],[-117.50804385,49.56034218],[-117.50792312,49.5605642],[-117.50769134,49.56111236],[-117.50754976,49.56144734],[-117.50733222,49.56224881],[-117.50734604,49.56235609],[-117.50739228,49.56271329],[-117.50747843,49.56302073],[-117.50754908,49.56316534],[-117.50750885,49.56321856],[-117.50748995,49.56324362],[-117.50723112,49.56361143],[-117.50688614,49.56412272],[-117.50645386,49.56465306],[-117.50642017,49.56469439],[-117.50642005,49.56469454],[-117.50577525,49.56515812],[-117.50516628,49.56540736],[-117.50516603,49.56540747],[-117.5050568,49.56543148],[-117.50462818,49.56552592],[-117.50477556,49.56566585],[-117.50496143,49.56581219],[-117.50503437,49.56589889],[-117.50507791,49.56595054],[-117.50508955,49.56596948],[-117.50508971,49.56596974],[-117.50515469,49.56607495],[-117.50515446,49.5660751],[-117.50515447,49.56607513],[-117.50490479,49.56623468],[-117.50485849,49.56626437],[-117.50470572,49.56636193],[-117.50465166,49.56646127],[-117.50459232,49.56654245],[-117.50452857,49.56661473],[-117.5044601,49.56666885],[-117.50430888,49.56676249],[-117.50419338,49.56683304],[-117.50418066,49.56684082],[-117.50418047,49.56684093],[-117.50407511,49.56690436],[-117.50393214,49.5669894],[-117.5038875,49.567016],[-117.50385946,49.56703281],[-117.50373148,49.56710974],[-117.50368259,49.56713577],[-117.50361244,49.56717337],[-117.5035116,49.5672307],[-117.50339346,49.56730839],[-117.50337408,49.56732117],[-117.5033404,49.56733946],[-117.50314036,49.56744825],[-117.50335562,49.56775801],[-117.5034878,49.56804535],[-117.50348386,49.56822353],[-117.50348139,49.56834311],[-117.50337321,49.56858045],[-117.50337319,49.56858049],[-117.50316016,49.56878736],[-117.5030099,49.56894367],[-117.50298254,49.56897656],[-117.50292162,49.56905014],[-117.50290714,49.56911318],[-117.50289968,49.56914626],[-117.50287774,49.56925735],[-117.50286095,49.56931059],[-117.50284195,49.56937129],[-117.50281577,49.5694933],[-117.50281555,49.56949434],[-117.50281552,49.56949448],[-117.50278906,49.56960839],[-117.50273531,49.56976153],[-117.50269283,49.56991202],[-117.50268196,49.56995058],[-117.50272276,49.57005587],[-117.50272294,49.57005633],[-117.50272297,49.57005642],[-117.50276113,49.57017917],[-117.50279655,49.5703191],[-117.50270175,49.57040936],[-117.50267766,49.57043239],[-117.5025637,49.57055881],[-117.5025288,49.57063704],[-117.50247682,49.57075419],[-117.50245338,49.57091773],[-117.50243788,49.57102709],[-117.50234988,49.57122058],[-117.5023027,49.57132459],[-117.50202051,49.57152576],[-117.50169537,49.57157703],[-117.50169518,49.57157699],[-117.50169511,49.571577],[-117.50138867,49.57150938],[-117.50138862,49.57150936],[-117.50123111,49.57143608],[-117.50105063,49.57136991],[-117.50098099,49.57162306],[-117.50089403,49.57180105],[-117.50082316,49.57194661],[-117.5006189,49.5722726],[-117.50057647,49.57234039],[-117.50034267,49.57292207],[-117.50020689,49.5732594],[-117.50012404,49.57346553],[-117.5000546,49.57358311],[-117.49986855,49.57389856],[-117.49940393,49.57415141],[-117.49922682,49.57420324],[-117.49883556,49.57431792],[-117.4983717,49.57449381],[-117.4979414,49.57458897],[-117.49788854,49.57460068],[-117.49779933,49.57461911],[-117.49735496,49.574711],[-117.49685785,49.57480215],[-117.49666214,49.57485046],[-117.49639791,49.57491591],[-117.49576303,49.57505355],[-117.49570049,49.57500223],[-117.49539087,49.57474839],[-117.49512525,49.57456571],[-117.49488502,49.57440069],[-117.49446366,49.57459743],[-117.49431891,49.57466507],[-117.49401292,49.57475317],[-117.49353751,49.57489016],[-117.49288326,49.57497196],[-117.49254451,49.57501436],[-117.4924056,49.57500908],[-117.49156965,49.5749775],[-117.49127764,49.57487388],[-117.49084292,49.5747199],[-117.49047892,49.57428267],[-117.49039962,49.5739371],[-117.49039951,49.57393659],[-117.49035546,49.57374535],[-117.49020164,49.57371037],[-117.48977324,49.57361294],[-117.4893073,49.57388674],[-117.48879798,49.57411675],[-117.4883349,49.57425169],[-117.4879407,49.57431329],[-117.48760864,49.57431472],[-117.48721707,49.5743343],[-117.48710407,49.57434325],[-117.48691136,49.57435856],[-117.48669187,49.57438746],[-117.48641315,49.57433267],[-117.48618078,49.5743007],[-117.48597614,49.5742727],[-117.48538083,49.57420719],[-117.48538076,49.57420709],[-117.48538068,49.57420708],[-117.48502203,49.57368588],[-117.48475879,49.57329977],[-117.48469456,49.57320561],[-117.48456162,49.57307367],[-117.48428324,49.5727975],[-117.48371752,49.57246905],[-117.48371759,49.57246898],[-117.48371752,49.57246894],[-117.48407313,49.57208975],[-117.48339202,49.57172693],[-117.48239184,49.5712694],[-117.48205688,49.57143568],[-117.48184549,49.57151757],[-117.48171104,49.57153559],[-117.48154013,49.57155867],[-117.48114058,49.57155933],[-117.48079926,49.57150534],[-117.48029071,49.571425],[-117.4794591,49.57123664],[-117.47906264,49.57102934],[-117.47896188,49.57097671],[-117.47867754,49.57065808],[-117.47864426,49.5704819],[-117.47860608,49.57028064],[-117.47860624,49.569837],[-117.47867459,49.56949213],[-117.47868116,49.56945884],[-117.47861198,49.56932022],[-117.47861126,49.56931878],[-117.47848839,49.56907277],[-117.47816622,49.56865535],[-117.47797112,49.56843828],[-117.47777767,49.56822337],[-117.47732297,49.56777617],[-117.47693001,49.56718131],[-117.47650908,49.56717306],[-117.47621796,49.5672246],[-117.47608722,49.56724778],[-117.47593869,49.56761615],[-117.47591174,49.5676571],[-117.47591136,49.56765769],[-117.47572998,49.5679339],[-117.4754419,49.56818492],[-117.47523195,49.56836152],[-117.47518413,49.56840179],[-117.47515479,49.56843134],[-117.47496213,49.56862571],[-117.4747703,49.56899217],[-117.47473262,49.56906426],[-117.47443137,49.56953322],[-117.47443133,49.56953329],[-117.47406264,49.56999651],[-117.47382192,49.57055124],[-117.47370558,49.57123321],[-117.47357793,49.57154055],[-117.47338556,49.57172727],[-117.47338506,49.57172776],[-117.47322014,49.57188786],[-117.47294625,49.57201477],[-117.47252403,49.57221047],[-117.47160609,49.57248006],[-117.47089876,49.57259888],[-117.47089862,49.5725989],[-117.47028966,49.57268328],[-117.47028947,49.5726833],[-117.46977823,49.57273346],[-117.46979773,49.57278288],[-117.46982098,49.57284102],[-117.46959326,49.57331172],[-117.4695254,49.57339024],[-117.46927095,49.57368486],[-117.46880456,49.57393061],[-117.46824197,49.5740798],[-117.46784939,49.5741538],[-117.467478,49.57422392],[-117.46695285,49.57427752],[-117.46674562,49.57429872],[-117.46625419,49.57433768],[-117.46598977,49.57433072],[-117.46572696,49.57432398],[-117.46581971,49.57470821],[-117.46579763,49.57481577],[-117.46576124,49.57499442],[-117.46553034,49.57513506],[-117.46553024,49.57513513],[-117.46520937,49.5751714],[-117.46527929,49.57525207],[-117.46513905,49.57553448],[-117.46510268,49.57566387],[-117.46508704,49.5757197],[-117.46504298,49.57577205],[-117.46493809,49.57589706],[-117.46469226,49.57606696],[-117.46431529,49.57617933],[-117.46422335,49.57620678],[-117.46405347,49.57624535],[-117.4637264,49.57631968],[-117.46337618,49.57634008],[-117.46305391,49.57639234],[-117.46275962,49.57647647],[-117.46250657,49.57653445],[-117.46215656,49.57657782],[-117.46192765,49.57659255],[-117.4617094,49.57660663],[-117.46126975,49.57656746],[-117.46093296,49.57652189],[-117.46068026,49.57648776],[-117.46054031,49.57645306],[-117.4603351,49.57640225],[-117.4600885,49.57632534],[-117.45983121,49.57640118],[-117.45955032,49.57647133],[-117.45947684,49.5764799],[-117.4593125,49.57649919],[-117.45909435,49.57650906],[-117.45895651,49.57661204],[-117.45868701,49.57681349],[-117.4584321,49.57706429],[-117.4582985,49.57719581],[-117.45804355,49.57737871],[-117.45770483,49.57747517],[-117.45763418,49.57749533],[-117.45707083,49.57754554],[-117.45652995,49.57758363],[-117.45612491,49.57765627],[-117.45596596,49.57774092],[-117.45591699,49.577767],[-117.45591902,49.5777887],[-117.45592886,49.57789177],[-117.45607917,49.5780231],[-117.45589795,49.57802425],[-117.45566581,49.57802585],[-117.45548394,49.578035],[-117.45530473,49.57804414],[-117.45474181,49.5779011],[-117.4546189,49.5778699],[-117.45384932,49.57771715],[-117.45343733,49.57768319],[-117.45270027,49.5776226],[-117.45168739,49.57744213],[-117.45156419,49.5774202],[-117.45052375,49.57712753],[-117.44941574,49.57695484],[-117.44919298,49.57694196],[-117.44829478,49.57689019],[-117.44751305,49.5767452],[-117.44729735,49.57670525],[-117.44717774,49.57666457],[-117.4464862,49.57642946],[-117.44586194,49.57606308],[-117.44546301,49.57579777],[-117.44541782,49.57586635],[-117.44509484,49.57635703],[-117.44500168,49.57648987],[-117.44493077,49.57659135],[-117.44468507,49.57695209],[-117.44496547,49.57736477],[-117.44495818,49.57808437],[-117.4449639,49.57871399],[-117.44494389,49.57878129],[-117.44484331,49.57912035],[-117.44459764,49.57948282],[-117.44433494,49.57978411],[-117.44422775,49.57990712],[-117.44408514,49.58011177],[-117.44408504,49.58011192],[-117.4438591,49.58043632],[-117.44348801,49.58120825],[-117.44326997,49.58159481],[-117.44312033,49.58186023],[-117.44294667,49.58211402],[-117.44275621,49.58239248],[-117.44237333,49.58286745],[-117.44222682,49.58307442],[-117.44198615,49.58341466],[-117.44183793,49.58364937],[-117.44183737,49.58365026],[-117.4415954,49.58403388],[-117.44131164,49.58434892],[-117.44113859,49.58454124],[-117.44042327,49.5849937],[-117.44042316,49.58499374],[-117.44042308,49.58499379],[-117.44006368,49.58514043],[-117.43944917,49.58539117],[-117.43831335,49.58573723],[-117.43831321,49.58573727],[-117.43719087,49.58606233],[-117.43650572,49.5862502],[-117.43608222,49.58636638],[-117.43501928,49.58664623],[-117.43392806,49.58682034],[-117.43280862,49.58694532],[-117.43170235,49.58705249],[-117.43120704,49.58707928],[-117.43059618,49.58711246],[-117.43007854,49.58714451],[-117.42990939,49.58715503],[-117.42959472,49.58715562],[-117.4293991,49.58715599],[-117.42933754,49.5871561],[-117.42933748,49.5871561],[-117.42918691,49.58715867],[-117.4289503,49.58717254],[-117.42846328,49.58711886],[-117.42818715,49.58708845],[-117.42732054,49.58694175],[-117.42711203,49.58692827],[-117.42623596,49.58687175],[-117.42514284,49.58685678],[-117.42482322,49.58669604],[-117.42475105,49.58666126],[-117.42454513,49.5865622],[-117.42426765,49.58644624],[-117.42426739,49.58644613],[-117.42368455,49.5862325],[-117.42357359,49.58619689],[-117.42350831,49.58617538],[-117.42306037,49.5860279],[-117.42264425,49.5859035],[-117.42235263,49.58577863],[-117.42235246,49.58577853],[-117.42211637,49.58565356],[-117.42194934,49.58553724],[-117.4215602,49.58533178],[-117.42112532,49.58517146],[-117.42064472,49.58505627],[-117.42024291,49.58498578],[-117.41978939,49.58480153],[-117.41934972,49.58461724],[-117.41903185,49.58447962],[-117.41892412,49.58443301],[-117.4185707,49.58429252],[-117.41834102,49.58420122],[-117.41792965,49.58407981],[-117.41782694,49.58405493],[-117.41755046,49.58398811],[-117.41723614,49.58392793],[-117.41694071,49.58387152],[-117.41611786,49.58381348],[-117.4156976,49.58384808],[-117.41510559,49.58389696],[-117.41402369,49.58410871],[-117.41405035,49.58426902],[-117.41408219,49.58445936],[-117.41407175,49.58487309],[-117.41404662,49.58516114],[-117.4140626,49.58542177],[-117.41405956,49.58561653],[-117.41403813,49.58579954],[-117.41401788,49.58598288],[-117.41399947,49.58615061],[-117.41398397,49.58629567],[-117.41396116,49.58651058],[-117.41395078,49.58667695],[-117.41393668,49.58690639],[-117.41391244,49.58731124],[-117.41391364,49.58745428],[-117.41391365,49.58745501],[-117.41391556,49.58766205],[-117.4139037,49.58789301],[-117.41389565,49.58805186],[-117.41385603,49.5881437],[-117.41380679,49.58825808],[-117.4137588,49.5883303],[-117.41370043,49.58841835],[-117.41373613,49.588579],[-117.41377245,49.58874196],[-117.41396994,49.58918204],[-117.41416142,49.58948107],[-117.41416145,49.58948112],[-117.41439003,49.58976525],[-117.41468348,49.59010599],[-117.41493519,49.59044674],[-117.41511842,49.59084485],[-117.41513569,49.59091546],[-117.41521897,49.59125533],[-117.41521029,49.59143783],[-117.41520707,49.59150714],[-117.41520328,49.59164617],[-117.41519665,49.59189409],[-117.41514853,49.59219104],[-117.41506339,49.59250614],[-117.41499406,49.59265704],[-117.41487314,49.59292051],[-117.41478744,49.59309623],[-117.41478713,49.59309686],[-117.41469802,49.59327984],[-117.41450778,49.59368432],[-117.41430226,49.59413401],[-117.41426241,49.59450466],[-117.41422579,49.5948746],[-117.41420658,49.59508154],[-117.41419174,49.59524359],[-117.41414792,49.59557236],[-117.41413544,49.59566646],[-117.41415151,49.59590929],[-117.41418428,49.5961039],[-117.41420465,49.59622397],[-117.41424209,49.59636515],[-117.41429544,49.5965655],[-117.41445032,49.59688879],[-117.4143849,49.59716724],[-117.41437002,49.59723079],[-117.41437082,49.59732575],[-117.4143723,49.59748269],[-117.41437297,49.59757938],[-117.41437436,49.59774347],[-117.41447451,49.59812988],[-117.41469694,49.59830145],[-117.41469752,49.59830189],[-117.41475304,49.59834469],[-117.41497551,49.59847227],[-117.41509611,49.59854142],[-117.4154294,49.59867813],[-117.41579013,49.59878477],[-117.41612284,49.59885554],[-117.416474,49.59892325],[-117.41647411,49.59892327],[-117.41689467,49.59901763],[-117.41727849,49.59913619],[-117.41781108,49.59936514],[-117.41819818,49.59955744],[-117.41832049,49.59961816],[-117.41843994,49.59967297],[-117.41844012,49.59967305],[-117.41880683,49.59984118],[-117.41905702,49.60000211],[-117.41936323,49.60015415],[-117.41975644,49.60029942],[-117.42023726,49.60043863],[-117.42062433,49.60051909],[-117.42083345,49.6005625],[-117.42124507,49.60068393],[-117.42163842,49.60082941],[-117.42228121,49.60100996],[-117.42288758,49.6012476],[-117.42338754,49.60144966],[-117.42383593,49.60158789],[-117.42383636,49.60158802],[-117.42412755,49.6016777],[-117.42476752,49.60182513],[-117.42508908,49.60189916],[-117.42634193,49.60220637],[-117.42634195,49.60220642],[-117.42634199,49.60220643],[-117.42654967,49.60274229],[-117.42658182,49.60289116],[-117.42665534,49.60323061],[-117.42668403,49.60352333],[-117.42674332,49.60379695],[-117.42673005,49.60390209],[-117.42672185,49.60396782],[-117.42671867,49.60413873],[-117.42668718,49.60435103],[-117.42665328,49.60457982],[-117.42680814,49.6046451],[-117.42696357,49.60471055],[-117.42716057,49.60481186],[-117.42731108,49.60488921],[-117.42769597,49.60511566],[-117.4276961,49.60511574],[-117.42776447,49.60522706],[-117.4278707,49.60539985],[-117.42794469,49.60550183],[-117.42807473,49.60568079],[-117.42822343,49.60582401],[-117.42827953,49.60587804],[-117.42839922,49.60596469],[-117.42846506,49.60601228],[-117.428512,49.60602261],[-117.42886719,49.60610058],[-117.42886717,49.60610073],[-117.42886722,49.60610074],[-117.4288331,49.60641868],[-117.42883246,49.60647864],[-117.42883065,49.60665566],[-117.42885984,49.60681126],[-117.42886821,49.60688846],[-117.42887464,49.60694621],[-117.42887518,49.6070081],[-117.42887551,49.60703628],[-117.4288907,49.60718903],[-117.42889144,49.60726985],[-117.42892001,49.60738664],[-117.42901961,49.60768323],[-117.42904271,49.60777766],[-117.42907693,49.60791689],[-117.42910681,49.60816863],[-117.42912921,49.6082655],[-117.42914403,49.60830641],[-117.42917349,49.60838714],[-117.42918214,49.60840222],[-117.42926353,49.60854391],[-117.42929047,49.60859071],[-117.42931923,49.60865573],[-117.42931955,49.60865646],[-117.42941778,49.60887814],[-117.42945701,49.6090074],[-117.42948882,49.60911166],[-117.42960593,49.60930461],[-117.42964797,49.60937377],[-117.42978918,49.60967712],[-117.42978116,49.60997122],[-117.42974858,49.61017264],[-117.42973423,49.61026207],[-117.42973411,49.61026209],[-117.4297341,49.61026212],[-117.42930089,49.61032977],[-117.42863256,49.61038923],[-117.4283879,49.6104031],[-117.42772856,49.6104405],[-117.42769102,49.61046656],[-117.42723367,49.61078409],[-117.42710988,49.61078212],[-117.42676273,49.61077677],[-117.42655616,49.61078786],[-117.4264029,49.6107962],[-117.42600558,49.61079285],[-117.42564163,49.61078989],[-117.42464489,49.61077557],[-117.42444223,49.61099518],[-117.42444212,49.61099523],[-117.42413474,49.61115937],[-117.4237403,49.61129467],[-117.42332816,49.61145204],[-117.42294991,49.61165428],[-117.42257187,49.61186756],[-117.42245863,49.6119144],[-117.42214582,49.61204396],[-117.42196883,49.61210378],[-117.42185269,49.61214314],[-117.42160474,49.61225281],[-117.42133679,49.61237173],[-117.42120872,49.6124353],[-117.4210471,49.61251569],[-117.42068657,49.61269602],[-117.42062455,49.61272707],[-117.42036334,49.61287792],[-117.42020657,49.61296847],[-117.42015771,49.61298729],[-117.41982661,49.61311481],[-117.41957811,49.61319164],[-117.41944764,49.61323204],[-117.41898009,49.6135937],[-117.41882132,49.61368507],[-117.4185912,49.61381783],[-117.41825172,49.61396839],[-117.41813021,49.61402239],[-117.4175922,49.61426735],[-117.41723061,49.61444253],[-117.41697653,49.61458637],[-117.41694234,49.61461248],[-117.4168299,49.61469867],[-117.41668706,49.61472317],[-117.41663631,49.61473292],[-117.41651201,49.61475692],[-117.41630169,49.61482564],[-117.41622151,49.61485662],[-117.41611177,49.61489913],[-117.41605663,49.61492632],[-117.41605647,49.6149264],[-117.41593274,49.61498978],[-117.41587758,49.61501684],[-117.41587743,49.6150169],[-117.41574408,49.61507136],[-117.41553735,49.61518004],[-117.4153523,49.61530563],[-117.41527587,49.6153661],[-117.41520262,49.61542416],[-117.41502496,49.61567661],[-117.41479064,49.61593084],[-117.41473669,49.61598943],[-117.41473651,49.61598957],[-117.4143104,49.61632676],[-117.41384248,49.61665224],[-117.41396419,49.61670901],[-117.41414845,49.61679497],[-117.41414826,49.61679506],[-117.41374228,49.61700753],[-117.41329328,49.617203],[-117.41283559,49.61731039],[-117.41224333,49.61744948],[-117.41146574,49.61771909],[-117.41138296,49.61776501],[-117.41105255,49.61794857],[-117.41081468,49.61808546],[-117.41070482,49.61814868],[-117.41042304,49.61831958],[-117.41017537,49.6184734],[-117.40981717,49.61869949],[-117.40957376,49.61880809],[-117.40957361,49.61880815],[-117.40926535,49.61891718],[-117.40923777,49.61889142],[-117.40915239,49.61881187],[-117.40911165,49.6187739],[-117.40902816,49.61870217],[-117.40876951,49.61885597],[-117.40858071,49.61892343],[-117.40844764,49.61897116],[-117.40810194,49.61905732],[-117.40808209,49.61906227],[-117.40808195,49.61906231],[-117.40769374,49.61914776],[-117.40750355,49.61920222],[-117.40733453,49.6192508],[-117.40710319,49.61929044],[-117.40694742,49.61931724],[-117.40659637,49.61933903],[-117.40652309,49.6193436],[-117.40612648,49.61937497],[-117.40574564,49.61945325],[-117.40536333,49.61953956],[-117.40497953,49.61963384],[-117.40457887,49.61973418],[-117.40449048,49.61975794],[-117.40420613,49.61983458],[-117.40390729,49.61991701],[-117.4037777,49.61995285],[-117.40336356,49.62009821],[-117.40299095,49.62024343],[-117.40267183,49.62040066],[-117.4025865,49.62044272],[-117.40252786,49.6204775],[-117.40220531,49.62066891],[-117.40195846,49.62095759],[-117.40174979,49.62118539],[-117.40172985,49.62120717],[-117.40172977,49.62120724],[-117.40143653,49.62146317],[-117.40099597,49.62173448],[-117.40090792,49.62179371],[-117.40083047,49.62184598],[-117.40071926,49.62192132],[-117.40063786,49.6219766],[-117.40036191,49.62211145],[-117.40036173,49.62211154],[-117.4000032,49.62225068],[-117.40005875,49.62228639],[-117.40006837,49.62229196],[-117.40010533,49.62231306],[-117.40012301,49.62232183],[-117.40014218,49.62233107],[-117.40014182,49.62233116],[-117.40014194,49.62233122],[-117.39985229,49.62240421],[-117.3999656,49.62255018],[-117.40006193,49.62267415],[-117.40009901,49.6227581],[-117.40018912,49.62296144],[-117.40023318,49.62326622],[-117.40023444,49.62345191],[-117.4002355,49.62358102],[-117.40021571,49.62376059],[-117.40020979,49.62381489],[-117.4001573,49.6241478],[-117.40013154,49.62439099],[-117.40006863,49.62461601],[-117.40005595,49.62464745],[-117.39999622,49.62479612],[-117.39997377,49.62485011],[-117.3999602,49.62488305],[-117.39992711,49.62495955],[-117.39991472,49.62498829],[-117.39989667,49.62502916],[-117.39989664,49.62502923],[-117.39986049,49.62511128],[-117.39976475,49.62527364],[-117.39969174,49.62537583],[-117.39961865,49.62546903],[-117.39960698,49.62548633],[-117.39960686,49.6254865],[-117.39956406,49.62555029],[-117.39954327,49.6256272],[-117.39953778,49.62566321],[-117.39953282,49.62569719],[-117.39951778,49.62578603],[-117.39950657,49.62585329],[-117.39949274,49.62590669],[-117.39947957,49.62595822],[-117.39942264,49.62606572],[-117.39942239,49.62606619],[-117.3993842,49.62613849],[-117.39931615,49.62628269],[-117.39927547,49.62639058],[-117.39925832,49.62655863],[-117.39923635,49.62666972],[-117.39920941,49.62677761],[-117.39920954,49.62680183],[-117.39921068,49.62694174],[-117.39921137,49.62700263],[-117.39914787,49.62714256],[-117.39908082,49.6272415],[-117.39904737,49.62729092],[-117.39901947,49.62733336],[-117.39892901,49.62747119],[-117.39888291,49.62757435],[-117.39884726,49.6276544],[-117.39880432,49.62776224],[-117.39880413,49.62776273],[-117.39875689,49.62788172],[-117.39865107,49.62811494],[-117.39845765,49.62834032],[-117.3983872,49.62839548],[-117.39825412,49.62849993],[-117.39807301,49.62861532],[-117.39804755,49.62863157],[-117.39784136,49.62879713],[-117.39775419,49.62887547],[-117.39761655,49.62895771],[-117.39761641,49.62895778],[-117.39761628,49.62895786],[-117.39745993,49.62902936],[-117.39736098,49.62905322],[-117.39722035,49.62908732],[-117.39709884,49.62909546],[-117.39708197,49.62909661],[-117.39691597,49.62911517],[-117.39681903,49.6291155],[-117.39651448,49.62912554],[-117.39633779,49.62914337],[-117.39623769,49.62915354],[-117.39611357,49.62918096],[-117.39586447,49.62922084],[-117.39570059,49.62925385],[-117.39569854,49.62925426],[-117.39569832,49.62925431],[-117.39556046,49.62928172],[-117.39551444,49.62928933],[-117.39539434,49.62930926],[-117.39526994,49.62933667],[-117.39514064,49.62936235],[-117.39499337,49.62939174],[-117.39477228,49.62942841],[-117.39470335,49.62944657],[-117.39461776,49.62953879],[-117.39459994,49.62956834],[-117.39455998,49.62963492],[-117.39453002,49.62973497],[-117.39451228,49.62982497],[-117.39451225,49.62982506],[-117.39445776,49.62993223],[-117.39443875,49.62996085],[-117.39437566,49.63005629],[-117.39430288,49.63018847],[-117.39426695,49.63031152],[-117.39425706,49.63035824],[-117.39425371,49.63037445],[-117.39424396,49.6304276],[-117.39422267,49.63054453],[-117.3942016,49.63061732],[-117.39420158,49.63061738],[-117.39418688,49.63066854],[-117.39413211,49.63074367],[-117.39406985,49.63085583],[-117.39405355,49.63089702],[-117.39402756,49.63096295],[-117.39402185,49.63101257],[-117.39402182,49.63101281],[-117.39401052,49.6311129],[-117.3940113,49.63123566],[-117.39401306,49.63145471],[-117.39400055,49.63160781],[-117.39397628,49.63170501],[-117.39397362,49.63171569],[-117.39397436,49.63179652],[-117.3939756,49.63194962],[-117.39396644,49.63202163],[-117.39395816,49.63208752],[-117.39394581,49.63218351],[-117.39394085,49.63222236],[-117.39393385,49.63227517],[-117.39392339,49.63235447],[-117.3938833,49.6325345],[-117.39381536,49.63269664],[-117.39365223,49.63307497],[-117.3936112,49.63313807],[-117.39348822,49.63334535],[-117.39345134,49.6334606],[-117.39344789,49.63347139],[-117.39343429,49.63351661],[-117.39342094,49.63357037],[-117.39342219,49.63372347],[-117.39340976,49.63391218],[-117.39340972,49.6339123],[-117.3933963,49.63396631],[-117.39338389,49.63414625],[-117.39299581,49.63410559],[-117.39270093,49.63411795],[-117.39263286,49.63412083],[-117.39247835,49.63412083],[-117.39232811,49.63412084],[-117.3920818,49.63410569],[-117.39199849,49.63407899],[-117.39186855,49.63402475],[-117.39172052,49.6339631],[-117.3916301,49.63392232],[-117.39158159,49.63390051],[-117.39154181,49.63387992],[-117.39141457,49.63381427],[-117.39133846,49.63377656],[-117.39127569,49.63374563],[-117.3911645,49.63369504],[-117.39114454,49.63368588],[-117.39106709,49.63365048],[-117.39089595,49.63357892],[-117.3907893,49.63353441],[-117.39070585,49.6334897],[-117.39070558,49.63348955],[-117.3904923,49.63335567],[-117.39032082,49.6332453],[-117.39017301,49.63307973],[-117.38994356,49.63282373],[-117.3899435,49.63282367],[-117.38963144,49.63247693],[-117.38912448,49.63219181],[-117.38886858,49.6320829],[-117.38861204,49.63197383],[-117.38847179,49.63193549],[-117.38839448,49.63191443],[-117.38832272,49.63189607],[-117.38818641,49.63186132],[-117.38795,49.63182862],[-117.38786748,49.63181725],[-117.38786743,49.63181719],[-117.38786726,49.63181717],[-117.38773691,49.63165588],[-117.38756822,49.6315544],[-117.38746252,49.63150646],[-117.38733835,49.63145025],[-117.38720183,49.63136736],[-117.3871715,49.63134896],[-117.38717137,49.63134887],[-117.38697169,49.63121473],[-117.38686243,49.63113585],[-117.3867397,49.63104748],[-117.38649435,49.63091314],[-117.38640581,49.63086473],[-117.38607224,49.63070807],[-117.38596214,49.63060259],[-117.38587853,49.63052267],[-117.3856356,49.63034959],[-117.38536218,49.63021258],[-117.38519201,49.63011055],[-117.38508689,49.63004759],[-117.38486067,49.62984856],[-117.38459689,49.62980406],[-117.38430155,49.62975438],[-117.38390083,49.6297259],[-117.38385819,49.62972288],[-117.38385802,49.62972287],[-117.3835673,49.62971184],[-117.38329795,49.62969974],[-117.38313363,49.62966413],[-117.38295254,49.62962496],[-117.38240371,49.62944693],[-117.38160044,49.62926962],[-117.38064091,49.62915497],[-117.38028443,49.62914653],[-117.37996407,49.62913907],[-117.3795663,49.62910215],[-117.37937134,49.62908411],[-117.37937134,49.62908405],[-117.37937129,49.62908405],[-117.379358,49.62895916],[-117.37933258,49.6288533],[-117.37932694,49.62884496],[-117.37925766,49.62874266],[-117.37922124,49.6286817],[-117.37918772,49.62862592],[-117.37916426,49.62855168],[-117.37914502,49.62849128],[-117.3790883,49.62831148],[-117.37905551,49.62824258],[-117.37905543,49.62824241],[-117.37902734,49.62818271],[-117.37902729,49.62818259],[-117.37900834,49.62811381],[-117.37900194,49.62808667],[-117.37898906,49.62803305],[-117.37898789,49.62787994],[-117.37898682,49.62775426],[-117.37898585,49.62759381],[-117.37898585,49.62759369],[-117.378985,49.62748426],[-117.37894849,49.62734046],[-117.37887824,49.62720877],[-117.37877423,49.62708919],[-117.37866719,49.6269756],[-117.37864942,49.62695106],[-117.37860637,49.6268919],[-117.37857217,49.62678608],[-117.37857214,49.62678599],[-117.37854035,49.62668818],[-117.37849257,49.62647852],[-117.37846616,49.62645021],[-117.37832502,49.62629913],[-117.37818544,49.62615566],[-117.37808113,49.62605513],[-117.3780179,49.62599429],[-117.37799141,49.62596999],[-117.37792972,49.62591364],[-117.3778876,49.62585792],[-117.37785487,49.62581484],[-117.37782747,49.62577136],[-117.37779438,49.6257192],[-117.37777848,49.62569432],[-117.37775209,49.62565355],[-117.37765483,49.62558174],[-117.37765466,49.62558162],[-117.37764132,49.62557248],[-117.37743677,49.62543253],[-117.37723739,49.62531325],[-117.3770239,49.62516104],[-117.37691716,49.62507584],[-117.37688927,49.6250536],[-117.37672199,49.62493717],[-117.37663862,49.6248656],[-117.37659663,49.62484301],[-117.37655514,49.62482077],[-117.37642767,49.62472515],[-117.37638798,49.62469541],[-117.37627188,49.62461779],[-117.37613734,49.62451632],[-117.37599777,49.62438173],[-117.37594188,49.62431016],[-117.37591805,49.62428318],[-117.37588611,49.62424728],[-117.37571914,49.6241399],[-117.37568073,49.62409673],[-117.37560721,49.62401428],[-117.37557528,49.62398748],[-117.3755145,49.62393668],[-117.37543642,49.6238776],[-117.37535656,49.62381739],[-117.37509425,49.62394101],[-117.37503016,49.62397123],[-117.37498885,49.62398604],[-117.37486162,49.62403173],[-117.3748059,49.6240546],[-117.37469271,49.62410124],[-117.37457584,49.62414309],[-117.37450427,49.62416881],[-117.37426616,49.62425569],[-117.37404449,49.62429829],[-117.37399739,49.62430737],[-117.37371154,49.62434627],[-117.37340865,49.62437223],[-117.37318429,49.62440494],[-117.37295042,49.6243917],[-117.37295035,49.6243917],[-117.37289612,49.62437852],[-117.3727069,49.62433259],[-117.37222969,49.62410623],[-117.37181738,49.62450328],[-117.37168527,49.62457637],[-117.37158297,49.6246331],[-117.37136218,49.62469363],[-117.37136195,49.62469362],[-117.37136191,49.62469362],[-117.3711127,49.62468544],[-117.37111262,49.62468544],[-117.3711019,49.62468619],[-117.37097886,49.62469486],[-117.37086078,49.62471016],[-117.37081302,49.62471642],[-117.37072413,49.62474484],[-117.37062716,49.62477594],[-117.3705019,49.62481653],[-117.37041553,49.6248446],[-117.37025622,49.62489658],[-117.37017751,49.62492229],[-117.36992083,49.62495509],[-117.36968882,49.62499381],[-117.36943218,49.62503061],[-117.36919977,49.62508149],[-117.36914522,49.62509348],[-117.369061,49.62511022],[-117.36880855,49.62516053],[-117.36867971,49.62518918],[-117.36852153,49.6252245],[-117.36837059,49.62527249],[-117.36826503,49.62530616],[-117.36822913,49.62532636],[-117.36816873,49.62536052],[-117.3679478,49.62546909],[-117.36794775,49.62546911],[-117.36778252,49.62555955],[-117.36769963,49.62560477],[-117.36769959,49.62560478],[-117.36751109,49.62566637],[-117.36732376,49.62573508],[-117.36720974,49.62576908],[-117.36713177,49.62579248],[-117.36699539,49.62586587],[-117.36687559,49.62589223],[-117.36679401,49.62592813],[-117.36673629,49.6259537],[-117.36653735,49.62594231],[-117.36619791,49.62597435],[-117.36619774,49.62597434],[-117.36569728,49.62594907],[-117.36491483,49.62602242],[-117.36421905,49.62605549],[-117.36397071,49.62606731],[-117.36384639,49.62607365],[-117.36292657,49.62612069],[-117.36226059,49.62614753],[-117.36188369,49.62616279],[-117.36082283,49.62625605],[-117.35995092,49.62631273],[-117.35986757,49.62627701],[-117.3598163,49.62625346],[-117.35977043,49.62623249],[-117.35967544,49.62619953],[-117.35958986,49.62616994],[-117.35950651,49.62613422],[-117.35934906,49.62606276],[-117.35919166,49.62599429],[-117.35903422,49.62592881],[-117.35896531,49.6258889],[-117.35889497,49.62584831],[-117.35880875,49.62578711],[-117.35870959,49.62571694],[-117.35860109,49.62565524],[-117.3585102,49.6256037],[-117.35840193,49.62556223],[-117.35828969,49.62551936],[-117.35789491,49.62539265],[-117.35783164,49.62537793],[-117.35774244,49.62535731],[-117.35770405,49.62534309],[-117.35764515,49.62532147],[-117.35752901,49.62529359],[-117.35742303,49.6252683],[-117.35734002,49.62524159],[-117.35730419,49.62522613],[-117.35725661,49.62520574],[-117.35719298,49.62517889],[-117.35710825,49.62514332],[-117.35695102,49.62509882],[-117.35686801,49.62508101],[-117.35677071,49.62505431],[-117.35664251,49.62501773],[-117.35652115,49.62498314],[-117.35639054,49.62495365],[-117.35620699,49.62491225],[-117.35599865,49.62485884],[-117.35588441,49.62483035],[-117.35575844,49.62480864],[-117.35557956,49.62479119],[-117.35541632,49.62476769],[-117.35523146,49.62470827],[-117.35523132,49.62470823],[-117.35518012,49.62463951],[-117.35515673,49.62461395],[-117.35511973,49.6245737],[-117.35511537,49.6245572],[-117.35510521,49.62451988],[-117.35503454,49.62431301],[-117.35490251,49.62414068],[-117.3547967,49.623972],[-117.35471292,49.62395311],[-117.35463497,49.62393559],[-117.35448853,49.62387115],[-117.35435679,49.62377858],[-117.35418744,49.62370416],[-117.35411853,49.62367613],[-117.35402373,49.6236376],[-117.35386639,49.62357913],[-117.35384338,49.62356136],[-117.3537965,49.62352542],[-117.35370833,49.62347659],[-117.35369946,49.6234717],[-117.35359291,49.62341805],[-117.35351119,49.62339091],[-117.35341383,49.62335879],[-117.35321654,49.62330214],[-117.35318588,49.62329337],[-117.35299305,49.62322],[-117.35291386,49.62319315],[-117.35274452,49.6231359],[-117.3524408,49.62304084],[-117.35207254,49.62296393],[-117.3520395,49.62295659],[-117.35179698,49.62290283],[-117.35169449,49.62287745],[-117.35161331,49.62285747],[-117.35149756,49.6228037],[-117.35138212,49.6227503],[-117.35134794,49.6227319],[-117.35129866,49.62270546],[-117.35102073,49.62256239],[-117.35102056,49.6225623],[-117.35099959,49.6225522],[-117.35074264,49.62242843],[-117.35056691,49.6223509],[-117.35056669,49.62235081],[-117.35035425,49.62227675],[-117.35029362,49.62225717],[-117.35011665,49.62220035],[-117.35004337,49.62218146],[-117.34997468,49.62216388],[-117.34982476,49.62213893],[-117.34974382,49.62212552],[-117.34970569,49.62212151],[-117.34966088,49.62211688],[-117.34961529,49.62211102],[-117.3495221,49.62209921],[-117.34935583,49.62208172],[-117.34925873,49.62205503],[-117.34920695,49.62204399],[-117.34913384,49.62202858],[-117.34888034,49.62200449],[-117.34885685,49.62200227],[-117.34885658,49.62200223],[-117.34863483,49.62196698],[-117.34860442,49.62196208],[-117.34852418,49.6219493],[-117.34842255,49.62193462],[-117.34826549,49.62191411],[-117.34805301,49.62188776],[-117.34795603,49.62187905],[-117.34795586,49.62187903],[-117.34780337,49.62185269],[-117.34758163,49.62182634],[-117.34729063,49.62178219],[-117.34722875,49.6217708],[-117.34719373,49.62176442],[-117.34708744,49.62174375],[-117.34691171,49.6216933],[-117.34666654,49.62161308],[-117.34647233,49.6215597],[-117.34647229,49.62155968],[-117.3464722,49.62155966],[-117.34615308,49.62141688],[-117.34601541,49.62133908],[-117.34596282,49.62130935],[-117.34579595,49.62121108],[-117.34563075,49.62113952],[-117.34546286,49.62107801],[-117.34546262,49.62107792],[-117.34542556,49.62106347],[-117.34531013,49.6210185],[-117.34531008,49.62101846],[-117.34519425,49.62094297],[-117.34515466,49.62093445],[-117.3450833,49.62091923],[-117.34498863,49.62089393],[-117.3449722,49.62088957],[-117.34495604,49.6208861],[-117.34480595,49.6208541],[-117.34476319,49.62084867],[-117.34473672,49.62084542],[-117.34460893,49.62083696],[-117.34447349,49.6208281],[-117.34441202,49.62082828],[-117.34433478,49.62082868],[-117.3442789,49.62082868],[-117.34425197,49.62082876],[-117.34412821,49.620817],[-117.344007,49.62080554],[-117.34383201,49.6208002],[-117.34374141,49.62080164],[-117.34369799,49.62080242],[-117.34355961,49.62081282],[-117.34339335,49.62079533],[-117.34314415,49.62079607],[-117.34286714,49.6207789],[-117.34280739,49.62077422],[-117.34275642,49.62077029],[-117.3425702,49.62080091],[-117.34251553,49.62083188],[-117.34237733,49.62091028],[-117.34230729,49.62096194],[-117.34229439,49.62097147],[-117.34209593,49.62111815],[-117.34174355,49.62135706],[-117.3412833,49.62153224],[-117.34094964,49.62159543],[-117.34079631,49.62162452],[-117.34063021,49.621632],[-117.34055601,49.62164234],[-117.34050577,49.62164938],[-117.34045752,49.62166729],[-117.34036764,49.62170073],[-117.34031577,49.62171734],[-117.34018831,49.62175833],[-117.33998692,49.62177663],[-117.33997276,49.62177792],[-117.33967308,49.6218178],[-117.33956782,49.62183932],[-117.33930751,49.62189273],[-117.33902547,49.62203747],[-117.33876951,49.62217614],[-117.33869767,49.62220403],[-117.33851807,49.6222739],[-117.33829687,49.62231556],[-117.3382103,49.62232806],[-117.33812915,49.62233992],[-117.3377837,49.62243987],[-117.33774663,49.62245315],[-117.33763192,49.62249429],[-117.3375771,49.62251582],[-117.33756275,49.62252147],[-117.33754777,49.62252638],[-117.33748006,49.62254877],[-117.33736959,49.62257434],[-117.33724487,49.62260334],[-117.33717574,49.62261392],[-117.33706531,49.62263102],[-117.33688071,49.62265844],[-117.33676146,49.62267573],[-117.33669162,49.62268591],[-117.33660867,49.62270413],[-117.33630446,49.62275898],[-117.33602792,49.62281376],[-117.33574554,49.62290212],[-117.33573806,49.62290447],[-117.33573781,49.62290455],[-117.33554445,49.62297105],[-117.33554441,49.62297107],[-117.33542022,49.62303139],[-117.33531628,49.62313856],[-117.33522797,49.6232299],[-117.33510344,49.62337761],[-117.33505837,49.6234312],[-117.3349258,49.62361748],[-117.3348485,49.6237856],[-117.33474796,49.6239328],[-117.33468708,49.62398826],[-117.33466558,49.62400787],[-117.33466541,49.624008],[-117.33450913,49.62412252],[-117.33430734,49.62427883],[-117.33430727,49.62427888],[-117.33411904,49.62441449],[-117.33402083,49.62450796],[-117.33401808,49.62451057],[-117.33401804,49.62451062],[-117.3339632,49.62458268],[-117.33387202,49.62466383],[-117.33377075,49.62475416],[-117.33368181,49.62482038],[-117.33355936,49.62489872],[-117.33344451,49.624965],[-117.33337686,49.62500413],[-117.33331708,49.62505907],[-117.33319041,49.62517573],[-117.33302887,49.62537659],[-117.33299965,49.62541297],[-117.33295359,49.62534131],[-117.33285331,49.62518569],[-117.33272749,49.62507264],[-117.3326956,49.62504406],[-117.33252588,49.6249736],[-117.33235937,49.62492011],[-117.33235927,49.62492008],[-117.33219298,49.62488461],[-117.33190191,49.62484046],[-117.33162022,49.62481729],[-117.3313928,49.62480841],[-117.33133407,49.62480614],[-117.33107085,49.62479795],[-117.33103173,49.62479435],[-117.33097388,49.62478915],[-117.3308937,49.62478266],[-117.3308307,49.62477766],[-117.33069661,49.62477196],[-117.33029983,49.62472817],[-117.3301028,49.62472228],[-117.32993033,49.62471717],[-117.32963343,49.62472002],[-117.32938101,49.62470375],[-117.32913617,49.62466846],[-117.32903403,49.62465398],[-117.32890842,49.62463631],[-117.32868512,49.62461387],[-117.32846658,49.62460141],[-117.3284665,49.62460142],[-117.32825917,49.62461708],[-117.32803158,49.6246396],[-117.3279176,49.62465094],[-117.3272627,49.62472175],[-117.32713252,49.62474392],[-117.32713236,49.62474394],[-117.32659422,49.6248357],[-117.32601837,49.62496815],[-117.32592832,49.62500986],[-117.32590775,49.6250194],[-117.3259077,49.62501942],[-117.32569032,49.62497206],[-117.32550127,49.62493076],[-117.32532387,49.62489745],[-117.32531164,49.62489516],[-117.32531158,49.62489514],[-117.32528829,49.62488875],[-117.32518193,49.62485955],[-117.32513285,49.62484861],[-117.32506193,49.62483289],[-117.32497874,49.62481513],[-117.32495665,49.62481233],[-117.32490962,49.6248065],[-117.3245631,49.62475345],[-117.32447956,49.62473564],[-117.32440515,49.62472503],[-117.32435502,49.62471794],[-117.32420243,49.6246734],[-117.32410539,49.62465568],[-117.32399444,49.624629],[-117.32380037,49.62459357],[-117.3236525,49.624567],[-117.32352354,49.62453818],[-117.32345401,49.62452273],[-117.32312093,49.62444261],[-117.32296909,49.62440822],[-117.32288518,49.62438924],[-117.32278815,49.62437153],[-117.32253464,49.6244232],[-117.32231345,49.62447479],[-117.3221954,49.62451244],[-117.32215224,49.62452629],[-117.32202809,49.6245537],[-117.32186638,49.62459109],[-117.32176968,49.62461022],[-117.32162685,49.62463861],[-117.32137634,49.62467728],[-117.32130727,49.6246903],[-117.32119352,49.62471179],[-117.32116015,49.6247224],[-117.3210323,49.62476318],[-117.32096297,49.62474539],[-117.32095575,49.62476606],[-117.32093577,49.62482341],[-117.32092071,49.62486471],[-117.3209041,49.62491047],[-117.32089388,49.62495582],[-117.32087563,49.62503745],[-117.32085515,49.62519531],[-117.32085513,49.62519541],[-117.32083717,49.62527042],[-117.32082225,49.6253099],[-117.32082209,49.62531031],[-117.32080092,49.62536657],[-117.32078351,49.62540658],[-117.32077359,49.6254295],[-117.32076674,49.62547121],[-117.32076037,49.62551041],[-117.32075658,49.6255593],[-117.32074754,49.62567842],[-117.32073449,49.62580139],[-117.32070751,49.6259094],[-117.32070744,49.62590955],[-117.32066203,49.62601147],[-117.32058884,49.62611361],[-117.32051546,49.62618278],[-117.32049597,49.6262033],[-117.3204653,49.62623605],[-117.32041928,49.62629409],[-117.3203784,49.62636316],[-117.32030505,49.62647033],[-117.32019972,49.62659139],[-117.32019968,49.62659141],[-117.31995739,49.62671201],[-117.31995722,49.62671209],[-117.31992942,49.62672468],[-117.31971347,49.62682261],[-117.31951855,49.6269025],[-117.31946806,49.62692323],[-117.31930277,49.62704678],[-117.3192039,49.62713099],[-117.31916186,49.62716693],[-117.31906265,49.62728713],[-117.31893558,49.62738342],[-117.31889209,49.62741321],[-117.31883465,49.62745268],[-117.31876886,49.62751392],[-117.31874732,49.62754103],[-117.3187199,49.62757591],[-117.31869929,49.62762008],[-117.31868966,49.62764103],[-117.31867488,49.62766684],[-117.31865153,49.62770802],[-117.31859865,49.62776416],[-117.31855553,49.62781016],[-117.31840865,49.62794546],[-117.31827118,49.62812597],[-117.31818445,49.62826092],[-117.31816788,49.62828817],[-117.31811889,49.62836909],[-117.31802432,49.62849527],[-117.31788369,49.62863757],[-117.31778155,49.62876216],[-117.3177541,49.62879571],[-117.31770568,49.62892282],[-117.31766651,49.62905492],[-117.3176366,49.629192],[-117.31757765,49.62933299],[-117.31754174,49.62937728],[-117.31747974,49.6294542],[-117.31732397,49.62964794],[-117.31718848,49.62981687],[-117.31707278,49.63000162],[-117.3170588,49.63002401],[-117.31702229,49.63008769],[-117.3169584,49.63019927],[-117.31688701,49.6303424],[-117.31686642,49.63039327],[-117.31685065,49.63043234],[-117.31684238,49.63045702],[-117.31680561,49.63056743],[-117.31677819,49.63063045],[-117.31672241,49.63081453],[-117.31665132,49.63098472],[-117.31651361,49.63112999],[-117.31645531,49.63118014],[-117.31632999,49.63128825],[-117.31621675,49.63140345],[-117.31619722,49.63142338],[-117.31616593,49.63147961],[-117.31614985,49.63150861],[-117.31611038,49.63158967],[-117.3160888,49.63164192],[-117.31608878,49.63164197],[-117.31607876,49.63166656],[-117.31604348,49.63172383],[-117.31598263,49.63182289],[-117.3159281,49.63195496],[-117.31590653,49.63199962],[-117.31590649,49.6319997],[-117.31589637,49.63202083],[-117.31584151,49.63209026],[-117.31581265,49.63212138],[-117.31578626,49.63215023],[-117.31573289,49.63222533],[-117.31569123,49.63229419],[-117.31567659,49.63231849],[-117.31565602,49.63234929],[-117.31561257,49.63241454],[-117.31551633,49.63252474],[-117.31536502,49.63268206],[-117.3150204,49.63292885],[-117.3151881,49.63316225],[-117.31524469,49.63334799],[-117.31526706,49.63348968],[-117.3152736,49.63353085],[-117.31527492,49.63373772],[-117.31529145,49.63387444],[-117.31532302,49.6340133],[-117.31536829,49.63411118],[-117.31537431,49.63412413],[-117.31537434,49.63412418],[-117.31545816,49.63423788],[-117.31553445,49.6343224],[-117.31554183,49.63433054],[-117.31562539,49.63435725],[-117.31579747,49.63439819],[-117.31583779,49.63440774],[-117.31598423,49.63442527],[-117.31608249,49.634437],[-117.31608251,49.63443704],[-117.31608264,49.63443706],[-117.31623199,49.63469443],[-117.31623203,49.63469449],[-117.31632382,49.63481905],[-117.31636083,49.63486244],[-117.31640424,49.6349129],[-117.31643406,49.6349369],[-117.31646009,49.63495755],[-117.31650056,49.63499694],[-117.31651567,49.63501153],[-117.31656805,49.6350565],[-117.31658556,49.63507149],[-117.31664112,49.6351281],[-117.31671102,49.63520002],[-117.31672684,49.63521319],[-117.31677576,49.63525368],[-117.31686382,49.6353074],[-117.31688262,49.63531876],[-117.31688269,49.6353188],[-117.31693816,49.63535206],[-117.3170028,49.63540582],[-117.31700295,49.63540596],[-117.31714228,49.63553151],[-117.31715577,49.63554108],[-117.317235,49.63559721],[-117.31731384,49.63565396],[-117.31737879,49.63570176],[-117.31747158,49.63577346],[-117.31757608,49.63583859],[-117.31757612,49.63583862],[-117.31761535,49.63586299],[-117.3176712,49.63592566],[-117.31773022,49.6360047],[-117.31775037,49.63602818],[-117.31780138,49.63608736],[-117.31783605,49.63612453],[-117.31788531,49.63617703],[-117.31792067,49.63621373],[-117.31793929,49.6362329],[-117.31797809,49.63628476],[-117.31803439,49.63642253],[-117.31809067,49.63655729],[-117.31814692,49.63668906],[-117.31824509,49.63687768],[-117.31824764,49.63688339],[-117.31824768,49.63688347],[-117.31827345,49.63694041],[-117.31833568,49.63706599],[-117.31837611,49.63714715],[-117.31844203,49.63734486],[-117.31845694,49.63750672],[-117.31847178,49.63765959],[-117.31851439,49.63782138],[-117.31851613,49.63808919],[-117.31851614,49.63808929],[-117.31851683,49.63816309],[-117.31851755,49.63830648],[-117.31851808,49.63838803],[-117.31851011,49.63847297],[-117.31850521,49.63852591],[-117.31849716,49.63854276],[-117.31843531,49.63867308],[-117.31836219,49.63880179],[-117.3183229,49.63887128],[-117.3182951,49.63896462],[-117.31827152,49.63904431],[-117.31824641,49.63920729],[-117.31824641,49.63920739],[-117.31825036,49.63980991],[-117.31824162,49.63985692],[-117.31823709,49.63988176],[-117.31823133,49.63990835],[-117.31821864,49.63996784],[-117.31821033,49.6400078],[-117.31820168,49.64009503],[-117.31819772,49.64022392],[-117.31819799,49.64027649],[-117.31819858,49.64036773],[-117.31821003,49.64041236],[-117.31822718,49.6404785],[-117.31828375,49.6406462],[-117.31829162,49.6406871],[-117.31829782,49.64071824],[-117.31829802,49.64074887],[-117.31829822,49.64076334],[-117.31829825,49.6407842],[-117.31829858,49.64083517],[-117.3182927,49.64098603],[-117.31829203,49.64100403],[-117.31826386,49.64116212],[-117.31816349,49.64133908],[-117.31819702,49.64152209],[-117.31820058,49.64162764],[-117.31820255,49.64168393],[-117.31816662,49.64183993],[-117.31815753,49.64192129],[-117.31815364,49.64195683],[-117.31810692,49.64209284],[-117.31805486,49.64219087],[-117.31802615,49.64224508],[-117.31802599,49.64224523],[-117.31797021,49.64230341],[-117.31782427,49.64245566],[-117.31774658,49.64254253],[-117.31773598,49.6425564],[-117.3176732,49.64263881],[-117.3175819,49.64279997],[-117.31748464,49.64299012],[-117.31741222,49.64320907],[-117.3174122,49.64320919],[-117.31740154,49.64342804],[-117.31732687,49.64355906],[-117.31731041,49.64359056],[-117.31723706,49.64373136],[-117.31713226,49.64394452],[-117.31713213,49.64394467],[-117.31688016,49.64423004],[-117.31686643,49.64424806],[-117.31683537,49.64430117],[-117.31682096,49.644326],[-117.3167569,49.64444625],[-117.31675684,49.64444635],[-117.31672944,49.64446397],[-117.31664961,49.6445155],[-117.31653459,49.64457678],[-117.3164118,49.64463008],[-117.31631582,49.64478025],[-117.31622446,49.64493341],[-117.31619847,49.64498021],[-117.31613798,49.64508973],[-117.31595547,49.64522005],[-117.31589656,49.64525907],[-117.31573476,49.64536649],[-117.3154757,49.6455291],[-117.31538122,49.64567327],[-117.31534267,49.64575386],[-117.31530238,49.64583851],[-117.31523887,49.64602437],[-117.31517369,49.64618353],[-117.31509561,49.6462457],[-117.31502511,49.64630187],[-117.3149038,49.64636888],[-117.31479986,49.64642635],[-117.31447977,49.6465655],[-117.31447141,49.64656913],[-117.31436099,49.64665435],[-117.31418942,49.64678685],[-117.31402606,49.64699217],[-117.31388107,49.64717941],[-117.31388104,49.64717945],[-117.31371183,49.64741974],[-117.31364752,49.64748752],[-117.31342586,49.64772136],[-117.31312345,49.64808996],[-117.31289028,49.64844937],[-117.3126566,49.64873584],[-117.31261822,49.6488213],[-117.31253984,49.64899598],[-117.31230899,49.64925661],[-117.31226484,49.64933714],[-117.3121386,49.64956774],[-117.31205957,49.64965178],[-117.31205929,49.64965208],[-117.31189578,49.6498263],[-117.31179972,49.64991822],[-117.3116951,49.65001866],[-117.3120853,49.65039529],[-117.31254183,49.6505619],[-117.31301609,49.65076165],[-117.31313992,49.650837],[-117.31334507,49.65096164],[-117.31371181,49.65126347],[-117.31380614,49.65132917],[-117.31393439,49.65140678],[-117.31419841,49.65153199],[-117.31420822,49.65160387],[-117.31423255,49.65178067],[-117.31423407,49.65202955],[-117.3142356,49.65228775],[-117.31423604,49.65235639],[-117.31424,49.65241773],[-117.31424007,49.65241889],[-117.31426707,49.65283316],[-117.31438618,49.65317825],[-117.31441112,49.65325039],[-117.31466897,49.65360847],[-117.31466896,49.65360864],[-117.31465602,49.65375242],[-117.31465601,49.65375249],[-117.31462965,49.65393229],[-117.31462972,49.65396654],[-117.31462984,49.65398634],[-117.31460306,49.65413026],[-117.31460306,49.65413034],[-117.31460451,49.6543552],[-117.31464718,49.65452598],[-117.31465594,49.65463987],[-117.31465903,49.65467893],[-117.31459966,49.65475506],[-117.31454444,49.65482608],[-117.31430366,49.65496765],[-117.31434374,49.65508508],[-117.31434381,49.65508529],[-117.31437122,49.6551653],[-117.31446266,49.65526136],[-117.31456021,49.65536371],[-117.31479095,49.65557696],[-117.31479834,49.6556709],[-117.31481123,49.6558329],[-117.31459241,49.65605721],[-117.31421502,49.65623604],[-117.31452134,49.65636231],[-117.31456213,49.6563791],[-117.31473841,49.65649854],[-117.31490568,49.656657],[-117.31495123,49.65672602],[-117.31495148,49.65672639],[-117.3150178,49.65682664],[-117.31508331,49.65696835],[-117.31512123,49.65710614],[-117.31513534,49.65715991],[-117.31516351,49.65721403],[-117.31523683,49.65736855],[-117.31527283,49.65745245],[-117.31531166,49.65754236],[-117.3153488,49.65763569],[-117.31538856,49.65773493],[-117.31550497,49.65788269],[-117.31559818,49.65803224],[-117.3156581,49.65812851],[-117.31567276,49.65815202],[-117.31571047,49.65826784],[-117.31575247,49.65833668],[-117.31579444,49.65839954],[-117.31586093,49.65854125],[-117.31587876,49.65857913],[-117.31597696,49.65874078],[-117.31603334,49.65888462],[-117.31608975,49.65905517],[-117.31610798,49.65912866],[-117.31613234,49.65922611],[-117.31617459,49.65933394],[-117.31615105,49.65946758],[-117.31614346,49.65951092],[-117.31609371,49.65965797],[-117.31606634,49.65972099],[-117.31603966,49.65985594],[-117.31602685,49.660045],[-117.31602697,49.66007339],[-117.31602755,49.66016184],[-117.31601463,49.66030579],[-117.31601115,49.66048469],[-117.31601115,49.66048472],[-117.31601524,49.66063859],[-117.31602685,49.66076747],[-117.31599076,49.6609005],[-117.31599073,49.66090059],[-117.3159224,49.6610436],[-117.31590097,49.66106898],[-117.31582793,49.66115588],[-117.31570217,49.66126907],[-117.3159713,49.66126234],[-117.31597155,49.66126233],[-117.31622869,49.66126763],[-117.31622874,49.66126768],[-117.31622895,49.66126768],[-117.31641301,49.66146836],[-117.31645662,49.66151585],[-117.31649289,49.66155185],[-117.31655563,49.66161406],[-117.31661638,49.6616743],[-117.31676616,49.66178822],[-117.31680499,49.66181772],[-117.31702278,49.66194596],[-117.31702291,49.66194605],[-117.31717763,49.66205741],[-117.31721142,49.66209194],[-117.31727369,49.66215523],[-117.31731554,49.6622001],[-117.31731561,49.66220018],[-117.31734356,49.66224498],[-117.31728983,49.66250598],[-117.31731416,49.6626948],[-117.31733402,49.6628413],[-117.31734175,49.66289769],[-117.31736171,49.66303939],[-117.31737232,49.66311438],[-117.31737229,49.66311453],[-117.31733704,49.6633602],[-117.3173404,49.66388218],[-117.31734369,49.66439453],[-117.31734666,49.66485242],[-117.31734667,49.66485365],[-117.31734984,49.66530318],[-117.31735325,49.66584296],[-117.31737432,49.66602483],[-117.31739713,49.66622046],[-117.31735737,49.66649939],[-117.31735958,49.66683843],[-117.31736124,49.6670749],[-117.31736113,49.66707489],[-117.31736113,49.66707504],[-117.31688372,49.66706435],[-117.31672259,49.66712245],[-117.31671069,49.66712675],[-117.31651512,49.66719738],[-117.31638364,49.66733705],[-117.31625507,49.66747382],[-117.31625582,49.66758908],[-117.31625881,49.66803161],[-117.31626143,49.66845424],[-117.3162644,49.66890394],[-117.3161385,49.66900099],[-117.31570509,49.66933521],[-117.31525821,49.66976117],[-117.31588429,49.67013724],[-117.31611805,49.67026098],[-117.31617168,49.67028934],[-117.31633582,49.67042883],[-117.31649234,49.67058231],[-117.31660184,49.67068794],[-117.31663198,49.67071696],[-117.31676181,49.67081843],[-117.31700456,49.67096968],[-117.31714444,49.67116717],[-117.31722494,49.67136374],[-117.31723524,49.67138883],[-117.31724287,49.67159249],[-117.31726569,49.67170815],[-117.31726655,49.67171248],[-117.31726655,49.67171251],[-117.31725304,49.67177051],[-117.31725314,49.67177951],[-117.31726717,49.67180645],[-117.31728138,49.67186038],[-117.31728303,49.67187161],[-117.31728634,49.67189335],[-117.31729576,49.67192326],[-117.31730988,49.67195922],[-117.31731895,49.67201653],[-117.31732419,49.67204915],[-117.31739571,49.67239075],[-117.31727287,49.67244606],[-117.31718416,49.67249198],[-117.31710403,49.67253354],[-117.31698943,49.67264569],[-117.31683007,49.67279305],[-117.31681817,49.67283458],[-117.31678803,49.67294015],[-117.31675802,49.67298031],[-117.31663853,49.67314025],[-117.31652618,49.67341049],[-117.31636058,49.67376085],[-117.31634516,49.67390107],[-117.31629945,49.67431859],[-117.31630141,49.67462039],[-117.31630227,49.67474142],[-117.31630496,49.67514625],[-117.31630572,49.67528402],[-117.31630721,49.67551485],[-117.31594639,49.67566378],[-117.31585896,49.67569991],[-117.31586044,49.6759459],[-117.31613618,49.67613306],[-117.31613875,49.6761348],[-117.3163122,49.6762525],[-117.31585838,49.67660357],[-117.31558969,49.67675789],[-117.31529068,49.67692978],[-117.31592052,49.67715891],[-117.31592064,49.67715899],[-117.3159207,49.67715901],[-117.31626388,49.67738284],[-117.31626389,49.6773829],[-117.316264,49.67738297],[-117.31632096,49.67760158],[-117.3163617,49.67792901],[-117.31637922,49.67806911],[-117.31533842,49.67811893],[-117.31533837,49.67811893],[-117.31430449,49.67828064],[-117.31368857,49.67844473],[-117.31327725,49.67855438],[-117.31222634,49.67889904],[-117.31147568,49.67906133],[-117.31117419,49.67912658],[-117.3108501,49.67933646],[-117.31072622,49.67941674],[-117.31046864,49.67950222],[-117.31004392,49.6796433],[-117.30912702,49.67980666],[-117.30803259,49.67990852],[-117.3070297,49.68011505],[-117.30641461,49.68027831],[-117.30602554,49.68038164],[-117.30510602,49.68061201],[-117.30441953,49.68073024],[-117.30429983,49.68075088],[-117.30360763,49.68089362],[-117.30360749,49.68089364],[-117.30279986,49.68099476],[-117.30188473,49.68119593],[-117.30166543,49.68122906],[-117.30086887,49.68134949],[-117.30010681,49.68145985],[-117.29986422,49.68149502],[-117.29898807,49.68170244],[-117.29837058,49.68184866],[-117.29799544,49.6819534],[-117.29710992,49.68220071],[-117.29641386,49.68250229],[-117.29575716,49.68267086],[-117.29518766,49.68273529],[-117.29477488,49.68273733],[-117.29466265,49.68273762],[-117.2945348,49.682738],[-117.2944699,49.68276014],[-117.29434092,49.6828044],[-117.29415362,49.68288182],[-117.29407803,49.68291317],[-117.29400003,49.68295233],[-117.29389853,49.6830034],[-117.29378801,49.68306664],[-117.2936913,49.68312085],[-117.29355771,49.68319016],[-117.29355766,49.68319018],[-117.29325841,49.68336481],[-117.29298974,49.6835104],[-117.29271967,49.68368098],[-117.2925405,49.68385633],[-117.29243296,49.68394072],[-117.29243246,49.68394111],[-117.29234133,49.68401266],[-117.2922578,49.68408138],[-117.29211588,49.68419819],[-117.29181839,49.6844208],[-117.29173866,49.68449201],[-117.29152885,49.68467955],[-117.29107306,49.6849295],[-117.29052764,49.68520366],[-117.29002566,49.68543972],[-117.28989326,49.68550199],[-117.28933245,49.6860001],[-117.28876553,49.68651321],[-117.28832781,49.68698901],[-117.28788959,49.68738485],[-117.28780521,49.68747867],[-117.28766631,49.68763336],[-117.28752395,49.68772623],[-117.287459,49.6877687],[-117.28728685,49.68783209],[-117.2872145,49.68785185],[-117.28712081,49.68787761],[-117.28694719,49.68793807],[-117.28691321,49.68794994],[-117.28676112,49.68801927],[-117.28676101,49.68801932],[-117.28659997,49.68808875],[-117.28651776,49.68812886],[-117.28647076,49.68815191],[-117.28634632,49.68821218],[-117.28632542,49.68822586],[-117.28626365,49.68826642],[-117.28606999,49.68835472],[-117.28606987,49.68835477],[-117.28603927,49.68836631],[-117.28581621,49.6884505],[-117.28547004,49.6885374],[-117.28532252,49.6885745],[-117.28514253,49.68862419],[-117.28467977,49.68875208],[-117.28422036,49.68890582],[-117.28414769,49.68893017],[-117.28358927,49.68906445],[-117.28333907,49.68913971],[-117.28311001,49.68920867],[-117.28296969,49.6892509],[-117.28218035,49.68943676],[-117.28185592,49.68964277],[-117.28152652,49.68985201],[-117.28134238,49.68992908],[-117.28087815,49.69012359],[-117.28023077,49.69035894],[-117.2796549,49.69057105],[-117.2795483,49.69061032],[-117.27954824,49.69061034],[-117.27901543,49.69091545],[-117.27863236,49.69127416],[-117.27850467,49.69157728],[-117.27850446,49.69157728],[-117.27850443,49.69157735],[-117.27822765,49.69157806],[-117.27798251,49.69158162],[-117.27780203,49.69158803],[-117.27765563,49.69157343],[-117.27749362,49.69151291],[-117.2774004,49.69144239],[-117.2773127,49.69137626],[-117.27711591,49.69117585],[-117.27628139,49.69122117],[-117.27607637,49.69123234],[-117.27594043,49.69127594],[-117.27560581,49.69138334],[-117.27529666,49.69147101],[-117.27521307,49.69148479],[-117.27514867,49.69149546],[-117.27499657,49.69151682],[-117.27481645,49.69155919],[-117.27475161,49.69156214],[-117.2746363,49.69156753],[-117.27450101,49.69156845],[-117.27441009,49.69156916],[-117.27413742,49.69156382],[-117.2739256,49.6915636],[-117.27379206,49.69156353],[-117.27347759,49.69152829],[-117.27322791,49.6915069],[-117.27315754,49.69150028],[-117.27299954,49.69148549],[-117.27250267,49.69153961],[-117.27194664,49.69162898],[-117.27148586,49.6917304],[-117.27125446,49.69178137],[-117.27108804,49.6918301],[-117.27065916,49.69195583],[-117.27051361,49.69193884],[-117.27050668,49.69193804],[-117.27050662,49.69193802],[-117.2703817,49.69191133],[-117.27031209,49.69186653],[-117.27031199,49.69186647],[-117.27014029,49.69172618],[-117.27000116,49.69164251],[-117.26992895,49.69159931],[-117.26985592,49.69155578],[-117.26971818,49.69144217],[-117.26958799,49.69130156],[-117.26928654,49.69111037],[-117.26919099,49.69104311],[-117.26908678,49.69096993],[-117.26904261,49.69094022],[-117.26896642,49.69088926],[-117.26881349,49.6908014],[-117.26879504,49.69079083],[-117.26860035,49.69071036],[-117.26814161,49.69054053],[-117.26807527,49.69050463],[-117.26805843,49.6904956],[-117.26792387,49.69040089],[-117.26780796,49.69031942],[-117.26773014,49.69027337],[-117.26752971,49.69015503],[-117.26744163,49.69010726],[-117.26740136,49.69008132],[-117.2673628,49.69005665],[-117.26724227,49.69000396],[-117.26715893,49.68997378],[-117.26709879,49.68995215],[-117.2668767,49.68990469],[-117.26679346,49.68989589],[-117.26670407,49.68988288],[-117.26661745,49.68987044],[-117.26652282,49.68985222],[-117.26648817,49.68984562],[-117.26647738,49.68984176],[-117.26640457,49.68981596],[-117.2663015,49.68978214],[-117.2662055,49.68974439],[-117.26614112,49.68971462],[-117.26604356,49.68966975],[-117.26592353,49.68962226],[-117.26583495,49.68958737],[-117.26558045,49.68949693],[-117.26523833,49.68943178],[-117.26523812,49.68943174],[-117.26520664,49.68941967],[-117.26502027,49.68934846],[-117.26488101,49.68930869],[-117.26485482,49.68930121],[-117.26477978,49.68927989],[-117.26473117,49.68927212],[-117.26466876,49.6892623],[-117.26457189,49.6892534],[-117.26457167,49.68925337],[-117.26445603,49.68923564],[-117.26432187,49.68920897],[-117.26423317,49.68904527],[-117.26415396,49.68892452],[-117.26411965,49.68889212],[-117.26408415,49.68885889],[-117.26406963,49.68883188],[-117.2640516,49.68879884],[-117.26400044,49.68873899],[-117.26393081,49.68867918],[-117.26384712,49.68858942],[-117.26379775,49.68855648],[-117.2637604,49.68853168],[-117.26364318,49.68847008],[-117.26344873,49.68840955],[-117.2633785,49.68839054],[-117.26328674,49.68836584],[-117.26312485,49.68833922],[-117.26290732,49.68827975],[-117.26280511,49.68824582],[-117.26276398,49.68823224],[-117.26262933,49.68816957],[-117.2625194,49.6880859],[-117.26242796,49.68800419],[-117.262402,49.68798108],[-117.26229041,49.68785541],[-117.26225089,49.68782301],[-117.26213711,49.68772985],[-117.26193801,49.68762837],[-117.26193797,49.68762835],[-117.26180361,49.68755075],[-117.26151174,49.68741652],[-117.26133084,49.68733606],[-117.26123089,49.68729419],[-117.26117354,49.68727029],[-117.26102525,49.68719267],[-117.26082598,49.68709118],[-117.2608258,49.68709109],[-117.26059441,49.68699577],[-117.26054019,49.68697833],[-117.26051085,49.68696897],[-117.26044149,49.68694226],[-117.26021466,49.68686785],[-117.26006651,49.68679913],[-117.2599271,49.6866973],[-117.2598403,49.68664251],[-117.2597048,49.68655703],[-117.25966764,49.68652873],[-117.2595594,49.68644644],[-117.25955169,49.68644058],[-117.25949654,49.68638599],[-117.25941232,49.68630283],[-117.25932252,49.68621517],[-117.25926808,49.68616215],[-117.25915677,49.68604257],[-117.25915673,49.68604252],[-117.25907792,49.6859649],[-117.2590778,49.68596479],[-117.25895712,49.68586312],[-117.25889619,49.68581826],[-117.25882723,49.68576764],[-117.25858946,49.68567614],[-117.25842673,49.6856209],[-117.25841952,49.68561846],[-117.25835907,49.68560209],[-117.25826551,49.68557685],[-117.25820964,49.68555395],[-117.25809545,49.68550737],[-117.25791022,49.68540981],[-117.25779754,49.68534279],[-117.25773419,49.68530519],[-117.25761379,49.68525848],[-117.25750733,49.68522474],[-117.25747762,49.68521839],[-117.25741,49.68520401],[-117.25726098,49.68517586],[-117.25717428,49.68515953],[-117.2570854,49.68513813],[-117.25695205,49.6851061],[-117.2568827,49.6850883],[-117.25673307,49.68504771],[-117.25661436,49.68501993],[-117.25657335,49.68501207],[-117.25650493,49.68499911],[-117.25642866,49.68497746],[-117.25638611,49.68496546],[-117.25625821,49.68491882],[-117.25604949,49.68481129],[-117.25598181,49.68477529],[-117.2559445,49.6847555],[-117.25588968,49.68472016],[-117.2558548,49.68469771],[-117.25582061,49.68465569],[-117.25579883,49.68461404],[-117.25578349,49.68458449],[-117.25570085,49.68442533],[-117.2555577,49.68454002],[-117.25545706,49.68462066],[-117.25545689,49.6846208],[-117.25543575,49.68463363],[-117.25532039,49.68470391],[-117.25521775,49.68475895],[-117.25521748,49.6847591],[-117.25512075,49.68481342],[-117.25504242,49.68486149],[-117.25495499,49.68490351],[-117.25495483,49.68490358],[-117.25487186,49.68494275],[-117.25480837,49.68497633],[-117.25477523,49.68499394],[-117.25467848,49.68504806],[-117.25459076,49.68511643],[-117.25457163,49.68513346],[-117.2544989,49.68519841],[-117.25437485,49.6853366],[-117.25430591,49.68540871],[-117.25421757,49.68553595],[-117.25421737,49.68553624],[-117.25416827,49.68560707],[-117.25407185,49.68570605],[-117.25404989,49.68572734],[-117.25400588,49.68577015],[-117.25397305,49.6857916],[-117.25392926,49.68582034],[-117.253871,49.68583931],[-117.25371554,49.68589016],[-117.2537155,49.68589017],[-117.25360647,49.68592609],[-117.25347698,49.68597736],[-117.25341135,49.68600786],[-117.25338027,49.68602237],[-117.25331119,49.6860675],[-117.25311769,49.68618185],[-117.25293795,49.68627518],[-117.25285501,49.68632034],[-117.2527452,49.68637968],[-117.252686,49.68641174],[-117.25262634,49.68643968],[-117.25252776,49.68648596],[-117.25247097,49.68650453],[-117.25237112,49.68653743],[-117.25226031,49.6865855],[-117.25214068,49.68665386],[-117.25206822,49.68670159],[-117.25203913,49.68672087],[-117.25179963,49.6868743],[-117.25149355,49.68706027],[-117.25140364,49.68711495],[-117.25140357,49.68711494],[-117.25140343,49.68711502],[-117.25132439,49.68711015],[-117.25130955,49.68710925],[-117.25130945,49.68710923],[-117.25123236,49.6870944],[-117.25123226,49.68709431],[-117.25123221,49.6870943],[-117.25120282,49.68706546],[-117.25118093,49.68702558],[-117.25101485,49.68703491],[-117.25091795,49.6870441],[-117.25091784,49.68704411],[-117.2507793,49.6870624],[-117.25069622,49.68708057],[-117.25050245,49.68714396],[-117.25039474,49.68718728],[-117.25038254,49.68719221],[-117.25036913,49.68719657],[-117.25028105,49.68722539],[-117.25021183,49.68724352],[-117.25011492,49.68727072],[-117.24996084,49.68729715],[-117.24990265,49.68730722],[-117.24982728,49.68731788],[-117.24973167,49.68733151],[-117.24966944,49.68734056],[-117.24961293,49.68734887],[-117.24955388,49.68736373],[-117.24950545,49.68737597],[-117.24946828,49.68739024],[-117.24940844,49.68741332],[-117.24930724,49.68745533],[-117.24920286,49.68749557],[-117.24915733,49.68751036],[-117.24908573,49.68753378],[-117.24892417,49.68757011],[-117.24877185,49.68760641],[-117.24859194,49.68766976],[-117.24850968,49.68779892],[-117.24848247,49.68792888],[-117.24847741,49.68799102],[-117.24846932,49.68809277],[-117.24847056,49.68833561],[-117.24848161,49.68837774],[-117.24848478,49.68838961],[-117.24838989,49.68849993],[-117.24829635,49.68860883],[-117.24822395,49.68866615],[-117.24822315,49.68866679],[-117.24812319,49.68874602],[-117.2480009,49.68881528],[-117.24791407,49.68886448],[-117.24791384,49.68886459],[-117.24771122,49.68896087],[-117.24759487,49.68900501],[-117.24749117,49.6890444],[-117.24747378,49.68904889],[-117.24723752,49.68910991],[-117.24711004,49.68913086],[-117.24694969,49.68915737],[-117.24695249,49.68940721],[-117.24691199,49.68962316],[-117.24687399,49.68970575],[-117.24687387,49.68970599],[-117.24682834,49.68980528],[-117.24671793,49.68992242],[-117.2466887,49.68996441],[-117.24667199,49.68998845],[-117.24660115,49.69006496],[-117.24656634,49.69010258],[-117.24654925,49.69012221],[-117.24645141,49.69023478],[-117.24635272,49.69034376],[-117.24631809,49.69038208],[-117.24626362,49.69057098],[-117.24620907,49.69075098],[-117.24530743,49.69066595],[-117.24499435,49.69060257],[-117.24472624,49.69054836],[-117.24437006,49.69045886],[-117.24422477,49.69042238],[-117.24414828,49.69048754],[-117.24401335,49.69060284],[-117.24379891,49.69069146],[-117.24369793,49.6907333],[-117.24353393,49.69077261],[-117.24330266,49.69082822],[-117.24307753,49.69085364],[-117.24295299,49.69086779],[-117.24269751,49.6909173],[-117.2426076,49.69093938],[-117.24251277,49.6909628],[-117.2424391,49.69099187],[-117.24230992,49.69104303],[-117.24209155,49.69112045],[-117.24199615,49.69120163],[-117.24193964,49.69124978],[-117.2417729,49.69135231],[-117.2417262,49.69138105],[-117.24148974,49.69154045],[-117.24115045,49.69158745],[-117.24097721,49.69161153],[-117.24038558,49.69162684],[-117.24005593,49.69161545],[-117.23980045,49.69163503],[-117.23961883,49.69168524],[-117.23956131,49.69169877],[-117.23944327,49.69172659],[-117.2392432,49.69176996],[-117.23924311,49.69176998],[-117.2390184,49.69181555],[-117.23877705,49.6919099],[-117.23852962,49.69198325],[-117.23852943,49.69198332],[-117.23847152,49.69199529],[-117.23827529,49.69203595],[-117.23814328,49.69205217],[-117.23797988,49.6920724],[-117.23773943,49.69211035],[-117.23763378,49.6921271],[-117.23766534,49.69220669],[-117.237685,49.69225589],[-117.23773168,49.69235173],[-117.23774581,49.69240568],[-117.23775617,49.69245811],[-117.23776005,49.69247745],[-117.23776002,49.6924776],[-117.2377438,49.6925775],[-117.23769953,49.69270176],[-117.23761848,49.69283884],[-117.23751756,49.69295171],[-117.23741775,49.69304108],[-117.23731975,49.69314398],[-117.23712663,49.6933423],[-117.23711243,49.69336375],[-117.23708514,49.69340542],[-117.23703787,49.69352974],[-117.23703039,49.69354952],[-117.23700298,49.69361255],[-117.23699211,49.6936814],[-117.23697606,49.69378341],[-117.23690761,49.69396344],[-117.2368992,49.693994],[-117.23689911,49.69399432],[-117.23685335,49.69416158],[-117.2368397,49.6942424],[-117.23682638,49.69435029],[-117.23679904,49.69444642],[-117.23679627,49.6944565],[-117.23676724,49.69456337],[-117.236717,49.69468639],[-117.23667637,49.69473717],[-117.23666489,49.69475156],[-117.23653761,49.69483274],[-117.23642625,49.69488603],[-117.23633455,49.69493003],[-117.23616267,49.69499147],[-117.23603916,49.69503569],[-117.23584091,49.69512007],[-117.23570396,49.69519203],[-117.235698,49.69519516],[-117.23569793,49.6951952],[-117.23560118,49.69526142],[-117.23553249,49.69532445],[-117.23548189,49.69539566],[-117.23546263,49.69544343],[-117.23544825,49.6954795],[-117.23543178,49.69557648],[-117.2354323,49.69568441],[-117.23542488,49.69578169],[-117.23541943,49.69585532],[-117.23540655,49.69605329],[-117.23540665,49.69611576],[-117.23540665,49.6961162],[-117.23540666,49.69611631],[-117.23542154,49.69630501],[-117.23542179,49.69638036],[-117.23542221,49.69646695],[-117.23534878,49.69657504],[-117.23519988,49.69668827],[-117.23501527,49.69682242],[-117.23495569,49.6968658],[-117.23493346,49.69689896],[-117.23475537,49.69716489],[-117.23460882,49.69744602],[-117.23458743,49.69748711],[-117.23444091,49.69774809],[-117.23425089,49.69793538],[-117.23426556,49.69807411],[-117.23427966,49.69820522],[-117.23425348,49.6982248],[-117.23425342,49.69822485],[-117.23420614,49.69826045],[-117.23403062,49.69834377],[-117.23366385,49.69844005],[-117.23342134,49.69850377],[-117.23331413,49.69854002],[-117.23301981,49.69863965],[-117.23284922,49.69871086],[-117.23272943,49.6987721],[-117.23264175,49.69883227],[-117.23259867,49.69885248],[-117.23254183,49.69887932],[-117.23243879,49.69891951],[-117.23227242,49.69892883],[-117.23220424,49.69893577],[-117.23209239,49.69894728],[-117.2319425,49.69896079],[-117.23186739,49.69896762],[-117.23163609,49.69902371],[-117.23163044,49.69902508],[-117.23161806,49.69902809],[-117.231618,49.6990281],[-117.23134443,49.69912851],[-117.23134428,49.69912856],[-117.23121427,49.69909157],[-117.23110354,49.69906015],[-117.23085851,49.69898573],[-117.23060822,49.69890526],[-117.23044196,49.69886966],[-117.23025562,49.69884476],[-117.23010869,49.69882521],[-117.23001618,49.69881341],[-117.23001613,49.6988134],[-117.22985756,49.6988248],[-117.22981085,49.69882745],[-117.22967604,49.69883512],[-117.229483,49.69881055],[-117.22943263,49.69875086],[-117.22939611,49.69870759],[-117.2293591,49.6986638],[-117.22933524,49.69858195],[-117.22928846,49.6984221],[-117.22894155,49.69840391],[-117.22840556,49.69837586],[-117.22772578,49.69831422],[-117.22767442,49.69831317],[-117.22722646,49.69830407],[-117.22706009,49.69830069],[-117.22645935,49.69830176],[-117.22595821,49.69828182],[-117.22562518,49.69824942],[-117.22546056,49.69820491],[-117.22527125,49.6981167],[-117.22504347,49.69801066],[-117.22466501,49.69779952],[-117.22427601,49.69764038],[-117.22387647,49.69753321],[-117.22370046,49.69745982],[-117.22364017,49.69743477],[-117.2235152,49.69739916],[-117.2233603,49.69733384],[-117.22319577,49.69726469],[-117.22311237,49.69721988],[-117.2230058,49.69716612],[-117.22293068,49.6971194],[-117.22287577,49.69708548],[-117.22273662,49.69695089],[-117.22266938,49.6968702],[-117.22263914,49.69683402],[-117.22260262,49.69674044],[-117.22258297,49.69669026],[-117.22229153,49.69667282],[-117.22196707,49.69665596],[-117.22145495,49.69662942],[-117.22082139,49.69655867],[-117.22028201,49.69652872],[-117.21993111,49.69653683],[-117.21981034,49.69653965],[-117.21940717,49.69659134],[-117.21921191,49.69663646],[-117.21911047,49.69665996],[-117.21909339,49.69666391],[-117.2189728,49.69669195],[-117.21882077,49.69672737],[-117.21859443,49.69676078],[-117.21840962,49.69677612],[-117.21837205,49.69677807],[-117.21828948,49.69678248],[-117.21817261,49.69678355],[-117.21817238,49.69678357],[-117.21806778,49.69679281],[-117.21800473,49.69680445],[-117.2179753,49.69680992],[-117.217883,49.69684307],[-117.21782384,49.69685668],[-117.21771229,49.69688253],[-117.21751805,49.69691885],[-117.21739259,49.69692946],[-117.21723172,49.69694323],[-117.21700997,49.69696764],[-117.21699503,49.69696884],[-117.2168577,49.69698009],[-117.21671756,49.69700323],[-117.2165204,49.69704952],[-117.21646949,49.69706669],[-117.21610962,49.69718818],[-117.21603644,49.69731442],[-117.21595444,49.69741843],[-117.2159443,49.69743134],[-117.21585269,49.69759357],[-117.21580382,49.69773395],[-117.21579324,49.69776443],[-117.21580736,49.69781837],[-117.2158076,49.69787234],[-117.21574079,49.69809432],[-117.21572121,49.69813188],[-117.21565396,49.69826152],[-117.21554633,49.69837368],[-117.21548336,49.69840007],[-117.2153987,49.69843576],[-117.21522794,49.69849403],[-117.2151226,49.69853046],[-117.21512167,49.69853078],[-117.21499236,49.69857556],[-117.21492192,49.69860003],[-117.21485411,49.69862365],[-117.21468805,49.69870192],[-117.21448055,49.69881922],[-117.21425148,49.69893458],[-117.21415528,49.69898855],[-117.21409774,49.69902098],[-117.21406348,49.69905008],[-117.21403792,49.6990719],[-117.21395499,49.69913501],[-117.21384327,49.69925657],[-117.21380335,49.69930013],[-117.2137497,49.69938848],[-117.21370681,49.69945927],[-117.21352233,49.69955555],[-117.21339634,49.69963673],[-117.21333659,49.69968058],[-117.21327363,49.69972703],[-117.21311691,49.69983527],[-117.21295703,49.69993034],[-117.21295697,49.69993037],[-117.21282182,49.70000048],[-117.21282167,49.70000057],[-117.21279525,49.70000764],[-117.21272005,49.7000279],[-117.21262788,49.70004606],[-117.21251204,49.70006422],[-117.21241987,49.70008237],[-117.21230899,49.70010053],[-117.21225549,49.70011445],[-117.21210124,49.7001548],[-117.21189283,49.70023643],[-117.21182457,49.70026325],[-117.21174373,49.70029716],[-117.21161674,49.70035057],[-117.21146159,49.70042528],[-117.21142327,49.70044377],[-117.21137974,49.70046774],[-117.21124315,49.70054313],[-117.21124291,49.70054309],[-117.21124288,49.70054311],[-117.2112103,49.70053769],[-117.21114046,49.70052608],[-117.21060017,49.70043637],[-117.21045123,49.7004322],[-117.21019779,49.70042525],[-117.20991917,49.70041564],[-117.20986924,49.70041822],[-117.20976036,49.7004239],[-117.20966176,49.70042607],[-117.20939836,49.70045053],[-117.20936794,49.70045478],[-117.20906441,49.70049717],[-117.20894577,49.70050831],[-117.20871921,49.70052972],[-117.20846362,49.70057415],[-117.20824201,49.70063651],[-117.20810629,49.70070175],[-117.20806679,49.70072078],[-117.20799057,49.70076892],[-117.20797798,49.70077687],[-117.20791612,49.70081599],[-117.20779364,49.70088613],[-117.20772682,49.70092444],[-117.20726584,49.70114412],[-117.20684124,49.70134335],[-117.20657374,49.701469],[-117.20652671,49.70149577],[-117.20648912,49.70151726],[-117.20643554,49.70158634],[-117.20617265,49.70139977],[-117.20596409,49.70128227],[-117.20584148,49.70124343],[-117.20581001,49.7012335],[-117.20578195,49.70122778],[-117.20562044,49.70119504],[-117.20537486,49.70112632],[-117.20511579,49.70104585],[-117.20499231,49.70100339],[-117.20483809,49.70095039],[-117.20479421,49.70093626],[-117.20458802,49.70086996],[-117.20443017,49.70073537],[-117.2043162,49.70062478],[-117.20428189,49.70059159],[-117.20405819,49.70050608],[-117.20405811,49.70050603],[-117.20404432,49.70049836],[-117.20386488,49.70039855],[-117.20372419,49.70027678],[-117.20364947,49.70018652],[-117.2036494,49.70018644],[-117.20362831,49.70016101],[-117.20358641,49.70008912],[-117.20353057,49.69999928],[-117.20345941,49.69991254],[-117.20345933,49.69991246],[-117.20336337,49.69981069],[-117.20316855,49.69964913],[-117.20310168,49.69959737],[-117.20296001,49.69948777],[-117.20279283,49.69937988],[-117.20269563,49.69931722],[-117.20255742,49.69923556],[-117.20255675,49.69923516],[-117.2024779,49.69918862],[-117.20231586,49.69912794],[-117.20225534,49.69911008],[-117.20216756,49.69908436],[-117.20207067,49.69906656],[-117.20172324,49.69895903],[-117.20165137,49.69893584],[-117.2016507,49.69893562],[-117.2015939,49.69891732],[-117.20155751,49.69890108],[-117.20147327,49.69886361],[-117.20141153,49.69882073],[-117.20136534,49.6987888],[-117.20131886,49.69875176],[-117.20126012,49.69870516],[-117.20122097,49.69866075],[-117.20116734,49.69860027],[-117.20099609,49.6985436],[-117.20087104,49.69848685],[-117.2008159,49.69845774],[-117.20076916,49.69843314],[-117.20071621,49.69839891],[-117.20071589,49.69839869],[-117.20065017,49.6983563],[-117.2005698,49.6983046],[-117.20047229,49.69824158],[-117.20038917,49.69820598],[-117.20000047,49.69808065],[-117.19987054,49.69803294],[-117.19978638,49.69799262],[-117.19976425,49.69798207],[-117.19969746,49.69793898],[-117.19959739,49.69787449],[-117.19948144,49.69777871],[-117.19944984,49.69775477],[-117.199347,49.69767697],[-117.19926834,49.69762161],[-117.19919395,49.69756936],[-117.19909473,49.69751618],[-117.19900409,49.69746769],[-117.19879568,49.69736611],[-117.19879555,49.69736605],[-117.19864744,49.69728843],[-117.19852847,49.69719871],[-117.1985206,49.69719203],[-117.19844342,49.69712686],[-117.19841559,49.69710292],[-117.19840226,49.69709863],[-117.19838776,49.69709403],[-117.19819006,49.69709583],[-117.19799804,49.69709764],[-117.19788509,49.69709311],[-117.19763924,49.69708334],[-117.197534,49.69707904],[-117.19735237,49.69707176],[-117.19706213,49.69708937],[-117.19694551,49.69709652],[-117.19661285,49.69714209],[-117.1965433,49.69715402],[-117.1965121,49.6971594],[-117.19643759,49.69717236],[-117.19638944,49.69718056],[-117.19634982,49.69718739],[-117.19622507,49.6971966],[-117.19620114,49.69719871],[-117.19601714,49.69721508],[-117.19587378,49.69722434],[-117.19578599,49.69723039],[-117.19568418,49.6972336],[-117.19565575,49.69723664],[-117.19560126,49.69724263],[-117.19556412,49.69724269],[-117.19553201,49.69724286],[-117.19521305,49.69723431],[-117.1951969,49.69723431],[-117.19508548,49.6972345],[-117.19504657,49.69723467],[-117.19498742,49.69723467],[-117.19476932,49.69723504],[-117.19476924,49.69723504],[-117.19468608,49.69724428],[-117.19459087,49.69726529],[-117.19450136,49.69728945],[-117.19446929,49.69730133],[-117.19433036,49.69735288],[-117.19416473,49.6974159],[-117.19413125,49.69742602],[-117.19396593,49.69747624],[-117.19382848,49.69751848],[-117.19380901,49.69752449],[-117.19361849,49.6976338],[-117.19343118,49.69774912],[-117.19340105,49.69776767],[-117.19336476,49.69779005],[-117.19304816,49.69799346],[-117.19286107,49.69807497],[-117.19264081,49.69817108],[-117.19234235,49.69830959],[-117.19215788,49.6984278],[-117.19207065,49.69857057],[-117.19205694,49.6986247],[-117.19204184,49.69865563],[-117.19202478,49.69869073],[-117.19201318,49.69870969],[-117.19198825,49.69875074],[-117.19197503,49.69877628],[-117.19196051,49.69880477],[-117.19193313,49.69889476],[-117.19193307,49.69889494],[-117.19190108,49.69897277],[-117.19181692,49.69912181],[-117.19171545,49.69922066],[-117.19169862,49.6992371],[-117.19156014,49.69927037],[-117.19154018,49.69927519],[-117.19141241,49.69930337],[-117.191317,49.69933152],[-117.19125563,49.69939958],[-117.19119592,49.69949562],[-117.19113153,49.69957967],[-117.19101339,49.6997078],[-117.19086007,49.69990092],[-117.19072261,49.70021296],[-117.19063624,49.70057879],[-117.19071511,49.70062357],[-117.19075096,49.70064985],[-117.19078915,49.70067757],[-117.1908726,49.70074039],[-117.19103939,49.70083906],[-117.19128922,49.70095541],[-117.19128922,49.70095546],[-117.19128947,49.70095558],[-117.19128384,49.70109036],[-117.19128898,49.70110979],[-117.19132137,49.70123135],[-117.19141901,49.70137611],[-117.19146312,49.7014322],[-117.19146323,49.70143234],[-117.19153514,49.70152367],[-117.19164821,49.70167144],[-117.19167257,49.70171072],[-117.19189758,49.7020729],[-117.19191806,49.70210582],[-117.19192893,49.70212597],[-117.19195529,49.70217473],[-117.19196788,49.70224267],[-117.19197273,49.70229523],[-117.19197442,49.70231268],[-117.19197073,49.70235486],[-117.1919596,49.70248554],[-117.19194788,49.70264046],[-117.19194787,49.70264061],[-117.19193918,49.7027774],[-117.19196433,49.70290427],[-117.19196437,49.70290444],[-117.19198659,49.7030312],[-117.19200551,49.70315795],[-117.19201207,49.70318364],[-117.19201948,49.703212],[-117.19206156,49.70333776],[-117.19206157,49.70333785],[-117.19207601,49.7034638],[-117.19207887,49.70347906],[-117.19209483,49.70356265],[-117.19210601,49.70361776],[-117.19210602,49.70361782],[-117.19211392,49.70365572],[-117.19212634,49.70371394],[-117.19213252,49.70374248],[-117.19213818,49.70377129],[-117.19214683,49.70381451],[-117.19214674,49.70383212],[-117.19214685,49.70385939],[-117.19216557,49.70393565],[-117.19216721,49.7039423],[-117.19216723,49.70394234],[-117.19219382,49.70401818],[-117.19223104,49.70408405],[-117.19224726,49.70413632],[-117.19226372,49.70418899],[-117.19228544,49.7043317],[-117.19228745,49.70434486],[-117.19228748,49.70434503],[-117.19228749,49.70435602],[-117.1922878,49.7044348],[-117.19229211,49.70448538],[-117.19229611,49.70452982],[-117.19230376,49.70457076],[-117.19231161,49.70461166],[-117.19233978,49.70466199],[-117.1923536,49.70468649],[-117.19236449,49.70471588],[-117.1923909,49.70478642],[-117.19240566,49.70484865],[-117.19240567,49.70484869],[-117.19241935,49.70490546],[-117.19240138,49.70510022],[-117.19244328,49.70516004],[-117.19245787,49.70522481],[-117.19246674,49.705264],[-117.19248584,49.70541488],[-117.19249266,49.7055189],[-117.19249268,49.70551923],[-117.19250077,49.70563964],[-117.19250084,49.70570266],[-117.19251524,49.70577458],[-117.19257131,49.70594549],[-117.19258697,49.70601878],[-117.19260411,49.70609826],[-117.19275627,49.70638783],[-117.1928309,49.70656751],[-117.19283095,49.7065676],[-117.19284883,49.70665946],[-117.19286562,49.70674554],[-117.19286571,49.70678208],[-117.19286631,49.70693432],[-117.19288071,49.70706921],[-117.19288146,49.7072581],[-117.19287902,49.70731896],[-117.19287732,49.70736293],[-117.19288099,49.70747435],[-117.1928825,49.70751894],[-117.19288331,49.70772581],[-117.19289761,49.70783372],[-117.19290396,49.7079231],[-117.19291253,49.7080405],[-117.19294046,49.70815728],[-117.19294049,49.70815745],[-117.19296903,49.70835528],[-117.19296938,49.70844523],[-117.19298386,49.70859811],[-117.1929983,49.708742],[-117.1929985,49.70879596],[-117.1930408,49.70896679],[-117.19305526,49.70911967],[-117.19308365,49.70928153],[-117.19309169,49.70931487],[-117.1931215,49.70943729],[-117.19314042,49.70960523],[-117.19314044,49.70960535],[-117.19315454,49.70966802],[-117.19316918,49.70971503],[-117.19319668,49.70980301],[-117.19323775,49.70985482],[-117.19326953,49.70989482],[-117.19333168,49.70998882],[-117.19335781,49.7100562],[-117.1933782,49.71010853],[-117.19339241,49.71017775],[-117.19340658,49.71024624],[-117.19345607,49.71035785],[-117.19346556,49.71037917],[-117.19346559,49.71037922],[-117.19355548,49.71050699],[-117.19362419,49.71061914],[-117.19364226,49.71064858],[-117.19364232,49.71064872],[-117.19364233,49.71064876],[-117.19369531,49.71079158],[-117.19371438,49.71093546],[-117.19372564,49.71098707],[-117.1937302,49.71100748],[-117.19374465,49.71104524],[-117.19376122,49.71108829],[-117.19385416,49.71120507],[-117.19394243,49.71131185],[-117.19402147,49.71142365],[-117.19404979,49.71156852],[-117.19405348,49.71160864],[-117.20000021,49.71160814],[-117.27274954,49.71160992],[-117.27277992,49.71164873],[-117.27293387,49.71186415],[-117.27298969,49.71193607],[-117.27303175,49.71200799],[-117.27312913,49.71208846],[-117.27319909,49.71218744],[-117.27322704,49.7122412],[-117.27328285,49.71230423],[-117.2734645,49.71248368],[-117.2735481,49.71255524],[-117.27358958,49.71260936],[-117.27364586,49.71275285],[-117.27368865,49.71287889],[-117.27373057,49.71299568],[-117.27388377,49.71313917],[-117.27392604,49.71319293],[-117.27395411,49.71327411],[-117.27398208,49.71333678],[-117.27401034,49.7133909],[-117.27413603,49.71354329],[-117.27416432,49.71360631],[-117.27417849,49.71365117],[-117.27422059,49.7137409],[-117.27423455,49.71380392],[-117.2742766,49.71386694],[-117.27433268,49.71393851],[-117.27433265,49.71401079],[-117.27434686,49.71407345],[-117.27436142,49.71415427],[-117.2743897,49.71429848],[-117.2744182,49.71435224],[-117.27447404,49.71442416],[-117.27451576,49.71447793],[-117.2746835,49.71468444],[-117.27471145,49.7147382],[-117.27473976,49.71481012],[-117.27475373,49.71487314],[-117.27475435,49.71498993],[-117.27476887,49.71505295],[-117.27479703,49.71516974],[-117.27479722,49.71522386],[-117.27483929,49.71529578],[-117.27500707,49.71552009],[-117.27502124,49.71556495],[-117.27503575,49.71561907],[-117.27506371,49.71567284],[-117.27517563,49.71589751],[-117.27523192,49.71603209],[-117.27524624,49.71611327],[-117.27535856,49.71629272],[-117.27541406,49.71634649],[-117.27542856,49.71640061],[-117.27547029,49.71645437],[-117.27551202,49.71650814],[-117.27553504,49.71653021],[-117.27565147,49.71664272],[-117.27567972,49.71668794],[-117.27570768,49.71674171],[-117.2758617,49.71695712],[-117.27588987,49.7170739],[-117.27595949,49.71714583],[-117.27608494,49.71720849],[-117.27616814,49.71722629],[-117.27625131,49.71723519],[-117.27652961,49.71732421],[-117.2766545,49.71737797],[-117.27676562,49.71743174],[-117.27682167,49.7174855],[-117.27694713,49.71754816],[-117.2770164,49.71760193],[-117.27710031,49.71766495],[-117.27712828,49.71771871],[-117.2771287,49.71784476],[-117.27718476,49.71789852],[-117.27737967,49.71798789],[-117.27750456,49.71804165],[-117.27758815,49.71809542],[-117.27772705,49.71814883],[-117.27783852,49.71822075],[-117.27790835,49.71827451],[-117.27799243,49.71848102],[-117.27802071,49.71853514],[-117.27809053,49.71858891],[-117.27813229,49.71865157],[-117.27811872,49.71870569],[-117.27806427,49.71888585],[-117.27784308,49.71901225],[-117.27783053,49.71921022],[-117.2778585,49.71926398],[-117.27801139,49.71938041],[-117.27812285,49.71944343],[-117.27826194,49.71946978],[-117.27834514,49.71948758],[-117.27837302,49.71950574],[-117.27833154,49.7195328],[-117.2781802,49.71972186],[-117.27791732,49.71989348],[-117.27784833,49.71992944],[-117.27775153,49.71995686],[-117.27759977,49.72010106],[-117.27743378,49.7201826],[-117.27723953,49.72021891],[-117.27717051,49.72024597],[-117.27697624,49.72027339],[-117.27689282,49.72026484],[-117.2767123,49.72021108],[-117.27644877,49.72019363],[-117.27630972,49.72018509],[-117.27606032,49.7201858],[-117.2759494,49.72019506],[-117.27583813,49.72018616],[-117.27567175,49.72023173],[-117.27553566,49.72022532],[-117.2754914,49.72022319],[-117.27528316,49.72019648],[-117.27518639,49.7202328],[-117.27503425,49.72034994],[-117.27486806,49.72037736],[-117.27479904,49.72040442],[-117.27471564,49.72040477],[-117.27453508,49.72033321],[-117.27428451,49.72023494],[-117.274257,49.72024384],[-117.27410481,49.72034318],[-117.27398055,49.72047848],[-117.27395319,49.72052369],[-117.27384234,49.72055966],[-117.27373203,49.7206679],[-117.27366318,49.72074017],[-117.27357984,49.72076723],[-117.27348348,49.72084841],[-117.2734143,49.72091144],[-117.27333131,49.72095665],[-117.27329018,49.72100187],[-117.27323477,49.72106489],[-117.27319431,49.7212358],[-117.27297308,49.7213533],[-117.27284859,49.72141667],[-117.27264078,49.72151601],[-117.27259966,49.72157013],[-117.27247521,49.72165131],[-117.27225398,49.72176881],[-117.27221232,49.72182293],[-117.27219934,49.72189485],[-117.27219981,49.7220387],[-117.2722004,49.72212878],[-117.27222859,49.72224556],[-117.27225689,49.72230858],[-117.27239663,49.722524],[-117.27242516,49.72257776],[-117.27246749,49.72272161],[-117.27248171,49.72285655],[-117.27251002,49.72291957],[-117.27258007,49.72303636],[-117.27259425,49.72308122],[-117.27259509,49.72324322],[-117.27255426,49.72338707],[-117.27252692,49.72344119],[-117.27252757,49.72355797],[-117.27251424,49.72368402],[-117.27250153,49.72383676],[-117.27250175,49.72389978],[-117.27248818,49.7239539],[-117.27248838,49.72400802],[-117.27248882,49.72406179],[-117.27248903,49.72412481],[-117.27248928,49.72419673],[-117.27246233,49.72428681],[-117.27244879,49.72434983],[-117.27244927,49.72449368],[-117.27245006,49.7245656],[-117.27245031,49.72463752],[-117.27245154,49.72483549],[-117.27245198,49.72488925],[-117.27245269,49.72509612],[-117.27245325,49.7251684],[-117.27245352,49.72524922],[-117.27249628,49.72543793],[-117.27249651,49.72550095],[-117.27249693,49.72554581],[-117.27251145,49.72559993],[-117.27262324,49.72576158],[-117.27263748,49.72582425],[-117.2726381,49.72592323],[-117.27263833,49.72598625],[-117.27265339,49.72620202],[-117.27265361,49.72626504],[-117.27266759,49.72631916],[-117.27269612,49.72637292],[-117.27279371,49.72648081],[-117.27287799,49.72665135],[-117.27291975,49.72670512],[-117.27294771,49.72674998],[-117.27296228,49.7268219],[-117.27297623,49.72686712],[-117.27299133,49.72709179],[-117.27299153,49.72714591],[-117.272992,49.72720858],[-117.27299328,49.72741544],[-117.2730911,49.72758635],[-117.27313328,49.72768498],[-117.27316181,49.72780212],[-117.27318985,49.72787368],[-117.2732038,49.7279189],[-117.27335729,49.72803533],[-117.27339905,49.7280891],[-117.27342773,49.72817027],[-117.27348394,49.72834082],[-117.27351226,49.72840384],[-117.27360991,49.72852953],[-117.27367984,49.72868228],[-117.27377781,49.72874494],[-117.2738894,49.72884357],[-117.27394532,49.72892439],[-117.27397309,49.72898742],[-117.27401549,49.72914016],[-117.27403071,49.72931107],[-117.27405853,49.72939189],[-117.27407311,49.72946381],[-117.27411525,49.72954464],[-117.27418453,49.7295895],[-117.27424043,49.72966142],[-117.27433804,49.72970593],[-117.27443544,49.72975969],[-117.27453282,49.72980455],[-117.27470012,49.72992989],[-117.27475602,49.73000181],[-117.27479814,49.73007373],[-117.27483993,49.7301364],[-117.27492354,49.73018126],[-117.27502163,49.73035181],[-117.27504998,49.73042373],[-117.27506399,49.73048675],[-117.27507798,49.73054087],[-117.27509261,49.7306306],[-117.27509282,49.73068472],[-117.27510731,49.7308104],[-117.27513564,49.73087342],[-117.27520531,49.73094535],[-117.27526212,49.7311248],[-117.2752626,49.73125084],[-117.27527666,49.73133166],[-117.27529152,49.73147551],[-117.27529176,49.73153853],[-117.27531973,49.73158339],[-117.27537561,49.73164641],[-117.27544586,49.73172724],[-117.27548765,49.7317899],[-117.27550169,49.73186183],[-117.27550246,49.73191595],[-117.2755027,49.73197897],[-117.2754892,49.73205089],[-117.27539297,49.73223995],[-117.27537988,49.73234784],[-117.27533912,49.73256396],[-117.27534021,49.73270781],[-117.27534091,49.73282459],[-117.27534157,49.73292357],[-117.2753423,49.73311264],[-117.2753288,49.73318456],[-117.27531527,49.73324758],[-117.27527417,49.7333017],[-117.27521878,49.73336472],[-117.27517841,49.73354453],[-117.27515111,49.73360755],[-117.27512379,49.73366167],[-117.2750825,49.73373395],[-117.27505487,49.73378771],[-117.27501378,49.73384183],[-117.27501366,49.73388669],[-117.27501468,49.73400384],[-117.27501522,49.73414768],[-117.27503009,49.73429153],[-117.27507247,49.73442647],[-117.27510029,49.73449839],[-117.2751145,49.73454326],[-117.27511535,49.73462408],[-117.27511584,49.73475012],[-117.27511609,49.73481314],[-117.27519835,49.73494453],[-117.275256,49.73503746],[-117.27527046,49.73514534],[-117.27529844,49.7351902],[-117.27531304,49.73526213],[-117.27535524,49.73541523],[-117.27536992,49.73551385],[-117.27550943,49.73562174],[-117.27553759,49.73563384],[-117.27559272,49.73565734],[-117.27569051,49.73572927],[-117.27577424,49.73580973],[-117.27577388,49.73793074],[-117.27553809,49.73811767],[-117.27550967,49.7381401],[-117.27539919,49.73820312],[-117.27512235,49.73839289],[-117.27494279,49.73846517],[-117.27484657,49.73864534],[-117.27477736,49.73869055],[-117.27462476,49.73875393],[-117.27456959,49.73880769],[-117.27455669,49.7389519],[-117.27433574,49.73914132],[-117.27430845,49.73920434],[-117.27430933,49.73942901],[-117.27430998,49.73951909],[-117.27431068,49.73962697],[-117.27431187,49.739852],[-117.27432677,49.73999584],[-117.27432747,49.74010373],[-117.27432807,49.74025647],[-117.2743283,49.74031059],[-117.27432966,49.74050856],[-117.27433054,49.74073323],[-117.27431745,49.74083221],[-117.27430509,49.74104798],[-117.27430629,49.741273],[-117.27430655,49.74133602],[-117.27430645,49.74138089],[-117.27430724,49.741435],[-117.27430716,49.74148877],[-117.27430853,49.74168673],[-117.27430937,49.7418936],[-117.27433773,49.74195662],[-117.27444972,49.74213607],[-117.2744784,49.74227992],[-117.27453469,49.74244156],[-117.27457757,49.74262137],[-117.27460612,49.74280118],[-117.27460708,49.74296318],[-117.27460758,49.74308032],[-117.27460899,49.74328719],[-117.27461003,49.7434759],[-117.27461085,49.74367386],[-117.27461197,49.74380881],[-117.27461295,49.74397971],[-117.27460004,49.74418658],[-117.27454548,49.74431262],[-117.27454538,49.74435748],[-117.27453214,49.74448352],[-117.27453283,49.74458251],[-117.27453428,49.74479828],[-117.27452153,49.74497808],[-117.27452182,49.74505],[-117.27450811,49.74512228],[-117.27450841,49.74519421],[-117.27459239,49.74531989],[-117.27470478,49.7455175],[-117.27481674,49.74567915],[-117.27487232,49.74573291],[-117.27499797,49.74581338],[-117.2750539,49.7458764],[-117.27512363,49.74594832],[-117.27519357,49.74601099],[-117.27527689,49.74604659],[-117.27533279,49.74610072],[-117.2753746,49.74615448],[-117.27545792,49.74619008],[-117.27553896,49.74624207],[-117.27580594,49.74634247],[-117.27587551,49.74638698],[-117.27602863,49.74644074],[-117.27636257,49.74659278],[-117.27658484,49.74665509],[-117.27666844,49.74668215],[-117.27675186,49.74667289],[-117.27696008,49.74667218],[-117.27704371,49.74670814],[-117.27711304,49.746753],[-117.27728546,49.74686694],[-117.2774343,49.74692782],[-117.27774581,49.74699263],[-117.27802966,49.74705351],[-117.27824562,49.7470617],[-117.27854286,49.74707843],[-117.27893525,49.74715641],[-117.2794352,49.74717243],[-117.27988732,49.74715819],[-117.28032598,49.74707843],[-117.28056905,49.74707345],[-117.28073091,49.74701185],[-117.2809867,49.74680997],[-117.28123614,49.74673947],[-117.28139858,49.74666969],[-117.28155434,49.74661628],[-117.28165104,49.74655326],[-117.28174789,49.74653474],[-117.28183109,49.74653474],[-117.28192868,49.74655254],[-117.28199783,49.74656109],[-117.28215071,49.74656073],[-117.28226204,49.74656964],[-117.28236356,49.74657676],[-117.28241935,49.74657818],[-117.28251771,49.74659242],[-117.28264105,49.74663729],[-117.28274841,49.74667645],[-117.27553924,49.75055101],[-117.23007741,49.77496232],[-117.23002471,49.77499045],[-117.23012177,49.77499935],[-117.23021899,49.77498119],[-117.23028821,49.77492707],[-117.23037149,49.77493597],[-117.23070487,49.77497122],[-117.23083026,49.77497086],[-117.23091346,49.77502463],[-117.23101139,49.77510545],[-117.23121945,49.77509619],[-117.2312891,49.77507803],[-117.23138629,49.77505098],[-117.23151082,49.7749787],[-117.23159345,49.77490642],[-117.23189966,49.77496873],[-117.23206648,49.77504065],[-117.23217786,49.77511222],[-117.23244282,49.7752557],[-117.23259604,49.77538103],[-117.23267955,49.77543516],[-117.2327633,49.77548892],[-117.23304162,49.77566801],[-117.23311138,49.77573103],[-117.23319472,49.77575774],[-117.23348738,49.77586527],[-117.23368168,49.77592758],[-117.2337793,49.77593648],[-117.23391833,49.77596318],[-117.23400153,49.77601694],[-117.23421039,49.77612447],[-117.23428021,49.7762053],[-117.23454507,49.77638475],[-117.23462886,49.77644741],[-117.23467068,49.77649228],[-117.23471287,49.7765553],[-117.23479648,49.77663612],[-117.23494994,49.77680667],[-117.23501988,49.77685153],[-117.23533967,49.77698576],[-117.23543724,49.77704843],[-117.23564608,49.77714705],[-117.23571612,49.77721862],[-117.23581421,49.77738953],[-117.23584214,49.77747035],[-117.23589781,49.77753302],[-117.23591237,49.77757823],[-117.2359818,49.777632],[-117.23617648,49.77771247],[-117.23628818,49.77778439],[-117.23639966,49.77781109],[-117.23664966,49.7778734],[-117.23673335,49.77790936],[-117.23687906,49.77801653],[-117.23696958,49.77822874],[-117.23697043,49.77844309],[-117.23700103,49.77863144],[-117.23706152,49.77873256],[-117.23718203,49.77906974],[-117.23726479,49.77919008],[-117.23739133,49.77922142],[-117.23750394,49.77925702],[-117.23756006,49.77935565],[-117.23758759,49.77940941],[-117.23772765,49.77958922],[-117.23781172,49.779706],[-117.23795133,49.77991251],[-117.23800732,49.77997553],[-117.23806294,49.7800204],[-117.23821611,49.78011902],[-117.23834192,49.78020839],[-117.23855082,49.78031592],[-117.23860644,49.78036078],[-117.23874627,49.78049537],[-117.23889942,49.7805851],[-117.23909481,49.78074674],[-117.23924825,49.78096216],[-117.23931804,49.78102518],[-117.23938768,49.78106968],[-117.23951361,49.78116867],[-117.23962461,49.78121317],[-117.23972221,49.78127584],[-117.2398339,49.78133886],[-117.23993108,49.78137446],[-117.24008427,49.78147309],[-117.24022371,49.78158062],[-117.2402521,49.78163474],[-117.24027964,49.7816885],[-117.24029462,49.78182345],[-117.2402533,49.78194059],[-117.24022672,49.78214745],[-117.24021331,49.78222828],[-117.24020004,49.78239028],[-117.24018674,49.78254338],[-117.24018777,49.78275915],[-117.24016079,49.78293896],[-117.24014732,49.78300198],[-117.24006502,49.78319994],[-117.24006529,49.78325406],[-117.23991355,49.78339827],[-117.23974739,49.78352466],[-117.23967826,49.78359659],[-117.23959586,49.78376785],[-117.23955447,49.78382161],[-117.23945738,49.78392095],[-117.23944425,49.78405589],[-117.23945867,49.78418194],[-117.23945957,49.78431652],[-117.23946012,49.78442476],[-117.23929618,49.78453407],[-117.23918348,49.78463448],[-117.23914205,49.78471922],[-117.23924997,49.78481144],[-117.23939883,49.7848652],[-117.23963745,49.78498021],[-117.23979293,49.78503397],[-117.23998378,49.78515681],[-117.24021672,49.78531846],[-117.24052685,49.78539465],[-117.24067035,49.7855239],[-117.24073002,49.78557339],[-117.24075805,49.78567202],[-117.24085595,49.7857888],[-117.24091162,49.78584257],[-117.24109255,49.78591413],[-117.24116206,49.78592303],[-117.24131486,49.78593193],[-117.24139841,49.78594048],[-117.2416627,49.78597608],[-117.24174591,49.78602095],[-117.24188551,49.78610141],[-117.24198338,49.7862093],[-117.24206659,49.78625416],[-117.24213661,49.78630793],[-117.24235593,49.78638875],[-117.24260917,49.78640976],[-117.24276242,49.78647741],[-117.24288729,49.78647705],[-117.2429707,49.78644999],[-117.24328954,49.78636845],[-117.24338673,49.78634139],[-117.24351174,49.78631398],[-117.24370609,49.78631362],[-117.24378957,49.78630437],[-117.24387285,49.78630436],[-117.24398393,49.78630401],[-117.24406741,49.78629475],[-117.24419221,49.78627659],[-117.24426145,49.78623137],[-117.24434504,49.7862944],[-117.24448448,49.78639302],[-117.24456828,49.78644679],[-117.24465174,49.78649129],[-117.24474929,49.78653616],[-117.24490298,49.78667074],[-117.24502843,49.78677863],[-117.24509757,49.78676937],[-117.2451948,49.78675121],[-117.24530581,49.78673305],[-117.24540304,49.78671489],[-117.24547269,49.78669673],[-117.24558374,49.78668748],[-117.24576426,49.78673198],[-117.24584764,49.78675869],[-117.24594533,49.78677649],[-117.24611215,49.78678504],[-117.24625078,49.78677578],[-117.24632026,49.78677578],[-117.24643148,49.78674836],[-117.24650097,49.78674836],[-117.24670954,49.78677507],[-117.2468205,49.78680177],[-117.24690388,49.78682847],[-117.24698782,49.78685518],[-117.24716826,49.78688188],[-117.24734926,49.78690859],[-117.24743218,49.78689933],[-117.24750187,49.78689007],[-117.24757107,49.78683595],[-117.24765388,49.78679999],[-117.24772357,49.78679073],[-117.24790372,49.78676332],[-117.24800088,49.78672736],[-117.24813967,49.78669994],[-117.24834791,49.78666362],[-117.24844513,49.78664546],[-117.24851478,49.7866273],[-117.24861166,49.78659989],[-117.24868077,49.78658173],[-117.24886143,49.78654541],[-117.24894483,49.78651835],[-117.24902779,49.786518],[-117.24933355,49.78651764],[-117.24961189,49.78655289],[-117.24986235,49.78663336],[-117.2501121,49.78663265],[-117.25037562,49.78656927],[-117.25055586,49.78650589],[-117.25084731,49.7864151],[-117.25099981,49.78636988],[-117.25130485,49.78628834],[-117.25140224,49.78625203],[-117.25166546,49.78613453],[-117.25185957,49.78603519],[-117.25198387,49.78597217],[-117.25222001,49.78589953],[-117.25249694,49.78576423],[-117.25281638,49.7857005],[-117.25306579,49.78563677],[-117.25313541,49.78560971],[-117.2532602,49.78559155],[-117.25334351,49.78560045],[-117.25345539,49.78569908],[-117.25352486,49.78575284],[-117.25365037,49.78586963],[-117.25372039,49.78592339],[-117.25385985,49.78602202],[-117.25390175,49.78607578],[-117.25391603,49.78612064],[-117.25399968,49.78619256],[-117.25411148,49.78632715],[-117.25425098,49.78643468],[-117.2543627,49.78655147],[-117.25441877,49.78667715],[-117.25446101,49.78674017],[-117.25457274,49.78685696],[-117.25462839,49.78690182],[-117.25476794,49.78696449],[-117.25487891,49.78699119],[-117.25496242,49.78699083],[-117.25504561,49.78702679],[-117.25518545,49.78719734],[-117.25533884,49.78726891],[-117.25546435,49.7873857],[-117.25556196,49.78743946],[-117.25563164,49.78748397],[-117.25571538,49.78751993],[-117.2557992,49.78757369],[-117.25589668,49.78765452],[-117.25593855,49.78769938],[-117.25599428,49.78776204],[-117.25602275,49.78782506],[-117.25620358,49.78792369],[-117.25637072,49.78798636],[-117.25645411,49.78801306],[-117.25653742,49.78802196],[-117.25681534,49.78803015],[-117.25689874,49.78805685],[-117.25695494,49.78810172],[-117.25699661,49.78815584],[-117.25712277,49.78834419],[-117.2571369,49.78840721],[-117.25719329,49.78858702],[-117.25723575,49.78864078],[-117.25729145,49.78869454],[-117.25748663,49.78879317],[-117.25766764,49.78887364],[-117.25779321,49.78899933],[-117.25784961,49.78917913],[-117.2581976,49.78934042],[-117.25830913,49.78936713],[-117.25858689,49.78939348],[-117.25867072,49.78944724],[-117.25878221,49.78946504],[-117.25892088,49.78946469],[-117.25901814,49.78945543],[-117.25930994,49.78942766],[-117.25937951,49.78944546],[-117.25943548,49.78954444],[-117.25944954,49.78964342],[-117.25956138,49.78977801],[-117.25965908,49.78984958],[-117.25970135,49.7899126],[-117.25971569,49.78996636],[-117.25978549,49.79002048],[-117.25984119,49.79007425],[-117.26004987,49.79011875],[-117.26027245,49.79018996],[-117.26035621,49.79022593],[-117.26055058,49.79027933],[-117.26062063,49.7903331],[-117.2607604,49.79047694],[-117.26088564,49.79059337],[-117.26099697,49.79062933],[-117.26112233,49.79066494],[-117.2614011,49.79077211],[-117.26167928,49.79087038],[-117.26179061,49.79090634],[-117.26183249,49.7909512],[-117.26183289,49.79102313],[-117.26183321,49.79113101],[-117.26186214,49.79127486],[-117.26191789,49.79133752],[-117.26200157,49.79140944],[-117.26212765,49.79157109],[-117.26218336,49.79162485],[-117.26225341,49.79167862],[-117.26230892,49.79174164],[-117.26235085,49.7917954],[-117.26243593,49.79202007],[-117.26249148,49.792092],[-117.26253345,49.79215466],[-117.26256223,49.79231666],[-117.26260456,49.79244235],[-117.26268908,49.79261326],[-117.26270339,49.79265812],[-117.26273133,49.79272114],[-117.26280103,49.79276565],[-117.2628428,49.79283757],[-117.26288505,49.79294545],[-117.26309495,49.79315196],[-117.26316454,49.79322353],[-117.26324819,49.79328655],[-117.26348587,49.7934838],[-117.26355578,49.79355573],[-117.26366685,49.79360023],[-117.26383391,49.79368996],[-117.26393171,49.79372556],[-117.26407119,49.79381529],[-117.26414103,49.79392317],[-117.26418333,49.79403996],[-117.26421143,49.79408482],[-117.26423983,49.79422867],[-117.26424019,49.79429169],[-117.26422734,49.79440847],[-117.26424228,49.79460644],[-117.26431204,49.79475028],[-117.26439651,49.79486671],[-117.26441058,49.79491193],[-117.26439763,49.79510954],[-117.26439863,49.79532566],[-117.26438615,49.79550547],[-117.26437275,49.79562225],[-117.26437382,49.79580242],[-117.26438885,49.79601818],[-117.26438887,49.79607195],[-117.26441735,49.79617983],[-117.26447381,49.79630588],[-117.26459945,49.79643156],[-117.26464143,49.79649423],[-117.26466934,49.79654835],[-117.26472527,49.79659285],[-117.26476757,49.79665587],[-117.26479552,49.7967189],[-117.26480992,49.79678156],[-117.2648097,49.79683568],[-117.26486594,49.79688054],[-117.2649778,49.79700623],[-117.26497816,49.79711411],[-117.26504891,49.79732988],[-117.2652581,49.79745521],[-117.26531383,49.79750898],[-117.26535609,49.7975631],[-117.2653699,49.79761686],[-117.26539836,49.79767098],[-117.26541218,49.79772474],[-117.2654126,49.79779667],[-117.26542677,49.79785969],[-117.26545532,49.79793161],[-117.26551105,49.79798537],[-117.2655945,49.79796722],[-117.26567748,49.79796686],[-117.2657752,49.79798466],[-117.26585858,49.79800246],[-117.26594185,49.79804733],[-117.26610925,49.79810074],[-117.26619288,49.79815486],[-117.26627635,49.79819046],[-117.26634592,49.79825313],[-117.26644354,49.79829799],[-117.26649983,49.79835175],[-117.26670834,49.79845038],[-117.2668342,49.79856681],[-117.2668899,49.79861167],[-117.26698756,49.79866543],[-117.26707139,49.7987103],[-117.26723862,49.79882673],[-117.26730846,49.79888085],[-117.26735046,49.79894351],[-117.26742003,49.79900618],[-117.26755996,49.79911406],[-117.26768544,49.79916747],[-117.26779641,49.79918527],[-117.26809033,49.79916177],[-117.26819901,49.79917886],[-117.26828085,49.79923156],[-117.26837175,49.7992725],[-117.26847793,49.79930063],[-117.26864461,49.79931843],[-117.26875617,49.79934514],[-117.26892294,49.79938074],[-117.26902061,49.79943451],[-117.26910413,49.79947901],[-117.26920655,49.7995869],[-117.26934289,49.79968624],[-117.26949732,49.79975638],[-117.26979684,49.79991375],[-117.26991893,49.79999992],[-117.27016075,49.80017082],[-117.27037905,49.80035205],[-117.27072391,49.80053293],[-117.27086973,49.80065577],[-117.27124236,49.80094809],[-117.27147038,49.80115246],[-117.27153391,49.8012461],[-117.27139956,49.80143979],[-117.27140985,49.80166268],[-117.27168805,49.80183857],[-117.27171608,49.80186563],[-117.27178613,49.8019105],[-117.27184178,49.80199132],[-117.27188375,49.80204508],[-117.2719395,49.80209885],[-117.27199562,49.80216187],[-117.27207959,49.8022783],[-117.27224718,49.80239508],[-117.27228919,49.80245775],[-117.27242884,49.80256528],[-117.27247056,49.8026194],[-117.27255465,49.8026639],[-117.27276331,49.80273547],[-117.27283281,49.80278033],[-117.27300055,49.80287896],[-117.27315404,49.80299539],[-117.27330729,49.80311217],[-117.27340462,49.80315668],[-117.27348842,49.80319264],[-117.27355802,49.80325531],[-117.27364187,49.80330017],[-117.27371197,49.80335393],[-117.27385108,49.80346146],[-117.27396296,49.80357824],[-117.27404681,49.80362311],[-117.27410257,49.80367687],[-117.27415833,49.80373064],[-117.27420035,49.8037933],[-117.27420111,49.80386558],[-117.27422934,49.80392824],[-117.27431304,49.80399127],[-117.27443831,49.80408989],[-117.27457803,49.80420632],[-117.27466197,49.80426899],[-117.2747175,49.80432311],[-117.27478765,49.80438577],[-117.27484342,49.80443954],[-117.27492732,49.8044933],[-117.27501062,49.80453816],[-117.27509448,49.80458302],[-117.27516408,49.80464569],[-117.27522045,49.80470835],[-117.27529001,49.80476212],[-117.27545767,49.80488781],[-117.27554683,49.80495581],[-117.27568105,49.80505835],[-117.27577875,49.80520184],[-117.27590448,49.80532753],[-117.27597465,49.8053902],[-117.276058,49.80544396],[-117.27633685,49.80557819],[-117.27648284,49.80573022],[-117.27650719,49.80593567],[-117.27662117,49.80609589],[-117.27678026,49.8062465],[-117.27684571,49.80641812],[-117.27686721,49.80660006],[-117.27694662,49.80677061],[-117.27710003,49.80692229],[-117.27727195,49.80706293],[-117.27744996,49.80720108],[-117.27762987,49.80733887],[-117.27780631,49.80747773],[-117.27797782,49.80761979],[-117.27814664,49.80776257],[-117.27831285,49.80790677],[-117.27847699,49.8080524],[-117.27863686,49.80819945],[-117.27878264,49.80835184],[-117.27890615,49.80851349],[-117.27944128,49.80886277],[-117.27881803,49.8319549],[-117.27858756,49.84049482],[-117.27849922,49.84048093],[-117.27822192,49.84046562],[-117.27795958,49.84052544],[-117.27773403,49.84063048],[-117.27752115,49.84074619],[-117.27729686,49.84085265],[-117.2770554,49.84094202],[-117.27679995,49.84101288],[-117.27652561,49.84104385],[-117.27624809,49.8410346],[-117.27597015,49.84102676],[-117.27569206,49.84102569],[-117.27555129,49.84103958],[-117.27541682,49.84105311],[-117.27514877,49.84110011],[-117.27487056,49.84110331],[-117.27459929,49.84106272],[-117.27432941,49.84101928],[-117.27405447,49.84104706],[-117.27380321,49.84112396],[-117.27361693,49.84125748],[-117.27347389,49.84141201],[-117.27336078,49.84157615],[-117.27329765,49.84175133],[-117.2732683,49.84193042],[-117.27322777,49.84210809],[-117.27317975,49.84228541],[-117.27312307,49.84246165],[-117.27306104,49.84263683],[-117.27298892,49.84281058],[-117.27288494,49.84297757],[-117.27278151,49.84314456],[-117.27269956,49.84331653],[-117.27260998,49.84348673],[-117.27249775,49.84365122],[-117.2723584,49.84380682],[-117.27221936,49.84396277],[-117.27208174,49.84411908],[-117.27193321,49.84427111],[-117.27178239,49.84442243],[-117.27163095,49.84457304],[-117.2714784,49.84472365],[-117.2713261,49.84487391],[-117.271173,49.84502452],[-117.2710207,49.84517477],[-117.27088252,49.84533108],[-117.27072417,49.84547884],[-117.27058513,49.84563479],[-117.27045294,49.84579288],[-117.27031673,49.84594954],[-117.27018288,49.84610763],[-117.27004722,49.84626429],[-117.26990104,49.84641775],[-117.26974731,49.84656765],[-117.26954544,49.84669155],[-117.26934914,49.84681867],[-117.26916552,49.84695397],[-117.26898481,49.84709069],[-117.26879767,49.84722385],[-117.26860872,49.84735559],[-117.26841805,49.84748662],[-117.26822151,49.84761409],[-117.2680014,49.84772411],[-117.2677774,49.84783092],[-117.26755698,49.84794059],[-117.26733868,49.84805203],[-117.26710858,49.84815315],[-117.26685891,49.84823255],[-117.26660692,49.84830803],[-117.2663362,49.84835076],[-117.26605861,49.84835788],[-117.2657805,49.84836251],[-117.26553901,49.84845188],[-117.26531679,49.84856012],[-117.26513983,49.84869862],[-117.26505155,49.84886525],[-117.26477565,49.84882573],[-117.26450032,49.84884994],[-117.26424039,49.8489151],[-117.26398569,49.8489856],[-117.26371674,49.84903224],[-117.2634498,49.84908245],[-117.26318465,49.84913407],[-117.26293637,49.84921632],[-117.26269698,49.84930747],[-117.26247022,49.84941179],[-117.26222134,49.84949084],[-117.26195776,49.84954994],[-117.26168972,49.84959196],[-117.26141115,49.84958092],[-117.26113469,49.84956347],[-117.26085668,49.84957202],[-117.2605793,49.84958128],[-117.2603013,49.84956775],[-117.26003227,49.84952787],[-117.25977919,49.84945132],[-117.25954063,49.84935981],[-117.25930166,49.84926973],[-117.25903356,49.84921703],[-117.25879824,49.84913301],[-117.25861002,49.84899806],[-117.25839911,49.84888199],[-117.25816337,49.8487855],[-117.25794944,49.84867227],[-117.25775382,49.84854338],[-117.25753018,49.84843799],[-117.25729125,49.84834542],[-117.25704424,49.84826317],[-117.25678392,49.84819979],[-117.25652031,49.84814211],[-117.25625128,49.84809654],[-117.25597765,49.84806022],[-117.25570255,49.8480563],[-117.2554258,49.84808016],[-117.25515099,49.84810686],[-117.2548872,49.84816383],[-117.25464741,49.84825391],[-117.25441362,49.84835147],[-117.25418193,49.84845081],[-117.25398312,49.84857258],[-117.25383146,49.84872426],[-117.25368948,49.84887878],[-117.25355157,49.84903545],[-117.25345,49.84920208],[-117.25338824,49.84937761],[-117.25330058,49.84954816],[-117.25329105,49.84971586],[-117.25336761,49.84988855],[-117.25347819,49.8500534],[-117.25356037,49.85022431],[-117.25372637,49.85036352],[-117.25392495,49.85048885],[-117.25410351,49.85062665],[-117.25431664,49.85074272],[-117.2545145,49.85086912],[-117.2547072,49.85099908],[-117.25493427,49.85110269],[-117.25513723,49.85122481],[-117.25535818,49.85133341],[-117.255589,49.8514331],[-117.2557725,49.85156769],[-117.25594689,49.85169943],[-117.2560821,49.85185645],[-117.25626672,49.85199104],[-117.25637758,49.85215304],[-117.25646673,49.8523243],[-117.25658771,49.85248524],[-117.25670069,49.85264902],[-117.25680219,49.85281672],[-117.25686196,49.85299226],[-117.25691682,49.8531685],[-117.25694847,49.85334724],[-117.25692378,49.85352598],[-117.25690138,49.85370543],[-117.25687781,49.85388417],[-117.25673399,49.85411418],[-117.25662858,49.85428081],[-117.2565172,49.85444566],[-117.25640778,49.85461087],[-117.25631622,49.85478071],[-117.25622552,49.8549509],[-117.25609282,49.85522577],[-117.23381776,49.85523194],[-117.23381772,49.85523194],[-117.23373141,49.85537506],[-117.23367581,49.85543767],[-117.23366132,49.85549176],[-117.23367552,49.85554594],[-117.23370393,49.85560857],[-117.23370353,49.85567126],[-117.23370563,49.85581505],[-117.23369262,49.85604017],[-117.23370552,49.85610276],[-117.23373432,49.85614835],[-117.23383193,49.85622954],[-117.23390323,49.85633635],[-117.23408472,49.85641756],[-117.23429202,49.85648016],[-117.23436143,49.85653436],[-117.23446111,49.85656995],[-117.23451511,49.85662407],[-117.23471193,49.85679355],[-117.23475352,49.85685616],[-117.2347687,49.85696445],[-117.23483741,49.85714387],[-117.23493691,49.85733327],[-117.23497981,49.85738747],[-117.2349786,49.85744155],[-117.2349799,49.85752126],[-117.23493913,49.85766655],[-117.23493813,49.85775626],[-117.23485653,49.85793575],[-117.23484353,49.85797136],[-117.23481514,49.85805257],[-117.2348023,49.85817925],[-117.23476072,49.85826047],[-117.23469151,49.85838576],[-117.23460613,49.85848061],[-117.23459409,49.85849398],[-117.23451111,49.8585481],[-117.23427399,49.85858513],[-117.23427392,49.85858516],[-117.23417701,49.85862073],[-117.23417691,49.85862076],[-117.23409675,49.85866465],[-117.23391408,49.85876458],[-117.23363608,49.8589013],[-117.23355321,49.85894545],[-117.23355318,49.85894551],[-117.23355312,49.85894555],[-117.2334706,49.85912637],[-117.23340045,49.85919754],[-117.23305435,49.85921605],[-117.23295567,49.85923457],[-117.2327426,49.85940417],[-117.23270696,49.85943253],[-117.2327069,49.85943257],[-117.23265111,49.85950526],[-117.23269402,49.85970315],[-117.23275143,49.85984706],[-117.23276591,49.85993677],[-117.23287791,49.86010767],[-117.23290512,49.86027006],[-117.23292023,49.86047651],[-117.23290527,49.86049986],[-117.23288002,49.86053917],[-117.23286642,49.86060185],[-117.23287922,49.86066456],[-117.23302052,49.86081836],[-117.23303501,49.86089806],[-117.23288181,49.86107895],[-117.23285413,49.86113305],[-117.23278621,49.86124986],[-117.23259191,49.86143926],[-117.23251713,49.86153496],[-117.23249398,49.86156457],[-117.23249392,49.86156467],[-117.2324389,49.86165575],[-117.23233498,49.86174652],[-117.232315,49.86176396],[-117.23231491,49.86176405],[-117.2323143,49.86179107],[-117.23225942,49.86187227],[-117.23214932,49.86209726],[-117.23213491,49.86214146],[-117.2322204,49.86231237],[-117.23227522,49.86237496],[-117.23255564,49.86248326],[-117.2326938,49.86257296],[-117.23287564,49.86267976],[-117.23297341,49.86279656],[-117.2329871,49.86287776],[-117.23301611,49.86295896],[-117.23295914,49.86308341],[-117.23294638,49.86311127],[-117.23289309,49.86316335],[-117.23283551,49.86321955],[-117.23275291,49.86335487],[-117.23264393,49.86348017],[-117.23249112,49.86359837],[-117.23217153,49.8637607],[-117.2321714,49.86376076],[-117.23207456,49.86379631],[-117.23207452,49.86379634],[-117.23199119,49.86391309],[-117.23199113,49.86391316],[-117.23188042,49.86402135],[-117.23185264,49.86407556],[-117.23185322,49.86419227],[-117.23179882,49.86440025],[-117.2317712,49.86444435],[-117.2318127,49.86451706],[-117.23181393,49.86460675],[-117.23177264,49.86476907],[-117.23164796,49.86493016],[-117.23163377,49.8649485],[-117.23163373,49.86494855],[-117.23155121,49.86512945],[-117.23159343,49.86530885],[-117.23162339,49.86544415],[-117.23168003,49.86566776],[-117.23169412,49.86573185],[-117.23172263,49.86578454],[-117.2317912,49.86597396],[-117.2318068,49.86616335],[-117.23189022,49.86632437],[-117.23193293,49.86648666],[-117.23196129,49.86654936],[-117.23200372,49.86662055],[-117.23200395,49.86680994],[-117.23200394,49.86680997],[-117.23193564,49.86698946],[-117.23184033,49.86709766],[-117.231783,49.86714326],[-117.23170161,49.86717881],[-117.23158966,49.86719732],[-117.2315896,49.86719735],[-117.23152055,49.86722438],[-117.23152052,49.86722445],[-117.23146582,49.86734126],[-117.23146661,49.86750355],[-117.23146622,49.86771005],[-117.23146732,49.86780976],[-117.23151003,49.86791656],[-117.23157962,49.86801627],[-117.23171951,49.86812315],[-117.2317602,49.86818716],[-117.23177544,49.86823986],[-117.23176241,49.86833106],[-117.23160966,49.8685375],[-117.23160961,49.86853756],[-117.23145652,49.86870846],[-117.23133211,49.86887935],[-117.23128086,49.86898372],[-117.23127897,49.86898755],[-117.23127383,49.86899402],[-117.23126411,49.86900615],[-117.23116664,49.86906874],[-117.23104168,49.8692667],[-117.23104164,49.86926676],[-117.23098723,49.86933085],[-117.23091762,49.86937495],[-117.23082002,49.86949317],[-117.23079325,49.86955581],[-117.23079322,49.86955587],[-117.2306969,49.86975387],[-117.23066866,49.86983496],[-117.23053106,49.87000586],[-117.23039322,49.87014117],[-117.23039313,49.87014126],[-117.23039192,49.87019537],[-117.23044962,49.87037475],[-117.23046381,49.87042897],[-117.2304363,49.87051866],[-117.23036763,49.87062685],[-117.23022652,49.8707779],[-117.23020002,49.87080627],[-117.23019994,49.87080636],[-117.23015894,49.87086043],[-117.23015891,49.87086045],[-117.2298951,49.87100566],[-117.2295768,49.87115947],[-117.22942481,49.87123068],[-117.22913327,49.8714201],[-117.22905028,49.87147422],[-117.22905021,49.87147427],[-117.22903555,49.87149273],[-117.22903553,49.87149276],[-117.22899471,49.87158257],[-117.22899473,49.87172637],[-117.2289541,49.87186166],[-117.2288435,49.87201547],[-117.22881635,49.87214075],[-117.22863711,49.87232417],[-117.22862289,49.87233872],[-117.22862284,49.87233877],[-117.22842851,49.87252816],[-117.22839942,49.87259086],[-117.22823532,49.87281727],[-117.22817972,49.87287995],[-117.22815067,49.87294258],[-117.22815063,49.87294266],[-117.22813881,49.87306797],[-117.22809561,49.87312206],[-117.22798448,49.87315906],[-117.22790187,49.87315052],[-117.22774963,49.87318613],[-117.22774959,49.87318615],[-117.22774951,49.87318616],[-117.22771652,49.87320412],[-117.22766579,49.8732317],[-117.22762374,49.87325837],[-117.22759612,49.87327586],[-117.2275,49.87337555],[-117.22733311,49.87347528],[-117.22724644,49.87354289],[-117.22720716,49.87357351],[-117.22720712,49.87357356],[-117.2271661,49.87362766],[-117.22716761,49.87380855],[-117.2271691,49.87393385],[-117.22700742,49.87435663],[-117.22697029,49.87445369],[-117.22563875,49.87567545],[-117.22544695,49.87578356],[-117.22544691,49.87578359],[-117.22476444,49.87605501],[-117.22408872,49.87632377],[-117.22403371,49.87635935],[-117.22393586,49.87638635],[-117.22393583,49.87638637],[-117.22385282,49.87644047],[-117.22374372,49.87657577],[-117.2237103,49.87659702],[-117.2236586,49.87662986],[-117.22365856,49.87662992],[-117.22365851,49.87662995],[-117.22360362,49.87671106],[-117.22359145,49.87676516],[-117.22359143,49.87676525],[-117.22364763,49.87696316],[-117.22366051,49.87702587],[-117.22364703,49.87713405],[-117.22349442,49.87724227],[-117.22330118,49.877332],[-117.22330115,49.87733206],[-117.22330111,49.87733208],[-117.2232733,49.87738615],[-117.2231486,49.87748581],[-117.22314853,49.87748586],[-117.22309371,49.87755705],[-117.22306451,49.87762977],[-117.22306641,49.87769237],[-117.22292716,49.87784613],[-117.22292712,49.87784617],[-117.22285822,49.87805266],[-117.22283122,49.87812536],[-117.22274748,49.87825916],[-117.22274741,49.87825925],[-117.22270771,49.87830477],[-117.22261023,49.87836739],[-117.22251228,49.87840443],[-117.22240031,49.87842294],[-117.22240024,49.87842296],[-117.22231793,49.87845],[-117.22222093,49.8784856],[-117.22222087,49.87848565],[-117.22222084,49.87848567],[-117.22213658,49.87854827],[-117.22213652,49.87854833],[-117.2221365,49.87854836],[-117.22202575,49.87866648],[-117.22194141,49.87873717],[-117.2218319,49.87882886],[-117.22176432,49.87898127],[-117.22175091,49.87907955],[-117.22169373,49.87917077],[-117.22159859,49.87927889],[-117.22159853,49.87927895],[-117.22161182,49.87942277],[-117.22165482,49.87962075],[-117.22165451,49.87967346],[-117.22175232,49.87980015],[-117.22176833,49.87987147],[-117.22175462,49.87994405],[-117.22169863,49.88006936],[-117.22158871,49.88018617],[-117.22156104,49.88024026],[-117.22149181,49.88042115],[-117.22132601,49.88051938],[-117.2213259,49.88051945],[-117.2212006,49.88069176],[-117.2211729,49.88074586],[-117.22115923,49.88080856],[-117.22115912,49.88090686],[-117.22105037,49.88107767],[-117.22105032,49.88107776],[-117.22099471,49.88119597],[-117.22096702,49.88139387],[-117.22096782,49.88140246],[-117.22094021,49.88144655],[-117.22065829,49.88158652],[-117.22064765,49.88159181],[-117.22064753,49.88159187],[-117.22059338,49.88164592],[-117.22059333,49.88164596],[-117.22052415,49.88177126],[-117.22047242,49.88180466],[-117.22045352,49.88181685],[-117.22016161,49.88192507],[-117.22013568,49.88194236],[-117.2200931,49.88197066],[-117.21996158,49.88203865],[-117.21981478,49.88211449],[-117.21978055,49.88214472],[-117.21973243,49.88218716],[-117.21971844,49.88232243],[-117.21971843,49.88232247],[-117.21976094,49.88253756],[-117.21978921,49.88261015],[-117.21981672,49.88266425],[-117.21994341,49.88277105],[-117.21997182,49.88283377],[-117.21997122,49.88286086],[-117.21997193,49.88287935],[-117.21991221,49.88297899],[-117.21990196,49.88299608],[-117.21982929,49.88303276],[-117.21977771,49.88305875],[-117.21965373,49.88317695],[-117.21940326,49.88330228],[-117.21929154,49.8833564],[-117.21906844,49.88340198],[-117.21886156,49.88346607],[-117.21865124,49.88358721],[-117.21861183,49.88360991],[-117.21861172,49.88360996],[-117.21854202,49.88366405],[-117.21849962,49.88372676],[-117.21847815,49.88376403],[-117.21847338,49.88377227],[-117.21847334,49.88377237],[-117.21841842,49.88399736],[-117.21828021,49.88419538],[-117.21820925,49.88425792],[-117.2182092,49.88425796],[-117.21808637,49.88432201],[-117.2180863,49.88432207],[-117.2180019,49.88438475],[-117.21793785,49.88444307],[-117.21793315,49.88444735],[-117.21793312,49.88444737],[-117.21772506,49.88456555],[-117.21746025,49.88479058],[-117.21743217,49.88481309],[-117.21739262,49.88484475],[-117.21715516,49.88494439],[-117.21704403,49.88497145],[-117.21679405,49.88507969],[-117.21661294,49.88512527],[-117.2162663,49.88520645],[-117.21618331,49.88526057],[-117.21618325,49.88526063],[-117.21618323,49.88526066],[-117.21610046,49.88536026],[-117.21610043,49.88536036],[-117.21605852,49.88549417],[-117.21590533,49.88567506],[-117.21585207,49.88572132],[-117.21573968,49.88581886],[-117.21550235,49.88595416],[-117.21535138,49.88608839],[-117.21530851,49.88612648],[-117.21530843,49.88612655],[-117.21521177,49.8861977],[-117.2152117,49.88619775],[-117.2151441,49.88640566],[-117.21510259,49.88647685],[-117.21507442,49.88660365],[-117.21495003,49.88677455],[-117.21488081,49.88689987],[-117.21484,49.88699956],[-117.21479279,49.88703638],[-117.21471392,49.88709787],[-117.21467297,49.88715192],[-117.21463323,49.88729576],[-117.21459002,49.88734988],[-117.21458993,49.88734995],[-117.21446511,49.88744966],[-117.21439761,49.88750376],[-117.21417886,49.88762606],[-117.21409204,49.8876746],[-117.21409191,49.88767467],[-117.21396694,49.88773869],[-117.21396682,49.88773876],[-117.21374391,49.88791816],[-117.21350884,49.88805344],[-117.2134394,49.88818875],[-117.21330123,49.88838674],[-117.213218,49.88854915],[-117.21305183,49.88876555],[-117.21301103,49.88895356],[-117.21298441,49.88910747],[-117.21295533,49.88917005],[-117.21283232,49.88933246],[-117.21282021,49.88934567],[-117.21279056,49.88937796],[-117.21259508,49.88946768],[-117.2123601,49.88964856],[-117.21229036,49.88970268],[-117.21224867,49.88976602],[-117.21220783,49.88982803],[-117.21211682,49.88987124],[-117.21205488,49.88990064],[-117.21205483,49.88990066],[-117.21187326,49.88996331],[-117.21187321,49.88996336],[-117.2118189,49.89001745],[-117.2118191,49.89006307],[-117.21184723,49.89009015],[-117.21202881,49.89026957],[-117.21207131,49.89034076],[-117.21206972,49.89045755],[-117.2120432,49.89061136],[-117.2120712,49.89073677],[-117.21205859,49.89085346],[-117.21200422,49.89091755],[-117.21196199,49.89097026],[-117.21169796,49.89106992],[-117.2116979,49.89106996],[-117.21142022,49.89123228],[-117.21142013,49.89123237],[-117.21125438,49.8913861],[-117.21118378,49.89143167],[-117.21105803,49.89146727],[-117.21105798,49.89146733],[-117.21105792,49.89146735],[-117.2110043,49.89153129],[-117.2109899,49.89154846],[-117.21098982,49.89154856],[-117.21101784,49.89167386],[-117.2110036,49.89176356],[-117.21095051,49.89191737],[-117.21086562,49.89200704],[-117.21078428,49.89208823],[-117.21078424,49.89208827],[-117.21072868,49.8921509],[-117.21072863,49.89215095],[-117.21069932,49.89217783],[-117.21065872,49.89221505],[-117.21063091,49.89236747],[-117.21063181,49.89251986],[-117.21066143,49.89268216],[-117.21071592,49.89281746],[-117.21071693,49.89287155],[-117.21070381,49.89300547],[-117.21062001,49.89319487],[-117.21060691,49.89324046],[-117.21058072,49.89341996],[-117.2105671,49.89348256],[-117.21048364,49.89360931],[-117.2103867,49.89364489],[-117.21009477,49.89365486],[-117.21001061,49.89360928],[-117.20994121,49.89360074],[-117.20994117,49.89360076],[-117.20994111,49.89360075],[-117.20988839,49.89362945],[-117.20985736,49.89364631],[-117.20985732,49.89364635],[-117.20975999,49.89374458],[-117.20975992,49.89374466],[-117.20974543,49.89379877],[-117.20977483,49.89391555],[-117.20976032,49.89397965],[-117.20969102,49.89410496],[-117.20969293,49.89416767],[-117.20972054,49.89436556],[-117.20972233,49.89443826],[-117.20979162,49.89454506],[-117.2098887,49.89465326],[-117.20990302,49.89485127],[-117.20990553,49.89504067],[-117.20989072,49.89515745],[-117.20986304,49.89520166],[-117.20980761,49.89530986],[-117.20979613,49.89538245],[-117.20965632,49.89555335],[-117.20965729,49.89560745],[-117.2096151,49.89571577],[-117.20957672,49.89577578],[-117.20957507,49.89577836],[-117.209575,49.89577846],[-117.20949173,49.89589514],[-117.20947701,49.89591365],[-117.20947693,49.89591375],[-117.20937939,49.89597632],[-117.20935181,49.89601228],[-117.20932368,49.89604899],[-117.20932563,49.89625546],[-117.20932732,49.89642637],[-117.20934025,49.89648904],[-117.2093411,49.89649758],[-117.20934048,49.89667846],[-117.20934116,49.89679524],[-117.20931429,49.89685791],[-117.20931463,49.89703736],[-117.20931555,49.89710145],[-117.2092886,49.89726238],[-117.2092749,49.89733502],[-117.20920474,49.89755007],[-117.20920471,49.89755015],[-117.20917306,49.89758169],[-117.20915049,49.89760419],[-117.20903528,49.89774731],[-117.20902666,49.89775801],[-117.20902663,49.89775806],[-117.20899894,49.89781213],[-117.20895855,49.89790643],[-117.20895686,49.8979104],[-117.20895684,49.89791045],[-117.20891483,49.89805426],[-117.2088883,49.89820815],[-117.20893022,49.89830635],[-117.20891752,49.89843316],[-117.20891821,49.89854995],[-117.20890463,49.89861256],[-117.20876602,49.89872937],[-117.20872442,49.89881056],[-117.20871172,49.89903555],[-117.20873922,49.89908965],[-117.20878161,49.89926916],[-117.20878133,49.89933185],[-117.20886691,49.89951267],[-117.20890822,49.89963805],[-117.2088946,49.89985446],[-117.2088969,49.89999836],[-117.20889723,49.90003395],[-117.20889692,49.90009665],[-117.20900941,49.90030315],[-117.20902233,49.90036575],[-117.20909382,49.90048256],[-117.20910812,49.90053667],[-117.20912242,49.90073466],[-117.20912132,49.90078877],[-117.2091077,49.90085145],[-117.20909503,49.90097817],[-117.20908182,49.90112206],[-117.20908362,49.90129297],[-117.20911081,49.90140977],[-117.2091671,49.90146385],[-117.2092376,49.90151655],[-117.20930599,49.90162475],[-117.20939111,49.90167896],[-117.20947522,49.90182277],[-117.20948872,49.90185836],[-117.2096706,49.90192956],[-117.20976772,49.90203786],[-117.20999203,49.90219017],[-117.21002042,49.90225286],[-117.21007673,49.90230697],[-117.21027042,49.90239676],[-117.21035503,49.90246797],[-117.21064892,49.90257616],[-117.21074514,49.90262036],[-117.21085754,49.90269297],[-117.21089891,49.90271997],[-117.211054,49.90289946],[-117.21113803,49.90299776],[-117.21117843,49.90306897],[-117.21122203,49.90324986],[-117.21123583,49.90332105],[-117.2112775,49.90338366],[-117.21136123,49.90344636],[-117.211419,49.90363576],[-117.21144739,49.90369846],[-117.21144633,49.90375255],[-117.21148822,49.90385084],[-117.21153133,49.90390496],[-117.2116281,49.90397756],[-117.21178202,49.90406735],[-117.21196483,49.90414706],[-117.21208983,49.90424676],[-117.21215973,49.90432656],[-117.21225663,49.90439915],[-117.2123279,49.90447036],[-117.2123547,49.90450597],[-117.21249581,49.90467687],[-117.2125645,49.90472246],[-117.2127331,49.90489196],[-117.21280181,49.90493746],[-117.21287192,49.90506287],[-117.21287433,49.90520666],[-117.21290263,49.90527937],[-117.21309853,49.90546737],[-117.2132239,49.90559266],[-117.21323782,49.90571937],[-117.21340662,49.90583615],[-117.21343422,49.90589026],[-117.21342041,49.90606117],[-117.21340692,49.90612385],[-117.21342221,49.90623206],[-117.21347721,49.90629477],[-117.21356023,49.90633895],[-117.21366002,49.90652836],[-117.21375702,49.90659095],[-117.21402174,49.90671636],[-117.21427381,49.90681467],[-117.21437063,49.90683166],[-117.21444123,49.90693996],[-117.21445492,49.90711937],[-117.21452449,49.90717356],[-117.21463672,49.90720057],[-117.21480372,49.90724476],[-117.2148611,49.90735297],[-117.21495832,49.90746117],[-117.21495852,49.90759505],[-117.21490107,49.90767103],[-117.21487668,49.9077033],[-117.21490395,49.90782005],[-117.21489162,49.90788413],[-117.21486401,49.90792829],[-117.2148639,49.90792835],[-117.21460015,49.90806359],[-117.21460003,49.90806365],[-117.21454368,49.9081177],[-117.21454363,49.90811775],[-117.21453119,49.90828015],[-117.2145176,49.90835276],[-117.21453051,49.90841547],[-117.21458742,49.90854076],[-117.21467131,49.90864897],[-117.21475513,49.90880995],[-117.21474301,49.90890966],[-117.21479792,49.90908057],[-117.21503722,49.90925996],[-117.21509192,49.90928706],[-117.21530061,49.90939387],[-117.21548243,49.90947507],[-117.21565043,49.90957325],[-117.21600033,49.90975274],[-117.21611202,49.90979685],[-117.21632081,49.90995926],[-117.21648943,49.91013877],[-117.21664171,49.91029965],[-117.21665604,49.91035376],[-117.21674061,49.91042496],[-117.21679611,49.91047055],[-117.21710332,49.91052325],[-117.21728492,49.91055886],[-117.21738243,49.91060447],[-117.21745201,49.91065857],[-117.21752173,49.91070265],[-117.21756339,49.91076535],[-117.21777322,49.91082805],[-117.21810902,49.91099896],[-117.21834402,49.91107017],[-117.21847121,49.91111426],[-117.21868083,49.91114135],[-117.21900012,49.91114995],[-117.2190828,49.91115845],[-117.21932132,49.91112287],[-117.21945941,49.91112145],[-117.21954421,49.91113997],[-117.21965373,49.91118405],[-117.21978062,49.91130086],[-117.21985112,49.91136354],[-117.220005,49.91145326],[-117.22027034,49.91156147],[-117.22038122,49.91159715],[-117.22059102,49.91165977],[-117.22073031,49.91175806],[-117.22078524,49.91183067],[-117.2209534,49.91191896],[-117.22112124,49.91198166],[-117.22123222,49.91206285],[-117.22132981,49.91210835],[-117.22132985,49.91210835],[-117.22165141,49.91210697],[-117.22178941,49.91211556],[-117.22188801,49.91210695],[-117.22222153,49.91212406],[-117.22231972,49.91213257],[-117.22255693,49.91220387],[-117.22272463,49.91227645],[-117.22303151,49.91240177],[-117.22310091,49.91241036],[-117.22329524,49.91247296],[-117.22340832,49.91250855],[-117.22347634,49.91253566],[-117.22360182,49.91256276],[-117.22377134,49.91265247],[-117.22402133,49.91274076],[-117.2241332,49.91283046],[-117.2242446,49.91294725],[-117.22425893,49.91300136],[-117.22431612,49.91306407],[-117.22456733,49.91326206],[-117.22480363,49.91343295],[-117.22504282,49.91356675],[-117.22534772,49.91362946],[-117.22565553,49.91376336],[-117.22573984,49.91379897],[-117.22582241,49.91381745],[-117.22589212,49.91386156],[-117.22593443,49.91390717],[-117.22603251,49.91402397],[-117.22618763,49.91415785],[-117.22631203,49.91423905],[-117.22635564,49.91426606],[-117.22636844,49.91428317],[-117.22652264,49.91441847],[-117.22675953,49.91456235],[-117.22681671,49.91462497],[-117.22685763,49.91467906],[-117.2269008,49.91472326],[-117.22709513,49.91488415],[-117.22718023,49.91494826],[-117.22726232,49.91498386],[-117.2273459,49.91500095],[-117.22762491,49.91503657],[-117.22786372,49.91514485],[-117.227932,49.91519746],[-117.22802971,49.91523317],[-117.22810063,49.91527866],[-117.22822673,49.91538695],[-117.22831152,49.91550376],[-117.2283519,49.91557495],[-117.2283809,49.91562046],[-117.22840942,49.91568316],[-117.22846573,49.91573726],[-117.22854871,49.91578145],[-117.22872883,49.91578996],[-117.22881282,49.91578996],[-117.22897922,49.91576296],[-117.22925921,49.91569887],[-117.22938364,49.91567176],[-117.22961982,49.91568885],[-117.22982963,49.91585976],[-117.22996922,49.91589537],[-117.230137,49.91595806],[-117.23023511,49.91597657],[-117.23029132,49.91598505],[-117.23037343,49.91602067],[-117.23048572,49.91604776],[-117.23054271,49.91606487],[-117.23065411,49.91608337],[-117.23073621,49.91611897],[-117.23102961,49.91619877],[-117.23111311,49.91622576],[-117.23119831,49.91627986],[-117.23129591,49.91631557],[-117.23144802,49.91644087],[-117.23160203,49.91653057],[-117.23167361,49.91664737],[-117.23177171,49.91676417],[-117.23177062,49.91681826],[-117.23179822,49.91687237],[-117.23189632,49.91698917],[-117.23202322,49.91710597],[-117.23209211,49.91714157],[-117.2321911,49.91716865],[-117.23252462,49.91718565],[-117.23252468,49.91718565],[-117.23279041,49.91722125],[-117.23286062,49.91724831],[-117.23304009,49.91728392],[-117.23312388,49.91734658],[-117.2331944,49.91740925],[-117.23322202,49.91746337],[-117.23339182,49.9175887],[-117.23358734,49.91780375],[-117.23362911,49.91786642],[-117.2337129,49.91792908],[-117.23375592,49.91799317],[-117.23379743,49.9181185],[-117.23393626,49.91824383],[-117.23395062,49.91829795],[-117.23406266,49.91848595],[-117.23424673,49.91867537],[-117.23430199,49.91878361],[-117.23437174,49.91882776],[-117.23442896,49.91899866],[-117.23446986,49.91905278],[-117.234555,49.91910691],[-117.23466652,49.91921372],[-117.23475079,49.91925929],[-117.23483351,49.91926784],[-117.23501489,49.91926784],[-117.23535007,49.91931199],[-117.23543279,49.91932054],[-117.23562728,49.91937323],[-117.23579504,49.91944587],[-117.23587854,49.91947293],[-117.23595019,49.91948147],[-117.23597674,49.91948147],[-117.23606023,49.91950853],[-117.2362431,49.91958829],[-117.23635367,49.91969653],[-117.23647925,49.91982186],[-117.23649495,49.91986743],[-117.23655009,49.91992013],[-117.23677466,49.92007252],[-117.23685806,49.92010955],[-117.23702602,49.92016224],[-117.23719245,49.92024342],[-117.23727595,49.92027048],[-117.23761058,49.92034169],[-117.23794531,49.92040294],[-117.23804342,49.92042145],[-117.23823926,49.9204656],[-117.2383369,49.92050121],[-117.23857381,49.92054678],[-117.23865597,49.92058239],[-117.23889416,49.92066214],[-117.23897765,49.9206892],[-117.23906281,49.92074332],[-117.23916056,49.92080171],[-117.23925832,49.92086011],[-117.23936955,49.92093132],[-117.23955156,49.92100253],[-117.23982948,49.92109225],[-117.23992679,49.92120049],[-117.23998304,49.92130731],[-117.24013874,49.92142409],[-117.24033347,49.92152236],[-117.24041697,49.92154942],[-117.24066898,49.92171036],[-117.24069663,49.92176448],[-117.24085003,49.92189123],[-117.24104706,49.92208778],[-117.24110259,49.92213335],[-117.24122954,49.92225013],[-117.24131345,49.92230283],[-117.24138226,49.9223484],[-117.24156373,49.92244668],[-117.24189807,49.92259052],[-117.24196917,49.92262613],[-117.24213604,49.92273294],[-117.24224908,49.92277852],[-117.24247227,49.92284118],[-117.24255531,49.92288533],[-117.24286288,49.92309184],[-117.24298818,49.92328981],[-117.24305795,49.92333396],[-117.24314367,49.92336102],[-117.24321225,49.92336102],[-117.24335202,49.92338665],[-117.24342051,49.92339662],[-117.24367333,49.92346783],[-117.24392427,49.92357465],[-117.24418784,49.92361025],[-117.24434246,49.92367292],[-117.24449542,49.92370853],[-117.24476152,49.92377974],[-117.24508206,49.9238424],[-117.24540157,49.92394922],[-117.24561284,49.92400334],[-117.24568174,49.92403894],[-117.2459337,49.92410161],[-117.24602993,49.92415573],[-117.24618401,49.92424545],[-117.2464081,49.9244249],[-117.24663172,49.92462144],[-117.24672971,49.92469265],[-117.24702284,49.92485501],[-117.24712083,49.92492622],[-117.24716398,49.92498034],[-117.2472603,49.92502449],[-117.24734406,49.92509713],[-117.24744395,49.92524097],[-117.24752645,49.92531219],[-117.2476946,49.92542043],[-117.24784933,49.92558136],[-117.24789161,49.92562694],[-117.24793397,49.92566254],[-117.24799027,49.9258776],[-117.24804647,49.92599438],[-117.2481571,49.92610262],[-117.24824229,49.92615674],[-117.24831264,49.92628207],[-117.2483403,49.92633619],[-117.24848145,49.92646152],[-117.24862006,49.92655125],[-117.24873266,49.92661391],[-117.2488007,49.92664097],[-117.24888509,49.92667658],[-117.24896982,49.92674779],[-117.24902682,49.92688309],[-117.249039,49.92693721],[-117.24909608,49.92706254],[-117.24909578,49.92713517],[-117.24913825,49.92726905],[-117.24922322,49.92738583],[-117.24941802,49.9274841],[-117.24960077,49.92747556],[-117.24979633,49.9274841],[-117.24987907,49.92749265],[-117.25018612,49.92750974],[-117.25050615,49.92759947],[-117.25085549,49.92766213],[-117.25097979,49.92768777],[-117.25132946,49.92778604],[-117.25144041,49.92782164],[-117.25152385,49.92785867],[-117.25166502,49.927984],[-117.25178958,49.92805521],[-117.25188813,49.92809936],[-117.25208315,49.92813497],[-117.25227896,49.92818909],[-117.25236194,49.92824321],[-117.25247577,49.92835002],[-117.25260079,49.92840414],[-117.25268432,49.9284312],[-117.25285167,49.92841269],[-117.25300432,49.92841269],[-117.25324092,49.92846538],[-117.25339475,49.92862774],[-117.25346654,49.92873456],[-117.25352131,49.92876162],[-117.25359157,49.92878868],[-117.25382901,49.92896813],[-117.25412197,49.92908492],[-117.254387,49.92910201],[-117.25465282,49.92913761],[-117.25474971,49.9291547],[-117.25501579,49.92923588],[-117.255281,49.92945948],[-117.25547688,49.92962184],[-117.25563163,49.92967454],[-117.25582533,49.92971869],[-117.25613299,49.92981696],[-117.25622971,49.92985399],[-117.2563567,49.92986253],[-117.25644078,49.92986253],[-117.25674584,49.92981696],[-117.25698294,49.92973436],[-117.25727459,49.92959051],[-117.2573584,49.92954494],[-117.25764946,49.92931991],[-117.25773327,49.92927434],[-117.25801065,49.92917464],[-117.25835888,49.92918319],[-117.2586925,49.92920028],[-117.25876417,49.92920882],[-117.25881894,49.92923588],[-117.25891742,49.92929],[-117.25908457,49.92933415],[-117.25934785,49.92933415],[-117.25955925,49.9293783],[-117.25968482,49.92940536],[-117.25979498,49.92942245],[-117.26011666,49.929431],[-117.26039543,49.929431],[-117.26049144,49.92943954],[-117.2605756,49.92942957],[-117.26085436,49.92942957],[-117.26103445,49.92943812],[-117.26137009,49.92951788],[-117.26146823,49.92953639],[-117.26164946,49.92959905],[-117.26190029,49.92976854],[-117.2619847,49.92980414],[-117.26208285,49.92982266],[-117.26230505,49.92982123],[-117.26248701,49.92979417],[-117.26255639,49.92981269],[-117.26272484,49.93000923],[-117.26277996,49.93007189],[-117.26296347,49.9302428],[-117.26315877,49.93032398],[-117.26324231,49.93035104],[-117.26350735,49.93036813],[-117.26361885,49.93037667],[-117.26389629,49.93038522],[-117.26407726,49.93040231],[-117.26420425,49.93041085],[-117.26446929,49.93042794],[-117.26477541,49.93044646],[-117.26504054,49.93045358],[-117.26522063,49.93046213],[-117.2653055,49.93048064],[-117.2655824,49.93051625],[-117.26566816,49.93054331],[-117.26575212,49.930596],[-117.26579397,49.93065867],[-117.26589167,49.93081248],[-117.26593485,49.9308666],[-117.26620013,49.9310902],[-117.26632633,49.93119844],[-117.26660561,49.93133232],[-117.2666887,49.93137647],[-117.2669404,49.93140353],[-117.26703775,49.93140353],[-117.267302,49.9314021],[-117.26762228,49.93142916],[-117.26792999,49.93152743],[-117.26812654,49.93165277],[-117.26823759,49.9316784],[-117.26848788,49.93172398],[-117.26869709,49.93176813],[-117.26885178,49.93183079],[-117.26911665,49.93191055],[-117.2693826,49.93205439],[-117.26946615,49.93208145],[-117.26966128,49.93210709],[-117.26984191,49.93208857],[-117.27000944,49.93200739],[-117.27013387,49.93198033],[-117.27034238,49.93195327],[-117.27066293,49.9319077],[-117.27075948,49.93188918],[-117.27087232,49.93188918],[-117.27117826,49.93185215],[-117.27145659,49.93186924],[-117.27161262,49.9320843],[-117.27170891,49.93213842],[-117.27190397,49.93217403],[-117.27209875,49.93216406],[-117.27236506,49.93218257],[-117.27261533,49.93227087],[-117.27283908,49.93231645],[-117.27310466,49.93230648],[-117.27320041,49.93226945],[-117.27336821,49.93223384],[-117.27345096,49.93224239],[-117.27353423,49.93222387],[-117.2737015,49.93221533],[-117.27378646,49.93222387],[-117.27387009,49.93224096],[-117.27402374,49.93235775],[-117.27417837,49.93243038],[-117.27419031,49.93243893],[-117.27447006,49.9324375],[-117.27467937,49.93242896],[-117.2747776,49.9324375],[-117.27505524,49.93254432],[-117.27532174,49.9326611],[-117.27546104,49.9327138],[-117.27562849,49.93280353],[-117.27583728,49.93282204],[-117.27603411,49.93287474],[-117.27611625,49.93292031],[-117.27628432,49.93297301],[-117.27656346,49.93300861],[-117.27664613,49.93302713],[-117.27698172,49.93299864],[-117.27710615,49.93297158],[-117.27725907,49.93289895],[-117.27745437,49.93286192],[-117.27776024,49.93283486],[-117.27794255,49.9328434],[-117.27809646,49.93288755],[-117.27818037,49.93295022],[-117.27839016,49.93308552],[-117.27854302,49.93318379],[-117.27862657,49.93321085],[-117.27897527,49.93324503],[-117.27912991,49.93331767],[-117.27940809,49.93339742],[-117.27960352,49.93346863],[-117.27972976,49.93357687],[-117.27989811,49.93367514],[-117.28000963,49.93368369],[-117.28007963,49.93366517],[-117.28016246,49.93362102],[-117.28035608,49.93355693],[-117.28070451,49.93350281],[-117.28080194,49.93349284],[-117.28101029,49.93352845],[-117.28109553,49.93358257],[-117.28113757,49.93358257],[-117.28117828,49.93359111],[-117.28136032,49.93355408],[-117.28166582,49.93349142],[-117.28192988,49.93339172],[-117.2820819,49.93331054],[-117.28227854,49.93326497],[-117.28236048,49.933255],[-117.28254361,49.93328206],[-117.28278004,49.93340739],[-117.2828498,49.93346151],[-117.28299028,49.93356833],[-117.28314344,49.93371217],[-117.28322781,49.93375775],[-117.28331232,49.93378338],[-117.28339507,49.93379193],[-117.28356219,49.93384605],[-117.28364716,49.93385459],[-117.28381383,49.9339258],[-117.28389872,49.93394432],[-117.28406576,49.93405113],[-117.28417821,49.93418643],[-117.28423468,49.93441146],[-117.28436078,49.93458236],[-117.28440391,49.93468918],[-117.28448902,49.93480596],[-117.2845736,49.93494981],[-117.28469882,49.93511217],[-117.28472757,49.93528307],[-117.28482691,49.93539844],[-117.28496557,49.93549813],[-117.28500886,49.93554228],[-117.28512169,49.93571319],[-117.28513482,49.93577585],[-117.28517663,49.93584849],[-117.2852613,49.93598236],[-117.28536851,49.93609449],[-117.28537296,49.93609915],[-117.28543283,49.93614567],[-117.28543406,49.93614663],[-117.2854353,49.93614758],[-117.28556908,49.93625154],[-117.28568296,49.93636832],[-117.28578083,49.93651217],[-117.28575398,49.9366375],[-117.28562969,49.9367728],[-117.2855313,49.93682692],[-117.28547716,49.93688104],[-117.28539307,49.93705194],[-117.28521243,49.93724136],[-117.28521361,49.93729548],[-117.28527011,49.9373496],[-117.28554885,49.9374023],[-117.2857306,49.93744787],[-117.28599635,49.93754614],[-117.28628867,49.93764441],[-117.28640145,49.93769711],[-117.28649867,49.93775977],[-117.2866515,49.93786802],[-117.2867637,49.93795774],[-117.28684853,49.93802895],[-117.28694575,49.93809162],[-117.28721114,49.93815428],[-117.2873226,49.9381728],[-117.28756121,49.93817992],[-117.28784003,49.93817992],[-117.28815875,49.93816995],[-117.28840969,49.93817849],[-117.28843845,49.93817849],[-117.2886661,49.93820923],[-117.28870215,49.9382141],[-117.28885056,49.93830742],[-117.28888561,49.93832946],[-117.28896911,49.93836649],[-117.28913657,49.93850891],[-117.28917847,49.93857157],[-117.28926367,49.93863566],[-117.28944536,49.93873393],[-117.28973777,49.93882224],[-117.28983602,49.93883078],[-117.28998648,49.93882076],[-117.29011402,49.93881227],[-117.29042117,49.93882936],[-117.29050519,49.93883933],[-117.29063037,49.93888348],[-117.29091062,49.93903587],[-117.2910358,49.93908002],[-117.29117457,49.93916974],[-117.29125852,49.93923241],[-117.29155389,49.93934919],[-117.29170525,49.93935774],[-117.29188818,49.93932925],[-117.29192807,49.93927656],[-117.29226314,49.93910423],[-117.29230399,49.93905011],[-117.29255412,49.93904014],[-117.29274967,49.93905865],[-117.292904,49.93913841],[-117.29311306,49.93925519],[-117.29319791,49.9393264],[-117.29323982,49.93938907],[-117.29326757,49.93944319],[-117.29326736,49.93951582],[-117.29330928,49.93957849],[-117.29354825,49.93980209],[-117.29385538,49.94000006],[-117.29389951,49.94006272],[-117.29398316,49.94007981],[-117.29405258,49.94009833],[-117.29408002,49.94010687],[-117.29431756,49.94017808],[-117.29445603,49.94022223],[-117.29458298,49.94024075],[-117.29480592,49.9403205],[-117.29512585,49.94036465],[-117.29521076,49.94038317],[-117.29540494,49.94046292],[-117.29541626,49.94046855],[-117.29565696,49.94058825],[-117.29588034,49.94065092],[-117.29597771,49.94065092],[-117.29614012,49.94060441],[-117.29632584,49.94055122],[-117.2966461,49.94046008],[-117.29677224,49.94046008],[-117.2969382,49.94046008],[-117.29702224,49.94051277],[-117.29711999,49.94054838],[-117.29728849,49.94059395],[-117.29741419,49.94061104],[-117.29773463,49.94062813],[-117.297832,49.94062813],[-117.29809635,49.94057401],[-117.29819379,49.94056404],[-117.29835988,49.94050138],[-117.29840294,49.94044726],[-117.29844322,49.94024929],[-117.29859579,49.94013108],[-117.29886033,49.9401852],[-117.29898692,49.94021084],[-117.29925052,49.94030911],[-117.29945973,49.94036323],[-117.29965599,49.94028205],[-117.30000356,49.94026211],[-117.30001816,49.94025357],[-117.30008765,49.94026211],[-117.3002686,49.94028917],[-117.30035219,49.94031623],[-117.30051955,49.94029772],[-117.30081262,49.94029629],[-117.30104808,49.94030484],[-117.30124452,49.9403319],[-117.30153658,49.94038459],[-117.30162024,49.94040168],[-117.30169048,49.94043871],[-117.3019434,49.94057259],[-117.30226411,49.94068795],[-117.30234852,49.94073352],[-117.30243249,49.94079619],[-117.30271066,49.94093861],[-117.30303251,49.94111806],[-117.30321507,49.94123485],[-117.30348167,49.94140433],[-117.30356476,49.94145845],[-117.30367579,49.94149405],[-117.30389887,49.94151114],[-117.30405239,49.94152966],[-117.30420605,49.94152823],[-117.30437334,49.94151969],[-117.30452604,49.94151969],[-117.30463765,49.94151826],[-117.30479237,49.9415909],[-117.30504279,49.9416792],[-117.30507188,49.94172477],[-117.30514258,49.94178744],[-117.30535227,49.94186719],[-117.30543586,49.94189426],[-117.30574126,49.94189425],[-117.30586829,49.9419028],[-117.30611843,49.94189283],[-117.30631413,49.94189141],[-117.30656509,49.94189995],[-117.30666196,49.94192701],[-117.30674555,49.94195407],[-117.30684403,49.94207086],[-117.30701161,49.94216058],[-117.30715088,49.94227594],[-117.30708139,49.9422674],[-117.30716581,49.94231297],[-117.30723612,49.94234003],[-117.30734856,49.94235712],[-117.30758535,49.94235712],[-117.30766901,49.94237421],[-117.307753,49.94243688],[-117.30786493,49.94248103],[-117.30805957,49.94254369],[-117.30815784,49.94255224],[-117.30824005,49.94259781],[-117.30830993,49.94264196],[-117.30833942,49.94272314],[-117.30833919,49.94283505],[-117.30833914,49.94285844],[-117.30846729,49.94298378],[-117.30857905,49.94310056],[-117.30874754,49.94319883],[-117.30884481,49.9432615],[-117.30894168,49.94328856],[-117.30903902,49.94334125],[-117.30929114,49.94341389],[-117.30937613,49.94342243],[-117.3094448,49.94341246],[-117.30969544,49.94337543],[-117.30981987,49.94334837],[-117.30983356,49.94334084],[-117.30991824,49.94329425],[-117.30998734,49.94326719],[-117.31007161,49.94319456],[-117.31025147,49.94310483],[-117.31037589,49.94307777],[-117.31060037,49.94307635],[-117.31076734,49.94302223],[-117.3108489,49.94297665],[-117.31107252,49.94291399],[-117.31114169,49.94287696],[-117.31132233,49.94285844],[-117.31153257,49.94285844],[-117.31188041,49.94289405],[-117.31204735,49.94289263],[-117.31222932,49.94286557],[-117.31229842,49.94283851],[-117.31242344,49.94272172],[-117.31259008,49.94262203],[-117.3126858,49.942585],[-117.31282493,49.94248673],[-117.31290869,49.94244115],[-117.31307523,49.94240412],[-117.31317261,49.94240412],[-117.31343817,49.94240412],[-117.31367453,49.94242121],[-117.3136887,49.94242976],[-117.31392751,49.94255509],[-117.31415073,49.94274308],[-117.31420851,49.94285132],[-117.31426284,49.94290544],[-117.31433406,49.94294105],[-117.31454248,49.94297665],[-117.31462698,49.94301226],[-117.31471064,49.94302935],[-117.31505879,49.94316323],[-117.31536714,49.94324441],[-117.31543753,49.9432615],[-117.31578587,49.94327004],[-117.31599307,49.94325153],[-117.3162588,49.94317889],[-117.31642534,49.94314186],[-117.3165091,49.94309629],[-117.31660697,49.94306923],[-117.31689959,49.94304217],[-117.31701113,49.94305071],[-117.3170798,49.94304074],[-117.317178,49.94305926],[-117.31728823,49.94307635],[-117.317386,49.94311195],[-117.31755502,49.94313047],[-117.31790294,49.9431561],[-117.31811269,49.94318316],[-117.31821053,49.9432088],[-117.31829281,49.94324441],[-117.31837682,49.94330707],[-117.31842009,49.94336119],[-117.31849026,49.94346089],[-117.31854639,49.9435321],[-117.31889668,49.94372864],[-117.31896563,49.94377421],[-117.31923206,49.94383545],[-117.31941339,49.94390809],[-117.31966344,49.94396078],[-117.31977671,49.94399639],[-117.31985983,49.94405051],[-117.32011127,49.94408469],[-117.32036126,49.94414735],[-117.32059979,49.94417441],[-117.32079461,49.94416444],[-117.32097657,49.94413738],[-117.32103073,49.9440733],[-117.32110114,49.94403769],[-117.32129507,49.94401918],[-117.32137876,49.94398357],[-117.32169889,49.94395509],[-117.3217821,49.94394654],[-117.32195068,49.94403484],[-117.32195191,49.94408896],[-117.32199298,49.94414308],[-117.32219053,49.94434959],[-117.32225905,49.94441226],[-117.32230101,49.94447492],[-117.32231642,49.94453759],[-117.32244151,49.94465437],[-117.32252595,49.94469995],[-117.32279151,49.94475264],[-117.32307083,49.94477828],[-117.32329345,49.94482243],[-117.3234615,49.94489506],[-117.3235319,49.94491215],[-117.32372691,49.94502039],[-117.32382476,49.94504603],[-117.32415936,49.94508164],[-117.32425631,49.94509873],[-117.32445231,49.94515285],[-117.32453682,49.94518845],[-117.32459338,49.94524257],[-117.32467568,49.94527818],[-117.32471986,49.94534084],[-117.32504143,49.94553738],[-117.32515462,49.94562508],[-117.3254609,49.9457349],[-117.32548909,49.94574389],[-117.3258362,49.94575101],[-117.32604645,49.94575101],[-117.32619826,49.94579516],[-117.32628228,49.94585783],[-117.32645199,49.94607289],[-117.32650754,49.94617892],[-117.32656541,49.94628936],[-117.32660828,49.94636058],[-117.32663476,49.94642324],[-117.32684695,49.94662121],[-117.3270009,49.94672802],[-117.3270832,49.94676363],[-117.32725251,49.94694308],[-117.32733696,49.94698865],[-117.32753255,49.94705986],[-117.32768484,49.94707695],[-117.32799248,49.94707695],[-117.32810236,49.94707639],[-117.32827009,49.94707553],[-117.32843871,49.94711113],[-117.32855104,49.94720086],[-117.32862573,49.94737089],[-117.32864988,49.94742588],[-117.3286918,49.94755121],[-117.32888941,49.94775773],[-117.32895795,49.94782039],[-117.32909982,49.94799129],[-117.32914132,49.94808102],[-117.32914222,49.94808957],[-117.32917003,49.94814369],[-117.32928194,49.9482505],[-117.32952078,49.9483858],[-117.3296872,49.94842141],[-117.32989704,49.9484385],[-117.33020433,49.94844562],[-117.330315,49.94844562],[-117.33038451,49.94845416],[-117.33066541,49.94858946],[-117.33073444,49.94862507],[-117.33078977,49.94867776],[-117.33102778,49.94879455],[-117.33132161,49.94888427],[-117.3314053,49.94890136],[-117.33161514,49.94891846],[-117.3316705,49.94892609],[-117.33193518,49.94896261],[-117.33214538,49.94902527],[-117.33249407,49.94919475],[-117.332691,49.94925742],[-117.33281578,49.94927593],[-117.33299812,49.94934714],[-117.33327652,49.9494269],[-117.3334177,49.94950665],[-117.33350471,49.9495731],[-117.33364149,49.94967756],[-117.33372471,49.94972171],[-117.33382162,49.94974877],[-117.33404607,49.94975731],[-117.33429624,49.94974735],[-117.33453889,49.94971798],[-117.33460221,49.94971032],[-117.33488121,49.94963768],[-117.33497908,49.94961062],[-117.33524337,49.94961917],[-117.33546638,49.94970889],[-117.33555007,49.94972598],[-117.33560667,49.9497801],[-117.33566332,49.94982425],[-117.33570764,49.94984884],[-117.33585841,49.94993249],[-117.33616602,49.95004785],[-117.33648828,49.950092],[-117.33653033,49.950092],[-117.33683668,49.95010055],[-117.33691953,49.95009912],[-117.3371855,49.9501447],[-117.33726824,49.95021591],[-117.33739467,49.95038681],[-117.3376624,49.95056484],[-117.33780174,49.95069017],[-117.33798451,49.95074429],[-117.33812253,49.95082547],[-117.33845809,49.95092232],[-117.33873651,49.95094938],[-117.33898932,49.95097501],[-117.33933684,49.95102771],[-117.3396024,49.95109037],[-117.33975772,49.95118865],[-117.34007806,49.9514037],[-117.34021869,49.95158315],[-117.34027619,49.95164582],[-117.34048676,49.95181672],[-117.34065362,49.95188793],[-117.34086391,49.95194063],[-117.34096168,49.9519862],[-117.34105866,49.95200329],[-117.34122684,49.95206596],[-117.34132419,49.95212862],[-117.34143614,49.95218274],[-117.34159109,49.95223544],[-117.3418828,49.9522625],[-117.34214891,49.95228813],[-117.34228794,49.95230523],[-117.34237111,49.95235934],[-117.34260966,49.95244907],[-117.34279075,49.95246616],[-117.34309717,49.95246474],[-117.34343231,49.95247328],[-117.34359832,49.95247328],[-117.34371037,49.95245477],[-117.34382194,49.95246331],[-117.34415629,49.95244337],[-117.3442404,49.95244337],[-117.34440726,49.95246189],[-117.3447278,49.95247898],[-117.34507718,49.9524861],[-117.34527196,49.9524861],[-117.34546727,49.95244907],[-117.34554964,49.95242201],[-117.34571711,49.95233086],[-117.34591284,49.95227674],[-117.34609218,49.95226677],[-117.34617714,49.95228529],[-117.34644321,49.95237359],[-117.34652549,49.95241916],[-117.34676488,49.95264276],[-117.34684843,49.95274246],[-117.34696213,49.952939],[-117.34700325,49.95299312],[-117.34710282,49.95305578],[-117.34727012,49.9531099],[-117.34745212,49.95313554],[-117.34753445,49.95317114],[-117.34780004,49.95323381],[-117.34803738,49.95325945],[-117.34838668,49.9533392],[-117.34847033,49.95336626],[-117.34863896,49.95346453],[-117.34882118,49.95368101],[-117.34890442,49.95372516],[-117.34907434,49.95387755],[-117.34917086,49.9539217],[-117.34943602,49.95394876],[-117.34965874,49.95393025],[-117.34974207,49.95390176],[-117.34981162,49.95384764],[-117.34996574,49.95376646],[-117.35016062,49.95369383],[-117.35021462,49.95364968],[-117.35039626,49.95356707],[-117.35050781,49.95352292],[-117.35074387,49.95349444],[-117.35082662,49.95351295],[-117.35091169,49.95351153],[-117.35098206,49.95353859],[-117.35103647,49.95359271],[-117.35126045,49.95369098],[-117.35158355,49.95387898],[-117.35176458,49.9539687],[-117.35184828,49.95398579],[-117.35197314,49.95399434],[-117.35208604,49.95399434],[-117.35243369,49.95391173],[-117.35251822,49.95389464],[-117.3527255,49.95386616],[-117.35300531,49.9538747],[-117.35331174,49.95387328],[-117.35336887,49.95387513],[-117.35336885,49.95383891],[-117.35336883,49.95377346],[-117.35336864,49.95330644],[-117.35336863,49.95317791],[-117.35371023,49.95317791],[-117.35404818,49.95317791],[-117.35404818,49.95317788],[-117.35404827,49.95282506],[-117.35406578,49.95281279],[-117.35406604,49.9528126],[-117.35346434,49.95245441],[-117.35359423,49.95236359],[-117.35363624,49.95233422],[-117.35363646,49.95233407],[-117.3530908,49.95200863],[-117.35369659,49.95158569],[-117.35466607,49.95090879],[-117.35466656,49.95031561],[-117.35466679,49.9503156],[-117.35512353,49.95031561],[-117.35540971,49.95031561],[-117.35540334,49.9485478],[-117.35540356,49.9485478],[-117.35585605,49.94853727],[-117.3560162,49.94853355],[-117.35619883,49.9485293],[-117.35671924,49.94851718],[-117.35672735,49.94851682],[-117.35685389,49.94851113],[-117.35695051,49.9485065],[-117.35710205,49.94846128],[-117.35716349,49.94844313],[-117.3592287,49.94783143],[-117.35926757,49.94781968],[-117.35922627,49.94799984],[-117.35941441,49.94812838],[-117.35957198,49.94824495],[-117.35959776,49.94826403],[-117.35969087,49.9483388],[-117.3597432,49.94838117],[-117.35977224,49.94840467],[-117.359938,49.94854923],[-117.36010527,49.94868839],[-117.36010876,49.94869129],[-117.36030375,49.94880564],[-117.3603152,49.94881235],[-117.36051491,49.94893768],[-117.36061924,49.94900201],[-117.36071644,49.94906194],[-117.36079534,49.94911372],[-117.36091233,49.94919048],[-117.36098788,49.94924917],[-117.36109016,49.94932863],[-117.36124721,49.9494771],[-117.36140483,49.94962558],[-117.36141197,49.9496315],[-117.36157615,49.94976764],[-117.36175022,49.94989771],[-117.36175818,49.94990365],[-117.36195948,49.95002827],[-117.36198675,49.95004287],[-117.36209538,49.95009948],[-117.36217594,49.95014185],[-117.36232754,49.95021716],[-117.3623967,49.95025152],[-117.36261649,49.9503626],[-117.36285338,49.95045731],[-117.3628774,49.95046864],[-117.36304294,49.95054668],[-117.36307818,49.95056342],[-117.36329211,49.95067913],[-117.36345112,49.95077704],[-117.36349335,49.95080304],[-117.3636765,49.95093905],[-117.36372103,49.95097534],[-117.36384998,49.95108041],[-117.3639951,49.95123351],[-117.36411574,49.95139587],[-117.36422483,49.95156143],[-117.36430329,49.95173119],[-117.36430448,49.95173376],[-117.36431196,49.95175698],[-117.3643531,49.95188473],[-117.36436103,49.95191001],[-117.36438873,49.9520192],[-117.36440611,49.95208768],[-117.36440709,49.95209445],[-117.36666341,49.95210027],[-117.37856935,49.95213022],[-117.37941171,49.95854392],[-117.37986193,49.96197106],[-117.38341114,49.96855261],[-117.38755172,49.97665714],[-117.39172566,49.98551657],[-117.39227942,49.98691902],[-117.39591686,49.99355926],[-117.39777093,49.99683429],[-117.40091053,50.00186695],[-117.40424639,50.00812944],[-117.4165405,50.00521779],[-117.41654091,50.00521816],[-117.41661127,50.00525377],[-117.4167645,50.00524416],[-117.41687623,50.0052527],[-117.41696016,50.0052705],[-117.41705835,50.00531501],[-117.41712833,50.00534207],[-117.41722652,50.00538658],[-117.41735223,50.00540402],[-117.41746382,50.00540367],[-117.41765875,50.00540296],[-117.41775649,50.0054026],[-117.41784069,50.0054382],[-117.41793875,50.00547381],[-117.41799529,50.00552757],[-117.41807971,50.0056084],[-117.41819166,50.00569777],[-117.41823436,50.00575153],[-117.4182764,50.00581455],[-117.41833322,50.00588612],[-117.41838926,50.00595804],[-117.41846011,50.00605667],[-117.41853082,50.00614639],[-117.41858682,50.00620016],[-117.41867134,50.00627172],[-117.41874188,50.00633439],[-117.41879805,50.00641521],[-117.41886863,50.00649604],[-117.41893931,50.0065676],[-117.41903741,50.00662137],[-117.41912134,50.00667477],[-117.41923357,50.00674634],[-117.41931782,50.0068001],[-117.41938836,50.00686277],[-117.41944422,50.00690763],[-117.4195426,50.0069792],[-117.41961314,50.00704186],[-117.41966928,50.00710453],[-117.41973982,50.00716719],[-117.41981022,50.00722096],[-117.41985227,50.00728398],[-117.41989498,50.00733774],[-117.41993773,50.00744527],[-117.41993837,50.00751719],[-117.41998056,50.00758912],[-117.41999491,50.00765214],[-117.42000995,50.00772406],[-117.41999605,50.00778708],[-117.4199827,50.0078501],[-117.4199555,50.00791312],[-117.41992816,50.00796724],[-117.4198873,50.00805733],[-117.41987353,50.00812925],[-117.41990197,50.00819191],[-117.41994458,50.00825493],[-117.41994522,50.00832686],[-117.41998784,50.00842548],[-117.42004439,50.00847925],[-117.42008645,50.00854227],[-117.4201576,50.0086587],[-117.42022805,50.00873062],[-117.42028447,50.00881109],[-117.42034047,50.00886485],[-117.42035538,50.00892787],[-117.42039804,50.00904466],[-117.42042653,50.00912548],[-117.42048327,50.00920631],[-117.42052529,50.00925117],[-117.42060997,50.00933164],[-117.42068024,50.0093765],[-117.42072239,50.00943026],[-117.420779,50.00953779],[-117.42080791,50.00960971],[-117.42084323,50.00967701],[-117.42858366,50.00676165],[-117.42878399,50.00671145],[-117.42904544,50.00664771],[-117.42930847,50.00658825],[-117.42983507,50.00646933],[-117.43009754,50.00640987],[-117.43035923,50.00634578],[-117.43062013,50.00628205],[-117.43088181,50.00621796],[-117.43114373,50.0061585],[-117.43140684,50.00609476],[-117.43167088,50.00603958],[-117.4319369,50.00598474],[-117.43220449,50.00593419],[-117.43247508,50.00588825],[-117.43274858,50.00585123],[-117.4330242,50.00582345],[-117.43330029,50.00579995],[-117.43385413,50.00575295],[-117.43412999,50.00572483],[-117.43440427,50.00569243],[-117.43467777,50.0056554],[-117.43495016,50.00561837],[-117.43522232,50.00557671],[-117.43549472,50.00553968],[-117.43576766,50.00550265],[-117.43604194,50.00547025],[-117.43631788,50.00543785],[-117.43659443,50.00541862],[-117.43687288,50.00540402],[-117.43715151,50.00541649],[-117.43742368,50.00545601],[-117.43768496,50.00552259],[-117.4379299,50.00560697],[-117.43814544,50.00571877],[-117.43833601,50.00585301],[-117.43851716,50.00598724],[-117.43870797,50.00612111],[-117.43892264,50.00623754],[-117.43915102,50.00634008],[-117.43938892,50.00643337],[-117.43963728,50.00651348],[-117.43989516,50.00658434],[-117.4401625,50.00663276],[-117.44043699,50.00666801],[-117.44071554,50.00668474],[-117.44099343,50.00667015],[-117.441257,50.00661068],[-117.44151899,50.00654695],[-117.44179665,50.00652772],[-117.44206629,50.00657187],[-117.44229801,50.00667442],[-117.44250563,50.00679476],[-117.44270328,50.00692009],[-117.4429045,50.00704507],[-117.44309905,50.00717503],[-117.44329219,50.00730463],[-117.44351472,50.0074118],[-117.44376786,50.00748729],[-117.44403005,50.00754924],[-117.44429565,50.00760193],[-117.44456378,50.00765499],[-117.44483279,50.00770341],[-117.44510213,50.0077472],[-117.44537027,50.00780026],[-117.44563563,50.00785331],[-117.44589893,50.00791526],[-117.44616001,50.00797721],[-117.44642101,50.00804344],[-117.44668154,50.00810539],[-117.44694174,50.00817197],[-117.44720139,50.00823856],[-117.44746073,50.00830478],[-117.44772071,50.00836673],[-117.44798203,50.00843332],[-117.44824478,50.00849527],[-117.4485084,50.00855259],[-117.44877345,50.00861028],[-117.44904082,50.0086587],[-117.44931183,50.00870249],[-117.44958546,50.00873739],[-117.44986053,50.00876765],[-117.45013798,50.00878937],[-117.45041568,50.00881073],[-117.45069451,50.00880966],[-117.45097218,50.00879044],[-117.45125235,50.008794],[-117.45151543,50.00885132],[-117.45175092,50.00894496],[-117.45197285,50.00905641],[-117.45219962,50.00915895],[-117.45244683,50.00924334],[-117.45270849,50.00930529],[-117.45297609,50.00935834],[-117.453246,50.00940214],[-117.45351559,50.00945056],[-117.45378264,50.00950361],[-117.45405112,50.00955203],[-117.45432246,50.0095912],[-117.45459992,50.00961292],[-117.45487853,50.00960722],[-117.45515769,50.00960152],[-117.45543583,50.00959156],[-117.45571531,50.00958123],[-117.45599438,50.00958479],[-117.45626913,50.00961968],[-117.4565277,50.00968627],[-117.45678452,50.00975712],[-117.45705245,50.00980554],[-117.45732293,50.00984934],[-117.45759197,50.00989776],[-117.45786529,50.00993728],[-117.45814277,50.00995402],[-117.45841992,50.00997538],[-117.45867683,50.01004196],[-117.45892462,50.01012635],[-117.45917352,50.01021073],[-117.45942559,50.01028621],[-117.45968472,50.01035279],[-117.45995147,50.01040549],[-117.46022107,50.01045391],[-117.4604933,50.01049344],[-117.46076783,50.0105237],[-117.46104618,50.01054079],[-117.461324,50.01053046],[-117.46159703,50.01048916],[-117.46186563,50.01044288],[-117.462137,50.01040157],[-117.46241538,50.01039125],[-117.46269445,50.01039481],[-117.46325269,50.01039267],[-117.463532,50.01039588],[-117.46381011,50.01040834],[-117.46408814,50.01042507],[-117.4643653,50.01044644],[-117.46464158,50.01047243],[-117.46491579,50.01050732],[-117.46518144,50.01056002],[-117.46543463,50.0106355],[-117.46568078,50.01071989],[-117.46592185,50.01081353],[-117.46615904,50.01090717],[-117.46639869,50.01100045],[-117.46664009,50.01108947],[-117.4668944,50.01116495],[-117.46716806,50.01119984],[-117.46744618,50.0112123],[-117.46772495,50.01121551],[-117.46800426,50.01121871],[-117.46828311,50.01121765],[-117.4685618,50.01120768],[-117.46911928,50.01117848],[-117.46939719,50.01116388],[-117.46967557,50.01115356],[-117.46995497,50.01115249],[-117.47023396,50.01116032],[-117.47051121,50.01117741],[-117.47078837,50.01119878],[-117.47106292,50.01122904],[-117.47133452,50.01127283],[-117.47161136,50.01129883],[-117.4718898,50.01130666],[-117.4721692,50.01130559],[-117.47244797,50.0113088],[-117.47300621,50.01130666],[-117.47328255,50.0112828],[-117.4735592,50.0112593],[-117.47383781,50.01125361],[-117.47467545,50.0112504],[-117.47495445,50.01125824],[-117.47522693,50.0112974],[-117.47548102,50.01136826],[-117.4757081,50.01147543],[-117.47590833,50.0116004],[-117.47609185,50.01173463],[-117.47627197,50.01187314],[-117.47645328,50.01200737],[-117.47662976,50.0121505],[-117.47680996,50.01228474],[-117.47700268,50.01241434],[-117.4772049,50.01253967],[-117.47741544,50.01266001],[-117.47763192,50.01277146],[-117.47785568,50.01287863],[-117.47809989,50.01296764],[-117.47836358,50.01302497],[-117.47863782,50.01305986],[-117.47891794,50.01306769],[-117.47917982,50.01300823],[-117.47941694,50.01291281],[-117.47963295,50.01279923],[-117.47987743,50.01271271],[-117.48015321,50.01269384],[-117.48043253,50.01269704],[-117.48071154,50.01270488],[-117.48098927,50.01272624],[-117.48125836,50.01277466],[-117.48151358,50.01284552],[-117.48175866,50.0129299],[-117.48200121,50.01301892],[-117.48224257,50.0131122],[-117.48247926,50.01320584],[-117.48271959,50.01329486],[-117.48296626,50.01338351],[-117.48322094,50.01345437],[-117.4834886,50.01350742],[-117.48376523,50.01352878],[-117.48404418,50.01351846],[-117.4843206,50.01349033],[-117.48459772,50.0134711],[-117.48487619,50.0134565],[-117.48543202,50.01342731],[-117.4857097,50.01340808],[-117.48598738,50.01338885],[-117.48626404,50.01336535],[-117.48653856,50.0133326],[-117.4868126,50.01329557],[-117.48709067,50.01328987],[-117.48736754,50.01331586],[-117.48763378,50.01336856],[-117.48788165,50.01345294],[-117.48812643,50.01354196],[-117.48833542,50.01365803],[-117.48850031,50.01380116],[-117.48863956,50.01395782],[-117.48875267,50.01412375],[-117.48884109,50.01429429],[-117.48892065,50.01446484],[-117.48898826,50.01464002],[-117.48905808,50.0148152],[-117.48915094,50.01498575],[-117.48925908,50.01515167],[-117.48938417,50.01531296],[-117.48955295,50.01545609],[-117.48979,50.01554511],[-117.49005792,50.0155978],[-117.49032023,50.01565976],[-117.49057826,50.01573061],[-117.4908355,50.01579684],[-117.49109638,50.01586342],[-117.49136209,50.01591611],[-117.49163319,50.01595991],[-117.49190746,50.0159948],[-117.49218007,50.01602969],[-117.49245228,50.01607349],[-117.49272426,50.01611265],[-117.49299338,50.01616108],[-117.49325569,50.01622303],[-117.49350922,50.01629816],[-117.49376417,50.01637364],[-117.49403218,50.01642206],[-117.49431058,50.01643417],[-117.49458487,50.01640177],[-117.49484484,50.01633768],[-117.49509532,50.01625543],[-117.49535339,50.0161917],[-117.49562016,50.01613651],[-117.49588931,50.01609022],[-117.49616043,50.01604429],[-117.49643037,50.01600263],[-117.4966996,50.01595207],[-117.49696629,50.01590116],[-117.4972344,50.0158506],[-117.49750656,50.01580894],[-117.49778424,50.01578971],[-117.49806034,50.01581108],[-117.49833002,50.0158595],[-117.49859685,50.0159122],[-117.49885972,50.01597415],[-117.49911919,50.01604038],[-117.49938468,50.01609343],[-117.49965777,50.01613259],[-117.49993593,50.01614505],[-117.50021433,50.01613473],[-117.50048133,50.01608417],[-117.50073425,50.01600655],[-117.50095432,50.0158976],[-117.50115745,50.01577084],[-117.50140095,50.01569322],[-117.50168164,50.01567863],[-117.50196099,50.01568183],[-117.5022397,50.01569429],[-117.50251722,50.01571103],[-117.50279443,50.01573239],[-117.50307219,50.01575375],[-117.50334972,50.01577049],[-117.50362661,50.01579149],[-117.50390294,50.01581749],[-117.50417778,50.01585238],[-117.50445031,50.01589155],[-117.50471153,50.0159535],[-117.5049676,50.016024],[-117.50523911,50.01605889],[-117.50551569,50.01603966],[-117.50578134,50.01598447],[-117.50603971,50.01591611],[-117.50629207,50.01583849],[-117.5065354,50.01575197],[-117.50676891,50.01565192],[-117.50708182,50.01551591],[-117.50732325,50.01542476],[-117.50756412,50.01533361],[-117.50781077,50.01524709],[-117.50806803,50.01517873],[-117.50833257,50.01512354],[-117.50860337,50.01507725],[-117.50888128,50.01506266],[-117.50915532,50.01509292],[-117.50942556,50.01514134],[-117.50969557,50.01518514],[-117.50996383,50.0152332],[-117.51023043,50.01528626],[-117.5104941,50.01534785],[-117.51074147,50.01543224],[-117.51099027,50.01551199],[-117.5112416,50.01559211],[-117.51151857,50.01558641],[-117.51173561,50.01547283],[-117.51192518,50.01534144],[-117.51209994,50.01520152],[-117.51226972,50.0150566],[-117.51244393,50.01491667],[-117.51262859,50.01478102],[-117.51282393,50.01465426],[-117.5130473,50.01454531],[-117.51329338,50.01445879],[-117.51354897,50.01438544],[-117.51380622,50.01431708],[-117.51406505,50.01425299],[-117.5143272,50.0141889],[-117.51458223,50.01411556],[-117.51481873,50.01402013],[-117.51504787,50.01391581],[-117.5152668,50.01380686],[-117.51549483,50.01370254],[-117.51576664,50.01366052],[-117.51603664,50.01370432],[-117.51626106,50.01381149],[-117.51652307,50.01387308],[-117.51680042,50.01385849],[-117.51707358,50.0138211],[-117.51734301,50.01377517],[-117.51760516,50.01371108],[-117.51785527,50.01363346],[-117.51809446,50.01354231],[-117.51832581,50.01343799],[-117.51854528,50.01332904],[-117.51874774,50.01320655],[-117.51898265,50.01310686],[-117.51924281,50.01304241],[-117.51951145,50.01299186],[-117.51978302,50.0129502],[-117.5200564,50.01291744],[-117.5203328,50.01288931],[-117.52061126,50.01287471],[-117.52089058,50.01287792],[-117.52116881,50.01288112],[-117.52144814,50.01288433],[-117.52228573,50.01288041],[-117.52256474,50.01288824],[-117.5228424,50.01286902],[-117.52311745,50.01283626],[-117.52339036,50.01279923],[-117.52366192,50.01275757],[-117.52393269,50.01271129],[-117.5242018,50.012665],[-117.52446987,50.01261444],[-117.52473708,50.01256352],[-117.5250038,50.01250834],[-117.52526966,50.01245778],[-117.5255348,50.01239832],[-117.52579876,50.01234313],[-117.52606168,50.01227868],[-117.52632295,50.01221922],[-117.52658151,50.0121505],[-117.52683684,50.01207751],[-117.5270897,50.01199989],[-117.5273409,50.01192227],[-117.52759076,50.01184003],[-117.52783872,50.01175813],[-117.5280858,50.01167589],[-117.52832964,50.01158936],[-117.52857189,50.01149857],[-117.52881572,50.01141205],[-117.52906391,50.0113298],[-117.52933253,50.01127924],[-117.52961145,50.01126892],[-117.52988603,50.01129918],[-117.53011402,50.011406],[-117.53037673,50.01143163],[-117.53046983,50.01126037],[-117.53053143,50.01108484],[-117.53062889,50.01091785],[-117.53072864,50.01074659],[-117.5308333,50.0105796],[-117.53095095,50.01041724],[-117.53109534,50.01026378],[-117.53129286,50.01013703],[-117.5315104,50.01002345],[-117.53174275,50.0099234],[-117.53197921,50.00982797],[-117.53220332,50.00972365],[-117.53241239,50.00960117],[-117.53261703,50.00947869],[-117.53283211,50.00936546],[-117.53306335,50.00926541],[-117.53331778,50.00919206],[-117.53359201,50.00915966],[-117.53386989,50.00914008],[-117.53414167,50.00910305],[-117.53440702,50.00904323],[-117.53467397,50.00899267],[-117.53494844,50.00895992],[-117.53522528,50.00893606],[-117.53550292,50.00891684],[-117.53605891,50.00888728],[-117.53661418,50.00884883],[-117.53689229,50.00883388],[-117.53716993,50.00881465],[-117.53744781,50.00880005],[-117.53772568,50.00878047],[-117.53800355,50.00876587],[-117.53828119,50.00874664],[-117.5385593,50.00873169],[-117.53883821,50.00872136],[-117.53911759,50.0087203],[-117.53939618,50.0087146],[-117.53967501,50.00870855],[-117.53995391,50.00869822],[-117.54023266,50.00870142],[-117.54051016,50.00871816],[-117.54078639,50.00874842],[-117.54105408,50.00879649],[-117.54131553,50.00886307],[-117.54159215,50.00887945],[-117.54187098,50.00887838],[-117.54214917,50.00885916],[-117.54242601,50.0088353],[-117.54269992,50.00880254],[-117.54297438,50.00876979],[-117.54324884,50.00873703],[-117.54352489,50.00870855],[-117.54380221,50.00869395],[-117.54408111,50.00868362],[-117.54436025,50.00867793],[-117.54491839,50.00867508],[-117.54519738,50.00868291],[-117.54546674,50.00873098],[-117.54574297,50.00876124],[-117.54601339,50.00871958],[-117.54621277,50.00859247],[-117.54640146,50.00846144],[-117.5466253,50.00835249],[-117.54687179,50.00827025],[-117.54713388,50.00820616],[-117.54740239,50.00815987],[-117.5476747,50.00811785],[-117.5479513,50.00809436],[-117.54822966,50.00810646],[-117.54850162,50.00814563],[-117.54877153,50.00819369],[-117.54905361,50.0081969],[-117.54921909,50.00805661],[-117.54934444,50.00789425],[-117.54946092,50.00773189],[-117.5495683,50.00756491],[-117.54969364,50.00740255],[-117.54983047,50.00724873],[-117.54998313,50.00709527],[-117.55016983,50.00696389],[-117.55040158,50.00686384],[-117.55064291,50.00677269],[-117.55088559,50.00668617],[-117.5511346,50.00660428],[-117.55139256,50.00653556],[-117.55165377,50.00647111],[-117.5519172,50.00641165],[-117.55218031,50.00635184],[-117.55243771,50.00628312],[-117.55269163,50.0062055],[-117.55294603,50.00613215],[-117.55320264,50.00606379],[-117.55346004,50.00599507],[-117.55371745,50.00592635],[-117.55397651,50.00585763],[-117.55423558,50.00578892],[-117.55449488,50.00572483],[-117.5547545,50.00565611],[-117.55501404,50.00559166],[-117.5552731,50.00552295],[-117.55553185,50.00545886],[-117.55579146,50.00539014],[-117.5560529,50.00533032],[-117.55631743,50.00527086],[-117.55658409,50.00521567],[-117.55685417,50.00517366],[-117.55712726,50.00513627],[-117.55740359,50.00510814],[-117.55768233,50.00511135],[-117.55796122,50.00512345],[-117.55851318,50.00517473],[-117.55906924,50.00520819],[-117.55934459,50.0052381],[-117.55961425,50.00528653],[-117.55987088,50.00535702],[-117.56011437,50.00544141],[-117.5603578,50.00553007],[-117.56060936,50.00560982],[-117.56086631,50.00568068],[-117.56112467,50.0057469],[-117.56137933,50.00582203],[-117.5616256,50.00590641],[-117.56187575,50.00598581],[-117.56212962,50.0060613],[-117.56238403,50.00613179],[-117.56263901,50.00620728],[-117.56289454,50.00627778],[-117.5631492,50.0063529],[-117.56340449,50.00642376],[-117.56365915,50.00649888],[-117.56391303,50.00657437],[-117.56416318,50.00665377],[-117.56441058,50.00673815],[-117.56466106,50.00681791],[-117.56491888,50.00688413],[-117.56518453,50.0069411],[-117.56545256,50.00698952],[-117.56571426,50.00705575],[-117.56596727,50.00713088],[-117.56621443,50.00721063],[-117.56645369,50.00730392],[-117.56667895,50.00741073],[-117.56687654,50.00753998],[-117.56705585,50.00767421],[-117.56723453,50.00781272],[-117.56740792,50.00795585],[-117.5675802,50.00809898],[-117.56775279,50.00823749],[-117.56793093,50.00837599],[-117.56811295,50.0085145],[-117.56831647,50.00863484],[-117.568551,50.00873276],[-117.56879755,50.00881679],[-117.5690486,50.00889654],[-117.56930392,50.0089674],[-117.56955751,50.00904252],[-117.56980375,50.00913118],[-117.57002626,50.009238],[-117.57022229,50.00936297],[-117.57041516,50.00949685],[-117.57063293,50.00960829],[-117.57074271,50.00963205],[-117.57073747,50.00964331],[-117.5707177,50.00968588],[-117.5706585,50.0097678],[-117.57063074,50.00980623],[-117.57056792,50.00988165],[-117.57049618,50.00996778],[-117.57043937,50.01004902],[-117.57036504,50.0101553],[-117.57032559,50.0102285],[-117.57026945,50.01033266],[-117.57023533,50.01044163],[-117.57021116,50.01051883],[-117.57016706,50.01072291],[-117.5701557,50.01094182],[-117.5701816,50.01111822],[-117.57021641,50.01135526],[-117.57022675,50.01142283],[-117.57024667,50.01155298],[-117.57027926,50.01194856],[-117.57026819,50.01219145],[-117.5702745,50.01272578],[-117.5702768,50.01291993],[-117.57030515,50.01301905],[-117.57032048,50.01307262],[-117.5703502,50.01322537],[-117.57035437,50.01324076],[-117.5703794,50.01333316],[-117.57046803,50.01374645],[-117.57048657,50.0141331],[-117.57048889,50.01432978],[-117.57049168,50.0145648],[-117.57058032,50.01497809],[-117.570625,50.01514748],[-117.57066799,50.01531044],[-117.57069676,50.01549313],[-117.57071328,50.01559803],[-117.57076005,50.01601153],[-117.57079884,50.01617179],[-117.57083832,50.01633494],[-117.57089059,50.01653695],[-117.57092122,50.01665531],[-117.57089382,50.01696125],[-117.57083079,50.01727036],[-117.57071795,50.01749417],[-117.57068077,50.0175679],[-117.57057237,50.01784325],[-117.57052049,50.01801811],[-117.57050526,50.01806944],[-117.570503,50.01811503],[-117.57049399,50.01829734],[-117.57052638,50.01867494],[-117.57061418,50.01901628],[-117.57078563,50.01934822],[-117.57086689,50.01954118],[-117.57092926,50.01968928],[-117.57109699,50.02002922],[-117.5711152,50.02006612],[-117.57118894,50.02039854],[-117.57123369,50.02052827],[-117.57131904,50.02077566],[-117.57144937,50.02117075],[-117.57166291,50.02152047],[-117.57196053,50.02189675],[-117.57223872,50.02220418],[-117.57242822,50.02249098],[-117.57242826,50.02249106],[-117.57252916,50.02275738],[-117.57258785,50.02299978],[-117.57258788,50.02299994],[-117.57262689,50.02308869],[-117.5727457,50.02335892],[-117.57289072,50.02369879],[-117.57291805,50.0237628],[-117.5730763,50.02415776],[-117.57315049,50.02452616],[-117.57318237,50.02485877],[-117.57319954,50.02512852],[-117.57320553,50.02524433],[-117.57321767,50.02547919],[-117.57323388,50.02566799],[-117.57324613,50.02583908],[-117.57325062,50.02590176],[-117.5732971,50.02628828],[-117.5733292,50.02663888],[-117.57333108,50.02666842],[-117.57334638,50.02690862],[-117.5735685,50.0272404],[-117.57361645,50.02731202],[-117.5738514,50.02733858],[-117.57406536,50.02736276],[-117.57419538,50.02738339],[-117.57451143,50.02743351],[-117.57463836,50.02754082],[-117.57475342,50.02763324],[-117.5748498,50.02771065],[-117.57506997,50.0278932],[-117.57515534,50.02796397],[-117.57543279,50.02820543],[-117.57568219,50.02843505],[-117.57582556,50.02854545],[-117.57607675,50.02873889],[-117.5761813,50.02883968],[-117.57640163,50.02905207],[-117.57671894,50.0293721],[-117.57678321,50.02943692],[-117.57712198,50.02974403],[-117.57739088,50.02991558],[-117.57771825,50.03004786],[-117.57780825,50.03006956],[-117.57810409,50.03014088],[-117.57843971,50.03018418],[-117.57887543,50.03042485],[-117.57937218,50.03070717],[-117.5793723,50.03070724],[-117.5794084,50.03072966],[-117.57980357,50.03097485],[-117.57992542,50.03106347],[-117.58008059,50.03117633],[-117.5802282,50.03129409],[-117.58026857,50.03132629],[-117.5803675,50.03142473],[-117.58039647,50.03145408],[-117.58043817,50.03149633],[-117.58074837,50.03174662],[-117.58080283,50.03186588],[-117.58086311,50.03199787],[-117.58097722,50.03219472],[-117.58102946,50.03228485],[-117.58116658,50.0324484],[-117.58127975,50.0325834],[-117.58161385,50.03289343],[-117.58161395,50.03289352],[-117.58214555,50.03310472],[-117.58270127,50.03325782],[-117.58328112,50.03335285],[-117.58393778,50.03338552],[-117.58435815,50.03350632],[-117.58479298,50.03366902],[-117.58525633,50.03388252],[-117.58525636,50.03388254],[-117.58559394,50.03410255],[-117.58559416,50.0341027],[-117.5857481,50.03421721],[-117.58594644,50.03436474],[-117.58629803,50.03456984],[-117.58632964,50.03461635],[-117.58634067,50.03463257],[-117.5863406,50.03463266],[-117.58632509,50.03465304],[-117.5862857,50.0347048],[-117.58615514,50.03488502],[-117.58614835,50.03489441],[-117.58601104,50.03508395],[-117.58576367,50.03533094],[-117.58572132,50.03537322],[-117.58544502,50.03561745],[-117.5852652,50.03583263],[-117.58521103,50.03589745],[-117.58510641,50.03608968],[-117.58510631,50.03608985],[-117.58504804,50.03627302],[-117.58503618,50.03644697],[-117.58504551,50.03659689],[-117.58505353,50.0367257],[-117.58510395,50.03689454],[-117.58515543,50.03706696],[-117.58517947,50.0372269],[-117.58521621,50.03747139],[-117.58528163,50.03767869],[-117.58533239,50.03783956],[-117.58537136,50.03808292],[-117.58539284,50.038217],[-117.58539944,50.03835371],[-117.5854115,50.03860365],[-117.58543468,50.03886166],[-117.58544381,50.03896325],[-117.58547677,50.03937681],[-117.58541188,50.03978187],[-117.58527201,50.04014834],[-117.58506204,50.04049018],[-117.58491162,50.04069025],[-117.58481467,50.04081921],[-117.58466497,50.04096208],[-117.58449254,50.04112663],[-117.58441942,50.04118317],[-117.58418816,50.041362],[-117.58396668,50.04152501],[-117.58386576,50.0416264],[-117.58375972,50.04173292],[-117.5836216,50.04185953],[-117.58353869,50.0419319],[-117.58331819,50.04217584],[-117.58317605,50.04232382],[-117.58307607,50.0424279],[-117.58289773,50.04269362],[-117.58286288,50.04281439],[-117.58281284,50.04298785],[-117.58281625,50.04313944],[-117.58281956,50.04328662],[-117.58285912,50.04345279],[-117.58288823,50.04357509],[-117.58301419,50.04382515],[-117.58536541,50.04418803],[-117.58545146,50.04418578],[-117.5858495,50.04424873],[-117.5860094,50.04428741],[-117.58709521,50.04445496],[-117.59005979,50.04386229],[-117.5904055,50.04397792],[-117.59053228,50.04394717],[-117.59090515,50.04390449],[-117.59105296,50.04388756],[-117.59155127,50.04390201],[-117.59189047,50.04394611],[-117.59198025,50.04395778],[-117.59237793,50.04411765],[-117.59271643,50.04438575],[-117.59275684,50.04441205],[-117.59289007,50.04449878],[-117.59297428,50.04455421],[-117.5930121,50.04457911],[-117.59303303,50.04459326],[-117.59308252,50.04462672],[-117.59318843,50.0446969],[-117.59339232,50.044832],[-117.59347644,50.04485854],[-117.59365502,50.04490539],[-117.59381272,50.04494676],[-117.59451268,50.0450781],[-117.59505989,50.04528215],[-117.59521365,50.04533514],[-117.59536848,50.0453885],[-117.59580334,50.04554217],[-117.59636451,50.04574315],[-117.59671532,50.04587625],[-117.59702029,50.04598548],[-117.5971362,50.04602699],[-117.59713631,50.0460271],[-117.59746144,50.04634911],[-117.59773757,50.04663469],[-117.59781044,50.04671006],[-117.59789562,50.04681511],[-117.59811304,50.04708326],[-117.59831349,50.04747796],[-117.59833725,50.04759626],[-117.59837305,50.04777447],[-117.59837394,50.04784641],[-117.59846072,50.04808581],[-117.59854465,50.04821234],[-117.5986173,50.04832184],[-117.59896949,50.04856287],[-117.59902686,50.04860729],[-117.59909642,50.04866114],[-117.59933579,50.04883066],[-117.59933598,50.0488308],[-117.59949108,50.04894691],[-117.59949132,50.04894709],[-117.59974017,50.0491345],[-117.59999904,50.04935802],[-117.6000273,50.04938485],[-117.60035282,50.04972495],[-117.60069262,50.05009194],[-117.6008375,50.05024311],[-117.60097568,50.05038728],[-117.60127281,50.05069154],[-117.60130449,50.0507159],[-117.60147027,50.05084342],[-117.6016958,50.05100714],[-117.60196328,50.05117364],[-117.60201938,50.05119134],[-117.6021537,50.05124171],[-117.60229538,50.05129484],[-117.60255251,50.05137745],[-117.602777,50.05145723],[-117.6029012,50.05150002],[-117.60293132,50.05151039],[-117.60322565,50.05158981],[-117.60335919,50.0516234],[-117.60343585,50.05164269],[-117.60351228,50.05166564],[-117.60373029,50.05173109],[-117.60389847,50.05177519],[-117.60408083,50.0518372],[-117.6043897,50.0519615],[-117.60467041,50.05206797],[-117.60468957,50.05207489],[-117.60476864,50.05210344],[-117.60485387,50.0521273],[-117.60502097,50.05217407],[-117.6055674,50.05230614],[-117.60569135,50.05233988],[-117.60608603,50.05244733],[-117.60622227,50.05250892],[-117.60657773,50.05266961],[-117.60687964,50.05278981],[-117.6069568,50.05282053],[-117.60708263,50.05288428],[-117.60744885,50.05306979],[-117.6077183,50.05321739],[-117.6079693,50.05335488],[-117.60843299,50.0535683],[-117.60860996,50.05366116],[-117.60892517,50.05382655],[-117.60945442,50.05406961],[-117.60986189,50.05425635],[-117.6100262,50.05433135],[-117.61014758,50.05438676],[-117.61055438,50.05451953],[-117.61077468,50.05460775],[-117.6109756,50.0546882],[-117.61122659,50.0547303],[-117.61133959,50.05474925],[-117.61186726,50.05486639],[-117.61186749,50.05486646],[-117.61236284,50.05502266],[-117.61269111,50.05513425],[-117.61291,50.05520865],[-117.61310831,50.0552254],[-117.61351135,50.05525944],[-117.61381205,50.05527236],[-117.61407044,50.05528347],[-117.61408709,50.05573708],[-117.61405634,50.0562469],[-117.61389606,50.05675811],[-117.61388185,50.05680339],[-117.61388184,50.05680346],[-117.61377307,50.05740264],[-117.613725,50.05756043],[-117.61359131,50.05799921],[-117.6135407,50.05834159],[-117.61350557,50.05857928],[-117.61346968,50.05877537],[-117.61340688,50.05911844],[-117.61367384,50.05953413],[-117.61370622,50.05958455],[-117.61395738,50.06004691],[-117.61416037,50.06050554],[-117.61423658,50.06075243],[-117.61431097,50.06099341],[-117.61433494,50.06177577],[-117.61502582,50.06226679],[-117.61512662,50.06236294],[-117.61558216,50.06279748],[-117.61600396,50.06336787],[-117.61580234,50.06374669],[-117.61559314,50.06414054],[-117.61537637,50.06454941],[-117.61490561,50.06488568],[-117.61490547,50.06488577],[-117.61435065,50.06519342],[-117.61479454,50.0652684],[-117.6151768,50.06533296],[-117.61582135,50.06547344],[-117.61673247,50.06570145],[-117.61673261,50.06570149],[-117.61757472,50.06600377],[-117.61757483,50.06600378],[-117.6175806,50.06600392],[-117.61846925,50.06602599],[-117.61880262,50.06616971],[-117.61908748,50.06629252],[-117.61955676,50.06656583],[-117.61955698,50.06656598],[-117.61997501,50.06685441],[-117.62047663,50.06707735],[-117.62096813,50.06729579],[-117.62196837,50.06792602],[-117.62244183,50.0683271],[-117.62277839,50.06861222],[-117.62347258,50.06934501],[-117.62376436,50.06995508],[-117.62380294,50.07003577],[-117.62431182,50.07060366],[-117.62493367,50.07102203],[-117.62526456,50.07110963],[-117.62574651,50.07123722],[-117.62592148,50.07128354],[-117.62648402,50.07142496],[-117.62694494,50.07154083],[-117.6275737,50.07163728],[-117.62806513,50.07171266],[-117.62885135,50.07183676],[-117.6292772,50.07190397],[-117.62930479,50.07203122],[-117.62936809,50.0723232],[-117.62942148,50.07249426],[-117.6295026,50.07275418],[-117.62956586,50.07295058],[-117.6296337,50.0731612],[-117.62985042,50.07370267],[-117.63014566,50.07419274],[-117.63063006,50.07466079],[-117.63106945,50.07513109],[-117.63128893,50.07539405],[-117.63146401,50.07560366],[-117.63186228,50.0761441],[-117.63136238,50.07639872],[-117.63087598,50.07659917],[-117.63048619,50.07671521],[-117.63029582,50.07676322],[-117.63024048,50.07677542],[-117.63016575,50.07679191],[-117.62969143,50.07685743],[-117.62941668,50.07690838],[-117.62909192,50.07696861],[-117.62858617,50.07712425],[-117.62850376,50.07716013],[-117.62811212,50.07733068],[-117.62764616,50.07756105],[-117.62716032,50.07781551],[-117.62696021,50.07790293],[-117.62649327,50.07810692],[-117.62601027,50.07835826],[-117.62595186,50.07838866],[-117.6255361,50.07866072],[-117.6251664,50.07889055],[-117.62484342,50.07913214],[-117.62431271,50.07916198],[-117.62400668,50.07917427],[-117.62379583,50.07918274],[-117.62359668,50.07916892],[-117.62319431,50.079141],[-117.62296776,50.07913898],[-117.62296765,50.07913899],[-117.62256529,50.07913538],[-117.6220065,50.07915636],[-117.62137853,50.07923168],[-117.62095096,50.07936734],[-117.62084031,50.07940245],[-117.62061512,50.07948916],[-117.62033501,50.07959703],[-117.61984795,50.07976152],[-117.61927748,50.07996243],[-117.61908121,50.08003348],[-117.61887405,50.08010848],[-117.6187625,50.08020374],[-117.61855608,50.08038],[-117.61828409,50.08058645],[-117.61821002,50.08064267],[-117.61783076,50.08085755],[-117.61748209,50.08103121],[-117.61740486,50.08106968],[-117.61740467,50.08106977],[-117.61691846,50.08128812],[-117.61648785,50.08149727],[-117.61614848,50.08164547],[-117.61598748,50.08171577],[-117.61541732,50.08194365],[-117.61488794,50.08208136],[-117.61464853,50.08212123],[-117.61444161,50.08215568],[-117.61433017,50.08216824],[-117.61402289,50.08220287],[-117.61365997,50.08224076],[-117.61364897,50.08247584],[-117.61364879,50.08247596],[-117.6136212,50.08266254],[-117.61361038,50.0827357],[-117.61358577,50.08280133],[-117.61348872,50.08306013],[-117.61338,50.08330354],[-117.61323142,50.08370905],[-117.61312259,50.08394347],[-117.61307056,50.08419241],[-117.61304355,50.08432164],[-117.61309363,50.08459519],[-117.613176,50.08484259],[-117.61333341,50.08505928],[-117.61337994,50.08512333],[-117.61349392,50.08534147],[-117.61354709,50.08544323],[-117.61356409,50.08550876],[-117.61362551,50.08574561],[-117.61375059,50.08605374],[-117.6139086,50.08638569],[-117.61395735,50.08651345],[-117.61403875,50.08672677],[-117.61407375,50.08689164],[-117.61411313,50.08707714],[-117.61417454,50.08721436],[-117.6142858,50.08746298],[-117.61436519,50.08761212],[-117.614472,50.08781276],[-117.61456001,50.08813607],[-117.61473744,50.08852787],[-117.6149472,50.08889851],[-117.6150916,50.08925751],[-117.61512208,50.08945521],[-117.61514252,50.08959602],[-117.61514255,50.08959616],[-117.61518191,50.0897607],[-117.61467671,50.08985231],[-117.61409307,50.08988338],[-117.6138835,50.08989348],[-117.6135345,50.08993131],[-117.61308806,50.09000262],[-117.61284188,50.09006587],[-117.6125867,50.09015216],[-117.61241976,50.090216],[-117.61182073,50.09038106],[-117.61130522,50.09051868],[-117.61084701,50.09076393],[-117.61041709,50.09103601],[-117.61022275,50.09114496],[-117.60998705,50.0912991],[-117.60993933,50.09132511],[-117.60982044,50.09138991],[-117.60939047,50.09165899],[-117.60903551,50.09196365],[-117.60875555,50.0923039],[-117.60856451,50.09267365],[-117.60842938,50.09304311],[-117.60827063,50.09338571],[-117.60823529,50.09359645],[-117.60822585,50.09365277],[-117.60831631,50.09392712],[-117.60841169,50.09404614],[-117.60854202,50.09420875],[-117.60902829,50.09470386],[-117.60927027,50.09497062],[-117.60966156,50.09540197],[-117.60966165,50.09540207],[-117.60936604,50.09542559],[-117.60893535,50.09545984],[-117.60846918,50.09581605],[-117.60826807,50.09600698],[-117.6082374,50.09604102],[-117.60813326,50.09615659],[-117.60813463,50.09626451],[-117.60813453,50.0962646],[-117.60806798,50.09632266],[-117.60784422,50.09651786],[-117.6079449,50.09673919],[-117.60799041,50.09686409],[-117.6080125,50.09692471],[-117.60806057,50.09704335],[-117.60806059,50.09704338],[-117.60811782,50.097146],[-117.60818834,50.09721603],[-117.60821694,50.09724442],[-117.60831594,50.09733384],[-117.60834403,50.09738431],[-117.60838748,50.09746239],[-117.60844554,50.09762997],[-117.60848208,50.09779176],[-117.6084949,50.09784856],[-117.60849594,50.09793032],[-117.60849837,50.09812236],[-117.60845339,50.09837343],[-117.60834418,50.09858186],[-117.60819444,50.09877342],[-117.60819436,50.09877352],[-117.60740764,50.09884959],[-117.60740744,50.09884961],[-117.6073195,50.09885809],[-117.60653094,50.09893412],[-117.60566252,50.09905957],[-117.60480177,50.09917798],[-117.60432096,50.09948928],[-117.60397077,50.09968623],[-117.60371959,50.09984693],[-117.60337794,50.10010654],[-117.60284686,50.10050127],[-117.6026094,50.10052049],[-117.6023858,50.10053065],[-117.60224595,50.10052838],[-117.60207343,50.10052327],[-117.60189141,50.10050323],[-117.60167489,50.10045839],[-117.60143324,50.10039168],[-117.60140516,50.10038283],[-117.60120886,50.10033888],[-117.60104052,50.10029478],[-117.60083022,50.1002509],[-117.60063403,50.10021594],[-117.60038191,50.10018127],[-117.60010194,50.10015573],[-117.59987014,50.09950936],[-117.59917724,50.10000761],[-117.59872032,50.10036973],[-117.59877855,50.10088324],[-117.5987785,50.10088325],[-117.59879364,50.10101691],[-117.59875365,50.10154777],[-117.59849913,50.10219365],[-117.59845126,50.10227186],[-117.59808495,50.10287033],[-117.59742703,50.10356326],[-117.59678321,50.10414218],[-117.5961535,50.10460711],[-117.59564126,50.10514937],[-117.59513774,50.10576954],[-117.59437565,50.10646398],[-117.59350942,50.10715696],[-117.59310918,50.10743682],[-117.59252037,50.10784854],[-117.592851,50.10857537],[-117.59285081,50.10857543],[-117.59196096,50.10885472],[-117.5916669,50.10898309],[-117.59113872,50.10921366],[-117.59113869,50.10921368],[-117.59124838,50.1093062],[-117.59135067,50.10939248],[-117.59132359,50.10946456],[-117.59132359,50.10946459],[-117.59129728,50.10959961],[-117.59156913,50.10971815],[-117.59191674,50.10993223],[-117.59218505,50.11012845],[-117.59234013,50.11024186],[-117.59281849,50.11047326],[-117.59323529,50.11062703],[-117.5933274,50.11064556],[-117.59371978,50.11072448],[-117.59402119,50.11076754],[-117.59417901,50.11079009],[-117.59451749,50.11076737],[-117.59458131,50.11076014],[-117.59487751,50.11072656],[-117.59535398,50.11067815],[-117.59587609,50.11067747],[-117.59613949,50.11069929],[-117.59644388,50.11072452],[-117.59703415,50.11095532],[-117.59728744,50.11107994],[-117.59776539,50.11127534],[-117.59794851,50.11137933],[-117.59808963,50.11148053],[-117.59817401,50.11155813],[-117.59824525,50.11162364],[-117.59851478,50.11192804],[-117.59865777,50.11217914],[-117.59905279,50.11245191],[-117.59916753,50.1125158],[-117.59940489,50.11264796],[-117.59963932,50.11273844],[-117.59971408,50.11276729],[-117.59971433,50.11276733],[-117.59999446,50.1128198],[-117.60030281,50.11287218],[-117.60052598,50.11290683],[-117.60069518,50.1129331],[-117.601311,50.11296589],[-117.6017477,50.11321546],[-117.60201165,50.11336576],[-117.60202944,50.11337589],[-117.60206876,50.11339258],[-117.60234348,50.11350917],[-117.60260419,50.11360631],[-117.6027588,50.11366391],[-117.60292198,50.11370464],[-117.60325298,50.11378726],[-117.60382604,50.11387922],[-117.60393898,50.11388979],[-117.60425079,50.11391898],[-117.60454721,50.11398143],[-117.60472293,50.11401845],[-117.60516541,50.11409833],[-117.60525564,50.11411461],[-117.60543461,50.11425758],[-117.60566475,50.11439129],[-117.60584527,50.11452479],[-117.60599888,50.11463838],[-117.60609822,50.11475018],[-117.6061518,50.11481047],[-117.60625942,50.1149638],[-117.60630591,50.11496758],[-117.6065021,50.11498352],[-117.60658602,50.1149851],[-117.60721898,50.11499704],[-117.60729023,50.11499839],[-117.6078409,50.11503947],[-117.60840591,50.11510847],[-117.60866756,50.11515599],[-117.60888724,50.11519589],[-117.60899828,50.11521],[-117.60934022,50.11525347],[-117.60974073,50.11543961],[-117.60981861,50.1154758],[-117.61019201,50.11550882],[-117.61035174,50.11554638],[-117.61054118,50.11559093],[-117.6108661,50.11572213],[-117.61127969,50.11598078],[-117.61136078,50.11603635],[-117.61144902,50.11609681],[-117.61164956,50.11621212],[-117.61175901,50.11627505],[-117.61175915,50.11627509],[-117.61181624,50.11628943],[-117.6119539,50.116324],[-117.61219093,50.11638771],[-117.61241576,50.11646746],[-117.61253181,50.1165498],[-117.61270672,50.1166014],[-117.6129811,50.11668233],[-117.61344089,50.11686277],[-117.61350124,50.11688645],[-117.61350137,50.11688647],[-117.61356066,50.11689403],[-117.61390754,50.11693827],[-117.61410382,50.1169732],[-117.61450481,50.117096],[-117.61478866,50.11720199],[-117.61499828,50.11728026],[-117.61533543,50.1175153],[-117.61553975,50.11768799],[-117.61561041,50.1177477],[-117.61561048,50.11774767],[-117.61567171,50.11771896],[-117.61619847,50.11747197],[-117.61644465,50.11735653],[-117.61656157,50.11730941],[-117.61680645,50.1172107],[-117.61704704,50.11712052],[-117.61722561,50.11705358],[-117.61755342,50.11692293],[-117.61755364,50.11692283],[-117.61778964,50.11681885],[-117.61778987,50.11681874],[-117.61801254,50.11682101],[-117.61804787,50.11682136],[-117.61807103,50.11682585],[-117.61829875,50.11687],[-117.61854497,50.1169388],[-117.61867776,50.11697591],[-117.61893985,50.11705473],[-117.61920669,50.11713498],[-117.61965845,50.11721651],[-117.62010834,50.11727407],[-117.62048309,50.11728905],[-117.62084898,50.11709823],[-117.62120597,50.11670158],[-117.62120606,50.11670172],[-117.62129452,50.1168434],[-117.62162019,50.11736492],[-117.6217522,50.11749422],[-117.62194289,50.11768098],[-117.62215837,50.11784574],[-117.62224266,50.11791019],[-117.62224271,50.11791022],[-117.62264495,50.118008],[-117.62307137,50.11817059],[-117.62352194,50.11839802],[-117.62373431,50.11852895],[-117.62408597,50.11874576],[-117.62434559,50.11883373],[-117.6245824,50.11891397],[-117.62489484,50.11900208],[-117.62508315,50.11905518],[-117.62517963,50.11906148],[-117.62554983,50.11908565],[-117.62592172,50.1191518],[-117.62597511,50.1191613],[-117.62602698,50.1191749],[-117.62640088,50.11927293],[-117.62685012,50.11939642],[-117.62753851,50.11956496],[-117.62792443,50.11965944],[-117.62901661,50.11998131],[-117.62986984,50.12044936],[-117.63000156,50.12054837],[-117.63036746,50.12082341],[-117.63042697,50.12094077],[-117.63050947,50.12110345],[-117.63113886,50.12121396],[-117.63176616,50.12135692],[-117.63188406,50.12138378],[-117.63332479,50.12102117],[-117.63424186,50.12083672],[-117.63472924,50.12073869],[-117.63506385,50.12063739],[-117.63569061,50.12044762],[-117.63653893,50.12007222],[-117.63792428,50.12010959],[-117.63888989,50.12014026],[-117.63990539,50.12017184],[-117.64110099,50.12020902],[-117.64195693,50.12063999],[-117.64257905,50.12080162],[-117.6430191,50.12091593],[-117.64301925,50.12091595],[-117.64428748,50.12103682],[-117.64466614,50.12118117],[-117.64489209,50.12126731],[-117.64480712,50.12153759],[-117.64466251,50.12188017],[-117.64467883,50.12191407],[-117.64470569,50.12196987],[-117.64452675,50.12218671],[-117.64427817,50.12242793],[-117.64416555,50.12250845],[-117.64399643,50.12262936],[-117.64367781,50.12286297],[-117.64337526,50.12313547],[-117.64333161,50.12319776],[-117.64313275,50.12348158],[-117.64308356,50.12361104],[-117.64299612,50.1238411],[-117.64299132,50.12398952],[-117.64298623,50.12414694],[-117.64297609,50.12443481],[-117.64292944,50.1246585],[-117.64288845,50.12485501],[-117.64286487,50.12493201],[-117.64281135,50.12510674],[-117.64276335,50.12526343],[-117.64269678,50.12551563],[-117.64265804,50.12581846],[-117.64264612,50.12591164],[-117.64264757,50.12601956],[-117.64266204,50.12619813],[-117.64266433,50.12622634],[-117.64266437,50.12622646],[-117.64268224,50.12628719],[-117.64271792,50.12639987],[-117.64271794,50.12639992],[-117.64279457,50.1265494],[-117.6429663,50.12683625],[-117.64309666,50.1271683],[-117.64331399,50.12733501],[-117.64375633,50.1276743],[-117.64421141,50.12822341],[-117.64437556,50.12861154],[-117.64446187,50.12881562],[-117.64489135,50.12873229],[-117.64515946,50.12878576],[-117.64518476,50.12892593],[-117.64519641,50.12899043],[-117.64494526,50.12938855],[-117.64494542,50.12938853],[-117.64677361,50.12905461],[-117.64683182,50.12930734],[-117.64693706,50.12976421],[-117.64713589,50.12980682],[-117.64821864,50.13003888],[-117.64880611,50.13024619],[-117.64920274,50.13038615],[-117.65009461,50.13081086],[-117.65100171,50.13132444],[-117.65153587,50.13182079],[-117.65181416,50.13207937],[-117.65206301,50.13231639],[-117.65221757,50.13246361],[-117.65251821,50.13274996],[-117.65289831,50.13307559],[-117.6531081,50.1332553],[-117.6538031,50.13360215],[-117.65495067,50.13363165],[-117.65495088,50.13363166],[-117.65609879,50.13367015],[-117.6575985,50.13419531],[-117.6586961,50.13464479],[-117.65939153,50.13501858],[-117.6597339,50.13505326],[-117.66017622,50.13509806],[-117.66044075,50.13509265],[-117.66071713,50.135087],[-117.66112753,50.13508266],[-117.66140742,50.13508507],[-117.66165968,50.13511361],[-117.66172801,50.13512199],[-117.66186993,50.13513939],[-117.66208005,50.13515618],[-117.66228559,50.135179],[-117.66247232,50.13518993],[-117.66267766,50.13519774],[-117.66282316,50.13521267],[-117.66292677,50.1352233],[-117.6632197,50.1352696],[-117.66355192,50.13535408],[-117.66369236,50.13538979],[-117.66369247,50.13538982],[-117.66381024,50.13524924],[-117.66381029,50.13524919],[-117.664019,50.13505518],[-117.66416857,50.13494862],[-117.66459171,50.13464717],[-117.66515769,50.13426161],[-117.66560362,50.13395783],[-117.66622048,50.13359554],[-117.66654215,50.13324893],[-117.66656866,50.13291799],[-117.66706945,50.13304303],[-117.6674116,50.13316398],[-117.66759513,50.13328085],[-117.66769469,50.1333972],[-117.66783674,50.13354927],[-117.66783683,50.1335494],[-117.66793642,50.13367462],[-117.6680478,50.13375234],[-117.66811539,50.1337995],[-117.66828921,50.13388844],[-117.66845329,50.13394746],[-117.66854968,50.13397622],[-117.66864062,50.13400334],[-117.66883701,50.13403819],[-117.66900528,50.1340642],[-117.66909702,50.13406058],[-117.66927254,50.13405366],[-117.66955619,50.13399208],[-117.6698561,50.13387946],[-117.66985624,50.13387941],[-117.6700033,50.13389765],[-117.67027986,50.13393194],[-117.67052404,50.13394143],[-117.67079475,50.13395195],[-117.67122087,50.13391437],[-117.67161929,50.13387923],[-117.6721889,50.13376165],[-117.67239132,50.13371987],[-117.67311081,50.13347386],[-117.67315997,50.13349406],[-117.67343449,50.13360689],[-117.67364575,50.1337046],[-117.67378021,50.13387025],[-117.67391945,50.13404178],[-117.67417846,50.13443902],[-117.67439355,50.13480952],[-117.67459694,50.1350102],[-117.67482714,50.13512778],[-117.67489218,50.13513366],[-117.67510736,50.13515313],[-117.67515972,50.13519863],[-117.67531984,50.13533777],[-117.67550186,50.13553782],[-117.67561831,50.13566581],[-117.67600277,50.13613726],[-117.67604915,50.13613699],[-117.67608672,50.13613677],[-117.67668736,50.13606132],[-117.67668736,50.13606136],[-117.67669876,50.13628053],[-117.67671937,50.13667672],[-117.67680981,50.13694633],[-117.67694822,50.13735892],[-117.6772138,50.13777274],[-117.67734566,50.13797819],[-117.67763493,50.13830167],[-117.67763493,50.13830186],[-117.67763493,50.14406443],[-117.67763494,50.14627369],[-117.67763494,50.15026162],[-117.67763494,50.16422913],[-117.67767046,50.16784125],[-117.67782413,50.16784063],[-117.67789469,50.16784035],[-117.680503,50.16784907],[-117.68053577,50.17145365],[-117.67991311,50.17145495],[-117.67542394,50.17146417],[-117.67513905,50.17146474],[-117.67486367,50.17153065],[-117.67520193,50.17268062],[-117.6754568,50.17319405],[-117.67696588,50.17546815],[-117.67743518,50.17653382],[-117.67765993,50.17718575],[-117.67838471,50.17928931],[-117.67865296,50.17995581],[-117.67873294,50.18015451],[-117.68005539,50.18262429],[-117.6805754,50.18346972],[-117.68062286,50.18354698],[-117.68107443,50.18417989],[-117.6812666,50.18444922],[-117.68183075,50.18511466],[-117.68319131,50.18671941],[-117.68335459,50.18695107],[-117.68345331,50.18709113],[-117.68456557,50.18867103],[-117.68557736,50.19010796],[-117.68594469,50.19062957],[-117.68598767,50.19067657],[-117.68609113,50.19078972],[-117.68618584,50.19089305],[-117.68639268,50.19111915],[-117.68647671,50.19121101],[-117.6866961,50.19141723],[-117.68686194,50.19157311],[-117.68715389,50.19184713],[-117.68766275,50.19232474],[-117.68835347,50.19297347],[-117.68904703,50.19362469],[-117.68990909,50.1947434],[-117.6902662,50.19538167],[-117.69072467,50.19620108],[-117.69128832,50.19720761],[-117.69161946,50.19779913],[-117.69176347,50.19805636],[-117.69211029,50.198676],[-117.6922307,50.19896761],[-117.69228166,50.19909024],[-117.69230276,50.19914101],[-117.69234036,50.19946364],[-117.6924023,50.19999517],[-117.69240403,50.20000942],[-117.69244982,50.20017283],[-117.69253611,50.20048099],[-117.69262752,50.2007051],[-117.69278394,50.20108897],[-117.69294562,50.20128643],[-117.69318275,50.20157605],[-117.69357055,50.20194685],[-117.69359907,50.20197411],[-117.69360119,50.20197613],[-117.69364972,50.20202218],[-117.69407537,50.20236221],[-117.69463476,50.20268586],[-117.69527083,50.2029558],[-117.69573806,50.20315407],[-117.69574784,50.20315711],[-117.69579994,50.2031733],[-117.69694821,50.20353362],[-117.69794492,50.20384624],[-117.69930351,50.20427243],[-117.6997242,50.20443266],[-117.70115932,50.20520636],[-117.70116505,50.20520977],[-117.70132073,50.20530249],[-117.70281003,50.20619084],[-117.70287579,50.20623036],[-117.70434251,50.20696561],[-117.70513295,50.2073619],[-117.70676884,50.20813524],[-117.70700365,50.20823372],[-117.70720608,50.20831861],[-117.70828926,50.20877357],[-117.70861328,50.20890966],[-117.71516767,50.21216398],[-117.71543729,50.21229785],[-117.71976666,50.21415822],[-117.72069361,50.21462911],[-117.72073502,50.21464993],[-117.72201025,50.2153456],[-117.72231129,50.21501166],[-117.72274751,50.21462472],[-117.72359209,50.2140527],[-117.72430371,50.21360589],[-117.72615201,50.21223873],[-117.72636383,50.21199749],[-117.72655714,50.21165944],[-117.7266229,50.2113504],[-117.72661704,50.2108605],[-117.72656223,50.21063549],[-117.73359589,50.21063402],[-117.73358287,50.20701029],[-117.73920221,50.20702043],[-117.74485518,50.207028],[-117.74486716,50.20893277],[-117.75083084,50.2089312],[-117.7537041,50.20893215],[-117.75800595,50.2089224],[-117.76077561,50.20892286],[-117.76466625,50.2089217],[-117.76798528,50.20892615],[-117.76941987,50.20891612],[-117.76942133,50.20719645],[-117.76943214,50.20538969],[-117.76940736,50.20357758],[-117.76939928,50.20267489],[-117.76941783,50.20178638],[-117.7753305,50.2017536],[-117.77627642,50.20177323],[-117.77683965,50.20176087],[-117.77685068,50.20176063],[-117.77721266,50.20176719],[-117.77730701,50.20177597],[-117.7783604,50.20176686],[-117.77891942,50.20176702],[-117.81222318,50.2020471],[-117.81278516,50.2095101],[-117.81427437,50.2193738],[-117.82046975,50.22766024],[-117.8238815,50.23223435],[-117.82688096,50.23608624],[-117.82689361,50.2360971],[-117.82699103,50.23622799],[-117.82721507,50.23652899],[-117.8273125,50.2367031],[-117.8274188,50.23684837],[-117.8275397,50.23704527],[-117.82763221,50.23724217],[-117.8277805,50.23754339],[-117.82823905,50.2378528],[-117.8287771,50.23897365],[-117.82875619,50.23904379],[-117.82904848,50.23918052],[-117.82942697,50.23936465],[-117.82946639,50.23938382],[-117.82971696,50.23953835],[-117.82992081,50.23965798],[-117.83017777,50.23982995],[-117.83055407,50.24009593],[-117.83083212,50.24038611],[-117.83097357,50.24053387],[-117.83124259,50.24087354],[-117.83138575,50.24109857],[-117.83151147,50.24130009],[-117.83164562,50.24150661],[-117.83175433,50.24169247],[-117.83186068,50.24187512],[-117.83193003,50.24205564],[-117.83193628,50.24206988],[-117.83207432,50.24226963],[-117.83227231,50.24259114],[-117.83234026,50.24273641],[-117.83245696,50.24298743],[-117.83256113,50.24330431],[-117.83260043,50.24345022],[-117.83775967,50.25009052],[-117.8377701,50.25010397],[-117.84038363,50.25558609],[-117.84348549,50.2631727],[-117.84406908,50.26486024],[-117.84457824,50.26633249],[-117.84479239,50.26742119],[-117.84481805,50.2674616],[-117.84543336,50.26843029],[-117.8472942,50.27135971],[-117.84826103,50.27288159],[-117.84982171,50.27533798],[-117.85017708,50.27580415],[-117.85052042,50.27625452],[-117.85122617,50.27718025],[-117.85122619,50.2771803],[-117.85182049,50.27777773],[-117.85242078,50.27838119],[-117.85242081,50.27838121],[-117.85331026,50.27913883],[-117.85420881,50.27990411],[-117.85518651,50.28077207],[-117.85584815,50.28135946],[-117.85617406,50.28164877],[-117.8561741,50.2816488],[-117.85727693,50.28242219],[-117.85839093,50.28320337],[-117.87014244,50.2910609],[-117.87014262,50.29106102],[-117.87085868,50.29163899],[-117.87193312,50.29250621],[-117.87708912,50.29726013],[-117.88653991,50.30853642],[-117.88877354,50.31132676],[-117.88948576,50.31283271],[-117.89209826,50.31835572],[-117.89816028,50.32349308],[-117.90090314,50.32612888],[-117.90198062,50.32716419],[-117.90380757,50.32874515],[-117.90581566,50.33039151],[-117.9076187,50.33248222],[-117.90832468,50.33452452],[-117.9084945,50.33485545],[-117.90870211,50.33525999],[-117.91430303,50.35682646],[-117.91455825,50.35930834],[-117.9149655,50.36326815],[-117.91403822,50.36879778],[-117.91342692,50.37244241],[-117.91244485,50.37486444],[-117.91158171,50.37699295],[-117.91107439,50.3785025],[-117.91040385,50.38049758],[-117.91022256,50.38289587],[-117.90974736,50.3891811],[-117.909747,50.3891811],[-117.90960695,50.39103684],[-117.91241096,50.40159913],[-117.91623158,50.41137526],[-117.92326184,50.43378591],[-117.92460181,50.43564201],[-117.92649112,50.43772705],[-117.92791703,50.43965223],[-117.92978181,50.44242588],[-117.93545907,50.45733877],[-117.93567624,50.46954033],[-117.93394743,50.48621177],[-117.93051928,50.49560336],[-117.92955901,50.49995076],[-117.92714857,50.51063055],[-117.9263088,50.51381152],[-117.9257774,50.51565018],[-117.9252554,50.51924417],[-117.92527194,50.52158486],[-117.92568824,50.52786526],[-117.9266112,50.53370062],[-117.92728972,50.53369954],[-117.92830872,50.53370203],[-117.94538507,50.53374066],[-117.9467733,50.53374369],[-117.94689093,50.53374369],[-117.94725952,50.53374369],[-117.9477835,50.53374333],[-117.95132273,50.53374226],[-117.95148205,50.53374191],[-117.95149493,50.53374191],[-117.95158848,50.53374191],[-117.95559456,50.53374048],[-117.97422112,50.53373087],[-117.97523379,50.53373016],[-117.98782086,50.53372216],[-117.98861261,50.53372161],[-117.98861261,50.53372212],[-117.98861081,50.53388931],[-117.98861184,50.53406912],[-117.98861758,50.53424857],[-117.9886289,50.5344298],[-117.9886306,50.5344416],[-117.98865541,50.53461352],[-117.98871568,50.53478835],[-117.98884953,50.53493682],[-117.98907541,50.53505467],[-117.98930035,50.5351679],[-117.98951947,50.53528148],[-117.98964035,50.53540531],[-117.98966684,50.53543244],[-117.98975829,50.53560584],[-117.98979221,50.53578244],[-117.9897892,50.53596332],[-117.98978523,50.53604693],[-117.9897806,50.53614419],[-117.98975822,50.53632471],[-117.98976444,50.53650345],[-117.98981349,50.53668005],[-117.98987566,50.5368563],[-117.98993671,50.53703254],[-117.98998162,50.5372095],[-117.98998817,50.53727767],[-117.98999882,50.5373886],[-117.98999797,50.53756876],[-117.98999375,50.53774892],[-117.98999738,50.53792908],[-117.99000405,50.53810889],[-117.99001127,50.5382887],[-117.99001737,50.5384685],[-117.99001956,50.53864831],[-117.9900167,50.53882812],[-117.99000073,50.53900828],[-117.98996941,50.5391888],[-117.98993663,50.53936896],[-117.98991407,50.53954805],[-117.98991507,50.53972537],[-117.98998837,50.53991479],[-117.99008985,50.54006575],[-117.99018732,50.54023595],[-117.990271,50.54040756],[-117.99035444,50.54057954],[-117.99043565,50.54075151],[-117.99051527,50.5409242],[-117.99059164,50.54109759],[-117.99063392,50.54119648],[-117.99066577,50.54127099],[-117.9907401,50.54144581],[-117.99080422,50.5416217],[-117.99084412,50.54179866],[-117.99085935,50.5419774],[-117.99086108,50.54205754],[-117.99086324,50.5421572],[-117.99085738,50.54233737],[-117.99084456,50.54251789],[-117.99082582,50.54269805],[-117.99080328,50.54287714],[-117.99078687,50.54297292],[-117.99077201,50.54305588],[-117.99073335,50.54323391],[-117.99068877,50.54341158],[-117.99064194,50.54358925],[-117.99059852,50.54375398],[-117.99059511,50.54376692],[-117.99054706,50.54394388],[-117.99049341,50.54412083],[-117.99043999,50.54429744],[-117.99042179,50.54436473],[-117.99039139,50.54447439],[-117.99035017,50.54465206],[-117.9903307,50.54474834],[-117.99031409,50.54483045],[-117.99028171,50.54500918],[-117.9902519,50.54518828],[-117.99023994,50.54525806],[-117.99022176,50.54536702],[-117.99019307,50.54554611],[-117.99018431,50.54561198],[-117.9901692,50.54572556],[-117.99014532,50.54590501],[-117.99011743,50.54608375],[-117.99007935,50.54626178],[-117.99002762,50.54643838],[-117.98996392,50.54661356],[-117.98990048,50.54677271],[-117.98981942,50.54696178],[-117.98972944,50.54713339],[-117.98972553,50.54714135],[-117.98964484,50.54730537],[-117.98958854,50.54748126],[-117.98954416,50.54766818],[-117.98954772,50.54784941],[-117.98964614,50.54800608],[-117.98981374,50.54814672],[-117.99001822,50.54827881],[-117.99023074,50.54840628],[-117.99043353,50.54853232],[-117.99064233,50.54865338],[-117.99085578,50.54877159],[-117.99106719,50.54889122],[-117.9912716,50.54901477],[-117.99146456,50.54914651],[-117.99164146,50.54928751],[-117.9917939,50.54943776],[-117.99190835,50.54960262],[-117.9920236,50.54976711],[-117.99214954,50.54992805],[-117.99227549,50.55008898],[-117.99240705,50.55024992],[-117.99254849,50.55040943],[-117.99256029,50.55043399],[-117.9926296,50.5505782],[-117.99264805,50.55075551],[-117.99264324,50.55093674],[-117.99262766,50.55111904],[-117.99262555,50.55114797],[-117.99261432,50.55130134],[-117.99261581,50.5514815],[-117.99264537,50.55165811],[-117.99270973,50.55183115],[-117.99280181,50.55200205],[-117.99291613,50.55216975],[-117.99304702,50.55233176],[-117.99318932,50.55248735],[-117.99335006,50.55263262],[-117.99353628,50.55276792],[-117.99373547,50.55289788],[-117.99393693,50.55302606],[-117.99413592,50.55315459],[-117.99436934,50.55328883],[-117.99456056,50.55339813],[-117.99458949,50.55341683],[-117.99475834,50.55352596],[-117.99492553,50.55366731],[-117.99505833,50.5538229],[-117.99506326,50.55383023],[-117.99516947,50.55398776],[-117.99526931,50.55415795],[-117.99536838,50.5543285],[-117.99547224,50.55448651],[-117.99547814,50.55449549],[-117.99560786,50.554655],[-117.99575537,50.55480952],[-117.99590986,50.55496192],[-117.99606052,50.55511502],[-117.99612069,50.55518338],[-117.99619769,50.55527168],[-117.99629475,50.55541232],[-117.99640293,50.55560352],[-117.99648553,50.55577443],[-117.99656114,50.55594747],[-117.99663136,50.55612193],[-117.99669696,50.55629747],[-117.99676099,50.55647371],[-117.99679195,50.5565592],[-117.99682469,50.5566496],[-117.99689007,50.55682549],[-117.99695861,50.55699996],[-117.99702231,50.55717585],[-117.99708108,50.55735245],[-117.99712717,50.55746959],[-117.99714962,50.55752692],[-117.99717822,50.55757819],[-117.99724393,50.55769533],[-117.9973667,50.55785698],[-117.99736771,50.55785814],[-117.99739764,50.55789243],[-117.99745254,50.55795536],[-117.99750433,50.55801471],[-117.99764015,50.55817351],[-117.99775808,50.55833658],[-117.99780578,50.55841799],[-117.99785655,50.55850464],[-117.99794534,50.55867554],[-117.99802626,50.55884823],[-117.99810144,50.55902198],[-117.9981488,50.55913654],[-117.99817327,50.55919573],[-117.99819054,50.55924664],[-117.99819356,50.55925555],[-117.99823307,50.55937162],[-117.99828434,50.55954858],[-117.99833673,50.55972554],[-117.99839923,50.55990072],[-117.99847657,50.56007376],[-117.99856076,50.56024573],[-117.99865148,50.56041628],[-117.99871726,50.56052986],[-117.99874895,50.56058505],[-117.99885294,50.56075239],[-117.9989655,50.56091689],[-117.99908537,50.56107961],[-117.99921121,50.5612409],[-117.99933919,50.56140148],[-117.99942684,50.56151145],[-117.99946717,50.56156206],[-117.99959674,50.56172193],[-117.99966974,50.56181053],[-117.99972788,50.56188108],[-117.99985982,50.56203988],[-117.99994969,50.56214741],[-117.99999937,50.56220687],[-118.00026366,50.56241338],[-118.00043903,50.56255438],[-118.00061338,50.56269608],[-118.00078062,50.562841],[-118.00094019,50.56298912],[-118.00109614,50.56313937],[-118.00124657,50.56329212],[-118.00138945,50.563447],[-118.00152926,50.5636058],[-118.0016525,50.56377029],[-118.00171938,50.56394049],[-118.00170139,50.56411887],[-118.00165041,50.56429974],[-118.00160855,50.56447777],[-118.00157221,50.56461449],[-118.00156132,50.56465544],[-118.00153206,50.56476684],[-118.00151465,50.56483311],[-118.00147694,50.56501078],[-118.00146385,50.56519201],[-118.00153352,50.56536398],[-118.00155677,50.56538736],[-118.00168896,50.56552029],[-118.00174162,50.56569084],[-118.00172979,50.56586116],[-118.00172896,50.56587314],[-118.00167521,50.56605223],[-118.00158964,50.56622243],[-118.00148349,50.56638977],[-118.00136258,50.56655391],[-118.00123243,50.56671413],[-118.00105265,50.56685656],[-118.00088334,50.56699577],[-118.00085028,50.56717059],[-118.00086518,50.56735538],[-118.00090765,50.56753306],[-118.00091699,50.56754178],[-118.00100774,50.56762647],[-118.00106902,50.56768367],[-118.00122784,50.56783214],[-118.00138858,50.56798026],[-118.00154932,50.56812838],[-118.00171187,50.56827542],[-118.00187577,50.56842212],[-118.00203731,50.56856988],[-118.00219321,50.56871942],[-118.00234313,50.56887217],[-118.00249292,50.56902598],[-118.0026383,50.56918229],[-118.00276985,50.5693418],[-118.00288071,50.56950559],[-118.0029611,50.56967578],[-118.0030146,50.56985202],[-118.00305124,50.57003183],[-118.00308349,50.57021235],[-118.00312104,50.57039073],[-118.00316285,50.57056947],[-118.00320411,50.57074821],[-118.00323127,50.57088558],[-118.00323953,50.5709273],[-118.00326452,50.57110604],[-118.00327495,50.57128478],[-118.0032672,50.57146387],[-118.00325915,50.57152085],[-118.00324185,50.57164332],[-118.00320249,50.57182277],[-118.00315137,50.57200044],[-118.00309211,50.57217598],[-118.00302053,50.57234973],[-118.00293698,50.57252206],[-118.00284281,50.57269261],[-118.00274127,50.57286067],[-118.00262735,50.57302445],[-118.00248774,50.57318111],[-118.00234254,50.573336],[-118.00219455,50.57349088],[-118.00204309,50.57364505],[-118.00192596,50.57380599],[-118.00186211,50.57398081],[-118.00184367,50.57416346],[-118.00186892,50.57434184],[-118.00193471,50.5745156],[-118.0020005,50.57464818],[-118.00202058,50.57468864],[-118.00210174,50.57486204],[-118.00215584,50.57503828],[-118.00218703,50.57521702],[-118.00220217,50.57539718],[-118.0022052,50.57557699],[-118.00219646,50.5757568],[-118.00218099,50.5759366],[-118.0021644,50.57611641],[-118.00215174,50.57629622],[-118.00214917,50.57647602],[-118.00216085,50.57665547],[-118.00218453,50.57683457],[-118.00221461,50.5770133],[-118.00224671,50.5771924],[-118.00227488,50.57737149],[-118.00229722,50.57755094],[-118.00231316,50.57773075],[-118.00230971,50.5779102],[-118.00229145,50.57809001],[-118.00226389,50.57826946],[-118.00222436,50.57844748],[-118.00216825,50.57862337],[-118.00208651,50.57879642],[-118.00203582,50.57888222],[-118.00198724,50.57896447],[-118.00186852,50.5791279],[-118.00174745,50.57929062],[-118.00164303,50.57945796],[-118.00154294,50.57962815],[-118.00145381,50.57980048],[-118.00139381,50.57997459],[-118.00138772,50.58015119],[-118.00143026,50.58033065],[-118.00147338,50.58050048],[-118.00175304,50.58127988],[-118.00183755,50.58141507],[-118.00215323,50.58192006],[-118.00234118,50.58247016],[-118.00232599,50.58267889],[-118.00229351,50.58312494],[-118.0020767,50.58374198],[-118.00197394,50.58396772],[-118.0016995,50.58404819],[-118.00164592,50.58412616],[-118.00155078,50.58426431],[-118.00163977,50.584437],[-118.00189507,50.58493049],[-118.00228206,50.5858256],[-118.00244469,50.5860111],[-118.00265789,50.58625367],[-118.00269067,50.58629096],[-118.00281974,50.58658257],[-118.0028144,50.58674704],[-118.00280563,50.58701731],[-118.00279328,50.58711595],[-118.00269104,50.58793304],[-118.00267468,50.58806375],[-118.00230589,50.58876018],[-118.00197432,50.58903648],[-118.00146019,50.58938292],[-118.00135807,50.58975143],[-118.00141397,50.59046247],[-118.00186367,50.59140601],[-118.00239734,50.59198744],[-118.00274154,50.59249909],[-118.00280242,50.59253601],[-118.00346076,50.59293525],[-118.00404843,50.59351135],[-118.00416229,50.59387493],[-118.00418996,50.59396329],[-118.00437792,50.59456348],[-118.00453134,50.59497926],[-118.00489805,50.59597309],[-118.00496752,50.59616144],[-118.00497826,50.59620488],[-118.00509386,50.59680624],[-118.00515867,50.59714338],[-118.0052311,50.59752014],[-118.00536578,50.59849964],[-118.00542984,50.5987214],[-118.00548499,50.5989123],[-118.00561597,50.59936542],[-118.00562373,50.59939226],[-118.00565217,50.60000004],[-118.00566063,50.60018128],[-118.00588627,50.60050706],[-118.00600571,50.60067013],[-118.00614116,50.60082751],[-118.00628742,50.60098204],[-118.00643524,50.60113763],[-118.00658688,50.60129251],[-118.00674441,50.60144348],[-118.00691155,50.60158911],[-118.0070898,50.60172619],[-118.00728334,50.60185259],[-118.00750611,50.60195798],[-118.00775242,50.6020477],[-118.00800971,50.60212995],[-118.00826497,50.60221362],[-118.00851218,50.6023037],[-118.00877326,50.6023888],[-118.00903907,50.60247176],[-118.00929495,50.60255971],[-118.00952522,50.60265869],[-118.00966825,50.60274639],[-118.00971509,50.60277512],[-118.00984217,50.60292288],[-118.00990602,50.6031009],[-118.00991009,50.60313375],[-118.00992975,50.60329246],[-118.00993627,50.60347939],[-118.00993997,50.60365848],[-118.00993804,50.60383936],[-118.00992859,50.60402059],[-118.00990927,50.60420146],[-118.00987774,50.60438127],[-118.0098321,50.60455858],[-118.00978202,50.60470009],[-118.00977035,50.60473305],[-118.00969214,50.60490431],[-118.00959993,50.60507379],[-118.00949798,50.60524185],[-118.0093892,50.60540919],[-118.00927751,50.60557582],[-118.00917061,50.60573775],[-118.00916727,50.60574281],[-118.00906162,50.60591051],[-118.00896403,50.60607964],[-118.00887843,50.60625019],[-118.00884775,50.60633101],[-118.00881265,50.60642394],[-118.00878246,50.60660517],[-118.00877665,50.60673193],[-118.00877376,50.60678961],[-118.00876956,50.60697404],[-118.00875161,50.60715456],[-118.00871333,50.60729067],[-118.00870324,50.60732653],[-118.00860254,50.60748569],[-118.00848492,50.60758177],[-118.00844171,50.60761707],[-118.00821326,50.60775415],[-118.00798877,50.60787201],[-118.0077563,50.60797348],[-118.00750182,50.60805858],[-118.00724142,50.60815898],[-118.00704828,50.60827256],[-118.00690912,50.60843742],[-118.00696145,50.60859764],[-118.00715036,50.60874789],[-118.00734947,50.60887358],[-118.00756303,50.6089925],[-118.00777739,50.60911107],[-118.00798191,50.60923533],[-118.00819517,50.60935995],[-118.0084153,50.6094835],[-118.00861684,50.60960456],[-118.00881353,50.60974449],[-118.00896078,50.60988975],[-118.00905768,50.61004962],[-118.00911561,50.61022124],[-118.00914481,50.61040176],[-118.00915588,50.6105869],[-118.0091592,50.61077276],[-118.00916502,50.61095649],[-118.00917897,50.61113629],[-118.00919382,50.61131646],[-118.00919986,50.61138827],[-118.009209,50.61149697],[-118.00922193,50.61167749],[-118.0092324,50.61185837],[-118.00923827,50.61203853],[-118.00923909,50.61221869],[-118.00923331,50.61239779],[-118.00921935,50.61257653],[-118.00919451,50.61275384],[-118.0091393,50.61292866],[-118.00913652,50.61293449],[-118.0090573,50.61310063],[-118.00896174,50.6132719],[-118.00886706,50.61344351],[-118.00878573,50.6136162],[-118.00870754,50.61378924],[-118.00862744,50.61396264],[-118.00855014,50.61413603],[-118.00847889,50.6143105],[-118.00841896,50.61448568],[-118.00837439,50.61466228],[-118.00835258,50.61484102],[-118.00835244,50.61484483],[-118.00834612,50.61502118],[-118.00834561,50.6152017],[-118.00834174,50.61538222],[-118.00832396,50.61556167],[-118.00829003,50.61574005],[-118.00828547,50.61576236],[-118.00825341,50.61591914],[-118.00821365,50.61609788],[-118.00816963,50.61627627],[-118.00812134,50.61645429],[-118.00806668,50.61663089],[-118.00805827,50.61665505],[-118.00800565,50.61680607],[-118.00793734,50.61697947],[-118.00783343,50.61714539],[-118.00775724,50.61722372],[-118.00768174,50.61730098],[-118.00753755,50.617458],[-118.0074496,50.61764885],[-118.00741521,50.61780266],[-118.0073953,50.61798282],[-118.00738458,50.61816441],[-118.00737218,50.618346],[-118.00734745,50.6185258],[-118.00729887,50.61870169],[-118.00721589,50.6188726],[-118.00710996,50.61903994],[-118.00706295,50.61910939],[-118.00699741,50.61920622],[-118.00696572,50.61925847],[-118.00689528,50.61937463],[-118.00681251,50.61954696],[-118.00674022,50.61970531],[-118.00673286,50.61972143],[-118.00666329,50.61989767],[-118.00663528,50.62000057],[-118.00661515,50.62007463],[-118.00659877,50.62025195],[-118.00660999,50.62042997],[-118.00663927,50.62060871],[-118.00668147,50.62078745],[-118.00673039,50.62096619],[-118.00678067,50.62114457],[-118.00679918,50.62121793],[-118.00682557,50.6213226],[-118.00686553,50.62150133],[-118.00690615,50.62168078],[-118.00695251,50.62185917],[-118.00695728,50.62187378],[-118.00701001,50.62203506],[-118.00708496,50.62220739],[-118.0071841,50.62237437],[-118.0073097,50.62253602],[-118.00734899,50.62258053],[-118.00745026,50.62269446],[-118.00759466,50.6228522],[-118.0077314,50.62301135],[-118.00784869,50.62317371],[-118.00793514,50.62334212],[-118.0079983,50.62351623],[-118.0080458,50.62369462],[-118.008078,50.62387585],[-118.00809604,50.62405815],[-118.00810084,50.62424009],[-118.00809345,50.62441918],[-118.008078,50.62452647],[-118.00806802,50.62459578],[-118.00800296,50.62477203],[-118.00790484,50.62494472],[-118.00778459,50.62510992],[-118.00762371,50.62526587],[-118.00741805,50.62538408],[-118.00722268,50.62551511],[-118.00711382,50.62567569],[-118.00702786,50.62584517],[-118.00695431,50.62601893],[-118.00689161,50.62619588],[-118.00683563,50.62637462],[-118.00678502,50.62655372],[-118.00673646,50.62673139],[-118.00668879,50.62690941],[-118.00664413,50.62708886],[-118.00660632,50.62726903],[-118.00657917,50.62744919],[-118.00656786,50.62762828],[-118.00657506,50.62778093],[-118.00657622,50.6278056],[-118.00660847,50.62798505],[-118.00663889,50.62807597],[-118.00666898,50.62816592],[-118.00676102,50.62833967],[-118.00688646,50.6284999],[-118.00705108,50.62864196],[-118.00725177,50.62877157],[-118.00747388,50.62889405],[-118.00768288,50.62900549],[-118.00791397,50.62913759],[-118.00810062,50.62926897],[-118.00824344,50.62941353],[-118.00833037,50.62957518],[-118.00836974,50.62975142],[-118.00837758,50.62993657],[-118.00836787,50.63012457],[-118.00835504,50.63031042],[-118.00834868,50.63049059],[-118.00833661,50.63067004],[-118.00831836,50.63084949],[-118.00831477,50.63087713],[-118.00829507,50.63102894],[-118.00826975,50.63120803],[-118.00824365,50.63138748],[-118.00821811,50.63156693],[-118.00819538,50.63174638],[-118.00825306,50.63194221],[-118.00830104,50.63210149],[-118.00830626,50.63211881],[-118.00836058,50.63229542],[-118.0084149,50.63247202],[-118.00846945,50.63264826],[-118.00848084,50.6326849],[-118.00852434,50.63282487],[-118.00857811,50.63300147],[-118.00863131,50.63317807],[-118.00868373,50.63335503],[-118.00873391,50.63353199],[-118.00878296,50.63370894],[-118.00882954,50.63388626],[-118.00887421,50.63406393],[-118.00891607,50.6342416],[-118.00895602,50.63441962],[-118.00899542,50.63459765],[-118.00903346,50.63477603],[-118.00907005,50.63495406],[-118.0091064,50.63513244],[-118.00914164,50.63531082],[-118.00917609,50.63548956],[-118.00920965,50.63566794],[-118.00924298,50.63584668],[-118.00927632,50.63602542],[-118.00930853,50.63620416],[-118.0093413,50.6363829],[-118.00937351,50.63656164],[-118.0094054,50.63674002],[-118.00943761,50.63691876],[-118.00947039,50.63709749],[-118.00950317,50.63727623],[-118.00953595,50.63745497],[-118.00954177,50.63748591],[-118.00956952,50.63763335],[-118.00961173,50.63781316],[-118.00966761,50.63799439],[-118.0096728,50.63802291],[-118.00970017,50.63817348],[-118.00967295,50.63834688],[-118.00959334,50.63851707],[-118.00948254,50.63868513],[-118.00935001,50.63884856],[-118.00920487,50.63900451],[-118.00902153,50.6391448],[-118.00879076,50.63926977],[-118.00858039,50.63939795],[-118.00845913,50.6395482],[-118.00842037,50.63971946],[-118.00839426,50.63987541],[-118.00837029,50.64006911],[-118.00835638,50.64024713],[-118.00834886,50.64042658],[-118.00834717,50.64060746],[-118.0083495,50.64078904],[-118.00835565,50.6409717],[-118.00836437,50.64115471],[-118.00837534,50.64133772],[-118.00838654,50.64152038],[-118.00839741,50.64170268],[-118.00840739,50.64188462],[-118.00841547,50.64206514],[-118.00841963,50.64224565],[-118.00841881,50.64242867],[-118.00841844,50.64261275],[-118.00842335,50.64279647],[-118.00843918,50.64297805],[-118.00847054,50.64315644],[-118.00852307,50.64332983],[-118.00860218,50.64349682],[-118.00871316,50.64365705],[-118.00885104,50.64381122],[-118.0090102,50.64396112],[-118.00918288,50.64410745],[-118.00936209,50.64425237],[-118.00954142,50.64439621],[-118.00971334,50.64454112],[-118.00982682,50.64464153],[-118.00987872,50.64468746],[-118.01004355,50.6448338],[-118.0102095,50.64498014],[-118.01037647,50.64512576],[-118.01054638,50.64527032],[-118.01071856,50.6454131],[-118.01089514,50.64555338],[-118.01107614,50.64569117],[-118.01126256,50.64582576],[-118.01146481,50.64595145],[-118.01168491,50.64606859],[-118.01191359,50.6461811],[-118.01214105,50.6462929],[-118.0123596,50.64640897],[-118.01255996,50.64653324],[-118.0127338,50.64666996],[-118.01287738,50.64682057],[-118.01300018,50.64698079],[-118.01310775,50.64714814],[-118.01320448,50.64732011],[-118.01329624,50.64749458],[-118.01338745,50.64766904],[-118.01348362,50.64784102],[-118.01358974,50.64800801],[-118.01371166,50.64816787],[-118.01385436,50.64831813],[-118.01403757,50.64845165],[-118.01425691,50.64856914],[-118.01449818,50.64867347],[-118.0147479,50.6487664],[-118.01499647,50.64885149],[-118.01524939,50.64892983],[-118.01550742,50.64900282],[-118.01576808,50.6490726],[-118.01603123,50.64914025],[-118.0162954,50.64920719],[-118.01655832,50.6492752],[-118.01681988,50.64934534],[-118.01707802,50.64941904],[-118.01733195,50.64949844],[-118.01758246,50.6495814],[-118.01783161,50.6496665],[-118.01807961,50.64975337],[-118.01832614,50.64984168],[-118.0185713,50.64993211],[-118.01881498,50.65002397],[-118.01894105,50.65007299],[-118.01905673,50.65011797],[-118.01929724,50.65021304],[-118.01953525,50.65031024],[-118.01977145,50.65040851],[-118.0200073,50.65050821],[-118.02024517,50.65060826],[-118.02048213,50.65070973],[-118.02071614,50.65081405],[-118.02094426,50.65092229],[-118.02116424,50.65103623],[-118.02137359,50.65115622],[-118.02156926,50.6512844],[-118.02175194,50.6514197],[-118.02192794,50.65155927],[-118.02209863,50.65170276],[-118.02226411,50.6518491],[-118.02242576,50.65199793],[-118.02258514,50.65214854],[-118.02274159,50.65230022],[-118.02289735,50.65245296],[-118.02305278,50.65260535],[-118.02320934,50.65275774],[-118.02336704,50.65290835],[-118.02352735,50.65305754],[-118.02369071,50.65320459],[-118.02385838,50.65334843],[-118.02403147,50.65348908],[-118.02421069,50.65362544],[-118.02439703,50.65375683],[-118.0245966,50.65388073],[-118.02481515,50.65399431],[-118.02504942,50.65409828],[-118.02529549,50.65419264],[-118.0255513,50.6542788],[-118.02581237,50.65435678],[-118.02607679,50.65442692],[-118.02634139,50.65449065],[-118.02660638,50.6545494],[-118.02687422,50.65460459],[-118.02714412,50.65465657],[-118.02741584,50.65470571],[-118.02768894,50.65475271],[-118.02796375,50.65479792],[-118.0282389,50.65484172],[-118.02851452,50.6548848],[-118.02879092,50.65492753],[-118.02906755,50.6549699],[-118.02934317,50.65501298],[-118.02961923,50.65505713],[-118.02989347,50.65510235],[-118.0301677,50.65514935],[-118.03043977,50.65519884],[-118.03071057,50.65525118],[-118.03097898,50.65530637],[-118.03124544,50.65536547],[-118.03150893,50.65542921],[-118.0317691,50.65549899],[-118.03202696,50.65557412],[-118.03228153,50.65565352],[-118.0325347,50.65573683],[-118.03278628,50.65582264],[-118.03303694,50.65590988],[-118.03328692,50.65599818],[-118.0335369,50.65608648],[-118.03378723,50.65617335],[-118.03403848,50.65625881],[-118.03429122,50.65634106],[-118.03454536,50.65641939],[-118.03480246,50.65649309],[-118.03506187,50.65656145],[-118.03532506,50.65662305],[-118.03559193,50.65667717],[-118.03586224,50.65672417],[-118.03613372,50.65676761],[-118.03640702,50.6568082],[-118.03668216,50.65684594],[-118.03695776,50.65688119],[-118.03723441,50.65691394],[-118.0375122,50.65694492],[-118.03779113,50.65697412],[-118.03807031,50.65700118],[-118.03835074,50.65702717],[-118.03863152,50.65705174],[-118.03891298,50.65707523],[-118.0391949,50.65709802],[-118.03947672,50.6571201],[-118.03975933,50.65714182],[-118.04004137,50.65716354],[-118.04032421,50.6571849],[-118.04060682,50.65720662],[-118.0408892,50.65722869],[-118.04117146,50.65725184],[-118.04145292,50.65727534],[-118.0417346,50.65730026],[-118.04201559,50.65732625],[-118.04229567,50.65735367],[-118.04257573,50.65738286],[-118.04285442,50.6574142],[-118.04313253,50.65744731],[-118.04340961,50.65748291],[-118.04368656,50.65751959],[-118.04396305,50.65755697],[-118.04423965,50.65759507],[-118.04451579,50.65763388],[-118.04479182,50.65767376],[-118.04506761,50.65771399],[-118.04534328,50.6577553],[-118.04561849,50.65779731],[-118.04589348,50.65783968],[-118.0461689,50.65788312],[-118.04644354,50.65792691],[-118.04671771,50.65797142],[-118.04699177,50.65801699],[-118.0472656,50.65806292],[-118.04753897,50.65810957],[-118.04781245,50.65815692],[-118.04808514,50.65820463],[-118.04835793,50.65825306],[-118.04863027,50.65830219],[-118.04890215,50.65835204],[-118.0491738,50.65840224],[-118.049445,50.65845316],[-118.04971574,50.65850479],[-118.04998626,50.65855677],[-118.05025596,50.65861089],[-118.05052453,50.65866679],[-118.05079195,50.65872447],[-118.05105903,50.65878357],[-118.05132552,50.65884446],[-118.051591,50.65890606],[-118.05185613,50.65896908],[-118.05212102,50.65903246],[-118.05238547,50.65909654],[-118.05265024,50.65916099],[-118.05291423,50.65922579],[-118.05317878,50.65929059],[-118.053443,50.65935504],[-118.05370801,50.65941913],[-118.05397292,50.65948251],[-118.05423828,50.65954517],[-118.0545041,50.65960712],[-118.05477027,50.65966765],[-118.05503736,50.65972676],[-118.05530581,50.65978373],[-118.0555762,50.65983856],[-118.05584796,50.65989125],[-118.0561203,50.65994217],[-118.05639366,50.65999237],[-118.05666714,50.66004151],[-118.05694119,50.66009064],[-118.05721467,50.66013978],[-118.0574877,50.66018963],[-118.05776004,50.66024054],[-118.05803147,50.66029288],[-118.0583012,50.660347],[-118.05856934,50.66040361],[-118.05883587,50.66046272],[-118.05909923,50.66052503],[-118.05936064,50.66059125],[-118.05961921,50.66066104],[-118.05987447,50.6607351],[-118.06012835,50.66081307],[-118.06038018,50.66089425],[-118.06063029,50.66097899],[-118.06087857,50.66106658],[-118.0611248,50.66115738],[-118.06136831,50.66125066],[-118.06160977,50.66134715],[-118.06184874,50.66144578],[-118.06208498,50.6615469],[-118.06231851,50.66165051],[-118.06254977,50.6617559],[-118.06277742,50.66186343],[-118.06300225,50.66197274],[-118.06322369,50.66208382],[-118.06344286,50.66219669],[-118.06366,50.66231099],[-118.063876,50.66242706],[-118.06409109,50.66254456],[-118.06430415,50.66266348],[-118.06451573,50.66278382],[-118.06472584,50.66290559],[-118.06493391,50.66302879],[-118.06514052,50.6631534],[-118.06534475,50.66327909],[-118.06547037,50.66335742],[-118.06554774,50.66340585],[-118.06574813,50.66353403],[-118.06594695,50.66366292],[-118.06599645,50.66369579],[-118.06614317,50.66379323],[-118.06633725,50.66392426],[-118.06652952,50.66405635],[-118.06671886,50.66418952],[-118.06690663,50.66432339],[-118.06709113,50.66445798],[-118.06727067,50.66459506],[-118.0674389,50.66473926],[-118.06759483,50.66488952],[-118.06774139,50.66504475],[-118.06787848,50.66520427],[-118.06800756,50.66536663],[-118.0680527,50.6654268],[-118.06813044,50.66553077],[-118.06824726,50.66569562],[-118.06835981,50.66586011],[-118.06845976,50.66602675],[-118.06853887,50.66619872],[-118.06860279,50.66637425],[-118.06865837,50.66655228],[-118.0687117,50.66673031],[-118.06876875,50.66690691],[-118.06880225,50.66707995],[-118.06884234,50.66726901],[-118.06896421,50.66742425],[-118.06913473,50.66756667],[-118.06933017,50.66770091],[-118.06953511,50.66782908],[-118.06974303,50.66795085],[-118.06996383,50.66806479],[-118.07018894,50.66817552],[-118.07040885,50.6682891],[-118.07061318,50.66841123],[-118.07069898,50.668486],[-118.07077865,50.66855543],[-118.07091047,50.66871708],[-118.07103184,50.66888015],[-118.07113742,50.66904856],[-118.07126286,50.66920879],[-118.07143206,50.66935156],[-118.07162494,50.66948544],[-118.07169681,50.66953636],[-118.071738,50.66956535],[-118.07181568,50.66962003],[-118.07197868,50.66976458],[-118.07208552,50.66993193],[-118.07214632,50.67010889],[-118.07219374,50.67028656],[-118.07223688,50.67046565],[-118.07227249,50.6706451],[-118.07228652,50.67074278],[-118.07229822,50.6708242],[-118.07231148,50.67100258],[-118.07228519,50.67118132],[-118.07227514,50.67120162],[-118.07219895,50.67135543],[-118.07207049,50.67151387],[-118.07190449,50.67166163],[-118.07175642,50.67181473],[-118.07163608,50.67198244],[-118.0715532,50.67215654],[-118.0715581,50.67232959],[-118.07162748,50.6725037],[-118.07172732,50.67267674],[-118.07183,50.67284622],[-118.07195994,50.67301],[-118.07209022,50.67317236],[-118.07209432,50.67318116],[-118.07216821,50.67334006],[-118.07216276,50.67341356],[-118.0721551,50.67351666],[-118.07209678,50.67369718],[-118.07206319,50.6738777],[-118.07209536,50.67405466],[-118.07210806,50.67410414],[-118.07214069,50.67423126],[-118.07219298,50.67440751],[-118.07223821,50.67454702],[-118.07225001,50.6745834],[-118.0723113,50.67475964],[-118.07237506,50.67493553],[-118.07238076,50.67495103],[-118.07243962,50.67511107],[-118.07250372,50.67528731],[-118.07256581,50.6754632],[-118.07262486,50.67563945],[-118.07268166,50.67581569],[-118.07274071,50.67599194],[-118.07280056,50.67616783],[-118.07285962,50.67634408],[-118.07291676,50.67652068],[-118.07296941,50.67669728],[-118.07297253,50.6767088],[-118.07301734,50.67687424],[-118.07305751,50.67705191],[-118.07307149,50.67713774],[-118.07308655,50.67723029],[-118.07309637,50.67740974],[-118.07309482,50.67759026],[-118.07308968,50.67777113],[-118.07308883,50.67795058],[-118.07309944,50.67810768],[-118.073101,50.67813075],[-118.07313308,50.67830877],[-118.07317855,50.67848609],[-118.07323324,50.67866304],[-118.073294,50.67883929],[-118.07335814,50.67901554],[-118.07342171,50.67919178],[-118.07347635,50.67934951],[-118.07353763,50.67954427],[-118.07358333,50.67972123],[-118.07361701,50.67989855],[-118.0736309,50.68007693],[-118.07362153,50.68025567],[-118.07359686,50.68043547],[-118.07356489,50.68061528],[-118.07353494,50.68079544],[-118.07351421,50.68097525],[-118.07351307,50.68100885],[-118.07351305,50.68100921],[-118.07350809,50.68115506],[-118.07350994,50.68133557],[-118.07351573,50.68151609],[-118.07352287,50.68169626],[-118.07352721,50.68187642],[-118.07352559,50.68205622],[-118.07352048,50.68213746],[-118.07351431,50.68223532],[-118.07348967,50.68241334],[-118.07344347,50.68258995],[-118.07337997,50.68276548],[-118.07330704,50.68293995],[-118.07323186,50.68311441],[-118.07316118,50.68328888],[-118.07310159,50.68346619],[-118.07304616,50.68364493],[-118.07298456,50.68382189],[-118.07290794,50.68399422],[-118.07288137,50.68403639],[-118.07280499,50.68415765],[-118.07264485,50.68430683],[-118.07243914,50.68443679],[-118.07221127,50.68454254],[-118.07195135,50.6846255],[-118.07168251,50.68470134],[-118.07143415,50.68478643],[-118.07123679,50.68489895],[-118.07112976,50.68506522],[-118.07109278,50.68525464],[-118.07109278,50.6852947],[-118.07109277,50.68533092],[-118.07109275,50.68543374],[-118.07111487,50.68561247],[-118.07114969,50.68579157],[-118.0711863,50.68597138],[-118.07121449,50.68615118],[-118.07122323,50.68633063],[-118.07121918,50.68649584],[-118.07120801,50.6866906],[-118.07119045,50.68687076],[-118.07116637,50.68705057],[-118.07113489,50.68722966],[-118.07109566,50.68740769],[-118.07104543,50.68758358],[-118.07097061,50.68775662],[-118.07087885,50.68792717],[-118.07078023,50.68809701],[-118.07068353,50.68826649],[-118.07056886,50.68843419],[-118.0704478,50.68860047],[-118.07034583,50.68876852],[-118.07028733,50.68893978],[-118.07027655,50.68911639],[-118.0702952,50.68929619],[-118.07033542,50.68947742],[-118.07039027,50.68965687],[-118.07045167,50.68983312],[-118.07052253,50.69000687],[-118.07060532,50.69017956],[-118.07069847,50.69035011],[-118.07080142,50.69051852],[-118.07091227,50.69068337],[-118.07094775,50.69072936],[-118.07103698,50.69084502],[-118.07117679,50.6910024],[-118.07132935,50.69115479],[-118.07149151,50.69130183],[-118.07166406,50.69145636],[-118.07187868,50.69159522],[-118.07210225,50.69166038],[-118.07237486,50.69168495],[-118.0726651,50.69168459],[-118.07295928,50.69167106],[-118.07324504,50.69165575],[-118.07352688,50.69164044],[-118.0738086,50.69162442],[-118.07408988,50.69160733],[-118.07437185,50.69158917],[-118.07465348,50.69157065],[-118.074935,50.69155143],[-118.0752162,50.69153185],[-118.07549761,50.69151191],[-118.07577926,50.69149161],[-118.07606091,50.69147132],[-118.07634222,50.69145066],[-118.07662387,50.69143037],[-118.07690495,50.69141008],[-118.07718659,50.69138978],[-118.07746835,50.6913702],[-118.0777321,50.69135239],[-118.07823711,50.69130362],[-118.07851724,50.69127691],[-118.07879714,50.69125056],[-118.07907726,50.69122386],[-118.07935739,50.69119716],[-118.07963718,50.6911701],[-118.07991719,50.69114268],[-118.08019654,50.69111455],[-118.08047601,50.69108536],[-118.08075504,50.69105509],[-118.08103396,50.69102411],[-118.08131311,50.69099278],[-118.08159137,50.69096109],[-118.08187018,50.6909294],[-118.082149,50.69089772],[-118.08242771,50.69086531],[-118.08270641,50.69083291],[-118.08298479,50.69080016],[-118.08326339,50.69076704],[-118.08354165,50.69073358],[-118.08381958,50.69069975],[-118.08409741,50.69066521],[-118.0843749,50.69063032],[-118.08465262,50.69059507],[-118.08492989,50.69055875],[-118.08520717,50.69052244],[-118.08548401,50.69048505],[-118.08575996,50.69044553],[-118.08603404,50.69040102],[-118.08630737,50.69035331],[-118.08657925,50.69030346],[-118.08685136,50.69025326],[-118.0871239,50.69020413],[-118.08739767,50.69015748],[-118.08740096,50.69015697],[-118.0876723,50.69011476],[-118.08794837,50.69007417],[-118.08822421,50.69003393],[-118.08850016,50.68999441],[-118.08877678,50.6899556],[-118.0890535,50.6899175],[-118.08933056,50.68987976],[-118.08960806,50.68984309],[-118.0898851,50.68980713],[-118.09016281,50.68977188],[-118.09044062,50.68973734],[-118.09071911,50.68970352],[-118.09099758,50.68967147],[-118.09127659,50.68964121],[-118.09155615,50.68961272],[-118.09183593,50.68958566],[-118.0921166,50.68955896],[-118.09239681,50.68953297],[-118.09267692,50.68950626],[-118.0929567,50.6894792],[-118.09323626,50.68945072],[-118.09351527,50.68942045],[-118.0937934,50.68938805],[-118.09407111,50.6893528],[-118.09434804,50.68931613],[-118.09462475,50.68927803],[-118.09490125,50.68923851],[-118.09517698,50.68919757],[-118.09545227,50.68915555],[-118.09572757,50.68911176],[-118.0960022,50.68906725],[-118.09627572,50.68902096],[-118.09654913,50.68897396],[-118.09682144,50.68892519],[-118.0970933,50.68887534],[-118.09736696,50.6888262],[-118.0976423,50.68877707],[-118.09791822,50.68872615],[-118.09819079,50.68867168],[-118.09845914,50.6886115],[-118.09872103,50.68854385],[-118.09897311,50.68846695],[-118.09921471,50.68837829],[-118.09925509,50.68836066],[-118.09944472,50.68827788],[-118.09966627,50.68816786],[-118.09988113,50.68805072],[-118.10009131,50.6879286],[-118.10020683,50.68785952],[-118.10029972,50.68780398],[-118.10050868,50.68767936],[-118.10071998,50.68755723],[-118.10093597,50.68744009],[-118.10116255,50.68733185],[-118.10140833,50.68724249],[-118.10141226,50.68724106],[-118.10166498,50.68715347],[-118.10189488,50.68705235],[-118.10207276,50.68692097],[-118.10211662,50.68686293],[-118.1021956,50.68675789],[-118.10231018,50.68658841],[-118.10234492,50.68655028],[-118.10245354,50.68643104],[-118.10260391,50.68626975],[-118.10277929,50.68612733],[-118.10300297,50.68602977],[-118.10324663,50.6859576],[-118.10324702,50.68595749],[-118.10351943,50.68589269],[-118.10379435,50.68583892],[-118.10407392,50.68579193],[-118.10435391,50.68574956],[-118.10463028,50.68570932],[-118.10490787,50.68567158],[-118.10518801,50.68563775],[-118.10546923,50.68560927],[-118.10575163,50.68558684],[-118.10603342,50.68557153],[-118.1063139,50.68556441],[-118.10659397,50.68558079],[-118.10687395,50.68562102],[-118.10715301,50.68566446],[-118.10743131,50.68569152],[-118.10771047,50.68568119],[-118.10798773,50.68562814],[-118.10823824,50.6855466],[-118.10844839,50.68542626],[-118.10865923,50.68530306],[-118.10889505,50.68520408],[-118.10913601,50.68510937],[-118.10937963,50.68501751],[-118.10962393,50.68492636],[-118.10986689,50.68483379],[-118.11010684,50.68473801],[-118.11034065,50.68463689],[-118.11056085,50.68452367],[-118.11077502,50.68440403],[-118.11099255,50.68428796],[-118.11122254,50.68418577],[-118.11146816,50.68409783],[-118.11172258,50.68401807],[-118.11198403,50.68394579],[-118.11224912,50.68388099],[-118.11251686,50.6838226],[-118.1127868,50.68376955],[-118.11305884,50.68372112],[-118.11333299,50.68367555],[-118.11360769,50.68363176],[-118.11388305,50.68358867],[-118.11415831,50.68354488],[-118.11443246,50.6834993],[-118.11470439,50.68345017],[-118.11497323,50.68339356],[-118.11524075,50.68333374],[-118.11550981,50.68327855],[-118.11578295,50.68323191],[-118.1160593,50.68319167],[-118.1163374,50.68315749],[-118.11661715,50.68312865],[-118.1168959,50.68309696],[-118.11717037,50.68305353],[-118.11744151,50.68300297],[-118.11771157,50.68294885],[-118.11798007,50.68289188],[-118.11824836,50.68283349],[-118.11851565,50.68277402],[-118.1187826,50.68271421],[-118.11904789,50.68265083],[-118.11930985,50.68258211],[-118.11956291,50.68250271],[-118.11980183,50.68240587],[-118.12003942,50.6823076],[-118.12026986,50.68220292],[-118.12048847,50.68208862],[-118.12069378,50.68196436],[-118.12086554,50.68181874],[-118.12103394,50.68167311],[-118.12126633,50.68157769],[-118.12151625,50.68149615],[-118.12177511,50.68142174],[-118.1220392,50.68135231],[-118.12230507,50.68128537],[-118.12254369,50.68122591],[-118.12283686,50.68116111],[-118.12293502,50.68114288],[-118.12310912,50.68111055],[-118.12338203,50.68106248],[-118.12365662,50.68101619],[-118.12393565,50.6809902],[-118.12407343,50.68099003],[-118.12421908,50.68098985],[-118.12450273,50.68099092],[-118.12452944,50.68098919],[-118.1247835,50.68097276],[-118.12506278,50.68094285],[-118.12534175,50.6809108],[-118.1256219,50.68088481],[-118.12590292,50.68086274],[-118.12618415,50.68084209],[-118.12646594,50.68082321],[-118.12674748,50.68080648],[-118.12703014,50.68078975],[-118.12731243,50.680778],[-118.12759542,50.68077657],[-118.12787802,50.68078191],[-118.12816049,50.6807901],[-118.12844327,50.68080043],[-118.128569,50.68080581],[-118.12872605,50.68081253],[-118.12872928,50.68081267],[-118.12900826,50.68082464],[-118.12929126,50.68083639],[-118.12957347,50.68084849],[-118.12985588,50.6808638],[-118.12993941,50.68086633],[-118.13009063,50.68087091],[-118.13013812,50.68087235],[-118.13042113,50.68086915],[-118.13070375,50.68085775],[-118.13098684,50.68084387],[-118.13126864,50.68085134],[-118.13154119,50.68090582],[-118.13177418,50.68103364],[-118.13185477,50.68108975],[-118.13195112,50.68115684],[-118.13219677,50.68123232],[-118.13246733,50.68125354],[-118.13248733,50.68125511],[-118.13276215,50.68129285],[-118.13286804,50.68136939],[-118.13294588,50.68142566],[-118.13313459,50.68155419],[-118.13342162,50.68158339],[-118.13353779,50.68155005],[-118.13367347,50.68151111],[-118.13392074,50.68142138],[-118.13417232,50.68133985],[-118.13444035,50.68128359],[-118.13469572,50.68124977],[-118.13500134,50.68122876],[-118.13528235,50.68125155],[-118.13556369,50.68128964],[-118.13582223,50.68135551],[-118.13589529,50.68139859],[-118.13603111,50.68147799],[-118.13620724,50.68157147],[-118.13624848,50.68159336],[-118.13650652,50.68166528],[-118.13650761,50.68166553],[-118.13677409,50.68172759],[-118.13702713,50.68180734],[-118.13720207,50.68188062],[-118.13726429,50.68190668],[-118.13749718,50.68202062],[-118.13772436,50.68202916],[-118.13797668,50.68193944],[-118.13824748,50.68188674],[-118.13829363,50.68188284],[-118.13852964,50.68186289],[-118.13880703,50.68188959],[-118.13908979,50.68190348],[-118.13931908,50.68189135],[-118.13937245,50.68188852],[-118.1394098,50.68187391],[-118.13960916,50.68179595],[-118.13980626,50.68166599],[-118.13991543,50.68160154],[-118.14001263,50.68154351],[-118.14023916,50.68142993],[-118.14048836,50.68135124],[-118.14076684,50.68132169],[-118.14105457,50.68131813],[-118.14133031,50.68135444],[-118.1416116,50.68138649],[-118.14162626,50.6813873],[-118.14183032,50.68139859],[-118.14190572,50.68139931],[-118.14215388,50.68133807],[-118.14239217,50.68122983],[-118.14249044,50.68120516],[-118.1426418,50.68116716],[-118.14291981,50.68119992],[-118.14320145,50.68124371],[-118.14344487,50.68127505],[-118.14348079,50.68127967],[-118.14352848,50.68128035],[-118.14375813,50.68128359],[-118.14403557,50.68124336],[-118.1443242,50.68124015],[-118.14436529,50.68124851],[-118.14440934,50.68125747],[-118.1445833,50.68129285],[-118.14480583,50.6814107],[-118.14501214,50.68153461],[-118.14515395,50.68161943],[-118.14522763,50.6816635],[-118.14544735,50.68176818],[-118.14569877,50.68184081],[-118.14591331,50.68182177],[-118.14598352,50.68181553],[-118.14609756,50.68180414],[-118.14626368,50.68178776],[-118.14639075,50.6817884],[-118.14654767,50.68178918],[-118.14682434,50.6818223],[-118.14708771,50.6818903],[-118.14721525,50.68193368],[-118.14733793,50.6819754],[-118.14744877,50.68202584],[-118.1475578,50.68207545],[-118.14766313,50.68210939],[-118.14781971,50.68215983],[-118.14807405,50.68215841],[-118.14838736,50.68213064],[-118.14866742,50.68211711],[-118.14874823,50.6821214],[-118.14894895,50.68213206],[-118.14923041,50.68215592],[-118.14951083,50.68218405],[-118.14979204,50.68221182],[-118.15007153,50.68224493],[-118.15034441,50.68229015],[-118.15056561,50.68234672],[-118.15060477,50.68235673],[-118.15085454,50.68244254],[-118.15110181,50.68253227],[-118.15135147,50.68261736],[-118.15160012,50.68270317],[-118.15184401,50.68279468],[-118.15208257,50.68289188],[-118.15220582,50.68294505],[-118.15231695,50.682993],[-118.15254613,50.68309874],[-118.15275993,50.68321624],[-118.15295352,50.68334869],[-118.15311836,50.68341114],[-118.15314084,50.68341965],[-118.15319696,50.68344091],[-118.1533706,50.68345238],[-118.15344161,50.68345707],[-118.15347735,50.68345943],[-118.15374067,50.68339819],[-118.15397374,50.68329279],[-118.15397613,50.68329158],[-118.15419506,50.68318028],[-118.15440979,50.68306314],[-118.15462641,50.68294742],[-118.15484698,50.68282993],[-118.15493845,50.68278062],[-118.15506891,50.68271029],[-118.15529846,50.68260953],[-118.15541258,50.68259406],[-118.15556114,50.68257392],[-118.15583388,50.68264051],[-118.15597359,50.68271346],[-118.15605344,50.68275515],[-118.1562816,50.68286339],[-118.15651994,50.68296095],[-118.15662702,50.68299656],[-118.15677086,50.68304498],[-118.15703563,50.68311085],[-118.15719215,50.68311804],[-118.1573146,50.68312367],[-118.15759925,50.68311263],[-118.15778119,50.68310089],[-118.15788057,50.68309447],[-118.15815904,50.68305175],[-118.15830473,50.6829847],[-118.15838343,50.68294849],[-118.15860626,50.68284417],[-118.15888015,50.68279717],[-118.1588844,50.68279643],[-118.15915561,50.68274946],[-118.1592858,50.68270658],[-118.15940964,50.68266579],[-118.15965544,50.68257036],[-118.15991765,50.6825223],[-118.16020535,50.68255577],[-118.16043165,50.68265724],[-118.16061605,50.68278197],[-118.16063062,50.68279183],[-118.1608697,50.68288298],[-118.16105085,50.68291787],[-118.16114546,50.68293603],[-118.16142632,50.68295205],[-118.16170848,50.68294315],[-118.1619913,50.68292001],[-118.16213294,50.6829042],[-118.16227204,50.68288867],[-118.16251728,50.68285118],[-118.16256783,50.68284346],[-118.16281947,50.68279432],[-118.16309136,50.6827434],[-118.16336774,50.68270922],[-118.16365354,50.68270958],[-118.16393941,50.68271599],[-118.16419924,50.68266899],[-118.16429495,50.68262733],[-118.16443576,50.68256609],[-118.16470864,50.68251802],[-118.16498396,50.68247316],[-118.16511569,50.68243289],[-118.1652367,50.6823959],[-118.16547431,50.68229656],[-118.16573731,50.6822314],[-118.16600842,50.68217728],[-118.16601224,50.68217642],[-118.16627689,50.68211675],[-118.16655171,50.68207972],[-118.1668356,50.68207796],[-118.16683831,50.68207794],[-118.16711068,50.68211782],[-118.16736978,50.68219081],[-118.16753411,50.68223756],[-118.16765512,50.68227199],[-118.16780513,50.68230469],[-118.16784081,50.68231247],[-118.16789684,50.68232469],[-118.1681682,50.68238023],[-118.16844118,50.68242972],[-118.16871626,50.68246889],[-118.16874269,50.6824703],[-118.16899555,50.68248384],[-118.16928031,50.68247174],[-118.16956386,50.68247209],[-118.16972173,50.68247743],[-118.16984745,50.68248206],[-118.17012793,50.68250485],[-118.17040494,50.6825401],[-118.17068136,50.68258069],[-118.17095572,50.68262626],[-118.17122769,50.68267647],[-118.17146185,50.68273308],[-118.17174888,50.68281604],[-118.17201289,50.68288048],[-118.17228098,50.68293852],[-118.1725509,50.68299371],[-118.17282242,50.68304463],[-118.173096,50.68309056],[-118.17337118,50.68313221],[-118.17364761,50.68317102],[-118.17392462,50.68320805],[-118.17420232,50.68324401],[-118.17447978,50.68328033],[-118.17475634,50.68331807],[-118.17503218,50.68336222],[-118.17531015,50.68339071],[-118.17559416,50.68339035],[-118.17587329,50.68336329],[-118.17614827,50.68331985],[-118.1762853,50.68329885],[-118.17642391,50.68327713],[-118.17670033,50.68323583],[-118.17698069,50.68320948],[-118.17726018,50.68322942],[-118.1775209,50.68329991],[-118.17778377,50.68336792],[-118.17805826,50.68341243],[-118.17833643,50.6834459],[-118.17861667,50.68347082],[-118.17889633,50.6834993],[-118.17917324,50.68353562],[-118.17945026,50.68357265],[-118.17972921,50.68360576],[-118.18000852,50.68363567],[-118.18028486,50.68367377],[-118.18037658,50.68369559],[-118.1805498,50.68373679],[-118.18081564,50.68379839],[-118.18109117,50.6838404],[-118.18126002,50.68386817],[-118.18136521,50.68388562],[-118.18136799,50.68388636],[-118.18162583,50.68395541],[-118.18188156,50.68403374],[-118.18215027,50.68408821],[-118.18243015,50.68411812],[-118.18271225,50.68413486],[-118.18299508,50.68412667],[-118.18310195,50.68411243],[-118.18327327,50.68408964],[-118.18353914,50.68406899],[-118.18355293,50.68406792],[-118.18383591,50.68407006],[-118.18405826,50.68407982],[-118.18411962,50.68408252],[-118.18440103,50.6841021],[-118.18468374,50.68413023],[-118.18494984,50.68418791],[-118.18519744,50.68427372],[-118.18543799,50.68437056],[-118.18560828,50.6844375],[-118.18568059,50.68446599],[-118.18593148,50.68454752],[-118.18619599,50.6846077],[-118.18646993,50.68465398],[-118.18674784,50.68469493],[-118.18702268,50.68473979],[-118.18729489,50.6847932],[-118.1875686,50.68483984],[-118.18760722,50.68484187],[-118.18784589,50.68485444],[-118.18812787,50.68482204],[-118.1883918,50.6847818],[-118.18868665,50.6847583],[-118.18894759,50.68481527],[-118.18917098,50.6849285],[-118.18923966,50.68495686],[-118.18940896,50.68502677],[-118.18965701,50.68511365],[-118.18989975,50.68520622],[-118.19012982,50.68531161],[-118.19035695,50.68541985],[-118.1904654,50.68546526],[-118.19055447,50.68550257],[-118.19059246,50.68551848],[-118.19084133,50.68560322],[-118.19109868,50.68567906],[-118.19136,50.68574955],[-118.19162223,50.68581863],[-118.19189011,50.68588236],[-118.19216492,50.68591761],[-118.19244577,50.68592046],[-118.19260609,50.68591405],[-118.19273009,50.68590907],[-118.19301483,50.6859023],[-118.19312955,50.68590635],[-118.19329733,50.68591227],[-118.1935789,50.68592722],[-118.19386068,50.68594538],[-118.19414221,50.68596568],[-118.19442363,50.68598704],[-118.19470459,50.68600912],[-118.19498555,50.68603119],[-118.19526709,50.68605149],[-118.19554964,50.68607107],[-118.1956776,50.68608078],[-118.19583106,50.68609243],[-118.19611133,50.68611736],[-118.19639045,50.68614762],[-118.19666615,50.68618501],[-118.19694102,50.68622809],[-118.19721419,50.68627473],[-118.19748645,50.68632458],[-118.1977579,50.68637656],[-118.19802855,50.68643068],[-118.1982983,50.68648623],[-118.19856726,50.68654213],[-118.1988063,50.68660088],[-118.19909006,50.68668028],[-118.19935152,50.68674971],[-118.19962015,50.68680525],[-118.19972178,50.68682356],[-118.19989286,50.68685439],[-118.19999953,50.68687219],[-118.20016728,50.68689996],[-118.2004434,50.68694375],[-118.20071907,50.68698648],[-118.20099463,50.68703028],[-118.20126928,50.68707549],[-118.20154143,50.68712463],[-118.20181087,50.68717804],[-118.20207644,50.6872375],[-118.20230134,50.68729755],[-118.20236315,50.68731405],[-118.20258943,50.6873849],[-118.20283753,50.68747178],[-118.20308325,50.68756329],[-118.20332795,50.6876555],[-118.2035748,50.68774523],[-118.20382505,50.68782961],[-118.20408155,50.6879051],[-118.20432726,50.68796335],[-118.20437741,50.68797524],[-118.20461788,50.68802473],[-118.20489239,50.68807636],[-118.20516611,50.68812834],[-118.20543621,50.68818424],[-118.20546915,50.68819226],[-118.20569941,50.68824833],[-118.20595186,50.68832488],[-118.20619264,50.68841532],[-118.20628648,50.68845591],[-118.20642506,50.68851537],[-118.20665125,50.68862254],[-118.20687235,50.68873505],[-118.2070904,50.68885148],[-118.20730675,50.68896969],[-118.20749128,50.68903378],[-118.20770187,50.6890993],[-118.20785739,50.68915083],[-118.20786196,50.68915235],[-118.20806044,50.68917513],[-118.20800756,50.68933791],[-118.20798438,50.68940929],[-118.2079383,50.68955113],[-118.20784145,50.69000474],[-118.20778077,50.69024085],[-118.20775104,50.69035652],[-118.20772848,50.69058154],[-118.20766572,50.690897],[-118.20765861,50.69100428],[-118.2076586,50.69100437],[-118.2076586,50.69100446],[-118.20765241,50.69109782],[-118.20759858,50.6912705],[-118.20752888,50.69143613],[-118.2075284,50.69143728],[-118.20752426,50.6914471],[-118.20745739,50.69160056],[-118.20743642,50.69163875],[-118.20736298,50.69177254],[-118.20728108,50.69189929],[-118.20713014,50.69208942],[-118.2070624,50.69219837],[-118.20699673,50.6923967],[-118.20695847,50.69255906],[-118.20693444,50.69272996],[-118.20686878,50.6929468],[-118.20681652,50.69310026],[-118.20670819,50.69330819],[-118.2065573,50.69348942],[-118.2063657,50.69375219],[-118.20620197,50.6939968],[-118.20606084,50.69418123],[-118.20588614,50.69437777],[-118.20568263,50.69454191],[-118.20546933,50.69468789],[-118.20521893,50.69485239],[-118.20503718,50.69494532],[-118.20478506,50.69505783],[-118.20447631,50.69516572],[-118.20433024,50.69554491],[-118.20418083,50.69578026],[-118.20402538,50.69597395],[-118.20390567,50.69610712],[-118.20360223,50.69640691],[-118.20335252,50.69660737],[-118.20304661,50.69682634],[-118.20295136,50.69698906],[-118.20287221,50.6972059],[-118.20276432,50.69741668],[-118.20276562,50.69772253],[-118.20294179,50.69807858],[-118.20336721,50.69847665],[-118.20396239,50.69887649],[-118.20422558,50.69907659],[-118.20423213,50.69931337],[-118.20398089,50.69958682],[-118.20332744,50.70005218],[-118.20345827,50.70026154],[-118.20348947,50.70049404],[-118.20319512,50.70091988],[-118.20284444,50.701345],[-118.20243642,50.70177013],[-118.20260943,50.70187623],[-118.20274618,50.70195278],[-118.20293405,50.70203468],[-118.20332425,50.70214755],[-118.20384818,50.70215111],[-118.20398968,50.70214078],[-118.20418284,50.70212084],[-118.20437089,50.7021098],[-118.2047386,50.70207883],[-118.20513443,50.70204785],[-118.20552907,50.70198697],[-118.20595193,50.70190472],[-118.20627548,50.70182923],[-118.2063884,50.70180111],[-118.20650128,50.70178188],[-118.20720644,50.70168183],[-118.20768546,50.70158997],[-118.20814958,50.70146499],[-118.20842661,50.70140518],[-118.20877965,50.70136281],[-118.20889933,50.70137349],[-118.20899781,50.70139628],[-118.20917549,50.70151448],[-118.20930854,50.70161097],[-118.20949787,50.701695],[-118.20974372,50.70176621],[-118.21016099,50.70184276],[-118.21054067,50.70192893],[-118.21093013,50.70201474],[-118.21128072,50.7020742],[-118.21144098,50.70210945],[-118.21164678,50.70216321],[-118.21192265,50.70225614],[-118.21232191,50.70236011],[-118.21261005,50.70253707],[-118.2129972,50.70272186],[-118.21325544,50.70285395],[-118.21317069,50.70304088],[-118.21306591,50.70318864],[-118.21241573,50.7037982],[-118.2117168,50.70420802],[-118.21084338,50.7045687],[-118.20979525,50.7048806],[-118.20811761,50.70518254],[-118.20813162,50.70572196],[-118.20815132,50.7064864],[-118.2080212,50.70717714],[-118.20774229,50.7078305],[-118.20731416,50.70844362],[-118.20718449,50.70903039],[-118.20720307,50.70956981],[-118.20751394,50.70997429],[-118.20767301,50.71033461],[-118.20808818,50.71064509],[-118.20846794,50.71102179],[-118.20896389,50.71134936],[-118.20921405,50.71165058],[-118.20936722,50.71189661],[-118.20943256,50.71205185],[-118.20953167,50.7122459],[-118.20966188,50.71254214],[-118.20974533,50.7128341],[-118.20971419,50.71310114],[-118.20967388,50.71335963],[-118.20964635,50.71394427],[-118.20966827,50.71424371],[-118.209662,50.71455561],[-118.20968276,50.71481624],[-118.20970015,50.71493908],[-118.20970404,50.71508578],[-118.20971176,50.71539162],[-118.20973104,50.71558923],[-118.20972202,50.7157783],[-118.20982001,50.71628069],[-118.20975023,50.71633552],[-118.2092212,50.71674783],[-118.20880338,50.7172107],[-118.20843077,50.71771914],[-118.20807567,50.71823541],[-118.20765484,50.7187613],[-118.20737882,50.71930179],[-118.20734705,50.71989675],[-118.20765671,50.72055616],[-118.20816359,50.72128037],[-118.2086308,50.72181516],[-118.20945857,50.72260703],[-118.20864905,50.7227231],[-118.2078376,50.72293851],[-118.2076606,50.72326608],[-118.20753837,50.72359507],[-118.2075454,50.72387386],[-118.20764444,50.72422635],[-118.20777823,50.72453398],[-118.20790041,50.72477325],[-118.20813343,50.72495768],[-118.20825498,50.72526424],[-118.20850857,50.72569827],[-118.20868938,50.72623698],[-118.20891001,50.72680061],[-118.20908602,50.72716129],[-118.20927215,50.72747426],[-118.20955567,50.72771816],[-118.20982399,50.72799303],[-118.21025455,50.72839038],[-118.21062071,50.72872721],[-118.21099369,50.72902416],[-118.21117195,50.72916302],[-118.21119667,50.72940086],[-118.21112699,50.72961734],[-118.21096155,50.72981281],[-118.21079927,50.73011118],[-118.21067738,50.73032838],[-118.21049928,50.73056408],[-118.21039475,50.73072395],[-118.21029615,50.73091693],[-118.21021795,50.73117863],[-118.21013819,50.73138621],[-118.20995009,50.73161907],[-118.20965154,50.7318708],[-118.20938166,50.73210045],[-118.20917888,50.7322945],[-118.20908821,50.73244938],[-118.2088953,50.73264913],[-118.20871593,50.73283997],[-118.20845755,50.73327435],[-118.20838958,50.73338295],[-118.20822647,50.73363931],[-118.20807625,50.73380202],[-118.2079316,50.73392415],[-118.20779184,50.73400675],[-118.20766572,50.73405909],[-118.20751037,50.73415736],[-118.20734925,50.73431687],[-118.20718179,50.73453763],[-118.20705035,50.73475482],[-118.20692654,50.73495207],[-118.20682056,50.73518671],[-118.20673311,50.73545945],[-118.20674536,50.73580802],[-118.20675218,50.73613773],[-118.20675413,50.73644856],[-118.207856,50.7366921],[-118.20903528,50.73699439],[-118.21012231,50.73718701],[-118.21100245,50.73742984],[-118.2112763,50.73760075],[-118.21158529,50.73773854],[-118.21192447,50.73783681],[-118.21246112,50.73799525],[-118.21298409,50.73813981],[-118.21344296,50.73833564],[-118.21401099,50.73849871],[-118.2146274,50.73883518],[-118.21534423,50.73927918],[-118.21620024,50.73972994],[-118.21691977,50.74009632],[-118.21746147,50.74032917],[-118.21773565,50.74051646],[-118.21800481,50.74063645],[-118.21831139,50.74073828],[-118.21878515,50.74079311],[-118.2194446,50.74048335],[-118.22014514,50.74023019],[-118.22056996,50.74051681],[-118.22104793,50.74079952],[-118.22173321,50.74116412],[-118.22244086,50.74148029],[-118.22320915,50.7417719],[-118.22404329,50.74205995],[-118.22490815,50.74244662],[-118.2254271,50.74277383],[-118.22678929,50.74338019],[-118.22737602,50.74351406],[-118.22778583,50.74365364],[-118.22797436,50.74377042],[-118.22803042,50.74386193],[-118.22803754,50.74395165],[-118.22805341,50.74401432],[-118.22808363,50.74409514],[-118.2281488,50.74422011],[-118.22823207,50.74435114],[-118.22832566,50.74449428],[-118.22838018,50.74457759],[-118.22845311,50.74467266],[-118.22849756,50.74473817],[-118.2285422,50.74481579],[-118.22861575,50.74492581],[-118.22868994,50.74505078],[-118.22874933,50.74515831],[-118.22898236,50.74533349],[-118.22923065,50.74548908],[-118.2295279,50.74564468],[-118.22985816,50.74582093],[-118.23021033,50.74621508],[-118.23070204,50.74664554],[-118.23130454,50.74727184],[-118.23204309,50.7479843],[-118.23276883,50.74869925],[-118.23348223,50.74941599],[-118.23432248,50.75010851],[-118.23509875,50.7505023],[-118.23559679,50.75075474],[-118.23574072,50.75090998],[-118.23580899,50.75110902],[-118.23578517,50.75128028],[-118.23576189,50.75146044],[-118.2357664,50.75164025],[-118.23575688,50.75181115],[-118.23570521,50.75200057],[-118.23564177,50.75228292],[-118.23560636,50.75256812],[-118.23561094,50.75273012],[-118.23621386,50.75289462],[-118.23682305,50.75299609],[-118.23745659,50.75320011],[-118.23799918,50.75340733],[-118.23858634,50.75350276],[-118.23907448,50.75374167],[-118.23966979,50.75390403],[-118.24018919,50.75419919],[-118.24089894,50.75441354],[-118.24170176,50.75467986],[-118.24281761,50.75494868],[-118.24398294,50.75515911],[-118.24399749,50.75572559],[-118.24406723,50.75645336],[-118.24423449,50.75704797],[-118.24449847,50.75750977],[-118.24422639,50.75810936],[-118.24369682,50.75881043],[-118.24308987,50.75944634],[-118.24283142,50.75987289],[-118.24278732,50.76034216],[-118.24288193,50.76093962],[-118.2431156,50.76161861],[-118.24354373,50.76224669],[-118.24413053,50.76264084],[-118.24469556,50.76296556],[-118.24518209,50.76330844],[-118.24550978,50.76379338],[-118.2458433,50.76419465],[-118.2459849,50.7645888],[-118.24631514,50.76486403],[-118.24656204,50.76520228],[-118.24689916,50.76543122],[-118.24710816,50.76570503],[-118.24748373,50.76591154],[-118.24797511,50.76614226],[-118.24872908,50.76640716],[-118.24942222,50.76669343],[-118.25016595,50.76711998],[-118.25102227,50.76766545],[-118.25109299,50.7680304],[-118.25130168,50.76858869],[-118.25153938,50.76934174],[-118.25166833,50.77009586],[-118.25076657,50.77084891],[-118.25032892,50.77139225],[-118.25003663,50.77177394],[-118.24990018,50.77204311],[-118.2497691,50.77227455],[-118.2496601,50.77261137],[-118.24963305,50.77302226],[-118.24961559,50.77325654],[-118.24957502,50.77349972],[-118.24949126,50.77372226],[-118.24938364,50.77393624],[-118.2492516,50.77414169],[-118.24877154,50.77420969],[-118.24855826,50.77437988],[-118.24836981,50.77458283],[-118.24817593,50.77474377],[-118.24795288,50.77490186],[-118.24836149,50.77533517],[-118.2487717,50.77582546],[-118.24905467,50.7764959],[-118.24920805,50.7772899],[-118.24938217,50.77796426],[-118.24969639,50.77858557],[-118.25030715,50.77914244],[-118.2510735,50.77968578],[-118.25205041,50.78033308],[-118.25304806,50.78086075],[-118.25380693,50.78113455],[-118.25342945,50.78132753],[-118.2530356,50.78146639],[-118.25291561,50.7815668],[-118.25277281,50.78170317],[-118.25332994,50.78185912],[-118.25414248,50.78218598],[-118.25501568,50.78247936],[-118.25591276,50.78277952],[-118.25677307,50.7831199],[-118.25715747,50.78335561],[-118.25726599,50.7838701],[-118.25732861,50.78443302],[-118.25735938,50.78506217],[-118.25746568,50.78591242],[-118.25767222,50.78662061],[-118.2579968,50.7870849],[-118.25835691,50.78734482],[-118.25857541,50.78754029],[-118.25862012,50.78781267],[-118.25863239,50.78808826],[-118.25866906,50.78840265],[-118.25866447,50.78857071],[-118.25861401,50.7887498],[-118.25852846,50.78897981],[-118.25839473,50.78927783],[-118.25823366,50.78974247],[-118.25808662,50.79024451],[-118.258108,50.79075188],[-118.25796142,50.79116704],[-118.25790876,50.79160641],[-118.25779432,50.79210239],[-118.25762466,50.79282055],[-118.25884664,50.79342797],[-118.25909828,50.79378011],[-118.25956451,50.79404786],[-118.26032717,50.79418031],[-118.26128031,50.79422019],[-118.26148511,50.79446052],[-118.26090163,50.79485681],[-118.26018281,50.79527197],[-118.25892372,50.79576546],[-118.25846785,50.79570528],[-118.25805392,50.79560381],[-118.25779232,50.79538199],[-118.2574888,50.79517833],[-118.25646476,50.7956031],[-118.25562924,50.79607878],[-118.25505021,50.79670437],[-118.25459913,50.79746667],[-118.25549268,50.79780777],[-118.25602618,50.79812502],[-118.25646968,50.79843585],[-118.25639955,50.79899806],[-118.25668991,50.79948478],[-118.25726797,50.79993091],[-118.25793368,50.80040945],[-118.25845322,50.80095955],[-118.25846658,50.80146301],[-118.2583878,50.80163356],[-118.2583131,50.80178345],[-118.25829775,50.8019775],[-118.25837449,50.80226448],[-118.25859824,50.80260665],[-118.25893817,50.80293884],[-118.25930282,50.80323472],[-118.25960169,50.80350105],[-118.25980646,50.80378696],[-118.25983739,50.80440685],[-118.26026861,50.80478889],[-118.26080639,50.80525176],[-118.26146569,50.80567226],[-118.26227333,50.80602938],[-118.26308731,50.80634448],[-118.26366668,50.80670267],[-118.26410949,50.80705766],[-118.26427315,50.80750557],[-118.26471112,50.80789758],[-118.26513486,50.8084046],[-118.26568832,50.80893014],[-118.26609269,50.8095283],[-118.26667417,50.80998476],[-118.26741662,50.8103223],[-118.26820452,50.81058364],[-118.26869548,50.81082896],[-118.26887033,50.81110811],[-118.26892934,50.81132103],[-118.26898238,50.81157632],[-118.26902797,50.81187362],[-118.26895801,50.81243796],[-118.2691688,50.81299946],[-118.26952308,50.81354707],[-118.26879635,50.81380663],[-118.2681449,50.81408969],[-118.26752804,50.81432433],[-118.26707699,50.81442794],[-118.26658795,50.81454437],[-118.26629232,50.8145903],[-118.26598024,50.81464976],[-118.26565079,50.8147224],[-118.26552444,50.81477153],[-118.2654124,50.81482387],[-118.26459243,50.8151283],[-118.26362245,50.81531095],[-118.26319858,50.81520164],[-118.26276592,50.81511334],[-118.26250963,50.81508913],[-118.26252107,50.81539676],[-118.26245069,50.81570724],[-118.26194828,50.81615622],[-118.26135502,50.81660627],[-118.26066978,50.81705739],[-118.26026723,50.81745367],[-118.26001223,50.81776914],[-118.25964086,50.81768902],[-118.2592999,50.8176819],[-118.25891542,50.81781293],[-118.25848741,50.8180821],[-118.25918659,50.81873119],[-118.2600112,50.81878531],[-118.26070111,50.81904772],[-118.26125632,50.81951842],[-118.26157551,50.82005748],[-118.2617899,50.8205289],[-118.26186305,50.82077386],[-118.26195887,50.82099461],[-118.26219333,50.82126165],[-118.26261424,50.82147813],[-118.26314517,50.82164726],[-118.26403816,50.82175728],[-118.26481462,50.82199797],[-118.26547466,50.82236826],[-118.26581452,50.8223469],[-118.26602252,50.82251246],[-118.26622014,50.82264812],[-118.26665543,50.8229942],[-118.26699351,50.82305936],[-118.26732606,50.82312167],[-118.26765422,50.82318113],[-118.26759011,50.82382737],[-118.26759085,50.82450387],[-118.26800059,50.82441841],[-118.26804843,50.8245619],[-118.26816943,50.82473138],[-118.26849697,50.82493255],[-118.26888481,50.82509812],[-118.26935379,50.82518001],[-118.26978242,50.82526154],[-118.27007375,50.82535697],[-118.27017323,50.82548301],[-118.27010638,50.82581841],[-118.26997474,50.82618764],[-118.26988548,50.82655936],[-118.26994199,50.82691541],[-118.27023479,50.82699516],[-118.27052548,50.82712904],[-118.27081483,50.82731668],[-118.27109543,50.82755025],[-118.27138086,50.82776993],[-118.27167497,50.82796968],[-118.27207754,50.82816907],[-118.27223351,50.82826556],[-118.27240109,50.82838733],[-118.27251684,50.82854292],[-118.27262268,50.82871774],[-118.27278195,50.82887583],[-118.27298835,50.82903962],[-118.27324211,50.82920874],[-118.27349693,50.82946261],[-118.27368217,50.82966164],[-118.2737977,50.82980513],[-118.27401619,50.8299917],[-118.27406285,50.83014694],[-118.27404887,50.83033209],[-118.27400705,50.83053717],[-118.27390403,50.83075436],[-118.27378829,50.83101927],[-118.27404738,50.83137425],[-118.27444605,50.83171357],[-118.27380374,50.83222628],[-118.27329725,50.83268559],[-118.27282787,50.83300426],[-118.27258009,50.83323997],[-118.27227579,50.83341799],[-118.27212669,50.8336804],[-118.271888,50.8340158],[-118.27176828,50.83436901],[-118.27162304,50.83465919],[-118.27158905,50.83491341],[-118.27150207,50.83514805],[-118.27139355,50.8353891],[-118.27118243,50.83563727],[-118.27094715,50.83585054],[-118.27069225,50.83605029],[-118.27041793,50.83623615],[-118.27032832,50.83642414],[-118.27021695,50.83662602],[-118.27008395,50.8368425],[-118.26948293,50.83726941],[-118.26884362,50.83760624],[-118.26816566,50.83785262],[-118.26801362,50.83853767],[-118.26799307,50.83935623],[-118.26820967,50.83947373],[-118.26837847,50.83960084],[-118.26852959,50.83974611],[-118.26864641,50.83987963],[-118.26871686,50.83997683],[-118.26877964,50.84007902],[-118.26881155,50.8402015],[-118.26881283,50.84024672],[-118.26881563,50.8403546],[-118.26884835,50.84050699],[-118.26887898,50.84059672],[-118.26887957,50.84062342],[-118.26904865,50.84092037],[-118.2693131,50.84118243],[-118.26967259,50.84140923],[-118.27013725,50.8415901],[-118.27040174,50.84163817],[-118.27067025,50.84163532],[-118.27094163,50.84158156],[-118.27123792,50.84150715],[-118.2715576,50.84148578],[-118.2719009,50.84151711],[-118.27197428,50.84159723],[-118.27242998,50.84215872],[-118.2727109,50.84227444],[-118.27292451,50.84241009],[-118.27305212,50.84258278],[-118.27310693,50.8427957],[-118.27310695,50.84303283],[-118.27310942,50.84313146],[-118.2731269,50.84323934],[-118.27314382,50.84334722],[-118.27320535,50.84351742],[-118.27323941,50.84373283],[-118.27386551,50.84411772],[-118.27450939,50.84445312],[-118.2749801,50.84463613],[-118.27540066,50.84484229],[-118.2755913,50.84507408],[-118.27563535,50.84512749],[-118.2757895,50.84539559],[-118.27591807,50.84558288],[-118.27607344,50.84574025],[-118.27618211,50.84588588],[-118.27624216,50.84602011],[-118.27637904,50.84617464],[-118.27661014,50.84636299],[-118.2768574,50.84657484],[-118.27712093,50.8468109],[-118.27737269,50.84701207],[-118.2776248,50.84721894],[-118.27778422,50.8473432],[-118.27838566,50.84723389],[-118.2788185,50.84712992],[-118.27910531,50.8470491],[-118.27943661,50.84700139],[-118.27970494,50.84693552],[-118.27997329,50.84687855],[-118.28007206,50.84685968],[-118.28029883,50.84683013],[-118.28042129,50.8468166],[-118.28064305,50.84683333],[-118.28101093,50.84690525],[-118.28152607,50.84703236],[-118.28275487,50.84729371],[-118.28398513,50.847617],[-118.2851842,50.84834121],[-118.28610955,50.84910423],[-118.28699585,50.84982916],[-118.28784357,50.85051527],[-118.28790359,50.85114406],[-118.28794437,50.85158734],[-118.28796556,50.85184477],[-118.28860924,50.85235321],[-118.28932789,50.85281893],[-118.28863338,50.85339324],[-118.28864303,50.85374395],[-118.28862135,50.85398714],[-118.28850054,50.85423993],[-118.28839072,50.8543941],[-118.28841984,50.85459171],[-118.28862882,50.85488403],[-118.28901667,50.85527177],[-118.2893227,50.85600061],[-118.28949344,50.85675615],[-118.29017242,50.85716526],[-118.29059534,50.85751989],[-118.29073075,50.8577118],[-118.29080469,50.8578528],[-118.29087622,50.85808601],[-118.29099739,50.85837904],[-118.29131478,50.85891241],[-118.29131497,50.85892137],[-118.29131516,50.85893057],[-118.29133571,50.85916414],[-118.29133925,50.85929872],[-118.29137641,50.85959532],[-118.29140681,50.85967578],[-118.29152771,50.85993535],[-118.29166234,50.86017675],[-118.29172119,50.86026576],[-118.29195058,50.86050005],[-118.29218035,50.86064353],[-118.29241255,50.86076174],[-118.29266611,50.86084613],[-118.29298884,50.86098534],[-118.29335192,50.86116515],[-118.29387356,50.86151907],[-118.29426193,50.8616946],[-118.29475263,50.86197695],[-118.29474382,50.86217492],[-118.29473949,50.86251673],[-118.29473164,50.86274175],[-118.29471011,50.86300274],[-118.29473034,50.86321815],[-118.29473327,50.86331713],[-118.29472448,50.863524],[-118.29468881,50.86376718],[-118.29467939,50.86393844],[-118.29465391,50.86404668],[-118.29462903,50.86417273],[-118.29456438,50.86441627],[-118.2945389,50.86452451],[-118.29485926,50.86479083],[-118.29500127,50.86472496],[-118.29898467,50.86259228],[-118.30443337,50.85889383],[-118.3100221,50.85774496],[-118.31770562,50.85761887],[-118.3219687,50.857049],[-118.32524635,50.85451809],[-118.32509871,50.85132297],[-118.3250982,50.84905529],[-118.3286078,50.84820461],[-118.33068398,50.84849353],[-118.33733799,50.84650837],[-118.34082032,50.84525958],[-118.34855158,50.84255284],[-118.35529315,50.84160007],[-118.35580444,50.84154136],[-118.35976756,50.83927252],[-118.36342219,50.83882475],[-118.36766338,50.84014418],[-118.36954528,50.84074024],[-118.37014347,50.8403368],[-118.37262926,50.83858696],[-118.37363041,50.8340402],[-118.37466693,50.83191465],[-118.37986413,50.83086405],[-118.3834869,50.83174463],[-118.38734394,50.83109974],[-118.39007968,50.83063327],[-118.39708732,50.83137354],[-118.40248378,50.83194299],[-118.4100686,50.83431592],[-118.41278715,50.8340902],[-118.41376386,50.83400851],[-118.41617469,50.83187757],[-118.41897533,50.82941145],[-118.42072132,50.82787383],[-118.42114486,50.82750082],[-118.42353347,50.82566656],[-118.42501704,50.82572957],[-118.42615505,50.82577789],[-118.42802882,50.82585743],[-118.42942904,50.82587716],[-118.43197042,50.82591292],[-118.43339094,50.82578672],[-118.43499619,50.82564409],[-118.43606869,50.82442026],[-118.43537912,50.82191619],[-118.43290231,50.81990581],[-118.42938437,50.81869583],[-118.42928455,50.81619517],[-118.42919863,50.81404246],[-118.42919074,50.81384471],[-118.42876213,50.8130859],[-118.42696477,50.80990356],[-118.42850542,50.80524182],[-118.43058941,50.80211857],[-118.43492654,50.79954584],[-118.43269954,50.79712759],[-118.43000153,50.79517996],[-118.4340694,50.79037981],[-118.43576939,50.7883998],[-118.43719312,50.78674434],[-118.43937202,50.78645514],[-118.44729544,50.78545667],[-118.45038973,50.78504524],[-118.44856504,50.78166962],[-118.44967915,50.7805897],[-118.45078824,50.77951999],[-118.4517417,50.77889946],[-118.45344163,50.77779305],[-118.45419947,50.77729977],[-118.45537637,50.77653316],[-118.45532126,50.77522346],[-118.45524501,50.77314412],[-118.45522212,50.7725199],[-118.45230269,50.76911346],[-118.45049014,50.76791035],[-118.4488138,50.76679756],[-118.44899974,50.76569832],[-118.44002985,50.75375338],[-118.43074981,50.75222021],[-118.43146367,50.74741271],[-118.43160142,50.74648491],[-118.43230102,50.73683961],[-118.43208124,50.73559709],[-118.4307585,50.72811153],[-118.41472659,50.72430462],[-118.41262035,50.72322371],[-118.40932807,50.72153848],[-118.40912699,50.7214358],[-118.40692965,50.72030825],[-118.40790447,50.71484639],[-118.40832361,50.71248662],[-118.40841083,50.71199552],[-118.40985974,50.71090957],[-118.41146631,50.70970536],[-118.41458882,50.70736464]]]},"geometry_name":"SHAPE","properties":{"id":287,"slug":"kootenay-monashee","name":"Kootenay-Monashee","abbreviation":"KOM","gazetteDate":"2023-12-07Z","boundarySet":11},"bbox":[-118.79080598,49.00017138,-117.19063624,50.86479083]}
