{"type":"Feature","id":308,"geometry":{"type":"Polygon","coordinates":[[[-119.69538959,49.77598218],[-119.69868959,49.77464009],[-119.7030638,49.77293424],[-119.71618472,49.76759239],[-119.71631141,49.76750421],[-119.71955161,49.76524885],[-119.72457432,49.75935713],[-119.72535126,49.75844561],[-119.72720526,49.75627028],[-119.73297651,49.74871236],[-119.73515349,49.74578145],[-119.73527662,49.74561566],[-119.73694956,49.74336303],[-119.74029094,49.73686436],[-119.74041368,49.73664124],[-119.74041514,49.73663859],[-119.74041525,49.73663839],[-119.74046037,49.73655638],[-119.74145068,49.73323268],[-119.74163945,49.73259907],[-119.74164302,49.73258707],[-119.74165073,49.73256121],[-119.74196728,49.73149865],[-119.74194306,49.7310865],[-119.74194278,49.73108186],[-119.74190198,49.7303877],[-119.74157484,49.72482054],[-119.74063814,49.7230328],[-119.73937801,49.72147471],[-119.73878443,49.72074084],[-119.73866039,49.72058748],[-119.7381967,49.72001418],[-119.7371921,49.71917797],[-119.73592991,49.71812727],[-119.73252798,49.71529507],[-119.73113941,49.71413355],[-119.73079062,49.71384177],[-119.72894716,49.7122996],[-119.72894737,49.7122996],[-119.72894742,49.7122996],[-119.75224303,49.71228856],[-119.75229809,49.71228856],[-119.7545442,49.71229105],[-119.75462822,49.71229141],[-119.75534085,49.71229212],[-119.75538545,49.71229212],[-119.75942693,49.71229675],[-119.76793228,49.71229889],[-119.76820955,49.7123028],[-119.76971881,49.71232408],[-119.77169672,49.71235194],[-119.79408632,49.71236191],[-119.7945331,49.71236155],[-119.79729035,49.71235941],[-119.79999937,49.71235692],[-119.83563067,49.71232096],[-119.83563067,49.7123214],[-119.83563266,49.71249846],[-119.83563408,49.71262438],[-119.83574297,49.72229612],[-119.83582352,49.72941966],[-119.83586262,49.732861],[-119.8359047,49.73656457],[-119.83599001,49.74379848],[-119.8360041,49.74499802],[-119.83602234,49.74654438],[-119.83606566,49.75021739],[-119.83607526,49.75103204],[-119.83609916,49.75303943],[-119.83614119,49.75653305],[-119.8362485,49.7654988],[-119.83625401,49.76549877],[-119.83698941,49.76549508],[-119.83848572,49.76548755],[-119.83849911,49.76548749],[-119.84741713,49.76544219],[-119.8585853,49.76538451],[-119.86061518,49.76539542],[-119.91289676,49.76566351],[-119.91358299,49.76566686],[-119.95825435,49.76587657],[-119.97250854,49.76596826],[-119.97253664,49.76596844],[-119.97812038,49.76596452],[-119.97812042,49.76033284],[-119.97812065,49.71500595],[-119.97812046,49.71240641],[-119.97812029,49.71112106],[-119.99675804,49.71112213],[-119.99674568,49.70440449],[-119.9967449,49.7039167],[-119.9973157,49.70391599],[-119.9975772,49.70391599],[-119.99854053,49.70391528],[-119.9991796,49.70391457],[-119.99920547,49.70391457],[-119.99998822,49.70391385],[-120.00000034,49.70391385],[-120.00028882,49.70391385],[-120.0008312,49.70391457],[-120.00252025,49.70391456],[-120.0025463,49.70384264],[-120.00254699,49.70383445],[-120.00257999,49.70275633],[-120.00260452,49.70000013],[-120.00260671,49.6998958],[-120.0026756,49.69668243],[-120.00131269,49.69667887],[-120.00049353,49.69667282],[-119.99998853,49.69667673],[-119.99695665,49.69664754],[-119.99110415,49.69659021],[-119.99110288,49.69658861],[-119.99108009,49.69658839],[-119.99062042,49.69658457],[-119.99008446,49.69657694],[-119.97992782,49.69647775],[-119.97457324,49.69642437],[-119.97497635,49.689269],[-119.97488866,49.6819683],[-119.97489051,49.6819683],[-119.97489015,49.6819371],[-119.97488804,49.68087228],[-119.97488207,49.67639492],[-119.97488166,49.67605062],[-119.97487966,49.67470403],[-119.97486918,49.66747083],[-119.974869,49.66729387],[-119.97486917,49.66729381],[-119.97486917,49.66729371],[-119.97486881,49.66725995],[-119.97592305,49.66690996],[-119.97695014,49.66647869],[-119.97750547,49.66626647],[-119.9781308,49.66614142],[-119.97881326,49.66604389],[-119.97978118,49.66600596],[-119.98078428,49.66601411],[-119.98174175,49.66595645],[-119.98203427,49.66593147],[-119.98204476,49.66592653],[-119.9825781,49.66588097],[-119.98259611,49.66588348],[-119.98259665,49.66588344],[-119.98319709,49.66608187],[-119.9839735,49.66616082],[-119.98492473,49.66620225],[-119.98556832,49.66615709],[-119.98558342,49.66615201],[-119.98596022,49.66612557],[-119.98687892,49.66616384],[-119.98764787,49.66614598],[-119.98826815,49.66616495],[-119.98899789,49.66601015],[-119.98987119,49.66581065],[-119.99088742,49.66565643],[-119.99192445,49.66566561],[-119.99296714,49.66569162],[-119.99388914,49.66573373],[-119.99469651,49.66573983],[-119.99526558,49.66590303],[-119.99584429,49.66592203],[-119.9964204,49.66589912],[-119.99711168,49.66572027],[-119.99738525,49.66616201],[-119.99759765,49.66648539],[-119.99784937,49.66669678],[-119.99806351,49.66687316],[-119.99831825,49.66708347],[-119.99835768,49.6671519],[-119.99835785,49.66715416],[-119.99836315,49.66716334],[-119.99836375,49.6671642],[-119.99835897,49.66716891],[-119.99835933,49.66717363],[-119.99824669,49.66728435],[-119.99809855,49.66740838],[-119.9980456,49.66781785],[-119.99805983,49.66826184],[-119.99809268,49.66836928],[-119.99815146,49.66850326],[-119.99823355,49.66865724],[-119.99823624,49.66866396],[-119.99823635,49.66866406],[-119.99851905,49.66879627],[-119.99879988,49.66892993],[-119.99890547,49.66898108],[-119.99892016,49.66898481],[-119.99907754,49.66906104],[-119.99976574,49.66939005],[-120.00021485,49.66935173],[-120.00064053,49.66907514],[-120.0007632,49.66891812],[-120.00076699,49.66891869],[-120.00104392,49.6685642],[-120.00119453,49.66881709],[-120.00142018,49.66906043],[-120.0014236,49.66906141],[-120.00145844,49.66909898],[-120.00193943,49.66937416],[-120.00246644,49.66962414],[-120.00303671,49.66993938],[-120.00349039,49.67037257],[-120.00389224,49.67084738],[-120.00426203,49.67119583],[-120.00465704,49.67140998],[-120.00486552,49.67147635],[-120.0049955,49.6715417],[-120.00512341,49.67171594],[-120.00517669,49.6717926],[-120.00517792,49.67179665],[-120.00523919,49.6718848],[-120.00529189,49.67197603],[-120.00529434,49.67197831],[-120.00533828,49.67205438],[-120.00547782,49.6722649],[-120.00563397,49.67243089],[-120.00582999,49.67262488],[-120.00593576,49.67270859],[-120.00606863,49.67280199],[-120.00631005,49.67293419],[-120.00653541,49.67310197],[-120.00674637,49.67327835],[-120.00772826,49.67301586],[-120.00860877,49.67274875],[-120.0093649,49.67252538],[-120.00987404,49.67228564],[-120.01025846,49.67219562],[-120.0104998,49.67222884],[-120.0107101,49.67239121],[-120.01082474,49.67255611],[-120.01130302,49.67239254],[-120.01182615,49.6722761],[-120.01217466,49.67219413],[-120.01253139,49.67207839],[-120.01288071,49.67203343],[-120.01350664,49.67197362],[-120.01407852,49.6719414],[-120.01445499,49.6719811],[-120.01486651,49.67197673],[-120.01535651,49.67194838],[-120.01592591,49.6718811],[-120.01678366,49.67190922],[-120.01763614,49.6721741],[-120.01852776,49.67240401],[-120.01893789,49.67201972],[-120.01941981,49.67172026],[-120.01986623,49.67149785],[-120.02012033,49.67134745],[-120.02018565,49.67121119],[-120.02016195,49.67106963],[-120.02015936,49.67103658],[-120.02015507,49.6709555],[-120.02014911,49.6708264],[-120.02022687,49.67081519],[-120.02025164,49.67081573],[-120.02080912,49.67073535],[-120.02150886,49.67060142],[-120.02207208,49.67041245],[-120.0220914,49.67040163],[-120.02229617,49.67033292],[-120.02236279,49.6703149],[-120.02237214,49.67031177],[-120.02237472,49.67031168],[-120.02239018,49.6703075],[-120.02239482,49.67030699],[-120.02257842,49.67030063],[-120.02262,49.67030318],[-120.02267004,49.67030144],[-120.0229263,49.67031703],[-120.02296586,49.67034021],[-120.02297426,49.67034185],[-120.02313928,49.67043854],[-120.023314,49.67050302],[-120.02347888,49.67055224],[-120.02368484,49.67058453],[-120.02369999,49.67058752],[-120.0237252,49.67059621],[-120.02400102,49.67065056],[-120.02400226,49.67065118],[-120.02400922,49.67065129],[-120.02438547,49.67083946],[-120.02467105,49.67100574],[-120.02472421,49.6710431],[-120.02534426,49.67085212],[-120.0258647,49.67052663],[-120.02619724,49.67004937],[-120.02633738,49.66967921],[-120.02634867,49.66965639],[-120.02639854,49.66952466],[-120.02642436,49.66952127],[-120.02642722,49.66951679],[-120.02728859,49.66940367],[-120.02821629,49.66924358],[-120.02919979,49.66970966],[-120.02931389,49.66972697],[-120.02931988,49.66973165],[-120.03021578,49.66986761],[-120.03110344,49.6701373],[-120.03174847,49.67059768],[-120.03214537,49.67115249],[-120.03214786,49.67115363],[-120.03216036,49.6711711],[-120.0322413,49.67119637],[-120.032266,49.67120767],[-120.0331036,49.6714691],[-120.03311054,49.67147036],[-120.03312865,49.67147333],[-120.03314435,49.67147823],[-120.0340074,49.67174826],[-120.03476361,49.6718756],[-120.03530788,49.6720185],[-120.0358612,49.67211364],[-120.03610652,49.67227997],[-120.03611245,49.67228715],[-120.03628987,49.67240744],[-120.03682809,49.6727511],[-120.03726731,49.67320317],[-120.03736774,49.67329547],[-120.03737374,49.67329809],[-120.03772713,49.67362287],[-120.0380738,49.67407757],[-120.03828353,49.67441037],[-120.03828412,49.67441343],[-120.0384079,49.67460984],[-120.03883754,49.67504267],[-120.0393627,49.675323],[-120.03998058,49.67545026],[-120.03976652,49.6758792],[-120.03958051,49.67617818],[-120.03958269,49.67618047],[-120.03950199,49.67631017],[-120.03967365,49.67659655],[-120.03993429,49.6769211],[-120.04094681,49.67736983],[-120.04160699,49.67776156],[-120.04222258,49.6780502],[-120.04300198,49.67822905],[-120.04398976,49.67840124],[-120.04503026,49.67907557],[-120.04595331,49.67856234],[-120.04663659,49.67803999],[-120.04709239,49.6776108],[-120.04734861,49.67748787],[-120.04735477,49.67748942],[-120.04757428,49.67738411],[-120.04825041,49.67741136],[-120.04910967,49.67759421],[-120.05003424,49.67777473],[-120.05004596,49.67777695],[-120.05013355,49.67837808],[-120.05100996,49.67837045],[-120.05165282,49.67823489],[-120.05198004,49.67794435],[-120.05212422,49.67754718],[-120.05221447,49.67727758],[-120.05222299,49.67698392],[-120.05223787,49.67663643],[-120.05234497,49.67626631],[-120.0525852,49.67588558],[-120.0527183,49.67577022],[-120.05274112,49.67575539],[-120.05295049,49.67557393],[-120.05331627,49.67530735],[-120.05368371,49.67508979],[-120.05422357,49.6747266],[-120.05422563,49.6747205],[-120.05431679,49.67465917],[-120.05496353,49.67415284],[-120.05547621,49.67354513],[-120.05572363,49.67319757],[-120.0559681,49.67294988],[-120.0561201,49.67285686],[-120.05612903,49.67285363],[-120.05614589,49.67284573],[-120.05621076,49.67280603],[-120.05630549,49.672771],[-120.05634993,49.6727502],[-120.05649793,49.67269547],[-120.05676353,49.67258227],[-120.05702027,49.67246285],[-120.0572637,49.6723341],[-120.05746778,49.67216835],[-120.05752392,49.67202389],[-120.05741337,49.67181702],[-120.05731813,49.67172405],[-120.05731968,49.67172274],[-120.05713456,49.67154203],[-120.05763797,49.67128595],[-120.05812935,49.67110652],[-120.0586844,49.67102066],[-120.05875323,49.67101662],[-120.05876944,49.67101165],[-120.05927679,49.67098183],[-120.06004565,49.67102835],[-120.06082461,49.67072826],[-120.06142342,49.67029965],[-120.06174489,49.66966807],[-120.06187912,49.66889778],[-120.06189506,49.66840338],[-120.06194799,49.66783194],[-120.061894,49.66729678],[-120.06182474,49.6668362],[-120.06175133,49.66650103],[-120.06175155,49.66650072],[-120.06174136,49.66645415],[-120.06186254,49.66605339],[-120.06198915,49.66553681],[-120.06212122,49.66490441],[-120.06214148,49.66433814],[-120.06215874,49.66359187],[-120.06256793,49.66301149],[-120.06307326,49.66244555],[-120.06403051,49.66219995],[-120.06465552,49.66222456],[-120.06466588,49.66222106],[-120.06488661,49.66222975],[-120.065716,49.66226578],[-120.06657665,49.66221763],[-120.06747918,49.66203659],[-120.06842356,49.66172265],[-120.06908105,49.66136884],[-120.06908695,49.66137023],[-120.06939865,49.66120249],[-120.07005892,49.66079838],[-120.07072189,49.66047729],[-120.07155957,49.66011866],[-120.07251983,49.6597701],[-120.07305855,49.65941488],[-120.07349602,49.65897611],[-120.0744598,49.65908146],[-120.07539429,49.65921304],[-120.07542086,49.65853898],[-120.0764689,49.65816362],[-120.07748703,49.65790146],[-120.07804636,49.65761271],[-120.07848996,49.65727605],[-120.07866327,49.65695988],[-120.07866442,49.65695173],[-120.0787585,49.65678011],[-120.07902588,49.65635202],[-120.07916647,49.65595873],[-120.07953588,49.65557521],[-120.07988425,49.65515717],[-120.08033611,49.65473375],[-120.08066369,49.65427719],[-120.08067515,49.65396889],[-120.08067648,49.65396822],[-120.08068757,49.65366995],[-120.08140442,49.6535875],[-120.0814131,49.65358265],[-120.08141356,49.65358237],[-120.08171275,49.65354795],[-120.08272399,49.65332156],[-120.08372015,49.65298681],[-120.08459021,49.65259791],[-120.08535262,49.65225825],[-120.08590605,49.65191133],[-120.08647652,49.65156285],[-120.08664946,49.65144333],[-120.08665891,49.65144155],[-120.08706382,49.65116172],[-120.08773047,49.6506717],[-120.08828005,49.65018273],[-120.08871236,49.6496978],[-120.08874613,49.64913188],[-120.08964006,49.64867656],[-120.09042267,49.64825442],[-120.09110202,49.64791164],[-120.09189612,49.64773568],[-120.09269445,49.64756582],[-120.09337955,49.64728115],[-120.09373292,49.64680223],[-120.09381838,49.64643716],[-120.09381768,49.64643128],[-120.09386097,49.64624637],[-120.0938651,49.64623765],[-120.09386301,49.64623735],[-120.09297954,49.64611338],[-120.09231886,49.64589014],[-120.09188241,49.6455672],[-120.09154878,49.64511786],[-120.09121576,49.64465962],[-120.09088333,49.64419248],[-120.09102867,49.6436406],[-120.09116642,49.64316812],[-120.09129579,49.64277539],[-120.09109558,49.64228582],[-120.09089467,49.641808],[-120.09059084,49.64133124],[-120.09050352,49.64091039],[-120.09031651,49.64040586],[-120.09013259,49.63982835],[-120.08980785,49.63939147],[-120.08938284,49.63895495],[-120.08897433,49.63844686],[-120.08846519,49.63787611],[-120.08794068,49.63732922],[-120.08717871,49.63691833],[-120.08641425,49.63662103],[-120.08577603,49.63627993],[-120.08536902,49.63584911],[-120.08506476,49.63522673],[-120.08467726,49.63463212],[-120.08431231,49.63404107],[-120.08385501,49.63345181],[-120.08347769,49.63285862],[-120.08307184,49.63225832],[-120.08275338,49.63164484],[-120.08226728,49.63140664],[-120.08165513,49.6312482],[-120.08106168,49.63144296],[-120.08039266,49.63166905],[-120.07964772,49.63192612],[-120.07859328,49.63171961],[-120.07817621,49.6311834],[-120.07764871,49.63061621],[-120.07723028,49.63065964],[-120.07658786,49.63075115],[-120.07574513,49.63069204],[-120.07506311,49.63059377],[-120.07459279,49.63042216],[-120.07429631,49.63018147],[-120.07406829,49.62988381],[-120.07388839,49.62959362],[-120.07378802,49.62931697],[-120.07372205,49.62906453],[-120.07363351,49.62881743],[-120.07344845,49.62859383],[-120.07326479,49.62839622],[-120.07308253,49.6282246],[-120.07282461,49.62791234],[-120.07183727,49.62774927],[-120.07087157,49.62752674],[-120.06992841,49.6272451],[-120.06909418,49.62707099],[-120.06813039,49.62686662],[-120.06716886,49.62661453],[-120.06631703,49.62626489],[-120.06558001,49.62593127],[-120.06506963,49.6255656],[-120.0646909,49.62521097],[-120.06442363,49.62482039],[-120.06404917,49.62447217],[-120.06357554,49.62418697],[-120.06439229,49.62393203],[-120.06497506,49.62360803],[-120.0653233,49.62321495],[-120.06557384,49.62293544],[-120.06585458,49.62272039],[-120.0661015,49.62255696],[-120.06629952,49.62241205],[-120.06638625,49.62219521],[-120.06640954,49.621962],[-120.06636906,49.62171205],[-120.06604315,49.62130188],[-120.0657207,49.62090381],[-120.06540225,49.62051785],[-120.06513922,49.62005534],[-120.06477603,49.61967329],[-120.06441036,49.61928733],[-120.06404131,49.6188971],[-120.06386693,49.61831887],[-120.06378787,49.61766088],[-120.0633411,49.61705595],[-120.0630816,49.61645565],[-120.06300994,49.61585997],[-120.06302042,49.61522157],[-120.06251731,49.61491786],[-120.06211906,49.61455967],[-120.06179655,49.61408968],[-120.06136177,49.61372401],[-120.06081634,49.6134292],[-120.06018113,49.61317],[-120.06020451,49.61232508],[-120.06010301,49.61181272],[-120.05987953,49.61135413],[-120.05941672,49.61096568],[-120.05895951,49.61056298],[-120.058508,49.61014676],[-120.05829673,49.60958847],[-120.05820436,49.6089814],[-120.05759042,49.60885393],[-120.05697934,49.60871044],[-120.05625933,49.60860505],[-120.05552495,49.60833943],[-120.05473306,49.60803038],[-120.05399434,49.60762377],[-120.05346701,49.60737774],[-120.05324658,49.60727484],[-120.05266029,49.60704056],[-120.05243954,49.60695225],[-120.05157466,49.60665637],[-120.05060448,49.60621487],[-120.04959077,49.60557718],[-120.04869366,49.60507764],[-120.04764957,49.6046429],[-120.04662478,49.6042662],[-120.0457401,49.6039397],[-120.04497581,49.60360607],[-120.044745,49.60376202],[-120.04454305,49.60389198],[-120.04431435,49.60401197],[-120.04388008,49.60432494],[-120.04385123,49.60435094],[-120.04361837,49.60453395],[-120.04338672,49.60469915],[-120.0430642,49.60499681],[-120.04288793,49.60516309],[-120.04277391,49.60532118],[-120.04266305,49.60553232],[-120.04256502,49.60587876],[-120.04235959,49.6061992],[-120.04198293,49.60647443],[-120.04147961,49.60671049],[-120.04090892,49.60645307],[-120.04031351,49.60623089],[-120.03969226,49.60604396],[-120.0396764,49.60585455],[-120.03964653,49.60565587],[-120.03963134,49.60544864],[-120.039609,49.60525816],[-120.03956662,49.60507515],[-120.03951103,49.60497581],[-120.03945741,49.60489534],[-120.03930229,49.60471162],[-120.03913244,49.60454534],[-120.03891639,49.60440292],[-120.03868316,49.60426691],[-120.0384038,49.6041608],[-120.03809516,49.60407784],[-120.03778796,49.60394504],[-120.03743114,49.60383893],[-120.03701969,49.60379834],[-120.03655189,49.60375562],[-120.03602709,49.60371004],[-120.03582924,49.60332194],[-120.03567359,49.60291818],[-120.03532962,49.60227657],[-120.03488158,49.60175247],[-120.03464254,49.60143131],[-120.03454857,49.60115323],[-120.03480432,49.60097057],[-120.03508242,49.60079789],[-120.03531114,49.6006779],[-120.03555359,49.60055791],[-120.03604005,49.60030048],[-120.03625526,49.60018014],[-120.03650243,49.6000605],[-120.03699485,49.59984545],[-120.03773351,49.59953426],[-120.03752308,49.59889621],[-120.03739208,49.5983721],[-120.03742016,49.59788182],[-120.03760797,49.59742607],[-120.03786682,49.59688381],[-120.03785216,49.59644266],[-120.03703484,49.59644871],[-120.03617189,49.59619876],[-120.03537739,49.59593421],[-120.03477114,49.5956629],[-120.03416223,49.59548737],[-120.03358037,49.59537058],[-120.03299263,49.59524739],[-120.03249799,49.5950569],[-120.0321966,49.59473111],[-120.03218552,49.59430812],[-120.03227327,49.59384739],[-120.03246106,49.59343758],[-120.03255023,49.59300889],[-120.03274021,49.59254104],[-120.03282871,49.59204043],[-120.03291789,49.59153875],[-120.03279731,49.59101499],[-120.0325798,49.59049872],[-120.03216058,49.58995894],[-120.03174122,49.58944053],[-120.03127583,49.58895274],[-120.03092023,49.58847563],[-120.03057268,49.5879971],[-120.03082836,49.58788672],[-120.03101815,49.5877297],[-120.03121227,49.58756663],[-120.0313256,49.58742563],[-120.03141857,49.58728998],[-120.03147695,49.58724048],[-120.03154993,49.5871764],[-120.03163752,49.58709771],[-120.03171675,49.58700691],[-120.03184449,49.58687802],[-120.03201961,49.58672955],[-120.03223573,49.58659104],[-120.03242283,49.58646999],[-120.03248641,49.5864148],[-120.03253519,49.586371],[-120.0325943,49.58628164],[-120.03267846,49.58613459],[-120.03269589,49.58608118],[-120.03271092,49.58605447],[-120.03281007,49.5859441],[-120.03295548,49.58583087],[-120.03316502,49.5857205],[-120.03341605,49.58561404],[-120.0336585,49.58549405],[-120.03387316,49.5853737],[-120.03407522,49.58523484],[-120.0342007,49.58520102],[-120.03437874,49.5851736],[-120.03477088,49.58517182],[-120.03481735,49.58486704],[-120.03499246,49.58471857],[-120.03516888,49.58454339],[-120.0352831,49.58441414],[-120.03536171,49.58433225],[-120.03553744,49.58417487],[-120.03576921,49.58400076],[-120.03590117,49.58387828],[-120.03602293,49.5837704],[-120.03615099,49.58364186],[-120.03625354,49.58354537],[-120.03638336,49.58345885],[-120.03645346,49.58344247],[-120.03655082,49.58343606],[-120.03662501,49.58342894],[-120.03672341,49.58340153],[-120.03684101,49.58336272],[-120.03695835,49.58332961],[-120.03705571,49.5833232],[-120.03719834,49.58332961],[-120.03738975,49.58331857],[-120.03761882,49.58323846],[-120.03788641,49.58308963],[-120.03827872,49.58277452],[-120.03869005,49.58251425],[-120.03907723,49.58233836],[-120.03932482,49.58223474],[-120.03946502,49.58215534],[-120.03958175,49.58205636],[-120.03982542,49.58191857],[-120.0399828,49.58183276],[-120.04025403,49.58169568],[-120.0402825,49.58167823],[-120.04034449,49.58164405],[-120.04045059,49.58157177],[-120.04055203,49.58149024],[-120.04062189,49.58140301],[-120.04067276,49.58132859],[-120.04069219,49.58128693],[-120.04072189,49.58125168],[-120.04076187,49.58122284],[-120.0408382,49.58117976],[-120.04109439,49.58106939],[-120.04129962,49.58103271],[-120.04142935,49.58101491],[-120.04163904,49.58098251],[-120.04188433,49.58091949],[-120.04215379,49.5808116],[-120.04240479,49.58067702],[-120.04260924,49.5804965],[-120.04276287,49.58039823],[-120.04286786,49.5803409],[-120.04299645,49.58016929],[-120.04301116,49.57995494],[-120.04291109,49.57969752],[-120.04270511,49.57944614],[-120.04247881,49.57922468],[-120.04255161,49.57903953],[-120.04267314,49.57880276],[-120.04296973,49.57850723],[-120.04346825,49.57818821],[-120.04360558,49.57810988],[-120.0437462,49.57801837],[-120.04390237,49.5778756],[-120.04399545,49.57778195],[-120.04413687,49.57765662],[-120.04435359,49.57750922],[-120.04436917,49.57748251],[-120.04448248,49.57735647],[-120.04467467,49.57728526],[-120.04495689,49.5771877],[-120.04541685,49.57708338],[-120.04584053,49.57691319],[-120.04625095,49.57670881],[-120.04647148,49.57639264],[-120.04671033,49.5761078],[-120.04707078,49.57586212],[-120.04764385,49.57571293],[-120.04775693,49.57550286],[-120.04789035,49.57534727],[-120.04801973,49.57524473],[-120.04813333,49.57516746],[-120.0482659,49.57503608],[-120.04828271,49.57499157],[-120.04837611,49.5748139],[-120.04839445,49.57474233],[-120.04845638,49.5745579],[-120.04857849,49.57421645],[-120.04756111,49.57420932],[-120.04652919,49.574011],[-120.04560708,49.57360261],[-120.04479219,49.57315007],[-120.04421527,49.5727253],[-120.04363463,49.57238562],[-120.04305424,49.57207194],[-120.04235338,49.57169097],[-120.04165343,49.57129539],[-120.04100326,49.57090979],[-120.040255,49.57062673],[-120.03937481,49.57039138],[-120.03904796,49.57036004],[-120.03863425,49.57038247],[-120.03815844,49.5704252],[-120.03777032,49.57046116],[-120.0370691,49.57036645],[-120.0362664,49.57030058],[-120.03533566,49.57018308],[-120.03443477,49.57013466],[-120.03368244,49.57002072],[-120.03314829,49.56996091],[-120.03265177,49.56981101],[-120.03211658,49.56963868],[-120.03205433,49.56951691],[-120.03198274,49.56932927],[-120.03197511,49.56922993],[-120.0319603,49.56909463],[-120.03195244,49.56899565],[-120.03195175,49.56893263],[-120.03194628,49.56879733],[-120.03198858,49.56870155],[-120.03208033,49.56856091],[-120.03220041,49.56835298],[-120.03225876,49.56802861],[-120.03225503,49.56765689],[-120.03223775,49.56741051],[-120.03226333,49.56721325],[-120.0322882,49.5670338],[-120.03232691,49.56685506],[-120.03238151,49.56664036],[-120.03238722,49.56661366],[-120.03239886,49.56657485],[-120.03241618,49.56652429],[-120.03242747,49.56640786],[-120.03242896,49.56630888],[-120.03239943,49.5661102],[-120.03232761,49.56592826],[-120.03231697,49.56587414],[-120.03228008,49.56565125],[-120.03221072,49.56537139],[-120.03205853,49.56509759],[-120.03180548,49.56486046],[-120.03151788,49.56468386],[-120.03133887,49.56449337],[-120.03111174,49.56430787],[-120.03085376,49.56408213],[-120.03054418,49.56385817],[-120.03021915,49.5635922],[-120.02999737,49.56347541],[-120.02981005,49.56337465],[-120.02965685,49.56328956],[-120.02941777,49.56302572],[-120.02931898,49.56272806],[-120.02936055,49.56239729],[-120.02920966,49.56222247],[-120.02892039,49.56190024],[-120.02872696,49.56164246],[-120.02856059,49.56137827],[-120.02849968,49.56121057],[-120.02846956,49.56104892],[-120.02846992,49.56089297],[-120.02844903,49.56078152],[-120.02843686,49.56075446],[-120.02831438,49.5605711],[-120.02816853,49.56038737],[-120.02798572,49.56021184],[-120.02776658,49.56017517],[-120.02754535,49.56010146],[-120.02728038,49.55993091],[-120.02704741,49.55976891],[-120.02684619,49.55961581],[-120.02660642,49.55946555],[-120.02654479,49.55941927],[-120.02646086,49.55936301],[-120.02629037,49.55921169],[-120.026179,49.55906677],[-120.02607372,49.55890335],[-120.02603929,49.55878549],[-120.02593837,49.55865197],[-120.0258091,49.55855762],[-120.02534751,49.5583917],[-120.02492926,49.55811611],[-120.02477106,49.55773015],[-120.02486904,49.55726195],[-120.02510635,49.55684216],[-120.02515476,49.55663138],[-120.02507399,49.55646652],[-120.02465963,49.55617777],[-120.02426775,49.55590396],[-120.02378867,49.5556476],[-120.02326012,49.55536419],[-120.02260821,49.55501739],[-120.02186525,49.55467843],[-120.02118048,49.5543149],[-120.02162484,49.55405641],[-120.02256483,49.55361276],[-120.02300099,49.55333932],[-120.02323754,49.55313138],[-120.02342656,49.55293626],[-120.02351619,49.55274649],[-120.02372119,49.55245916],[-120.02394752,49.55222808],[-120.02413574,49.55203688],[-120.02427544,49.55185743],[-120.02436935,49.55168011],[-120.02441752,49.5515733],[-120.02525044,49.55138673],[-120.02587069,49.55112075],[-120.02627718,49.55077538],[-120.02703741,49.55048128],[-120.02762195,49.55010921],[-120.02792638,49.54965239],[-120.02802057,49.54916496],[-120.02811805,49.54872666],[-120.02843923,49.54837203],[-120.0289841,49.54810107],[-120.02906051,49.54762717],[-120.02933834,49.5472234],[-120.02981815,49.54688978],[-120.02965838,49.54633114],[-120.02956975,49.54602838],[-120.02950182,49.54579635],[-120.02934846,49.54528541],[-120.02930609,49.54484355],[-120.02925933,49.54447361],[-120.02898808,49.54386085],[-120.02889002,49.54339228],[-120.0288401,49.54295113],[-120.0288202,49.54259971],[-120.02880457,49.54216782],[-120.02879966,49.54179859],[-120.02889498,49.5413902],[-120.0292047,49.54104519],[-120.02987535,49.54078277],[-120.03079555,49.5405784],[-120.03174879,49.54035978],[-120.0325888,49.54016253],[-120.03328103,49.53993751],[-120.03372667,49.53971284],[-120.03411188,49.53946111],[-120.03409295,49.53911253],[-120.03419637,49.53875256],[-120.03436449,49.53845668],[-120.03436004,49.53815689],[-120.03418228,49.53789733],[-120.03401455,49.5376691],[-120.03391397,49.53747647],[-120.0339141,49.5372518],[-120.03391453,49.53701788],[-120.03413789,49.53684768],[-120.03436081,49.53664224],[-120.03458,49.53629723],[-120.03418815,49.53609926],[-120.0339468,49.53589489],[-120.03385661,49.53568482],[-120.03382858,49.53546834],[-120.03383079,49.53543238],[-120.03371159,49.5351924],[-120.03347788,49.53486625],[-120.03312926,49.53453263],[-120.03267272,49.53418299],[-120.03222786,49.53377175],[-120.03179413,49.53329891],[-120.03147626,49.5327716],[-120.0311128,49.53237851],[-120.03075112,49.53203955],[-120.03040657,49.5317127],[-120.02997713,49.53140578],[-120.02946138,49.53111845],[-120.02859967,49.53111738],[-120.0281098,49.53107002],[-120.02771254,49.53101056],[-120.02754871,49.53097959],[-120.0272917,49.53088274],[-120.02703439,49.53079515],[-120.02679185,49.53069011],[-120.02675575,49.53045334],[-120.02665311,49.53024576],[-120.02618268,49.53015248],[-120.02581527,49.53006026],[-120.02554487,49.53001112],[-120.02531359,49.5299214],[-120.02507597,49.52981814],[-120.02483502,49.52968605],[-120.02459625,49.52956713],[-120.02427478,49.52947776],[-120.02386987,49.5294183],[-120.02385607,49.52895934],[-120.02384314,49.52872506],[-120.02378278,49.52832735],[-120.023611,49.52796916],[-120.0233275,49.52765014],[-120.023068,49.52742155],[-120.02287409,49.5272065],[-120.02274499,49.52700533],[-120.02260387,49.52682161],[-120.0225103,49.52669948],[-120.02238153,49.52656525],[-120.02210282,49.52642781],[-120.02168405,49.52624338],[-120.02111479,49.52603473],[-120.02060868,49.52572176],[-120.0201554,49.52534897],[-120.01980561,49.52488717],[-120.01944577,49.52444318],[-120.0190859,49.52399313],[-120.01884126,49.52355091],[-120.01871025,49.52312258],[-120.01869716,49.52266363],[-120.01868703,49.5221413],[-120.01867245,49.52147548],[-120.01865747,49.52104323],[-120.01863356,49.52052981],[-120.01862316,49.52001673],[-120.01849592,49.51948443],[-120.01824875,49.51897813],[-120.01787915,49.51846506],[-120.01762846,49.51792065],[-120.01749875,49.51737839],[-120.01748682,49.51689237],[-120.01664712,49.51683469],[-120.01559752,49.51682579],[-120.01457503,49.51682615],[-120.01457716,49.51724024],[-120.01460022,49.51777147],[-120.01367525,49.51763368],[-120.01275233,49.51756175],[-120.01179914,49.51755214],[-120.01080863,49.51753469],[-120.0098193,49.51746811],[-120.00887389,49.51740758],[-120.00893658,49.51764008],[-120.00896522,49.51787793],[-120.00881339,49.51820158],[-120.00854673,49.51854481],[-120.00824583,49.51894181],[-120.00793994,49.51935376],[-120.00701105,49.5196265],[-120.00600244,49.51980239],[-120.00503578,49.51991134],[-120.00424847,49.5200089],[-120.00365053,49.52026811],[-120.00324229,49.52068932],[-120.00223297,49.52047426],[-120.00223012,49.5198444],[-120.00211921,49.51944385],[-120.00188999,49.51915331],[-120.00154189,49.51897279],[-120.00096809,49.51873851],[-120.00051063,49.51847788],[-120.00017072,49.51818983],[-119.99972024,49.51792421],[-119.99915637,49.51768637],[-119.9984613,49.517482],[-119.99776747,49.51727477],[-119.99707488,49.5170647],[-119.99603727,49.51682152],[-119.99501314,49.51656908],[-119.994563,49.51603714],[-119.99399797,49.51556074],[-119.99400608,49.51501171],[-119.99385004,49.51440001],[-119.99369441,49.51411125],[-119.99364565,49.5139083],[-119.99364771,49.51378083],[-119.99369966,49.51364553],[-119.99362961,49.51350276],[-119.99355922,49.51339202],[-119.99355156,49.51328094],[-119.993571,49.51315026],[-119.99356336,49.51298755],[-119.99338778,49.51286791],[-119.99322895,49.51279065],[-119.99308554,49.51275611],[-119.99302513,49.51273439],[-119.99297163,49.51271303],[-119.99292536,49.51269238],[-119.99289767,49.51267707],[-119.99282505,49.51264859],[-119.99275211,49.51262936],[-119.99269528,49.51262117],[-119.99265537,49.5126201],[-119.99263142,49.51262331],[-119.99259548,49.51263078],[-119.99256079,49.51263363],[-119.99245138,49.51263933],[-119.99236141,49.51267173],[-119.99223256,49.51272941],[-119.99194158,49.51288821],[-119.99136008,49.51347],[-119.99089424,49.51406674],[-119.99014509,49.51424869],[-119.99002291,49.51427824],[-119.99003073,49.51435408],[-119.99004297,49.51439752],[-119.99006066,49.51444451],[-119.99008448,49.51449222],[-119.99007651,49.51460723],[-119.98999642,49.51483724],[-119.98984343,49.51518261],[-119.98982659,49.51581282],[-119.98990567,49.51626038],[-119.9899413,49.51646155],[-119.99016846,49.51703942],[-119.99051016,49.51757635],[-119.99085319,49.51814354],[-119.99119416,49.51867121],[-119.99145805,49.51909527],[-119.99164477,49.51951648],[-119.99167959,49.51985544],[-119.99152322,49.5201442],[-119.99117431,49.52046536],[-119.99064651,49.5210176],[-119.99015802,49.52169694],[-119.99013122,49.52239053],[-119.9901141,49.52301185],[-119.98907214,49.52338072],[-119.98803264,49.52375528],[-119.98710025,49.52403336],[-119.98627973,49.5241505],[-119.98569148,49.52437659],[-119.98511546,49.52454643],[-119.98465849,49.52483519],[-119.98409452,49.52505665],[-119.98359992,49.5254063],[-119.98302744,49.52571393],[-119.98248961,49.52603366],[-119.98212828,49.52623198],[-119.98171651,49.52642852],[-119.98131062,49.52664892],[-119.98128452,49.52690136],[-119.98121671,49.52714597],[-119.98109438,49.52741016],[-119.9808775,49.52770355],[-119.98063039,49.52796204],[-119.98057968,49.52803503],[-119.97995894,49.52836011],[-119.9792945,49.52871901],[-119.978575,49.52916657],[-119.97797605,49.52966682],[-119.97749195,49.53022013],[-119.97703862,49.53064739],[-119.97635721,49.53095893],[-119.97544796,49.53115441],[-119.97441262,49.53095609],[-119.97336152,49.530866],[-119.97242052,49.53085141],[-119.97183908,49.5308863],[-119.97150664,49.53089591],[-119.97137978,49.53070721],[-119.97110049,49.53058223],[-119.97033673,49.53052384],[-119.96925243,49.530401],[-119.96817985,49.53021051],[-119.96712683,49.5300186],[-119.96613101,49.52993315],[-119.96513759,49.52980889],[-119.96417678,49.5295155],[-119.96333613,49.5292011],[-119.96264641,49.52884113],[-119.96188226,49.52851677],[-119.96100643,49.52823229],[-119.9602499,49.52804358],[-119.95976215,49.52781642],[-119.95954144,49.52755009],[-119.95896279,49.52734892],[-119.95794391,49.52696118],[-119.95689726,49.52683798],[-119.95596564,49.52687501],[-119.95514693,49.52712283],[-119.95455508,49.52754582],[-119.95407665,49.52806779],[-119.95370911,49.528698],[-119.952681,49.52906616],[-119.951658,49.52952404],[-119.95057487,49.53012755],[-119.94955319,49.53061214],[-119.94852414,49.53096249],[-119.94740282,49.53124306],[-119.94660638,49.5314072],[-119.94620464,49.53151936],[-119.94587293,49.53169561],[-119.94559275,49.53194271],[-119.94530841,49.53219906],[-119.9451243,49.53245044],[-119.9449796,49.53269932],[-119.9448202,49.5329393],[-119.94462487,49.53316397],[-119.94432758,49.53342958],[-119.94396416,49.53375074],[-119.94363668,49.53404698],[-119.94327525,49.53378635],[-119.9421943,49.53304896],[-119.94293314,49.53254052],[-119.94353495,49.53212714],[-119.94399983,49.53180954],[-119.94423503,49.53150476],[-119.94424785,49.53105436],[-119.94403841,49.53045904],[-119.94372065,49.5297715],[-119.94351357,49.52910782],[-119.94329352,49.52851463],[-119.94306104,49.52799195],[-119.94259828,49.52752766],[-119.94214637,49.52703737],[-119.94158768,49.52660797],[-119.9411485,49.52612018],[-119.94070487,49.52565874],[-119.94049182,49.52507731],[-119.94039223,49.52444887],[-119.94040751,49.5237738],[-119.94030472,49.52316886],[-119.94008494,49.52262446],[-119.93963223,49.52224313],[-119.93918031,49.52193479],[-119.93861403,49.52176139],[-119.93805298,49.52148972],[-119.93737767,49.52118779],[-119.93668635,49.5209236],[-119.93611327,49.52066938],[-119.93553639,49.52054084],[-119.93506963,49.52036887],[-119.93448334,49.5203208],[-119.93402477,49.52015239],[-119.93345727,49.52008403],[-119.93300796,49.51988428],[-119.93244542,49.51982375],[-119.93198954,49.51969735],[-119.93150286,49.5196767],[-119.93119034,49.5195325],[-119.93095217,49.51935376],[-119.93078087,49.51910702],[-119.93063226,49.51885209],[-119.9305057,49.51858825],[-119.93034737,49.51833047],[-119.9301575,49.51807838],[-119.93000466,49.51783022],[-119.92978997,49.51755392],[-119.92954361,49.51728439],[-119.92930129,49.51700845],[-119.92909602,49.51673464],[-119.92892758,49.51646333],[-119.92882078,49.51621089],[-119.92876129,49.51599049],[-119.92861472,49.51585021],[-119.92847858,49.5156558],[-119.92834454,49.51541618],[-119.92815981,49.51516908],[-119.92715987,49.51508648],[-119.92613157,49.51516944],[-119.92509416,49.51538556],[-119.92404818,49.51573485],[-119.92300186,49.51619024],[-119.9219713,49.51659436],[-119.92088551,49.51715265],[-119.92037711,49.51743535],[-119.9198602,49.5170615],[-119.91957212,49.51655306],[-119.91951258,49.51590967],[-119.91845582,49.51580143],[-119.91838076,49.51516445],[-119.91817634,49.5145937],[-119.91774208,49.51416003],[-119.91720533,49.51375769],[-119.91643771,49.5134173],[-119.91554605,49.51311288],[-119.91500454,49.51260479],[-119.91500935,49.51199274],[-119.91501223,49.51133582],[-119.91502459,49.51061588],[-119.9150327,49.51005795],[-119.91504183,49.50928389],[-119.91457087,49.50872311],[-119.91398228,49.50819508],[-119.91434583,49.50764926],[-119.91470921,49.50710022],[-119.91494978,49.50654941],[-119.91506743,49.50599967],[-119.91507505,49.50519855],[-119.91508631,49.50468548],[-119.91509169,49.50384875],[-119.91451014,49.50333853],[-119.91404684,49.50276849],[-119.91358427,49.50224438],[-119.9129018,49.50176656],[-119.91209971,49.50128197],[-119.91128112,49.50078706],[-119.91059665,49.50026722],[-119.90992086,49.49982251],[-119.90925229,49.49941341],[-119.90856392,49.49906804],[-119.90788136,49.49874047],[-119.90788974,49.49794825],[-119.90779176,49.49746189],[-119.90776436,49.49707592],[-119.90792382,49.49678681],[-119.90820447,49.49645319],[-119.90860755,49.49607399],[-119.90883401,49.49547369],[-119.90894806,49.494836],[-119.90892749,49.49420579],[-119.90880432,49.49364892],[-119.90866999,49.49337547],[-119.90866583,49.49307461],[-119.90879218,49.49274668],[-119.90898134,49.49213605],[-119.90898367,49.49147914],[-119.90899867,49.49079516],[-119.90899858,49.49009338],[-119.90892798,49.48949842],[-119.90885172,49.48896648],[-119.90867645,49.48859618],[-119.90856038,49.48834695],[-119.9083244,49.48820025],[-119.90817623,49.48807777],[-119.90792745,49.48794532],[-119.90778789,49.48777085],[-119.90753585,49.48752518],[-119.90729633,49.48721434],[-119.90695559,49.48685188],[-119.90793578,49.48684547],[-119.90791277,49.48669308],[-119.9079229,49.48639578],[-119.90791905,49.48633311],[-119.90789905,49.48622559],[-119.90802754,49.48582645],[-119.90743118,49.48594146],[-119.90673813,49.48597671],[-119.90588575,49.4858585],[-119.90492207,49.48562566],[-119.90515613,49.4852509],[-119.90516152,49.48479793],[-119.90505254,49.48425288],[-119.90494348,49.48365484],[-119.904257,49.48325525],[-119.90356522,49.48284378],[-119.90302071,49.48245761],[-119.90260268,49.48216023],[-119.90238604,49.48192176],[-119.90201899,49.48173405],[-119.90159684,49.48152273],[-119.90104467,49.48131767],[-119.90090898,49.48127362],[-119.90035013,49.48109219],[-119.89958832,49.48089639],[-119.89875055,49.48073947],[-119.89778207,49.48070677],[-119.89720865,49.4805832],[-119.89674923,49.4803638],[-119.89654471,49.48009603],[-119.89629966,49.47989525],[-119.89605921,49.47969435],[-119.89584475,49.47946581],[-119.89569125,49.47923075],[-119.89550449,49.47905549],[-119.89524253,49.47898408],[-119.89491677,49.47894926],[-119.89430943,49.47892648],[-119.89361918,49.47895476],[-119.89314279,49.47943551],[-119.89244473,49.47985184],[-119.89163052,49.48025007],[-119.89141236,49.48035985],[-119.89141367,49.47181405],[-119.89130058,49.47170043],[-119.89130059,49.4716976],[-119.89142703,49.4448256],[-119.89142706,49.44396965],[-119.89142702,49.43952505],[-119.89142153,49.40946633],[-119.8914209,49.40606254],[-119.89035523,49.40667103],[-119.88971812,49.40711823],[-119.88939122,49.40742693],[-119.88783048,49.40926594],[-119.88661381,49.41041741],[-119.88588173,49.41104869],[-119.88441833,49.41220693],[-119.8830861,49.41307784],[-119.8829038,49.41325551],[-119.88277354,49.41347555],[-119.88273014,49.41375042],[-119.88282074,49.41403668],[-119.88298034,49.4142432],[-119.88324226,49.41440556],[-119.88360054,49.41451415],[-119.88424548,49.41458394],[-119.88603102,49.41463806],[-119.88718208,49.41463094],[-119.88731046,49.41468328],[-119.88735104,49.41481573],[-119.88728763,49.41487626],[-119.88718407,49.41490937],[-119.88399349,49.41530601],[-119.88304501,49.41533984],[-119.88224078,49.41533592],[-119.881588,49.41528892],[-119.88102741,49.41520774],[-119.87977617,49.41495067],[-119.87947935,49.41486522],[-119.87928854,49.41475057],[-119.87916157,49.41458251],[-119.87876461,49.41361441],[-119.87875512,49.41329076],[-119.87886898,49.41282646],[-119.87881659,49.41272143],[-119.87865738,49.41267372],[-119.8784864,49.41272],[-119.87846955,49.41273887],[-119.87836839,49.41284961],[-119.8774165,49.41557483],[-119.87744894,49.41574004],[-119.87757565,49.41587819],[-119.87781368,49.41600993],[-119.87842747,49.41623994],[-119.88065799,49.41684772],[-119.88194726,49.41728816],[-119.88243539,49.41738358],[-119.88245183,49.41739568],[-119.88253735,49.4174587],[-119.88253046,49.41758225],[-119.88239081,49.41766557],[-119.88199936,49.41775067],[-119.88123714,49.41779802],[-119.88020588,49.41768729],[-119.87988092,49.4176524],[-119.8789407,49.41770687],[-119.87797732,49.41781013],[-119.87643664,49.41824238],[-119.87510044,49.41849909],[-119.87461371,49.41855997],[-119.87296118,49.41865896],[-119.87235095,49.41869527],[-119.87207508,49.41874121],[-119.87180845,49.41884268],[-119.8711489,49.41919873],[-119.87031,49.4195822],[-119.86981383,49.4199144],[-119.86775681,49.42159674],[-119.86759263,49.42173098],[-119.86693413,49.42230707],[-119.86678372,49.42237792],[-119.86660309,49.42238398],[-119.86640835,49.42231882],[-119.86630486,49.42220453],[-119.86628317,49.4220119],[-119.86636792,49.4217591],[-119.86654006,49.4214529],[-119.86677788,49.42119263],[-119.86716463,49.42089675],[-119.86719123,49.42078708],[-119.86712853,49.42068881],[-119.86698403,49.42063077],[-119.86680906,49.42064608],[-119.86666033,49.42072726],[-119.86619451,49.42112141],[-119.86591057,49.42128057],[-119.86510211,49.42150666],[-119.86396128,49.42208026],[-119.86363344,49.42217462],[-119.86335708,49.42219705],[-119.86332321,49.42219954],[-119.86304474,49.42218459],[-119.86140568,49.42198057],[-119.86058879,49.42176267],[-119.85765746,49.42088144],[-119.85485876,49.4205941],[-119.85381183,49.42035056],[-119.85336037,49.42031318],[-119.85282162,49.42032208],[-119.85238903,49.42037086],[-119.8520335,49.42047696],[-119.85135926,49.42093912],[-119.8510404,49.42108332],[-119.85072021,49.42115168],[-119.85046791,49.42114385],[-119.85024029,49.4210883],[-119.84961807,49.42064573],[-119.84926579,49.42053891],[-119.84843577,49.42047091],[-119.84773689,49.42032101],[-119.84639699,49.42022666],[-119.84555587,49.4202619],[-119.84522471,49.42023769],[-119.84370194,49.41988983],[-119.84296366,49.41979797],[-119.84226362,49.41975987],[-119.84065954,49.41979334],[-119.84015949,49.41978088],[-119.83794277,49.41960606],[-119.83602786,49.41961781],[-119.83560378,49.41958647],[-119.83530114,49.41951028],[-119.83499521,49.41934756],[-119.83477924,49.41909975],[-119.83457948,49.41887045],[-119.83437009,49.41872127],[-119.83407362,49.41861196],[-119.83370734,49.41855677],[-119.83321362,49.41855855],[-119.83215042,49.41865504],[-119.83175515,49.41864222],[-119.83079039,49.41848449],[-119.83032941,49.41849766],[-119.83030871,49.41849838],[-119.829984,49.4185436],[-119.82868043,49.41872411],[-119.82774291,49.41896623],[-119.82748421,49.41896765],[-119.82717138,49.41887472],[-119.82620549,49.41831572],[-119.8255228,49.41800204],[-119.82487472,49.41780408],[-119.82383688,49.41757335],[-119.82202505,49.41726928],[-119.82103779,49.41703393],[-119.8206455,49.4170026],[-119.82029528,49.41702325],[-119.81969253,49.41711689],[-119.81934354,49.41711227],[-119.8182975,49.41690148],[-119.81756469,49.41682101],[-119.81736091,49.41677117],[-119.81724414,49.416685],[-119.81727094,49.41656572],[-119.81738256,49.41648882],[-119.81800018,49.41643826],[-119.81832039,49.4163699],[-119.81870213,49.4162346],[-119.81932001,49.41594584],[-119.82036603,49.415311],[-119.82045019,49.41520311],[-119.82048258,49.41516145],[-119.82049466,49.41502046],[-119.82041036,49.41485276],[-119.82030033,49.41476374],[-119.82027605,49.41474416],[-119.82005753,49.41465016],[-119.82002122,49.41464269],[-119.81970773,49.41457682],[-119.81802786,49.41454869],[-119.81767171,49.41457788],[-119.81666618,49.41483923],[-119.81636004,49.41487412],[-119.81596143,49.41486664],[-119.815698,49.41482285],[-119.81547894,49.41470464],[-119.81526588,49.41442656],[-119.81354744,49.41471781],[-119.81217762,49.41511624],[-119.81106247,49.41536049],[-119.80866647,49.41624635],[-119.80815416,49.4163553],[-119.80706786,49.41646923],[-119.80625646,49.41661059],[-119.80425992,49.41728638],[-119.8041783,49.41731415],[-119.80347335,49.41774283],[-119.80326423,49.41786994],[-119.80293893,49.41797569],[-119.80238505,49.41803444],[-119.80110959,49.41806328],[-119.80000527,49.41794116],[-119.79885759,49.41781404],[-119.79675707,49.41731272],[-119.79615561,49.41716923],[-119.79553073,49.41711974],[-119.79428403,49.41728032],[-119.79388665,49.41728816],[-119.79377802,49.41729029],[-119.79327137,49.41723475],[-119.79205165,49.41691644],[-119.79149644,49.41689436],[-119.78923093,49.41715642],[-119.78835452,49.41729919],[-119.78744658,49.41726715],[-119.78500727,49.41759009],[-119.78384074,49.417688],[-119.78310068,49.41775031],[-119.78073647,49.41794863],[-119.77927769,49.41779517],[-119.77870776,49.41781013],[-119.77729648,49.41807396],[-119.7766383,49.41808393],[-119.7762474,49.41806684],[-119.77399661,49.41796786],[-119.77328825,49.41775565],[-119.77302239,49.41770794],[-119.77260993,49.41771364],[-119.77161051,49.41790448],[-119.77070787,49.41807646],[-119.76907987,49.41876755],[-119.76676035,49.41926816],[-119.76583138,49.41966552],[-119.76489234,49.4200675],[-119.76379182,49.42053856],[-119.76253236,49.42107726],[-119.76245592,49.42110717],[-119.76134675,49.42154262],[-119.75941806,49.42210341],[-119.75871117,49.42239039],[-119.75868926,49.42240249],[-119.75745428,49.42307685],[-119.75545083,49.42398158],[-119.75502868,49.42427355],[-119.75452742,49.4247973],[-119.753905,49.42561658],[-119.75372202,49.42594486],[-119.75351725,49.42654836],[-119.75337224,49.42675203],[-119.75237461,49.42752074],[-119.75130898,49.42827237],[-119.75058268,49.42886092],[-119.75048916,49.42893676],[-119.75009971,49.42915467],[-119.74961499,49.42932166],[-119.74810359,49.42972898],[-119.74757872,49.42980731],[-119.74710918,49.42980446],[-119.74618846,49.42979912],[-119.74582518,49.42985574],[-119.74551093,49.42995935],[-119.74435536,49.43049699],[-119.74379233,49.43087547],[-119.74242746,49.43203834],[-119.74215548,49.43235843],[-119.74185216,49.43296621],[-119.7415804,49.43323503],[-119.73937142,49.43459016],[-119.73913883,49.43481448],[-119.73875447,49.43543436],[-119.73873356,49.43546819],[-119.7387372,49.43534072],[-119.7387398,49.43525028],[-119.73874733,49.43497078],[-119.73875268,49.43477673],[-119.73877239,49.43405502],[-119.7388428,49.43151316],[-119.72710117,49.43131555],[-119.72572528,49.43129241],[-119.71939283,49.43118523],[-119.71969685,49.42395346],[-119.71969869,49.42391607],[-119.71977754,49.42203469],[-119.71984244,49.42049013],[-119.72014385,49.41332529],[-119.72015404,49.41308175],[-119.72018422,49.41237072],[-119.72022938,49.41130007],[-119.72026996,49.41033837],[-119.7203367,49.40874539],[-119.72046241,49.40575811],[-119.72051237,49.40456747],[-119.72070526,49.40000003],[-119.72070979,49.39989215],[-119.72076681,49.39852633],[-119.72082826,49.39491098],[-119.71523994,49.39491881],[-119.71289373,49.39492202],[-119.7127365,49.39492237],[-119.70414877,49.39493341],[-119.69860325,49.39494017],[-119.69865757,49.39162746],[-119.69865761,49.39160503],[-119.69865911,49.39151495],[-119.69865964,49.39149003],[-119.69866164,49.3913768],[-119.69884033,49.38044991],[-119.69917065,49.36025213],[-119.69917127,49.3602005],[-119.69909528,49.3602005],[-119.69882841,49.36019979],[-119.69838947,49.36019801],[-119.69817899,49.36019801],[-119.69798351,49.36019765],[-119.69793235,49.3601973],[-119.69753099,49.36019659],[-119.69097714,49.36017985],[-119.69097633,49.36035966],[-119.69097297,49.36111769],[-119.69096689,49.36240625],[-119.69096691,49.36244399],[-119.69096576,49.36259602],[-119.6909642,49.36271779],[-119.69096433,49.36290045],[-119.69096404,49.36305284],[-119.69095137,49.36569724],[-119.68455223,49.36561499],[-119.68420979,49.36561357],[-119.68401568,49.36560929],[-119.68393407,49.36562069],[-119.68385139,49.36564063],[-119.68377094,49.36567766],[-119.68368024,49.36576168],[-119.68355979,49.3658272],[-119.68326079,49.3659155],[-119.68311052,49.36594541],[-119.68294601,49.36596677],[-119.68267248,49.36597389],[-119.68249373,49.36598671],[-119.68217646,49.36599383],[-119.68184714,49.36599241],[-119.68158454,49.36599953],[-119.68146137,49.36601092],[-119.68139378,49.36602089],[-119.68105701,49.36615477],[-119.68097544,49.36618325],[-119.68078404,49.3662331],[-119.68075689,49.36623452],[-119.68074869,49.36623452],[-119.68067618,49.36624449],[-119.68057921,49.36623879],[-119.68038734,49.36625161],[-119.68024993,49.36625446],[-119.68011033,49.36625731],[-119.67986171,49.36630858],[-119.68000488,49.37240811],[-119.68002662,49.37333136],[-119.68002781,49.37337586],[-119.68003784,49.37379031],[-119.6800388,49.37384977],[-119.68006005,49.37474809],[-119.6800634,49.37488624],[-119.68006599,49.37499982],[-119.68007361,49.37530389],[-119.68011056,49.37687586],[-119.68019311,49.38035627],[-119.66911195,49.38035342],[-119.65803122,49.38043745],[-119.65257274,49.3804784],[-119.64731557,49.38052611],[-119.64058172,49.38057987],[-119.64041314,49.38058094],[-119.64031064,49.38058129],[-119.64010323,49.38058236],[-119.63989964,49.38058343],[-119.63979665,49.38058628],[-119.63979446,49.38058628],[-119.63623587,49.38061441],[-119.63146826,49.38064823],[-119.63075629,49.38065322],[-119.63010316,49.38065856],[-119.62998872,49.38065963],[-119.62971773,49.38066176],[-119.6295265,49.38066319],[-119.62952267,49.38066319],[-119.62487233,49.38070093],[-119.62425825,49.38070591],[-119.62422302,49.38070627],[-119.62421591,49.38070627],[-119.62371901,49.38071019],[-119.62340459,49.38071268],[-119.6231615,49.38071481],[-119.61887883,49.38074544],[-119.61414237,49.38077926],[-119.61280583,49.38078852],[-119.61273888,49.38078887],[-119.61253562,49.3807903],[-119.61253015,49.3807903],[-119.61252085,49.3807903],[-119.61228838,49.38079208],[-119.61221978,49.38079243],[-119.6056119,49.38083552],[-119.60566332,49.38621226],[-119.60620545,49.39214374],[-119.60605768,49.39251261],[-119.6059411,49.39308301],[-119.60597395,49.39778325],[-119.60597561,49.39802857],[-119.60598108,49.39919785],[-119.60598279,49.3995126],[-119.60598548,49.39999825],[-119.6059878,49.40043905],[-119.60598798,49.40054515],[-119.60599062,49.40126687],[-119.60601458,49.40751701],[-119.60602577,49.41102662],[-119.60602864,49.41185658],[-119.60597998,49.41239137],[-119.60591792,49.41307428],[-119.6060506,49.41468897],[-119.60605473,49.41491863],[-119.60606014,49.41525189],[-119.60612244,49.41910972],[-119.60613526,49.41997599],[-119.6061516,49.4210438],[-119.60616173,49.42172884],[-119.60616324,49.42183815],[-119.60618069,49.4229971],[-119.60619309,49.42383845],[-119.60621101,49.42387477],[-119.60621905,49.42389221],[-119.60623327,49.42392746],[-119.6062496,49.42398087],[-119.60625817,49.42403357],[-119.60625306,49.42408626],[-119.60622779,49.42413967],[-119.60619843,49.42418489],[-119.60616206,49.42424542],[-119.6061499,49.42427995],[-119.60614861,49.42431378],[-119.60617561,49.42437965],[-119.60621447,49.4244441],[-119.60626099,49.42450854],[-119.60640012,49.42466734],[-119.60653053,49.42480976],[-119.60661353,49.42490803],[-119.60667336,49.42496963],[-119.60668982,49.42505722],[-119.606697,49.42512843],[-119.60669982,49.42516439],[-119.60669108,49.42538087],[-119.6067152,49.42558702],[-119.60666977,49.42579496],[-119.60662685,49.42599292],[-119.60657887,49.42613784],[-119.60657316,49.42629201],[-119.60662287,49.42647003],[-119.60665878,49.42661388],[-119.60672101,49.42675594],[-119.60686891,49.42694999],[-119.60691573,49.42702085],[-119.60709017,49.42719816],[-119.60719276,49.4273121],[-119.60726711,49.427436],[-119.60736078,49.42763183],[-119.60738312,49.42776606],[-119.60744611,49.4279181],[-119.60751097,49.42810503],[-119.60754517,49.42821291],[-119.60763519,49.42838097],[-119.60779699,49.42856611],[-119.60805496,49.42874984],[-119.60822583,49.42884597],[-119.60847916,49.42895706],[-119.60865223,49.42907812],[-119.60881083,49.42920986],[-119.60901576,49.42942099],[-119.60920585,49.42961504],[-119.60927849,49.42970299],[-119.60935421,49.42983508],[-119.60950175,49.43002201],[-119.60953112,49.43006616],[-119.60957888,49.43020004],[-119.60959108,49.43038803],[-119.60958874,49.43060487],[-119.60958224,49.4307569],[-119.60957124,49.43079393],[-119.60955099,49.43092888],[-119.6094369,49.43113895],[-119.60941119,49.43119307],[-119.60935479,49.43141916],[-119.6094199,49.43161606],[-119.60943822,49.43166982],[-119.60954823,49.4317713],[-119.60988092,49.43196499],[-119.61005825,49.43216794],[-119.61010111,49.43222099],[-119.61017299,49.43227404],[-119.61027507,49.43238798],[-119.61038095,49.43253895],[-119.61051218,49.43266214],[-119.61083585,49.43280812],[-119.61106287,49.43290212],[-119.61138224,49.43297404],[-119.61146588,49.43300003],[-119.61177903,49.43317201],[-119.61203774,49.43336499],[-119.61209606,49.43341697],[-119.61225925,49.43361209],[-119.61231526,49.43365481],[-119.61243622,49.43383284],[-119.61270922,49.43402404],[-119.61279617,49.43410415],[-119.61286098,49.43431707],[-119.61287698,49.4343719],[-119.61288777,49.434551],[-119.61289221,49.43462399],[-119.61287279,49.43476712],[-119.61281079,49.43494016],[-119.61278973,49.43504805],[-119.61280026,49.43521895],[-119.61279018,49.43530013],[-119.61282626,49.43547994],[-119.61287319,49.43556788],[-119.61299199,49.43574591],[-119.61312589,49.43591397],[-119.6131698,49.43597485],[-119.61324917,49.43615288],[-119.6133221,49.43622409],[-119.61338782,49.43642098],[-119.61348208,49.43663497],[-119.61356098,49.43683009],[-119.61360686,49.4369369],[-119.61362497,49.43699102],[-119.61366012,49.43714306],[-119.6137132,49.43735811],[-119.61371126,49.43756498],[-119.61370287,49.43768995],[-119.61374226,49.43790501],[-119.61374313,49.43795094],[-119.61386421,49.43814606],[-119.61394415,49.43832408],[-119.61397289,49.43837785],[-119.61412077,49.43855409],[-119.61416614,49.43862388],[-119.61423188,49.4388311],[-119.6142478,49.4388749],[-119.6143698,49.43907891],[-119.61441397,49.43912307],[-119.61441281,49.4391309],[-119.61443315,49.43920389],[-119.61434625,49.43938512],[-119.61430809,49.43945882],[-119.61431789,49.43965501],[-119.61428682,49.43986294],[-119.61429878,49.44006091],[-119.61426312,49.44019692],[-119.61417317,49.44031584],[-119.6139329,49.44047393],[-119.61375001,49.44065801],[-119.613473,49.44087983],[-119.61324758,49.44106533],[-119.61311386,49.44116787],[-119.61295976,49.44134198],[-119.61288691,49.44153212],[-119.61286205,49.44157805],[-119.6128562,49.44174895],[-119.6128251,49.44193801],[-119.61280882,49.44214595],[-119.61281396,49.44224885],[-119.61281983,49.44235317],[-119.612843,49.44252408],[-119.61285305,49.44271991],[-119.61287798,49.4429371],[-119.6128888,49.4431429],[-119.61285509,49.44330597],[-119.61282623,49.4435139],[-119.61279097,49.44365704],[-119.61277697,49.44388206],[-119.6127661,49.44395505],[-119.61279208,49.44418008],[-119.61291515,49.44439193],[-119.61286987,49.44459986],[-119.61283488,49.44470988],[-119.61277114,49.44482809],[-119.61260298,49.44502],[-119.61253777,49.44509406],[-119.61237789,49.44520586],[-119.61212588,49.44539101],[-119.61184517,49.44556014],[-119.61154816,49.44569294],[-119.61125408,49.4458521],[-119.61097211,49.44599309],[-119.61082389,49.44607712],[-119.61049686,49.44618394],[-119.61019004,49.44637087],[-119.60993311,49.44645703],[-119.60979995,49.44653287],[-119.60958911,49.44675398],[-119.60948616,49.44687183],[-119.60934406,49.4470641],[-119.60920412,49.44728307],[-119.60916726,49.44734787],[-119.60906789,49.44756507],[-119.60896504,49.44769396],[-119.60892522,49.44772209],[-119.60877697,49.44783282],[-119.60872826,49.44792397],[-119.60870877,49.44806817],[-119.60864415,49.44818602],[-119.608607,49.44825901],[-119.60853501,49.44844095],[-119.60851181,49.44852214],[-119.60850793,49.4487201],[-119.60855914,49.4489081],[-119.60859392,49.44903414],[-119.60863174,49.44923887],[-119.60868016,49.44938307],[-119.60868991,49.44955362],[-119.60867986,49.4496348],[-119.60862305,49.44983419],[-119.60868439,49.44995809],[-119.6086612,49.45003927],[-119.60858257,49.45013185],[-119.60839847,49.45027997],[-119.60815235,49.45035687],[-119.60805747,49.45036827],[-119.60797271,49.45031557],[-119.60790276,49.45030845],[-119.60780682,49.45032839],[-119.60774072,49.45036684],[-119.6077578,49.45042951],[-119.60787678,49.45062462],[-119.607869,49.45072289],[-119.60780298,49.45077844],[-119.60777691,49.45080906],[-119.60747684,49.45092513],[-119.60729767,49.45102162],[-119.60678904,49.45115301],[-119.60647515,49.45122279],[-119.60587481,49.45137091],[-119.60543635,49.45142645],[-119.60517927,49.45150336],[-119.60469942,49.45156887],[-119.60437132,49.45164721],[-119.60378344,49.45172411],[-119.60348133,49.45177539],[-119.60307142,49.45184802],[-119.60277151,49.45189929],[-119.60246963,49.45196053],[-119.6021543,49.45199471],[-119.60149653,49.45208159],[-119.6008114,49.45217701],[-119.60022214,49.45223541],[-119.59950868,49.45232371],[-119.59916729,49.45236786],[-119.5988509,49.45241058],[-119.59863265,49.45243337],[-119.59817793,49.45245936],[-119.59817823,49.4525174],[-119.59701653,49.45261033],[-119.59695141,49.45222828],[-119.59706028,49.45109639],[-119.5970939,49.44977829],[-119.59701092,49.4497773],[-119.59631333,49.44976903],[-119.59456122,49.44967112],[-119.5942531,49.44966394],[-119.5927582,49.4496291],[-119.5926166,49.44961237],[-119.59243897,49.44961094],[-119.59027233,49.45003042],[-119.58816663,49.45043805],[-119.58793113,49.45048363],[-119.58720948,49.45049965],[-119.58647325,49.4503494],[-119.5862802,49.45027071],[-119.58621841,49.45022585],[-119.58614572,49.45017315],[-119.58606205,49.45011191],[-119.58598515,49.45005636],[-119.58582811,49.44983775],[-119.5857676,49.44962234],[-119.58574019,49.44952264],[-119.58573085,49.4494582],[-119.58572269,49.44940052],[-119.58571438,49.4493439],[-119.58570405,49.4491641],[-119.58570138,49.44898429],[-119.58570496,49.44880413],[-119.58571571,49.44871761],[-119.58572336,49.44865316],[-119.58572736,49.44862539],[-119.5857771,49.44844843],[-119.58579023,49.44839858],[-119.58581687,49.44830174],[-119.58582487,49.44827112],[-119.5858721,49.4480938],[-119.5859191,49.44791685],[-119.58593596,49.44785169],[-119.58596414,49.44773953],[-119.58597272,49.44769253],[-119.58599585,49.44756079],[-119.58602222,49.44741624],[-119.58602811,49.44738206],[-119.58606124,49.44720367],[-119.58609491,49.44702529],[-119.58612827,49.44684655],[-119.58616085,49.44666817],[-119.58619147,49.44648943],[-119.58619981,49.44643852],[-119.58622067,49.44631034],[-119.58624659,49.44613124],[-119.58626594,49.44595215],[-119.5862689,49.44590195],[-119.58627089,49.445861],[-119.58627589,49.44577234],[-119.58627817,49.44559254],[-119.58627662,49.44541273],[-119.58627543,49.4452461],[-119.58627567,49.44522509],[-119.58627828,49.44513074],[-119.58628096,49.44505347],[-119.58626298,49.44487367],[-119.58626292,49.4448731],[-119.58624313,49.44469422],[-119.58621704,49.44451512],[-119.58620207,49.4444432],[-119.58619343,49.44440261],[-119.58617963,49.44433745],[-119.58612293,49.44416085],[-119.58606599,49.44403018],[-119.5860473,49.44398816],[-119.58595595,49.44381868],[-119.58585602,49.44365063],[-119.58574604,49.44346655],[-119.58565946,49.44331451],[-119.58555931,49.44314681],[-119.58545851,49.4429638],[-119.58544825,49.44294208],[-119.58538432,49.44280607],[-119.58531135,49.44263267],[-119.58526207,49.44250805],[-119.58525253,49.44248349],[-119.58524267,49.44245856],[-119.58522027,49.44239661],[-119.58518095,49.44228859],[-119.58517906,49.44228339],[-119.58511863,49.4421075],[-119.58505721,49.44193232],[-119.58499118,49.4417575],[-119.58491722,49.44158481],[-119.58482985,49.44141426],[-119.58472863,49.44124656],[-119.58461792,49.44108171],[-119.58458063,49.44102937],[-119.58450093,49.44091899],[-119.58437865,49.4407577],[-119.58425053,49.44059783],[-119.584116,49.44044117],[-119.58404349,49.44036248],[-119.5840193,49.44033685],[-119.58397363,49.44028736],[-119.58382242,49.4401371],[-119.58366547,49.43998898],[-119.5835062,49.43984194],[-119.58347058,49.43980847],[-119.58334903,49.43969417],[-119.58323295,49.43957988],[-119.58319705,49.43954428],[-119.5830494,49.43939189],[-119.58290959,49.43923665],[-119.5828023,49.4391017],[-119.58278291,49.43907713],[-119.58267269,49.43891157],[-119.58258635,49.43874031],[-119.58257619,49.4387047],[-119.5825645,49.43866376],[-119.58253605,49.43856406],[-119.58252155,49.43838319],[-119.58252718,49.43832195],[-119.5825309,49.43827744],[-119.5825369,49.43820445],[-119.58258136,49.43802642],[-119.58261844,49.43791498],[-119.58262561,49.43789255],[-119.58264002,49.43785018],[-119.58270631,49.43767571],[-119.58277795,49.43750232],[-119.58285145,49.43732856],[-119.58292057,49.43715481],[-119.58297773,49.43697749],[-119.58303379,49.43680018],[-119.5830778,49.43662287],[-119.58309992,49.43644555],[-119.58307408,49.43626788],[-119.58300892,49.43609092],[-119.58293669,49.43591646],[-119.58286247,49.43574342],[-119.58278473,49.43557073],[-119.58274097,49.43547531],[-119.58270535,49.43539805],[-119.5826252,49.43522572],[-119.58254505,49.43505339],[-119.58246764,49.43488106],[-119.58239342,49.43470802],[-119.58232404,49.43453426],[-119.58231242,49.43450008],[-119.58229859,49.43445736],[-119.58226619,49.43435873],[-119.58223922,49.43417857],[-119.5822393,49.43407097],[-119.58223933,49.43403152],[-119.5822394,49.43399876],[-119.5822561,49.43381967],[-119.58226821,49.43373505],[-119.58228179,49.43364022],[-119.58231469,49.43346148],[-119.58235393,49.43328309],[-119.58236588,49.43323859],[-119.58236832,49.43322896],[-119.58237381,49.43320726],[-119.58240048,49.43310614],[-119.5824631,49.4329306],[-119.58253749,49.43275721],[-119.58254646,49.43273798],[-119.58255543,49.43271875],[-119.58261896,49.43258559],[-119.58270578,49.43241504],[-119.58279565,49.43224485],[-119.58288443,49.43207465],[-119.5829695,49.43190339],[-119.58299401,49.43185034],[-119.58304901,49.43173142],[-119.58312315,49.43156236],[-119.58312505,49.43155802],[-119.58319475,49.43138427],[-119.58324904,49.43122867],[-119.58325605,49.43120909],[-119.58330534,49.43103213],[-119.58334296,49.43085375],[-119.58336743,49.43070456],[-119.58337258,49.43067501],[-119.58339555,49.43049556],[-119.58341304,49.43031611],[-119.58341317,49.43031429],[-119.58342584,49.4301363],[-119.58342998,49.43006367],[-119.58343589,49.4299565],[-119.58344672,49.42977633],[-119.58345263,49.42959617],[-119.58344878,49.42941672],[-119.5834401,49.42934017],[-119.5834355,49.42930101],[-119.58342859,49.42923798],[-119.58338342,49.42906067],[-119.58332224,49.42888442],[-119.58329184,49.4288093],[-119.58327254,49.4287623],[-119.5832518,49.42871067],[-119.58315816,49.42854155],[-119.58307036,49.428371],[-119.58298707,49.42819938],[-119.5829051,49.42802741],[-119.58282237,49.42785579],[-119.58273885,49.42768453],[-119.58265293,49.42751362],[-119.58255837,49.42733738],[-119.58253604,49.42730284],[-119.58245542,49.42717858],[-119.58232185,49.42701372],[-119.58225524,49.42695248],[-119.58216814,49.42687273],[-119.58201208,49.42672425],[-119.58185371,49.42657685],[-119.58177216,49.42650813],[-119.58173155,49.42647395],[-119.58168536,49.42643478],[-119.58150307,49.42629913],[-119.58137863,49.42622098],[-119.58135453,49.42620584],[-119.58130444,49.42617451],[-119.58109812,49.42605594],[-119.5808887,49.4259388],[-119.58067729,49.42582309],[-119.58046364,49.42570915],[-119.58024854,49.42559664],[-119.58010006,49.42552044],[-119.58007365,49.42550691],[-119.58003199,49.42548555],[-119.57980774,49.42538051],[-119.57968775,49.42532746],[-119.57957936,49.42527939],[-119.57938724,49.42519098],[-119.57935421,49.42517578],[-119.57929308,49.42514374],[-119.57922967,49.42511098],[-119.57913889,49.42506363],[-119.57893741,49.42494008],[-119.57885417,49.42487919],[-119.57881065,49.42484786],[-119.57876632,49.42481525],[-119.57875401,49.4248062],[-119.57858914,49.42466129],[-119.57852677,49.42459257],[-119.5784881,49.4245502],[-119.57844902,49.42450676],[-119.57833893,49.4243412],[-119.57831401,49.42429099],[-119.57828942,49.42424115],[-119.57825468,49.42417029],[-119.57818695,49.42399583],[-119.57812108,49.423821],[-119.57452675,49.42363539],[-119.57408088,49.42361236],[-119.57391304,49.42360346],[-119.57349008,49.42358174],[-119.57266067,49.42353901],[-119.56854059,49.42332609],[-119.56852604,49.42341154],[-119.56846618,49.42378312],[-119.56829023,49.42487527],[-119.56813093,49.42552597],[-119.56801813,49.42598671],[-119.56782003,49.42679582],[-119.5677574,49.42706393],[-119.56775942,49.42731566],[-119.56778314,49.4304628],[-119.56779394,49.4318863],[-119.56781257,49.43427897],[-119.56796815,49.43799687],[-119.56799401,49.43901383],[-119.56817777,49.44623884],[-119.5681155,49.44623652],[-119.55762361,49.44617282],[-119.55762291,49.44621014],[-119.55760988,49.44621006],[-119.55744756,49.45488314],[-119.55734059,49.46060512],[-119.55733968,49.46065296],[-119.55716752,49.46065355],[-119.5571662,49.46065355],[-119.54915648,49.46061545],[-119.54884043,49.46785863],[-119.54870799,49.47515877],[-119.548707,49.47521965],[-119.54868921,49.4760165],[-119.54846528,49.47598694],[-119.54835275,49.47598125],[-119.54809018,49.47595988],[-119.54782791,49.47596558],[-119.54749784,49.47596416],[-119.54723279,49.47591573],[-119.54710801,49.47590861],[-119.54688874,49.47593282],[-119.54669397,49.47591858],[-119.54645741,49.47587016],[-119.54627692,49.47586446],[-119.54601352,49.47586161],[-119.54572524,49.47589437],[-119.54562917,49.47589722],[-119.54533947,49.47589437],[-119.54517184,49.47586161],[-119.54503022,49.4758018],[-119.54498738,49.47577616],[-119.54480653,49.47572631],[-119.54474947,49.47570922],[-119.5444987,49.47566935],[-119.54440122,49.47563659],[-119.54410483,49.47551696],[-119.54395119,49.47546568],[-119.54373824,49.47538023],[-119.54362625,49.47532896],[-119.54333009,49.4752193],[-119.54317368,49.4751139],[-119.54303094,49.47504554],[-119.54271751,49.47486324],[-119.54242136,49.47475358],[-119.54229374,49.47467525],[-119.54205194,49.47454564],[-119.5418711,49.4744958],[-119.54156606,49.47449295],[-119.54148428,49.47450434],[-119.54115542,49.47452855],[-119.54082317,49.47452713],[-119.54062976,49.4745314],[-119.54054911,49.47455134],[-119.54046513,49.47456274],[-119.54015084,49.47462255],[-119.53990421,49.47465531],[-119.53963156,49.47471513],[-119.53938628,49.4747664],[-119.53927578,49.47476782],[-119.53923323,49.47476925],[-119.53902667,49.47477352],[-119.53879041,49.47475216],[-119.53867872,49.47472794],[-119.53858108,49.47470231],[-119.53849653,49.47465958],[-119.53822342,49.47445877],[-119.53812047,49.47433486],[-119.53808914,49.47426365],[-119.53800944,49.47405856],[-119.53796107,49.47392469],[-119.53787347,49.47380078],[-119.53770061,49.47368685],[-119.5375019,49.47359285],[-119.53734799,49.47351452],[-119.53720498,49.4734191],[-119.53700633,49.47334219],[-119.53672725,49.47329519],[-119.53657526,49.47328949],[-119.5362985,49.47327667],[-119.53606445,49.47325531],[-119.53595305,49.47325816],[-119.53582828,49.47325104],[-119.53556573,49.47322967],[-119.53525675,49.47314707],[-119.53515799,49.47311289],[-119.53489262,49.47302032],[-119.53468353,49.47298044],[-119.53447456,49.47297474],[-119.53440593,49.47298614],[-119.53406308,49.47302886],[-119.53387215,49.47306019],[-119.53367846,49.47303741],[-119.53360713,49.47301177],[-119.53346548,49.47293486],[-119.53329229,49.47277678],[-119.53324535,49.47267851],[-119.53324005,49.47258024],[-119.53317996,49.47248197],[-119.53297857,49.47235094],[-119.53289516,49.47231676],[-119.53278347,49.47229255],[-119.5325184,49.47222703],[-119.53225233,49.47218715],[-119.53203172,49.47219285],[-119.53191055,49.47222134],[-119.53163812,49.47229112],[-119.53136434,49.47234239],[-119.53120062,49.4723723],[-119.53103577,49.47239366],[-119.53081381,49.47238085],[-119.5306308,49.472331],[-119.53029115,49.4721487],[-119.5300796,49.47208176],[-119.52992762,49.47207607],[-119.52968233,49.47212734],[-119.52941081,49.4721957],[-119.5292473,49.47223558],[-119.52893076,49.4722783],[-119.52860494,49.47238369],[-119.52832841,49.47238085],[-119.52805547,49.4724136],[-119.52790652,49.47248909],[-119.5277071,49.47264717],[-119.5276265,49.4726842],[-119.52742157,49.47273405],[-119.52727094,49.47274687],[-119.52717359,49.47274829],[-119.52697878,49.47271696],[-119.52680843,49.47263008],[-119.52659906,49.47256314],[-119.52638863,49.47250475],[-119.5261922,49.47242785],[-119.52590791,49.47229967],[-119.5255894,49.47225267],[-119.52541006,49.47225552],[-119.52528819,49.47229539],[-119.52500957,49.47252612],[-119.52486039,49.47259163],[-119.52466812,49.47260445],[-119.52448646,49.47257311],[-119.52417975,49.4725076],[-119.52404092,49.4725019],[-119.52380828,49.47251615],[-119.52364203,49.4725019],[-119.523447,49.4724606],[-119.5233356,49.47246345],[-119.52325253,49.47247342],[-119.52293845,49.47254321],[-119.52276038,49.47254748],[-119.52260593,49.47251472],[-119.52255017,49.47249906],[-119.52240973,49.47244778],[-119.52229643,49.472378],[-119.52219381,49.47228115],[-119.52216391,49.47224555],[-119.52201679,49.4720604],[-119.52171523,49.4718425],[-119.52167325,49.47179834],[-119.52155222,49.47160323],[-119.52149076,49.47146935],[-119.5214321,49.47140669],[-119.52127379,49.47131127],[-119.52106556,49.47125287],[-119.52092399,49.47119306],[-119.52079278,49.47106203],[-119.52074834,49.47099082],[-119.52064138,49.47079428],[-119.52055299,49.47068889],[-119.52042542,49.47061055],[-119.52032282,49.47051371],[-119.52029266,49.47045104],[-119.52014471,49.47028441],[-119.52003148,49.47023171],[-119.51996145,49.4702075],[-119.51966631,49.47009641],[-119.51943861,49.4699483],[-119.51926963,49.46987993],[-119.51917111,49.46985572],[-119.5190595,49.4698486],[-119.51885295,49.46985288],[-119.51855035,49.46986],[-119.51843874,49.46985287],[-119.51832707,49.46982866],[-119.51822855,49.46980445],[-119.51805936,49.46972612],[-119.51790326,49.4696307],[-119.51770053,49.46946407],[-119.51761714,49.46942988],[-119.51742102,49.46938004],[-119.51711595,49.4693601],[-119.51694837,49.46932734],[-119.51666661,49.46922622],[-119.51644006,49.46908665],[-119.51629438,49.46893711],[-119.51612022,49.46878757],[-119.5158955,49.46870354],[-119.51578115,49.4686423],[-119.51558086,49.46848563],[-119.5153417,49.46840018],[-119.5151884,49.46837597],[-119.51510282,49.46834179],[-119.51495989,49.46824637],[-119.51491568,49.46818513],[-119.51479995,49.46808828],[-119.51453472,49.4680128],[-119.51440718,49.46793446],[-119.51431882,49.46782907],[-119.51425633,49.46770374],[-119.51425607,49.46767668],[-119.51425361,49.46764962],[-119.51423682,49.46759693],[-119.5141908,49.46748014],[-119.51413232,49.46741036],[-119.51391676,49.46727078],[-119.51372808,49.46708564],[-119.51355912,49.46701727],[-119.51323954,49.46696173],[-119.51315284,49.466919],[-119.51302371,49.4667951],[-119.51285118,49.46669113],[-119.5127678,49.46665695],[-119.51244555,49.46656438],[-119.51234544,49.46649459],[-119.5123169,49.4664775],[-119.51215832,49.46633793],[-119.51214384,49.46631941],[-119.51186211,49.46621829],[-119.51169071,49.46612287],[-119.51160375,49.46605308],[-119.51144497,49.46590354],[-119.51130072,49.46578961],[-119.51114466,49.46569418],[-119.51097598,49.46565288],[-119.51076806,49.46562155],[-119.51073931,49.46559449],[-119.51052324,49.4654008],[-119.51032331,49.46528828],[-119.51009457,49.46513162],[-119.51000762,49.46506183],[-119.50990886,49.46501056],[-119.50958551,49.46490944],[-119.50929178,49.46481687],[-119.50918104,49.46479123],[-119.50891636,49.46476987],[-119.50859952,49.46476845],[-119.50826958,49.46478411],[-119.50796344,49.46475563],[-119.50778412,49.46475848],[-119.50760634,49.46478981],[-119.5075103,49.46479266],[-119.50718941,49.4647186],[-119.50707893,49.46472002],[-119.50695573,49.46474139],[-119.50680649,49.46478981],[-119.50663122,49.46486529],[-119.50642521,49.46492369],[-119.50612355,49.46492938],[-119.5059159,49.46492511],[-119.5056679,49.46492226],[-119.5055423,49.46493366],[-119.50521369,49.46496784],[-119.50499289,49.46496356],[-119.50488237,49.4649479],[-119.50458916,49.46490944],[-119.50435655,49.46492369],[-119.50417499,49.46490944],[-119.50399429,49.46487669],[-119.5037178,49.46487384],[-119.5036906,49.46487526],[-119.50345962,49.46495217],[-119.50332194,49.46495502],[-119.50298658,49.46486244],[-119.50286199,49.4648482],[-119.5026544,49.46486102],[-119.50246459,49.4649009],[-119.50219081,49.46495217],[-119.50190117,49.46494932],[-119.50178953,49.46492511],[-119.50167543,49.46487384],[-119.501557,49.46470578],[-119.5014567,49.46462603],[-119.50133079,49.46459327],[-119.50121807,49.4645776],[-119.5011503,49.46457048],[-119.50091284,49.46454769],[-119.50071783,49.4644893],[-119.50070357,49.46448076],[-119.50037504,49.46428137],[-119.50024373,49.46414037],[-119.50010064,49.46403498],[-119.50000193,49.4640008],[-119.49982012,49.4639595],[-119.49963964,49.46393671],[-119.49928865,49.46379998],[-119.49917431,49.46372165],[-119.49912906,49.46366896],[-119.49895474,49.46349236],[-119.49872851,49.46336275],[-119.49848968,49.46330436],[-119.49818579,49.46329297],[-119.49808842,49.4632773],[-119.49793398,49.46322745],[-119.49769465,49.46311494],[-119.49751198,49.46309215],[-119.49738608,49.4630594],[-119.49725971,49.46298961],[-119.49714268,49.46285716],[-119.49702834,49.46277883],[-119.49673221,49.46265919],[-119.49647368,49.46246692],[-119.49612049,49.46231311],[-119.49603606,49.46228747],[-119.49595296,49.46228035],[-119.49567735,49.46225899],[-119.49553478,49.46220772],[-119.49521232,49.46207099],[-119.49501784,49.46206672],[-119.49492072,49.46207812],[-119.49471507,49.46206387],[-119.49461658,49.46203966],[-119.49452971,49.46198697],[-119.49447484,49.46195279],[-119.49435787,49.46183742],[-119.49416044,49.46175197],[-119.49382447,49.46168788],[-119.49374224,49.46166225],[-119.49346059,49.46156113],[-119.49321,49.46153834],[-119.49297629,49.46154404],[-119.4927816,49.4615298],[-119.4925726,49.46148992],[-119.49238944,49.46141301],[-119.49223345,49.46131759],[-119.49199328,49.46122359],[-119.49191018,49.46121647],[-119.49157889,49.46119653],[-119.49136882,49.4611652],[-119.49117256,49.46110538],[-119.4908789,49.46101281],[-119.49079555,49.46097863],[-119.49049833,49.46085045],[-119.49029691,49.46069236],[-119.49023849,49.46062257],[-119.4901398,49.46058839],[-119.48999676,49.460483],[-119.48989692,49.46042318],[-119.48979712,49.46038046],[-119.48950346,49.46028788],[-119.48930853,49.46024658],[-119.48901401,49.46017252],[-119.4888037,49.46011413],[-119.48864776,49.4600358],[-119.48859183,49.46001016],[-119.48843585,49.45991474],[-119.48809834,49.45980508],[-119.48785526,49.4596299],[-119.4877229,49.45948036],[-119.4876616,49.45934648],[-119.48754574,49.45922258],[-119.48746016,49.4591713],[-119.48726392,49.45911149],[-119.48706945,49.45910721],[-119.48677873,49.45909582],[-119.48651741,49.459083],[-119.48629533,49.45906022],[-119.48609818,49.45900182],[-119.48593067,49.45896907],[-119.48559824,49.45892349],[-119.48529039,49.45883946],[-119.48502552,49.45879104],[-119.484901,49.45879389],[-119.48456997,49.45880101],[-119.48422959,49.4588708],[-119.48409213,49.45888361],[-119.48395335,49.45887792],[-119.48372995,49.45883662],[-119.4835328,49.45877822],[-119.48331068,49.45873835],[-119.48304422,49.45862726],[-119.48288718,49.45854038],[-119.48279094,49.45853326],[-119.48270809,49.4585532],[-119.48251963,49.45862868],[-119.48242495,49.45866713],[-119.48231581,49.45868707],[-119.48212265,49.45870132],[-119.48203956,49.45869419],[-119.48191237,49.45864292],[-119.48171075,49.45845778],[-119.48163817,49.45841363],[-119.48155504,49.45838941],[-119.48144346,49.45838229],[-119.48118235,49.45837944],[-119.48088609,49.45824984],[-119.4807736,49.45824414],[-119.48052544,49.45823133],[-119.48040068,49.45820711],[-119.48015275,49.45822136],[-119.47991151,49.45811881],[-119.47966068,49.45805188],[-119.47946087,49.45793936],[-119.47937643,49.45789664],[-119.47925147,49.45786246],[-119.47915411,49.45784679],[-119.47902959,49.45784964],[-119.47883871,49.45789806],[-119.4785803,49.45796642],[-119.47849741,49.45796927],[-119.47831565,49.45792797],[-119.47830139,49.45791942],[-119.4781597,49.45783255],[-119.47811561,49.4577884],[-119.47801424,49.45768301],[-119.47792227,49.45753204],[-119.47780756,49.45741668],[-119.47769241,49.45735686],[-119.47756633,49.45731414],[-119.47742732,49.45728138],[-119.4772039,49.45722299],[-119.47706111,49.45712756],[-119.47683125,49.45695239],[-119.47662209,49.45690254],[-119.47642874,49.45690681],[-119.4760835,49.45692248],[-119.47586271,49.45690111],[-119.47555779,49.45689827],[-119.47549003,49.45689114],[-119.47532011,49.45683133],[-119.47522276,49.45681566],[-119.47511358,49.45681851],[-119.47492269,49.45686693],[-119.47467477,49.45688118],[-119.47446161,49.4567416],[-119.47437629,49.45671739],[-119.47427898,49.45671882],[-119.47418409,49.4567473],[-119.47412972,49.45676724],[-119.47400985,49.45681424],[-119.47384545,49.45687263],[-119.47368042,49.45688402],[-119.47350109,49.45686978],[-119.47341931,49.45688118],[-119.4732832,49.4569296],[-119.47299765,49.45703357],[-119.47291699,49.45705351],[-119.47265592,49.45706775],[-119.47257306,49.45708769],[-119.47250686,49.45712614],[-119.47231465,49.45715605],[-119.4722175,49.45715035],[-119.47214736,49.45713326],[-119.47185511,49.45707629],[-119.47164727,49.45704496],[-119.47146706,49.45704923],[-119.47142543,49.45704923],[-119.47131757,49.4570706],[-119.47113847,49.45708341],[-119.4710269,49.45707629],[-119.47070749,49.45703784],[-119.47047624,49.45708769],[-119.4703103,49.4571005],[-119.47021295,49.45708484],[-119.47005706,49.45700651],[-119.46998685,49.45695523],[-119.46978842,49.45687833],[-119.46969198,49.45686124],[-119.46955075,49.45681139],[-119.46926635,49.45664618],[-119.46915454,49.456612],[-119.46890393,49.45655503],[-119.4687235,49.45653224],[-119.4685705,49.45653509],[-119.46846135,49.45655503],[-119.46821585,49.45659633],[-119.46809022,49.45659064],[-119.46780044,49.45657782],[-119.46767834,49.45660773],[-119.46737627,49.45666897],[-119.46722677,49.45669033],[-119.46707243,49.45665757],[-119.46688915,49.4565707],[-119.46668131,49.45653937],[-119.46648907,49.45655218],[-119.46617121,49.4565593],[-119.4660752,49.45657924],[-119.46580364,49.45664761],[-119.4656388,49.45666897],[-119.46554165,49.45666327],[-119.46542985,49.45662909],[-119.46521826,49.45653509],[-119.46489247,49.45639694],[-119.46476661,49.45636419],[-119.46455878,49.45633286],[-119.46422646,49.45632146],[-119.46397851,49.45631861],[-119.46377204,49.45633998],[-119.46371767,49.45635991],[-119.46367843,49.45636988],[-119.46351627,49.45646246],[-119.46336026,49.45662767],[-119.46303742,49.45682421],[-119.46275424,49.45693814],[-119.46253483,49.45696948],[-119.46235727,49.45702787],[-119.46222846,49.45719165],[-119.4620803,49.45724862],[-119.46198207,49.45725147],[-119.46168983,49.4571945],[-119.46149759,49.45720732],[-119.46131981,49.45723865],[-119.46108482,49.45724292],[-119.46088117,49.45731129],[-119.4605682,49.45740671],[-119.46048642,49.4574181],[-119.4603082,49.45741241],[-119.46009928,49.45738962],[-119.4597941,49.45734262],[-119.45950341,49.45733123],[-119.45916732,49.45725717],[-119.45890357,49.4572002],[-119.4588194,49.45720162],[-119.45830251,49.45732126],[-119.45827534,49.45733977],[-119.4579545,49.45754343],[-119.45771186,49.45766591],[-119.4576301,49.4576944],[-119.4575628,49.4577414],[-119.45744446,49.45783397],[-119.45720549,49.45774852],[-119.45702133,49.45768016],[-119.45672643,49.45755198],[-119.45641641,49.45745086],[-119.45609414,49.45733123],[-119.4558955,49.45722726],[-119.45585274,49.45720162],[-119.45554117,49.45703784],[-119.45523094,49.45690966],[-119.455106,49.45687548],[-119.45497884,49.45682421],[-119.45465567,49.456706],[-119.45454279,49.45668036],[-119.45429464,49.45666754],[-119.45404802,49.4567003],[-119.45373412,49.45679715],[-119.45361201,49.45682706],[-119.45335338,49.45688545],[-119.45323128,49.45691536],[-119.45288756,49.4569766],[-119.4526291,49.45702787],[-119.4523836,49.45708626],[-119.45207081,49.45719165],[-119.45175932,49.45731556],[-119.45163832,49.45735401],[-119.45129812,49.45745086],[-119.45118808,49.45748931],[-119.45103991,49.45754628],[-119.45086233,49.45760467],[-119.45065825,49.45763601],[-119.45047804,49.45764028],[-119.45014438,49.45759328],[-119.44991159,49.45759755],[-119.44959393,49.45763173],[-119.44948478,49.45765167],[-119.44928202,49.45771861],[-119.44912,49.45780406],[-119.44893657,49.45797782],[-119.44883158,49.45809745],[-119.44863298,49.45826408],[-119.44853938,49.45831108],[-119.44833554,49.45838656],[-119.44814348,49.45840935],[-119.44794882,49.45839511],[-119.44760091,49.45833957],[-119.44738256,49.45836235],[-119.44719297,49.45844638],[-119.44689461,49.45857029],[-119.44680212,49.45862583],[-119.44646828,49.45883946],[-119.44627778,49.45892492],[-119.44593887,49.45904028],[-119.44572054,49.45908015],[-119.4456245,49.459083],[-119.44552608,49.45907588],[-119.44544168,49.45905025],[-119.44514832,49.45896764],[-119.44485457,49.4588651],[-119.4445744,49.45881668],[-119.44446411,49.45881098],[-119.44421594,49.45879816],[-119.44410437,49.45879104],[-119.44379941,49.4587711],[-119.44348264,49.45878677],[-119.4432926,49.45881668],[-119.44308499,49.4588124],[-119.4429745,49.45879674],[-119.44262306,49.45870559],[-119.44238783,49.45866571],[-119.44227646,49.45866856],[-119.44193208,49.45866571],[-119.4416984,49.4586885],[-119.44139848,49.45874974],[-119.441192,49.4587711],[-119.44109595,49.45877395],[-119.44108062,49.45877395],[-119.44098327,49.45875828],[-119.44080022,49.45868138],[-119.44054437,49.45851617],[-119.44051567,49.45848911],[-119.44048605,49.45846347],[-119.44040014,49.45839226],[-119.44022387,49.45819857],[-119.4401535,49.45813733],[-119.4399369,49.45796215],[-119.4398536,49.45792797],[-119.43972645,49.4578767],[-119.43943424,49.45781973],[-119.43923806,49.45775991],[-119.4391668,49.45771719],[-119.4391096,49.45767304],[-119.43909534,49.45766449],[-119.43890596,49.45748789],[-119.43873604,49.45739389],[-119.43862425,49.45735971],[-119.43842696,49.45727426],[-119.43836865,49.45722156],[-119.4382415,49.45717029],[-119.43816985,49.45710762],[-119.4381271,49.45708199],[-119.43799866,49.4570122],[-119.43781451,49.45692675],[-119.43770272,49.45689257],[-119.43759224,49.4568769],[-119.43734318,49.45686551],[-119.43713668,49.45686978],[-119.43687452,49.45689257],[-119.43653276,49.45692675],[-119.43642119,49.45691963],[-119.43617304,49.45690681],[-119.43604631,49.45689257],[-119.4358122,49.45686124],[-119.43560087,49.4567943],[-119.4352894,49.45664761],[-119.43517762,49.45661342],[-119.43484639,49.45659349],[-119.43480385,49.45659491],[-119.43451537,49.45660061],[-119.43418437,49.45662482],[-119.43392348,49.45664903],[-119.43377289,49.45667894],[-119.43365319,49.456753],[-119.43338592,49.45694811],[-119.43333504,49.45700366],[-119.43312458,49.45722299],[-119.43291278,49.45738962],[-119.43260124,49.45751352],[-119.43249227,49.45754343],[-119.43220662,49.45763031],[-119.43211062,49.45766734],[-119.43192098,49.45773428],[-119.43180016,49.4577827],[-119.43147439,49.45791515],[-119.4312705,49.45797354],[-119.43116244,49.45800203],[-119.43082088,49.45806327],[-119.43050451,49.45811597],[-119.43039534,49.4581359],[-119.43027192,49.4581473],[-119.42994091,49.45817151],[-119.42965262,49.45818718],[-119.4295566,49.45820711],[-119.42944633,49.45821851],[-119.42916045,49.45827832],[-119.42891381,49.45831108],[-119.42883183,49.45831251],[-119.42855559,49.45833672],[-119.42851416,49.45834669],[-119.42836336,49.45836663],[-119.42808821,49.45838229],[-119.42788041,49.45836805],[-119.42767409,49.45838229],[-119.42758026,49.45840223],[-119.42730887,49.45851474],[-119.42715975,49.45857314],[-119.42701155,49.45863011],[-119.42680395,49.45864292],[-119.42655469,49.45862156],[-119.42628175,49.45865432],[-119.42618464,49.4586828],[-119.4261195,49.4587298],[-119.42605219,49.45879389],[-119.42583094,49.45902319],[-119.42568165,49.4590887],[-119.42561301,49.45910009],[-119.42557157,49.45911006],[-119.42549069,49.45912003],[-119.42528199,49.45912431],[-119.42499239,49.45912146],[-119.42470279,49.45911861],[-119.42460786,49.45913],[-119.42433383,49.4591713],[-119.42415733,49.45923824],[-119.42396678,49.45932369],[-119.42369776,49.45944618],[-119.42360284,49.45947466],[-119.42329127,49.45959857],[-119.42309922,49.45963845],[-119.42280019,49.45969826],[-119.42252656,49.45977659],[-119.42226917,49.4598535],[-119.4221032,49.45986632],[-119.42200697,49.4598592],[-119.42181101,49.45982644],[-119.42154858,49.45978799],[-119.42138241,49.45977375],[-119.42129934,49.45978371],[-119.42123179,49.45980365],[-119.42111098,49.45986917],[-119.42087218,49.46009846],[-119.42069807,49.46019246],[-119.42054855,49.46021383],[-119.42038238,49.46021667],[-119.42018772,49.46020243],[-119.41991106,49.46017252],[-119.4196307,49.46009704],[-119.41952021,49.46008137],[-119.41932574,49.4600771],[-119.41903875,49.46012837],[-119.41892957,49.46014831],[-119.41862834,49.46020813],[-119.4183556,49.46026795],[-119.41826066,49.46027934],[-119.41797236,49.4603121],[-119.41768297,49.46033631],[-119.41742206,49.46036052],[-119.41723221,49.46041749],[-119.41695967,49.46050436],[-119.41667658,49.46064536],[-119.41651652,49.46073793],[-119.41647638,49.46076642],[-119.41639591,49.46083051],[-119.41630228,49.46087751],[-119.41611041,49.46092735],[-119.41609726,49.46092735],[-119.41592075,49.46099429],[-119.41577274,49.46107832],[-119.41565062,49.46112532],[-119.41539451,49.46122074],[-119.41524408,49.46126062],[-119.41502463,49.46129195],[-119.41483106,49.46128626],[-119.41463899,49.46130904],[-119.41446338,49.46137456],[-119.41420638,49.46148849],[-119.41393624,49.46161952],[-119.41368053,49.46175197],[-119.41343629,49.46184597],[-119.41315297,49.46194282],[-119.41290894,49.46206387],[-119.41266727,49.46217781],[-119.41239583,49.46229032],[-119.41207369,49.46246835],[-119.41178134,49.46268198],[-119.41168661,49.46273752],[-119.41139297,49.46293264],[-119.41113597,49.46306367],[-119.41079957,49.46323315],[-119.41070464,49.46326163],[-119.41047223,49.46332003],[-119.41041783,49.46333997],[-119.41024091,49.46336987],[-119.41014615,49.46339124],[-119.4098436,49.46343254],[-119.40963989,49.46351799],[-119.40948261,49.46367465],[-119.40939158,49.46377577],[-119.40920952,49.4639951],[-119.40899546,49.46416173],[-119.40882224,49.46425431],[-119.4087275,49.46429276],[-119.40846788,49.46435258],[-119.40830301,49.46439103],[-119.40801728,49.46446082],[-119.40781335,49.46451921],[-119.40754169,49.46460466],[-119.40736516,49.4646716],[-119.40713424,49.46477557],[-119.40705484,49.46481402],[-119.40673119,49.46496356],[-119.40652636,49.46504047],[-119.40630928,49.46509886],[-119.40596767,49.46517719],[-119.40562626,49.4652655],[-119.40538178,49.46531534],[-119.40514824,49.4653481],[-119.40490027,49.46537943],[-119.40457288,49.46543213],[-119.40424311,49.46547485],[-119.40413502,49.46550334],[-119.40399754,49.46553325],[-119.40381971,49.46558167],[-119.40354711,49.46565146],[-119.40324304,49.46563009],[-119.40304684,49.46555319],[-119.4029495,49.46553752],[-119.40283791,49.4655304],[-119.40268726,49.46554322],[-119.40259012,49.46555461],[-119.40249518,49.46558309],[-119.40228995,49.46562297],[-119.4021667,49.46564434],[-119.40186762,49.46570415],[-119.40152359,49.46573833],[-119.4014144,49.46575827],[-119.40111313,49.46581809],[-119.40103134,49.46584657],[-119.4007469,49.46595197],[-119.40057256,49.46603599],[-119.40026243,49.46622257],[-119.40008699,49.46629805],[-119.40000629,49.46631799],[-119.39993875,49.46635502],[-119.39969095,49.46637923],[-119.39948312,49.46636499],[-119.39925047,49.46637923],[-119.39900248,49.46639347],[-119.39876506,49.46637068],[-119.39843767,49.46644047],[-119.39823352,49.4664718],[-119.39799978,49.46649459],[-119.39786228,49.46650741],[-119.39750511,49.46655868],[-119.39727376,49.46660853],[-119.39704391,49.46670395],[-119.39683998,49.46677943],[-119.39666343,49.46684637],[-119.39645969,49.46693182],[-119.39625794,49.4670073],[-119.39605289,49.46705715],[-119.3958323,49.46707994],[-119.3956139,49.46710273],[-119.39540757,49.46715115],[-119.39519027,49.46718248],[-119.39496967,49.46720527],[-119.39489953,49.46718818],[-119.39481293,49.46712836],[-119.3946297,49.46704149],[-119.39439355,49.46702012],[-119.39418921,49.46704149],[-119.39397122,49.46713548],[-119.39372581,49.46718675],[-119.39352037,49.46719957],[-119.39328533,49.46720385],[-119.39309304,49.46721666],[-119.39284503,49.46721381],[-119.39264776,49.46714545],[-119.39246343,49.46705003],[-119.39228149,49.46698167],[-119.39206996,49.46688767],[-119.39185863,49.46683782],[-119.39163764,49.46680649],[-119.39140279,49.46682073],[-119.39117035,49.46687913],[-119.39096879,49.46696458],[-119.39063343,49.46715969],[-119.39049982,49.46727933],[-119.39031011,49.46734627],[-119.39010506,49.46739611],[-119.3899022,49.46746305],[-119.38971139,49.46752144],[-119.3894656,49.46755278],[-119.38925925,49.46758411],[-119.38904343,49.46766102],[-119.38892147,49.46771798],[-119.38892278,49.46777068],[-119.3889161,49.46789744],[-119.38889647,49.46805125],[-119.38880949,49.46826915],[-119.38871972,49.46840588],[-119.38855961,49.46849845],[-119.38835695,49.46859245],[-119.38812579,49.46866936],[-119.38795163,49.46878045],[-119.38798291,49.46886163],[-119.38798939,49.46900547],[-119.38788538,49.46915074],[-119.38778136,49.46927892],[-119.38779022,49.46943273],[-119.38775635,49.46959509],[-119.38767051,49.46973253],[-119.38720134,49.46981834],[-119.38641934,49.46988528],[-119.38596284,49.4698016],[-119.38555876,49.46962927],[-119.3851778,49.46941742],[-119.38474833,49.46924367],[-119.38427098,49.46915323],[-119.38376386,49.46915715],[-119.38212972,49.46925257],[-119.38160321,49.46936117],[-119.3811212,49.46955593],[-119.37921763,49.47043787],[-119.3787393,49.47061661],[-119.3782387,49.47072663],[-119.37770479,49.47078004],[-119.37571709,49.47084911],[-119.37432247,49.47097337],[-119.372209,49.47088471],[-119.37208421,49.47087937],[-119.37193955,49.4708281],[-119.37124227,49.47023527],[-119.37098297,49.47009357],[-119.37089115,49.47007185],[-119.3706685,49.47001915],[-119.37016246,49.4700017],[-119.36980962,49.46987602],[-119.36967495,49.46978095],[-119.36948857,49.46958619],[-119.36942006,49.46934087],[-119.36941207,49.4691721],[-119.36931986,49.46903645],[-119.36924801,49.46893141],[-119.36917183,49.46882032],[-119.36820266,49.46834072],[-119.36747664,49.46791773],[-119.36693193,49.46740252],[-119.36649388,49.46680898],[-119.36648493,49.46679901],[-119.36623517,49.466522],[-119.36561911,49.46600965],[-119.36541032,49.46583625],[-119.36515483,49.46557847],[-119.36488998,49.46516011],[-119.36466907,49.46496463],[-119.36452726,49.46488844],[-119.36446477,49.46487313],[-119.36416368,49.46480014],[-119.36373695,49.46480263],[-119.36351676,49.46484785],[-119.36310469,49.46501804],[-119.36270279,49.46525268],[-119.36188496,49.46579423],[-119.36088464,49.46651275],[-119.36082547,49.46655547],[-119.35978871,49.46707104],[-119.35930311,49.46724906],[-119.35882683,49.46733737],[-119.35711185,49.46732134],[-119.35675541,49.46734662],[-119.35666716,49.46735268],[-119.35664748,49.46735517],[-119.35624734,49.46740929],[-119.35562335,49.46753996],[-119.35518673,49.46765354],[-119.35498341,49.46770659],[-119.35413376,49.46800033],[-119.35406755,49.46802668],[-119.35345801,49.46826809],[-119.35284667,49.46858746],[-119.35207724,49.46908416],[-119.35175418,49.46937434],[-119.35117567,49.47002271],[-119.35080115,49.47033675],[-119.34979567,49.47109301],[-119.34944119,49.47129204],[-119.34933156,49.47135364],[-119.34907549,49.47145903],[-119.3485345,49.47160714],[-119.34825793,49.47164453],[-119.34772471,49.47165236],[-119.34749728,49.47161569],[-119.3471869,49.47151101],[-119.34686302,49.47123258],[-119.34672522,49.47121762],[-119.34660058,49.47121121],[-119.34638063,49.47122439],[-119.34617479,49.47125572],[-119.34598502,49.47132266],[-119.34578036,49.47137179],[-119.34557666,49.47144763],[-119.3453888,49.47155943],[-119.34518606,49.47165343],[-119.34487855,49.47185781],[-119.34469068,49.47196961],[-119.34454373,49.47207144],[-119.34441112,49.47219107],[-119.34425206,49.47232032],[-119.3439303,49.47252469],[-119.34389003,49.47255246],[-119.34375668,49.47264504],[-119.34343556,49.47285867],[-119.34324769,49.47297047],[-119.34310233,49.47310826],[-119.34298332,49.47321864],[-119.34282372,49.47334788],[-119.34253013,49.47356045],[-119.34238445,49.47368934],[-119.34223845,49.47380933],[-119.34191668,49.4740137],[-119.34177069,49.47413369],[-119.34163807,49.47425333],[-119.34146508,49.47438293],[-119.34133237,49.4744933],[-119.34099763,49.47471619],[-119.34075769,49.47489208],[-119.34071741,49.47491986],[-119.34055685,49.47503094],[-119.34046501,49.4750904],[-119.34036984,49.47515165],[-119.34022297,49.47526273],[-119.34007729,49.47539163],[-119.33994553,49.47552016],[-119.33962504,49.47575159],[-119.33945109,49.47586304],[-119.33930541,49.47599193],[-119.33917246,49.47610266],[-119.33889256,49.47631522],[-119.33870405,49.47641777],[-119.33854371,49.47651995],[-119.33842501,49.47663923],[-119.33817241,49.47684254],[-119.3381061,49.47690663],[-119.33800102,49.47701665],[-119.33786775,49.47711848],[-119.33784108,49.47713699],[-119.33773481,49.47722921],[-119.33769508,49.47725698],[-119.33756236,49.47736736],[-119.33741677,49.47750551],[-119.33728405,49.47761588],[-119.33712316,49.47771807],[-119.33683028,49.47794915],[-119.33655092,49.47816171],[-119.3363761,49.47826426],[-119.33620119,49.47835754],[-119.33582447,49.47856298],[-119.3356354,49.47865698],[-119.33545898,49.47872356],[-119.3352695,49.4787994],[-119.3350239,49.47886705],[-119.33482049,49.47894325],[-119.33460434,49.4790376],[-119.33440157,49.4791316],[-119.33436097,49.47915047],[-119.33417117,49.47921741],[-119.33398018,49.47927509],[-119.33376243,49.47933348],[-119.33357327,49.47941822],[-119.33351874,49.47943745],[-119.33335625,49.47950367],[-119.3331522,49.47957061],[-119.33296153,49.47962865],[-119.33255407,49.47977178],[-119.33235057,49.47983872],[-119.33197009,49.47997224],[-119.33179367,49.48003882],[-119.33171301,49.48007656],[-119.33161811,49.4801143],[-119.33138707,49.48019085],[-119.33119671,49.48025779],[-119.33100723,49.48033363],[-119.33080445,49.48042763],[-119.33046712,49.4805964],[-119.33030558,49.48068078],[-119.33010311,49.48078368],[-119.32990002,49.48086878],[-119.32968321,49.48095388],[-119.32949436,49.48103897],[-119.32930583,49.48114151],[-119.32899803,49.48135479],[-119.3287958,49.48144879],[-119.32860694,49.48154243],[-119.32840448,49.48164533],[-119.32821626,49.48174823],[-119.32801347,49.48184223],[-119.3278243,49.48192697],[-119.32762087,49.48200316],[-119.32744476,49.48207864],[-119.32725558,49.48216338],[-119.32706673,49.48225703],[-119.32689157,49.48235067],[-119.32671632,49.48243505],[-119.32649928,49.48252051],[-119.32630892,49.48258744],[-119.32613367,49.48267183],[-119.32594513,49.48277437],[-119.32575572,49.48285947],[-119.32555284,49.48294421],[-119.32534941,49.4830204],[-119.32516055,49.48311404],[-119.32497177,49.48321694],[-119.3247556,49.4833113],[-119.32455249,49.48339639],[-119.32439093,49.48348932],[-119.32418846,49.48358368],[-119.32399928,49.48366842],[-119.32382379,49.4837617],[-119.32363493,49.48385535],[-119.32344606,49.48394044],[-119.32324199,49.48400738],[-119.32302399,49.48407467],[-119.32259067,49.48424522],[-119.32238628,49.48430326],[-119.32181794,49.48455784],[-119.32164269,49.48464222],[-119.32142596,49.48473657],[-119.32123795,49.48483912],[-119.32103515,49.48493312],[-119.32084573,49.48501821],[-119.32062772,49.48508551],[-119.32043885,49.48517915],[-119.32023692,49.48528205],[-119.32004772,49.48536679],[-119.31988562,49.48545117],[-119.31969642,49.48553591],[-119.31931963,49.48574135],[-119.31891338,49.48591155],[-119.31872514,49.48602299],[-119.31852265,49.48611735],[-119.3182919,49.4862028],[-119.31811577,49.48627828],[-119.31776564,49.48646521],[-119.31757645,49.48654995],[-119.31738757,49.48664359],[-119.3171838,49.48671088],[-119.31702192,49.48679491],[-119.31683367,49.48689781],[-119.31665754,49.4869733],[-119.31646834,49.48705804],[-119.31626521,49.48714313],[-119.31608844,49.48720936],[-119.31589924,49.4872941],[-119.31569674,49.48738845],[-119.31552061,49.48746394],[-119.3153177,49.48754868],[-119.31511489,49.48764267],[-119.31491144,49.48771887],[-119.31453185,49.48787055],[-119.31434169,49.48793713],[-119.3141513,49.48800407],[-119.31394903,49.48809806],[-119.31375928,49.48818281],[-119.31356976,49.48825864],[-119.31339266,49.48831597],[-119.31305613,49.48849364],[-119.31286733,49.48859654],[-119.31273299,49.48867095],[-119.31255748,49.48875569],[-119.31238134,49.48883118],[-119.31228673,49.48887782],[-119.31220606,49.48891556],[-119.31201749,49.4890181],[-119.31182742,49.48909394],[-119.31142113,49.48926414],[-119.31123183,49.48933962],[-119.31104144,49.48940656],[-119.31086625,49.4895002],[-119.31067736,49.48959384],[-119.31034027,49.48977151],[-119.31016531,49.4898648],[-119.30983004,49.49006953],[-119.3095224,49.49028245],[-119.30921572,49.49051352],[-119.30890808,49.49072644],[-119.30857322,49.49094933],[-119.30839739,49.49103372],[-119.30825069,49.49114445],[-119.30807763,49.49127405],[-119.30791701,49.49138514],[-119.30774245,49.49149658],[-119.3075408,49.49160838],[-119.30717957,49.49185869],[-119.30697832,49.49198865],[-119.30677668,49.49210045],[-119.30658905,49.49222115],[-119.30642937,49.4923504],[-119.30612109,49.49254552],[-119.30590582,49.49266657],[-119.30575762,49.4927506],[-119.30554212,49.49287202],[-119.30535449,49.49299272],[-119.30515252,49.49309562],[-119.30499093,49.49318855],[-119.3046836,49.49340182],[-119.3044814,49.49351362],[-119.30429345,49.49362542],[-119.30395665,49.49381199],[-119.30362136,49.49401672],[-119.30346041,49.49411891],[-119.30313786,49.49431403],[-119.30282893,49.49449134],[-119.30261524,49.49464836],[-119.30244099,49.49476871],[-119.30228004,49.49487089],[-119.30205115,49.49499266],[-119.30176889,49.49516001],[-119.30162155,49.49525294],[-119.3013127,49.49544805],[-119.30125902,49.49547618],[-119.30113772,49.49554134],[-119.3010024,49.49561041],[-119.30100225,49.49564994],[-119.30100964,49.49987699],[-119.30100922,49.49999983],[-119.30100803,49.50014866],[-119.30100455,49.50078385],[-119.30099391,49.50258049],[-119.3013322,49.50262322],[-119.30234249,49.50277134],[-119.30337696,49.50293049],[-119.30440956,49.50314982],[-119.30531627,49.50315089],[-119.30601958,49.50292373],[-119.30651847,49.50246905],[-119.30757665,49.502416],[-119.30849077,49.50253456],[-119.30914484,49.50287139],[-119.3095437,49.50335313],[-119.30988804,49.50377968],[-119.30996927,49.50388044],[-119.31051724,49.50436823],[-119.30986974,49.50486493],[-119.30945404,49.50543105],[-119.3091621,49.50604275],[-119.30877119,49.50663522],[-119.30816267,49.50717713],[-119.30741008,49.50761792],[-119.30677613,49.50811141],[-119.30625652,49.50864549],[-119.30585477,49.50921126],[-119.30534657,49.50973608],[-119.30472833,49.51023242],[-119.30461824,49.5105315],[-119.30449228,49.51079462],[-119.3044295,49.51093099],[-119.30436663,49.5110581],[-119.30433206,49.51120266],[-119.30432513,49.51134686],[-119.30429001,49.51149142],[-119.30419386,49.51179014],[-119.30414535,49.51193506],[-119.30408323,49.51208923],[-119.30403527,49.51223414],[-119.30395889,49.51237977],[-119.3038567,49.51255281],[-119.30380787,49.51269737],[-119.30380016,49.51272478],[-119.30377575,49.51279706],[-119.30373527,49.51291491],[-119.30372448,49.51297793],[-119.30369055,49.51313175],[-119.30367067,49.51330301],[-119.30362216,49.51344792],[-119.303554,49.5137552],[-119.30353315,49.5139083],[-119.30349956,49.51407102],[-119.3034787,49.51421557],[-119.30344465,49.51436618],[-119.30337718,49.51450219],[-119.30327693,49.51462432],[-119.30338182,49.51480199],[-119.303408,49.51496043],[-119.30341056,49.51511639],[-119.30338907,49.51525168],[-119.30334616,49.5154144],[-119.30329526,49.51566827],[-119.30327417,49.51594065],[-119.30335564,49.51629599],[-119.3033078,49.5164587],[-119.30323197,49.51660433],[-119.30318381,49.51675814],[-119.30312105,49.51689451],[-119.30304524,49.51704868],[-119.30299675,49.51719359],[-119.30294923,49.51735667],[-119.30291547,49.51752223],[-119.30285614,49.5177234],[-119.30277037,49.51795982],[-119.30262478,49.51818947],[-119.30245956,49.51840097],[-119.30239704,49.51853698],[-119.30241193,49.51872248],[-119.30248996,49.51894893],[-119.30262528,49.51938118],[-119.30268994,49.52000748],[-119.30269016,49.52066332],[-119.30261156,49.52133947],[-119.30238416,49.52179771],[-119.30211363,49.52221286],[-119.30228869,49.52277828],[-119.30241666,49.52336754],[-119.30235119,49.52403443],[-119.30333381,49.52435666],[-119.30421576,49.52473585],[-119.30498269,49.52513961],[-119.30564639,49.52554017],[-119.3063121,49.52597954],[-119.30719329,49.52630782],[-119.30797629,49.52653],[-119.30866635,49.52657451],[-119.30945468,49.52681235],[-119.31034788,49.52716733],[-119.31028226,49.52782532],[-119.31021732,49.52849256],[-119.31073021,49.52901311],[-119.31112491,49.52957175],[-119.31153693,49.53010939],[-119.31218799,49.53055909],[-119.31308199,49.53082826],[-119.31410232,49.53096962],[-119.3151472,49.53097674],[-119.31619045,49.53096071],[-119.31723294,49.5309219],[-119.3182579,49.53103549],[-119.31927641,49.53126193],[-119.32032557,49.53094291],[-119.321336,49.53068691],[-119.32188502,49.53064169],[-119.32235938,49.53059825],[-119.32275823,49.53055624],[-119.32350314,49.53034047],[-119.32356043,49.53096285],[-119.32373981,49.53154108],[-119.32404189,49.53207765],[-119.32410642,49.53263309],[-119.32393414,49.53320456],[-119.32351958,49.53379453],[-119.32321892,49.53441229],[-119.32303584,49.5350546],[-119.32298364,49.53570333],[-119.32291784,49.53636132],[-119.3228536,49.53703746],[-119.32389044,49.53733156],[-119.32486909,49.53757261],[-119.3259063,49.53787561],[-119.32691409,49.53804117],[-119.3278349,49.53804865],[-119.32873328,49.5380166],[-119.32895102,49.538237],[-119.32889707,49.53885012],[-119.32943959,49.53936889],[-119.32973967,49.53995958],[-119.32979729,49.5406222],[-119.3297317,49.54128018],[-119.33000924,49.54188903],[-119.33028609,49.54247153],[-119.33056131,49.54302662],[-119.3308627,49.54355713],[-119.33128444,49.54405739],[-119.33182615,49.54452453],[-119.33247988,49.54499416],[-119.33241376,49.54564289],[-119.33246279,49.54628663],[-119.33263755,49.54685311],[-119.33293823,49.54736262],[-119.33311782,49.54794477],[-119.33325176,49.54849878],[-119.33334005,49.54902467],[-119.33349146,49.54948968],[-119.33356123,49.55002483],[-119.33356327,49.55061267],[-119.33347298,49.55132513],[-119.33339204,49.55194751],[-119.33331552,49.55266851],[-119.3332363,49.55332685],[-119.33314383,49.55400335],[-119.33307721,49.55462573],[-119.33299104,49.55514913],[-119.33405193,49.55509857],[-119.33510171,49.55513062],[-119.33612442,49.55521785],[-119.33716531,49.55526378],[-119.33820771,49.5552207],[-119.33923871,49.55509501],[-119.3392599,49.555727],[-119.33948219,49.55633122],[-119.33990612,49.55690767],[-119.34032618,49.55730396],[-119.34067544,49.55775864],[-119.34083455,49.55832013],[-119.34087434,49.55893005],[-119.3407957,49.55959729],[-119.34038285,49.56022323],[-119.33996983,49.56083742],[-119.33966811,49.56146728],[-119.33947819,49.56212491],[-119.33939689,49.56273803],[-119.33894178,49.56353915],[-119.33848604,49.56432496],[-119.3381558,49.56506732],[-119.33795192,49.56578121],[-119.33787149,49.56642139],[-119.3379199,49.56707902],[-119.3380925,49.56766437],[-119.33861146,49.56823868],[-119.33923761,49.56886177],[-119.34009013,49.56948807],[-119.34070869,49.57008019],[-119.34144677,49.57060216],[-119.34218512,49.57109885],[-119.34349037,49.57168705],[-119.34451829,49.57206233],[-119.3454663,49.5725017],[-119.34539776,49.57309702],[-119.34531007,49.57386324],[-119.3449147,49.57436599],[-119.34451911,49.57486909],[-119.34422558,49.57544447],[-119.34415038,49.57605973],[-119.34429374,49.57671451],[-119.34468172,49.57727351],[-119.34519404,49.57779691],[-119.34585278,49.57826049],[-119.34647314,49.57869736],[-119.34711146,49.57912249],[-119.34776787,49.5795348],[-119.34841709,49.57985952],[-119.34908244,49.58007992],[-119.34976446,49.58019599],[-119.34968707,49.58089919],[-119.34960744,49.58153973],[-119.34951774,49.58226999],[-119.34911243,49.58276099],[-119.3486528,49.58316938],[-119.34813764,49.58349446],[-119.34821632,49.58387686],[-119.34822084,49.58435646],[-119.34813968,49.58497884],[-119.34805199,49.58573616],[-119.3479841,49.58634038],[-119.34788296,49.58711622],[-119.34781407,49.58770228],[-119.34762084,49.58837985],[-119.34721694,49.58890396],[-119.3466026,49.58927426],[-119.34651233,49.58998672],[-119.34643513,49.59068992],[-119.34634616,49.59142018],[-119.34628476,49.5918802],[-119.34618689,49.59271906],[-119.34707191,49.59302598],[-119.34772429,49.59335746],[-119.34801681,49.59381641],[-119.34806586,49.59439002],[-119.34906303,49.59468483],[-119.34898318,49.59533391],[-119.34791353,49.59563442],[-119.34684793,49.59582704],[-119.34735151,49.59644764],[-119.34762194,49.5970807],[-119.34755062,49.59767602],[-119.34714453,49.59815812],[-119.34652074,49.59852343],[-119.34549837,49.59837032],[-119.34448027,49.59811504],[-119.34386243,49.59856651],[-119.34345917,49.59910522],[-119.34327115,49.59973187],[-119.34376933,49.60025349],[-119.34415243,49.60079362],[-119.34324477,49.60120771],[-119.34249053,49.60164565],[-119.34275692,49.60200633],[-119.34288532,49.60246528],[-119.34287528,49.60302322],[-119.34385677,49.60329132],[-119.34378828,49.60388664],[-119.34382421,49.60456457],[-119.34403329,49.60520795],[-119.34441607,49.6058168],[-119.34478457,49.60634305],[-119.34504029,49.60689279],[-119.34571653,49.60676212],[-119.34656814,49.60672082],[-119.34759514,49.60676889],[-119.34782542,49.60727591],[-119.34836287,49.60770281],[-119.34920696,49.60804961],[-119.35027685,49.60841456],[-119.35071677,49.60893155],[-119.35139311,49.60937341],[-119.35230597,49.60974086],[-119.35242654,49.61045189],[-119.35277774,49.61112875],[-119.35335916,49.61177035],[-119.35382175,49.61227096],[-119.35440201,49.61272066],[-119.35542899,49.61316181],[-119.35645556,49.61367773],[-119.35748886,49.61415128],[-119.35800454,49.6144792],[-119.35819478,49.61461949],[-119.35829484,49.61469782],[-119.35832552,49.61476689],[-119.35850056,49.61494136],[-119.35881994,49.61521694],[-119.35955492,49.61564741],[-119.35943687,49.61623667],[-119.3591014,49.6167412],[-119.35854771,49.61716134],[-119.35853965,49.61784532],[-119.35854359,49.61850188],[-119.35749336,49.61883799],[-119.35714447,49.61934893],[-119.35668477,49.6198061],[-119.35611058,49.62020666],[-119.35541587,49.62054455],[-119.35531599,49.62115625],[-119.35510312,49.62168143],[-119.35476591,49.62206027],[-119.35451838,49.6223209],[-119.35433039,49.62253382],[-119.35417078,49.62276774],[-119.35392921,49.62302161],[-119.35385233,49.62314908],[-119.35374857,49.62329541],[-119.35365884,49.62344389],[-119.35358338,49.62360447],[-119.35349762,49.62380706],[-119.35341657,49.62407552],[-119.35335403,49.62459856],[-119.35334554,49.62528254],[-119.35338457,49.62580665],[-119.35340632,49.62616306],[-119.35338913,49.62634002],[-119.3533493,49.62650594],[-119.35326542,49.62668147],[-119.3531328,49.62689724],[-119.35302784,49.62701616],[-119.35288172,49.62715395],[-119.35277783,49.62729103],[-119.35268714,49.62742811],[-119.35258255,49.62755594],[-119.3524691,49.62768732],[-119.35237385,49.62782119],[-119.35228467,49.62797572],[-119.35219435,49.6281217],[-119.35213107,49.62823991],[-119.35202793,49.62839479],[-119.35190989,49.62854113],[-119.35179129,49.62866077],[-119.35164111,49.62877648],[-119.35147391,49.62888009],[-119.35124037,49.62900756],[-119.35095717,49.62917241],[-119.35079545,49.6292657],[-119.35066204,49.62936717],[-119.35052151,49.62952206],[-119.35038787,49.62971183],[-119.35026497,49.63004082],[-119.34973339,49.63022277],[-119.34956485,49.63052506],[-119.34950066,49.63098009],[-119.34970026,49.63153874],[-119.350338,49.63197063],[-119.35124671,49.63230603],[-119.35228935,49.6326806],[-119.35247267,49.6324189],[-119.35271421,49.63225903],[-119.35307342,49.63211981],[-119.35354186,49.63194464],[-119.35410951,49.63165089],[-119.35459406,49.63135644],[-119.35456,49.6315099],[-119.35455237,49.6316452],[-119.35514445,49.63166585],[-119.35577543,49.63179794],[-119.35655995,49.63201086],[-119.3574872,49.63235089],[-119.35840732,49.63275216],[-119.35921172,49.63315735],[-119.35977839,49.63351981],[-119.36035928,49.63378578],[-119.36094582,49.63414041],[-119.36176597,49.63449682],[-119.36258162,49.63493797],[-119.36339359,49.63536594],[-119.36396487,49.6357843],[-119.36453622,49.63620516],[-119.36510774,49.63662922],[-119.36590845,49.63689982],[-119.36682541,49.63710704],[-119.36785115,49.6368432],[-119.36784428,49.63755388],[-119.36784828,49.63821045],[-119.36785191,49.6388581],[-119.36784379,49.63955098],[-119.36796479,49.64019829],[-119.36820077,49.64080927],[-119.36854677,49.64137789],[-119.36877645,49.64198068],[-119.36889342,49.64262407],[-119.36946307,49.6430022],[-119.36980563,49.64349604],[-119.37003996,49.64407783],[-119.37028211,49.64468882],[-119.37063982,49.64529624],[-119.37099336,49.64592752],[-119.37122777,49.64646872],[-119.37146068,49.64692767],[-119.37157634,49.64734105],[-119.37192216,49.64776867],[-119.37215069,49.64823368],[-119.37249242,49.64866948],[-119.37261638,49.64907075],[-119.37275567,49.64928905],[-119.3728531,49.64944176],[-119.37308984,49.64981277],[-119.37343199,49.65019873],[-119.37373361,49.6506121],[-119.3739627,49.65120422],[-119.37407972,49.65183764],[-119.37407132,49.65252126],[-119.37411944,49.65284135],[-119.3741115,49.65306032],[-119.37404966,49.65321449],[-119.37401407,49.65334125],[-119.37396768,49.65352212],[-119.37393325,49.65367558],[-119.37387196,49.65382975],[-119.37378217,49.65398463],[-119.37370582,49.654121],[-119.37357369,49.65425772],[-119.37341434,49.6544329],[-119.37322809,49.65464689],[-119.3730943,49.65494348],[-119.37299054,49.65508056],[-119.37290022,49.65521729],[-119.37283838,49.65537146],[-119.37276148,49.65550782],[-119.37269927,49.65565309],[-119.37265103,49.65579801],[-119.37256141,49.65594399],[-119.37245749,49.65608997],[-119.37222957,49.65650335],[-119.37204218,49.65694984],[-119.37201502,49.65752913],[-119.37189924,49.65816041],[-119.37156552,49.6587098],[-119.37101396,49.65917801],[-119.37125891,49.65983884],[-119.37153305,49.66023086],[-119.37175544,49.66051926],[-119.37192409,49.6607037],[-119.37201622,49.66087959],[-119.37207294,49.66109642],[-119.37201352,49.66149663],[-119.37213008,49.66212078],[-119.37237249,49.66270364],[-119.37274185,49.6630127],[-119.37298616,49.6632598],[-119.37310644,49.66344423],[-119.37307205,49.66359769],[-119.37306517,49.66373299],[-119.37305928,49.66390389],[-119.37305279,49.6640481],[-119.37305863,49.66417378],[-119.37305197,49.66432689],[-119.37305946,49.66447073],[-119.37303866,49.66461493],[-119.37301803,49.66476839],[-119.37299779,49.66491259],[-119.37299114,49.66506569],[-119.37298064,49.66522485],[-119.37295176,49.66539041],[-119.37293097,49.66553461],[-119.37289691,49.66568843],[-119.37287612,49.66583263],[-119.37288307,49.66597648],[-119.37286299,49.66612993],[-119.37284275,49.66629229],[-119.37282268,49.66644575],[-119.37277449,49.66659067],[-119.37269724,49.66671813],[-119.37262131,49.6668634],[-119.37255914,49.66700867],[-119.3724826,49.6671454],[-119.37240668,49.66729066],[-119.37231694,49.66744555],[-119.37221305,49.66759153],[-119.37213636,49.667719],[-119.37204568,49.66784682],[-119.37196843,49.66797429],[-119.37187775,49.66810211],[-119.37181558,49.66824738],[-119.37172623,49.66841116],[-119.37166368,49.66854753],[-119.37162986,49.66870099],[-119.3715951,49.66884554],[-119.37157504,49.668999],[-119.37156785,49.66914],[-119.37157426,49.66927779],[-119.37159647,49.66972713],[-119.37159094,49.66989839],[-119.37159829,49.67005114],[-119.37159166,49.67020424],[-119.37159901,49.67035699],[-119.37163394,49.67050012],[-119.37164975,49.67082377],[-119.37164336,49.67097652],[-119.37165071,49.67112926],[-119.37168581,49.67128166],[-119.37170715,49.67143405],[-119.37174224,49.67158644],[-119.3718393,49.67187235],[-119.37187462,49.67202438],[-119.37193635,49.67215826],[-119.37202683,49.67230922],[-119.37213051,49.67244808],[-119.37224801,49.67258338],[-119.37235169,49.67271619],[-119.3724274,49.67284971],[-119.37252071,49.67305764],[-119.37265746,49.67330368],[-119.37286428,49.67356929],[-119.37299571,49.67370174],[-119.37312642,49.67382494],[-119.37321157,49.67396095],[-119.3732785,49.67410052],[-119.37334024,49.6742344],[-119.37335171,49.67440495],[-119.37342445,49.6746314],[-119.37355371,49.67497748],[-119.37379142,49.67542468],[-119.37415032,49.67606201],[-119.37462827,49.67657793],[-119.37522505,49.67706537],[-119.37527897,49.67722631],[-119.37536619,49.67737122],[-119.37546826,49.67751008],[-119.37560357,49.67763042],[-119.3757571,49.67774721],[-119.37592846,49.67784548],[-119.37611303,49.6779377],[-119.37626435,49.67804238],[-119.37638607,49.67815987],[-119.37647708,49.67829019],[-119.37656762,49.67844116],[-119.37664518,49.67867829],[-119.37706094,49.67888978],[-119.37708182,49.67889156],[-119.37733508,49.67891471],[-119.37760695,49.67894924],[-119.37787963,49.67898164],[-119.37815384,49.67900906],[-119.3784293,49.67902757],[-119.37870527,49.67904182],[-119.37898183,49.67905428],[-119.37925864,49.6790646],[-119.37953527,49.6790735],[-119.37981214,49.67908027],[-119.38008928,49.6790849],[-119.38036645,49.67908775],[-119.38064365,49.67908882],[-119.38092078,49.67908739],[-119.38119733,49.67907564],[-119.38146492,49.67902864],[-119.38166041,49.67890118],[-119.3817693,49.67873597],[-119.38186845,49.67856791],[-119.3819483,49.67839558],[-119.38206761,49.67823215],[-119.3822069,49.67807798],[-119.38235354,49.67792524],[-119.38251513,49.67777925],[-119.38270311,49.67764716],[-119.38293474,49.67754853],[-119.38320476,49.67750723],[-119.38348121,49.67751898],[-119.38371456,49.67761583],[-119.38388939,49.6777554],[-119.38406856,49.67789248],[-119.38429341,49.67799752],[-119.38453754,49.67808866],[-119.38478281,49.67816593],[-119.38504026,49.6782318],[-119.38530968,49.67827452],[-119.38558648,49.67826669],[-119.38586052,49.6782407],[-119.3861344,49.6782115],[-119.38640688,49.67818017],[-119.38667751,49.67814136],[-119.38694814,49.67810255],[-119.3872226,49.67807763],[-119.38749969,49.67807193],[-119.38777659,49.67807691],[-119.38805302,49.67809044],[-119.38832819,49.67811288],[-119.38859855,49.6781524],[-119.38886787,49.67819441],[-119.38914046,49.6782261],[-119.38941421,49.67825423],[-119.38968644,49.67828734],[-119.38995322,49.67833683],[-119.39021511,49.67839487],[-119.39048076,49.67844614],[-119.39074789,49.67849421],[-119.39102177,49.67852127],[-119.39129775,49.67850347],[-119.39157492,49.67850631],[-119.39184125,49.67855652],[-119.39210279,49.67861598],[-119.39236844,49.67866725],[-119.39263296,49.6787203],[-119.39289621,49.6787762],[-119.39315993,49.67883139],[-119.39342409,49.67888587],[-119.39368803,49.6789407],[-119.39395184,49.6789966],[-119.3942142,49.67905392],[-119.39447575,49.67911338],[-119.39473526,49.67917605],[-119.39499058,49.67924619],[-119.39520864,49.67935763],[-119.39538041,49.67949863],[-119.39562189,49.67958622],[-119.39589868,49.67959833],[-119.39617477,49.67958124],[-119.396449,49.67955667],[-119.39672398,49.67953352],[-119.39700043,49.67952106],[-119.39727724,49.67952534],[-119.39755378,49.67953958],[-119.39782976,49.67955382],[-119.39810687,49.67956023],[-119.39838404,49.67955702],[-119.39865987,49.67954207],[-119.39893371,49.67951465],[-119.39919853,49.6794616],[-119.39945459,49.67939288],[-119.39971023,49.6793231],[-119.40001098,49.67924121],[-119.40027453,49.67918495],[-119.40053851,49.67912976],[-119.40080258,49.67907529],[-119.40106729,49.67902152],[-119.40133243,49.67896883],[-119.40159754,49.67891791],[-119.40186459,49.67886913],[-119.40213323,49.67882391],[-119.40240239,49.67878047],[-119.40267178,49.67873668],[-119.40293977,49.67869075],[-119.40320562,49.67864126],[-119.40346904,49.67858607],[-119.40372808,49.67852305],[-119.40398316,49.67845326],[-119.40423623,49.67837885],[-119.40448703,49.67830194],[-119.40473751,49.67822468],[-119.40498594,49.67814456],[-119.40523137,49.67806054],[-119.40547604,49.67797508],[-119.40572253,49.67789284],[-119.40597255,49.67781628],[-119.40622912,49.67774935],[-119.40649191,49.67769167],[-119.40675749,49.67763826],[-119.40702233,49.67758343],[-119.40728253,49.6775229],[-119.40753523,49.67744991],[-119.40777841,49.6773616],[-119.40801731,49.67726618],[-119.40825659,49.67717361],[-119.40850292,49.67709421],[-119.40876189,49.6770408],[-119.40903712,49.67702157],[-119.40931831,49.67701374],[-119.40947573,49.67697814],[-119.40986222,49.67694574],[-119.41012672,49.67689055],[-119.41039009,49.67683109],[-119.41065355,49.67677234],[-119.41091812,49.67671964],[-119.41118581,49.67667763],[-119.41146029,49.67665698],[-119.41174207,49.67665947],[-119.41202516,49.67666944],[-119.41230345,49.67667051],[-119.41257083,49.6766463],[-119.41281674,49.67657793],[-119.413045,49.67647325],[-119.41327033,49.67635932],[-119.41350669,49.67626354],[-119.41375575,49.67618414],[-119.4140088,49.67610972],[-119.41426056,49.67603389],[-119.41450486,49.67594986],[-119.41473717,49.67585266],[-119.41496072,49.67574584],[-119.41518169,49.67563618],[-119.41540525,49.67552936],[-119.41563668,49.6754318],[-119.41588736,49.67535418],[-119.41614957,49.67529045],[-119.41640486,49.67522031],[-119.41663703,49.67512417],[-119.4168334,49.67499172],[-119.41695702,49.67483435],[-119.41703696,49.67466344],[-119.41709896,49.67448613],[-119.41716174,49.67430846],[-119.41723502,49.67413506],[-119.41730851,49.67396131],[-119.41738574,49.67378862],[-119.41747173,49.67361771],[-119.41755821,49.67343826],[-119.41765822,49.67326522],[-119.41777002,49.67316197],[-119.41808251,49.67309183],[-119.4183514,49.67313277],[-119.41860613,49.67321075],[-119.41887902,49.67323674],[-119.41898272,49.67324066],[-119.41915746,49.67324706],[-119.41943412,49.67325846],[-119.41971123,49.67326914],[-119.41998827,49.67327128],[-119.42026786,49.67326594],[-119.42054993,49.67325668],[-119.42082159,49.6732257],[-119.42107435,49.67316126],[-119.42132022,49.67308079],[-119.42156022,49.67298964],[-119.42179594,49.67289137],[-119.42202722,49.67278883],[-119.42225478,49.67268521],[-119.42247994,49.67258018],[-119.42270121,49.67247087],[-119.42291804,49.67235729],[-119.42314136,49.67223089],[-119.42332861,49.67211624],[-119.42351953,49.67198628],[-119.42369862,49.67184635],[-119.42385894,49.67169788],[-119.42399636,49.671543],[-119.42408296,49.67137458],[-119.42413169,49.67119478],[-119.4242032,49.67102067],[-119.42434428,49.67086436],[-119.42455434,49.67074758],[-119.42479855,49.67066106],[-119.42506039,49.6706048],[-119.42533018,49.67056029],[-119.42560199,49.67050653],[-119.42591911,49.67040221],[-119.42615676,49.67035806],[-119.42638944,49.67032779],[-119.4264943,49.67043817],[-119.42653965,49.67058593],[-119.42656593,49.670749],[-119.42657809,49.67093344],[-119.42657947,49.67111146],[-119.4265752,49.67130444],[-119.4265679,49.67150134],[-119.42656277,49.67170002],[-119.42656395,49.67189656],[-119.42657468,49.67208847],[-119.42660005,49.67227291],[-119.42663808,49.67245129],[-119.42668267,49.67263145],[-119.42673585,49.67281197],[-119.42679951,49.67299071],[-119.42687799,49.67316517],[-119.42697242,49.67333359],[-119.42708668,49.67349417],[-119.42722533,49.67364406],[-119.42739122,49.67378399],[-119.42757804,49.67391609],[-119.42777793,49.6740432],[-119.42798423,49.67416888],[-119.42818843,49.67429528],[-119.42838409,49.6744256],[-119.42856335,49.67456268],[-119.42871933,49.67471044],[-119.42885823,49.67486603],[-119.42898992,49.67502519],[-119.42912604,49.67518257],[-119.42927513,49.67533424],[-119.42942966,49.67548343],[-119.42958785,49.67563119],[-119.42974704,49.67577824],[-119.42990601,49.67592565],[-119.4300642,49.67607341],[-119.43021897,49.67622224],[-119.43037383,49.67637178],[-119.43052893,49.67652097],[-119.43068302,49.67667086],[-119.43083446,49.67682147],[-119.43098225,49.67697351],[-119.43112373,49.67712768],[-119.431259,49.6772847],[-119.43138609,49.67744421],[-119.43150875,49.6776055],[-119.43162799,49.67776786],[-119.43174644,49.67793058],[-119.431866,49.67809329],[-119.43198812,49.67825458],[-119.4321172,49.67841445],[-119.43225268,49.6785729],[-119.43239169,49.67873098],[-119.43253203,49.67888871],[-119.43267017,49.67904644],[-119.43280356,49.6792056],[-119.43292912,49.67936582],[-119.4330442,49.67952783],[-119.43314614,49.67969232],[-119.43323086,49.67985967],[-119.43328016,49.68003342],[-119.43329768,49.68021216],[-119.43329698,49.68039446],[-119.43329065,49.68057783],[-119.43329193,49.68076048],[-119.43331263,49.68094029],[-119.4333609,49.68111653],[-119.43342756,49.68129242],[-119.43350989,49.68146618],[-119.43360868,49.68163566],[-119.43372255,49.68179873],[-119.43386356,49.68195112],[-119.43393766,49.68200951],[-119.434041,49.68209034],[-119.4342295,49.68222599],[-119.43440151,49.6823677],[-119.43453796,49.68252294],[-119.43466608,49.68268352],[-119.43478887,49.6828473],[-119.43490191,49.68301429],[-119.43500095,49.68318342],[-119.43508268,49.68335468],[-119.43514259,49.68352736],[-119.43516732,49.68370432],[-119.43516305,49.68388448],[-119.435144,49.68406714],[-119.43512408,49.68424944],[-119.43511804,49.68443067],[-119.43513967,49.68460905],[-119.43519141,49.68478423],[-119.43524994,49.68496083],[-119.43531353,49.68513814],[-119.43538396,49.6853151],[-119.43546111,49.68549099],[-119.43554623,49.68566475],[-119.43563976,49.68583565],[-119.43574238,49.68600264],[-119.43585509,49.686165],[-119.43597835,49.68632202],[-119.436127,49.68646764],[-119.43630877,49.6866001],[-119.43651293,49.68672329],[-119.43672916,49.68684221],[-119.43694694,49.68696042],[-119.43715596,49.6870829],[-119.43734768,49.68721357],[-119.43752951,49.6873503],[-119.43770678,49.68748987],[-119.43788359,49.68763015],[-119.43806365,49.68776795],[-119.43825084,49.68789969],[-119.43844962,49.68802359],[-119.43866132,49.68813753],[-119.43887788,49.68825075],[-119.43909599,49.68836327],[-119.43931708,49.68847542],[-119.4395404,49.6885858],[-119.43976641,49.68869368],[-119.43999533,49.68879872],[-119.4402276,49.68890019],[-119.44046204,49.6889974],[-119.44070019,49.68908961],[-119.44094085,49.68917613],[-119.44118504,49.68925625],[-119.44143286,49.68932888],[-119.4416894,49.68938692],[-119.44195419,49.68943107],[-119.44222598,49.68946418],[-119.44250275,49.68948946],[-119.44278254,49.68951082],[-119.44306302,49.68953112],[-119.44334214,49.68955355],[-119.44361908,49.68958203],[-119.44389091,49.68961942],[-119.44416054,49.68966464],[-119.44443509,49.68971164],[-119.44471013,49.6897622],[-119.44498178,49.6898181],[-119.4452443,49.68988147],[-119.44549378,49.68995411],[-119.44572636,49.69003778],[-119.44591786,49.69015065],[-119.44604285,49.69031372],[-119.44613561,49.69049638],[-119.44623129,49.69066835],[-119.44633253,49.69083676],[-119.44643355,49.69100553],[-119.44653091,49.69117572],[-119.44662067,49.69134663],[-119.44669852,49.69151896],[-119.44676038,49.69169307],[-119.44680461,49.69186896],[-119.44683504,49.69204663],[-119.4468549,49.69222537],[-119.44686637,49.69240517],[-119.44687056,49.69258605],[-119.44687035,49.69276692],[-119.44686738,49.6929478],[-119.44686332,49.69312867],[-119.44685994,49.69330848],[-119.4468571,49.69348828],[-119.4468524,49.69366845],[-119.44684571,49.69384825],[-119.44683628,49.69402806],[-119.44682465,49.69420787],[-119.44680971,49.69438767],[-119.4467917,49.69456712],[-119.44677006,49.69474622],[-119.44674512,49.69492531],[-119.44671545,49.69510405],[-119.44668138,49.69528279],[-119.44664291,49.69546153],[-119.44659939,49.69563955],[-119.44655169,49.69581722],[-119.44649884,49.69599347],[-119.44644116,49.69616865],[-119.44635834,49.6963392],[-119.44623876,49.69650262],[-119.4461171,49.69666498],[-119.44599819,49.69682734],[-119.44587676,49.69698935],[-119.44575555,49.69715099],[-119.44563664,49.69731335],[-119.44552179,49.69747714],[-119.44540538,49.69764163],[-119.44527819,49.69780577],[-119.44515363,49.69797098],[-119.44504555,49.69813797],[-119.44496792,49.69830816],[-119.44493272,49.69848263],[-119.44491197,49.69866208],[-119.44489525,49.69884474],[-119.444883,49.69902988],[-119.44487701,49.69921645],[-119.44487763,49.69940303],[-119.44488696,49.69958888],[-119.44490535,49.69977261],[-119.44493402,49.69995313],[-119.44494496,49.70000013],[-119.44498889,49.70017744],[-119.44504803,49.70035333],[-119.44512947,49.7005253],[-119.44526745,49.70068018],[-119.44546755,49.7008048],[-119.44569495,49.70090806],[-119.44593389,49.70099921],[-119.44617574,49.70108751],[-119.44641894,49.70117367],[-119.44667643,49.7012399],[-119.44694481,49.70128547],[-119.44721865,49.70131289],[-119.44749543,49.70131396],[-119.44777183,49.70129651],[-119.44804869,49.70129224],[-119.44832454,49.7013104],[-119.44860037,49.70133034],[-119.44887527,49.70135348],[-119.44914866,49.70138161],[-119.44942106,49.7014165],[-119.44969002,49.7014603],[-119.44995387,49.70151477],[-119.45020989,49.7015842],[-119.45045378,49.7016693],[-119.45067807,49.70177576],[-119.45082501,49.70192174],[-119.4508243,49.70210439],[-119.45084158,49.70228385],[-119.45088532,49.70246152],[-119.45092741,49.70263919],[-119.45097193,49.7028165],[-119.45102107,49.70299346],[-119.45107783,49.7031697],[-119.45113426,49.70334559],[-119.45115506,49.70352647],[-119.4511411,49.70370485],[-119.45106822,49.70387718],[-119.45097081,49.70404737],[-119.4508865,49.70421863],[-119.45080416,49.70439025],[-119.45072214,49.70456222],[-119.4506387,49.70473384],[-119.45055351,49.70490475],[-119.4504681,49.70507601],[-119.45038158,49.70524727],[-119.45028959,49.70541675],[-119.45018816,49.70558374],[-119.45006765,49.7057461],[-119.44992775,49.70590169],[-119.44977341,49.70605052],[-119.44960923,49.70619579],[-119.44944241,49.70633999],[-119.44928107,49.70648597],[-119.44912694,49.70663623],[-119.44898098,49.70679182],[-119.44888101,49.70695739],[-119.44881967,49.7071315],[-119.44877797,49.70731024],[-119.44874946,49.70749075],[-119.44872988,49.7076702],[-119.44872628,49.70784965],[-119.44873433,49.70802982],[-119.44874481,49.70820962],[-119.44874682,49.70838979],[-119.44874244,49.70856959],[-119.44873586,49.7087494],[-119.44872873,49.70892921],[-119.44872127,49.70910866],[-119.4487158,49.70928846],[-119.4487123,49.70946863],[-119.44871165,49.7096495],[-119.44874212,49.70982646],[-119.44885282,49.70999238],[-119.4489663,49.71015652],[-119.44908664,49.71031852],[-119.44921173,49.7104791],[-119.44933971,49.71063861],[-119.44946792,49.71079777],[-119.44959457,49.71095764],[-119.44971758,49.71111893],[-119.44983505,49.711282],[-119.44995009,49.71144543],[-119.45006359,49.71160957],[-119.45017653,49.71177371],[-119.4502887,49.7119382],[-119.4504001,49.71210306],[-119.45051172,49.71226755],[-119.45062334,49.71243205],[-119.45073187,49.71259797],[-119.45085766,49.71275748],[-119.45101624,49.71290524],[-119.45117637,49.71305229],[-119.45134248,49.71319685],[-119.45148469,49.7133496],[-119.45159465,49.71351587],[-119.4517037,49.71368357],[-119.45180338,49.71385305],[-119.45188408,49.71402467],[-119.45193677,49.71419878],[-119.45195682,49.71437574],[-119.45195437,49.71455519],[-119.45193868,49.71473642],[-119.45192133,49.71491765],[-119.45191303,49.71509852],[-119.45192247,49.71527833],[-119.45193852,49.71545814],[-119.45195976,49.71563759],[-119.4519865,49.71581704],[-119.45202085,49.71599578],[-119.45206382,49.71617309],[-119.45211572,49.71634934],[-119.45217722,49.71652523],[-119.45224687,49.7167004],[-119.45232372,49.7168738],[-119.45240609,49.71704542],[-119.45250122,49.7172117],[-119.45269176,49.71734557],[-119.45288391,49.71747517],[-119.45308818,49.71759694],[-119.45330215,49.71771124],[-119.45352503,49.71781841],[-119.45375808,49.71791561],[-119.45401448,49.71799074],[-119.45426878,49.71806658],[-119.45448822,49.71816876],[-119.45459775,49.71833753],[-119.45460407,49.71851449],[-119.45458556,49.71869501],[-119.4545644,49.71887624],[-119.45455988,49.7190564],[-119.4545666,49.71923621],[-119.45457829,49.71941602],[-119.45458997,49.71959582],[-119.45459482,49.71977598],[-119.45459161,49.71995757],[-119.45462483,49.72013382],[-119.45472527,49.72030045],[-119.45484281,49.7204653],[-119.45492335,49.72063728],[-119.45498643,49.72081245],[-119.45506482,49.7209887],[-119.45497709,49.7211507],[-119.45483307,49.72130594],[-119.45470452,49.72146545],[-119.45461326,49.72163565],[-119.45459369,49.72181438],[-119.45463593,49.72199205],[-119.45470654,49.72216581],[-119.45478499,49.72233849],[-119.45486687,49.72251011],[-119.45495361,49.72268102],[-119.45504488,49.72285085],[-119.4551388,49.72301998],[-119.45523649,49.72318839],[-119.45533683,49.72335609],[-119.45543982,49.72352308],[-119.4555447,49.72368971],[-119.4556519,49.72385528],[-119.45576341,49.72402013],[-119.45587913,49.72418356],[-119.45600039,49.7243452],[-119.45612718,49.72450507],[-119.45627235,49.72465853],[-119.45644104,49.72480095],[-119.45661593,49.72494052],[-119.45677486,49.72508793],[-119.45690243,49.72524744],[-119.45700943,49.72541336],[-119.45710659,49.72558177],[-119.45719789,49.72575161],[-119.45728787,49.7259218],[-119.45738182,49.72609093],[-119.4574843,49.72625792],[-119.45760004,49.72642135],[-119.45773637,49.72657836],[-119.45789709,49.7267247],[-119.45808956,49.72685395],[-119.45831398,49.7269597],[-119.45855619,49.72704693],[-119.45880365,49.72712847],[-119.45904451,49.72721783],[-119.45928033,49.72731254],[-119.45951661,49.72740654],[-119.45975366,49.72750018],[-119.45998971,49.72759454],[-119.46022286,49.72769174],[-119.46045143,49.72779357],[-119.46067318,49.72790181],[-119.46088525,49.72801753],[-119.46108029,49.72814535],[-119.46125268,49.72828635],[-119.46140178,49.72843803],[-119.46152862,49.72859789],[-119.46163246,49.72876453],[-119.46171419,49.7289365],[-119.46177681,49.72911168],[-119.4618273,49.72928864],[-119.4618715,49.72946595],[-119.46191383,49.72964362],[-119.46196079,49.72982093],[-119.46201779,49.72999718],[-119.46208981,49.73017058],[-119.46217531,49.73034184],[-119.46227065,49.73051061],[-119.46237638,49.73067688],[-119.46249561,49.73083924],[-119.46262956,49.73099662],[-119.46278578,49.7311458],[-119.46298721,49.73126793],[-119.46322362,49.73136264],[-119.46346688,49.73144916],[-119.46371271,49.73153248],[-119.4639637,49.73160938],[-119.46421649,49.73168344],[-119.46446839,49.73175893],[-119.4647149,49.73184117],[-119.4649539,49.73193268],[-119.46518777,49.73202881],[-119.46542129,49.73212637],[-119.46565281,49.73222535],[-119.46588188,49.73232647],[-119.46610882,49.73243008],[-119.46633208,49.7325369],[-119.46655089,49.73264728],[-119.46676556,49.73276157],[-119.46697145,49.73288192],[-119.46715434,49.73301686],[-119.46730815,49.7331664],[-119.46744059,49.73332449],[-119.46755753,49.73348792],[-119.46765103,49.73365704],[-119.46771019,49.73383257],[-119.46773018,49.73401167],[-119.46772746,49.73419183],[-119.46772112,49.73437164],[-119.46771169,49.73455109],[-119.46769984,49.7347309],[-119.46768491,49.73491035],[-119.46766833,49.7350898],[-119.46765064,49.73526925],[-119.46763131,49.7354487],[-119.46761142,49.73562815],[-119.46759154,49.7358076],[-119.46757188,49.73598669],[-119.4675531,49.73616614],[-119.46744184,49.73645796],[-119.46718493,49.73707815],[-119.46643401,49.73823662],[-119.46709658,49.7382713],[-119.46777054,49.73840705],[-119.46837436,49.73860508],[-119.46897938,49.73894802],[-119.46982832,49.73929574],[-119.47068071,49.73974134],[-119.47153563,49.74020586],[-119.47227269,49.7406879],[-119.47398698,49.74158185],[-119.47484257,49.74196738],[-119.47545058,49.7423372],[-119.47606049,49.74253207],[-119.47654575,49.74276258],[-119.47715971,49.74288538],[-119.47777529,49.74307011],[-119.47864358,49.74309851],[-119.47962955,49.74316636],[-119.48061059,49.74325829],[-119.48133465,49.74360361],[-119.48240983,49.74475402],[-119.48338586,49.74504894],[-119.4847361,49.74499998],[-119.48598172,49.74468438],[-119.48686758,49.74424155],[-119.48739369,49.7436715],[-119.48741629,49.74221369],[-119.48804928,49.74171332],[-119.48855682,49.74117265],[-119.4896563,49.74149985],[-119.49151074,49.74078727],[-119.49213137,49.74043807],[-119.49250425,49.74016017],[-119.49251187,49.73976718],[-119.49227798,49.73929644],[-119.49204522,49.73863675],[-119.49193006,49.73792456],[-119.49132647,49.73743178],[-119.49097212,49.73683668],[-119.49086701,49.73613927],[-119.49086575,49.73557255],[-119.49091384,49.73325959],[-119.49254865,49.73193899],[-119.49328723,49.73178715],[-119.49427485,49.7317109],[-119.49538874,49.73166091],[-119.4965149,49.73151968],[-119.49702297,49.73081305],[-119.49777099,49.73033512],[-119.49875823,49.73001196],[-119.49986474,49.72972919],[-119.50086181,49.72935782],[-119.50161379,49.72886778],[-119.50212061,49.72825911],[-119.50270679,49.72880318],[-119.50318008,49.72937068],[-119.50354048,49.72996162],[-119.50428341,49.7300455],[-119.50490645,49.72983711],[-119.50532336,49.72933931],[-119.50554045,49.72879387],[-119.50568714,49.72837888],[-119.50610599,49.72779907],[-119.50634708,49.72739104],[-119.5068763,49.72691879],[-119.50764138,49.72647375],[-119.50762857,49.726442],[-119.50755488,49.72626753],[-119.50748175,49.72609307],[-119.50741215,49.72591824],[-119.50734685,49.72574271],[-119.50724912,49.72554617],[-119.50712845,49.72533539],[-119.50702299,49.72513279],[-119.50697285,49.72496117],[-119.5070175,49.72484261],[-119.50717138,49.72478564],[-119.5073932,49.72476321],[-119.50766479,49.72476748],[-119.5079697,49.72479134],[-119.50829121,49.7248273],[-119.50861209,49.7248686],[-119.50891692,49.72490741],[-119.50919373,49.72494088],[-119.50946424,49.72498432],[-119.50973331,49.72503701],[-119.51000111,49.72509434],[-119.51026868,49.72515202],[-119.51053642,49.72520507],[-119.51080373,49.72524922],[-119.51107244,49.72527984],[-119.51134248,49.72529266],[-119.51177603,49.72534393],[-119.51232841,49.72540588],[-119.51268784,49.72539841],[-119.51304957,49.72548315],[-119.51301356,49.72571529],[-119.51300653,49.7260393],[-119.51316247,49.72629281],[-119.51351199,49.72651107],[-119.51370968,49.72663925],[-119.51390816,49.72676707],[-119.51410798,49.72689276],[-119.51431171,49.72701488],[-119.5145207,49.72713131],[-119.51473694,49.72724062],[-119.51497419,49.72732714],[-119.51523948,49.72738411],[-119.51551035,49.72743574],[-119.51576644,49.72750553],[-119.51601712,49.72759347],[-119.51623166,49.72770634],[-119.51639171,49.72785054],[-119.51652617,49.72801432],[-119.51661513,49.72818737],[-119.51664632,49.7283629],[-119.51665492,49.72854021],[-119.51664917,49.72871931],[-119.51663315,49.72889983],[-119.51661173,49.72908106],[-119.51658756,49.72926229],[-119.51656637,49.72944316],[-119.51655081,49.72962297],[-119.51654481,49.7298042],[-119.51654388,49.72998614],[-119.51654383,49.73016844],[-119.51653982,49.73035003],[-119.51652624,49.73053019],[-119.51649827,49.73070786],[-119.51645194,49.73088233],[-119.51637934,49.73105216],[-119.51627651,49.73121666],[-119.51615115,49.73137759],[-119.51601303,49.73153604],[-119.51587184,49.73169412],[-119.51573548,49.73185328],[-119.51561473,49.73201564],[-119.51551616,49.73218298],[-119.51543506,49.73235496],[-119.51536855,49.73253085],[-119.51531612,49.73270887],[-119.51527669,49.73288726],[-119.51525103,49.73306564],[-119.51524916,49.73324473],[-119.51526612,49.73342454],[-119.51528869,49.73360506],[-119.51530488,49.73378522],[-119.51530168,49.73396467],[-119.51526864,49.73414341],[-119.51521798,49.73432215],[-119.51517084,49.73450053],[-119.51514752,49.73467784],[-119.51516699,49.73485979],[-119.51524691,49.73503674],[-119.51539843,49.73518059],[-119.51559461,49.73530521],[-119.51581393,49.73542021],[-119.51603981,49.73553095],[-119.5162583,49.73564203],[-119.51647725,49.73575241],[-119.51669798,49.73586172],[-119.51691993,49.73596996],[-119.51714333,49.73607677],[-119.51736819,49.73618216],[-119.51759449,49.73628613],[-119.51784663,49.73637799],[-119.51812351,49.73645597],[-119.51832538,49.73655851],[-119.51837444,49.73671197],[-119.51832371,49.73689783],[-119.51827314,49.73708867],[-119.51830913,49.73726456],[-119.51840681,49.7374344],[-119.51849807,49.73760566],[-119.51854345,49.73778938],[-119.51857434,49.73797774],[-119.51863161,49.73815398],[-119.51875537,49.73829996],[-119.51895149,49.73841426],[-119.51919105,49.73850861],[-119.51945023,49.73859371],[-119.51970489,49.73867987],[-119.51994131,49.73877921],[-119.52018505,49.73886609],[-119.52045164,49.73889671],[-119.52073152,49.73889671],[-119.52101249,49.73889671],[-119.52110714,49.73890561],[-119.52128587,49.7389227],[-119.52153565,49.73895902],[-119.52155786,49.73896222],[-119.52182744,49.73900993],[-119.52194678,49.73903557],[-119.52209195,49.73906654],[-119.52216718,49.73908613],[-119.52213377,49.74141364],[-119.52205505,49.74686872],[-119.52204867,49.74731699],[-119.52197852,49.75218494],[-119.53314615,49.75218244],[-119.54431137,49.75217853],[-119.54431251,49.75327766],[-119.54431813,49.75923335],[-119.54431829,49.75941316],[-119.5554849,49.7593747],[-119.55576226,49.75937363],[-119.57753831,49.75929566],[-119.57781567,49.75929459],[-119.57809303,49.75929352],[-119.59999894,49.75919739],[-119.66153276,49.75895563],[-119.66181067,49.75895456],[-119.67318575,49.75889012],[-119.69550496,49.7594128],[-119.69538959,49.77598218]]]},"geometry_name":"SHAPE","properties":{"id":308,"slug":"penticton-summerland","name":"Penticton-Summerland","abbreviation":"PES","gazetteDate":"2023-12-07Z","boundarySet":11},"bbox":[-120.0938651,49.36017985,-119.30099391,49.77598218]}
