{"type":"Feature","id":311,"geometry":{"type":"Polygon","coordinates":[[[-125.2023539,51.32647465],[-125.20252463,51.32631158],[-125.20269056,51.32611148],[-125.20279649,51.32588752],[-125.20287343,51.32562831],[-125.20292226,51.3254567],[-125.20296066,51.32525517],[-125.20297497,51.32506005],[-125.20296838,51.32492511],[-125.20293526,51.3247218],[-125.20287826,51.32454022],[-125.20284567,51.32445085],[-125.20282241,51.3242714],[-125.20282147,51.32424434],[-125.20284165,51.32407308],[-125.20283359,51.32390253],[-125.20280997,51.32371418],[-125.20279808,51.32356748],[-125.20279794,51.32346245],[-125.202797,51.32343539],[-125.20278104,51.32311209],[-125.20277859,51.32305797],[-125.20277315,51.32294119],[-125.20276807,51.3228333],[-125.20277799,51.32274322],[-125.20282626,51.32255344],[-125.2028914,51.32241743],[-125.20291875,51.32238112],[-125.20297321,51.32232593],[-125.20308215,51.32220701],[-125.20319434,51.32204607],[-125.20326709,51.32187089],[-125.20328743,51.32179256],[-125.20331725,51.32171708],[-125.20334992,51.32159922],[-125.20335571,51.32145253],[-125.20334497,51.32129373],[-125.20327469,51.32113315],[-125.20346601,51.32092272],[-125.20368202,51.32064287],[-125.20396553,51.3203007],[-125.20453269,51.31995747],[-125.20538382,51.31961245],[-125.20720227,51.31923361],[-125.20799997,51.31900574],[-125.20863768,51.31870381],[-125.20926217,51.31838514],[-125.20962608,51.3180355],[-125.20998802,51.31773606],[-125.21010468,51.31743484],[-125.21034055,51.31713575],[-125.21057836,51.31674659],[-125.21094018,51.31627909],[-125.21142244,51.31579415],[-125.21190148,51.31531241],[-125.21237788,51.31483387],[-125.21261274,51.31431902],[-125.21272595,51.31382304],[-125.21283869,51.31327721],[-125.21307803,51.312788],[-125.21344834,51.31233759],[-125.2136955,51.3117761],[-125.21381575,51.31112238],[-125.21380569,51.31061002],[-125.21379301,51.31005245],[-125.21389564,51.30960809],[-125.21423966,51.30923175],[-125.21495252,51.30893337],[-125.21592117,51.30865423],[-125.21704319,51.3084171],[-125.21808442,51.30819065],[-125.21914579,51.30788266],[-125.22002089,51.30765337],[-125.22077823,51.3074141],[-125.22097541,51.30727951],[-125.22108448,51.30712641],[-125.22110527,51.30695515],[-125.22109668,51.3067846],[-125.22106038,51.30662331],[-125.22099527,51.30646273],[-125.22090644,51.30630535],[-125.22077668,51.30616115],[-125.22062962,51.30602585],[-125.22047007,51.30589411],[-125.22034018,51.30574777],[-125.22023595,51.30559289],[-125.22018469,51.3054259],[-125.22016187,51.30525535],[-125.22016713,51.30509655],[-125.22019851,51.30495485],[-125.2202572,51.30484589],[-125.22032475,51.30476649],[-125.22040805,51.30470205],[-125.22056011,51.30458348],[-125.22071089,51.30443857],[-125.22087038,51.30418079],[-125.22070349,51.30398603],[-125.22056671,51.30383257],[-125.22045877,51.30367591],[-125.22036505,51.30351568],[-125.22030825,51.30343308],[-125.2202124,51.30332092],[-125.22015029,51.30322301],[-125.2200575,51.30308379],[-125.21995051,51.30294813],[-125.21987761,51.30282957],[-125.21982459,51.30269178],[-125.21978798,51.30255541],[-125.21978109,51.30241156],[-125.2198074,51.30226736],[-125.21983993,51.30214987],[-125.2198546,51.30205337],[-125.21985889,51.30194264],[-125.21985553,51.30187962],[-125.21988032,51.3017931],[-125.21992339,51.30170159],[-125.22001987,51.30151965],[-125.22008203,51.30134768],[-125.22012353,51.30118212],[-125.22012203,51.30115506],[-125.220121,51.30104112],[-125.22014026,51.30093608],[-125.22017845,51.30083924],[-125.22047508,51.30074381],[-125.22060289,51.30071426],[-125.22078648,51.30065694],[-125.22085684,51.30062845],[-125.22095511,51.30058181],[-125.22102489,51.30054727],[-125.22112373,51.30050668],[-125.22126408,51.30044081],[-125.22142322,51.30037494],[-125.2215317,51.30033685],[-125.22170161,51.30029768],[-125.22184365,51.30026813],[-125.2220145,51.30023786],[-125.22229932,51.30019656],[-125.22251244,51.30015633],[-125.22272597,51.3001225],[-125.22289682,51.30008619],[-125.22310978,51.30004631],[-125.22338072,51.30001391],[-125.2235368,51.29998115],[-125.22365945,51.29993593],[-125.22376193,51.29989],[-125.2239404,51.29982057],[-125.22412371,51.29978319],[-125.22431529,51.29975363],[-125.22440061,51.29974295],[-125.22450034,51.29973191],[-125.22456,51.29973583],[-125.22463513,51.29974438],[-125.22473143,51.2997636],[-125.2248283,51.29978283],[-125.22493481,51.2998106],[-125.22512184,51.2997871],[-125.22537457,51.29971233],[-125.22578515,51.29959377],[-125.22616374,51.29947662],[-125.22644434,51.29938619],[-125.22662792,51.29932281],[-125.22673017,51.29925801],[-125.22692723,51.29917932],[-125.22706856,51.29914158],[-125.22719114,51.29910134],[-125.22729399,51.29905826],[-125.22741064,51.29899916],[-125.22748954,51.29894646],[-125.22761401,51.29884534],[-125.22768269,51.29879016],[-125.2278077,51.29869758],[-125.22786291,51.29865165],[-125.22802432,51.29856762],[-125.22828167,51.29848787],[-125.2286808,51.29842627],[-125.22917016,51.29839316],[-125.23030257,51.29828349],[-125.23113361,51.29816564],[-125.23166329,51.2980396],[-125.23173383,51.29802037],[-125.23179072,51.29800114],[-125.23209809,51.29793242],[-125.23238744,51.29789112],[-125.23270255,51.29787617],[-125.23295729,51.29786727],[-125.23321604,51.29788009],[-125.23344961,51.29790287],[-125.23364841,51.29791605],[-125.23382959,51.29787831],[-125.23402342,51.29780282],[-125.23418709,51.29771879],[-125.23429881,51.29765684],[-125.23446591,51.29755465],[-125.23467642,51.29746066],[-125.234882,51.29736381],[-125.23505402,51.29726447],[-125.23524938,51.29715303],[-125.23548776,51.29703126],[-125.23563776,51.29697749],[-125.23576995,51.29693619],[-125.23595424,51.29689667],[-125.23613342,51.29684504],[-125.23637862,51.29677169],[-125.23660352,51.29667734],[-125.23684173,51.29655593],[-125.23695411,51.29651071],[-125.23705316,51.29647688],[-125.23713848,51.29646015],[-125.23740923,51.2964281],[-125.23765552,51.29637541],[-125.23789141,51.29631096],[-125.23817106,51.29626361],[-125.23847537,51.296228],[-125.23874742,51.29621376],[-125.23901927,51.29620842],[-125.23954746,51.29615323],[-125.23981934,51.29613329],[-125.24010579,51.29612475],[-125.24009402,51.29569108],[-125.24011002,51.29526737],[-125.2404182,51.29482053],[-125.24094085,51.29432205],[-125.24176706,51.29370964],[-125.24151479,51.29318696],[-125.24120033,51.29268635],[-125.24142465,51.29257989],[-125.24158831,51.29249586],[-125.24170856,51.29241575],[-125.24178708,51.29236021],[-125.24185632,51.29230502],[-125.24195343,51.29224022],[-125.24207861,51.2921569],[-125.242406,51.29211453],[-125.24263462,51.2920921],[-125.24282638,51.29204154],[-125.24298313,51.29198671],[-125.24315969,51.29188132],[-125.24342082,51.29173533],[-125.24350462,51.29169759],[-125.24373028,51.2916125],[-125.24396956,51.29151779],[-125.24415274,51.29145156],[-125.24430838,51.29141239],[-125.24439295,51.29138391],[-125.24452194,51.29134937],[-125.24463829,51.29131021],[-125.24477274,51.29123259],[-125.2451533,51.29109052],[-125.24542382,51.29104922],[-125.24563803,51.29102715],[-125.24586648,51.29100507],[-125.24602761,51.29097481],[-125.24619293,51.29093564],[-125.24627787,51.29091606],[-125.24654802,51.29086585],[-125.24682801,51.2908274],[-125.24710441,51.29080141],[-125.24733925,51.29081173],[-125.24752198,51.29080817],[-125.24768746,51.29079892],[-125.24785713,51.29078076],[-125.2480268,51.2907626],[-125.24819647,51.29074444],[-125.24840499,51.29070421],[-125.24866073,51.29065436],[-125.24891517,51.29058671],[-125.24914118,51.29051051],[-125.24941018,51.29044215],[-125.24955105,51.29038839],[-125.24970579,51.29031967],[-125.24980664,51.29019968],[-125.25002965,51.28996647],[-125.25048755,51.28962003],[-125.25124388,51.28938468],[-125.25217631,51.28938859],[-125.25317179,51.28963249],[-125.25348793,51.28964424],[-125.25382853,51.28967059],[-125.25419247,51.28968483],[-125.25450788,51.28967878],[-125.25480906,51.28967272],[-125.2551529,51.28967522],[-125.25551208,51.28968625],[-125.25624144,51.28963534],[-125.25712504,51.28952639],[-125.25869077,51.28937613],[-125.26041519,51.28915111],[-125.2611363,51.28884526],[-125.26159147,51.28847176],[-125.26221865,51.28845645],[-125.26291398,51.28830833],[-125.26367778,51.28802669],[-125.26476476,51.28767278],[-125.26579219,51.28737405],[-125.26688024,51.28714012],[-125.2675836,51.28691795],[-125.26821478,51.28666159],[-125.2681216,51.28652558],[-125.26805698,51.28636998],[-125.26800519,51.28619801],[-125.26801589,51.28602995],[-125.26806034,51.28585549],[-125.26807764,51.28572303],[-125.26807488,51.28557634],[-125.26874059,51.28540152],[-125.26897562,51.28532782],[-125.2692052,51.28523061],[-125.2694395,51.285127],[-125.26968347,51.28504155],[-125.26987779,51.28491159],[-125.27005659,51.28475528],[-125.2703303,51.28467802],[-125.27058291,51.28460325],[-125.27080163,51.28444196],[-125.27096233,51.28412436],[-125.2711609,51.2837238],[-125.2714194,51.28331078],[-125.27188526,51.28293621],[-125.27248331,51.28258194],[-125.27321242,51.28224796],[-125.27393616,51.2818709],[-125.27464971,51.28144044],[-125.27535819,51.28088393],[-125.27603884,51.28117482],[-125.27650468,51.28151343],[-125.27675667,51.2819001],[-125.27704283,51.2818944],[-125.277362,51.28186449],[-125.27773836,51.28184491],[-125.27810963,51.28181073],[-125.27849697,51.28175447],[-125.27889369,51.2817146],[-125.27929273,51.2817267],[-125.27963859,51.2817381],[-125.27993259,51.28174842],[-125.28023391,51.28175163],[-125.28050624,51.28174629],[-125.28061343,51.28175804],[-125.2807323,51.28177762],[-125.28093071,51.28182782],[-125.28141773,51.28190829],[-125.28209245,51.28192609],[-125.28286998,51.281862],[-125.28350604,51.28170285],[-125.28381324,51.28163662],[-125.28403798,51.28173738],[-125.28422499,51.28184456],[-125.28439049,51.28190544],[-125.28457062,51.28196063],[-125.28502797,51.28199766],[-125.28560006,51.28200371],[-125.28629727,51.28198092],[-125.28679296,51.28195814],[-125.28718571,51.28196668],[-125.28746104,51.28202401],[-125.28773773,51.28210875],[-125.28799961,51.28219349],[-125.28826132,51.28226042],[-125.28853268,51.28232986],[-125.28874513,51.28237685],[-125.28891244,51.28243632],[-125.28906707,51.28250824],[-125.28922588,51.28262823],[-125.28940495,51.28275961],[-125.28993802,51.28220168],[-125.29046683,51.2817267],[-125.29106092,51.28136602],[-125.29151253,51.28092452],[-125.29191986,51.28053001],[-125.2921892,51.28021597],[-125.29245345,51.28005575],[-125.29271326,51.28008673],[-125.29297521,51.28009741],[-125.29323989,51.28009741],[-125.29350064,51.28006216],[-125.2937997,51.2800205],[-125.29379053,51.27963774],[-125.29357116,51.27926745],[-125.29314234,51.27890926],[-125.2930212,51.27881455],[-125.29288958,51.27872518],[-125.2927348,51.27856638],[-125.29258621,51.27840046],[-125.29245473,51.27821994],[-125.29227266,51.27814588],[-125.29211698,51.27805687],[-125.29197659,51.27796074],[-125.291869,51.27781903],[-125.29176121,51.27766806],[-125.29163399,51.27747971],[-125.29145182,51.27727747],[-125.29121472,51.27706135],[-125.29084387,51.27690575],[-125.29050605,51.27677437],[-125.29020125,51.2766672],[-125.28994245,51.27656145],[-125.28963591,51.27645072],[-125.28951352,51.27635993],[-125.28954379,51.27619863],[-125.28972648,51.27596613],[-125.28991609,51.27535799],[-125.29000462,51.27463556],[-125.28998574,51.27368277],[-125.28997211,51.27254091],[-125.2897507,51.271461],[-125.28930495,51.27059935],[-125.28861262,51.2700311],[-125.28787664,51.2696138],[-125.28783943,51.26944361],[-125.28783048,51.26926416],[-125.28780767,51.26909361],[-125.28775643,51.26893267],[-125.28980423,51.26792149],[-125.29143357,51.26676538],[-125.29264505,51.26546437],[-125.2936714,51.26401132],[-125.29500391,51.26274698],[-125.29741057,51.2630984],[-125.29984956,51.26362322],[-125.30116799,51.26377205],[-125.3024388,51.2636663],[-125.30366116,51.26330527],[-125.30493226,51.2632134],[-125.30618419,51.26302185],[-125.30734871,51.26298482],[-125.30851988,51.26300262],[-125.30943976,51.26343416],[-125.30985946,51.263672],[-125.31015414,51.26386106],[-125.31041533,51.26392765],[-125.31073544,51.26402022],[-125.31108379,51.26410354],[-125.31134499,51.26416407],[-125.31160658,51.26423706],[-125.31185396,51.26430399],[-125.31211536,51.26437983],[-125.31234871,51.26445603],[-125.31262753,51.26458563],[-125.31287565,51.26467037],[-125.31310958,51.26476472],[-125.31334276,51.26484128],[-125.3135767,51.26493563],[-125.3138267,51.26505633],[-125.31433214,51.26484769],[-125.31495127,51.26464046],[-125.31539464,51.26433497],[-125.31583537,51.26401452],[-125.31598582,51.26358762],[-125.31628343,51.26316605],[-125.31657536,51.26269962],[-125.31696764,51.2622364],[-125.31748652,51.26172048],[-125.31799656,51.26103686],[-125.3184985,51.26018518],[-125.31886646,51.25894897],[-125.31934453,51.25807308],[-125.31995517,51.25723351],[-125.32070533,51.25656199],[-125.32144432,51.2560329],[-125.32216784,51.25572562],[-125.32277664,51.25569643],[-125.32332302,51.25580253],[-125.32362418,51.25580574],[-125.32386925,51.25582781],[-125.32415655,51.25583992],[-125.32445771,51.25584312],[-125.324817,51.25586306],[-125.32516113,51.2558741],[-125.32546397,51.25590401],[-125.32582326,51.25592395],[-125.32619882,51.25597949],[-125.32651622,51.25602684],[-125.32687666,51.25606494],[-125.32710653,51.25605034],[-125.32740376,51.25600619],[-125.32796919,51.25584526],[-125.32844818,51.25606459],[-125.32885155,51.25620024],[-125.32917953,51.25625294],[-125.32957499,51.25557323],[-125.32995882,51.25466637],[-125.3302076,51.25344511],[-125.33033306,51.25213768],[-125.33045345,51.25071526],[-125.33071294,51.24935407],[-125.33113351,51.24832935],[-125.33154896,51.24771872],[-125.3319342,51.24724624],[-125.33242628,51.24684176],[-125.33292524,51.24638388],[-125.33355369,51.24592884],[-125.33418391,51.24545672],[-125.33495394,51.24491338],[-125.33581594,51.24429777],[-125.33637598,51.24375586],[-125.33655452,51.24338556],[-125.33649935,51.24317371],[-125.33634817,51.24301491],[-125.33626025,51.24291272],[-125.3361461,51.24279736],[-125.33598693,51.24267132],[-125.33615419,51.24201156],[-125.33630158,51.24144009],[-125.33674161,51.24088251],[-125.33747336,51.24033953],[-125.33797141,51.23993079],[-125.33815511,51.23959432],[-125.33802391,51.23933013],[-125.33783257,51.23922901],[-125.33762591,51.23911329],[-125.33748941,51.23902499],[-125.33737367,51.23893847],[-125.33722631,51.23875831],[-125.3370852,51.23862051],[-125.33698131,51.23854147],[-125.33687705,51.23847168],[-125.3366912,51.23838552],[-125.33657912,51.23830576],[-125.33647758,51.23821568],[-125.33641631,51.23813913],[-125.33635102,51.23808323],[-125.33625189,51.23800739],[-125.3361587,51.23782936],[-125.33610322,51.23761467],[-125.33606036,51.23724366],[-125.33582206,51.2369727],[-125.33538847,51.23680144],[-125.33527217,51.23667504],[-125.33520466,51.23656823],[-125.33515194,51.23646747],[-125.33509888,51.23639163],[-125.33504531,51.2363108],[-125.33499182,51.23622499],[-125.33496823,51.23614453],[-125.33492996,51.23595617],[-125.33486462,51.23578669],[-125.33484652,51.23571513],[-125.3348024,51.23550897],[-125.33474979,51.23531243],[-125.33468731,51.23512479],[-125.33483906,51.23481894],[-125.33505671,51.23448781],[-125.33549191,51.23394555],[-125.33556938,51.23371304],[-125.33554342,51.2335457],[-125.33539399,51.23342571],[-125.3352249,51.23328827],[-125.3350465,51.23315974],[-125.33491064,51.23305684],[-125.33482236,51.23294468],[-125.33479793,51.23281401],[-125.33482118,51.23266661],[-125.33485452,51.23247719],[-125.33488096,51.23231091],[-125.33488555,51.23214997],[-125.33484389,51.23199189],[-125.33477837,51.23183131],[-125.33469756,51.23164402],[-125.33460309,51.2314749],[-125.33439558,51.23134423],[-125.33423142,51.23120964],[-125.33414515,51.23110532],[-125.33407794,51.23100883],[-125.33400783,51.23090522],[-125.33391935,51.23079591],[-125.33375955,51.23066417],[-125.33362585,51.23056519],[-125.33353602,51.23048899],[-125.33349046,51.23043594],[-125.33341465,51.23035654],[-125.333274,51.23024937],[-125.33309294,51.23016285],[-125.33286082,51.23010873],[-125.33256508,51.23004962],[-125.33225618,51.2299218],[-125.33184928,51.22970496],[-125.33144036,51.22940054],[-125.33087452,51.22909611],[-125.33037392,51.22874006],[-125.32975173,51.2284189],[-125.32925655,51.22804291],[-125.32863972,51.22773457],[-125.32802428,51.22743299],[-125.32716059,51.22719622],[-125.32616444,51.22700537],[-125.32500892,51.22671946],[-125.32501486,51.22654856],[-125.32506118,51.22633172],[-125.32509496,51.2261512],[-125.32517096,51.22596072],[-125.32523334,51.22577379],[-125.32532464,51.2255979],[-125.32567932,51.22540599],[-125.32597651,51.22514536],[-125.32614772,51.22478396],[-125.32609124,51.2243567],[-125.32596515,51.22393122],[-125.32570915,51.22356555],[-125.32571138,51.22325401],[-125.3255851,51.22296667],[-125.32571667,51.22266901],[-125.32572171,51.22229836],[-125.32598472,51.22179633],[-125.32624764,51.22117252],[-125.32674857,51.22078585],[-125.32736987,51.22043087],[-125.32810683,51.22008621],[-125.3287269,51.21963117],[-125.32935115,51.21916724],[-125.32985474,51.21867945],[-125.33027056,51.21824649],[-125.33034224,51.21787441],[-125.33018775,51.21761449],[-125.3299799,51.21743896],[-125.32984797,51.2173147],[-125.32976494,51.21717833],[-125.32968062,51.21703021],[-125.32964065,51.21686394],[-125.32962103,51.21669552],[-125.32966466,51.21652675],[-125.32968467,51.21634659],[-125.3296901,51.21617569],[-125.33019132,51.21613972],[-125.33080988,51.21613225],[-125.33188871,51.21613474],[-125.33271876,51.2160354],[-125.33343763,51.21590295],[-125.33370975,51.21583566],[-125.33394037,51.21582996],[-125.33402737,51.21588906],[-125.33413989,51.21594105],[-125.33430389,51.21597665],[-125.33450723,51.21599873],[-125.33484604,51.21606389],[-125.33518747,51.216144],[-125.33545562,51.21624939],[-125.33568063,51.2163619],[-125.33587506,51.21643311],[-125.33614016,51.21647975],[-125.33642314,51.21650895],[-125.33664066,51.21649969],[-125.33693262,51.21647477],[-125.33735141,51.21638932],[-125.33787587,51.21618922],[-125.33837865,51.21584313],[-125.33890002,51.21536211],[-125.33879552,51.21527737],[-125.33869053,51.21522147],[-125.33857565,51.21514669],[-125.33845878,51.21503632],[-125.33834108,51.21488179],[-125.33823125,51.21469486],[-125.3381728,51.2145763],[-125.33812306,51.21443922],[-125.33811867,51.21432172],[-125.33820805,51.21420066],[-125.33829732,51.21404721],[-125.33837497,51.21385565],[-125.33825271,51.21360819],[-125.33811498,51.21340809],[-125.33795359,51.21326674],[-125.33784051,51.21317488],[-125.33770188,51.21309868],[-125.33757584,51.2130054],[-125.33749245,51.21289395],[-125.33746384,51.21277361],[-125.33747407,51.21265646],[-125.33739249,51.21246028],[-125.33728799,51.21228261],[-125.3371923,51.2121466],[-125.3371276,51.21203409],[-125.33711937,51.21190306],[-125.33714228,51.21176384],[-125.33718108,51.21158119],[-125.33714754,51.21139889],[-125.33704318,51.2112173],[-125.336871,51.21111583],[-125.33673337,51.21104355],[-125.33664731,51.2109994],[-125.33657207,51.21095881],[-125.33650806,51.21092213],[-125.33646915,51.21091181],[-125.33638726,51.21089863],[-125.33626271,51.2108819],[-125.33604649,51.21085947],[-125.33580752,51.2108552],[-125.33570693,51.21084309],[-125.33556237,51.21081817],[-125.33526843,51.21076405],[-125.33486893,51.2106939],[-125.33463041,51.21063195],[-125.33441338,51.21056537],[-125.3342574,51.2104995],[-125.33408195,51.21042188],[-125.33391226,51.21033928],[-125.3337541,51.2102346],[-125.33360764,51.21010749],[-125.33345677,51.20994869],[-125.33327694,51.2097995],[-125.33308859,51.20965637],[-125.33292878,51.20958053],[-125.33276226,51.20953104],[-125.33258935,51.20950718],[-125.33244614,51.20950113],[-125.33214477,51.20948938],[-125.33207306,51.20929889],[-125.33206638,51.20910911],[-125.33206936,51.20894106],[-125.3320807,51.20879508],[-125.33205772,51.20871354],[-125.3320303,51.20864625],[-125.33196807,51.20853943],[-125.33194024,51.20846217],[-125.33193169,51.2083874],[-125.33194677,51.20831191],[-125.33195972,51.20821685],[-125.33196955,51.20810184],[-125.33185927,51.20786898],[-125.33161414,51.20758699],[-125.33123875,51.20714477],[-125.33099522,51.2065783],[-125.33094113,51.20603674],[-125.33108781,51.20557814],[-125.33132099,51.20527372],[-125.33152399,51.20507682],[-125.33168548,51.20492942],[-125.33181982,51.20472504],[-125.33194453,51.20448684],[-125.33207756,51.20409946],[-125.33218372,51.20371243],[-125.33236242,51.20334997],[-125.33249346,51.20304163],[-125.33271151,51.20279951],[-125.33281766,51.20262362],[-125.33288409,51.20249829],[-125.3328359,51.20238827],[-125.33281244,51.2023078],[-125.3325377,51.20225048],[-125.33230026,51.20217428],[-125.33209957,51.20207922],[-125.33188996,51.20199341],[-125.33166162,51.20191721],[-125.33140142,51.20186523],[-125.33115452,51.20179224],[-125.33095148,51.20173954],[-125.33077789,51.20170999],[-125.33069163,51.20170251],[-125.33053365,51.20168685],[-125.33036048,51.20166121],[-125.33014323,51.20160852],[-125.32989597,51.20153873],[-125.32985231,51.20152164],[-125.32960523,51.20144544],[-125.32938527,51.20134183],[-125.32917841,51.20122006],[-125.32901417,51.20108263],[-125.3288923,51.20093487],[-125.32881286,51.20077785],[-125.32876106,51.20060801],[-125.32866267,51.20045384],[-125.32854575,51.20030643],[-125.32842207,51.20012876],[-125.32834391,51.1999956],[-125.32829537,51.19988878],[-125.3282452,51.19974565],[-125.32815121,51.19958578],[-125.32808357,51.19947007],[-125.32804051,51.19937215],[-125.32803317,51.19932622],[-125.32802102,51.1992664],[-125.32797551,51.19919056],[-125.32786304,51.19909764],[-125.32767693,51.19901147],[-125.32744572,51.19893421],[-125.32721286,51.19885801],[-125.32697926,51.19877256],[-125.32677383,51.19867073],[-125.32661579,51.19856],[-125.32650455,51.19844036],[-125.32567702,51.19848665],[-125.32537319,51.19845496],[-125.32520036,51.19840333],[-125.32510393,51.19828726],[-125.32490241,51.19823741],[-125.32459599,51.19825344],[-125.32393655,51.19832643],[-125.32351131,51.19840405],[-125.32321254,51.19844962],[-125.32302869,51.19849128],[-125.32298684,51.19851015],[-125.32293532,51.19853507],[-125.32280921,51.19858563],[-125.32260811,51.19866147],[-125.32234627,51.19867571],[-125.32210531,51.19866254],[-125.32193562,51.19864402],[-125.32183737,51.19861981],[-125.32176953,51.19859738],[-125.32164787,51.19858065],[-125.32148782,51.1985899],[-125.32130231,51.19863868],[-125.32115084,51.19871773],[-125.32099057,51.19879855],[-125.32075697,51.19886015],[-125.32043,51.19890287],[-125.32019661,51.19881457],[-125.31997214,51.19871701],[-125.31975167,51.19860735],[-125.31952229,51.19850694],[-125.31934431,51.19837948],[-125.31917968,51.19824418],[-125.31901918,51.19827729],[-125.31871254,51.19834316],[-125.31789129,51.19855928],[-125.31713195,51.19879713],[-125.3171546,51.19895877],[-125.31706517,51.19907734],[-125.316769,51.1991692],[-125.31626626,51.199234],[-125.31551122,51.19924219],[-125.3149378,51.19925323],[-125.31460392,51.19925394],[-125.31443632,51.19927317],[-125.31434326,51.19927531],[-125.31430713,51.19927602],[-125.31407044,51.19921762],[-125.31389653,51.19917312],[-125.31373122,51.19913929],[-125.31351157,51.19910262],[-125.31332909,51.19908232],[-125.31315186,51.19907378],[-125.31305198,51.19907592],[-125.31281621,51.19907342],[-125.31260535,51.19905064],[-125.31241884,51.19900755],[-125.31215018,51.19888685],[-125.31201066,51.19885979],[-125.3118779,51.19884733],[-125.31173602,51.19884092],[-125.3115596,51.19881742],[-125.31122303,51.19876722],[-125.31074165,51.1986807],[-125.31030029,51.19856356],[-125.30989926,51.1984368],[-125.3096923,51.19830577],[-125.30947453,51.19821213],[-125.30923381,51.19814306],[-125.30897087,51.1980982],[-125.30869377,51.19809179],[-125.30837954,51.19809784],[-125.30805112,51.19811351],[-125.30776415,51.19810995],[-125.30752548,51.19800883],[-125.30727844,51.19793868],[-125.30702402,51.19789988],[-125.30673762,51.19789631],[-125.30638405,51.19789062],[-125.30598811,51.19776636],[-125.30561476,51.19745695],[-125.30544996,51.19701865],[-125.30545262,51.19653976],[-125.3054565,51.19632078],[-125.30542376,51.19614454],[-125.30535914,51.19600212],[-125.30529013,51.19586539],[-125.30519135,51.19570268],[-125.30504978,51.19554032],[-125.30489511,51.19540573],[-125.30485495,51.19536443],[-125.30479971,51.19530568],[-125.30472902,51.19522913],[-125.30463922,51.19514973],[-125.30459433,51.19511483],[-125.30453471,51.19506178],[-125.30449473,51.19502368],[-125.30446455,51.19499734],[-125.30442928,51.19496494],[-125.3043753,51.19492399],[-125.30431004,51.19486845],[-125.30420553,51.1947805],[-125.30414608,51.19473671],[-125.30409685,51.19469896],[-125.30406138,51.19466336],[-125.30402597,51.19461921],[-125.30400472,51.19457755],[-125.30397822,51.19452414],[-125.303384,51.19438315],[-125.30230807,51.19404454],[-125.30249052,51.19377715],[-125.3025521,51.19360695],[-125.30257845,51.19343676],[-125.30252663,51.19325766],[-125.30247498,51.19308783],[-125.3023855,51.1929187],[-125.30227274,51.19275919],[-125.3021412,51.19261179],[-125.30205772,51.19246367],[-125.30199766,51.19231769],[-125.30195909,51.19218274],[-125.30186312,51.19206952],[-125.30168293,51.1919951],[-125.30144491,51.1919481],[-125.30118518,51.19189897],[-125.30092471,51.19185019],[-125.30062187,51.19180212],[-125.30034828,51.1917715],[-125.30014238,51.19175156],[-125.3000235,51.1917302],[-125.29992522,51.19170492],[-125.29984584,51.19166967],[-125.29973351,51.19162481],[-125.2995892,51.19157069],[-125.29940588,51.19152939],[-125.29914598,51.19148061],[-125.2987986,51.19140655],[-125.29866673,51.19152583],[-125.29851292,51.19157603],[-125.29829403,51.19161128],[-125.29800636,51.19158885],[-125.29771849,51.1915536],[-125.29743002,51.19150518],[-125.29715644,51.19147455],[-125.29696801,51.19143325],[-125.29679418,51.19138269],[-125.29670669,51.19135741],[-125.29643243,51.19130899],[-125.29628854,51.19129368],[-125.29617288,51.19126911],[-125.29594225,51.19123778],[-125.29583674,51.19122781],[-125.29576962,51.19122318],[-125.29571287,51.19122425],[-125.29562681,51.19122603],[-125.29546889,51.19121998],[-125.29540213,51.1912182],[-125.29528811,51.19119256],[-125.29510772,51.19114627],[-125.29499166,51.19112135],[-125.29478332,51.19095258],[-125.29463881,51.19063783],[-125.2945583,51.19017674],[-125.29455563,51.18954724],[-125.29445538,51.18902456],[-125.29423681,51.18856596],[-125.29401789,51.18822843],[-125.29400609,51.18792507],[-125.29410016,51.18757436],[-125.29406355,51.18712751],[-125.29379191,51.1867501],[-125.29352851,51.18646953],[-125.2933916,51.18627833],[-125.29336702,51.18607182],[-125.29337277,51.18590091],[-125.29338471,51.18584679],[-125.29338904,51.18564883],[-125.29339496,51.18547756],[-125.29353915,51.18530702],[-125.29372221,51.18515641],[-125.29384677,51.18507309],[-125.29399015,51.1849175],[-125.2941129,51.18476226],[-125.29419594,51.18460452],[-125.29425913,51.1844443],[-125.29434291,51.18429583],[-125.29439002,51.18419008],[-125.29443906,51.18402736],[-125.29451684,51.18386394],[-125.29462369,51.1837087],[-125.29471776,51.18359013],[-125.29479554,51.1834267],[-125.29486195,51.1833174],[-125.29492744,51.18317035],[-125.29493826,51.18300799],[-125.29489462,51.18283103],[-125.29488342,51.18279222],[-125.29486641,51.18274166],[-125.29484416,51.18267935],[-125.29481773,51.18261989],[-125.2947907,51.18256648],[-125.29476496,51.18251877],[-125.29468803,51.18241231],[-125.29455102,51.18224425],[-125.29448469,51.18213459],[-125.2944614,51.18204202],[-125.29447985,51.18196689],[-125.29451787,51.18186719],[-125.29453427,51.18171587],[-125.29453098,51.18155814],[-125.29448015,51.18140005],[-125.29438501,51.18121313],[-125.29429163,51.18106216],[-125.29417335,51.18089054],[-125.29403127,51.18071643],[-125.29392791,51.18055051],[-125.29385679,51.18036928],[-125.2938193,51.18019019],[-125.2937713,51.17999009],[-125.29369999,51.17980565],[-125.2935768,51.17963724],[-125.29347975,51.17950728],[-125.2934223,51.17940652],[-125.29335891,51.17927264],[-125.29332351,51.17913841],[-125.2933074,51.1791028],[-125.29327954,51.17902234],[-125.29324327,51.17896928],[-125.29320808,51.17892478],[-125.29316777,51.17888988],[-125.29314888,51.17875921],[-125.29309759,51.17859614],[-125.29301487,51.17840102],[-125.29271111,51.17823617],[-125.29242762,51.17809696],[-125.29216455,51.17798302],[-125.29197203,51.17785199],[-125.29179282,51.17770245],[-125.29164324,51.17757071],[-125.29146543,51.17744823],[-125.29127326,51.1773261],[-125.29106656,51.17719508],[-125.29087406,51.17706405],[-125.29065333,51.17694228],[-125.29045073,51.17683261],[-125.29028842,51.17666776],[-125.29018985,51.17640891],[-125.29013775,51.17607102],[-125.29001158,51.1755138],[-125.28963596,51.17505057],[-125.28901034,51.17468135],[-125.28835085,51.17426726],[-125.28782201,51.1738051],[-125.28733357,51.17321192],[-125.28671607,51.17265754],[-125.28596988,51.1721904],[-125.28547061,51.17174035],[-125.28521865,51.17130775],[-125.28534247,51.17084666],[-125.28546836,51.17027555],[-125.28547321,51.16970587],[-125.28523245,51.16917286],[-125.28473777,51.16884173],[-125.28423992,51.16852093],[-125.28361329,51.16831513],[-125.28298013,51.16810755],[-125.28209373,51.16806198],[-125.28108081,51.16801498],[-125.28000958,51.1680456],[-125.27914195,51.16812357],[-125.27859919,51.16832617],[-125.27831385,51.16860638],[-125.27818999,51.16873492],[-125.27801788,51.16878904],[-125.27775299,51.16870323],[-125.27751149,51.16857398],[-125.27714052,51.16831157],[-125.27661867,51.16797083],[-125.27543963,51.16785013],[-125.2744134,51.16774011],[-125.27356725,51.1676575],[-125.27298695,51.1675279],[-125.27250272,51.16750725],[-125.27211323,51.16746879],[-125.27173113,51.16755745],[-125.27139315,51.16760089],[-125.27105285,51.16765643],[-125.2707815,51.16767067],[-125.2704394,51.16769524],[-125.27018175,51.16769133],[-125.26988151,51.16769702],[-125.26956764,51.16771233],[-125.26927863,51.16771589],[-125.26899996,51.16770842],[-125.26872184,51.16767459],[-125.26853932,51.16755638],[-125.2684504,51.16732922],[-125.26835793,51.16696925],[-125.26819879,51.16653665],[-125.26770037,51.16613467],[-125.26720973,51.16575227],[-125.26659875,51.16542256],[-125.26598785,51.16511671],[-125.2652232,51.16482261],[-125.26445973,51.1644865],[-125.26372618,51.16411122],[-125.26299852,51.16365761],[-125.262273,51.16315878],[-125.26165605,51.16256026],[-125.26116477,51.1619482],[-125.2608,51.16130766],[-125.26028389,51.16076611],[-125.25963405,51.16027796],[-125.25974231,51.16015014],[-125.25979717,51.16010385],[-125.25995311,51.16001199],[-125.26020202,51.15990126],[-125.26092151,51.15960253],[-125.26147927,51.15930487],[-125.26193217,51.15901041],[-125.26191304,51.15891179],[-125.26186487,51.15880497],[-125.26178541,51.15864439],[-125.2616468,51.15844928],[-125.2615245,51.15828086],[-125.26150833,51.15820716],[-125.2616387,51.1581477],[-125.26206031,51.15802949],[-125.26271473,51.15785609],[-125.26351765,51.1576065],[-125.26442562,51.15739038],[-125.26543366,51.15720986],[-125.26643945,51.15692145],[-125.26732248,51.15655543],[-125.26806916,51.15621718],[-125.26840604,51.15609684],[-125.26863962,51.1560915],[-125.26882847,51.15618656],[-125.26897806,51.15628661],[-125.26924203,51.15632257],[-125.26947583,51.15635391],[-125.26966719,51.15644007],[-125.2699003,51.15661667],[-125.27034047,51.15681998],[-125.2709538,51.15694175],[-125.27155231,51.15700014],[-125.27201793,51.15702507],[-125.27208551,51.15711372],[-125.27224839,51.15725045],[-125.27250489,51.15743524],[-125.27298695,51.15763285],[-125.27361622,51.15792837],[-125.27399387,51.15829973],[-125.27411874,51.15874694],[-125.27456736,51.15865436],[-125.27482396,51.15856927],[-125.27504951,51.1584742],[-125.27524906,51.1583681],[-125.27543552,51.15827766],[-125.27558534,51.15821784],[-125.27571637,51.15817013],[-125.27584744,51.15811993],[-125.27594604,51.15809394],[-125.27604556,51.15808397],[-125.27617406,51.15807756],[-125.27639247,51.15805513],[-125.2766534,51.15799923],[-125.27689644,51.15792837],[-125.27716343,51.15783331],[-125.27744616,51.15776494],[-125.2777052,51.15770584],[-125.27791659,51.15767664],[-125.27817343,51.15763178],[-125.27847589,51.15757089],[-125.27900105,51.15740177],[-125.27970251,51.15725116],[-125.28025348,51.15720737],[-125.28065378,51.15727074],[-125.28088245,51.15697842],[-125.28135813,51.15646535],[-125.2815292,51.1561652],[-125.28161996,51.15597471],[-125.28159716,51.15581306],[-125.28158878,51.15564251],[-125.28160881,51.15546235],[-125.28161512,51.15530035],[-125.28200955,51.15501764],[-125.28250114,51.15470717],[-125.28326519,51.15434755],[-125.28391082,51.15401144],[-125.28429589,51.15379282],[-125.28453775,51.15366927],[-125.28470729,51.15363011],[-125.28494708,51.15356246],[-125.28521421,51.15346703],[-125.28543794,51.15336378],[-125.28561891,51.15327049],[-125.28581408,51.1531676],[-125.28600893,51.15305579],[-125.28623265,51.15295254],[-125.28645637,51.15284928],[-125.28665155,51.15274638],[-125.28683081,51.15261714],[-125.28708547,51.15256124],[-125.28735589,51.15252599],[-125.28761043,51.15250391],[-125.28784864,51.15247436],[-125.28809383,51.15242167],[-125.28836168,51.1523355],[-125.28858573,51.15224115],[-125.28880839,51.15211973],[-125.28901016,51.15201968],[-125.28919028,51.15194135],[-125.28937098,51.15189898],[-125.28956789,51.15186195],[-125.28987302,51.15179893],[-125.29029858,51.15169496],[-125.29120514,51.15142508],[-125.29220758,51.15100778],[-125.29295522,51.15051358],[-125.29332582,51.14994176],[-125.29344649,51.14933077],[-125.29358262,51.14867635],[-125.29399339,51.14802691],[-125.29467968,51.14738174],[-125.29426298,51.14695519],[-125.29373079,51.14650408],[-125.29321204,51.14607254],[-125.29257983,51.14572005],[-125.2920799,51.14534833],[-125.2915774,51.14498444],[-125.29119231,51.14452727],[-125.29081521,51.14413597],[-125.29043414,51.14374467],[-125.2900474,51.14335337],[-125.28968987,51.14277585],[-125.28933674,51.14218908],[-125.2891032,51.14157631],[-125.28898464,51.1409461],[-125.28890269,51.14012006],[-125.2887423,51.13941294],[-125.28847142,51.13908038],[-125.28826666,51.13882865],[-125.2881282,51.13865739],[-125.28806125,51.13855556],[-125.28799004,51.13846513],[-125.28787924,51.13835048],[-125.28778167,51.13819951],[-125.2876935,51.13805745],[-125.28762154,51.13795063],[-125.28751476,51.13778079],[-125.28739034,51.13761345],[-125.28727468,51.1374899],[-125.2871931,51.13738664],[-125.28714616,51.13730368],[-125.28692156,51.13719687],[-125.28669279,51.13709646],[-125.28645946,51.13700211],[-125.28637944,51.13682372],[-125.28631271,51.13663644],[-125.28627799,51.13651574],[-125.28625883,51.13641248],[-125.2862355,51.13623303],[-125.28621184,51.13604468],[-125.28614619,51.13586594],[-125.28606769,51.13572388],[-125.28597043,51.13558787],[-125.28586893,51.13546681],[-125.28576085,51.13530694],[-125.28571596,51.13526279],[-125.28553876,51.13521045],[-125.28525829,51.13515811],[-125.28484123,51.13511503],[-125.28443818,51.13505913],[-125.28411469,51.13497546],[-125.28390456,51.13485974],[-125.28380019,51.13474473],[-125.28376917,51.13463543],[-125.28373898,51.13446808],[-125.28368612,51.1343043],[-125.28360562,51.13411381],[-125.28359,51.13392653],[-125.28359651,51.13373924],[-125.2836281,51.13360679],[-125.28364161,51.1334957],[-125.28363961,51.13345084],[-125.28367826,51.13326997],[-125.28375071,51.13309799],[-125.28387157,51.1329424],[-125.2840063,51.1327779],[-125.28417045,51.13262195],[-125.28432691,51.13251692],[-125.28447587,51.13243609],[-125.28453982,51.13229403],[-125.28456315,51.13218258],[-125.28450056,51.13206686],[-125.28440431,51.13186178],[-125.28431134,51.13171081],[-125.28418863,51.1315424],[-125.28409005,51.13137933],[-125.28405572,51.13120522],[-125.28404941,51.13104143],[-125.28405145,51.13098447],[-125.2840464,51.13088264],[-125.28403425,51.13073594],[-125.28402596,51.13056076],[-125.2840114,51.13036173],[-125.28395888,51.13017694],[-125.28386946,51.13000176],[-125.28380418,51.12983192],[-125.2837522,51.12965319],[-125.2837011,51.12948335],[-125.28367953,51.12933381],[-125.28367161,51.12917821],[-125.28366437,51.12903437],[-125.2836423,51.12887272],[-125.28360556,51.12870253],[-125.28354835,51.12851809],[-125.28351686,51.12835359],[-125.28351935,51.12824785],[-125.2835153,51.12816667],[-125.28351284,51.12811682],[-125.28350341,51.12808406],[-125.28352237,51.12798188],[-125.28355162,51.12770843],[-125.28359159,51.12726407],[-125.28359054,51.12667054],[-125.2835198,51.12620126],[-125.28345123,51.12586977],[-125.28342266,51.12567644],[-125.28343192,51.12548346],[-125.28352313,51.12529475],[-125.28362852,51.12512278],[-125.28383383,51.1249387],[-125.28399935,51.12480981],[-125.28418087,51.12466632],[-125.28432139,51.12451357],[-125.28439402,51.12434729],[-125.28442508,51.12417176],[-125.28442935,51.12397379],[-125.28442046,51.12379399],[-125.28444068,51.12361383],[-125.2844895,51.12345111],[-125.28456702,51.12328768],[-125.28467395,51.1231328],[-125.28477897,51.12295086],[-125.28483154,51.12285081],[-125.2849104,51.12271444],[-125.28500451,51.12258661],[-125.28514898,51.12242675],[-125.28535145,51.12222593],[-125.28560426,51.12193931],[-125.28579628,51.12154765],[-125.28593557,51.12109618],[-125.28596734,51.12076612],[-125.28593364,51.12057171],[-125.28585287,51.12038443],[-125.28595347,51.1201676],[-125.28606912,51.11990946],[-125.28607723,51.11958865],[-125.28583879,51.11922441],[-125.28569527,51.11857284],[-125.28527249,51.11801134],[-125.28456957,51.11754064],[-125.28496706,51.11690616],[-125.28536364,51.11651984],[-125.28563779,51.11624568],[-125.2857884,51.11608367],[-125.28582171,51.11598718],[-125.28591392,51.1158323],[-125.28600519,51.11565072],[-125.28603986,51.115488],[-125.2860449,51.11529929],[-125.28603638,51.11512839],[-125.28610015,51.11496531],[-125.28620552,51.11479227],[-125.2863379,51.11463881],[-125.28662515,51.1144793],[-125.28706178,51.11425001],[-125.28752615,51.1138523],[-125.28791838,51.11330184],[-125.2882793,51.11280301],[-125.28865027,51.11237503],[-125.28891723,51.11200011],[-125.28908075,51.11167824],[-125.28910974,51.11149167],[-125.28913945,51.11131435],[-125.28926503,51.11113099],[-125.28941974,51.11092092],[-125.28960339,51.1106845],[-125.28962385,51.11048724],[-125.28962536,51.11032631],[-125.28960834,51.11020205],[-125.28965934,51.11008384],[-125.28974521,51.10989335],[-125.28981011,51.10976019],[-125.28987212,51.10966298],[-125.28991648,51.10959818],[-125.28995692,51.10954762],[-125.28999208,51.10949386],[-125.29002681,51.10942906],[-125.2900941,51.10933506],[-125.29018878,51.10923714],[-125.29044217,51.10915134],[-125.29059897,51.10907906],[-125.29074412,51.10900144],[-125.29086364,51.10888821],[-125.29098877,51.10875363],[-125.29109996,51.10858984],[-125.29118091,51.10849335],[-125.29126259,51.10840968],[-125.29138613,51.10831426],[-125.29145486,51.10825907],[-125.29163401,51.10812056],[-125.29174206,51.10800164],[-125.29187834,51.10786385],[-125.29205662,51.10771644],[-125.29216807,51.10765129],[-125.29237735,51.10755444],[-125.29260168,51.10746294],[-125.29267649,51.10741166],[-125.29277152,51.10733689],[-125.29289468,51.10719447],[-125.29300931,51.10704137],[-125.29314556,51.10690963],[-125.29329259,51.10680175],[-125.29345043,51.10671772],[-125.29350969,51.10666573],[-125.29355984,51.1066198],[-125.29360088,51.10657993],[-125.29367277,51.10650373],[-125.29374577,51.10643715],[-125.29383282,51.10636843],[-125.293976,51.10627586],[-125.2941115,51.10616121],[-125.29423147,51.10604585],[-125.29432321,51.10588242],[-125.29439446,51.10578486],[-125.29451222,51.10565383],[-125.29455304,51.1056168],[-125.29462047,51.10556553],[-125.29472741,51.10549076],[-125.29484321,51.1054224],[-125.29499696,51.10535653],[-125.29517047,51.10529921],[-125.29547319,51.10516319],[-125.29573095,51.10501436],[-125.29587749,51.10489437],[-125.29594158,51.10480714],[-125.29593769,51.1046373],[-125.29597191,51.10446604],[-125.29604456,51.10429265],[-125.29611031,51.10417444],[-125.29607731,51.10408507],[-125.29599727,51.10391559],[-125.29591795,51.10375536],[-125.29585417,51.10359585],[-125.2958163,51.1034367],[-125.29585035,51.10326223],[-125.29587936,51.10307566],[-125.29590151,51.10284743],[-125.29594608,51.10259463],[-125.29626463,51.10239061],[-125.2959833,51.10219728],[-125.29581707,51.10190959],[-125.29576464,51.1015279],[-125.2957659,51.10069153],[-125.29575976,51.09970242],[-125.29406007,51.09925308],[-125.29273458,51.09912027],[-125.29178343,51.09930364],[-125.29168932,51.09913167],[-125.29156474,51.09898925],[-125.29142376,51.09886107],[-125.29127147,51.09880089],[-125.2911038,51.09875639],[-125.29091304,51.09874499],[-125.29044375,51.09856554],[-125.28981078,51.09846692],[-125.28901283,51.09844947],[-125.28838498,51.09845588],[-125.28801449,51.09844805],[-125.2877212,51.09845196],[-125.2874964,51.09843345],[-125.2872689,51.09842063],[-125.28705394,51.09837185],[-125.28685007,51.09829494],[-125.28665786,51.09818991],[-125.28662077,51.09801972],[-125.28653578,51.0978716],[-125.28640047,51.0977363],[-125.28615465,51.09761524],[-125.28582363,51.09750166],[-125.28546908,51.09745074],[-125.28514849,51.09741906],[-125.28486142,51.09738844],[-125.28470609,51.09726666],[-125.28452108,51.09715842],[-125.28431773,51.09705659],[-125.2841313,51.09694301],[-125.28397566,51.09681234],[-125.28388328,51.09667028],[-125.28378732,51.09659301],[-125.28363934,51.09652501],[-125.28342316,51.09648121],[-125.28317298,51.0964684],[-125.28289389,51.09640787],[-125.28271716,51.09629535],[-125.28259993,51.09610059],[-125.28254145,51.09582394],[-125.28254555,51.09532013],[-125.28255143,51.09486153],[-125.28252995,51.09452613],[-125.28255337,51.09432176],[-125.2824875,51.09421102],[-125.28239689,51.09411418],[-125.28228188,51.0940305],[-125.28217959,51.09397852],[-125.28210542,51.09392583],[-125.28206108,51.09389983],[-125.28200257,51.09387384],[-125.28185699,51.09380797],[-125.28170962,51.09372679],[-125.2816508,51.0936919],[-125.28155714,51.09362176],[-125.28142808,51.09351637],[-125.28114364,51.0933419],[-125.28090755,51.09319093],[-125.28078044,51.09309338],[-125.28063862,51.0929862],[-125.2804821,51.09286942],[-125.28031233,51.09270777],[-125.28017712,51.09254256],[-125.2800718,51.09240157],[-125.27999675,51.09228514],[-125.27986199,51.09216194],[-125.27980087,51.09210925],[-125.27973734,51.09204729],[-125.27970403,51.09198498],[-125.27967866,51.09192268],[-125.27966139,51.09186001],[-125.27960907,51.09176494],[-125.27957193,51.09168804],[-125.27955827,51.09163926],[-125.27955371,51.09160116],[-125.27954634,51.09155345],[-125.27952855,51.09148473],[-125.27946586,51.09136617],[-125.27937431,51.09124511],[-125.27962319,51.09107812],[-125.27979709,51.09094602],[-125.27990205,51.09081108],[-125.27998864,51.09067542],[-125.28005852,51.09054511],[-125.28011924,51.0904269],[-125.28017121,51.09032115],[-125.28020674,51.09016769],[-125.28007514,51.08997827],[-125.27969179,51.08976393],[-125.27893886,51.08955671],[-125.27794094,51.08940218],[-125.27758445,51.08937939],[-125.27721971,51.08932029],[-125.27684696,51.08922558],[-125.27648779,51.08937654],[-125.27606172,51.08942497],[-125.27529346,51.08948372],[-125.2742163,51.08961866],[-125.27311401,51.09001388],[-125.27221572,51.09059282],[-125.27211663,51.09061881],[-125.27189406,51.09066723],[-125.27153801,51.09075197],[-125.27104888,51.09087339],[-125.27035804,51.09115075],[-125.27006932,51.09109628],[-125.26978653,51.09105676],[-125.26952983,51.09099694],[-125.26928536,51.09092573],[-125.26906218,51.09084312],[-125.26884012,51.09078438],[-125.26854464,51.09077512],[-125.26826721,51.09075055],[-125.26799407,51.09071103],[-125.2676285,51.09060599],[-125.26730582,51.09045966],[-125.2670254,51.09027095],[-125.26640255,51.08997151],[-125.26565105,51.08962436],[-125.26489726,51.08920101],[-125.26451984,51.08875274],[-125.26439203,51.08830768],[-125.26435496,51.08797334],[-125.26420032,51.08763474],[-125.26392846,51.08729115],[-125.26378574,51.08729684],[-125.26360163,51.0873264],[-125.26343228,51.08737375],[-125.26327845,51.08743855],[-125.26306437,51.08754181],[-125.2628023,51.08762797],[-125.262549,51.08770167],[-125.26232851,51.08773977],[-125.26211401,51.08773906],[-125.26190625,51.08769918],[-125.26166859,51.08761373],[-125.26150376,51.08755391],[-125.26134116,51.08753825],[-125.26110813,51.08754074],[-125.26071897,51.08755925],[-125.26035546,51.08759415],[-125.26009933,51.08767497],[-125.25992675,51.08781846],[-125.25944055,51.08832441],[-125.25871496,51.08870325],[-125.25774959,51.08895462],[-125.25618906,51.08890691],[-125.25450407,51.08877766],[-125.25451321,51.08778784],[-125.25463331,51.08732711],[-125.25449724,51.0871676],[-125.25439032,51.08702304],[-125.25431252,51.08689237],[-125.25430588,51.08678484],[-125.25434195,51.0866531],[-125.25466528,51.08644303],[-125.25496143,51.08607452],[-125.25547173,51.08564191],[-125.25547222,51.08519435],[-125.25571499,51.08483082],[-125.25547644,51.08443774],[-125.25556006,51.08403825],[-125.25524306,51.08351592],[-125.25524516,51.08294125],[-125.25516677,51.08223805],[-125.25512638,51.08153841],[-125.25500578,51.08089538],[-125.25488502,51.080367],[-125.25488561,51.07979446],[-125.25487667,51.07920983],[-125.25475218,51.07874767],[-125.25462441,51.0784614],[-125.25460991,51.07833358],[-125.2547459,51.07818724],[-125.25482078,51.07805978],[-125.25486345,51.07796898],[-125.25490058,51.07784223],[-125.25496321,51.07767026],[-125.25504134,51.07751573],[-125.25518102,51.07705464],[-125.25530793,51.07656329],[-125.25549096,51.07608618],[-125.25567847,51.07583765],[-125.25577678,51.07564076],[-125.25580383,51.07551258],[-125.2557664,51.07539722],[-125.25574921,51.07533455],[-125.25573028,51.07523628],[-125.255681,51.07511131],[-125.25566369,51.07503938],[-125.25560608,51.07496283],[-125.25550684,51.07485353],[-125.25529095,51.07462387],[-125.25503877,51.07442519],[-125.25485542,51.07434259],[-125.25467051,51.07429417],[-125.2544094,51.07420943],[-125.25419288,51.07415958],[-125.25393351,51.07411044],[-125.25376539,51.07407199],[-125.2535433,51.07401004],[-125.25331057,51.07391568],[-125.25304472,51.07383379],[-125.25282216,51.07376329],[-125.25264366,51.07370383],[-125.25244103,51.07355465],[-125.25228791,51.07344071],[-125.25217518,51.07336808],[-125.25205276,51.07330149],[-125.25195067,51.07326126],[-125.25182034,51.07321604],[-125.25161808,51.07313985],[-125.25146127,51.07307291],[-125.25138323,51.07300953],[-125.25129191,51.07292052],[-125.25115755,51.07279697],[-125.25099294,51.07263817],[-125.25077129,51.07248969],[-125.25059392,51.07236721],[-125.25050483,51.07228781],[-125.25043031,51.07222657],[-125.25037059,51.07217352],[-125.25032602,51.07213863],[-125.25026601,51.07207667],[-125.25020583,51.07201508],[-125.25005684,51.07188298],[-125.24986319,51.07172454],[-125.24967091,51.07158461],[-125.24947909,51.07145323],[-125.24935623,51.07137454],[-125.24925771,51.07133751],[-125.24914368,51.07130689],[-125.24898917,51.07126487],[-125.24879566,51.07119651],[-125.24856211,51.07109326],[-125.24838533,51.07097077],[-125.24823631,51.07084473],[-125.24809814,51.07074824],[-125.24797161,51.07068202],[-125.24776656,51.07057485],[-125.24761256,51.07045094],[-125.24746824,51.07031386],[-125.24741127,51.07021701],[-125.24737202,51.07009489],[-125.24735048,51.06994748],[-125.24737606,51.06975592],[-125.24738149,51.06960781],[-125.2473579,51.06950633],[-125.24735232,51.0693956],[-125.24735917,51.0692457],[-125.2473796,51.06907444],[-125.24737466,51.06897546],[-125.2473575,51.06891279],[-125.24735508,51.06886793],[-125.24735382,51.06884087],[-125.24735226,51.06880491],[-125.24734279,51.06864647],[-125.24731751,51.06848197],[-125.24723304,51.06834062],[-125.24711865,51.06820496],[-125.24697436,51.068075],[-125.24679577,51.06792546],[-125.24666624,51.06767302],[-125.24649243,51.06745761],[-125.24627451,51.06727887],[-125.24607438,51.06710796],[-125.24573228,51.06686051],[-125.245249,51.06653721],[-125.24427832,51.06604906],[-125.24359669,51.06547048],[-125.24305185,51.06488548],[-125.24261663,51.06435105],[-125.24218183,51.06381697],[-125.24174666,51.06328254],[-125.24046527,51.06335232],[-125.23896636,51.06334485],[-125.23763765,51.06321453],[-125.2367589,51.06308635],[-125.23616671,51.06296672],[-125.23590125,51.06282608],[-125.23582331,51.06268544],[-125.2357291,51.0625124],[-125.23562187,51.0623536],[-125.23550157,51.06223289],[-125.2353229,51.06208371],[-125.23488976,51.06197511],[-125.23356108,51.06165253],[-125.23221266,51.06147344],[-125.23087809,51.06135914],[-125.22995533,51.0612687],[-125.22959751,51.06117684],[-125.22936511,51.06106433],[-125.22914149,51.06086459],[-125.22891289,51.06056016],[-125.22930338,51.06036398],[-125.23040844,51.05990502],[-125.23088406,51.05963727],[-125.23119857,51.05944714],[-125.23135164,51.05933534],[-125.23147303,51.05928514],[-125.23158967,51.05923778],[-125.23170178,51.05919399],[-125.23178551,51.05915625],[-125.23186923,51.05911851],[-125.23222396,51.0589711],[-125.23255689,51.05887176],[-125.23272541,51.05882369],[-125.23283877,51.0588034],[-125.23303806,51.05879058],[-125.23315238,51.05878844],[-125.23326613,51.05878631],[-125.23332329,51.05878524],[-125.23359322,51.0587621],[-125.23373455,51.05873539],[-125.23387096,51.05869765],[-125.23400221,51.05865528],[-125.23412752,51.05858977],[-125.23435167,51.05850467],[-125.23459157,51.05844592],[-125.23480321,51.05840604],[-125.23505841,51.0583651],[-125.23528409,51.05831596],[-125.23541149,51.05828641],[-125.23549618,51.05826683],[-125.23565178,51.05820309],[-125.2358348,51.05808666],[-125.23604523,51.05791754],[-125.23630595,51.05760386],[-125.2367698,51.05715416],[-125.23686354,51.05706337],[-125.23698419,51.05696724],[-125.23721168,51.05684903],[-125.23744777,51.05671871],[-125.23765679,51.05661546],[-125.23789718,51.05649511],[-125.23812688,51.05639364],[-125.23831437,51.05633311],[-125.23835634,51.05632349],[-125.23863878,51.05625513],[-125.2387656,51.05622558],[-125.2389493,51.05618606],[-125.23911838,51.05613799],[-125.23937147,51.05606108],[-125.23963804,51.05597492],[-125.23972272,51.05595534],[-125.23977931,51.05593646],[-125.23992047,51.05590656],[-125.24008983,51.05586739],[-125.24028231,51.05581897],[-125.24041355,51.05578016],[-125.24069484,51.05569399],[-125.2408211,51.05564664],[-125.24107361,51.05555193],[-125.24124812,51.05542838],[-125.24140354,51.05529379],[-125.24151172,51.05516561],[-125.24170373,51.05500895],[-125.24188208,51.0548619],[-125.24207381,51.05469633],[-125.24225137,51.05453077],[-125.24235201,51.05444211],[-125.24250625,51.05439191],[-125.24275423,51.05434349],[-125.24309647,51.05429578],[-125.24349069,51.0541854],[-125.24381372,51.05407823],[-125.24391091,51.05403123],[-125.24410219,51.05394969],[-125.24424571,51.05387207],[-125.24443953,51.05374247],[-125.24463545,51.05366663],[-125.24474737,51.05361963],[-125.24487362,51.05357228],[-125.24509791,51.05348682],[-125.24539255,51.05338215],[-125.24568856,51.05331378],[-125.24596492,51.0533234],[-125.24642067,51.05334049],[-125.24715605,51.05329741],[-125.24806437,51.05302716],[-125.24889943,51.05259349],[-125.24945392,51.05212101],[-125.24978556,51.05179985],[-125.24996083,51.0516236],[-125.25008792,51.0515353],[-125.2501514,51.05146516],[-125.25019976,51.0513911],[-125.25025701,51.05128891],[-125.25033032,51.05104146],[-125.25034596,51.05106567],[-125.25049241,51.05130956],[-125.25070249,51.05168128],[-125.25109895,51.05214914],[-125.25170796,51.05267609],[-125.25306503,51.05365239],[-125.25414681,51.05469776],[-125.25515226,51.0551681],[-125.25602893,51.05564486],[-125.25667847,51.0562238],[-125.25733904,51.05672975],[-125.25796809,51.05702029],[-125.25878303,51.05694943],[-125.25939757,51.05671195],[-125.25985422,51.05644918],[-125.25993706,51.05638473],[-125.26044559,51.05611413],[-125.26122302,51.05596388],[-125.26226959,51.05593468],[-125.26267574,51.05574811],[-125.26312714,51.05563418],[-125.26349499,51.05554338],[-125.26375805,51.05543835],[-125.26382586,51.055365],[-125.26393977,51.05526388],[-125.26410008,51.05516882],[-125.26431687,51.05509547],[-125.26456229,51.05505595],[-125.2647734,51.05505986],[-125.26494013,51.05509155],[-125.26489833,51.05492136],[-125.26491581,51.05459949],[-125.26503728,51.0542591],[-125.26552432,51.05390519],[-125.26601924,51.05355376],[-125.26664949,51.05324756],[-125.26728306,51.05301043],[-125.26815631,51.05300366],[-125.26914194,51.05318418],[-125.26943045,51.05279395],[-125.26975603,51.05251373],[-125.27004048,51.0523293],[-125.27026293,51.05218225],[-125.27048969,51.05204873],[-125.2707191,51.0518764],[-125.27095114,51.05166526],[-125.27105953,51.05154598],[-125.27120902,51.05139039],[-125.27132256,51.05124726],[-125.27139959,51.05107493],[-125.27144031,51.05087304],[-125.27184823,51.05068149],[-125.27221713,51.0504173],[-125.2725547,51.0505088],[-125.27310153,51.05047498],[-125.27385784,51.05031653],[-125.2749314,51.04992381],[-125.27585373,51.0495382],[-125.27650777,51.04916649],[-125.2770608,51.04893185],[-125.27741353,51.04875026],[-125.27768411,51.04861389],[-125.27780447,51.0484469],[-125.27787697,51.04827457],[-125.27796277,51.04808978],[-125.27811287,51.04784731],[-125.27829216,51.04772661],[-125.27847514,51.04761125],[-125.27866225,51.04750977],[-125.27884894,51.04744604],[-125.2789489,51.04744426],[-125.27917737,51.04744853],[-125.27944269,51.04742539],[-125.2796883,51.0473937],[-125.27983039,51.04738195],[-125.28011359,51.04734029],[-125.28021258,51.04732035],[-125.28046781,51.04728867],[-125.2807364,51.04723846],[-125.28100642,51.04721496],[-125.28118106,51.04719075],[-125.28131897,51.04718185],[-125.28148983,51.04717865],[-125.28157529,51.04717402],[-125.28164625,51.04716654],[-125.28194648,51.04717473],[-125.28221886,51.04720927],[-125.28246516,51.04728546],[-125.2827619,51.0474115],[-125.28303347,51.04758205],[-125.28324404,51.047738],[-125.28333267,51.04779924],[-125.2834644,51.04786867],[-125.28374063,51.04797122],[-125.2840034,51.04810082],[-125.28423992,51.0482582],[-125.28440513,51.04833582],[-125.28453285,51.0484113],[-125.28462194,51.04848464],[-125.28501208,51.0485847],[-125.28531955,51.04865377],[-125.28554528,51.04869116],[-125.28577486,51.04872284],[-125.28593237,51.04873459],[-125.28606175,51.04875311],[-125.28624907,51.04878551],[-125.28633558,51.04881079],[-125.28637925,51.04881898],[-125.28652405,51.04886099],[-125.28661056,51.04888627],[-125.28675507,51.04891938],[-125.28707561,51.04896104],[-125.28728667,51.04899594],[-125.28738768,51.04902406],[-125.28750439,51.04906679],[-125.28808023,51.04888164],[-125.28890467,51.04872747],[-125.28970952,51.04865484],[-125.29024965,51.04870397],[-125.29088362,51.04867264],[-125.29153236,51.04858292],[-125.29198509,51.04849924],[-125.29225431,51.04846079],[-125.29231145,51.04845972],[-125.29236197,51.04845474],[-125.29243434,51.04844548],[-125.29258032,51.04841842],[-125.29285017,51.04839528],[-125.29292165,51.04839385],[-125.29297879,51.04839278],[-125.29325037,51.04840525],[-125.29335063,51.04841237],[-125.29353663,51.04842376],[-125.29368804,51.04844477],[-125.29381963,51.04846933],[-125.29389216,51.04849782],[-125.29401035,51.04854339],[-125.29418064,51.04858897],[-125.29442455,51.0486203],[-125.29468751,51.04861995],[-125.2949714,51.04858754],[-125.29514472,51.04843409],[-125.29534551,51.04833119],[-125.29553325,51.04827351],[-125.29568195,51.04824075],[-125.29580929,51.0482112],[-125.29597803,51.04817203],[-125.2961197,51.04814212],[-125.296289,51.04810296],[-125.29647292,51.04807234],[-125.29659999,51.04805169],[-125.29808291,51.04774085],[-125.29869642,51.04767391],[-125.29908996,51.04764792],[-125.29926316,51.04766359],[-125.29940658,51.04767285],[-125.29963106,51.04765932],[-125.29986585,51.04763368],[-125.30014254,51.04755927],[-125.30037096,51.04746491],[-125.30061864,51.047367],[-125.30087584,51.04728119],[-125.30113443,51.04722814],[-125.30137013,51.04721247],[-125.30160901,51.04720677],[-125.30179535,51.04722102],[-125.30201206,51.04724167],[-125.30227868,51.04727763],[-125.30256161,51.04735667],[-125.3027713,51.04743251],[-125.30290793,51.04750479],[-125.30310169,51.04766288],[-125.30324986,51.04771807],[-125.3034567,51.04773088],[-125.30408527,51.04765255],[-125.30482229,51.04758312],[-125.30557346,51.04754823],[-125.30616216,51.04752152],[-125.30665628,51.04750906],[-125.30703142,51.04749553],[-125.30729201,51.04750728],[-125.30755043,51.04754502],[-125.30779836,51.04761908],[-125.30802673,51.04771878],[-125.30818663,51.04778144],[-125.30833155,51.04781847],[-125.30846117,51.04784482],[-125.30853276,51.04785265],[-125.30883284,51.04786476],[-125.30892572,51.04755891],[-125.30909996,51.04717971],[-125.30952398,51.04676954],[-125.31009364,51.0463437],[-125.31104301,51.04604818],[-125.31218452,51.04582849],[-125.31332751,51.04567112],[-125.31448945,51.04541441],[-125.31580364,51.04496863],[-125.31712407,51.04445378],[-125.31832905,51.04452071],[-125.31952106,51.04446019],[-125.31949725,51.0436961],[-125.31948779,51.04293165],[-125.31947847,51.04217647],[-125.31945601,51.04143944],[-125.3194486,51.04072911],[-125.31942763,51.04001879],[-125.3194141,51.03917388],[-125.31954071,51.03834392],[-125.31994951,51.03758019],[-125.32064032,51.03688304],[-125.32124072,51.03610933],[-125.32159312,51.03526905],[-125.32169843,51.03436147],[-125.32250218,51.03386478],[-125.32297748,51.03319576],[-125.32312434,51.03235441],[-125.32309894,51.03127557],[-125.32292286,51.03048477],[-125.32258604,51.02977481],[-125.32209037,51.02917023],[-125.32175443,51.02857028],[-125.32145556,51.02791871],[-125.32119393,51.02721515],[-125.3208153,51.02658137],[-125.32044158,51.02604908],[-125.31986603,51.02553885],[-125.31915132,51.02505818],[-125.31793906,51.02487339],[-125.3166694,51.02476871],[-125.31573707,51.02475447],[-125.31537262,51.02472456],[-125.31518154,51.02466937],[-125.31511441,51.02447283],[-125.31523051,51.02425172],[-125.31540553,51.02401744],[-125.31503962,51.02401673],[-125.31478452,51.02394979],[-125.31463965,51.02381663],[-125.31457882,51.02373402],[-125.31451822,51.02366637],[-125.31434923,51.02351968],[-125.31421089,51.02340966],[-125.31406389,51.02329643],[-125.31387913,51.02317929],[-125.31363274,51.02306322],[-125.31332867,51.02297314],[-125.31309671,51.02286597],[-125.31287975,51.02273921],[-125.31268185,51.02258433],[-125.31248837,51.02242019],[-125.31239226,51.02230234],[-125.31230493,51.02217202],[-125.31227264,51.02210081],[-125.31220794,51.02194913],[-125.31205208,51.02187116],[-125.31187624,51.02177573],[-125.3117177,51.021644],[-125.31157263,51.021503],[-125.31153459,51.0213061],[-125.31148308,51.02113627],[-125.31144589,51.02096607],[-125.31143678,51.02077736],[-125.31144113,51.0205794],[-125.31144691,51.02040814],[-125.31148965,51.02021872],[-125.31157144,51.02003998],[-125.31169122,51.01987299],[-125.31153595,51.01961806],[-125.311231,51.01921643],[-125.31077817,51.01861684],[-125.31047043,51.01794924],[-125.31030652,51.01726491],[-125.31029781,51.01651862],[-125.3103043,51.01578088],[-125.31029564,51.0150346],[-125.31026906,51.01421674],[-125.30912908,51.01393938],[-125.30791768,51.01375957],[-125.30636273,51.01345764],[-125.30434293,51.01319772],[-125.30248568,51.01273948],[-125.30079139,51.01208328],[-125.2993299,51.01116466],[-125.29779938,51.01029839],[-125.29698142,51.00912733],[-125.29616244,51.00804636],[-125.29534371,51.00705511],[-125.2943263,51.00611157],[-125.29305876,51.00523817],[-125.29301594,51.00379082],[-125.29093501,51.003313],[-125.28944459,51.00292454],[-125.28812921,51.00259377],[-125.28704087,51.00223309],[-125.28604369,51.00195288],[-125.28510806,51.00163741],[-125.28414016,51.00130664],[-125.28312951,51.00101681],[-125.2820642,51.00080354],[-125.28102073,51.0005422],[-125.27997567,51.00035883],[-125.27889255,51.00025985],[-125.27781224,51.00013131],[-125.27687257,50.99992872],[-125.27605281,50.99971081],[-125.27547032,50.9994274],[-125.27501215,50.99922124],[-125.27481419,50.99895954],[-125.27475831,50.99869179],[-125.27476614,50.99846356],[-125.27461788,50.99806479],[-125.27424114,50.99774042],[-125.27351743,50.99754068],[-125.27269476,50.99743671],[-125.27199858,50.99718534],[-125.27154608,50.99673671],[-125.27144652,50.99612501],[-125.27110004,50.99561799],[-125.27050722,50.99521565],[-125.269917,50.99483041],[-125.26945031,50.99439389],[-125.26876627,50.99400258],[-125.26818372,50.99361912],[-125.26760039,50.9932125],[-125.26713896,50.99271189],[-125.26668181,50.99216927],[-125.26646706,50.99153977],[-125.26637245,50.99089211],[-125.26634255,50.99063184],[-125.26624358,50.99046271],[-125.26607708,50.99038509],[-125.2659434,50.9902708],[-125.26582347,50.99015615],[-125.26570274,50.9900148],[-125.2655908,50.98986098],[-125.26545996,50.98971358],[-125.26526801,50.98957329],[-125.2651203,50.98946826],[-125.26494395,50.98936393],[-125.26475457,50.98927741],[-125.26453723,50.98920086],[-125.26430465,50.98910651],[-125.26410096,50.98902034],[-125.26388362,50.98894379],[-125.26368112,50.98888469],[-125.26347809,50.98880778],[-125.26331717,50.9887209],[-125.26312587,50.98860768],[-125.26292139,50.98849481],[-125.26277302,50.98838052],[-125.26258457,50.98831215],[-125.26233972,50.98825412],[-125.26209565,50.98822279],[-125.26183784,50.98819181],[-125.26165152,50.98816867],[-125.2614215,50.98812808],[-125.26120497,50.98807823],[-125.26098926,50.98803728],[-125.26083129,50.98800453],[-125.2607301,50.9879796],[-125.26064321,50.98795432],[-125.26042522,50.98786851],[-125.26020816,50.98780086],[-125.2601077,50.98777558],[-125.25989065,50.98770793],[-125.25967411,50.98765809],[-125.25947229,50.98760824],[-125.25927391,50.98753703],[-125.25908019,50.98745371],[-125.25890387,50.98734939],[-125.25871747,50.98725788],[-125.25853356,50.98718952],[-125.25836277,50.98715285],[-125.25820986,50.98713789],[-125.25797678,50.98713327],[-125.25773874,50.98712009],[-125.25746798,50.98711618],[-125.25725357,50.98711155],[-125.25704349,50.9870884],[-125.25683768,50.98705636],[-125.25668931,50.98693032],[-125.25661388,50.98684095],[-125.25656787,50.98677401],[-125.2564468,50.9866323],[-125.25623942,50.98646531],[-125.25617897,50.98640371],[-125.256119,50.98633286],[-125.25599995,50.98622711],[-125.2558183,50.98611389],[-125.25560986,50.98601882],[-125.25543747,50.98596541],[-125.25524944,50.98590097],[-125.25504447,50.98582584],[-125.25481243,50.98573754],[-125.254669,50.98568627],[-125.25456133,50.98565244],[-125.25432765,50.98534197],[-125.25423927,50.98515682],[-125.25420512,50.98500372],[-125.2542248,50.9848823],[-125.25427532,50.98475555],[-125.25435988,50.98463093],[-125.25446211,50.98449421],[-125.25460055,50.9843055],[-125.25472591,50.98404843],[-125.25466456,50.98396867],[-125.25462126,50.9838583],[-125.25458457,50.98378139],[-125.25456842,50.98374543],[-125.25447583,50.98360336],[-125.25439963,50.98349085],[-125.25431132,50.98340362],[-125.25420988,50.98329894],[-125.25410843,50.98317183],[-125.2540354,50.98303617],[-125.25395673,50.98294182],[-125.25386874,50.98286455],[-125.25377257,50.98280438],[-125.25366433,50.98272569],[-125.25354045,50.9826171],[-125.25342418,50.98247254],[-125.25334565,50.98232122],[-125.25328169,50.98217844],[-125.25323581,50.98202035],[-125.25322833,50.98186476],[-125.25327478,50.981717],[-125.25333773,50.98157493],[-125.25340189,50.98142682],[-125.25348054,50.9812933],[-125.25353391,50.9812114],[-125.25359892,50.98108394],[-125.25368217,50.98094436],[-125.25378449,50.98080159],[-125.25376457,50.98071329],[-125.25372822,50.9806168],[-125.25364635,50.98049253],[-125.25356577,50.98040103],[-125.25350566,50.98033053],[-125.25345335,50.98023546],[-125.25341602,50.9801493],[-125.25339325,50.98007168],[-125.25341399,50.9800083],[-125.25344209,50.97990006],[-125.25345753,50.97976156],[-125.25345304,50.97963872],[-125.2534091,50.97952265],[-125.25337453,50.97939767],[-125.2533392,50.97925418],[-125.25330463,50.97912921],[-125.2532075,50.97898608],[-125.25310388,50.97883404],[-125.25299306,50.97867346],[-125.25293146,50.97847977],[-125.25291423,50.97832097],[-125.25286758,50.97820703],[-125.2528189,50.97811624],[-125.25278243,50.97805073],[-125.25270419,50.97790831],[-125.25261165,50.97776624],[-125.25252058,50.97764233],[-125.2525051,50.97761563],[-125.25241591,50.97744651],[-125.25234321,50.9772229],[-125.25229334,50.97707087],[-125.25225937,50.97695765],[-125.25221142,50.97684763],[-125.25213746,50.9766963],[-125.25205563,50.97657204],[-125.25196327,50.97642962],[-125.25187165,50.97630571],[-125.25179343,50.97616329],[-125.25173069,50.97604758],[-125.2516528,50.975908],[-125.25158913,50.97576238],[-125.25155284,50.97561034],[-125.25154508,50.97544834],[-125.2515356,50.97531589],[-125.25150887,50.97518522],[-125.25144003,50.97504564],[-125.25139109,50.97491177],[-125.25135563,50.97476864],[-125.25134905,50.97463369],[-125.25134286,50.9744991],[-125.25130264,50.97435882],[-125.2512435,50.97421319],[-125.25117987,50.97407932],[-125.25108909,50.97396431],[-125.25104292,50.9738931],[-125.25096481,50.97375994],[-125.25088626,50.97359936],[-125.25080806,50.97345694],[-125.25074534,50.97334122],[-125.25069584,50.97320735],[-125.25057384,50.97304071],[-125.25045059,50.97287551],[-125.2503253,50.97271101],[-125.25032776,50.97256076],[-125.25032716,50.97241691],[-125.25035709,50.97225063],[-125.25034596,50.97205089],[-125.25035048,50.97165923],[-125.25030695,50.97124514],[-125.25014521,50.97098451],[-125.25003915,50.97078583],[-125.24998838,50.97064875],[-125.24998639,50.97061279],[-125.24996436,50.97045115],[-125.25010392,50.96992882],[-125.2503653,50.96941539],[-125.25074907,50.9689073],[-125.25113269,50.96839601],[-125.25162323,50.96808981],[-125.25223291,50.96787119],[-125.2525923,50.96725593],[-125.25294809,50.96665527],[-125.25329937,50.96606992],[-125.25340389,50.96577404],[-125.25343102,50.96555471],[-125.2533753,50.96538203],[-125.25334351,50.96522074],[-125.25333622,50.96507084],[-125.25331487,50.96491845],[-125.25329403,50.96478386],[-125.25325772,50.96462257],[-125.25323555,50.96446128],[-125.2532285,50.96430853],[-125.25325846,50.96414581],[-125.25329894,50.96400126],[-125.25336358,50.96386525],[-125.2533975,50.9637214],[-125.25341668,50.96358824],[-125.25341008,50.96345935],[-125.25339433,50.96332476],[-125.2534089,50.96313285],[-125.25346604,50.96297476],[-125.25354124,50.96282735],[-125.25375562,50.96255355],[-125.25383483,50.96242608],[-125.25392611,50.9622534],[-125.25400416,50.96209887],[-125.25409742,50.96196215],[-125.25421911,50.96182507],[-125.25428172,50.96174282],[-125.25434015,50.96167873],[-125.25443968,50.96158081],[-125.25456353,50.96149465],[-125.25471187,50.96141988],[-125.25487698,50.96129953],[-125.25502952,50.9612066],[-125.25507874,50.96119236],[-125.25514153,50.96116281],[-125.25536743,50.96105243],[-125.25559001,50.96093956],[-125.25581219,50.96082634],[-125.25604971,50.96070706],[-125.25626067,50.96060309],[-125.25648843,50.96049592],[-125.25672018,50.96039338],[-125.25698129,50.96032395],[-125.25725224,50.96026698],[-125.25745878,50.96014628],[-125.2576588,50.96001561],[-125.25778388,50.95995045],[-125.25788161,50.95989989],[-125.25814317,50.95984363],[-125.25843154,50.95981871],[-125.2585056,50.95979984],[-125.25868992,50.95975142],[-125.25894411,50.9596681],[-125.25918528,50.95957303],[-125.25941174,50.95946266],[-125.25961383,50.9593359],[-125.25979815,50.95919669],[-125.26003788,50.95910696],[-125.26032061,50.95907848],[-125.2604544,50.95908239],[-125.26060667,50.95908667],[-125.26088982,50.95910447],[-125.26117336,50.95912263],[-125.26136365,50.95913367],[-125.26145645,50.95913936],[-125.26173989,50.95915539],[-125.26202435,50.95916927],[-125.26230967,50.95917782],[-125.26259174,50.95919669],[-125.26286969,50.95923478],[-125.26314437,50.95928321],[-125.26341531,50.95933946],[-125.26367982,50.95940676],[-125.26383885,50.95945589],[-125.2639374,50.95948616],[-125.26419817,50.95955772],[-125.26426315,50.95956841],[-125.26447101,50.95960294],[-125.26475347,50.95962573],[-125.26503935,50.95963784],[-125.26510395,50.95964104],[-125.26522089,50.95964709],[-125.2653246,50.95965243],[-125.26561043,50.95966347],[-125.26588874,50.95963712],[-125.26616311,50.95958834],[-125.26643434,50.9595296],[-125.26670246,50.95946907],[-125.26696862,50.9594032],[-125.26723216,50.95932629],[-125.26747148,50.95923621],[-125.26769132,50.95912192],[-125.26789181,50.95899374],[-125.26809016,50.95886413],[-125.268303,50.95874557],[-125.26852977,50.95863448],[-125.26868745,50.95856968],[-125.26876889,50.95853657],[-125.2690263,50.95846536],[-125.26930567,50.95842263],[-125.26957604,50.95836566],[-125.269826,50.95830762],[-125.27010603,50.95823285],[-125.27035776,50.95814989],[-125.27054089,50.95807797],[-125.27061497,50.95804842],[-125.27083233,50.95794872],[-125.27102699,50.9578209],[-125.27119999,50.95767812],[-125.27134588,50.95760015],[-125.27141965,50.95756063],[-125.27165679,50.95746093],[-125.27191897,50.95739862],[-125.27218648,50.95736765],[-125.27247667,50.95731531],[-125.27274137,50.95724303],[-125.27301143,50.9571914],[-125.27329239,50.95718072],[-125.27357804,50.95718855],[-125.27386448,50.95720066],[-125.2741493,50.95720315],[-125.27442425,50.957159],[-125.27470437,50.95712767],[-125.27498965,50.95712802],[-125.27526573,50.95718179],[-125.27554096,50.95719959],[-125.27581687,50.95713692],[-125.27599592,50.95700625],[-125.27607823,50.95690407],[-125.276129,50.95684176],[-125.27624515,50.95670788],[-125.27626563,50.95668403],[-125.27641778,50.95653164],[-125.27657818,50.95638209],[-125.27676222,50.95624572],[-125.27696575,50.95613357],[-125.27723791,50.9560563],[-125.27752022,50.95602747],[-125.27781031,50.95602248],[-125.27794991,50.95602604],[-125.27810161,50.95603031],[-125.27840123,50.95605381],[-125.27864407,50.95612858],[-125.27880738,50.95626317],[-125.27893375,50.95642767],[-125.27905558,50.95659928],[-125.27912219,50.95666907],[-125.27920453,50.95675559],[-125.27933824,50.95684461],[-125.27939963,50.9568852],[-125.27962178,50.95700198],[-125.27984445,50.9571177],[-125.28004131,50.95724481],[-125.28018678,50.95739542],[-125.28028817,50.9575649],[-125.2803822,50.95773794],[-125.28050487,50.95789959],[-125.28068513,50.9580413],[-125.28089765,50.95817232],[-125.28109745,50.95830513],[-125.28124159,50.95845147],[-125.28130795,50.95861739],[-125.28132646,50.9587947],[-125.28132036,50.95892075],[-125.28131743,50.95897878],[-125.28130076,50.95916464],[-125.28129694,50.9593473],[-125.28148815,50.95950396],[-125.28170085,50.95961576],[-125.28196165,50.95968377],[-125.28223986,50.95973433],[-125.28252332,50.95976922],[-125.28280361,50.95978239],[-125.28308799,50.95976459],[-125.2833734,50.95974465],[-125.28365995,50.95974002],[-125.2838512,50.95973611],[-125.28394984,50.95973433],[-125.28423763,50.95973539],[-125.28451757,50.95975284],[-125.28477791,50.95980767],[-125.28496438,50.95989989],[-125.28500904,50.95992232],[-125.28524943,50.96001881],[-125.28552316,50.96005513],[-125.28581137,50.96006474],[-125.28610013,50.96006261],[-125.28615915,50.96005976],[-125.28638326,50.96004979],[-125.28666568,50.96002308],[-125.2869457,50.95998962],[-125.28722156,50.95994475],[-125.28749983,50.95990666],[-125.28777973,50.95987461],[-125.28806069,50.95984506],[-125.28834255,50.95981835],[-125.28862508,50.95979735],[-125.28890866,50.95978239],[-125.2891927,50.95976886],[-125.28947873,50.95974643],[-125.28975634,50.95976993],[-125.29002832,50.95982761],[-125.2902991,50.95989135],[-125.29052992,50.95993229],[-125.29057156,50.95993977],[-125.29084971,50.95995152],[-125.29113378,50.95992375],[-125.29141578,50.95988494],[-125.29162081,50.95983687],[-125.29168897,50.95982085],[-125.29195959,50.95981408],[-125.2920676,50.95984114],[-125.29222923,50.95988138],[-125.2925077,50.95992553],[-125.2927879,50.95990701],[-125.29306219,50.9598536],[-125.29333659,50.95980233],[-125.29361533,50.95978097],[-125.29374538,50.95978916],[-125.29389905,50.95979877],[-125.29418408,50.95981978],[-125.29446951,50.95983402],[-125.29468938,50.9598447],[-125.29475568,50.95984791],[-125.29503882,50.9598504],[-125.29525658,50.95982298],[-125.29531313,50.95981586],[-125.29557329,50.95973646],[-125.29582898,50.95965813],[-125.29608383,50.95957802],[-125.29632176,50.95950254],[-125.29659189,50.9594153],[-125.2968451,50.9593327],[-125.29709775,50.95925009],[-125.29723538,50.95920701],[-125.29735463,50.95916927],[-125.29760226,50.95908061],[-125.29782743,50.95897273],[-125.29803958,50.9588531],[-125.29824366,50.9587267],[-125.29844073,50.95859603],[-125.29863086,50.95846215],[-125.29866344,50.95843189],[-125.29879074,50.95831118],[-125.29895693,50.95816592],[-125.29917058,50.9580502],[-125.29940625,50.95794872],[-125.29946832,50.95792416],[-125.29965033,50.9578533],[-125.29989192,50.95775717],[-125.30013199,50.95766068],[-125.30037363,50.95756561],[-125.30061764,50.95747268],[-125.30086408,50.95738296],[-125.30111688,50.9573],[-125.30137589,50.95722416],[-125.3016349,50.95714832],[-125.30188657,50.95706536],[-125.30212138,50.95696566],[-125.30234051,50.9568503],[-125.30255824,50.95673316],[-125.30278019,50.9566178],[-125.30291041,50.95655122],[-125.3030039,50.95650351],[-125.30324484,50.95641699],[-125.30343805,50.95641129],[-125.30353324,50.95640844],[-125.30380029,50.95635005],[-125.30404779,50.95625925],[-125.30428784,50.95616276],[-125.30452609,50.95606414],[-125.30476654,50.955968],[-125.30501297,50.95587828],[-125.30526317,50.95579247],[-125.30551574,50.9557088],[-125.30576797,50.95562584],[-125.30594784,50.95556887],[-125.30602313,50.95554501],[-125.30628184,50.95546739],[-125.3065339,50.95538479],[-125.30677205,50.95527691],[-125.30695599,50.95514766],[-125.30716128,50.9550234],[-125.30736968,50.95490092],[-125.3075774,50.9547763],[-125.30777955,50.95464207],[-125.30798417,50.95451211],[-125.30820209,50.9544028],[-125.308453,50.95434975],[-125.30874907,50.95437004],[-125.30903421,50.95435295],[-125.30908283,50.95434583],[-125.30931176,50.95431272],[-125.30958831,50.9542675],[-125.30979938,50.9542351],[-125.30986536,50.95422477],[-125.31014465,50.95419273],[-125.31042832,50.95417279],[-125.31071486,50.95416104],[-125.31100165,50.95415819],[-125.31128407,50.95416567],[-125.31154892,50.9542205],[-125.3118054,50.95430346],[-125.31207067,50.95437396],[-125.31232298,50.95445265],[-125.31246205,50.95451994],[-125.31254934,50.95456195],[-125.31277553,50.95467162],[-125.31300115,50.95478128],[-125.31323436,50.95488454],[-125.31347635,50.95497889],[-125.3136577,50.95504761],[-125.31372033,50.95507146],[-125.31396703,50.9551619],[-125.31421531,50.9552502],[-125.31446519,50.95533637],[-125.31471648,50.95542075],[-125.31497607,50.95550905],[-125.31524451,50.95555997],[-125.31552059,50.95555],[-125.31580272,50.95551083],[-125.31608042,50.95545493],[-125.31634604,50.9553912],[-125.31660175,50.95531038],[-125.31684742,50.95521745],[-125.31707013,50.95510636],[-125.31727867,50.95498352],[-125.31752592,50.95488845],[-125.31778795,50.95481333],[-125.318061,50.9547884],[-125.31813566,50.95479303],[-125.31822145,50.95479802],[-125.31834465,50.95480514],[-125.31863081,50.95483789],[-125.31891251,50.95486816],[-125.31904582,50.95488489],[-125.31919166,50.95490376],[-125.3194703,50.95494044],[-125.31975059,50.95497248],[-125.32003264,50.95499847],[-125.3203157,50.95502589],[-125.32059962,50.95505153],[-125.32088327,50.95507182],[-125.32116682,50.95508286],[-125.32144859,50.95508108],[-125.32173038,50.95506506],[-125.32201107,50.95503835],[-125.32229155,50.95500381],[-125.32257158,50.95496429],[-125.3228502,50.95492299],[-125.32312792,50.9548824],[-125.32340485,50.9548411],[-125.32368088,50.95479695],[-125.32395645,50.95475137],[-125.32423141,50.95470473],[-125.32450614,50.95465738],[-125.32478088,50.95461002],[-125.32505566,50.95456373],[-125.32533468,50.95452279],[-125.3256147,50.95448327],[-125.32588927,50.95443627],[-125.32615182,50.95437182],[-125.32640169,50.95428779],[-125.32664305,50.95419201],[-125.32688154,50.95409161],[-125.32712205,50.95399405],[-125.32737012,50.95390432],[-125.32762841,50.95382279],[-125.32789962,50.95378042],[-125.32796265,50.95377864],[-125.32804054,50.9537765],[-125.32818371,50.95377259],[-125.32847189,50.9537822],[-125.32875424,50.95380285],[-125.32892624,50.95382849],[-125.32903179,50.95384415],[-125.32931002,50.95388403],[-125.32958979,50.9539207],[-125.32987117,50.953941],[-125.32991351,50.95393993],[-125.33015752,50.95393316],[-125.33024278,50.95392035],[-125.33043331,50.95389186],[-125.33070635,50.95384095],[-125.33097724,50.95378505],[-125.33124706,50.95372665],[-125.3315161,50.95366755],[-125.33178265,50.95360417],[-125.33204819,50.95353937],[-125.33231519,50.95347742],[-125.33258344,50.95341404],[-125.33285444,50.95336028],[-125.33313426,50.95333535],[-125.33342094,50.95333393],[-125.33370167,50.95330829],[-125.33397836,50.95326272],[-125.33425549,50.95322213],[-125.33453761,50.95320895],[-125.3348237,50.95321465],[-125.33510996,50.95322355],[-125.33539459,50.9532264],[-125.33566484,50.95318011],[-125.3357167,50.95316623],[-125.33592993,50.95311033],[-125.33620302,50.95305692],[-125.33648132,50.95302452],[-125.33676682,50.95301847],[-125.33685883,50.95301989],[-125.33705642,50.95302274],[-125.33733795,50.9530498],[-125.33755768,50.95316124],[-125.33775504,50.95330295],[-125.33797169,50.95339837],[-125.33825757,50.95332645],[-125.33848918,50.95323566],[-125.33872374,50.95313276],[-125.33880208,50.95309893],[-125.33895932,50.95303128],[-125.3391949,50.95292981],[-125.33943527,50.95283368],[-125.33967626,50.95273505],[-125.33992036,50.95264176],[-125.34010409,50.95258729],[-125.34017607,50.95256557],[-125.34044379,50.95250682],[-125.34071619,50.95245484],[-125.34099247,50.95240891],[-125.34127028,50.95236689],[-125.34156883,50.95232523],[-125.34183259,50.95229604],[-125.34215848,50.95229532],[-125.34241055,50.95226933],[-125.34256725,50.95214721],[-125.34264758,50.95196135],[-125.34276745,50.95179329],[-125.34294764,50.95165514],[-125.34314979,50.95152661],[-125.34335392,50.95139985],[-125.34355748,50.9512731],[-125.34377143,50.95115418],[-125.34400394,50.95105199],[-125.34425011,50.95096262],[-125.3445026,50.95087895],[-125.34471228,50.95080916],[-125.34475543,50.95079456],[-125.34500114,50.95070377],[-125.34524443,50.95060977],[-125.34548648,50.95051364],[-125.34572283,50.95041288],[-125.3459488,50.95030428],[-125.34615777,50.95018393],[-125.34634947,50.95005006],[-125.34645398,50.94997208],[-125.34653473,50.94991191],[-125.34672665,50.94977875],[-125.34693799,50.94966054],[-125.34718404,50.94956903],[-125.34743302,50.94947966],[-125.34765159,50.94936644],[-125.34771586,50.949323],[-125.34784638,50.94923434],[-125.34804389,50.94910367],[-125.3482646,50.94899187],[-125.34849874,50.94888862],[-125.34874061,50.94879284],[-125.34898908,50.94870454],[-125.34924325,50.94862442],[-125.34950345,50.94855179],[-125.34976686,50.94848307],[-125.35003027,50.94841435],[-125.35029064,50.94834136],[-125.35054458,50.94826054],[-125.35079265,50.94817188],[-125.35104072,50.94808323],[-125.35129404,50.94800133],[-125.35155265,50.94792727],[-125.35181386,50.94785606],[-125.35207687,50.94778699],[-125.35234129,50.9477197],[-125.35260577,50.94765347],[-125.35287143,50.94758831],[-125.35313839,50.94752636],[-125.35340635,50.94746583],[-125.35367432,50.9474053],[-125.35390334,50.94735296],[-125.35394207,50.94734406],[-125.35420778,50.94727997],[-125.35447242,50.94721339],[-125.35473565,50.94714503],[-125.35499888,50.94707666],[-125.35526296,50.94701008],[-125.35553025,50.94694742],[-125.35580087,50.94689081],[-125.35587707,50.94687443],[-125.35607086,50.94683313],[-125.35633437,50.94676654],[-125.35661219,50.94668892],[-125.35687582,50.9466138],[-125.3571293,50.94652443],[-125.35733337,50.94641548],[-125.35739865,50.94629655],[-125.35741758,50.94626166],[-125.35741213,50.94617016],[-125.35740613,50.94606797],[-125.35745264,50.94588781],[-125.35755671,50.94572082],[-125.35768095,50.94555775],[-125.3578144,50.94539788],[-125.35795693,50.94524264],[-125.35805128,50.94515042],[-125.35811173,50.94509132],[-125.35827155,50.94494249],[-125.35843013,50.94479152],[-125.35847013,50.94475983],[-125.35860734,50.94465124],[-125.35882649,50.94453908],[-125.35888389,50.94451594],[-125.35906727,50.94444081],[-125.35930138,50.94433755],[-125.35951009,50.9442165],[-125.35971097,50.9440787],[-125.35988726,50.94394625],[-125.36006656,50.94380632],[-125.36013582,50.94375007],[-125.36024067,50.94366426],[-125.36041223,50.94352041],[-125.36058323,50.94337657],[-125.36075654,50.94323379],[-125.3609347,50.94309386],[-125.36111925,50.94295714],[-125.36130871,50.94282077],[-125.36150478,50.94268832],[-125.36170048,50.94257082],[-125.36193235,50.94245333],[-125.36217666,50.94236538],[-125.36242924,50.94229915],[-125.3627099,50.94222972],[-125.36296521,50.94215068],[-125.36319277,50.94204458],[-125.36338812,50.94192779],[-125.36361475,50.94179997],[-125.36385319,50.94170419],[-125.36411527,50.94162871],[-125.36438878,50.94157779],[-125.36466752,50.94154788],[-125.36494974,50.94152723],[-125.36523411,50.94151157],[-125.36538007,50.94150409],[-125.36551926,50.94149661],[-125.36580312,50.94147845],[-125.36608495,50.94145389],[-125.36636605,50.94142611],[-125.36664688,50.94139656],[-125.36692686,50.94136523],[-125.36720717,50.94133318],[-125.36724911,50.9413282],[-125.3674871,50.94130078],[-125.36776567,50.94126411],[-125.36804408,50.94122423],[-125.36830439,50.94119148],[-125.3686061,50.94117617],[-125.36888954,50.94116833],[-125.36916525,50.94111991],[-125.36920239,50.94110958],[-125.36931115,50.94107825],[-125.36942438,50.94104585],[-125.36963821,50.94092586],[-125.36981518,50.94085109],[-125.36987251,50.94082688],[-125.37013215,50.94075531],[-125.37039776,50.94069015],[-125.37066597,50.94062784],[-125.37093277,50.94056376],[-125.37119753,50.94049682],[-125.37146191,50.94042952],[-125.37172024,50.94035475],[-125.37196769,50.9402661],[-125.37220702,50.94016605],[-125.37244455,50.94006386],[-125.37268562,50.93996844],[-125.37293729,50.93988868],[-125.37320256,50.9398278],[-125.37347831,50.93978044],[-125.37375952,50.93974412],[-125.37404327,50.93971671],[-125.37432508,50.9396957],[-125.37460982,50.93968395],[-125.37489585,50.93968253],[-125.37518141,50.93969036],[-125.37546424,50.93970745],[-125.37574208,50.93974092],[-125.37601708,50.93978863],[-125.37618366,50.93981961],[-125.37629167,50.93983954],[-125.37656718,50.93988619],[-125.37675506,50.93992108],[-125.3768416,50.93993746],[-125.37711654,50.93998766],[-125.37739307,50.94002861],[-125.37767285,50.94005211],[-125.37795661,50.94005781],[-125.37824247,50.94004962],[-125.37852773,50.94003324],[-125.37881005,50.94001116],[-125.37909058,50.93998339],[-125.37933025,50.93995597],[-125.37937088,50.93995135],[-125.37965034,50.93991752],[-125.37993036,50.9398837],[-125.38021072,50.93985272],[-125.38049198,50.93982459],[-125.38077318,50.93979539],[-125.38105494,50.9397662],[-125.38124798,50.93974768],[-125.38133682,50.93973914],[-125.38161886,50.93971528],[-125.38190095,50.93969606],[-125.38216501,50.93968502],[-125.38246799,50.93968359],[-125.38275326,50.93969321],[-125.38303751,50.93970852],[-125.38332075,50.93972596],[-125.38360255,50.93975587],[-125.3836708,50.93976442],[-125.38388311,50.93979077],[-125.38416441,50.93981462],[-125.38444727,50.93981747],[-125.38473104,50.93980892],[-125.38501522,50.93979361],[-125.38529917,50.93977403],[-125.3855829,50.93975374],[-125.38584698,50.93972846],[-125.38614304,50.93969178],[-125.38642593,50.93966971],[-125.38671151,50.93965974],[-125.38699208,50.93963659],[-125.38727047,50.9395896],[-125.38753307,50.93951767],[-125.38774814,50.93940445],[-125.38781731,50.93934712],[-125.38792658,50.93925669],[-125.38812595,50.93913136],[-125.38837827,50.93906086],[-125.38865705,50.93901778],[-125.38894367,50.93898431],[-125.38922318,50.93894443],[-125.38950348,50.93890526],[-125.38978442,50.93889672],[-125.39006617,50.93891844],[-125.39034735,50.9389544],[-125.39062569,50.93899392],[-125.39089911,50.93904377],[-125.39117134,50.93909611],[-125.39144493,50.93914916],[-125.39171892,50.93919901],[-125.39198468,50.93922464],[-125.39228217,50.93922998],[-125.3925678,50.93922464],[-125.39285326,50.93921966],[-125.39313759,50.93921111],[-125.39342204,50.93920114],[-125.39370654,50.9391958],[-125.39399012,50.93920186],[-125.3942738,50.93922785],[-125.39455679,50.93925882],[-125.39470262,50.93926701],[-125.39483788,50.93927485],[-125.39511557,50.93923995],[-125.39522606,50.93921325],[-125.39538753,50.93917444],[-125.39565675,50.93919402],[-125.39583798,50.93928197],[-125.39588762,50.93930582],[-125.396077,50.93944183],[-125.39626384,50.93957963],[-125.39633031,50.93961559],[-125.39647776,50.93969499],[-125.39672149,50.93978578],[-125.39697981,50.93986376],[-125.39724243,50.93993746],[-125.39750488,50.94000796],[-125.3977739,50.94007062],[-125.39803986,50.94013614],[-125.39829287,50.94021696],[-125.39849301,50.94034229],[-125.39867291,50.940484],[-125.398841,50.9406339],[-125.39901496,50.94077739],[-125.39921987,50.94089275],[-125.39949432,50.94094758],[-125.3997796,50.94097144],[-125.39999901,50.94097108],[-125.40006529,50.94097072],[-125.40034979,50.94097962],[-125.40063128,50.94100312],[-125.40091288,50.94102876],[-125.4011942,50.94105618],[-125.40147518,50.9410843],[-125.40175655,50.94111279],[-125.4020377,50.94114056],[-125.40231937,50.94116726],[-125.40260193,50.9411897],[-125.40288376,50.94121248],[-125.4031648,50.94124168],[-125.40344601,50.94127052],[-125.40372812,50.94129865],[-125.40402504,50.94132891],[-125.40429116,50.9413574],[-125.40457146,50.94139051],[-125.40484933,50.94142754],[-125.40512483,50.94146955],[-125.40539568,50.94152011],[-125.4056598,50.94158598],[-125.4057807,50.94162159],[-125.405919,50.94166218],[-125.40617594,50.94174193],[-125.40643299,50.94182026],[-125.40668925,50.94189788],[-125.40694466,50.94197728],[-125.40719901,50.94205775],[-125.40745318,50.94213857],[-125.40770775,50.94221975],[-125.40796226,50.94229987],[-125.40808602,50.94238995],[-125.40832098,50.94256085],[-125.40851201,50.94270185],[-125.40874641,50.94278979],[-125.40902525,50.94282362],[-125.40931643,50.94283394],[-125.40959988,50.94282255],[-125.40987962,50.94277627],[-125.41015419,50.9427752],[-125.41042234,50.94284569],[-125.41069915,50.94287667],[-125.41098278,50.94285068],[-125.41124433,50.94278089],[-125.41149973,50.94269793],[-125.41177122,50.94265236],[-125.41205472,50.94263491],[-125.41234111,50.94262565],[-125.4126258,50.94261284],[-125.41289744,50.94260251],[-125.41319444,50.94259824],[-125.41348036,50.94260892],[-125.41375406,50.94265592],[-125.41400791,50.94275526],[-125.41423157,50.94285388],[-125.41448667,50.94293044],[-125.41476043,50.94298206],[-125.415039,50.94302123],[-125.41532644,50.94305719],[-125.4155996,50.94304722],[-125.41583376,50.94294005],[-125.41607994,50.94284676],[-125.41633658,50.9427695],[-125.41661258,50.94273105],[-125.41689659,50.94270897],[-125.41706601,50.94269259],[-125.41717863,50.94268156],[-125.41744893,50.94262779],[-125.41771386,50.94256157],[-125.41797795,50.94249356],[-125.41824864,50.94243659],[-125.41851938,50.94238069],[-125.41877545,50.94229275],[-125.41898559,50.94217311],[-125.41908827,50.94201218],[-125.4191432,50.94183166],[-125.41919345,50.9416515],[-125.41924387,50.94147454],[-125.41928937,50.94129722],[-125.41933505,50.94111955],[-125.41938168,50.94094224],[-125.41942583,50.94076421],[-125.41947303,50.9405869],[-125.41952972,50.94041101],[-125.41959359,50.94023548],[-125.41966012,50.9400603],[-125.41967754,50.940019],[-125.41973196,50.93988583],[-125.41981086,50.93971315],[-125.41990542,50.9395337],[-125.42003132,50.93938451],[-125.4201809,50.9392307],[-125.42030613,50.93906869],[-125.42044175,50.93891096],[-125.42060811,50.93876462],[-125.42080181,50.93863324],[-125.42104301,50.93853141],[-125.42124325,50.93840999],[-125.42132161,50.93831671],[-125.42137549,50.93825226],[-125.42148433,50.93808314],[-125.4215977,50.93791757],[-125.42170937,50.93775201],[-125.42181076,50.93758431],[-125.42189119,50.93741198],[-125.42196304,50.93723751],[-125.42205386,50.9370659],[-125.42220214,50.936916],[-125.42231919,50.93685298],[-125.42242086,50.9367985],[-125.42259981,50.93665893],[-125.42276136,50.93651081],[-125.42291907,50.93636127],[-125.42307272,50.93620959],[-125.42321947,50.93605578],[-125.4232483,50.93602373],[-125.42336063,50.93589947],[-125.42349682,50.93574174],[-125.42363109,50.9355833],[-125.42376344,50.93542414],[-125.42389195,50.93526356],[-125.42401989,50.93510298],[-125.42415472,50.93494454],[-125.42424336,50.93484983],[-125.42429972,50.93478965],[-125.4243571,50.93474159],[-125.42447291,50.93464439],[-125.4247172,50.93455858],[-125.42497373,50.93449805],[-125.4252536,50.9344336],[-125.42551725,50.93436524],[-125.42568389,50.93432145],[-125.42578085,50.93429581],[-125.42603541,50.9342157],[-125.42627388,50.93411956],[-125.42650394,50.93401382],[-125.4267288,50.93390237],[-125.42680164,50.9338657],[-125.42695134,50.93378986],[-125.42716394,50.93366738],[-125.42737113,50.93354205],[-125.42761839,50.93346656],[-125.42790383,50.93344022],[-125.42818497,50.9334039],[-125.42845928,50.93335583],[-125.42873918,50.93332806],[-125.42902348,50.93331595],[-125.42930811,50.9333067],[-125.42959173,50.93329245],[-125.42987619,50.93327643],[-125.43015846,50.93325436],[-125.43043677,50.93321448],[-125.43069229,50.93312404],[-125.43085828,50.93298554],[-125.43103919,50.93284418],[-125.4312593,50.93273559],[-125.43152203,50.93266082],[-125.43179724,50.9326156],[-125.43189911,50.93260812],[-125.43207956,50.93259459],[-125.43236521,50.9325832],[-125.43264989,50.93256789],[-125.43293616,50.932554],[-125.43321711,50.93256077],[-125.43348893,50.93263055],[-125.433754,50.93265049],[-125.43401194,50.93256326],[-125.43426643,50.93248208],[-125.43451933,50.93239948],[-125.43476925,50.93231367],[-125.43500973,50.93221682],[-125.43527432,50.93214881],[-125.43555398,50.93212033],[-125.43583985,50.93212033],[-125.4359478,50.93212852],[-125.43612304,50.93214134],[-125.43641341,50.93219475],[-125.43666564,50.93224993],[-125.43694323,50.93229693],[-125.43722372,50.93232008],[-125.4375035,50.93227949],[-125.43773505,50.93217765],[-125.43776709,50.93215665],[-125.43793526,50.93204556],[-125.43814699,50.93192486],[-125.43839649,50.93184581],[-125.43866599,50.93178885],[-125.43894283,50.931739],[-125.43921583,50.93168417],[-125.43947324,50.93160868],[-125.43972106,50.93151896],[-125.43998152,50.93144775],[-125.44025175,50.93139042],[-125.44052621,50.931342],[-125.44057643,50.93133737],[-125.44080705,50.93131458],[-125.44109443,50.93130782],[-125.44137633,50.93132206],[-125.44161431,50.93142852],[-125.44186812,50.93147089],[-125.44214959,50.93141606],[-125.44242083,50.93136016],[-125.44269061,50.93130141],[-125.44295615,50.93123732],[-125.44321457,50.93116326],[-125.44345283,50.93106392],[-125.44369713,50.93097206],[-125.44396069,50.93090619],[-125.44423153,50.93084994],[-125.44450362,50.93079582],[-125.44477344,50.93073813],[-125.4450435,50.93068117],[-125.44531394,50.93062455],[-125.44558377,50.93056687],[-125.44585178,50.93050706],[-125.44611731,50.93044297],[-125.44637556,50.93036926],[-125.44662579,50.93028274],[-125.44675612,50.93023681],[-125.44687443,50.9301948],[-125.44715804,50.93011647],[-125.44741583,50.93004846],[-125.44761866,50.92994165],[-125.44770705,50.92977501],[-125.44773851,50.92958559],[-125.44775561,50.92940614],[-125.44774441,50.92922562],[-125.4477265,50.92904617],[-125.4477035,50.92886672],[-125.44768954,50.92868727],[-125.44769704,50.92850782],[-125.44772076,50.92832873],[-125.44775222,50.92814999],[-125.44778385,50.9279709],[-125.44780871,50.9277918],[-125.44781564,50.9276622],[-125.44781893,50.92761022],[-125.44783108,50.92742934],[-125.44786757,50.9272531],[-125.44791403,50.92717334],[-125.44796428,50.92708682],[-125.44811538,50.92693087],[-125.44826609,50.92677812],[-125.44842391,50.92662822],[-125.44859082,50.92648295],[-125.44878332,50.92634801],[-125.44896904,50.92621307],[-125.44904384,50.92604181],[-125.44909931,50.92586485],[-125.44917021,50.92569109],[-125.44927138,50.92551663],[-125.44944157,50.9253799],[-125.44968997,50.92529125],[-125.44995181,50.92522182],[-125.45021365,50.92514526],[-125.45046488,50.92506017],[-125.45071542,50.92497294],[-125.45096049,50.92488179],[-125.45119438,50.92478209],[-125.4513788,50.92464394],[-125.45155322,50.92450188],[-125.45172493,50.92435839],[-125.45189799,50.92421205],[-125.45208715,50.92407818],[-125.45234831,50.92401729],[-125.45263362,50.92397919],[-125.45286152,50.92388021],[-125.45306005,50.92374918],[-125.45326028,50.92361816],[-125.45342224,50.92354018],[-125.4534858,50.92350992],[-125.45372589,50.92341378],[-125.45392926,50.92333901],[-125.4539723,50.92332335],[-125.45422047,50.92323398],[-125.45446807,50.92314461],[-125.4547151,50.92305524],[-125.45489392,50.92291104],[-125.4549819,50.92283306],[-125.45506196,50.92276221],[-125.45530237,50.92268672],[-125.45557667,50.92264685],[-125.45565033,50.92264044],[-125.45586452,50.92262121],[-125.45615304,50.92259415],[-125.45643129,50.92255427],[-125.45670581,50.92250798],[-125.45698005,50.92245992],[-125.45725514,50.92241363],[-125.4575357,50.92237838],[-125.45780971,50.92233316],[-125.45806425,50.92225412],[-125.45830619,50.92215763],[-125.45854023,50.92205402],[-125.45875603,50.92193652],[-125.4589367,50.92179908],[-125.45909969,50.92165132],[-125.45925631,50.92150036],[-125.45941026,50.92134903],[-125.45955694,50.92119522],[-125.45964705,50.92110799],[-125.45971282,50.92104461],[-125.45987101,50.92089507],[-125.45998457,50.92079537],[-125.46003751,50.92074944],[-125.4602088,50.9206056],[-125.46038512,50.92046424],[-125.46056822,50.92032645],[-125.4607634,50.92019649],[-125.46097625,50.92007686],[-125.46118561,50.91995509],[-125.46138034,50.91982371],[-125.46157077,50.91968947],[-125.46175443,50.91955168],[-125.46192713,50.91940962],[-125.4620838,50.91925972],[-125.46222121,50.91910163],[-125.46234467,50.91893963],[-125.46244808,50.91877228],[-125.46253698,50.91860102],[-125.46262418,50.91842976],[-125.46266641,50.9183411],[-125.46270625,50.91825743],[-125.46279024,50.91808581],[-125.46288298,50.91791598],[-125.46298447,50.91774792],[-125.46309094,50.91758129],[-125.46320045,50.91741537],[-125.46331301,50.91725016],[-125.46343687,50.91708851],[-125.46354469,50.91691903],[-125.46367657,50.91676308],[-125.46391951,50.91666801],[-125.4641314,50.91654803],[-125.46428253,50.9163967],[-125.46440232,50.91623292],[-125.46456492,50.9160848],[-125.46464474,50.91602748],[-125.46475343,50.91594986],[-125.4648691,50.91591212],[-125.46500364,50.91586797],[-125.4652542,50.9157818],[-125.4655205,50.91571949],[-125.46579064,50.91566217],[-125.46604012,50.91557707],[-125.46624764,50.91549945],[-125.46628492,50.91548521],[-125.46655263,50.91542468],[-125.46682858,50.91537768],[-125.46710809,50.91534813],[-125.46739339,50.91536095],[-125.46767908,50.91538836],[-125.46791941,50.91547666],[-125.46809139,50.91558277],[-125.46812933,50.91560627],[-125.46835565,50.91570739],[-125.46863904,50.91571237],[-125.4689244,50.91572982],[-125.4691997,50.91578144],[-125.46941774,50.91580744],[-125.46947664,50.9158142],[-125.46975722,50.9157729],[-125.4699434,50.91564401],[-125.47010954,50.91549553],[-125.4702781,50.9153467],[-125.4704802,50.91521639],[-125.47071162,50.91509925],[-125.47075692,50.91506222],[-125.47087803,50.91496324],[-125.47094528,50.91479589],[-125.47096454,50.9146143],[-125.47096437,50.91442845],[-125.47097234,50.91424686],[-125.47098172,50.91406705],[-125.47098714,50.91388725],[-125.47098879,50.91370708],[-125.4709867,50.91352763],[-125.4709762,50.91337417],[-125.47097406,50.91334783],[-125.47094245,50.91316873],[-125.47092382,50.91298964],[-125.47095495,50.91281161],[-125.47100036,50.91263323],[-125.47103273,50.91245378],[-125.47106428,50.91237331],[-125.47110063,50.91228038],[-125.47121583,50.91211553],[-125.47136227,50.911961],[-125.47153936,50.91182036],[-125.47171351,50.91167759],[-125.47186034,50.91152341],[-125.47198572,50.91136212],[-125.47206925,50.91118908],[-125.47214962,50.91101675],[-125.47230181,50.91086792],[-125.47248771,50.91073013],[-125.47267575,50.91059376],[-125.47286882,50.91045989],[-125.47302191,50.91031034],[-125.47311211,50.91013873],[-125.47313851,50.90995999],[-125.47314841,50.90977911],[-125.47321275,50.90960607],[-125.47335416,50.90944905],[-125.47351522,50.90930058],[-125.47368418,50.90915567],[-125.47386127,50.90901503],[-125.4740519,50.90888151],[-125.47424818,50.90875155],[-125.47444717,50.90862301],[-125.4746456,50.90849448],[-125.47484086,50.90836309],[-125.47505538,50.90824346],[-125.47528361,50.90813415],[-125.47554265,50.9080633],[-125.47582691,50.9080284],[-125.47610726,50.90803731],[-125.47638804,50.90807612],[-125.47665882,50.90813593],[-125.4769191,50.9082107],[-125.47716751,50.90830328],[-125.47738175,50.90841899],[-125.47755606,50.90855928],[-125.47770981,50.90871309],[-125.47786503,50.9088662],[-125.47804375,50.90900434],[-125.47825376,50.9091254],[-125.47848529,50.90923329],[-125.47873055,50.90932657],[-125.47898564,50.90940277],[-125.47925526,50.90946151],[-125.47953165,50.90950958],[-125.47980781,50.90955338],[-125.48009015,50.9095427],[-125.48035472,50.90947683],[-125.48061957,50.90940918],[-125.48088527,50.90934331],[-125.48115797,50.90929595],[-125.48143929,50.9092696],[-125.48172197,50.90924753],[-125.48200302,50.9092194],[-125.48228355,50.90918878],[-125.48256335,50.90915851],[-125.48284439,50.90913039],[-125.48312589,50.90910012],[-125.4834084,50.90907128],[-125.48368972,50.90905205],[-125.48397217,50.90906131],[-125.48424511,50.90911543],[-125.48446339,50.90922866],[-125.48462807,50.90937499],[-125.4847849,50.90952596],[-125.48493897,50.90968156],[-125.48508993,50.90983893],[-125.48527941,50.90996284],[-125.48554373,50.91002799],[-125.48583346,50.91005399],[-125.48604346,50.91005292],[-125.48612043,50.91005256],[-125.48639956,50.9100166],[-125.48665977,50.90993613],[-125.4868528,50.90980938],[-125.48695452,50.90963954],[-125.48702971,50.90946258],[-125.48708728,50.90928349],[-125.48724807,50.90914142],[-125.48743686,50.90900933],[-125.4876366,50.90888151],[-125.48784267,50.90875582],[-125.48805162,50.9086312],[-125.48825864,50.90850587],[-125.48845991,50.9083784],[-125.4886557,50.90824702],[-125.48884855,50.9081135],[-125.48904062,50.90797927],[-125.48923387,50.90784611],[-125.48942988,50.90771543],[-125.48963103,50.90758939],[-125.48983946,50.9074694],[-125.49006625,50.90736544],[-125.49033125,50.90729387],[-125.49060121,50.90722729],[-125.49084092,50.90713649],[-125.49104568,50.9070076],[-125.49120477,50.90685486],[-125.49129921,50.90668965],[-125.49134802,50.90651233],[-125.49138515,50.9063311],[-125.49144436,50.9061545],[-125.49151475,50.90597932],[-125.49158796,50.90580415],[-125.49166976,50.9056311],[-125.49176646,50.90546234],[-125.49188517,50.90530069],[-125.49202089,50.90514367],[-125.49216789,50.90499021],[-125.49232387,50.90483924],[-125.49248618,50.90469041],[-125.49265272,50.90454336],[-125.49282044,50.90439738],[-125.49298839,50.90425211],[-125.49316357,50.90410827],[-125.49335116,50.90397154],[-125.49355467,50.90384764],[-125.49378099,50.90374225],[-125.49388557,50.90370522],[-125.49395225,50.90368136],[-125.49402983,50.90365359],[-125.49428878,50.90357455],[-125.49454862,50.90350191],[-125.49482077,50.9034485],[-125.49509083,50.90339118],[-125.49536281,50.90333457],[-125.49563236,50.90327475],[-125.49589136,50.90320389],[-125.496135,50.9031131],[-125.4963634,50.90300451],[-125.49658001,50.9028863],[-125.49677764,50.90275812],[-125.49695286,50.90261534],[-125.49715066,50.90248681],[-125.49736139,50.90236432],[-125.4975798,50.90224825],[-125.4978095,50.90214286],[-125.49805071,50.90204886],[-125.49830033,50.90196092],[-125.49855694,50.9018808],[-125.49881954,50.90181066],[-125.49908638,50.90175298],[-125.49936128,50.90170919],[-125.49964137,50.90167465],[-125.49992316,50.90164367],[-125.50020314,50.90161056],[-125.50048312,50.90157745],[-125.50076456,50.90154718],[-125.50093055,50.90152938],[-125.50104528,50.90151728],[-125.5013257,50.90148559],[-125.50160405,50.90144998],[-125.50187945,50.90140868],[-125.50214396,50.90134637],[-125.50239516,50.90125985],[-125.50265002,50.90117867],[-125.5029095,50.90110319],[-125.5031555,50.90101453],[-125.50338213,50.9009013],[-125.5035299,50.90075212],[-125.5035705,50.90067984],[-125.5036263,50.90058157],[-125.50373223,50.90041351],[-125.50386471,50.90024902],[-125.50401739,50.90009307],[-125.50418355,50.90000014],[-125.50422138,50.89997877],[-125.50447922,50.89991148],[-125.5047614,50.89986306],[-125.50503493,50.89980431],[-125.50528882,50.89971921],[-125.50552375,50.89961346],[-125.5057051,50.8994803],[-125.50584101,50.89932399],[-125.50595717,50.899157],[-125.50607603,50.89899144],[-125.50616357,50.89874932],[-125.50623095,50.8985745],[-125.50631544,50.89840289],[-125.50640675,50.89823234],[-125.50650433,50.89806286],[-125.50657373,50.89795497],[-125.50661146,50.89789587],[-125.50673258,50.89773386],[-125.50677069,50.89768936],[-125.50686787,50.89757649],[-125.50701462,50.89742232],[-125.50716961,50.897271],[-125.50733036,50.89712181],[-125.50749405,50.89697476],[-125.50767788,50.89683519],[-125.50788898,50.89670594],[-125.50805887,50.89656601],[-125.50814579,50.89640116],[-125.50819787,50.89622527],[-125.50822631,50.89604333],[-125.50824074,50.89585996],[-125.50825174,50.89567908],[-125.50824518,50.89549714],[-125.50819611,50.89531912],[-125.50809482,50.89515355],[-125.50796616,50.89499333],[-125.50782113,50.89483667],[-125.50766746,50.89468392],[-125.50756193,50.89458422],[-125.50750984,50.89453473],[-125.50734319,50.89438911],[-125.50717028,50.89424597],[-125.50699646,50.89410355],[-125.50691695,50.89403697],[-125.50682485,50.89396006],[-125.50665454,50.89381622],[-125.5064831,50.89367237],[-125.50631426,50.89352782],[-125.50615185,50.89338041],[-125.50599363,50.89323016],[-125.50583462,50.89307919],[-125.50568318,50.89292538],[-125.50554844,50.89276729],[-125.5054407,50.89260351],[-125.50535841,50.89243011],[-125.50530063,50.8922503],[-125.50527255,50.89206978],[-125.50527799,50.89189354],[-125.50533677,50.89171907],[-125.50543139,50.89154639],[-125.5055329,50.89137584],[-125.50563131,50.89120707],[-125.50573694,50.89103972],[-125.50584618,50.89087309],[-125.50595486,50.89070646],[-125.50605936,50.89053911],[-125.50615591,50.8903707],[-125.50624009,50.8901998],[-125.50629973,50.89002355],[-125.50633396,50.88984374],[-125.5063439,50.88972447],[-125.50634828,50.88966429],[-125.50632066,50.8894852],[-125.50624325,50.88931109],[-125.50613508,50.88914588],[-125.50610479,50.88910636],[-125.50601161,50.88898316],[-125.50589391,50.88881902],[-125.50579275,50.88865097],[-125.50577865,50.88862604],[-125.50569824,50.88848077],[-125.50560414,50.88831094],[-125.50550355,50.88814288],[-125.5053898,50.88797874],[-125.50526138,50.88781816],[-125.50511998,50.88766114],[-125.50496531,50.88750946],[-125.50479749,50.88736526],[-125.50460805,50.8872321],[-125.5044045,50.88710606],[-125.50418932,50.88697361],[-125.50400208,50.88685005],[-125.50379424,50.88672116],[-125.50359047,50.88659085],[-125.50341464,50.88645163],[-125.50329183,50.88629711],[-125.50323145,50.88612406],[-125.50320646,50.8859407],[-125.50318673,50.88575697],[-125.50316312,50.88562167],[-125.50315559,50.88557824],[-125.50312931,50.88539879],[-125.50310867,50.88521933],[-125.50309521,50.88504024],[-125.50311301,50.8848583],[-125.50325428,50.88470626],[-125.50343594,50.8845642],[-125.50358014,50.88441074],[-125.50367672,50.88424233],[-125.50375779,50.88406857],[-125.503845,50.88389731],[-125.5039312,50.88372463],[-125.50400276,50.88358149],[-125.50401741,50.88355194],[-125.50411664,50.88338389],[-125.50416997,50.88331695],[-125.50424307,50.88322509],[-125.50442123,50.88308445],[-125.50461339,50.88294879],[-125.50476797,50.8827996],[-125.50489124,50.88263796],[-125.50500543,50.88247168],[-125.50510704,50.8823022],[-125.50519307,50.88212987],[-125.5052606,50.88195612],[-125.50530657,50.88178023],[-125.50533623,50.88160184],[-125.50535416,50.88142204],[-125.50536566,50.88124152],[-125.50537676,50.88106064],[-125.50539147,50.88088048],[-125.50541319,50.88070103],[-125.50543586,50.88052194],[-125.50545853,50.88034284],[-125.50548194,50.88016339],[-125.50549539,50.8800783],[-125.50551043,50.87998394],[-125.50554862,50.87981375],[-125.50559123,50.87962362],[-125.50562028,50.87944417],[-125.50562648,50.8792665],[-125.50559815,50.87909025],[-125.5055372,50.87891258],[-125.50544629,50.8787374],[-125.5053293,50.87857077],[-125.50528071,50.87851879],[-125.50518769,50.87841909],[-125.50498071,50.87829803],[-125.50473913,50.87819157],[-125.5045251,50.8780723],[-125.50437334,50.87792418],[-125.50424405,50.87776324],[-125.50413391,50.87759412],[-125.50404351,50.87742143],[-125.50397248,50.87724839],[-125.50394372,50.87707072],[-125.50393992,50.87687026],[-125.50393208,50.8767079],[-125.50388814,50.8765313],[-125.50381632,50.87635755],[-125.50373181,50.87618557],[-125.50364747,50.87601325],[-125.5035734,50.87583949],[-125.50350346,50.87566538],[-125.50343611,50.87549056],[-125.50338084,50.87531289],[-125.50333765,50.87513237],[-125.50325044,50.8749661],[-125.50305942,50.87483293],[-125.50285858,50.87470262],[-125.50278146,50.87464778],[-125.50266955,50.87456767],[-125.50252189,50.87441457],[-125.50238446,50.87425542],[-125.5022652,50.87409128],[-125.50217355,50.87392251],[-125.50210549,50.87374448],[-125.50207185,50.87356289],[-125.50209323,50.87338665],[-125.50216148,50.87321503],[-125.50225654,50.87304519],[-125.50236615,50.87287678],[-125.50247881,50.87270908],[-125.50259022,50.8725428],[-125.50272804,50.87238151],[-125.50282405,50.87221559],[-125.50285531,50.87203757],[-125.50285661,50.87185491],[-125.50283038,50.87167439],[-125.50277062,50.87150028],[-125.50265309,50.87133258],[-125.50261144,50.87129448],[-125.50249242,50.87118553],[-125.50228473,50.87106376],[-125.50205524,50.87095339],[-125.50182812,50.87084515],[-125.50159705,50.87074047],[-125.50137479,50.87062795],[-125.50115282,50.87051366],[-125.50094146,50.87039367],[-125.50075168,50.87026158],[-125.50058815,50.87011346],[-125.50044913,50.86995537],[-125.50032794,50.86978945],[-125.5002646,50.86961463],[-125.50029921,50.8694391],[-125.50038933,50.86926427],[-125.50051227,50.86910227],[-125.50066183,50.86894952],[-125.50082785,50.86880247],[-125.50099985,50.86865827],[-125.50117461,50.86851656],[-125.50135669,50.86837842],[-125.50154284,50.8682424],[-125.50173056,50.86810782],[-125.50192601,50.86797714],[-125.50212089,50.86784647],[-125.50231397,50.86771367],[-125.50250203,50.86757837],[-125.50254225,50.86754134],[-125.50256739,50.86751819],[-125.50266297,50.86743132],[-125.50280773,50.86727679],[-125.50294499,50.86711906],[-125.50307938,50.86696026],[-125.50321281,50.8668011],[-125.50333608,50.86663839],[-125.50346398,50.86647781],[-125.50361647,50.8663272],[-125.50379043,50.86618478],[-125.50397551,50.86604627],[-125.5041608,50.86590848],[-125.50433747,50.86576748],[-125.50449576,50.86562008],[-125.50462434,50.86546163],[-125.50472297,50.86529144],[-125.50479821,50.86511591],[-125.50484088,50.86498737],[-125.50485652,50.86494037],[-125.5048895,50.86476235],[-125.50490714,50.86458219],[-125.50492479,50.86440202],[-125.50494999,50.86422257],[-125.50497294,50.86404312],[-125.50500137,50.86386403],[-125.50504248,50.86368671],[-125.50511196,50.8635126],[-125.50519583,50.86334028],[-125.5052617,50.86316545],[-125.5053022,50.86298707],[-125.50533061,50.86285177],[-125.50534005,50.86280833],[-125.50540198,50.86263351],[-125.50552555,50.86246545],[-125.50565854,50.86230131],[-125.50569817,50.86213895],[-125.50554025,50.86198158],[-125.50545991,50.86181174],[-125.50546505,50.86162944],[-125.50547742,50.86144145],[-125.50536686,50.86129831],[-125.50522078,50.86122141],[-125.50516667,50.86119292],[-125.50522965,50.86100528],[-125.50542619,50.86088885],[-125.50568068,50.86079877],[-125.50588626,50.86067878],[-125.50604214,50.86052817],[-125.50619063,50.86037293],[-125.50634343,50.86023585],[-125.50652459,50.86007955],[-125.50669292,50.85993357],[-125.50685342,50.85978509],[-125.50699886,50.8596327],[-125.50710495,50.85946821],[-125.50715669,50.85928875],[-125.50719207,50.8591093],[-125.50721741,50.85892843],[-125.50721557,50.85874898],[-125.50714834,50.85857772],[-125.50703079,50.85841144],[-125.50693394,50.85824196],[-125.50688323,50.85811414],[-125.50686469,50.85806785],[-125.50681558,50.85789054],[-125.50678876,50.85771144],[-125.50678445,50.85753128],[-125.50678724,50.85735041],[-125.50678447,50.85725926],[-125.5067809,50.85717096],[-125.50674369,50.85699471],[-125.50665076,50.85682416],[-125.50655782,50.85665361],[-125.50648689,50.8564795],[-125.50642082,50.85630468],[-125.50635491,50.8561295],[-125.50628698,50.85595504],[-125.50621792,50.85578057],[-125.50613769,50.85560824],[-125.50605628,50.85543484],[-125.50598055,50.8552732],[-125.50588641,50.85508983],[-125.50578316,50.8549232],[-125.50565718,50.85476404],[-125.50561776,50.85472844],[-125.50549535,50.85461735],[-125.50531451,50.85447742],[-125.50513475,50.85433642],[-125.50497231,50.85418866],[-125.50481834,50.85403734],[-125.50466754,50.8538853],[-125.50451504,50.85373327],[-125.5043541,50.85357412],[-125.50420881,50.85343063],[-125.50405469,50.85327966],[-125.50389779,50.85312976],[-125.50373887,50.85298058],[-125.50363929,50.85288551],[-125.50358198,50.85283068],[-125.50342397,50.85268078],[-125.50326799,50.85253017],[-125.50317256,50.85242051],[-125.50313143,50.85237315],[-125.50300993,50.85220937],[-125.50289449,50.85204238],[-125.50279433,50.8518729],[-125.50271927,50.85170164],[-125.50269448,50.85152432],[-125.50273766,50.85134167],[-125.50283089,50.85117468],[-125.50301239,50.8510319],[-125.50323082,50.8509169],[-125.50344581,50.85080082],[-125.50362172,50.85065911],[-125.50377645,50.85050744],[-125.50389318,50.85034436],[-125.50398563,50.8501731],[-125.5040509,50.84999971],[-125.50402819,50.84990784],[-125.50400672,50.84982168],[-125.50398425,50.84964187],[-125.50401201,50.84960734],[-125.50411469,50.84948201],[-125.50428908,50.84933994],[-125.50453679,50.8492463],[-125.50472964,50.8491199],[-125.50485591,50.84895576],[-125.50490373,50.84876812],[-125.50487346,50.84860113],[-125.50483554,50.84847972],[-125.50481806,50.84842417],[-125.50478928,50.84824579],[-125.5047798,50.84806599],[-125.5047503,50.8478844],[-125.50479336,50.84771029],[-125.50488734,50.84753938],[-125.50500718,50.84737453],[-125.50516597,50.84722499],[-125.50536493,50.84708933],[-125.50549084,50.84693659],[-125.5055148,50.84675998],[-125.50550527,50.84657555],[-125.50552309,50.84639289],[-125.505628,50.84622982],[-125.50582058,50.84609808],[-125.50603935,50.84597881],[-125.50627843,50.84588196],[-125.50655252,50.84583817],[-125.50683893,50.8458371],[-125.50712161,50.84581431],[-125.50740511,50.84577443],[-125.50765806,50.84570287],[-125.50785323,50.84557041],[-125.50798863,50.84541197],[-125.50805544,50.84523537],[-125.50816891,50.84507087],[-125.50829608,50.84490958],[-125.50841886,50.84474686],[-125.50854603,50.84458557],[-125.50871206,50.84444208],[-125.508915,50.84431462],[-125.50911721,50.84418751],[-125.50931074,50.84405612],[-125.50945712,50.84390302],[-125.50956445,50.84373603],[-125.50964991,50.84356406],[-125.50969395,50.84338675],[-125.50989215,50.84325857],[-125.5100734,50.84311864],[-125.51030092,50.84302001],[-125.51057176,50.84296055],[-125.51083261,50.84288186],[-125.51101306,50.84274834],[-125.51112394,50.842581],[-125.51116362,50.84241045],[-125.51135348,50.84228085],[-125.51128462,50.84210496],[-125.51112104,50.84195862],[-125.51098243,50.84181193],[-125.51092093,50.8414281],[-125.51080056,50.84119952],[-125.51073751,50.84112724],[-125.5106513,50.8410279],[-125.51057761,50.84085272],[-125.51055873,50.84067612],[-125.51058773,50.84049845],[-125.51060575,50.84043472],[-125.51063792,50.84032007],[-125.51069567,50.8401424],[-125.5107537,50.83996651],[-125.51082154,50.83979133],[-125.51086425,50.83968416],[-125.51089147,50.83961651],[-125.51095311,50.83944133],[-125.51099209,50.83926402],[-125.51097255,50.83908172],[-125.51097162,50.83890298],[-125.51103031,50.83878477],[-125.51105042,50.83874382],[-125.51118586,50.83857114],[-125.51134115,50.83841946],[-125.51138985,50.83837887],[-125.5114712,50.83831122],[-125.51151323,50.83827633],[-125.51170124,50.83813996],[-125.51190192,50.83801249],[-125.5121143,50.83789357],[-125.51233874,50.83778248],[-125.51257397,50.83768065],[-125.5128178,50.83758915],[-125.51306822,50.83750512],[-125.51332301,50.83742607],[-125.51358057,50.83734952],[-125.51383812,50.83727297],[-125.51409388,50.83719428],[-125.51435419,50.83712022],[-125.51461191,50.83704332],[-125.51476641,50.83698421],[-125.51485382,50.8369511],[-125.51507825,50.83684001],[-125.5152935,50.8367186],[-125.51550477,50.83659255],[-125.51571671,50.83646865],[-125.51593454,50.83635364],[-125.51616345,50.83625324],[-125.51640871,50.83617526],[-125.51667639,50.83612826],[-125.51695969,50.83610405],[-125.51725029,50.83609052],[-125.51754028,50.83607592],[-125.51782427,50.83604673],[-125.51798546,50.83601967],[-125.51811332,50.83599866],[-125.51839709,50.83596519],[-125.51866157,50.83598513],[-125.51891105,50.83605776],[-125.51914879,50.83615853],[-125.51931548,50.83624398],[-125.51937855,50.83627602],[-125.51960845,50.83640385],[-125.51978879,50.83653986],[-125.51995101,50.83670436],[-125.52015655,50.83678874],[-125.5204218,50.83677165],[-125.52071049,50.83670898],[-125.52099184,50.83664632],[-125.52126106,50.83656656],[-125.52152664,50.83650034],[-125.52178842,50.83651885],[-125.52204639,50.8366068],[-125.5223027,50.83670293],[-125.52255409,50.83673141],[-125.52267785,50.83667409],[-125.52279778,50.8366189],[-125.52305777,50.83653131],[-125.52330779,50.83656265],[-125.5235357,50.8366805],[-125.523755,50.83679515],[-125.5239987,50.83688701],[-125.52424799,50.83697424],[-125.52450152,50.83705614],[-125.52475975,50.83713055],[-125.525029,50.8371925],[-125.5252597,50.83722063],[-125.52530964,50.83722704],[-125.52537478,50.83721814],[-125.52551983,50.83719891],[-125.52557882,50.83719108],[-125.52574435,50.83716437],[-125.5258519,50.83714693],[-125.52613706,50.83715191],[-125.52642026,50.837122],[-125.52670107,50.83710064],[-125.52699258,50.83714194],[-125.52716006,50.83726478],[-125.52727908,50.83742536],[-125.52752839,50.83750903],[-125.52780798,50.83756351],[-125.52808712,50.83759413],[-125.5283738,50.83759947],[-125.52865427,50.83757882],[-125.52892446,50.83751829],[-125.5291709,50.8374307],[-125.52940745,50.83732958],[-125.52966071,50.83724662],[-125.52990169,50.83715512],[-125.53008718,50.83701448],[-125.53031178,50.83691122],[-125.53056811,50.83683716],[-125.53083159,50.83677058],[-125.53110036,50.83670827],[-125.53136958,50.83664739],[-125.53163644,50.83658437],[-125.53191083,50.83652918],[-125.53202189,50.83650319],[-125.53217678,50.83646687],[-125.53232515,50.83639103],[-125.53239203,50.8363572],[-125.53256788,50.83621193],[-125.53268913,50.83610548],[-125.53273516,50.83606453],[-125.53294918,50.83594917],[-125.5332117,50.83587867],[-125.53349223,50.83585553],[-125.53377747,50.83584378],[-125.53406069,50.83582918],[-125.53434373,50.83581494],[-125.534626,50.83579642],[-125.53490878,50.83577328],[-125.53519167,50.83574871],[-125.53540946,50.83572236],[-125.53547053,50.83571489],[-125.53569567,50.83567073],[-125.53573921,50.83566219],[-125.5359875,50.83557424],[-125.53623411,50.83548274],[-125.53649914,50.83542114],[-125.53677441,50.83537592],[-125.53705282,50.83533711],[-125.53732949,50.83529724],[-125.53738734,50.8352894],[-125.53760722,50.83525985],[-125.53788573,50.83522318],[-125.53816369,50.8351865],[-125.53838666,50.83515517],[-125.53844097,50.83514769],[-125.53871696,50.83510568],[-125.53899087,50.83505975],[-125.53926405,50.83501061],[-125.53953617,50.83495899],[-125.53980744,50.83490558],[-125.54007832,50.83485181],[-125.54034898,50.83479734],[-125.5406198,50.83474251],[-125.54088939,50.83468554],[-125.54115672,50.83462501],[-125.541419,50.83455736],[-125.5416693,50.83447226],[-125.54191915,50.83438574],[-125.54215679,50.83428818],[-125.54237338,50.83417211],[-125.54258603,50.83405248],[-125.54280925,50.83394139],[-125.54298212,50.83387089],[-125.54306426,50.83383813],[-125.54323671,50.83377796],[-125.54329837,50.83375624],[-125.5435676,50.83370711],[-125.54373016,50.83369251],[-125.54385026,50.83368183],[-125.54413336,50.83365797],[-125.54443854,50.83364693],[-125.5446294,50.83363091],[-125.54472728,50.83362308],[-125.54492185,50.83352481],[-125.54494942,50.83349063],[-125.54504587,50.83336993],[-125.5451355,50.83318905],[-125.54519839,50.83305126],[-125.54521848,50.83300675],[-125.54530804,50.83283549],[-125.54539,50.83265533],[-125.54545818,50.8324887],[-125.54552407,50.83231387],[-125.5455837,50.83213798],[-125.5456386,50.83196138],[-125.54565995,50.83188234],[-125.54568317,50.83179582],[-125.54572405,50.83160604],[-125.54575951,50.83142766],[-125.54578246,50.83127669],[-125.54578736,50.8312475],[-125.54585753,50.83107552],[-125.54593011,50.83103208],[-125.54606341,50.83095233],[-125.54614799,50.8309121],[-125.54629069,50.83084338],[-125.54649792,50.8307209],[-125.54672502,50.8306123],[-125.54695099,50.8305037],[-125.54715966,50.8303652],[-125.5473039,50.83022349],[-125.54741608,50.83004974],[-125.54741945,50.82999419],[-125.54742525,50.82987919],[-125.54728723,50.82971825],[-125.54710709,50.82958651],[-125.54687643,50.82946617],[-125.54666787,50.8293444],[-125.54650175,50.82919984],[-125.54635431,50.82904567],[-125.5462133,50.82888865],[-125.54608047,50.82872985],[-125.54595706,50.82856785],[-125.54582587,50.82840798],[-125.54569581,50.82824811],[-125.54558278,50.82808326],[-125.54550682,50.82790452],[-125.54543188,50.82772721],[-125.54530705,50.82757411],[-125.54508151,50.82746907],[-125.54481106,50.82738611],[-125.54459884,50.8272768],[-125.54452467,50.82710732],[-125.54447438,50.82692324],[-125.5443623,50.82677299],[-125.5442188,50.82660351],[-125.54407506,50.82644756],[-125.54392709,50.82629338],[-125.54377804,50.82614028],[-125.5436233,50.82598967],[-125.5434645,50.82584049],[-125.54330553,50.82569166],[-125.54315023,50.82554105],[-125.54299787,50.82538901],[-125.54284404,50.82523769],[-125.54268565,50.82508174],[-125.54253746,50.82493398],[-125.54238713,50.82478123],[-125.54224014,50.82462742],[-125.54209833,50.82447218],[-125.54196431,50.8243148],[-125.54188895,50.82413962],[-125.54185335,50.82405595],[-125.54181438,50.82396516],[-125.54166671,50.82381277],[-125.54149238,50.82366429],[-125.54129858,50.82352828],[-125.54108809,50.82341541],[-125.54081938,50.82338088],[-125.54057771,50.82337233],[-125.54052558,50.82337055],[-125.54025064,50.82332426],[-125.53998373,50.82326231],[-125.53971436,50.82319609],[-125.53946837,50.82310921],[-125.53925988,50.822991],[-125.53920715,50.82295504],[-125.5390667,50.82285962],[-125.53888199,50.82272111],[-125.53869892,50.82258154],[-125.53851302,50.82244553],[-125.53833096,50.82230738],[-125.53814964,50.82216887],[-125.53796285,50.82203357],[-125.53777528,50.821894],[-125.53756907,50.82177223],[-125.53730753,50.82171206],[-125.53716335,50.82169176],[-125.53702638,50.82167289],[-125.53676526,50.82156109],[-125.53675758,50.8215205],[-125.53674523,50.82145428],[-125.536738,50.82141511],[-125.53688181,50.82126379],[-125.53706182,50.82110748],[-125.53719776,50.82094548],[-125.53728791,50.82077315],[-125.53733952,50.82059655],[-125.5373433,50.82041745],[-125.53732363,50.8203028],[-125.5373128,50.82023693],[-125.53726168,50.82006069],[-125.53718941,50.81988622],[-125.53711196,50.81971318],[-125.53702571,50.81954085],[-125.53695238,50.81936745],[-125.53691361,50.81919014],[-125.53689891,50.81900962],[-125.53689131,50.81882839],[-125.53687402,50.81864858],[-125.53682842,50.81847376],[-125.53671766,50.81830677],[-125.5365633,50.81815438],[-125.53633954,50.81803404],[-125.53617799,50.81789553],[-125.53611492,50.81772427],[-125.53610291,50.8176609],[-125.53608034,50.81754411],[-125.53604977,50.81736146],[-125.53599896,50.81718343],[-125.53591685,50.81701074],[-125.53580887,50.81684269],[-125.53567998,50.81669599],[-125.53550282,50.81654182],[-125.53530977,50.81640795],[-125.53509916,50.81628725],[-125.53487392,50.81617829],[-125.53463887,50.81607575],[-125.534402,50.81597463],[-125.53417096,50.8158696],[-125.53401361,50.81578842],[-125.53395227,50.81575637],[-125.53375194,50.81563068],[-125.53368817,50.81558369],[-125.53356765,50.81549503],[-125.53339261,50.81535296],[-125.53322158,50.81520841],[-125.5330478,50.81506492],[-125.53301518,50.81503999],[-125.53286582,50.81492677],[-125.53266456,50.81479717],[-125.532455,50.81467077],[-125.53225599,50.81454117],[-125.53208502,50.81440124],[-125.53194866,50.81423603],[-125.53185292,50.81407901],[-125.531773,50.81390419],[-125.53170888,50.8137258],[-125.53165343,50.81354813],[-125.53160441,50.81337118],[-125.53156435,50.81319315],[-125.53153269,50.81301406],[-125.5315087,50.81283425],[-125.53149147,50.81265444],[-125.53148084,50.81247499],[-125.5314924,50.81229625],[-125.53152499,50.81211716],[-125.53156209,50.81193807],[-125.53159451,50.81175933],[-125.53160771,50.81169631],[-125.531632,50.81158059],[-125.53167118,50.81140185],[-125.53170642,50.81122311],[-125.53173208,50.81104437],[-125.5317414,50.81086564],[-125.53171652,50.81068654],[-125.53167192,50.81050745],[-125.53163504,50.81032871],[-125.53163428,50.81030201],[-125.53163236,50.81015033],[-125.53167702,50.80997195],[-125.53170093,50.80990892],[-125.53174478,50.80979356],[-125.53180656,50.80961589],[-125.53183408,50.80944036],[-125.53180589,50.80926233],[-125.53172558,50.80908253],[-125.53159631,50.8089191],[-125.53141945,50.80878807],[-125.5311931,50.80868161],[-125.53094129,50.80858833],[-125.53068977,50.80849682],[-125.53044162,50.80840888],[-125.53018742,50.80832769],[-125.52994361,50.80823655],[-125.52972908,50.80811834],[-125.52953292,50.8079841],[-125.52931991,50.80786625],[-125.52907039,50.80778472],[-125.52881409,50.8077103],[-125.52855548,50.80763838],[-125.52829398,50.80756895],[-125.52803124,50.80750094],[-125.52776708,50.80743472],[-125.52750203,50.8073692],[-125.52723607,50.8073044],[-125.52697011,50.8072396],[-125.52670432,50.80717444],[-125.52643927,50.80710893],[-125.52617489,50.80704199],[-125.52591233,50.80697363],[-125.52565118,50.80690349],[-125.52559461,50.80688746],[-125.52539236,50.80683085],[-125.52514094,50.8067486],[-125.52490012,50.80663004],[-125.52468987,50.8065218],[-125.52444912,50.80643492],[-125.52417302,50.80640786],[-125.52388203,50.80640252],[-125.52360245,50.80636976],[-125.52332489,50.80632454],[-125.52306001,50.80626224],[-125.5228346,50.80617393],[-125.52259938,50.8060543],[-125.52236624,50.80595033],[-125.52212748,50.80584637],[-125.5218843,50.8057481],[-125.52163192,50.80567261],[-125.52136323,50.8056395],[-125.52105753,50.80565196],[-125.52078729,50.80567511],[-125.5205035,50.80570893],[-125.52021779,50.80575735],[-125.5199368,50.80579474],[-125.51966624,50.80579616],[-125.519409,50.80574382],[-125.51916209,50.80564983],[-125.51892642,50.80553589],[-125.51870235,50.80542124],[-125.51848719,50.80530446],[-125.51828,50.80518162],[-125.51807841,50.80505415],[-125.5179598,50.80497582],[-125.51788139,50.80492419],[-125.51768544,50.80479316],[-125.51748313,50.80466249],[-125.51727891,50.80453111],[-125.51707892,50.80439795],[-125.51689061,50.80426158],[-125.51671977,50.80412165],[-125.51657347,50.80397638],[-125.51653068,50.80380904],[-125.51657925,50.80362033],[-125.51660424,50.80343732],[-125.51663244,50.80325466],[-125.51664199,50.8030745],[-125.51659202,50.80290217],[-125.51648907,50.80273696],[-125.51635945,50.80257567],[-125.5162255,50.80241402],[-125.5161096,50.80224881],[-125.51602748,50.80207186],[-125.51599043,50.8019597],[-125.51596591,50.80188493],[-125.51590337,50.80170121],[-125.51581943,50.80153279],[-125.515692,50.80139286],[-125.51560228,50.80137079],[-125.51545003,50.8013334],[-125.51513554,50.80132308],[-125.51484785,50.80128854],[-125.51456553,50.80124866],[-125.51429079,50.80119882],[-125.51404111,50.80112369],[-125.51398566,50.80109592],[-125.51380662,50.80100619],[-125.51364251,50.80085701],[-125.51358844,50.80068859],[-125.51358688,50.80050344],[-125.51361686,50.80036779],[-125.51362792,50.80031759],[-125.51370878,50.80014739],[-125.51388014,50.79999999],[-125.51408001,50.79986718],[-125.51422141,50.79971764],[-125.51418895,50.79952644],[-125.51425614,50.79936835],[-125.51447503,50.79925584],[-125.51473471,50.79915579],[-125.51497762,50.79905075],[-125.51514576,50.79892186],[-125.51520008,50.79875416],[-125.51518081,50.79856367],[-125.5151458,50.79837781],[-125.51511636,50.79819445],[-125.5150571,50.79801571],[-125.5149349,50.79785904],[-125.51476396,50.79771947],[-125.51456753,50.79758844],[-125.51435874,50.79746205],[-125.51415074,50.79733636],[-125.51394924,50.79720533],[-125.51372688,50.79709674],[-125.51344829,50.79707502],[-125.51316349,50.79705686],[-125.51288213,50.79702446],[-125.51260136,50.79700025],[-125.51231993,50.79700096],[-125.51203665,50.79702553],[-125.51175374,50.79705757],[-125.5114725,50.79708143],[-125.51119378,50.79708],[-125.51091841,50.79702802],[-125.51084758,50.79700416],[-125.51066678,50.79694292],[-125.51045782,50.79682044],[-125.5103759,50.79675386],[-125.51028207,50.79667802],[-125.5102181,50.79661749],[-125.51012404,50.79652919],[-125.50997295,50.79637644],[-125.50982113,50.79622405],[-125.50961379,50.79589933],[-125.50952175,50.79572914],[-125.50943305,50.79555788],[-125.5093559,50.79538484],[-125.50930637,50.79520823],[-125.50929471,50.79502665],[-125.50923593,50.79485289],[-125.50913393,50.79468591],[-125.50901665,50.79452141],[-125.50888843,50.79435976],[-125.50875378,50.79420096],[-125.50859261,50.79405284],[-125.50840415,50.7939147],[-125.50827265,50.79375875],[-125.50817729,50.79358143],[-125.50812588,50.79340056],[-125.50815373,50.79323179],[-125.50828512,50.79307263],[-125.50844171,50.79294908],[-125.50847155,50.79292558],[-125.50866591,50.79279491],[-125.50888297,50.79267919],[-125.50910772,50.79256739],[-125.50932203,50.79244918],[-125.50952779,50.79232528],[-125.50973317,50.79220102],[-125.5099454,50.79207889],[-125.51015912,50.79196424],[-125.51037909,50.79185066],[-125.5106008,50.79173815],[-125.51082313,50.7916267],[-125.51104602,50.79151526],[-125.5112734,50.79140738],[-125.51138854,50.79135041],[-125.51149651,50.79129664],[-125.5117089,50.79117772],[-125.51191544,50.79105453],[-125.51212159,50.79093098],[-125.51233066,50.79080956],[-125.51254243,50.79068957],[-125.51275499,50.7905703],[-125.51296894,50.7904528],[-125.51320588,50.79033317],[-125.51343068,50.79023418],[-125.51364243,50.79011775],[-125.51378712,50.78996964],[-125.51387076,50.78979375],[-125.51392349,50.78961536],[-125.51392413,50.7894352],[-125.51391903,50.7893882],[-125.51390337,50.78925504],[-125.51387235,50.7890763],[-125.51384077,50.78889756],[-125.51382361,50.78871811],[-125.5138224,50.78853831],[-125.5138253,50.78835814],[-125.51381884,50.78817869],[-125.51379009,50.78799995],[-125.51373756,50.78782264],[-125.51368148,50.78764568],[-125.51364248,50.78746837],[-125.51363417,50.78728927],[-125.51364423,50.78710947],[-125.51366668,50.78692966],[-125.51369516,50.78675021],[-125.51372932,50.78657183],[-125.51377102,50.78639416],[-125.51381667,50.78621649],[-125.51386176,50.78603882],[-125.51389514,50.78585972],[-125.51393268,50.78568134],[-125.51403162,50.78551471],[-125.51411101,50.78541359],[-125.51415858,50.78535306],[-125.5142766,50.78518892],[-125.51437639,50.78502051],[-125.5144741,50.78485174],[-125.51453085,50.7847638],[-125.51458188,50.78468546],[-125.51470124,50.78452204],[-125.51484125,50.78436608],[-125.51500475,50.78421868],[-125.51519023,50.78408302],[-125.515282,50.78402427],[-125.51538958,50.78395484],[-125.51558797,50.78382631],[-125.51577592,50.78369137],[-125.51595982,50.78355429],[-125.51615108,50.78342183],[-125.51635414,50.7832965],[-125.5165632,50.78317509],[-125.51667763,50.78311136],[-125.51677613,50.78305617],[-125.5169916,50.78293903],[-125.51720941,50.78282402],[-125.51743346,50.78271365],[-125.51766026,50.78260576],[-125.51788918,50.7824993],[-125.51806997,50.78241812],[-125.5181203,50.78239534],[-125.51835023,50.7822903],[-125.51857366,50.78217886],[-125.51879417,50.78206527],[-125.51902651,50.78196344],[-125.51927478,50.78187657],[-125.51952938,50.78179645],[-125.51978476,50.78171706],[-125.52004563,50.7816462],[-125.52032269,50.78160739],[-125.52060426,50.78161914],[-125.52088444,50.78165261],[-125.52116662,50.78166543],[-125.52145039,50.78164905],[-125.52172381,50.7816049],[-125.52199151,50.7815433],[-125.52225842,50.78148099],[-125.52252515,50.78141904],[-125.52256513,50.78140729],[-125.52278164,50.7813432],[-125.52302251,50.78124707],[-125.52323958,50.78113242],[-125.52327671,50.78110073],[-125.52340806,50.7809875],[-125.52363799,50.78088247],[-125.52388361,50.78079168],[-125.52414341,50.78071833],[-125.52434077,50.7806813],[-125.52441443,50.78066741],[-125.52469054,50.78062469],[-125.52496209,50.78056914],[-125.52519081,50.7804666],[-125.52540227,50.78034483],[-125.52562495,50.78023374],[-125.52584954,50.78012336],[-125.52606773,50.78000872],[-125.52617228,50.77994676],[-125.5262748,50.77988552],[-125.52649826,50.77977515],[-125.52656116,50.77974844],[-125.52673401,50.77967438],[-125.52698069,50.77958608],[-125.52723932,50.77950811],[-125.52750715,50.77944971],[-125.5277855,50.7794223],[-125.52807218,50.77941981],[-125.52820921,50.77942764],[-125.52835412,50.77943547],[-125.52863224,50.77947321],[-125.52890387,50.77952804],[-125.52916509,50.77959641],[-125.52942295,50.77967296],[-125.52968144,50.77974702],[-125.52994634,50.77981004],[-125.53021617,50.77986629],[-125.5304898,50.77991579],[-125.5307651,50.77995709],[-125.53104387,50.77998878],[-125.53132493,50.78001334],[-125.53160684,50.78003613],[-125.53190101,50.7800639],[-125.53216712,50.78009381],[-125.53244595,50.78012657],[-125.53272592,50.78015577],[-125.53300822,50.78017891],[-125.53329735,50.78019956],[-125.53357868,50.78019885],[-125.53375013,50.78013476],[-125.53381944,50.78010877],[-125.53404868,50.7800404],[-125.53430658,50.78010983],[-125.53457422,50.78019422],[-125.53465712,50.78020454],[-125.53485012,50.7802284],[-125.53513524,50.78023623],[-125.5354197,50.78024193],[-125.53570321,50.78024727],[-125.53593931,50.78025048],[-125.53598683,50.78025119],[-125.53627045,50.7802551],[-125.53655396,50.78026044],[-125.53683695,50.78026685],[-125.53712068,50.78027291],[-125.53740418,50.78027825],[-125.53768903,50.7802843],[-125.5379773,50.78029498],[-125.53826067,50.78029356],[-125.5385228,50.78024941],[-125.53875401,50.78013689],[-125.53900457,50.78004396],[-125.53926475,50.77998272],[-125.53953962,50.78003435],[-125.53974331,50.78015826],[-125.53997767,50.78026045],[-125.54023544,50.78033486],[-125.54051182,50.78037865],[-125.54079588,50.78039931],[-125.5410768,50.78039005],[-125.54135775,50.78035836],[-125.54163452,50.78031421],[-125.54167584,50.78030317],[-125.54189591,50.78024335],[-125.54194904,50.78020882],[-125.54209221,50.78011553],[-125.54226728,50.77997204],[-125.54245032,50.77983425],[-125.54266469,50.77971925],[-125.54290181,50.77962026],[-125.5431469,50.77952698],[-125.54338817,50.77943227],[-125.54363145,50.77934041],[-125.54387412,50.77924748],[-125.54411516,50.77915205],[-125.54435345,50.77905414],[-125.54457844,50.77894519],[-125.54477979,50.77881737],[-125.54499293,50.77870022],[-125.54524048,50.77861121],[-125.54550415,50.77854498],[-125.54577883,50.77850048],[-125.5460577,50.77846487],[-125.54633672,50.77843247],[-125.5466163,50.77840363],[-125.54689816,50.77837942],[-125.54718185,50.77836197],[-125.54746326,50.7783399],[-125.54773864,50.77830216],[-125.54800409,50.77824163],[-125.54826458,50.77816792],[-125.54852472,50.77809493],[-125.54878476,50.77801981],[-125.54905472,50.77797103],[-125.54933972,50.77796498],[-125.54962057,50.77798527],[-125.54990069,50.77801767],[-125.55018208,50.77804153],[-125.55035675,50.77805541],[-125.55046568,50.77806431],[-125.5507487,50.77807535],[-125.55090876,50.77806681],[-125.55102838,50.7780604],[-125.5513052,50.77801375],[-125.55156786,50.7779461],[-125.55181209,50.77785104],[-125.55205704,50.77775918],[-125.55232252,50.77770328],[-125.55260087,50.77766874],[-125.55288491,50.77764702],[-125.55316942,50.77763491],[-125.55345192,50.77763527],[-125.55373504,50.77764845],[-125.55401861,50.77766304],[-125.55430205,50.77766732],[-125.55458698,50.77766376],[-125.55487154,50.77765272],[-125.55509465,50.77763242],[-125.55515109,50.77762744],[-125.55542346,50.77758186],[-125.55569075,50.77752098],[-125.55595548,50.77745368],[-125.55622132,50.77738995],[-125.55637608,50.77735363],[-125.5564876,50.77732764],[-125.55675232,50.77726391],[-125.55701457,50.7771959],[-125.55726647,50.77710831],[-125.55752138,50.77703212],[-125.5578051,50.77700399],[-125.55809143,50.77701752],[-125.5583311,50.77710155],[-125.55852705,50.77723934],[-125.55862886,50.77735969],[-125.55867029,50.77740847],[-125.55883783,50.77754092],[-125.55910179,50.77755765],[-125.55940263,50.77753024],[-125.55968717,50.77752632],[-125.55996775,50.77755658],[-125.56024802,50.77758044],[-125.56052938,50.77756905],[-125.56081165,50.77755338],[-125.56092913,50.77754555],[-125.56109376,50.77753451],[-125.56137543,50.77751421],[-125.56165778,50.77749249],[-125.56194835,50.77747006],[-125.56222197,50.77745012],[-125.5625043,50.77743197],[-125.56278775,50.77741737],[-125.56307019,50.77740134],[-125.56335114,50.77737785],[-125.56363173,50.77734331],[-125.56390877,50.77729382],[-125.56415871,50.7772162],[-125.56435988,50.77707805],[-125.56437357,50.7770282],[-125.56440558,50.77691177],[-125.56434953,50.77672983],[-125.56430389,50.77654967],[-125.5642668,50.77637164],[-125.56423473,50.77619255],[-125.56419225,50.77601167],[-125.56416464,50.77583151],[-125.5641849,50.77569372],[-125.56419061,50.77565704],[-125.5642862,50.77549006],[-125.56435239,50.7754046],[-125.56441326,50.77532556],[-125.5645231,50.77515821],[-125.56460267,50.77498589],[-125.56462204,50.77493711],[-125.56467256,50.77481142],[-125.56474492,50.77463767],[-125.56482466,50.77446498],[-125.56485501,50.77440267],[-125.56490778,50.7742923],[-125.56498695,50.77411961],[-125.56505763,50.77394586],[-125.56511396,50.77377032],[-125.56514857,50.77359194],[-125.56516657,50.77341178],[-125.56517501,50.77323162],[-125.56517072,50.77305217],[-125.56515196,50.77287236],[-125.56513641,50.77269291],[-125.56513511,50.7725131],[-125.56513887,50.7723333],[-125.56514827,50.77215349],[-125.56516426,50.77197404],[-125.56519173,50.7717953],[-125.56523462,50.77161727],[-125.56527639,50.77143925],[-125.56529671,50.77126015],[-125.56529272,50.77107892],[-125.56529987,50.77089912],[-125.56535306,50.7707243],[-125.56544323,50.77055339],[-125.56552499,50.77041417],[-125.56554318,50.7703832],[-125.56562845,50.77021194],[-125.56567579,50.7700364],[-125.56568633,50.7698566],[-125.56568105,50.76967572],[-125.56567842,50.7694952],[-125.56567376,50.7693154],[-125.56564906,50.7691363],[-125.56559834,50.76895863],[-125.56558261,50.76890558],[-125.56554464,50.76878132],[-125.56551419,50.76860365],[-125.56551213,50.76842313],[-125.56552427,50.76824119],[-125.56555357,50.76806102],[-125.56560266,50.76788656],[-125.56576198,50.76774058],[-125.56590946,50.76758641],[-125.56598467,50.76741265],[-125.56599753,50.76723391],[-125.56599476,50.76719261],[-125.56598551,50.76705304],[-125.56596922,50.76687288],[-125.56594898,50.76669271],[-125.56590768,50.7665154],[-125.56582206,50.76634485],[-125.56570905,50.76617858],[-125.56563143,50.7660066],[-125.56561813,50.76582608],[-125.56566977,50.76564984],[-125.56573853,50.7654743],[-125.56580313,50.76529806],[-125.56579938,50.7651211],[-125.56574402,50.76494379],[-125.56569801,50.76476576],[-125.56567914,50.76458631],[-125.56564214,50.76440828],[-125.56559411,50.76423097],[-125.56552518,50.76405615],[-125.56548616,50.76387883],[-125.56548283,50.76369867],[-125.56551204,50.76351993],[-125.56554519,50.76334119],[-125.56555166,50.76316174],[-125.56558481,50.762983],[-125.56561628,50.76280427],[-125.56564735,50.76262517],[-125.56567898,50.76244608],[-125.56571118,50.76226698],[-125.56574659,50.76208825],[-125.56578504,50.76191022],[-125.56582725,50.76173255],[-125.56587515,50.76155595],[-125.56592946,50.76138006],[-125.56600172,50.76120666],[-125.56609137,50.76103575],[-125.5661899,50.76086627],[-125.56628899,50.76069679],[-125.56638015,50.76052624],[-125.56645545,50.76035356],[-125.56650751,50.76017767],[-125.56654051,50.75999929],[-125.56656141,50.75981912],[-125.56657669,50.75963896],[-125.56659179,50.75945915],[-125.56659716,50.7592797],[-125.56659724,50.75909954],[-125.56659884,50.75891974],[-125.56660399,50.75873957],[-125.5666029,50.75855834],[-125.56660445,50.75837747],[-125.56661732,50.75819766],[-125.56665172,50.75802106],[-125.56671859,50.75784837],[-125.56681865,50.75767925],[-125.56693766,50.75751404],[-125.56706206,50.75735168],[-125.56719472,50.75719324],[-125.56733632,50.75703729],[-125.56748079,50.7568824],[-125.5676243,50.75672717],[-125.56776072,50.75656908],[-125.56788356,50.75640529],[-125.56800409,50.75624044],[-125.5681327,50.75607986],[-125.56828205,50.7559289],[-125.56845829,50.7557911],[-125.56865162,50.75566114],[-125.56885741,50.75553688],[-125.56907185,50.75541689],[-125.56929038,50.75530011],[-125.56951031,50.7551851],[-125.56973035,50.75507223],[-125.56995566,50.75496364],[-125.57018562,50.75485825],[-125.57041715,50.75475428],[-125.57064869,50.75465031],[-125.57087826,50.75454456],[-125.57110373,50.75443561],[-125.57115156,50.75441211],[-125.57132707,50.75432524],[-125.5715494,50.75421344],[-125.57177157,50.75410199],[-125.57199642,50.75399197],[-125.57209641,50.75394533],[-125.57222611,50.7538848],[-125.57245753,50.7537787],[-125.57268682,50.75367117],[-125.57291112,50.75356115],[-125.57312727,50.75344579],[-125.57333147,50.75332366],[-125.57351539,50.75318979],[-125.57367709,50.75304238],[-125.57382605,50.7528875],[-125.5739704,50.75273048],[-125.57411828,50.75257666],[-125.57426161,50.75242178],[-125.57440129,50.75226512],[-125.57454193,50.75210881],[-125.57468868,50.751955],[-125.57484291,50.75180439],[-125.57500096,50.7516552],[-125.57516092,50.75150673],[-125.57532222,50.75135896],[-125.57548409,50.7512112],[-125.57564405,50.75106273],[-125.5758021,50.75091354],[-125.57595745,50.75076293],[-125.5761105,50.75061125],[-125.57625647,50.75045673],[-125.57638895,50.75029864],[-125.57648906,50.75013058],[-125.57657872,50.74995968],[-125.57659497,50.74977987],[-125.57660881,50.74960042],[-125.57661775,50.74942062],[-125.57662033,50.74924116],[-125.5766169,50.74906136],[-125.5766084,50.74888155],[-125.5765954,50.74870175],[-125.57658055,50.7485223],[-125.57656474,50.74834249],[-125.57655321,50.74816197],[-125.57653679,50.7479811],[-125.57650494,50.74780307],[-125.57644662,50.7476286],[-125.57636759,50.74745627],[-125.57627421,50.74728573],[-125.57616894,50.74711767],[-125.57605444,50.74695246],[-125.5759335,50.7467901],[-125.57580734,50.7466281],[-125.57567448,50.74646716],[-125.57553299,50.74631014],[-125.5753805,50.74615846],[-125.57521527,50.74601462],[-125.57501974,50.74588822],[-125.57479223,50.74577927],[-125.57455795,50.74567388],[-125.57434004,50.7455578],[-125.57413168,50.74543354],[-125.57392049,50.74531284],[-125.57369337,50.7452078],[-125.57344266,50.74512734],[-125.57317642,50.74506289],[-125.57290746,50.74500058],[-125.57264958,50.74492688],[-125.57240676,50.74483466],[-125.57217113,50.74473212],[-125.5719463,50.74461996],[-125.5717381,50.7444989],[-125.57156376,50.74436004],[-125.57142812,50.74419911],[-125.57128243,50.74404387],[-125.57108485,50.74391711],[-125.5708492,50.74380994],[-125.57061287,50.7437042],[-125.57041201,50.74358314],[-125.57028055,50.7434311],[-125.57020446,50.74325628],[-125.57013397,50.74307683],[-125.57002453,50.74291055],[-125.56989571,50.74275069],[-125.56976188,50.74259189],[-125.56962399,50.74243451],[-125.56948368,50.74227749],[-125.56934321,50.74212083],[-125.56920347,50.74196381],[-125.56906688,50.74180608],[-125.56893475,50.74164728],[-125.56880893,50.74148706],[-125.56870017,50.74132292],[-125.56865062,50.7411456],[-125.56861143,50.74096544],[-125.56844584,50.74076961],[-125.5683113,50.74061117],[-125.56818195,50.7404513],[-125.56806701,50.74028716],[-125.56798049,50.74011305],[-125.56789881,50.73993823],[-125.56782921,50.73983569],[-125.56778861,50.7397748],[-125.56776155,50.73975023],[-125.56762942,50.73963024],[-125.56747796,50.73951773],[-125.56744684,50.73949459],[-125.56724843,50.73936499],[-125.56704009,50.73923965],[-125.56682927,50.73911717],[-125.56661962,50.73899576],[-125.56640004,50.73888218],[-125.56617266,50.73877429],[-125.56594709,50.73866499],[-125.56573169,50.73854856],[-125.56552753,50.73842394],[-125.56532681,50.73829683],[-125.56512208,50.73817221],[-125.56490178,50.73805898],[-125.56464253,50.73795893],[-125.56442306,50.73785924],[-125.5643454,50.73779586],[-125.56425312,50.73772074],[-125.5641075,50.73756906],[-125.56397266,50.73741133],[-125.56384533,50.73724968],[-125.56372053,50.73708625],[-125.56359501,50.73692318],[-125.56346379,50.7367626],[-125.56331972,50.73660772],[-125.56314721,50.73645817],[-125.56298592,50.73631575],[-125.56285318,50.73615838],[-125.56273622,50.73599388],[-125.56263127,50.73582547],[-125.56254232,50.73565421],[-125.56247239,50.73548081],[-125.56241564,50.73530456],[-125.56237039,50.73512547],[-125.56233785,50.73494566],[-125.56231865,50.73476621],[-125.56231485,50.73458747],[-125.56234027,50.73440767],[-125.56239875,50.73422929],[-125.56248628,50.73405838],[-125.56259752,50.73389317],[-125.56272787,50.73373152],[-125.56287709,50.73357629],[-125.56304312,50.73343173],[-125.56324135,50.73330569],[-125.56347206,50.73319638],[-125.56370109,50.73308707],[-125.56389628,50.73296032],[-125.56405059,50.73280971],[-125.56417325,50.73264414],[-125.56426629,50.73247466],[-125.56432493,50.73229948],[-125.56434884,50.73217095],[-125.56435822,50.73211968],[-125.56438269,50.73193951],[-125.56438247,50.73175686],[-125.56437438,50.7315742],[-125.56440434,50.73139903],[-125.56452117,50.73124094],[-125.56470335,50.73109674],[-125.56488539,50.73095752],[-125.56507404,50.73082329],[-125.56526577,50.73069084],[-125.56545307,50.73055589],[-125.56563595,50.73041846],[-125.56581747,50.73028031],[-125.56600017,50.73014323],[-125.56610261,50.73006917],[-125.56618708,50.73000793],[-125.56637612,50.72987405],[-125.56658269,50.72973413],[-125.56677097,50.72961592],[-125.56698265,50.72949699],[-125.56720111,50.7293827],[-125.56742345,50.7292709],[-125.56764695,50.72916017],[-125.56769219,50.72913738],[-125.56786872,50.72904837],[-125.56809413,50.72893835],[-125.56831725,50.72882726],[-125.56851889,50.72870229],[-125.56870445,50.72856627],[-125.56888384,50.7284267],[-125.56906631,50.72828891],[-125.56926017,50.72815788],[-125.56946254,50.72803255],[-125.56966952,50.72790936],[-125.56987458,50.72778545],[-125.57007825,50.72765976],[-125.57028248,50.72753408],[-125.57047942,50.72740483],[-125.57065599,50.72726526],[-125.57078347,50.72710254],[-125.57080386,50.7269708],[-125.57081034,50.72692558],[-125.57083981,50.72674791],[-125.57093854,50.72657594],[-125.57108661,50.72642426],[-125.57128891,50.72630142],[-125.57151595,50.72619034],[-125.57173469,50.72607426],[-125.57194575,50.72595427],[-125.5721479,50.72582823],[-125.57233519,50.72569329],[-125.57251726,50.72555514],[-125.57270842,50.72542269],[-125.57291991,50.72530412],[-125.57314688,50.72519553],[-125.57333815,50.72510509],[-125.57337463,50.72508764],[-125.57359,50.72497157],[-125.57378406,50.72484125],[-125.57396518,50.72470275],[-125.57411225,50.72458952],[-125.57414608,50.72456353],[-125.57433909,50.72443073],[-125.57453956,50.72430112],[-125.57457847,50.72427157],[-125.57472055,50.72416404],[-125.57485553,50.72400916],[-125.57494391,50.72383647],[-125.57501133,50.72366058],[-125.57503321,50.72355626],[-125.57504846,50.7234822],[-125.5750835,50.72330346],[-125.57515328,50.72312971],[-125.57523363,50.72295738],[-125.57531965,50.72278612],[-125.57540831,50.72261521],[-125.57549714,50.72244395],[-125.57558316,50.72227269],[-125.57565678,50.7220968],[-125.57572809,50.72191984],[-125.57581372,50.72174823],[-125.57592832,50.72158658],[-125.57608243,50.72143989],[-125.57626707,50.72130459],[-125.57646732,50.72117427],[-125.57666813,50.72104396],[-125.57685401,50.72090723],[-125.5770179,50.72076125],[-125.57717484,50.720611],[-125.57732623,50.72045825],[-125.5774711,50.72030265],[-125.57760761,50.72014457],[-125.57773463,50.71998399],[-125.57785087,50.71982127],[-125.57794045,50.71967778],[-125.57795526,50.71965393],[-125.57799196,50.71958557],[-125.57804747,50.71948267],[-125.57812682,50.71930891],[-125.57819464,50.71913338],[-125.57824937,50.7189582],[-125.57827245,50.71877982],[-125.57826861,50.71859894],[-125.57826631,50.71852631],[-125.57826308,50.71841807],[-125.57828144,50.71823897],[-125.57836911,50.71806665],[-125.57841776,50.71793348],[-125.57843254,50.71789325],[-125.57841025,50.71771451],[-125.57840414,50.71768033],[-125.57837722,50.7175347],[-125.57839066,50.71743394],[-125.57840104,50.71735597],[-125.57843611,50.71717723],[-125.57843385,50.71699778],[-125.57842687,50.71681761],[-125.57841465,50.71663781],[-125.57839664,50.71645836],[-125.57837172,50.71627926],[-125.5783311,50.71610124],[-125.57826922,50.71592535],[-125.57818876,50.71575302],[-125.57808843,50.7155846],[-125.57796387,50.71541512],[-125.57782677,50.71526594],[-125.57766661,50.71511675],[-125.57751553,50.71496507],[-125.57740171,50.71479666],[-125.57742378,50.71462398],[-125.57753675,50.71445521],[-125.57766682,50.71429534],[-125.57779291,50.7141344],[-125.57789962,50.71396813],[-125.57798264,50.71379615],[-125.57807094,50.71362489],[-125.5781366,50.71345043],[-125.57818395,50.71327311],[-125.57822865,50.71309544],[-125.57832319,50.71289712],[-125.57828194,50.71276503],[-125.57803911,50.71273085],[-125.57774733,50.71272016],[-125.57743736,50.71271696],[-125.57713896,50.71270485],[-125.57685949,50.71267673],[-125.57658085,50.71264219],[-125.57630201,50.71261157],[-125.57602092,50.7125927],[-125.5757379,50.71258486],[-125.57545469,50.71258095],[-125.57517098,50.7125781],[-125.57488799,50.71257489],[-125.57459802,50.71257454],[-125.5743139,50.71256314],[-125.5740619,50.71250119],[-125.57385103,50.71237693],[-125.57363926,50.71225338],[-125.57342171,50.71213837],[-125.5732045,50.71202266],[-125.57299186,50.71190445],[-125.5727921,50.71177698],[-125.57260289,50.71164275],[-125.57239348,50.71152134],[-125.57217364,50.71140526],[-125.57193919,50.71130557],[-125.57168089,50.71123685],[-125.57140401,50.71119163],[-125.57112648,50.71115247],[-125.57084744,50.71112113],[-125.57056793,50.71109194],[-125.57029123,50.71105455],[-125.57001384,50.7110104],[-125.56974055,50.7109577],[-125.56948492,50.71088578],[-125.56926986,50.71077149],[-125.56906721,50.71064189],[-125.56883351,50.71054184],[-125.56858562,50.71045496],[-125.56833395,50.71037129],[-125.5680864,50.7102837],[-125.56784113,50.71019255],[-125.56760902,50.71009036],[-125.56753997,50.71004443],[-125.56741173,50.70995898],[-125.56719691,50.7098454],[-125.5669396,50.70977347],[-125.56667008,50.70971295],[-125.56640889,50.70964209],[-125.56617114,50.7095634],[-125.56590979,50.70947297],[-125.5656786,50.70939001],[-125.56541847,50.70929352],[-125.56517467,50.70920165],[-125.56493377,50.7091073],[-125.56469642,50.70900903],[-125.56446304,50.7089072],[-125.56423921,50.70879718],[-125.56409415,50.70871636],[-125.56402545,50.7086779],[-125.56379359,50.70857643],[-125.5635395,50.70849667],[-125.56327673,50.70842795],[-125.56312574,50.70839698],[-125.56300765,50.70837241],[-125.56273583,50.70832256],[-125.56246875,50.70826168],[-125.56220712,50.70819296],[-125.56195824,50.70810822],[-125.56171571,50.70801493],[-125.56147069,50.70792449],[-125.5612255,50.70783441],[-125.56097997,50.70774504],[-125.56073065,50.70765888],[-125.56049123,50.70756381],[-125.56027646,50.70744667],[-125.56007107,50.70730532],[-125.55989984,50.70717714],[-125.55972647,50.70703116],[-125.55954536,50.70689194],[-125.559334,50.70677943],[-125.55907798,50.70670608],[-125.55885018,50.70665944],[-125.55880307,50.70664983],[-125.5585375,50.70658467],[-125.55827554,50.70651666],[-125.55801183,50.70645115],[-125.55774018,50.70639632],[-125.55743661,50.70637282],[-125.55720727,50.70630481],[-125.55713606,50.70613462],[-125.55710012,50.70594484],[-125.55704323,50.70576824],[-125.55698748,50.70559164],[-125.55694218,50.70541433],[-125.55691275,50.70523559],[-125.55689364,50.70505293],[-125.55690122,50.70487206],[-125.55695659,50.70469937],[-125.55706381,50.70453345],[-125.55720697,50.70437465],[-125.557372,50.70422297],[-125.55754767,50.70408661],[-125.55774204,50.70395344],[-125.55793989,50.70382242],[-125.55813201,50.70368925],[-125.5583068,50.70355004],[-125.55842751,50.7033923],[-125.55844077,50.70334246],[-125.55847722,50.70321036],[-125.55858678,50.70304658],[-125.55873321,50.70289383],[-125.55888896,50.70274393],[-125.55905059,50.70259582],[-125.55921621,50.70244877],[-125.55938223,50.70230207],[-125.55954599,50.70215538],[-125.55971625,50.70201153],[-125.55989016,50.70186947],[-125.56006081,50.70172598],[-125.56022115,50.70157822],[-125.56036289,50.7014212],[-125.56049336,50.70125955],[-125.56062959,50.70110111],[-125.56078543,50.70095335],[-125.56083106,50.70092273],[-125.56097814,50.70082481],[-125.56120199,50.70071337],[-125.56143603,50.70060762],[-125.56154646,50.70055208],[-125.56165853,50.70049546],[-125.5618508,50.7003655],[-125.5620214,50.70022095],[-125.56217205,50.70006642],[-125.56222522,50.70000019],[-125.56230088,50.69990584],[-125.5623884,50.69973529],[-125.56242148,50.6996032],[-125.56243452,50.69955264],[-125.56249706,50.69937675],[-125.56263197,50.69922222],[-125.56280387,50.6990855],[-125.5630021,50.69895482],[-125.56321332,50.69882985],[-125.56333841,50.69875899],[-125.5634266,50.69870879],[-125.56365291,50.69858168],[-125.56385864,50.69847166],[-125.56408713,50.69836342],[-125.56432603,50.69826978],[-125.56451584,50.69822919],[-125.56459099,50.69821317],[-125.56488202,50.69819358],[-125.56513845,50.69813484],[-125.56520354,50.69806719],[-125.56528952,50.6979771],[-125.56529731,50.6978005],[-125.56527856,50.69761714],[-125.56532233,50.69744053],[-125.56539959,50.69726678],[-125.56549896,50.6970973],[-125.56561566,50.69693387],[-125.56574679,50.69677436],[-125.56588414,50.69661592],[-125.5660183,50.69645712],[-125.56614202,50.69629547],[-125.56624699,50.69612955],[-125.56633901,50.695959],[-125.56642172,50.6957856],[-125.56649309,50.69561007],[-125.56655243,50.69543382],[-125.56659755,50.69525793],[-125.5666025,50.69508026],[-125.56655603,50.69490081],[-125.56650044,50.69472279],[-125.56641546,50.69454512],[-125.56633749,50.69436923],[-125.5663338,50.69419903],[-125.56644039,50.6940356],[-125.56659686,50.69387716],[-125.56674051,50.69372085],[-125.56688818,50.69356668],[-125.56703872,50.69341358],[-125.56718415,50.69325941],[-125.56731779,50.69310168],[-125.56743507,50.69293825],[-125.56753558,50.69276877],[-125.56761549,50.69259537],[-125.56767057,50.69241984],[-125.56770566,50.69224146],[-125.56772284,50.69206058],[-125.56772243,50.69188006],[-125.56770391,50.69170097],[-125.56766701,50.69152152],[-125.56761739,50.69134634],[-125.56756058,50.69116974],[-125.56750321,50.69099314],[-125.56745108,50.69081618],[-125.56740732,50.69063815],[-125.56736543,50.69045977],[-125.56733326,50.69028103],[-125.56731813,50.69010194],[-125.56731626,50.68992213],[-125.56731963,50.68974197],[-125.56732935,50.68956145],[-125.56734733,50.68938129],[-125.56737531,50.68920255],[-125.56741704,50.68902559],[-125.56750466,50.68885255],[-125.56757533,50.68874289],[-125.56761448,50.68868129],[-125.56770276,50.68851038],[-125.56772874,50.68833699],[-125.56771674,50.68820988],[-125.56771137,50.6881497],[-125.56768811,50.68805891],[-125.56766204,50.68795993],[-125.56757457,50.68778404],[-125.56744446,50.68763841],[-125.56727025,50.68755652],[-125.56723406,50.68753943],[-125.56694947,50.68748139],[-125.56664842,50.68744828],[-125.56636771,50.68743012],[-125.56609896,50.68743155],[-125.56579575,50.68744152],[-125.56551021,50.68744864],[-125.56523021,50.68744187],[-125.56496742,50.68739345],[-125.5647267,50.68729091],[-125.56446991,50.68721364],[-125.56420006,50.68715418],[-125.56405737,50.68713068],[-125.56391096,50.68710789],[-125.56364939,50.68709436],[-125.56336754,50.6871289],[-125.56307693,50.68716878],[-125.56278848,50.68720652],[-125.56264324,50.68720118],[-125.56252542,50.68719726],[-125.56231623,50.68709579],[-125.56213517,50.68694162],[-125.56193237,50.68681166],[-125.56170093,50.68669452],[-125.56148739,50.68658806],[-125.56136201,50.68651685],[-125.56127682,50.68646842],[-125.56108456,50.68633526],[-125.56093164,50.68618572],[-125.56082566,50.68601802],[-125.56070703,50.6858521],[-125.5605831,50.68568084],[-125.56044918,50.68557829],[-125.56041134,50.68554945],[-125.56015842,50.68548287],[-125.55986596,50.68545296],[-125.5595774,50.6854348],[-125.55926986,50.6854316],[-125.55895462,50.68543623],[-125.55865436,50.68543659],[-125.55860402,50.68543374],[-125.55839348,50.68542163],[-125.55820719,50.68537428],[-125.55832258,50.68520088],[-125.55849208,50.68502712],[-125.55865796,50.68488079],[-125.55881145,50.68472982],[-125.55893047,50.68456639],[-125.55905846,50.68440653],[-125.55921212,50.6842552],[-125.55937783,50.68410922],[-125.55955389,50.68396858],[-125.55974222,50.68383399],[-125.55994095,50.68370581],[-125.56014645,50.68358226],[-125.56035385,50.68345943],[-125.56056607,50.68333944],[-125.56078358,50.68322479],[-125.56101043,50.68311762],[-125.56124486,50.68301685],[-125.56148746,50.6829225],[-125.56173697,50.68283598],[-125.5619918,50.68275943],[-125.56225847,50.68270032],[-125.56253455,50.68265439],[-125.56281067,50.68260953],[-125.563078,50.68255256],[-125.56332992,50.68247387],[-125.56356921,50.68237703],[-125.56379725,50.68226736],[-125.56401241,50.68215058],[-125.56422166,50.68202738],[-125.56442006,50.68189636],[-125.56459802,50.68175643],[-125.56474022,50.68160439],[-125.56482637,50.681431],[-125.5649072,50.68125582],[-125.56504278,50.68110236],[-125.56524323,50.68097525],[-125.5654549,50.6808517],[-125.56562848,50.68071035],[-125.56579508,50.68056365],[-125.56595877,50.68041482],[-125.56611445,50.68026279],[-125.56625723,50.68010719],[-125.56638279,50.67994768],[-125.56648411,50.67978247],[-125.56655739,50.67961014],[-125.56661211,50.67943319],[-125.56665943,50.67925409],[-125.56670882,50.67907535],[-125.56677202,50.67889946],[-125.56684941,50.67872678],[-125.56693415,50.67855516],[-125.567024,50.67838461],[-125.56711649,50.67821442],[-125.56721391,50.67804565],[-125.56732042,50.67787902],[-125.56742884,50.6777131],[-125.56754405,50.67754825],[-125.56765813,50.67738339],[-125.56775785,50.67721569],[-125.56780413,50.67703411],[-125.56785038,50.67685608],[-125.56800261,50.67671473],[-125.56821879,50.67659581],[-125.56845433,50.67648685],[-125.56868562,50.67638324],[-125.56892651,50.67628889],[-125.56917308,50.67620023],[-125.56942461,50.67611763],[-125.56967954,50.67603965],[-125.56993463,50.67596132],[-125.57028074,50.67583741],[-125.57052831,50.67575018],[-125.57078089,50.67567007],[-125.57104321,50.67560242],[-125.57131009,50.67554047],[-125.57157306,50.67547495],[-125.57181743,50.67538736],[-125.57204827,50.67528233],[-125.57229536,50.6751926],[-125.57254595,50.67510608],[-125.5727923,50.67501671],[-125.57302724,50.67491951],[-125.57320828,50.67478599],[-125.5733766,50.67464037],[-125.5735819,50.67451717],[-125.57379105,50.67439647],[-125.57400345,50.67427719],[-125.57421741,50.67415934],[-125.57443272,50.6740422],[-125.57464824,50.67392577],[-125.5748844,50.67382251],[-125.5751064,50.67371249],[-125.57527749,50.67357043],[-125.57542813,50.67341483],[-125.57554921,50.67325176],[-125.57561883,50.67308121],[-125.57562931,50.67289927],[-125.57564508,50.67271804],[-125.57566296,50.67253823],[-125.57570342,50.67236056],[-125.57577082,50.67218645],[-125.57584726,50.67201341],[-125.5759269,50.67184073],[-125.57600502,50.67166768],[-125.57607692,50.67149358],[-125.5761486,50.67131875],[-125.57621539,50.67114358],[-125.5762696,50.67096769],[-125.57629265,50.67079002],[-125.57627213,50.6706095],[-125.57625683,50.67042862],[-125.57623712,50.67024526],[-125.5762624,50.67007115],[-125.57643682,50.66992801],[-125.57663452,50.66979841],[-125.57683802,50.66967308],[-125.57703577,50.66954454],[-125.57721488,50.66940568],[-125.57738207,50.66926006],[-125.57755351,50.66911728],[-125.5777412,50.66898163],[-125.57793818,50.66884882],[-125.57815279,50.6687331],[-125.57839828,50.66865014],[-125.57867665,50.66860279],[-125.57895738,50.66857857],[-125.5792412,50.66857715],[-125.57952545,50.66857715],[-125.57980354,50.66855258],[-125.58007205,50.66849419],[-125.58034348,50.66844256],[-125.58063126,50.6684212],[-125.5809188,50.66840268],[-125.58118066,50.66835462],[-125.58137538,50.66823],[-125.58155119,50.66808046],[-125.58178886,50.66799038],[-125.582058,50.66792949],[-125.58232831,50.66786967],[-125.58258354,50.6677828],[-125.58275997,50.66764714],[-125.58265691,50.66747588],[-125.58268645,50.66730925],[-125.58290054,50.66718641],[-125.58315549,50.66710594],[-125.58340476,50.66701978],[-125.58360378,50.66689089],[-125.58373196,50.66673173],[-125.58383106,50.66656296],[-125.58392691,50.66639277],[-125.58401597,50.66622151],[-125.58411283,50.66605274],[-125.58424629,50.6658943],[-125.58440363,50.66574226],[-125.58452706,50.66561052],[-125.58455116,50.66558026],[-125.58462026,50.66541897],[-125.58460863,50.66523631],[-125.58460232,50.66517934],[-125.58458968,50.66505722],[-125.58456521,50.66487207],[-125.58454482,50.66469832],[-125.58452262,50.6645178],[-125.58450549,50.66433728],[-125.58453426,50.66416175],[-125.58464015,50.66399404],[-125.58476153,50.66382919],[-125.58490267,50.66366648],[-125.58496436,50.66349842],[-125.584942,50.66331826],[-125.58490143,50.66320753],[-125.584876,50.66313774],[-125.58485619,50.66310534],[-125.58477377,50.66297182],[-125.58466161,50.6628885],[-125.58459033,50.66283581],[-125.58436369,50.66272187],[-125.58412582,50.66262431],[-125.58388015,50.66253245],[-125.58364662,50.66243169],[-125.58343074,50.66231526],[-125.58321609,50.66219278],[-125.58301514,50.66206282],[-125.5828405,50.66192253],[-125.58270405,50.66176943],[-125.58259874,50.66160529],[-125.5825131,50.66143296],[-125.58243872,50.66125707],[-125.58236637,50.66108047],[-125.58228742,50.66090707],[-125.58220308,50.66073438],[-125.58213774,50.66055956],[-125.58210709,50.66038154],[-125.58208537,50.66020244],[-125.58206849,50.66002264],[-125.58206296,50.65994537],[-125.58205611,50.65984283],[-125.58204783,50.65966267],[-125.58204404,50.65948251],[-125.58204402,50.6593027],[-125.58205,50.65912325],[-125.58207284,50.6589438],[-125.58210898,50.6587647],[-125.58212275,50.65871272],[-125.5821555,50.65858739],[-125.58222823,50.65841399],[-125.58226247,50.65835097],[-125.58232131,50.6582438],[-125.58242482,50.65807645],[-125.58252577,50.65790626],[-125.58262262,50.65773642],[-125.58267058,50.65756196],[-125.58266236,50.65738286],[-125.58262619,50.65720235],[-125.58256921,50.65702539],[-125.5824774,50.65685662],[-125.58235753,50.65669248],[-125.58224357,50.65652656],[-125.5821525,50.65635743],[-125.58211299,50.65617335],[-125.58217249,50.6560053],[-125.58235722,50.65586644],[-125.58251811,50.65571761],[-125.58259858,50.65554563],[-125.5826701,50.6553701],[-125.58278465,50.65520667],[-125.58286603,50.65511339],[-125.58292196,50.65504965],[-125.58306627,50.65489442],[-125.58320297,50.65473633],[-125.58332577,50.65457326],[-125.58346157,50.65441588],[-125.58350286,50.6543849],[-125.58364527,50.65427916],[-125.58388397,50.65418338],[-125.58416752,50.6541403],[-125.58427875,50.65397794],[-125.5841136,50.65384726],[-125.58387085,50.65374365],[-125.58363538,50.6536436],[-125.58339917,50.65354391],[-125.58316878,50.6534403],[-125.5830273,50.65337015],[-125.58294306,50.65332814],[-125.58274161,50.65320174],[-125.58261915,50.65304187],[-125.58258306,50.65286242],[-125.5826997,50.65269935],[-125.58288756,50.65256334],[-125.58308501,50.6524284],[-125.58318533,50.65226888],[-125.58315865,50.65208623],[-125.58314528,50.65205098],[-125.58309118,50.65191248],[-125.58300859,50.65173979],[-125.58292157,50.65156817],[-125.58282785,50.65139762],[-125.58272391,50.6512285],[-125.58262929,50.65105866],[-125.58256637,50.65088598],[-125.58254226,50.65070617],[-125.5825536,50.65052387],[-125.58259904,50.65034656],[-125.58267544,50.65017494],[-125.58277647,50.65000582],[-125.58280146,50.64997021],[-125.5828932,50.64984025],[-125.58301836,50.64967932],[-125.58316386,50.64952514],[-125.58332437,50.64937596],[-125.58348083,50.64924102],[-125.58367512,50.64909397],[-125.58380104,50.64900032],[-125.58385901,50.64895689],[-125.58402341,50.64881126],[-125.58417272,50.64865851],[-125.58431782,50.64850399],[-125.58446847,50.64835195],[-125.58463417,50.64820597],[-125.58481078,50.64806533],[-125.5849908,50.64792576],[-125.58516663,50.64778441],[-125.58532896,50.64763842],[-125.5854665,50.64748212],[-125.5855793,50.64731655],[-125.58568262,50.6471485],[-125.58577726,50.64697866],[-125.58585435,50.64680562],[-125.58590732,50.64662902],[-125.58593359,50.64644957],[-125.58590657,50.64627118],[-125.58587587,50.6461366],[-125.58586607,50.6460928],[-125.58582703,50.64591371],[-125.58580748,50.64573497],[-125.58581843,50.64566554],[-125.58583669,50.64555409],[-125.58595119,50.64539316],[-125.58606555,50.64531305],[-125.58614308,50.64525928],[-125.58619036,50.64522403],[-125.58632803,50.64512113],[-125.58651721,50.6449812],[-125.58669311,50.64483736],[-125.58681774,50.64468105],[-125.58689528,50.64450944],[-125.58695649,50.64432856],[-125.58699584,50.64414413],[-125.58700794,50.64396147],[-125.58698759,50.64378558],[-125.58691679,50.64362002],[-125.58678237,50.643463],[-125.58661264,50.64331168],[-125.5864361,50.64316285],[-125.58627145,50.64301615],[-125.58609546,50.64287551],[-125.58602945,50.64282602],[-125.58591232,50.64273808],[-125.58573092,50.64259352],[-125.58559875,50.64253335],[-125.58551087,50.64249311],[-125.58523552,50.64247495],[-125.58494822,50.6424746],[-125.58465868,50.64247424],[-125.58437849,50.64245679],[-125.58409096,50.64239626],[-125.58390703,50.64227449],[-125.58384597,50.64209576],[-125.58385693,50.64190384],[-125.58390503,50.64183192],[-125.58395973,50.64174861],[-125.58418477,50.64163218],[-125.58440682,50.64151148],[-125.58452627,50.64135196],[-125.58459305,50.64117358],[-125.58464606,50.64099698],[-125.58468533,50.6408186],[-125.58472931,50.64064093],[-125.58478696,50.64049317],[-125.58479701,50.64046646],[-125.58485112,50.64036107],[-125.58488507,50.6402952],[-125.5849641,50.64012287],[-125.58501919,50.63994662],[-125.58506485,50.63976896],[-125.58510733,50.63959093],[-125.58512294,50.63952933],[-125.58515283,50.63941361],[-125.58520736,50.63923737],[-125.58526624,50.63905792],[-125.58532856,50.63887598],[-125.58540845,50.63870187],[-125.58551907,50.63854556],[-125.58575368,50.63845939],[-125.5860365,50.63840136],[-125.58630678,50.63833905],[-125.58651131,50.6382244],[-125.58664141,50.63806026],[-125.58674275,50.63789291],[-125.58683098,50.6377213],[-125.58690604,50.6375479],[-125.58695889,50.63737165],[-125.58699553,50.63719292],[-125.58704104,50.6370156],[-125.58709397,50.63683686],[-125.58716695,50.63666311],[-125.58729152,50.63650467],[-125.58745779,50.63635869],[-125.58757266,50.63626469],[-125.58763337,50.63621555],[-125.58779718,50.63606886],[-125.58796273,50.63592323],[-125.58808121,50.63582639],[-125.58813666,50.63578117],[-125.58832275,50.63564302],[-125.58839041,50.6355946],[-125.58851302,50.63550665],[-125.5886995,50.63536886],[-125.58887382,50.63522715],[-125.5890267,50.63507868],[-125.58915131,50.6349213],[-125.58924972,50.63475538],[-125.58932915,50.63458341],[-125.58939682,50.63440787],[-125.58945822,50.63423021],[-125.58952036,50.63405218],[-125.58958915,50.63387665],[-125.5896316,50.63378265],[-125.58966759,50.63370325],[-125.58974161,50.63352736],[-125.58981429,50.63335076],[-125.58988999,50.63317487],[-125.58997521,50.63300254],[-125.59007397,50.6328359],[-125.59019275,50.63267782],[-125.59035974,50.63253967],[-125.59057837,50.63242253],[-125.59076523,50.63233173],[-125.59080993,50.63231001],[-125.59101683,50.63218575],[-125.59120596,50.63204476],[-125.59134916,50.63189308],[-125.5913043,50.63176241],[-125.59128563,50.63170793],[-125.59137774,50.63167517],[-125.59149361,50.63163387],[-125.59178704,50.63159221],[-125.59206494,50.63153382],[-125.59231855,50.63145478],[-125.59256712,50.63136754],[-125.59280906,50.63127426],[-125.59304688,50.6311767],[-125.59328331,50.63107736],[-125.59351585,50.63097446],[-125.59374292,50.63086658],[-125.59396039,50.630753],[-125.59416854,50.63063194],[-125.59436895,50.63050483],[-125.59444906,50.63045035],[-125.5945626,50.63037309],[-125.59475145,50.6302385],[-125.59493537,50.63010249],[-125.59508084,50.62994725],[-125.59524854,50.62980412],[-125.59546028,50.62968377],[-125.59567699,50.62956592],[-125.59586486,50.62943454],[-125.59598723,50.62926897],[-125.59599614,50.62909308],[-125.59598514,50.62894105],[-125.59598319,50.62891363],[-125.59604564,50.62873845],[-125.59611181,50.62856256],[-125.59614916,50.6283824],[-125.59627886,50.62822609],[-125.59644491,50.6280794],[-125.5966155,50.62793377],[-125.59676577,50.62778138],[-125.59688323,50.62761902],[-125.5969927,50.62745346],[-125.59709628,50.62728612],[-125.59719417,50.62711663],[-125.59728639,50.62694609],[-125.59737407,50.62677447],[-125.59745688,50.6266025],[-125.59753554,50.62642981],[-125.5976112,50.62625285],[-125.59767291,50.6260734],[-125.59770864,50.62589431],[-125.59770639,50.62571949],[-125.59762425,50.62555321],[-125.59748562,50.62539121],[-125.59735919,50.625226],[-125.59727048,50.62505474],[-125.59719488,50.62487956],[-125.59714989,50.6247026],[-125.59714526,50.62452457],[-125.59715235,50.6244644],[-125.59716528,50.62434548],[-125.59719575,50.62416567],[-125.59721191,50.62405636],[-125.59722246,50.62398551],[-125.59723087,50.62380606],[-125.59722132,50.62362661],[-125.59720167,50.62344716],[-125.59717567,50.62326807],[-125.59714817,50.62308861],[-125.59712274,50.62290952],[-125.59710547,50.62272865],[-125.59709005,50.62254742],[-125.59707276,50.62241318],[-125.59706721,50.62236761],[-125.59702656,50.62219101],[-125.59701249,50.62215611],[-125.5969573,50.62201903],[-125.59684735,50.62185347],[-125.59670924,50.62169396],[-125.59655996,50.62154014],[-125.59637462,50.62140413],[-125.59618302,50.62127061],[-125.59604122,50.62111644],[-125.595913,50.62095622],[-125.59579396,50.62079208],[-125.59568454,50.62062544],[-125.59558406,50.62045774],[-125.59549755,50.62028435],[-125.59544452,50.62010668],[-125.59544391,50.61992972],[-125.59549729,50.61975134],[-125.59558195,50.61957794],[-125.59570191,50.61941629],[-125.59584701,50.6192607],[-125.59599988,50.61910297],[-125.59604703,50.61905169],[-125.59614619,50.61894488],[-125.59617608,50.61877682],[-125.59606914,50.61859808],[-125.59599095,50.61855073],[-125.59587491,50.61848059],[-125.59559935,50.61842006],[-125.59532687,50.61836131],[-125.59505569,50.61830683],[-125.59479575,50.61823954],[-125.59453401,50.61815266],[-125.59430898,50.61804086],[-125.5941869,50.61788776],[-125.59409715,50.61772113],[-125.59402392,50.61754702],[-125.5939619,50.61736828],[-125.59390617,50.61718812],[-125.59385106,50.61700902],[-125.59379531,50.61683242],[-125.59376988,50.61672097],[-125.59376196,50.61668501],[-125.593755,50.61665404],[-125.59373317,50.61647459],[-125.59372537,50.61629514],[-125.59372343,50.61622464],[-125.59372111,50.61611533],[-125.59372022,50.61593552],[-125.59372157,50.61575572],[-125.59372349,50.61557591],[-125.59372501,50.61539575],[-125.59372581,50.61521594],[-125.59372436,50.61503613],[-125.59372317,50.61500017],[-125.59371955,50.61485633],[-125.59371064,50.61467688],[-125.59369908,50.61452271],[-125.59369685,50.61449707],[-125.59367952,50.61431762],[-125.59365827,50.61413817],[-125.59364362,50.61402886],[-125.59363404,50.61395908],[-125.59360813,50.61377998],[-125.59356099,50.61360302],[-125.59350937,50.61342607],[-125.59348637,50.61329682],[-125.59347543,50.61322988],[-125.59345566,50.61306717],[-125.59346062,50.61288807],[-125.59347498,50.61282683],[-125.59350283,50.61270969],[-125.5935585,50.61253131],[-125.5935942,50.61235364],[-125.59357535,50.61217739],[-125.59350345,50.61200293],[-125.59341957,50.61181493],[-125.59337339,50.61165115],[-125.59333947,50.61147241],[-125.59329887,50.61129474],[-125.59320455,50.6111249],[-125.59315138,50.61094189],[-125.59323011,50.61089845],[-125.59334262,50.61083614],[-125.59362932,50.61080125],[-125.59390788,50.61077276],[-125.59418666,50.61074499],[-125.59446604,50.61071829],[-125.59474581,50.61069194],[-125.59502563,50.61066666],[-125.59530584,50.61064174],[-125.59558588,50.61061717],[-125.59586613,50.61059331],[-125.5961466,50.61057017],[-125.59642707,50.61054703],[-125.59670703,50.61052495],[-125.59698808,50.61050644],[-125.59727021,50.61049148],[-125.59755231,50.61048009],[-125.59783433,50.61047119],[-125.59811628,50.61046478],[-125.59839883,50.61045944],[-125.59868142,50.61045517],[-125.59896368,50.61045161],[-125.59924632,50.6104484],[-125.59952913,50.61044484],[-125.59981173,50.61044057],[-125.59999972,50.61043701],[-125.60009372,50.61043523],[-125.60037618,50.61042775],[-125.60065876,50.61041885],[-125.60094134,50.61040995],[-125.60122375,50.6104014],[-125.60150608,50.61039535],[-125.60178817,50.61039214],[-125.60207026,50.61039357],[-125.60235282,50.61040567],[-125.60263458,50.61042526],[-125.60291661,50.61044662],[-125.60319806,50.61046335],[-125.60347927,50.61047012],[-125.6037606,50.61046264],[-125.60404144,50.61044804],[-125.604323,50.61042846],[-125.60460398,50.61040425],[-125.60488404,50.61037612],[-125.60510421,50.6103512],[-125.60516301,50.61034443],[-125.60544038,50.61031025],[-125.60571588,50.6102718],[-125.60598659,50.61022231],[-125.60625547,50.61016498],[-125.60652275,50.61010517],[-125.60679084,50.61004713],[-125.60705921,50.60999087],[-125.60732701,50.60993462],[-125.60759515,50.60987765],[-125.60786308,50.60981997],[-125.60813022,50.60976158],[-125.60839693,50.60970176],[-125.60866208,50.60964052],[-125.60892619,50.60957678],[-125.60918964,50.60951091],[-125.60945197,50.60944504],[-125.60971525,50.60937953],[-125.61005822,50.60928019],[-125.61032601,50.60921112],[-125.6105942,50.6091424],[-125.61085698,50.60906977],[-125.61099844,50.60902419],[-125.61110929,50.60898859],[-125.61134498,50.6088953],[-125.61155861,50.60878492],[-125.61175788,50.60866244],[-125.61195086,50.60853319],[-125.61213744,50.60839861],[-125.61231762,50.60825868],[-125.612492,50.60811448],[-125.61265967,50.60796672],[-125.61282216,50.60781575],[-125.61297821,50.607663],[-125.61312839,50.60750848],[-125.61327274,50.60735324],[-125.61341126,50.60719729],[-125.61353596,50.60703742],[-125.61364791,50.60687257],[-125.61375053,50.6067038],[-125.61384688,50.60653289],[-125.61393926,50.60636092],[-125.61403069,50.60618859],[-125.61412553,50.60601733],[-125.61422496,50.6058482],[-125.6143335,50.60568228],[-125.61445384,50.60552099],[-125.61458826,50.6053654],[-125.61473672,50.60521443],[-125.61489291,50.60506489],[-125.61505627,50.60491677],[-125.61522646,50.60477079],[-125.61540312,50.60462766],[-125.61558571,50.60448737],[-125.61577405,50.60435029],[-125.61596796,50.60421677],[-125.61616711,50.60408753],[-125.61637076,50.60396291],[-125.61657891,50.60384292],[-125.61679104,50.60372863],[-125.61701373,50.60362038],[-125.61724774,50.60351891],[-125.61749101,50.60342384],[-125.61774223,50.60333554],[-125.61799974,50.60325401],[-125.61826144,50.60317888],[-125.61852662,50.60311052],[-125.61879208,50.60304856],[-125.61905747,50.60299373],[-125.61932735,50.60295172],[-125.61960396,50.60292252],[-125.61988512,50.60290365],[-125.6201692,50.60289155],[-125.62045571,50.60288371],[-125.62074188,50.60287659],[-125.62102683,50.60286733],[-125.62130901,50.60285452],[-125.62159527,50.60284953],[-125.62188388,50.60285131],[-125.62217266,50.60285274],[-125.62245763,50.60284811],[-125.62273569,50.60283102],[-125.62300472,50.60279541],[-125.6232593,50.60273275],[-125.62349885,50.60264302],[-125.62372981,50.60253621],[-125.62395708,50.60242191],[-125.62418729,50.60231082],[-125.62442647,50.60221255],[-125.62467237,50.60212247],[-125.6249199,50.60203132],[-125.62517072,50.60194267],[-125.62542523,50.60186149],[-125.62568491,50.6017917],[-125.62595051,50.60173758],[-125.62622281,50.60169984],[-125.62649862,50.60166993],[-125.62677735,50.60164679],[-125.62705839,50.60162934],[-125.62734146,50.60161581],[-125.62762579,50.60160548],[-125.62791022,50.6015973],[-125.62819504,50.60158946],[-125.62847908,50.60158092],[-125.62876173,50.60157059],[-125.62904382,50.60156027],[-125.62932566,50.60155279],[-125.62960794,50.60154674],[-125.62989065,50.60154211],[-125.63017319,50.60153783],[-125.63045535,50.60153321],[-125.63073801,50.60152751],[-125.63102024,50.60152039],[-125.63131097,50.60149796],[-125.63161696,50.60144847],[-125.63189494,50.60143387],[-125.6321053,50.60151077],[-125.63227375,50.6016386],[-125.63242111,50.60179277],[-125.6325601,50.60196082],[-125.63270172,50.60212924],[-125.63274021,50.60216698],[-125.63286006,50.60228626],[-125.63304805,50.60242013],[-125.63327468,50.60253549],[-125.63352182,50.60264088],[-125.63376707,50.60274556],[-125.63399094,50.60285736],[-125.63417136,50.60298483],[-125.63429235,50.60313437],[-125.634373,50.6032978],[-125.63442603,50.60347084],[-125.6344584,50.60365065],[-125.63447885,50.60383544],[-125.63449524,50.60402166],[-125.63451517,50.60420751],[-125.63454674,50.60439017],[-125.63459475,50.60456784],[-125.63464702,50.6047448],[-125.63469985,50.60492176],[-125.63475437,50.60509871],[-125.63481204,50.60527496],[-125.63487324,50.60545085],[-125.63493945,50.60562567],[-125.63501123,50.60579942],[-125.63508947,50.6059714],[-125.63517299,50.60614408],[-125.63525794,50.60631962],[-125.63534518,50.60649622],[-125.63543691,50.60667282],[-125.63553451,50.60684658],[-125.63564106,50.6070157],[-125.63575727,50.60717877],[-125.63588617,50.60733294],[-125.63602846,50.60747679],[-125.63622628,50.60758218],[-125.63650457,50.60763345],[-125.63680427,50.60767404],[-125.63706689,50.60774739],[-125.63729281,50.60786204],[-125.63750777,50.60799128],[-125.63772447,50.60810878],[-125.63795815,50.60818747],[-125.63825107,50.60820135],[-125.63854451,50.60814652],[-125.63873606,50.60803294],[-125.63887646,50.6078834],[-125.63898971,50.60771214],[-125.63907047,50.60756295],[-125.63908655,50.60753304],[-125.63917666,50.60735858],[-125.6392708,50.60718625],[-125.63936368,50.60701072],[-125.63944304,50.60683411],[-125.63949738,50.60665822],[-125.63951551,50.60648411],[-125.63948067,50.60631285],[-125.63939145,50.60614266],[-125.63926979,50.6059746],[-125.63913795,50.60580904],[-125.63901226,50.60564704],[-125.63887058,50.60549144],[-125.63872041,50.60533834],[-125.63857615,50.60518345],[-125.63845276,50.60502252],[-125.63834186,50.6048566],[-125.63823907,50.60468783],[-125.63814685,50.60451692],[-125.63806821,50.6043446],[-125.63801866,50.60417013],[-125.63803278,50.60398925],[-125.638034,50.60380838],[-125.63798037,50.60362608],[-125.63790584,50.60344058],[-125.63784155,50.60325828],[-125.63781971,50.60308453],[-125.63787176,50.60292395],[-125.63800273,50.60277654],[-125.63818837,50.6026391],[-125.63840575,50.60250914],[-125.63862949,50.60238346],[-125.63882758,50.60226561],[-125.63904784,50.60213315],[-125.63926647,50.60201459],[-125.63930796,50.60199714],[-125.63949992,50.60191418],[-125.6397508,50.60184048],[-125.64001729,50.60178565],[-125.6402937,50.60174399],[-125.64057637,50.60171266],[-125.64086031,50.60168916],[-125.64114168,50.601671],[-125.6414225,50.60165747],[-125.64170408,50.60164821],[-125.64198675,50.60164251],[-125.64226972,50.60163967],[-125.64255297,50.6016386],[-125.64283591,50.60163931],[-125.64311886,50.60164002],[-125.64340164,50.60164109],[-125.64368407,50.60164287],[-125.64396655,50.60164572],[-125.64424908,50.60164964],[-125.64453131,50.60165533],[-125.64481359,50.6016621],[-125.64509613,50.60167064],[-125.64537782,50.60168097],[-125.64565977,50.60169307],[-125.64594147,50.60170803],[-125.64622288,50.60172476],[-125.64650382,50.60174363],[-125.64678516,50.60176286],[-125.64706632,50.60178244],[-125.64734726,50.60180131],[-125.64762872,50.60181912],[-125.64790991,50.60183514],[-125.64819135,50.60184831],[-125.64847265,50.60185828],[-125.64875605,50.60186505],[-125.64904065,50.60186932],[-125.64932563,50.60186932],[-125.64960959,50.60186327],[-125.64989131,50.60184902],[-125.65016891,50.60182588],[-125.65044974,50.60179134],[-125.65068873,50.60174933],[-125.65074014,50.60174043],[-125.65101125,50.60166779],[-125.65123272,50.60156774],[-125.65128941,50.60151754],[-125.65138351,50.60143387],[-125.65147982,50.60126866],[-125.65154525,50.601086],[-125.65160415,50.60089943],[-125.65167806,50.60072248],[-125.65169228,50.60069292],[-125.65176096,50.60055015],[-125.65183541,50.60037675],[-125.6519044,50.60019837],[-125.65194988,50.60000004],[-125.65188824,50.59985299],[-125.65173564,50.59970381],[-125.65155625,50.59955783],[-125.65139587,50.59940615],[-125.65128581,50.59924201],[-125.65119195,50.59907217],[-125.65111046,50.59889877],[-125.65104066,50.59872324],[-125.65098203,50.59854664],[-125.65093233,50.59836897],[-125.65087766,50.59817599],[-125.6508507,50.59798372],[-125.65089338,50.5978146],[-125.65103907,50.59768784],[-125.65126409,50.59759206],[-125.65143111,50.59754222],[-125.65153188,50.59751231],[-125.65168145,50.59746958],[-125.6518096,50.59743291],[-125.65206332,50.59733927],[-125.65226706,50.59721892],[-125.65244235,50.59708077],[-125.65260164,50.59693159],[-125.6527511,50.59677599],[-125.65289828,50.59661933],[-125.65304334,50.59647406],[-125.65321071,50.59631739],[-125.653376,50.59616856],[-125.65354184,50.59601974],[-125.6537041,50.59587019],[-125.65385785,50.59571851],[-125.65399973,50.5955647],[-125.65412538,50.59540732],[-125.65421765,50.59524354],[-125.65424088,50.59506587],[-125.65423108,50.59488108],[-125.65422975,50.59469736],[-125.65425345,50.59451755],[-125.65427313,50.59433561],[-125.65429489,50.59415402],[-125.65432908,50.59397457],[-125.65438331,50.5938001],[-125.65446889,50.59363276],[-125.65459829,50.59347574],[-125.65475658,50.59332513],[-125.65492316,50.59317595],[-125.65507743,50.5930232],[-125.65520406,50.59286262],[-125.6553287,50.59269919],[-125.65545497,50.5925347],[-125.655578,50.59236877],[-125.6556937,50.59220179],[-125.65579813,50.59203373],[-125.65588659,50.59186389],[-125.6559552,50.59169334],[-125.65599775,50.59152101],[-125.65600332,50.59134512],[-125.65597829,50.59116639],[-125.65593152,50.59098622],[-125.65587331,50.59080535],[-125.65581273,50.5906259],[-125.65575988,50.59044787],[-125.65571519,50.59026807],[-125.65566949,50.59008684],[-125.65561509,50.58990738],[-125.65554354,50.58973327],[-125.65544679,50.58956842],[-125.65531229,50.58941674],[-125.65513431,50.58927966],[-125.65492538,50.58914864],[-125.65471794,50.58902616],[-125.6545164,50.58889726],[-125.65438865,50.58859177],[-125.65451949,50.58844579],[-125.65470122,50.5882966],[-125.65488474,50.588167],[-125.65508882,50.58803313],[-125.65528817,50.5879021],[-125.65548442,50.58777285],[-125.65568334,50.58764503],[-125.65588422,50.58751899],[-125.65608794,50.58739401],[-125.65629322,50.58727046],[-125.65650061,50.58714834],[-125.65670974,50.58702728],[-125.65693337,50.58690871],[-125.65716256,50.5868019],[-125.65740016,50.58669508],[-125.65762791,50.58658542],[-125.65783308,50.58646792],[-125.65800221,50.5863344],[-125.65809446,50.58614391],[-125.6580697,50.5859577],[-125.65791048,50.58583877],[-125.65766641,50.58574585],[-125.65738173,50.58567321],[-125.65709931,50.58561802],[-125.65682664,50.58557636],[-125.65654899,50.58554503],[-125.65626827,50.58552011],[-125.65598612,50.58549696],[-125.65570522,50.5854724],[-125.65542595,50.58544213],[-125.6551513,50.58540225],[-125.65486525,50.5853581],[-125.65457331,50.58530754],[-125.65430057,50.58524274],[-125.65407128,50.58515409],[-125.65390188,50.5850284],[-125.65378051,50.58485536],[-125.65372158,50.58466095],[-125.65374383,50.58447616],[-125.65383624,50.58431451],[-125.65394652,50.58415536],[-125.65407013,50.58399763],[-125.65420388,50.58384097],[-125.65434682,50.58368501],[-125.65449576,50.58352942],[-125.65464828,50.58337454],[-125.65480227,50.58321894],[-125.65495513,50.58306335],[-125.65510441,50.58290704],[-125.6552486,50.58274966],[-125.6553845,50.58259087],[-125.65550094,50.58242708],[-125.65558015,50.58224977],[-125.65565414,50.58207281],[-125.65576023,50.58191187],[-125.65583456,50.58185882],[-125.65594986,50.58177657],[-125.65621398,50.58169504],[-125.65648826,50.58167973],[-125.6567671,50.58167474],[-125.65704924,50.58167688],[-125.65733407,50.58168507],[-125.65761987,50.58169824],[-125.65790491,50.58171533],[-125.65818784,50.58173563],[-125.65837185,50.58175058],[-125.65846789,50.58175841],[-125.65874575,50.5817869],[-125.6590229,50.58182037],[-125.65929946,50.5818574],[-125.65957572,50.58189621],[-125.65985238,50.58193537],[-125.66012876,50.58197276],[-125.66040652,50.5820073],[-125.66063391,50.58203115],[-125.66068461,50.58203649],[-125.66096398,50.5820607],[-125.66124454,50.58208242],[-125.66152519,50.58210165],[-125.66180596,50.58211945],[-125.66208724,50.58213619],[-125.66236848,50.58215185],[-125.66265045,50.58216716],[-125.66293186,50.58218247],[-125.66323014,50.58219885],[-125.66349473,50.58221416],[-125.66377585,50.58223125],[-125.66405667,50.58225012],[-125.66433719,50.58227077],[-125.66461673,50.58229463],[-125.66489587,50.58232632],[-125.66517433,50.58236406],[-125.6653564,50.58239005],[-125.66545233,50.58240394],[-125.66573011,50.5824431],[-125.66600771,50.582478],[-125.66628515,50.58250506],[-125.6665623,50.58252108],[-125.6668469,50.58252393],[-125.66714224,50.58251147],[-125.66743204,50.58247906],[-125.66770006,50.58242316],[-125.66793093,50.58233842],[-125.66813033,50.58221772],[-125.66830457,50.58206889],[-125.66845158,50.5819044],[-125.66857136,50.58173705],[-125.66866014,50.58157006],[-125.66871658,50.58139453],[-125.66875131,50.58121401],[-125.66876775,50.58108548],[-125.66877512,50.58103171],[-125.66879807,50.58085119],[-125.66879782,50.58066996],[-125.66877958,50.58048766],[-125.66878184,50.58030821],[-125.66883821,50.58013517],[-125.66891921,50.57996106],[-125.66901422,50.57978695],[-125.66912512,50.57961712],[-125.66925338,50.57945547],[-125.66940105,50.57930593],[-125.66958602,50.57918024],[-125.66981028,50.57909408],[-125.67007259,50.5790104],[-125.67033588,50.57891071],[-125.67056774,50.57880176],[-125.670784,50.57868212],[-125.67094481,50.57854255],[-125.67098796,50.57836203],[-125.6710222,50.57828156],[-125.67106188,50.57818863],[-125.67113573,50.57811208],[-125.67120834,50.57803696],[-125.6713699,50.57788884],[-125.67154208,50.57774428],[-125.67172134,50.57760364],[-125.67190528,50.57746727],[-125.67206852,50.57735761],[-125.6721023,50.57733518],[-125.6723215,50.57721875],[-125.6725652,50.57713294],[-125.6727643,50.57708274],[-125.67282807,50.57706671],[-125.67310376,50.5770158],[-125.67338322,50.57698268],[-125.67366281,50.57696559],[-125.67394765,50.57695741],[-125.67406298,50.57695776],[-125.67423437,50.57695812],[-125.67431823,50.57696097],[-125.67451927,50.57696844],[-125.6747983,50.57698981],[-125.67507152,50.5770279],[-125.67533665,50.57711193],[-125.67554011,50.57723441],[-125.67562959,50.57740033],[-125.67567114,50.57759011],[-125.67577963,50.57775033],[-125.67596853,50.57787744],[-125.67618207,50.5779953],[-125.6764143,50.57810461],[-125.67665625,50.57820537],[-125.67690158,50.57829794],[-125.6771491,50.57838482],[-125.67740635,50.57846778],[-125.67767052,50.57854219],[-125.67793861,50.57860379],[-125.67820876,50.5786483],[-125.67847929,50.57866752],[-125.67875612,50.57864687],[-125.67904421,50.57860165],[-125.6793175,50.57855572],[-125.67959674,50.5785219],[-125.67987884,50.57849377],[-125.68015475,50.57845639],[-125.68041344,50.57839301],[-125.68064495,50.5782894],[-125.68087226,50.57817938],[-125.68110324,50.5780722],[-125.68133273,50.57796112],[-125.68156814,50.57786107],[-125.68181834,50.57778736],[-125.68209028,50.57774072],[-125.68237796,50.57771615],[-125.68266598,50.57771651],[-125.6829412,50.57774464],[-125.68320731,50.5777952],[-125.68346921,50.57786035],[-125.68372963,50.57793441],[-125.68398958,50.57801061],[-125.68425141,50.57808289],[-125.68451675,50.57814555],[-125.68478466,50.57820288],[-125.6850527,50.57825878],[-125.68532181,50.57831361],[-125.68559143,50.57836737],[-125.68586084,50.57842042],[-125.68613081,50.57847348],[-125.68640078,50.57852653],[-125.68667041,50.57858029],[-125.68693913,50.57863477],[-125.68720791,50.57869031],[-125.68747617,50.57874692],[-125.68774719,50.57880247],[-125.68802096,50.57885694],[-125.68829495,50.57891213],[-125.68856551,50.57896981],[-125.6888312,50.57903177],[-125.68908872,50.57909906],[-125.68933648,50.57917383],[-125.68954987,50.57930842],[-125.68959894,50.57948039],[-125.6894328,50.57962068],[-125.68920332,50.5797574],[-125.68907076,50.57990481],[-125.6890961,50.58007251],[-125.68920613,50.58024946],[-125.68934805,50.5804161],[-125.68950939,50.58056101],[-125.68970182,50.58069489],[-125.68989077,50.58083019],[-125.69004928,50.58097866],[-125.69019057,50.58113497],[-125.69031695,50.58129661],[-125.69042704,50.58146182],[-125.69050348,50.58163522],[-125.69053776,50.58181467],[-125.69054737,50.58199412],[-125.69054767,50.58217428],[-125.6905437,50.58235516],[-125.69053766,50.58253568],[-125.6905333,50.5827162],[-125.6905336,50.58289636],[-125.69054283,50.58307545],[-125.69056435,50.58325348],[-125.69060635,50.58342972],[-125.69067759,50.58360348],[-125.69076948,50.5837751],[-125.6908725,50.58394458],[-125.69097728,50.58411157],[-125.69109791,50.58427357],[-125.69122928,50.58443308],[-125.69136048,50.58459295],[-125.69147965,50.58475566],[-125.69158944,50.58492158],[-125.69169479,50.58508857],[-125.69179997,50.58525592],[-125.69190863,50.58542184],[-125.69202579,50.58558527],[-125.69215493,50.58574478],[-125.69230015,50.58590002],[-125.69245385,50.58605276],[-125.69260902,50.5862048],[-125.69275846,50.58635826],[-125.69289531,50.58651456],[-125.69301183,50.58667585],[-125.69310698,50.58684427],[-125.69318577,50.58701873],[-125.69324865,50.58719711],[-125.69329442,50.58737728],[-125.69332258,50.58755673],[-125.69333249,50.58773333],[-125.69330373,50.58791456],[-125.69322987,50.58809508],[-125.69311783,50.58826171],[-125.69295969,50.58840057],[-125.69272968,50.5885081],[-125.69247801,50.58860352],[-125.69224106,50.58870215],[-125.69200233,50.58879864],[-125.69176221,50.58889335],[-125.6915217,50.5889877],[-125.69128236,50.58908312],[-125.6910448,50.58918068],[-125.6908117,50.5892818],[-125.69058132,50.58938541],[-125.69035311,50.58949152],[-125.69012741,50.5895994],[-125.68990309,50.58970906],[-125.68968012,50.58981944],[-125.68945792,50.58993053],[-125.68923555,50.59004197],[-125.68901223,50.59015306],[-125.68879125,50.59026629],[-125.68857641,50.59038307],[-125.68837117,50.59050555],[-125.68817036,50.59063516],[-125.68796807,50.59077366],[-125.68780198,50.5909232],[-125.687712,50.59108592],[-125.68769478,50.59126181],[-125.68771836,50.59144731],[-125.68776422,50.5916378],[-125.68781419,50.59182793],[-125.68784972,50.59201308],[-125.68785286,50.59218861],[-125.68780525,50.59234955],[-125.68768638,50.59249304],[-125.68749501,50.5926205],[-125.68725417,50.59273302],[-125.68698726,50.59283093],[-125.68671676,50.59291531],[-125.68646051,50.59298403],[-125.68617788,50.59300611],[-125.68588352,50.59298724],[-125.68561338,50.59294131],[-125.68538019,50.59283485],[-125.68513768,50.59274192],[-125.684861,50.59268744],[-125.68457182,50.59263795],[-125.68428489,50.59260947],[-125.68401425,50.59261944],[-125.68376192,50.59267534],[-125.68350867,50.59276114],[-125.68326539,50.59286938],[-125.68304306,50.59299471],[-125.6828515,50.59313073],[-125.68270103,50.59327457],[-125.68258291,50.59343515],[-125.68249379,50.5936089],[-125.68242783,50.59379049],[-125.68238138,50.5939735],[-125.68235083,50.5941526],[-125.68233145,50.59433062],[-125.68232183,50.59450936],[-125.68232084,50.59468881],[-125.68232512,50.59486897],[-125.68233428,50.59504949],[-125.68234624,50.59523001],[-125.6823586,50.59541089],[-125.68236961,50.59559105],[-125.68237838,50.59577121],[-125.68238565,50.59595102],[-125.68239588,50.59613047],[-125.68240876,50.59631027],[-125.68242163,50.59649008],[-125.68243468,50.59666953],[-125.68244644,50.59684934],[-125.68245539,50.59702914],[-125.68246115,50.59720859],[-125.68246169,50.5973884],[-125.68244714,50.59756928],[-125.68242102,50.59775086],[-125.68239025,50.5979328],[-125.68236336,50.59811368],[-125.68234781,50.59829313],[-125.68235158,50.59846973],[-125.68238292,50.59864384],[-125.68245932,50.59882222],[-125.68258329,50.59899384],[-125.68275276,50.59914196],[-125.68296252,50.59925411],[-125.68319068,50.59935132],[-125.68343192,50.59943997],[-125.68368225,50.59952258],[-125.6839395,50.59960127],[-125.68420058,50.59967782],[-125.68446206,50.59975472],[-125.68472117,50.59983306],[-125.68497543,50.59991566],[-125.68522246,50.60000396],[-125.68546712,50.60009369],[-125.68571201,50.60018412],[-125.68595689,50.60027456],[-125.68620054,50.60036642],[-125.68644328,50.600459],[-125.68668461,50.60055335],[-125.68692357,50.60064913],[-125.68716021,50.6007474],[-125.68739432,50.60084745],[-125.68762481,50.60095035],[-125.68784469,50.60106251],[-125.68804434,50.6011946],[-125.68823462,50.60133453],[-125.68842695,50.60147018],[-125.6886331,50.60158875],[-125.68886635,50.60167776],[-125.68913945,50.60172583],[-125.68943665,50.60174826],[-125.68973598,50.60176393],[-125.69001591,50.60179312],[-125.69025357,50.60185543],[-125.69039867,50.60199251],[-125.69046414,50.60218443],[-125.6905157,50.60237029],[-125.69057033,50.60254973],[-125.69060633,50.60273061],[-125.69060724,50.60290864],[-125.69054968,50.6030799],[-125.69043769,50.60324653],[-125.69031292,50.60341174],[-125.6902043,50.60357837],[-125.69009696,50.60374465],[-125.68998907,50.60391092],[-125.68988438,50.60407756],[-125.68978444,50.60424597],[-125.68966886,50.60442008],[-125.68961545,50.60459205],[-125.68969201,50.60475975],[-125.68984126,50.60492211],[-125.69003444,50.60505492],[-125.6902558,50.60516174],[-125.69049735,50.60525573],[-125.69075017,50.60534261],[-125.69100453,50.60542628],[-125.69125326,50.60551352],[-125.69150132,50.6056068],[-125.69175119,50.60569866],[-125.69200602,50.6057802],[-125.69226694,50.60584322],[-125.69253679,50.60588061],[-125.6928127,50.60590304],[-125.69309126,50.60591763],[-125.69337267,50.60592511],[-125.69365591,50.6059276],[-125.69394064,50.60592582],[-125.694226,50.60592155],[-125.69451166,50.6059155],[-125.69479693,50.60590909],[-125.69508113,50.60590375],[-125.6953643,50.60590054],[-125.69564735,50.60589057],[-125.69593068,50.6058742],[-125.69621373,50.60585604],[-125.69649654,50.60584073],[-125.69677744,50.60583289],[-125.69705668,50.60583788],[-125.69733237,50.60586779],[-125.6976035,50.60592476],[-125.69787288,50.60598885],[-125.69814471,50.60604083],[-125.69842097,50.60606255],[-125.69870058,50.60606326],[-125.69898139,50.60605329],[-125.69926393,50.6060362],[-125.6995465,50.60601555],[-125.69983002,50.60599525],[-125.70011278,50.60597888],[-125.70039449,50.60596819],[-125.70067681,50.60595858],[-125.70095934,50.60594968],[-125.70124176,50.6059422],[-125.7015241,50.60593722],[-125.70180637,50.60593472],[-125.70209161,50.60594007],[-125.70238855,50.60596428],[-125.70268613,50.60599419],[-125.70297347,50.6060127],[-125.70323883,50.60600451],[-125.70346148,50.60594505],[-125.70360646,50.60579373],[-125.70372252,50.6056068],[-125.70385919,50.60544124],[-125.7039909,50.60526962],[-125.70415288,50.60512613],[-125.70438382,50.60504353],[-125.70465915,50.60499119],[-125.7049533,50.60496626],[-125.70524185,50.60497054],[-125.70551649,50.60499795],[-125.70578933,50.60503498],[-125.70606229,50.60507878],[-125.70633419,50.60512827],[-125.70660647,50.60518167],[-125.70687845,50.60523686],[-125.70714987,50.60529205],[-125.7074218,50.60534617],[-125.70769376,50.60539673],[-125.70796584,50.60544587],[-125.70825495,50.60549927],[-125.70850842,50.60554627],[-125.70877978,50.60559576],[-125.70905181,50.60564383],[-125.70932504,50.60568941],[-125.70959998,50.60573142],[-125.70987544,50.60577237],[-125.71015038,50.60581438],[-125.71042396,50.60585924],[-125.71069531,50.60590873],[-125.71096638,50.60596],[-125.71123986,50.60601092],[-125.71151283,50.6060629],[-125.71178336,50.6061188],[-125.71204908,50.60618004],[-125.71230898,50.60624876],[-125.7125596,50.60632745],[-125.71279994,50.60641824],[-125.71303178,50.60651972],[-125.71325689,50.60662938],[-125.7134772,50.60674439],[-125.71369481,50.60686153],[-125.71391202,50.60697831],[-125.71412863,50.60709403],[-125.71433655,50.60721616],[-125.71453979,50.6073422],[-125.71474484,50.60746682],[-125.71495707,50.60758467],[-125.71518278,50.60769078],[-125.71542186,50.60778655],[-125.71566992,50.60787414],[-125.7159242,50.60795461],[-125.71618177,50.60802938],[-125.71644362,50.60809525],[-125.71671295,50.60814901],[-125.71698579,50.60819779],[-125.71725778,50.60824835],[-125.71777704,50.60823019],[-125.71805949,50.60822735],[-125.71834148,50.60823482],[-125.71862508,50.60824479],[-125.71890724,50.6082601],[-125.71918699,50.60828396],[-125.71946313,50.60831885],[-125.71973629,50.60836229],[-125.72000785,50.60841143],[-125.72027865,50.60846448],[-125.72054843,50.60851966],[-125.72081782,50.6085745],[-125.72108845,50.60862791],[-125.72136031,50.60869164],[-125.72163441,50.60876356],[-125.72190712,50.6088337],[-125.72217722,50.60889174],[-125.72244237,50.60892735],[-125.72270045,50.60892734],[-125.72294286,50.60885471],[-125.72317565,50.60873543],[-125.72340845,50.60861259],[-125.72364505,50.60851112],[-125.72387832,50.60840252],[-125.72411303,50.60829678],[-125.72435594,50.60820669],[-125.72461359,50.60814439],[-125.72488386,50.60810842],[-125.72516267,50.60808742],[-125.7254459,50.60807709],[-125.72573252,50.6080714],[-125.72601892,50.60806499],[-125.72630339,50.60805324],[-125.72658445,50.60803223],[-125.72686506,50.6080098],[-125.72714562,50.6079863],[-125.72742558,50.60796173],[-125.72770526,50.60793538],[-125.72798429,50.6079069],[-125.72826261,50.60787521],[-125.72853948,50.60784067],[-125.72881499,50.6078008],[-125.7290882,50.60775166],[-125.72936039,50.60769647],[-125.72963203,50.60763772],[-125.72990239,50.60757933],[-125.73017362,50.60752379],[-125.73044553,50.60747501],[-125.73071789,50.60743584],[-125.73099235,50.60740985],[-125.73126855,50.6074013],[-125.73154659,50.60741234],[-125.73182548,50.60743798],[-125.73195206,50.60745364],[-125.73210572,50.60747251],[-125.73238689,50.60751097],[-125.73266796,50.60754729],[-125.73294908,50.60757648],[-125.73323066,50.60759535],[-125.73351258,50.60761351],[-125.73379579,50.60763131],[-125.73407941,50.60764591],[-125.73436245,50.60765588],[-125.73464458,50.60765837],[-125.73492571,50.60765125],[-125.73520466,50.60763345],[-125.73548188,50.60760639],[-125.7357584,50.60757257],[-125.73603469,50.6075334],[-125.73631026,50.60749103],[-125.73658539,50.60744723],[-125.73686108,50.60740344],[-125.73713727,50.60736214],[-125.73741438,50.60732475],[-125.73769212,50.60729306],[-125.73797234,50.60727028],[-125.73825446,50.60725639],[-125.73853812,50.60724749],[-125.73882222,50.60724001],[-125.7391051,50.6072304],[-125.73938583,50.60721473],[-125.73966348,50.6071891],[-125.73994103,50.60715314],[-125.74022215,50.6071097],[-125.74050064,50.60705771],[-125.74077061,50.60699541],[-125.74102523,50.60692063],[-125.74125728,50.60683091],[-125.74142819,50.60669312],[-125.74155848,50.60652186],[-125.74170489,50.60636377],[-125.74191595,50.60625695],[-125.74217949,50.6061893],[-125.74246432,50.60614515],[-125.74274396,50.60611417],[-125.74302457,50.60609993],[-125.74330898,50.6060953],[-125.74359256,50.6060889],[-125.7438743,50.60607109],[-125.74414195,50.60601128],[-125.74432808,50.60587918],[-125.74449391,50.60572857],[-125.74468553,50.6055979],[-125.74491908,50.60550034],[-125.74517395,50.60541916],[-125.74543795,50.60534937],[-125.74570269,50.60528742],[-125.74597265,50.6052333],[-125.74624632,50.60518666],[-125.74652236,50.60514678],[-125.74679997,50.60511652],[-125.74708105,50.60509658],[-125.74736267,50.6050802],[-125.74764392,50.6050599],[-125.74792292,50.60503142],[-125.74820304,50.60500294],[-125.74848328,50.60497303],[-125.74876181,50.60493849],[-125.74903612,50.60489754],[-125.7493051,50.60484663],[-125.74956905,50.60478396],[-125.74982758,50.60470919],[-125.75007988,50.60462516],[-125.75032454,50.60453366],[-125.75055953,50.60443539],[-125.75077076,50.60431647],[-125.75097009,50.60418722],[-125.75117915,50.60406581],[-125.75140979,50.60396255],[-125.75164447,50.60386143],[-125.75188182,50.60376174],[-125.75212135,50.60366454],[-125.75236439,50.60357054],[-125.7526101,50.60348152],[-125.75285886,50.60339785],[-125.75311127,50.60332059],[-125.75337382,50.60325614],[-125.75364794,50.60320736],[-125.75392909,50.60317318],[-125.75421201,50.60315289],[-125.75449262,50.60314327],[-125.75477409,50.60314007],[-125.75505649,50.60314078],[-125.75533925,50.60314541],[-125.75562229,50.60315182],[-125.75568107,50.60315324],[-125.75590537,50.6031593],[-125.75618863,50.60316642],[-125.75647183,50.60317247],[-125.75675455,50.60317603],[-125.75703673,50.60317603],[-125.75731866,50.60317069],[-125.75760211,50.60315396],[-125.75788241,50.60312156],[-125.75815289,50.603071],[-125.75841253,50.60300441],[-125.75866869,50.60292751],[-125.75891924,50.60284241],[-125.75916522,50.60275162],[-125.75940539,50.60265655],[-125.75963814,50.60255472],[-125.7598646,50.60244612],[-125.76008771,50.60233397],[-125.76031081,50.60222181],[-125.76053687,50.60211286],[-125.76076794,50.60201103],[-125.7610077,50.60191917],[-125.76125927,50.60184012],[-125.76152087,50.60177176],[-125.76178999,50.6017123],[-125.76206283,50.60166032],[-125.76233703,50.60161367],[-125.76261109,50.60157202],[-125.76288823,50.60154033],[-125.76316847,50.60151505],[-125.76344943,50.60149297],[-125.76373067,50.60146912],[-125.76400943,50.60143992],[-125.76428659,50.60140467],[-125.76456494,50.60136693],[-125.76484036,50.60132242],[-125.76510716,50.60126545],[-125.76536334,50.60119318],[-125.76561246,50.60110986],[-125.76585674,50.60101907],[-125.76609802,50.600924],[-125.76633752,50.6008268],[-125.76657706,50.60073066],[-125.76681744,50.60063631],[-125.7670582,50.60054231],[-125.76729896,50.60044831],[-125.76754029,50.60035432],[-125.76778122,50.60025996],[-125.7680212,50.60016525],[-125.76826135,50.60007019],[-125.76843572,50.60000004],[-125.76850033,50.59997405],[-125.76873836,50.59987756],[-125.76897538,50.59977965],[-125.76921085,50.59968031],[-125.76945796,50.59957421],[-125.76967691,50.59947772],[-125.76990673,50.59937375],[-125.77013516,50.599268],[-125.77036147,50.59916083],[-125.77058621,50.59905223],[-125.77081034,50.59894257],[-125.7710333,50.59883184],[-125.77125531,50.59872075],[-125.7714771,50.59860895],[-125.77169871,50.5984975],[-125.7719205,50.5983857],[-125.77214251,50.59827461],[-125.77236546,50.59816388],[-125.77258825,50.59805351],[-125.77281064,50.59794277],[-125.77303265,50.59783169],[-125.77325426,50.59772024],[-125.77347587,50.5976088],[-125.7736967,50.59749664],[-125.77391753,50.59738448],[-125.77413875,50.59727268],[-125.77436438,50.59716338],[-125.77459214,50.59705549],[-125.77482046,50.59694761],[-125.77504666,50.5968383],[-125.77526804,50.59672614],[-125.77548233,50.59661007],[-125.77568717,50.59648794],[-125.77588028,50.5963587],[-125.77605913,50.59622055],[-125.77622664,50.59607564],[-125.77638627,50.59592609],[-125.77654243,50.59577442],[-125.7766982,50.59562238],[-125.77685687,50.59547248],[-125.77702343,50.59532721],[-125.77720038,50.59518835],[-125.77739236,50.59505911],[-125.77760301,50.59494125],[-125.7778279,50.5948323],[-125.77806185,50.59472905],[-125.77829909,50.59462828],[-125.77853481,50.59452716],[-125.77876713,50.59442498],[-125.77900312,50.59432564],[-125.77924107,50.59422808],[-125.77948019,50.59413159],[-125.77971891,50.59403474],[-125.77995647,50.59393683],[-125.78019056,50.59383678],[-125.78042152,50.59373388],[-125.78064668,50.59362671],[-125.78084688,50.59350138],[-125.7810273,50.59336109],[-125.78121488,50.59322579],[-125.78142837,50.59310901],[-125.78164991,50.59299649],[-125.78187748,50.59288897],[-125.78211168,50.59278749],[-125.7823528,50.59269385],[-125.78260025,50.59260804],[-125.78285028,50.59252508],[-125.78310208,50.59244426],[-125.78335527,50.59236521],[-125.78361003,50.59228759],[-125.78386595,50.59221104],[-125.78412266,50.5921352],[-125.78437937,50.59205937],[-125.78463551,50.59198353],[-125.78489143,50.59190698],[-125.78514658,50.59182971],[-125.78540072,50.59175102],[-125.78565681,50.59167412],[-125.78586047,50.59161537],[-125.78591524,50.59159935],[-125.78617502,50.59152529],[-125.7864344,50.59145087],[-125.78669206,50.59137539],[-125.78694753,50.59129741],[-125.78719872,50.59121552],[-125.78744465,50.59112936],[-125.78768434,50.59103749],[-125.78791426,50.59093673],[-125.7881274,50.59082066],[-125.78832708,50.59069284],[-125.78852013,50.59055896],[-125.78871295,50.59042437],[-125.78891046,50.59029406],[-125.78911986,50.59017407],[-125.78934912,50.59007117],[-125.78960417,50.58998821],[-125.78987033,50.58991486],[-125.79013229,50.58983974],[-125.79037531,50.58975143],[-125.79058376,50.58963928],[-125.79075304,50.58950113],[-125.79089518,50.58934589],[-125.79102513,50.58918211],[-125.79115694,50.58901797],[-125.79130373,50.58886237],[-125.79147892,50.58872244],[-125.7916786,50.58859462],[-125.79189203,50.58847321],[-125.7921072,50.58835286],[-125.7923138,50.58822931],[-125.79250016,50.5880965],[-125.79265447,50.58794981],[-125.79277001,50.58778567],[-125.79286133,50.5876112],[-125.79294673,50.58743389],[-125.79304381,50.58726263],[-125.79316936,50.58710454],[-125.79333774,50.5869671],[-125.79353252,50.58684249],[-125.79374564,50.58672641],[-125.79397044,50.58661639],[-125.79420307,50.58650993],[-125.79443683,50.58640347],[-125.7946675,50.58629523],[-125.79488952,50.58618165],[-125.7950979,50.58606024],[-125.79529991,50.58593455],[-125.79549941,50.58580709],[-125.7956964,50.58567784],[-125.79589009,50.5855461],[-125.79608054,50.58541294],[-125.79626752,50.58527764],[-125.79645047,50.5851402],[-125.79662924,50.58500098],[-125.79680268,50.58485999],[-125.79696473,50.58471116],[-125.79711131,50.58455129],[-125.79724902,50.58438537],[-125.79738275,50.58421838],[-125.79751887,50.5840546],[-125.79766285,50.583899],[-125.79782015,50.58375658],[-125.7979977,50.58363161],[-125.79821239,50.58354152],[-125.7984894,50.5835134],[-125.79879809,50.58351518],[-125.7991026,50.58351162],[-125.79936743,50.58346675],[-125.79958537,50.58336635],[-125.7997793,50.58323176],[-125.79994833,50.58307652],[-125.79999943,50.58301777],[-125.80009045,50.58291309],[-125.80019818,50.58275002],[-125.80024013,50.58257093],[-125.80025442,50.582384],[-125.80029374,50.58220455],[-125.80040426,50.58204504],[-125.80055514,50.58189728],[-125.80072517,50.58175521],[-125.80090807,50.58161671],[-125.80109684,50.58147998],[-125.80128501,50.58134219],[-125.80146707,50.5812019],[-125.80163509,50.58105699],[-125.80178941,50.58090674],[-125.80194048,50.58075506],[-125.80208848,50.5806016],[-125.80223323,50.58044672],[-125.80237457,50.58029077],[-125.80251228,50.58013304],[-125.80264584,50.57997459],[-125.80277504,50.57981472],[-125.80289987,50.57965343],[-125.80301731,50.57949001],[-125.80311746,50.57932052],[-125.80320599,50.57914606],[-125.80328768,50.57896946],[-125.80336808,50.57879321],[-125.80345363,50.5786191],[-125.80355004,50.57844926],[-125.80366209,50.57828655],[-125.80379608,50.57813309],[-125.80395579,50.57799031],[-125.80412754,50.57784932],[-125.8043049,50.57770832],[-125.80448881,50.57756768],[-125.80467822,50.57742846],[-125.80487349,50.57729103],[-125.80507358,50.57715644],[-125.80527941,50.57702505],[-125.80548993,50.57689794],[-125.80571537,50.57677012],[-125.80586876,50.57668859],[-125.80592456,50.57665868],[-125.80614855,50.57654794],[-125.80637642,50.57644433],[-125.80660839,50.57634856],[-125.80684412,50.57626132],[-125.807085,50.57618442],[-125.80733813,50.57612175],[-125.80760199,50.57607297],[-125.8078761,50.57603559],[-125.80815722,50.57600817],[-125.80844395,50.57598894],[-125.80873473,50.57597648],[-125.80902778,50.57596865],[-125.80932137,50.57596437],[-125.80961332,50.57596117],[-125.80990153,50.57595761],[-125.8101857,50.57595191],[-125.81046662,50.57594835],[-125.81074851,50.57594978],[-125.81103038,50.57595476],[-125.81131223,50.57596331],[-125.81159457,50.57597434],[-125.81187663,50.57598716],[-125.81215929,50.57600105],[-125.81244156,50.57601458],[-125.812724,50.57602775],[-125.81300656,50.5760395],[-125.81328902,50.57604912],[-125.81357133,50.57605552],[-125.81385328,50.57605802],[-125.81413502,50.57605624],[-125.81441674,50.57604983],[-125.81469918,50.57604306],[-125.81498163,50.5760363],[-125.81526425,50.57602918],[-125.81554686,50.57602206],[-125.81582982,50.57601422],[-125.81611334,50.57600639],[-125.81639664,50.57599784],[-125.81667955,50.57598894],[-125.81696296,50.57597897],[-125.81724599,50.57596865],[-125.81752897,50.57595725],[-125.8178119,50.57594479],[-125.81809461,50.57593162],[-125.81837687,50.57591702],[-125.81865836,50.57590171],[-125.81894014,50.57588462],[-125.8192213,50.57586646],[-125.81950147,50.57584688],[-125.81978136,50.57582551],[-125.82006082,50.57580273],[-125.82033944,50.57577816],[-125.82061723,50.57575181],[-125.82089436,50.57572333],[-125.82117049,50.57569342],[-125.8214453,50.57565924],[-125.8217173,50.57561687],[-125.82198687,50.57556666],[-125.8222543,50.57551041],[-125.82251979,50.57544881],[-125.82278396,50.57538294],[-125.82304668,50.57531422],[-125.82330914,50.57524372],[-125.82357138,50.57517251],[-125.823834,50.57510166],[-125.82409634,50.57503259],[-125.82436028,50.574966],[-125.82462533,50.57490298],[-125.8248923,50.5748453],[-125.82516087,50.57479367],[-125.82543616,50.5747538],[-125.82571887,50.57472887],[-125.8260043,50.57471819],[-125.8262887,50.5747214],[-125.82656865,50.57473742],[-125.8268462,50.57476199],[-125.82712327,50.57479225],[-125.82739998,50.57482679],[-125.82767649,50.57486524],[-125.82795238,50.57490619],[-125.82822815,50.57494856],[-125.82850375,50.57499128],[-125.82877935,50.57503401],[-125.82905429,50.5750746],[-125.82932974,50.57511412],[-125.82960592,50.57515329],[-125.82988171,50.5751921],[-125.83015734,50.57523126],[-125.83043318,50.57527114],[-125.83070829,50.57531138],[-125.83098329,50.57535303],[-125.83125704,50.57539612],[-125.8315305,50.57544098],[-125.83180311,50.57548762],[-125.83207437,50.57553711],[-125.83234404,50.57558874],[-125.83261342,50.57564215],[-125.83288212,50.57569698],[-125.83315014,50.57575324],[-125.83341782,50.5758102],[-125.83368499,50.57586824],[-125.83395166,50.57592735],[-125.83421815,50.57598681],[-125.8344843,50.57604698],[-125.83475046,50.57610715],[-125.83501644,50.57616768],[-125.83528226,50.57622857],[-125.83554825,50.57628909],[-125.83581423,50.57634962],[-125.83608056,50.57640944],[-125.83634706,50.5764689],[-125.83661429,50.57652801],[-125.83699719,50.57663838],[-125.83725373,50.57671636],[-125.83750919,50.5767954],[-125.83776505,50.5768748],[-125.83802108,50.57695384],[-125.83827756,50.57703075],[-125.8385358,50.57710517],[-125.8387948,50.57717566],[-125.83905617,50.57724118],[-125.83931971,50.577301],[-125.83958609,50.57735369],[-125.83985752,50.57739464],[-125.84013407,50.57742134],[-125.84041478,50.57743701],[-125.84069833,50.57744555],[-125.84098357,50.57745054],[-125.84126938,50.57745552],[-125.84155349,50.57746407],[-125.84183588,50.57747973],[-125.84211599,50.57750252],[-125.84239547,50.5775278],[-125.84267522,50.57755486],[-125.84295429,50.57758334],[-125.84323285,50.5776129],[-125.8435118,50.57764281],[-125.84379093,50.57767236],[-125.84406983,50.5777012],[-125.84434924,50.57772897],[-125.84462838,50.57775496],[-125.84490798,50.57777882],[-125.84518783,50.57779982],[-125.84546751,50.57781763],[-125.84574886,50.5778308],[-125.84603045,50.57783757],[-125.84631292,50.57783899],[-125.84659591,50.57783579],[-125.84687949,50.57782902],[-125.84716218,50.57781941],[-125.84744387,50.57780837],[-125.84772568,50.57779591],[-125.84800672,50.57777917],[-125.84828791,50.57775745],[-125.84856755,50.57773075],[-125.84884564,50.57769906],[-125.84912163,50.57766239],[-125.84939903,50.57762394],[-125.84967705,50.57758299],[-125.84995276,50.57753635],[-125.85022166,50.57748045],[-125.85048021,50.57741102],[-125.85072801,50.5773277],[-125.85097426,50.5772394],[-125.85121997,50.57714754],[-125.85146401,50.57705212],[-125.85170488,50.57695278],[-125.85194111,50.57685023],[-125.85217231,50.57674413],[-125.8523968,50.57663447],[-125.85261329,50.5765216],[-125.85282122,50.57640552],[-125.85300035,50.57627343],[-125.85312128,50.57610822],[-125.85320339,50.57592806],[-125.85326395,50.57575074],[-125.8532934,50.57557165],[-125.85330117,50.57538864],[-125.85330654,50.57520598],[-125.85332904,50.57502618],[-125.85338796,50.57485349],[-125.85348227,50.5746865],[-125.85358837,50.57451951],[-125.85370628,50.57435359],[-125.85383556,50.57419088],[-125.8539766,50.57403172],[-125.85412893,50.57387826],[-125.85429261,50.57373157],[-125.85446712,50.57359271],[-125.85465393,50.57346097],[-125.8548507,50.57333422],[-125.85505624,50.57321138],[-125.85526737,50.5730921],[-125.85548365,50.57297496],[-125.85570222,50.57285889],[-125.85592118,50.57274317],[-125.85613897,50.57262638],[-125.85635369,50.57250782],[-125.85656286,50.57238676],[-125.85676567,50.57226143],[-125.85696552,50.5721329],[-125.85715956,50.57200009],[-125.85734214,50.57186194],[-125.85750776,50.57171703],[-125.85765022,50.57156428],[-125.85776755,50.57140192],[-125.85786911,50.57123386],[-125.8579653,50.57106296],[-125.85806568,50.57089383],[-125.85817972,50.57072898],[-125.85830076,50.57056591],[-125.85842975,50.57040497],[-125.85857552,50.57025116],[-125.8587421,50.5701066],[-125.85891321,50.56996311],[-125.85908522,50.56981891],[-125.85925835,50.56967471],[-125.85943299,50.56953087],[-125.85960881,50.56938809],[-125.85978709,50.56924602],[-125.85996715,50.5691061],[-125.86014972,50.56896795],[-125.86033502,50.56883229],[-125.86052328,50.56869984],[-125.8607145,50.56857059],[-125.86090928,50.56844562],[-125.86112275,50.56833667],[-125.8613951,50.56827934],[-125.86168875,50.56825371],[-125.8619695,50.56823982],[-125.86225103,50.5682384],[-125.86253408,50.56824552],[-125.86281755,50.56825762],[-125.86310047,50.56826973],[-125.86338362,50.56827899],[-125.86366686,50.56829394],[-125.86394169,50.56832883],[-125.86422165,50.56838117],[-125.86449256,50.56845131],[-125.86471133,50.56855315],[-125.86486783,50.56869735],[-125.86497642,50.56887146],[-125.8650325,50.5690534],[-125.86505531,50.56923107],[-125.86507536,50.56940981],[-125.86509245,50.5695889],[-125.86510656,50.56976835],[-125.86511809,50.56994851],[-125.86512721,50.57012903],[-125.86513353,50.57030955],[-125.86513687,50.57049043],[-125.86513815,50.57067094],[-125.86513662,50.57085146],[-125.86513246,50.57103163],[-125.86512623,50.57121143],[-125.86511754,50.57139053],[-125.86510359,50.57156891],[-125.86505231,50.57174444],[-125.86497122,50.57191784],[-125.86488318,50.57209053],[-125.86481206,50.57226535],[-125.86476535,50.57244658],[-125.86473023,50.57263172],[-125.86469036,50.57281509],[-125.86463107,50.57299098],[-125.86453585,50.57315405],[-125.86439116,50.57329861],[-125.86420288,50.57342643],[-125.86398568,50.57354322],[-125.86375173,50.57365395],[-125.86351516,50.57376433],[-125.86328966,50.57387969],[-125.86308838,50.57400537],[-125.86292392,50.57414673],[-125.86279,50.57430161],[-125.8626765,50.57446539],[-125.86257732,50.57463559],[-125.86248597,50.57480934],[-125.86239613,50.57498345],[-125.86230154,50.57515578],[-125.86219475,50.57532312],[-125.86207057,50.57548228],[-125.8619193,50.57563004],[-125.86173313,50.57576285],[-125.86152289,50.57588497],[-125.8613008,50.5760014],[-125.86107944,50.57611748],[-125.8608662,50.57623533],[-125.86065084,50.57635176],[-125.86043335,50.57646676],[-125.86021469,50.5765807],[-125.85999507,50.57669428],[-125.85977641,50.57680822],[-125.85955948,50.57692322],[-125.85934506,50.57704001],[-125.8591345,50.57715929],[-125.85893153,50.57728497],[-125.85874576,50.57742633],[-125.85856752,50.57757302],[-125.85838489,50.57771366],[-125.8581876,50.57783685],[-125.85796287,50.57792943],[-125.85768957,50.57796753],[-125.85739113,50.57797607],[-125.85710089,50.57799209],[-125.85685606,50.57805511],[-125.85669145,50.57820145],[-125.85654906,50.57836702],[-125.85641068,50.57852653],[-125.85628113,50.57869102],[-125.85613907,50.57884769],[-125.85596268,50.57898227],[-125.8557489,50.57909301],[-125.85551506,50.57919057],[-125.85526791,50.57927958],[-125.855015,50.57936539],[-125.85476232,50.57945191],[-125.85451773,50.57954377],[-125.85428287,50.57964346],[-125.85405095,50.57974636],[-125.85382155,50.57985104],[-125.85359355,50.5799575],[-125.85336728,50.58006503],[-125.85314178,50.58017327],[-125.85291964,50.58028507],[-125.85270519,50.58040542],[-125.85249403,50.58052825],[-125.85227953,50.58064753],[-125.85205571,50.58075577],[-125.85181763,50.58084692],[-125.85156181,50.58091884],[-125.85129394,50.58097724],[-125.8510176,50.58102637],[-125.85073652,50.58107017],[-125.8504546,50.58111218],[-125.85017503,50.58115633],[-125.84990115,50.58120618],[-125.84963821,50.58126599],[-125.8493886,50.58133898],[-125.84915382,50.58142907],[-125.84892059,50.58153588],[-125.8486925,50.58165658],[-125.84847618,50.58178904],[-125.84827905,50.58193181],[-125.84810823,50.58208171],[-125.84797041,50.58223766],[-125.84787329,50.58239646],[-125.8478177,50.58255989],[-125.84779683,50.58273044],[-125.84780353,50.58290668],[-125.84783023,50.58308685],[-125.84787093,50.58327057],[-125.84791881,50.58345572],[-125.84796634,50.58364158],[-125.8480071,50.58382637],[-125.84803413,50.58400938],[-125.84804401,50.58418954],[-125.84804975,50.58436899],[-125.84805308,50.5845488],[-125.84805529,50.5847286],[-125.84805582,50.58490841],[-125.84805578,50.58508822],[-125.84805463,50.58526802],[-125.84805292,50.58544783],[-125.84805065,50.58562764],[-125.84804838,50.58580744],[-125.84804611,50.58598725],[-125.8480444,50.58616705],[-125.84804326,50.58634686],[-125.84804211,50.58652667],[-125.84804041,50.58670647],[-125.84803646,50.58688628],[-125.84803179,50.58706644],[-125.84802655,50.58724661],[-125.84802149,50.58742641],[-125.84801738,50.58760657],[-125.848014,50.58778638],[-125.84801286,50.58796619],[-125.84801415,50.58814564],[-125.84801879,50.58832509],[-125.84802624,50.58850454],[-125.84804004,50.58868363],[-125.84808401,50.58886059],[-125.84814964,50.58903684],[-125.84821376,50.58921273],[-125.84825403,50.5893904],[-125.84826744,50.58956914],[-125.84827209,50.58974859],[-125.84827154,50.58992839],[-125.84826593,50.5901082],[-125.84825847,50.59028836],[-125.8482499,50.59046852],[-125.84824205,50.59064833],[-125.84823701,50.59082814],[-125.84823685,50.5910083],[-125.84824006,50.59118846],[-125.84824495,50.59136862],[-125.84824911,50.59154914],[-125.84825176,50.5917293],[-125.84825009,50.59190911],[-125.84824298,50.59208856],[-125.84822725,50.5922673],[-125.84820215,50.59244568],[-125.8481609,50.59262264],[-125.84810653,50.59279889],[-125.84804297,50.59297442],[-125.84797454,50.5931496],[-125.84790666,50.59332478],[-125.84784422,50.59350031],[-125.84779081,50.59367691],[-125.84774457,50.59385494],[-125.84770585,50.59403368],[-125.84767817,50.59421277],[-125.84766565,50.59439186],[-125.84767796,50.5945706],[-125.84771104,50.59474934],[-125.8477239,50.59480702],[-125.84775084,50.59492808],[-125.84778263,50.59510717],[-125.84780084,50.59528769],[-125.84781607,50.59546857],[-125.84784281,50.59564766],[-125.84789476,50.59582213],[-125.8479951,50.59598805],[-125.848129,50.59614827],[-125.84825516,50.59631063],[-125.84835375,50.59647904],[-125.84844701,50.59664924],[-125.84853415,50.5968205],[-125.84861333,50.59699318],[-125.84868414,50.59716694],[-125.84874103,50.59734283],[-125.8487844,50.59752121],[-125.84881525,50.59769995],[-125.84883023,50.59787904],[-125.84882805,50.59805885],[-125.84882233,50.59823901],[-125.84882632,50.59841882],[-125.84883873,50.59859862],[-125.84885411,50.59877807],[-125.84887061,50.59895752],[-125.84888694,50.59913733],[-125.84890177,50.59931678],[-125.84891323,50.59949623],[-125.84892003,50.59967604],[-125.84891635,50.59985549],[-125.84890518,50.60000004],[-125.8489024,50.60003529],[-125.84888525,50.60021474],[-125.84887186,50.60039455],[-125.84886875,50.600574],[-125.84887387,50.60075381],[-125.84888254,50.60093326],[-125.84889384,50.60111306],[-125.84890682,50.60129287],[-125.8489211,50.60147232],[-125.8489365,50.60165177],[-125.8489523,50.60183158],[-125.8489677,50.60201103],[-125.84898423,50.60219048],[-125.84900076,50.60236993],[-125.84901841,50.60254938],[-125.84903662,50.60272883],[-125.84905613,50.60290792],[-125.84907603,50.60308737],[-125.84909649,50.60326682],[-125.84911937,50.60344592],[-125.84914881,50.60362537],[-125.84918313,50.60380518],[-125.84921762,50.60398463],[-125.84924931,50.60416408],[-125.84927405,50.60434281],[-125.84928886,50.6045212],[-125.84928567,50.60469851],[-125.84920817,50.60487048],[-125.84910632,50.60504175],[-125.84905332,50.60521764],[-125.8490214,50.60539637],[-125.84899812,50.60557582],[-125.8489814,50.60575563],[-125.84896917,50.60593544],[-125.8489465,50.60611952],[-125.84891824,50.60630822],[-125.84893105,50.60648732],[-125.84902938,50.60664469],[-125.84917696,50.60679174],[-125.84935009,50.60693345],[-125.84954187,50.60707018],[-125.84974685,50.60720156],[-125.84995814,50.60732796],[-125.85017046,50.60744866],[-125.85038996,50.60755904],[-125.85062622,50.60765659],[-125.85087244,50.60774739],[-125.85112007,50.6078364],[-125.85136269,50.60793004],[-125.85160481,50.60802475],[-125.85184804,50.60811946],[-125.8520775,50.60822307],[-125.85229202,50.60834627],[-125.8525001,50.60849474],[-125.85259645,50.60864927],[-125.85252823,50.60880771],[-125.85236294,50.60896972],[-125.85215481,50.60910858],[-125.85193195,50.60921361],[-125.85168166,50.60930084],[-125.8514141,50.60937134],[-125.85114178,50.60942475],[-125.8508689,50.60946285],[-125.85059045,50.60949026],[-125.85030883,50.6095102],[-125.85002571,50.60952622],[-125.84974237,50.60954154],[-125.84946014,50.60956041],[-125.84917518,50.60957322],[-125.8488852,50.60957892],[-125.84859678,50.60958604],[-125.84831506,50.60960384],[-125.84804588,50.60964123],[-125.8477862,50.60970461],[-125.84751259,50.60978543],[-125.84724468,50.6098837],[-125.84700757,50.60999977],[-125.84682688,50.61013401],[-125.84672529,50.61028711],[-125.84666254,50.61045054],[-125.84661727,50.61061966],[-125.84658629,50.61079413],[-125.84656843,50.61097287],[-125.84656082,50.61115481],[-125.84656044,50.61133924],[-125.84656611,50.6115251],[-125.84657482,50.61171167],[-125.84658408,50.61189825],[-125.84659274,50.61208375],[-125.8465968,50.61226712],[-125.84659588,50.61244799],[-125.84659732,50.61262744],[-125.84660421,50.61280725],[-125.84661559,50.61298705],[-125.84662921,50.61316686],[-125.84664283,50.61334667],[-125.84665534,50.61352647],[-125.84666408,50.61370592],[-125.84666761,50.61388573],[-125.84666345,50.61406518],[-125.84664824,50.61424427],[-125.84662389,50.61442373],[-125.84659539,50.61460246],[-125.84656503,50.61478156],[-125.8465386,50.61496065],[-125.84651874,50.6151401],[-125.84649387,50.61532418],[-125.84646803,50.61551146],[-125.84647511,50.61569092],[-125.84655195,50.61585114],[-125.84674265,50.61597967],[-125.84698177,50.6160961],[-125.84717567,50.61622855],[-125.84728882,50.61638913],[-125.84738746,50.61655897],[-125.84747144,50.61673486],[-125.84753818,50.61691396],[-125.84758567,50.61709341],[-125.84761084,50.61727143],[-125.84760594,50.61744661],[-125.84756142,50.6176225],[-125.84748828,50.61779839],[-125.84739994,50.61797321],[-125.84730835,50.61814661],[-125.8472198,50.61831716],[-125.847122,50.61848593],[-125.84701758,50.61865327],[-125.84691109,50.61882026],[-125.84680555,50.6189876],[-125.84670489,50.6191553],[-125.84661331,50.61932514],[-125.84653346,50.61949747],[-125.84646745,50.61967372],[-125.84642119,50.6198521],[-125.84639794,50.62003048],[-125.84640387,50.62020886],[-125.84643287,50.62038831],[-125.84647438,50.62056741],[-125.84651809,50.62074543],[-125.84655331,50.62092595],[-125.84658954,50.6211079],[-125.84663999,50.62128592],[-125.8467192,50.6214554],[-125.84684341,50.62161171],[-125.84701206,50.62175484],[-125.84720139,50.62189228],[-125.84738762,50.6220315],[-125.84754593,50.62218104],[-125.84767681,50.6223434],[-125.84781,50.62250327],[-125.8479767,50.62264462],[-125.84818147,50.62276496],[-125.84840463,50.62287498],[-125.84863797,50.62297895],[-125.84887368,50.62308149],[-125.84910409,50.62318689],[-125.84929138,50.62333572],[-125.84946871,50.623476],[-125.8496462,50.62361593],[-125.84982314,50.62375586],[-125.84999918,50.6238965],[-125.85017376,50.62403785],[-125.85034671,50.62418027],[-125.85051416,50.62432483],[-125.85067851,50.62447117],[-125.85084157,50.62461786],[-125.85100795,50.62476349],[-125.85117889,50.62490662],[-125.85135275,50.62504833],[-125.85152825,50.62518897],[-125.85170341,50.62533032],[-125.85187873,50.62547132],[-125.85205996,50.62561053],[-125.85223934,50.62575011],[-125.85241046,50.62589288],[-125.85256416,50.62604278],[-125.85270156,50.6261998],[-125.85282503,50.62636252],[-125.85293299,50.6265295],[-125.8530263,50.62669899],[-125.85310978,50.62687025],[-125.8531881,50.62704293],[-125.85326215,50.62721633],[-125.85333232,50.6273908],[-125.85339935,50.62756597],[-125.85346414,50.62774115],[-125.85352708,50.62791668],[-125.85358721,50.62809222],[-125.85363976,50.62826953],[-125.85368692,50.62844756],[-125.85373094,50.6286263],[-125.85377422,50.62880539],[-125.85381898,50.62898377],[-125.85386817,50.62916109],[-125.85392348,50.62933733],[-125.85398767,50.62951144],[-125.85406298,50.62968342],[-125.85415217,50.62985218],[-125.85425231,50.63001917],[-125.85436245,50.63018403],[-125.85448073,50.6303471],[-125.85460587,50.63050875],[-125.85473601,50.63066933],[-125.85487076,50.63082848],[-125.85500793,50.63098728],[-125.85514673,50.63114501],[-125.85528514,50.63130239],[-125.85542186,50.63145976],[-125.8555641,50.631615],[-125.85571258,50.63176775],[-125.85586583,50.63191871],[-125.8560224,50.63206861],[-125.85617954,50.63221851],[-125.85633555,50.63236841],[-125.85648864,50.63251973],[-125.85664044,50.63267141],[-125.85679225,50.63282309],[-125.85694405,50.63297476],[-125.85709586,50.63312644],[-125.85724711,50.63327812],[-125.85739892,50.6334298],[-125.85754944,50.63358183],[-125.8576967,50.633736],[-125.85784323,50.63389053],[-125.85798994,50.6340447],[-125.85814013,50.63419745],[-125.85829577,50.63434699],[-125.85845873,50.63449297],[-125.85863416,50.63463397],[-125.85882719,50.63476749],[-125.85903691,50.63489068],[-125.85926106,50.63499892],[-125.8595058,50.63508509],[-125.8597702,50.63515238],[-125.86003763,50.63521683],[-125.86029223,50.63529409],[-125.86052442,50.63539485],[-125.86074097,50.63551199],[-125.8609429,50.63563982],[-125.86113145,50.63577334],[-125.86130268,50.63591611],[-125.86146464,50.63606423],[-125.86162678,50.63621199],[-125.86179128,50.63635833],[-125.86195448,50.63650502],[-125.86211696,50.63665207],[-125.86227815,50.63679948],[-125.86243973,50.63694724],[-125.86260721,50.63709322],[-125.86276992,50.63724098],[-125.86291274,50.63739515],[-125.86302775,50.63755823],[-125.8631236,50.63772735],[-125.86320895,50.63789968],[-125.86329503,50.63807165],[-125.86339571,50.63824363],[-125.86344058,50.63841845],[-125.86340674,50.63859469],[-125.86334747,50.6387713],[-125.86328129,50.63894825],[-125.86322544,50.63912592],[-125.86319766,50.63930359],[-125.86320221,50.63948411],[-125.86323652,50.63966463],[-125.86330218,50.63983945],[-125.86339704,50.64000715],[-125.86351084,50.64017165],[-125.86363374,50.64033472],[-125.86375607,50.64049779],[-125.86386768,50.64066336],[-125.86396839,50.64083177],[-125.86406523,50.64100125],[-125.8641528,50.64117251],[-125.86422533,50.64134591],[-125.86427814,50.6415218],[-125.86431197,50.64169983],[-125.86433709,50.64187963],[-125.86436295,50.64205908],[-125.86440055,50.64223747],[-125.86444595,50.64241478],[-125.86449416,50.64259209],[-125.86454013,50.64276941],[-125.86457903,50.64294743],[-125.8645954,50.64312795],[-125.8646056,50.64330847],[-125.86464462,50.64348507],[-125.86471738,50.64365918],[-125.86481228,50.64383044],[-125.86493184,50.64399352],[-125.8650749,50.64414733],[-125.86523144,50.64429758],[-125.86539956,50.64444357],[-125.86557735,50.64458456],[-125.8657642,50.64471951],[-125.86596071,50.64484947],[-125.86616942,50.64497622],[-125.86638764,50.64509479],[-125.86661352,50.64520196],[-125.86685129,50.64528883],[-125.86714483,50.64529382],[-125.8674079,50.64523293],[-125.8676618,50.6451571],[-125.86791319,50.64507236],[-125.86816212,50.64498334],[-125.86840971,50.64489362],[-125.86865644,50.64480567],[-125.868902,50.64471666],[-125.86914717,50.64462729],[-125.86939171,50.64453685],[-125.86963548,50.6444457],[-125.86987885,50.6443542],[-125.87012183,50.64426234],[-125.87036481,50.64417047],[-125.87060913,50.64407932],[-125.87085659,50.64399102],[-125.8711054,50.64390343],[-125.87135246,50.64381478],[-125.87159522,50.6437222],[-125.87183091,50.64362322],[-125.87205628,50.64351641],[-125.87227325,50.64340247],[-125.87248764,50.64328568],[-125.87269928,50.64316641],[-125.87290801,50.64304499],[-125.87311478,50.6429218],[-125.87331919,50.64279647],[-125.87352091,50.64266971],[-125.87372089,50.64254189],[-125.87391857,50.642413],[-125.87411451,50.64228304],[-125.87430877,50.64215308],[-125.87449035,50.64201671],[-125.87464787,50.64186717],[-125.87479693,50.641713],[-125.87495406,50.6415631],[-125.8751426,50.64142745],[-125.87534398,50.64129784],[-125.8755025,50.64115329],[-125.87560959,50.64098701],[-125.87568396,50.64081041],[-125.87573021,50.64063274],[-125.87571116,50.64045542],[-125.87566169,50.64027597],[-125.87564412,50.64009439],[-125.87564058,50.6399128],[-125.87569025,50.63973976],[-125.87585093,50.63958594],[-125.87608648,50.63949551],[-125.87635761,50.63943177],[-125.87661664,50.63935807],[-125.87687366,50.63928152],[-125.87711196,50.63918645],[-125.87733766,50.63907893],[-125.87755882,50.63896677],[-125.87777488,50.63884998],[-125.8779859,50.63872964],[-125.8781913,50.63860573],[-125.87839094,50.63847862],[-125.87858536,50.63834831],[-125.8787763,50.63821585],[-125.8789655,50.63808233],[-125.87915543,50.63794846],[-125.87934637,50.63781601],[-125.87954135,50.63768569],[-125.87974098,50.63755858],[-125.87994526,50.63743468],[-125.88015318,50.63731255],[-125.88036189,50.63719114],[-125.88056887,50.63706865],[-125.88077236,50.63694404],[-125.8809716,50.63681657],[-125.88116791,50.63668697],[-125.88135941,50.63655451],[-125.88154743,50.63641993],[-125.88174358,50.63629068],[-125.88194741,50.63616535],[-125.88215326,50.63603931],[-125.882365,50.63591861],[-125.88258799,50.63580965],[-125.88282661,50.63571744],[-125.88308142,50.63563839],[-125.88334693,50.6355711],[-125.88361864,50.63551555],[-125.88389151,50.63547176],[-125.88416966,50.63544755],[-125.88445312,50.63543936],[-125.88473808,50.63543509],[-125.88502076,50.63542262],[-125.88530162,50.63539272],[-125.88558161,50.63537883],[-125.88587001,50.6353945],[-125.88613756,50.63544577],[-125.88636682,50.63555757],[-125.88651189,50.63571067],[-125.88656093,50.63588514],[-125.88656447,50.63607028],[-125.88653816,50.63624973],[-125.88645415,50.6364242],[-125.88646535,50.63660151],[-125.88656672,50.63677099],[-125.88667465,50.63689597],[-125.90195607,50.63677812],[-125.92470278,50.63659867],[-125.9360755,50.63650716],[-125.93705575,50.63650111],[-125.93759114,50.6364979],[-125.93762953,50.6365093],[-125.93766821,50.63650823],[-125.93826273,50.63649399],[-125.93857924,50.63649185],[-125.9391152,50.63648864],[-125.94009488,50.63648259],[-125.94051486,50.6364801],[-125.94075539,50.63644521],[-125.94130176,50.6363537],[-125.94183916,50.63624083],[-125.94236428,50.63610767],[-125.94287931,50.63596026],[-125.94339025,50.63580609],[-125.9436458,50.63572883],[-125.94441794,50.63550558],[-125.94493577,50.63536174],[-125.94571435,50.6351474],[-125.94649113,50.63493092],[-125.94726348,50.63470838],[-125.9480342,50.63448336],[-125.94905887,50.63417965],[-125.94957,50.63402619],[-125.95033526,50.63379368],[-125.95084297,50.6336356],[-125.9515979,50.63338814],[-125.95209893,50.63322044],[-125.95310686,50.63289394],[-125.95361763,50.63274119],[-125.95466244,50.63246953],[-125.95546226,50.63229079],[-125.95681471,50.63202375],[-125.95762976,50.63187563],[-125.95817656,50.63178662],[-125.95900327,50.63166485],[-125.95983153,50.63154806],[-125.96038309,50.63146795],[-125.96148065,50.63129455],[-125.96258157,50.63113184],[-125.96369582,50.63100971],[-125.96481784,50.63092212],[-125.96594657,50.63086658],[-125.96651126,50.6308559],[-125.96792104,50.63091215],[-125.96876715,50.63094847],[-125.9693324,50.63095559],[-125.97046273,50.63094527],[-125.97130961,50.63091714],[-125.97215542,50.6308794],[-125.97243727,50.63086622],[-125.97354615,50.630753],[-125.97465021,50.63059776],[-125.97576717,50.63046032],[-125.9768899,50.63032965],[-125.97773112,50.63022924],[-125.97884588,50.6300822],[-125.98021892,50.62986144],[-125.98129192,50.62964247],[-125.9828693,50.62925081],[-125.98416426,50.62888657],[-125.98442226,50.62881109],[-125.98519466,50.62858321],[-125.98596649,50.62835534],[-125.98699923,50.62805768],[-125.98751783,50.62791419],[-125.98882721,50.62757986],[-125.99016161,50.62729466],[-125.99097678,50.62714832],[-125.99152578,50.62706038],[-125.99313948,50.6268147],[-125.99396636,50.62669578],[-125.9956407,50.62652594],[-125.99647313,50.62642376],[-125.99730219,50.62631089],[-125.99893549,50.62602249],[-125.99920215,50.62596303],[-125.9997344,50.62584161],[-126.00025952,50.62570916],[-126.0007765,50.62556425],[-126.00129241,50.62541684],[-126.00180911,50.62527015],[-126.00206791,50.62519644],[-126.00350371,50.6246289],[-126.00395631,50.62441242],[-126.0048304,50.62395738],[-126.00594958,50.62314665],[-126.00649185,50.62273221],[-126.00685318,50.62245591],[-126.00741447,50.62205108],[-126.00930605,50.62048516],[-126.0098529,50.62007285],[-126.01058737,50.61952489],[-126.01077218,50.61938923],[-126.01119673,50.61915246],[-126.01142885,50.61904849],[-126.01192735,50.61888079],[-126.01246946,50.61877753],[-126.01494217,50.61839976],[-126.01744251,50.61810353],[-126.0177209,50.61807255],[-126.01911186,50.61791624],[-126.02106054,50.61769834],[-126.02161743,50.61763852],[-126.02329282,50.61747403],[-126.02469503,50.61736507],[-126.02609858,50.61726039],[-126.02693833,50.6171874],[-126.02749634,50.61713115],[-126.02777455,50.61710053],[-126.02916365,50.61693496],[-126.03055465,50.61677723],[-126.03167525,50.61667754],[-126.03195233,50.61664336],[-126.03440161,50.61620185],[-126.03466735,50.61614061],[-126.03518962,50.61600673],[-126.03544649,50.61593339],[-126.03595231,50.61577494],[-126.03669848,50.61551752],[-126.03719228,50.61534056],[-126.03793525,50.61507922],[-126.03867298,50.61481111],[-126.03942296,50.61456223],[-126.03968284,50.6144896],[-126.03994773,50.61442301],[-126.04049007,50.61432261],[-126.04161571,50.6142489],[-126.04413461,50.61446147],[-126.04521151,50.6146751],[-126.04547673,50.61473848],[-126.04627233,50.61492754],[-126.04786804,50.61529142],[-126.04841234,50.61539005],[-126.04951786,50.61553959],[-126.0497981,50.61556167],[-126.05036419,50.61558446],[-126.05092942,50.61557342],[-126.05260666,50.61541533],[-126.05398101,50.61519992],[-126.05475849,50.61499127],[-126.05618946,50.61440984],[-126.05665067,50.6142019],[-126.05737022,50.61391742],[-126.05761475,50.61382734],[-126.05886107,50.61340399],[-126.05911537,50.6133253],[-126.06013962,50.61302052],[-126.06039796,50.61294753],[-126.0614391,50.61266874],[-126.0617044,50.61260715],[-126.06197296,50.61255053],[-126.06330933,50.61225964],[-126.06460288,50.61189896],[-126.0651169,50.61174906],[-126.06588541,50.61152119],[-126.06639739,50.61136844],[-126.06716494,50.61114021],[-126.06793165,50.6109102],[-126.06895143,50.61060044],[-126.07073065,50.61005105],[-126.07123491,50.60988726],[-126.07173699,50.60972099],[-126.07350194,50.60915059],[-126.07375766,50.60907475],[-126.07506037,50.60873365],[-126.07532586,50.60867277],[-126.07693921,50.60834271],[-126.07721065,50.60829179],[-126.0782993,50.60809276],[-126.08020125,50.60774668],[-126.08074661,50.60765268],[-126.08129281,50.60756046],[-126.08347392,50.60718269],[-126.08428508,50.60702709],[-126.08482328,50.6069185],[-126.08536019,50.6068067],[-126.08670082,50.60652292],[-126.08750644,50.60635522],[-126.088584,50.6061391],[-126.08939423,50.60598066],[-126.09047486,50.60576987],[-126.09128368,50.60560965],[-126.09182202,50.6055007],[-126.09209096,50.60544551],[-126.09424144,50.60500151],[-126.09450898,50.60494454],[-126.09504394,50.60482847],[-126.0963721,50.60452333],[-126.09663632,50.60446031],[-126.09742918,50.6042684],[-126.09900411,50.6038682],[-126.09952465,50.60372791],[-126.10029946,50.60351001],[-126.10208769,50.60297379],[-126.10234228,50.60289546],[-126.10411283,50.60233361],[-126.10561634,50.60183478],[-126.10734476,50.60122415],[-126.10782515,50.60103331],[-126.10806236,50.60093468],[-126.10899287,50.60052558],[-126.10922076,50.60042054],[-126.11052999,50.59943641],[-126.1107114,50.59929791],[-126.11109699,50.59903799],[-126.11152346,50.59880442],[-126.11197249,50.59858367],[-126.11393748,50.59787904],[-126.1144657,50.59775086],[-126.11554378,50.59752477],[-126.11608375,50.59741688],[-126.11635309,50.59736312],[-126.11852898,50.59697253],[-126.11990655,50.59677742],[-126.12046283,50.59671582],[-126.12130077,50.59663143],[-126.12379294,50.59631704],[-126.12433998,50.59622625],[-126.12650919,50.59582106],[-126.12704934,50.59571389],[-126.12916902,50.59521969],[-126.12967819,50.59506516],[-126.13195452,50.59434309],[-126.13247126,50.59419746],[-126.13324842,50.5939824],[-126.13350682,50.59391012],[-126.13643778,50.59327101],[-126.13671711,50.5932436],[-126.13727719,50.59320479],[-126.13868952,50.59317132],[-126.1403823,50.59311755],[-126.14179315,50.59307768],[-126.14264021,50.59306664],[-126.1440521,50.5930734],[-126.14743996,50.59303958],[-126.14772166,50.59302854],[-126.14856919,50.59299863],[-126.14969768,50.59295092],[-126.15163101,50.59270062],[-126.15190018,50.59264472],[-126.15296238,50.59239939],[-126.15374888,50.59219645],[-126.15400819,50.59212452],[-126.15692723,50.59103928],[-126.15851832,50.59001562],[-126.15920889,50.58944559],[-126.15992616,50.58867224],[-126.16032247,50.58819477],[-126.16059375,50.58787931],[-126.16108212,50.5868464],[-126.16122151,50.58649783],[-126.1618649,50.58531075],[-126.16218889,50.58501914],[-126.16237628,50.58488313],[-126.16277755,50.58462748],[-126.16343611,50.58428389],[-126.16531767,50.5839403],[-126.16559886,50.58392072],[-126.16778212,50.58356396],[-126.16855053,50.58333359],[-126.16880693,50.58325704],[-126.16953865,50.58298786],[-126.17019795,50.58264855],[-126.17158562,50.58203044],[-126.17203626,50.58181396],[-126.17248337,50.58159427],[-126.17381175,50.58092454],[-126.17425317,50.58070023],[-126.17468813,50.58047057],[-126.17533666,50.58012307],[-126.1760048,50.57979229],[-126.1778691,50.57898085],[-126.18099086,50.5777514],[-126.18172691,50.57748472],[-126.18197232,50.57739571],[-126.18519115,50.57627307],[-126.18569273,50.57610786],[-126.18695292,50.57570303],[-126.18796832,50.57538828],[-126.19001905,50.57478549],[-126.19078893,50.57456117],[-126.19130353,50.57441234],[-126.19181801,50.57426494],[-126.19336696,50.5738277],[-126.19362504,50.57375578],[-126.19440153,50.57354001],[-126.19466236,50.57347058],[-126.19594354,50.57309958],[-126.19616436,50.57298885],[-126.19668681,50.57269332],[-126.19739075,50.57213112],[-126.19767518,50.57181957],[-126.19815383,50.57097466],[-126.19837723,50.57008844],[-126.19837298,50.56972919],[-126.19825569,50.56829216],[-126.19818199,50.5673942],[-126.19816719,50.56721474],[-126.19810423,50.56649659],[-126.19788958,50.56470458],[-126.19776682,50.56219227],[-126.19811376,50.55842773],[-126.19806114,50.55806918],[-126.19803049,50.55770922],[-126.19793188,50.55735672],[-126.19751101,50.55631135],[-126.19723007,50.55561527],[-126.19663066,50.55441609],[-126.19609606,50.55339244],[-126.19581431,50.55288399],[-126.19454307,50.55069036],[-126.19434011,50.55016589],[-126.19427157,50.54981055],[-126.1942001,50.54909382],[-126.1941649,50.54837388],[-126.194133,50.54783375],[-126.19403961,50.5469365],[-126.19375966,50.54532927],[-126.19332939,50.54428391],[-126.19327891,50.54410802],[-126.19321041,50.54375161],[-126.19320812,50.54212516],[-126.19338016,50.54141412],[-126.19346452,50.5412482],[-126.19375129,50.5409452],[-126.19490543,50.5401391],[-126.19531561,50.53989164],[-126.19727791,50.53887084],[-126.19862914,50.53862125],[-126.19891135,50.53858707],[-126.19974818,50.53849343],[-126.20031446,50.53850553],[-126.20116129,50.53850482],[-126.20590551,50.53892639],[-126.20727481,50.539145],[-126.20754685,50.53919307],[-126.20808746,50.53929419],[-126.20889229,50.53946118],[-126.21022349,50.53975955],[-126.21128256,50.54000772],[-126.21207176,50.54020319],[-126.21260543,50.54033457],[-126.21448557,50.54072374],[-126.2150313,50.54081168],[-126.21558507,50.54087542],[-126.21614537,50.54091814],[-126.21670913,50.54094876],[-126.21811857,50.54100858],[-126.21924606,50.5410068],[-126.22149067,50.54082058],[-126.22229714,50.54065573],[-126.22253552,50.54057064],[-126.22307371,50.54014729],[-126.22325614,50.53925858],[-126.22323404,50.53889968],[-126.22303818,50.5378269],[-126.22302943,50.53746586],[-126.22306382,50.53728926],[-126.22324192,50.53694424],[-126.22455177,50.53601103],[-126.22568974,50.5354798],[-126.22646352,50.53526047],[-126.22811126,50.53501836],[-126.22867054,50.53497385],[-126.22951275,50.53491973],[-126.23035569,50.53486881],[-126.232608,50.53475488],[-126.23288823,50.53473672],[-126.23344717,50.53469292],[-126.23510683,50.53447894],[-126.23565072,50.53438138],[-126.23696734,50.53406307],[-126.23770951,50.53380244],[-126.23794329,50.53370203],[-126.23840366,50.53349267],[-126.23937971,50.53312665],[-126.23963351,50.53304796],[-126.23989277,50.53298031],[-126.24212909,50.53277273],[-126.24240576,50.53277879],[-126.2429498,50.53287136],[-126.24431392,50.5331092],[-126.2453782,50.5333474],[-126.24564515,50.53340508],[-126.2470153,50.5336123],[-126.24729724,50.53361907],[-126.24870701,50.53359201],[-126.24898858,50.53357812],[-126.25038406,50.53345279],[-126.25171852,50.53315941],[-126.251985,50.53310137],[-126.25357609,50.53273392],[-126.25436809,50.53254344],[-126.25651676,50.53210513],[-126.25679155,50.53206276],[-126.25706791,50.53202538],[-126.25734473,50.53199298],[-126.25818636,50.53193993],[-126.25846877,50.53193138],[-126.25931433,50.53191643],[-126.26072469,50.53190468],[-126.2610071,50.53189969],[-126.2615708,50.53188616],[-126.2624156,50.53185732],[-126.26382336,50.53180463],[-126.26466815,50.53177223],[-126.26663879,50.53169461],[-126.2674833,50.53166043],[-126.26832741,50.53162233],[-126.26973537,50.53157034],[-126.27058155,50.53156002],[-126.27170988,50.53155717],[-126.27255561,50.53154542],[-126.2753592,50.53136277],[-126.2764782,50.5312677],[-126.27788067,50.53117014],[-126.27816293,50.53115234],[-126.28012405,50.53119507],[-126.28151505,50.53135565],[-126.28207447,50.53140727],[-126.28403694,50.53154613],[-126.28431798,50.53155361],[-126.28544451,50.53154507],[-126.28572651,50.53153616],[-126.28600846,50.53152619],[-126.28883462,50.53145641],[-126.28938983,50.53141083],[-126.29135277,50.53100707],[-126.29161143,50.53093337],[-126.29240029,50.53072294],[-126.29309804,50.53043098],[-126.29392737,50.52994105],[-126.29501977,50.52911501],[-126.29545909,50.52865285],[-126.29656126,50.52761033],[-126.29710554,50.5271966],[-126.2988565,50.52602234],[-126.30016192,50.52534014],[-126.3006202,50.52512865],[-126.30368517,50.52353994],[-126.30431909,50.52318211],[-126.30473724,50.52294035],[-126.30615528,50.52206695],[-126.30634783,50.52193592],[-126.30691214,50.5215343],[-126.30746404,50.52112448],[-126.3111998,50.51842952],[-126.31157501,50.51816106],[-126.31213698,50.51775836],[-126.3132622,50.51695262],[-126.31363701,50.5166838],[-126.31607417,50.51493807],[-126.31832395,50.51332658],[-126.31944854,50.51252083],[-126.32226032,50.51050629],[-126.32263549,50.51023782],[-126.32507202,50.50849174],[-126.32563408,50.50808869],[-126.32600923,50.50782023],[-126.32732102,50.50688025],[-126.32844511,50.50607415],[-126.32900771,50.5056711],[-126.32994433,50.50499958],[-126.33106878,50.50419384],[-126.3316308,50.50379078],[-126.33556567,50.50097014],[-126.33687749,50.5000298],[-126.33691896,50.49999989],[-126.33743948,50.49962675],[-126.33818874,50.49908947],[-126.33837601,50.49895524],[-126.33892272,50.4985561],[-126.3386428,50.49853474],[-126.33780327,50.49847136],[-126.33752318,50.49845036],[-126.33556221,50.49831007],[-126.33331747,50.49817335],[-126.33247536,50.49812742],[-126.33135239,50.49806333],[-126.32994945,50.49797681],[-126.32854713,50.49788779],[-126.3268638,50.49778098],[-126.32237432,50.49750539],[-126.32209508,50.4974826],[-126.32153744,50.49743169],[-126.32014764,50.49728393],[-126.3184849,50.49708454],[-126.31626888,50.49681786],[-126.31377906,50.49650738],[-126.31212395,50.49628591],[-126.31184856,50.49624782],[-126.31047281,50.49605127],[-126.30937591,50.49588429],[-126.30774115,50.49561013],[-126.30692829,50.49546165],[-126.30638735,50.49535982],[-126.30449851,50.49499522],[-126.30287738,50.49468866],[-126.30206539,50.49453841],[-126.29935568,50.49404385],[-126.2974553,50.49370525],[-126.29528273,50.49332071],[-126.29365,50.49303907],[-126.29119171,50.49264101],[-126.28899363,50.49232163],[-126.28844323,50.49224365],[-126.28761795,50.49212544],[-126.28486953,50.49172809],[-126.28459414,50.49168892],[-126.28239113,50.49138378],[-126.28128704,50.49123851],[-126.2799059,50.4910612],[-126.27714742,50.49071049],[-126.27659405,50.49064248],[-126.27382812,50.49029818],[-126.27107951,50.48990296],[-126.26971087,50.48968862],[-126.26724747,50.4893023],[-126.2669743,50.48925851],[-126.2645119,50.48886899],[-126.26423723,50.4888284],[-126.26258341,50.48860658],[-126.26175441,50.48850012],[-126.26120172,50.48842962],[-126.25954307,50.48822168],[-126.25760602,50.48798349],[-126.25677548,50.48788272],[-126.25649858,50.48784925],[-126.25594478,50.48778231],[-126.25317495,50.48744941],[-126.25234449,50.48734971],[-126.25151364,50.48724966],[-126.24763829,50.48677754],[-126.24708429,50.48670989],[-126.24625397,50.48660877],[-126.24292981,50.48621284],[-126.2420981,50.48611706],[-126.2395996,50.48583934],[-126.23820968,50.48569442],[-126.23570271,50.48545017],[-126.23514471,50.48539819],[-126.23207635,50.48511869],[-126.22928664,50.48486304],[-126.22483347,50.48441513],[-126.22399954,50.4843254],[-126.22316629,50.48423425],[-126.22039004,50.48392662],[-126.2192803,50.48380129],[-126.21596025,50.4833929],[-126.21513282,50.48328359],[-126.21402995,50.48313548],[-126.2118261,50.48283176],[-126.20962773,50.48251417],[-126.20907907,50.48243192],[-126.207707,50.48222719],[-126.20577956,50.48196157],[-126.2052272,50.48189072],[-126.2027366,50.48158665],[-126.20162849,50.48145455],[-126.19804909,50.48106289],[-126.19638329,50.48087846],[-126.19582792,50.48081757],[-126.19471709,50.48069723],[-126.19388414,50.48060572],[-126.19083768,50.48024219],[-126.18697292,50.4797398],[-126.18614654,50.47962622],[-126.18504657,50.47946885],[-126.18422346,50.47934601],[-126.18203981,50.47899103],[-126.18176809,50.47894332],[-126.17933862,50.47848009],[-126.17800099,50.47819845],[-126.17720451,50.47801829],[-126.17562884,50.47762735],[-126.1745883,50.47735176],[-126.17432833,50.47728162],[-126.17125333,50.47638615],[-126.16996682,50.47602048],[-126.16918401,50.47581753],[-126.16892238,50.47575095],[-126.16681966,50.47523289],[-126.16471324,50.4747216],[-126.16418743,50.47459271],[-126.15915886,50.47342308],[-126.15862521,50.47330843],[-126.15701773,50.47297481],[-126.15540825,50.47264546],[-126.15513997,50.47259063],[-126.15379322,50.47232786],[-126.15325077,50.47223066],[-126.15297846,50.47218437],[-126.15243168,50.4720975],[-126.15021153,50.47185396],[-126.14965176,50.47181337],[-126.14881155,50.47175782],[-126.14825122,50.47172079],[-126.14628757,50.4716065],[-126.14600678,50.47159226],[-126.14516345,50.47155274],[-126.14347704,50.47148259],[-126.14291482,50.47146372],[-126.14178895,50.47143488],[-126.14150691,50.47142919],[-126.14066256,50.47141423],[-126.13981753,50.47140426],[-126.1392543,50.47140284],[-126.13812762,50.47140284],[-126.13728264,50.47139394],[-126.13671913,50.47137898],[-126.13615725,50.4713594],[-126.13531368,50.47132629],[-126.13418974,50.47127573],[-126.13362789,50.47124902],[-126.13194261,50.47116713],[-126.13109969,50.47112797],[-126.13025637,50.47109201],[-126.12913179,50.47105106],[-126.12744641,50.47097059],[-126.12632695,50.47088941],[-126.12520933,50.47079613],[-126.12353555,50.47064765],[-126.12297748,50.47059887],[-126.12241856,50.47055187],[-126.12130151,50.47045859],[-126.1201855,50.47035961],[-126.11962846,50.47030513],[-126.11879575,50.47021505],[-126.11796618,50.47011251],[-126.11358393,50.46944206],[-126.11249439,50.46925798],[-126.11129374,50.46905111],[-126.10931083,50.46876307],[-126.10788038,50.46852066],[-126.10638743,50.46824709],[-126.10399421,50.46777152],[-126.10170763,50.46728374],[-126.09701614,50.46624162],[-126.08997869,50.46461637],[-126.08746547,50.46397063],[-126.08612899,50.46360733],[-126.08465815,50.46319567],[-126.08312329,50.46275686],[-126.0726095,50.46148145],[-126.04626733,50.45828122],[-126.04365103,50.45795296],[-126.04132122,50.45772805],[-126.03683425,50.45737196],[-126.03320366,50.45706145],[-126.0307121,50.45678273],[-126.02927824,50.45658067],[-126.02775408,50.45631945],[-126.02635484,50.45602518],[-126.02506385,50.45569433],[-126.02331046,50.45512399],[-126.02223324,50.45468091],[-126.02118689,50.45415909],[-126.02017679,50.45355848],[-126.01952096,50.45311287],[-126.01903646,50.45275373],[-126.01839779,50.45223988],[-126.01718591,50.45113407],[-126.01612273,50.45002381],[-126.00842823,50.44952022],[-126.00243349,50.4494604],[-126.00117183,50.44959535],[-125.99808,50.45637672],[-125.99381413,50.45626777],[-125.97336543,50.4525666],[-125.9275485,50.4587701],[-125.91115725,50.46337635],[-125.87867557,50.47467994],[-125.86355889,50.47831951],[-125.84200765,50.4817661],[-125.82631661,50.48187256],[-125.81263693,50.480281],[-125.79701788,50.48199753],[-125.79045159,50.48076915],[-125.78825485,50.47733147],[-125.78568567,50.47300329],[-125.78230696,50.47060208],[-125.77616661,50.46623794],[-125.77089066,50.46249619],[-125.76777315,50.46223627],[-125.76462448,50.46093882],[-125.76091227,50.45799284],[-125.76034901,50.45634467],[-125.75960958,50.45113741],[-125.75835176,50.44946396],[-125.7430246,50.44106041],[-125.73797571,50.43790793],[-125.72457989,50.42703088],[-125.72242794,50.42370108],[-125.72016699,50.41939748],[-125.71421501,50.41592205],[-125.70482731,50.41453736],[-125.66441207,50.42012845],[-125.64091214,50.42841628],[-125.61441131,50.43895223],[-125.60112957,50.4419979],[-125.58713932,50.4426477],[-125.56350022,50.44469998],[-125.55179587,50.44572862],[-125.53924839,50.44583579],[-125.52604415,50.44798741],[-125.51401408,50.44752027],[-125.50702762,50.44460029],[-125.50239256,50.44124699],[-125.49669602,50.43915233],[-125.49006403,50.43563881],[-125.48130625,50.43510971],[-125.47001387,50.43799231],[-125.45186353,50.44183376],[-125.43012988,50.4457101],[-125.41663589,50.45079773],[-125.40239086,50.45881247],[-125.39184353,50.46697355],[-125.38076807,50.47096952],[-125.36578365,50.4721445],[-125.35305386,50.46926546],[-125.33656549,50.46209065],[-125.3211238,50.45377255],[-125.30712739,50.44362364],[-125.29670229,50.44947286],[-125.27382964,50.45095226],[-125.259879,50.44652012],[-125.25164283,50.43797771],[-125.23701502,50.42682402],[-125.23173363,50.42167871],[-125.2042571,50.41074719],[-125.20055222,50.40935609],[-125.1983838,50.40737074],[-125.19791281,50.40464124],[-125.19768824,50.40212502],[-125.1955321,50.40104547],[-125.1691946,50.39413734],[-125.15443338,50.3932846],[-125.15270328,50.3825368],[-125.14949642,50.3599314],[-125.11132691,50.33144295],[-125.07064375,50.30102325],[-125.01069783,50.25718252],[-124.99395258,50.24664544],[-124.99191163,50.24596603],[-124.99014118,50.24508005],[-124.9881616,50.24352229],[-124.98557567,50.24104594],[-124.98355011,50.23945316],[-124.97827461,50.23582594],[-124.97696798,50.23481418],[-124.97524369,50.23320016],[-124.96937179,50.22570352],[-124.96165621,50.21775003],[-124.95690555,50.2124761],[-124.95282628,50.20717272],[-124.95081403,50.20472017],[-124.94765488,50.20158917],[-124.94483432,50.19913969],[-124.93964445,50.19505108],[-124.93583509,50.19235527],[-124.93196058,50.19001119],[-124.92952298,50.18887783],[-124.92726485,50.18799556],[-124.92438597,50.18690962],[-124.92258759,50.18616401],[-124.92095363,50.18536469],[-124.91963758,50.18455775],[-124.91880087,50.1839002],[-124.91788051,50.18295931],[-124.91723671,50.18210339],[-124.91666578,50.18114388],[-124.91615593,50.18006226],[-124.91558876,50.17852452],[-124.91460477,50.17517011],[-124.91405449,50.17346193],[-124.91352548,50.17215414],[-124.91296985,50.17107482],[-124.91248197,50.17031005],[-124.91175245,50.16939252],[-124.91092302,50.16858019],[-124.91002057,50.16788687],[-124.90926316,50.16740057],[-124.90838759,50.16690455],[-124.90735755,50.16637844],[-124.90449003,50.16504832],[-124.90275772,50.16422465],[-124.9014267,50.16351356],[-124.90055258,50.16297478],[-124.89955591,50.16224676],[-124.89861845,50.16145088],[-124.8977145,50.16057427],[-124.89683049,50.15960392],[-124.89512357,50.15741079],[-124.89287182,50.15411057],[-124.89044009,50.15082947],[-124.88894558,50.14915163],[-124.88674218,50.14682252],[-124.88466702,50.14446955],[-124.88378273,50.14329133],[-124.88308416,50.14218334],[-124.88246649,50.14090749],[-124.88200706,50.1395122],[-124.88161851,50.13766475],[-124.88147113,50.13600841],[-124.88139138,50.13433598],[-124.88133801,50.13228282],[-124.88139077,50.13095842],[-124.88157985,50.1297197],[-124.88191214,50.12832693],[-124.8824641,50.12650752],[-124.88317547,50.12434224],[-124.88352909,50.12317954],[-124.88383225,50.12200544],[-124.8841104,50.12036926],[-124.8841582,50.11900088],[-124.88400207,50.11774408],[-124.88345232,50.11611082],[-124.88279287,50.11473993],[-124.88199058,50.11338714],[-124.8812951,50.11238444],[-124.88024283,50.11106335],[-124.87904773,50.10976035],[-124.87698729,50.10783979],[-124.87502094,50.10627152],[-124.87492574,50.10591689],[-124.87485031,50.10555727],[-124.87478333,50.1053853],[-124.87454577,50.10449909],[-124.87421142,50.10325825],[-124.87411554,50.10290397],[-124.87368248,50.10130922],[-124.87363474,50.10113226],[-124.87358608,50.10095494],[-124.87327561,50.09982305],[-124.87312929,50.09929182],[-124.87278566,50.0980524],[-124.87234486,50.09645943],[-124.87224725,50.09610551],[-124.87190418,50.09486645],[-124.87185539,50.09468949],[-124.87131675,50.0927426],[-124.87121865,50.09238868],[-124.87085271,50.09096589],[-124.87056443,50.08990237],[-124.87051624,50.08972541],[-124.87037221,50.08919347],[-124.87018115,50.0884867],[-124.8701324,50.08830761],[-124.8698928,50.08742139],[-124.86979664,50.08706712],[-124.8695571,50.08618091],[-124.86907702,50.08440848],[-124.86854897,50.08245909],[-124.86806774,50.08068738],[-124.86700478,50.07678967],[-124.86642053,50.07466439],[-124.86612756,50.07360193],[-124.86598027,50.0730707],[-124.86509219,50.06988475],[-124.86449407,50.06776196],[-124.86383934,50.06546329],[-124.86368746,50.06493277],[-124.86338226,50.06387245],[-124.86322858,50.06334229],[-124.86307472,50.06281248],[-124.86235064,50.0603397],[-124.86210422,50.05963685],[-124.8611137,50.05775582],[-124.86053891,50.05693975],[-124.8598848,50.05614433],[-124.85945372,50.05567755],[-124.85851361,50.05477709],[-124.85747597,50.05393503],[-124.85651095,50.05328879],[-124.85630925,50.05316417],[-124.85527648,50.0525539],[-124.85403489,50.05182328],[-124.85244393,50.05104851],[-124.85152283,50.05063478],[-124.85082934,50.05032644],[-124.85059824,50.05022354],[-124.84967534,50.04981123],[-124.84853187,50.04928961],[-124.84785519,50.04897023],[-124.84763203,50.0488627],[-124.84696918,50.04853478],[-124.84631942,50.04819867],[-124.84487139,50.04737085],[-124.84413642,50.04683036],[-124.84396502,50.04668687],[-124.84317178,50.04593382],[-124.84288042,50.0456212],[-124.84223215,50.04486887],[-124.84220275,50.04483326],[-124.84207619,50.04467375],[-124.84162456,50.04401256],[-124.84105128,50.04279913],[-124.84078324,50.04155829],[-124.84085168,50.03957294],[-124.84148024,50.03777844],[-124.8414906,50.03774639],[-124.84151277,50.03770972],[-124.84155069,50.0376467],[-124.84232458,50.03649095],[-124.84244439,50.03632788],[-124.84281768,50.03584187],[-124.84334744,50.0352056],[-124.84376703,50.03473846],[-124.84402247,50.03447],[-124.84406584,50.03442549],[-124.84420977,50.03428236],[-124.84555673,50.03314086],[-124.84587237,50.03286634],[-124.84589703,50.0328464],[-124.84659325,50.03228099],[-124.84771721,50.03125414],[-124.84826569,50.03062891],[-124.8490851,50.02948064],[-124.84929419,50.02914595],[-124.84950851,50.02878598],[-124.84955466,50.02870587],[-124.8500849,50.0279813],[-124.85149517,50.02643497],[-124.85217157,50.02586279],[-124.85344903,50.02491035],[-124.85402547,50.02451869],[-124.85543076,50.02364423],[-124.85604388,50.02327714],[-124.85687052,50.02279326],[-124.85812695,50.02208009],[-124.86027672,50.02093325],[-124.86072339,50.02071748],[-124.86230808,50.01998116],[-124.86275939,50.01976931],[-124.86320568,50.01955319],[-124.8649109,50.01862532],[-124.86632103,50.01775406],[-124.86814587,50.01664175],[-124.86855876,50.01639999],[-124.86938453,50.0159154],[-124.86958949,50.01579363],[-124.87138852,50.01466459],[-124.87177507,50.01440503],[-124.87235121,50.01401373],[-124.87312135,50.01349282],[-124.87351087,50.01323504],[-124.87470927,50.01248662],[-124.88074353,50.01104964],[-124.88219819,50.0109033],[-124.885547,50.01056631],[-124.88972709,50.01022806],[-124.89255046,50.01004691],[-124.89610982,50.00992123],[-124.89904856,50.01000827],[-124.90114919,50.01010898],[-124.90367689,50.01040532],[-124.90661834,50.01055969],[-124.90922945,50.01031407],[-124.91296273,50.00954279],[-124.91534347,50.00852431],[-124.91719692,50.00768298],[-124.91969179,50.00642794],[-124.9210022,50.00592994],[-124.92174425,50.00579307],[-124.92256544,50.00570137],[-124.92336397,50.00566322],[-124.9240329,50.00573796],[-124.92470457,50.00588133],[-124.92704523,50.00646052],[-124.9297935,50.0072389],[-124.93266337,50.00816461],[-124.93374572,50.00857281],[-124.93467232,50.00912151],[-124.93503508,50.00943514],[-124.9354001,50.00980515],[-124.93602909,50.01020837],[-124.93662515,50.0105181],[-124.93727727,50.01077049],[-124.93795781,50.01100358],[-124.9386944,50.01117933],[-124.93957606,50.01133383],[-124.94063523,50.01144005],[-124.9420388,50.01152595],[-124.94361028,50.01149963],[-124.94507427,50.01140753],[-124.94631782,50.01104888],[-124.94766065,50.01055343],[-124.94950267,50.00944154],[-124.95203141,50.00716957],[-124.99182372,49.98082509],[-124.96561792,49.96326879],[-124.96110931,49.9591895],[-124.95534057,49.95392135],[-124.95027279,49.94904557],[-124.94992354,49.94870981],[-124.94513244,49.94350112],[-124.93962327,49.93733287],[-124.93248043,49.93080002],[-124.92359866,49.92632088],[-124.91744621,49.92550623],[-124.91287276,49.92292663],[-124.91132739,49.92205253],[-124.91022052,49.92153269],[-124.90913104,49.92102104],[-124.90646117,49.91976703],[-124.90218858,49.91775996],[-124.89926428,49.91638595],[-124.89714172,49.91538865],[-124.89662539,49.91514618],[-124.89537972,49.91456083],[-124.88877064,49.91097182],[-124.88488353,49.90850723],[-124.88417088,49.9080554],[-124.87848024,49.90444645],[-124.87290375,49.90037535],[-124.87239015,49.90000007],[-124.87149385,49.89930434],[-124.86152235,49.89155985],[-124.85199118,49.88291774],[-124.84824204,49.87889918],[-124.84192098,49.87212199],[-124.83613793,49.86434926],[-124.83089821,49.85624622],[-124.82854228,49.85178239],[-124.82576074,49.84651032],[-124.82373983,49.84267991],[-124.81497107,49.82414276],[-124.80855256,49.81168057],[-124.80162065,49.80048114],[-124.80132289,49.79999992],[-124.79999977,49.79786218],[-124.79822276,49.79498505],[-124.79739172,49.79376748],[-124.79691871,49.7930761],[-124.7926949,49.78683702],[-124.79051681,49.78378565],[-124.78999485,49.78305439],[-124.78930051,49.78208158],[-124.78692719,49.77875641],[-124.7823411,49.77264228],[-124.78197887,49.77215876],[-124.78092124,49.77074879],[-124.77546864,49.76382037],[-124.77481774,49.76299326],[-124.77475414,49.76291244],[-124.77468071,49.7628188],[-124.77449551,49.76259413],[-124.77442861,49.7625133],[-124.77204652,49.75962465],[-124.7713547,49.75878566],[-124.77028411,49.75748727],[-124.76820672,49.75496749],[-124.76773202,49.75441774],[-124.76721653,49.75382064],[-124.76717499,49.75377257],[-124.76150162,49.74719878],[-124.754568,49.7395141],[-124.74740821,49.7319163],[-124.74616962,49.73065726],[-124.74383498,49.72828386],[-124.74002514,49.72440929],[-124.73699376,49.72151896],[-124.73242188,49.71699557],[-124.72460131,49.70967798],[-124.71656651,49.70245902],[-124.71365995,49.70000012],[-124.71038522,49.69722897],[-124.7021742,49.69027883],[-124.68046768,49.67189407],[-124.67633341,49.66872912],[-124.65519445,49.65253919],[-124.65385191,49.65151042],[-124.64753926,49.64715697],[-124.6256504,49.63205216],[-124.5999997,49.61594471],[-124.5996802,49.61572538],[-124.5768049,49.59999998],[-124.55955162,49.58813062],[-124.50454151,49.55022635],[-124.49337386,49.54252067],[-124.49211291,49.54121253],[-124.49008946,49.53948959],[-124.49000387,49.5393565],[-124.32062707,49.53935648],[-124.32040686,49.53924637],[-124.32018546,49.53913745],[-124.3199628,49.53902977],[-124.31973886,49.53892336],[-124.31951359,49.53881828],[-124.31928695,49.53871456],[-124.31905887,49.53861225],[-124.31882934,49.5385114],[-124.3185983,49.53841203],[-124.31836571,49.53831421],[-124.31813151,49.53821797],[-124.31789567,49.53812335],[-124.31765814,49.5380304],[-124.31741887,49.53793917],[-124.31717783,49.53784968],[-124.31693497,49.537762],[-124.31671339,49.53768363],[-124.31649093,49.53760594],[-124.31626764,49.53752894],[-124.31604357,49.53745262],[-124.31581875,49.53737698],[-124.31559324,49.53730203],[-124.31536706,49.53722778],[-124.31514027,49.53715422],[-124.31491289,49.53708136],[-124.31468499,49.53700919],[-124.3144566,49.53693773],[-124.31422777,49.53686697],[-124.31399852,49.53679692],[-124.31376892,49.53672757],[-124.31353899,49.53665894],[-124.3133088,49.53659102],[-124.3128408,49.53645748],[-124.31236903,49.53632976],[-124.31189391,49.53620719],[-124.31141589,49.53608908],[-124.3109354,49.53597476],[-124.31045288,49.53586354],[-124.30996876,49.53575475],[-124.30948348,49.5356477],[-124.30899748,49.53554171],[-124.30851119,49.53543611],[-124.30802506,49.53533021],[-124.30753951,49.53522332],[-124.30705498,49.53511479],[-124.30657192,49.53500391],[-124.30609075,49.53489002],[-124.30561192,49.53477243],[-124.30521918,49.53467021],[-124.30482898,49.53456196],[-124.30444079,49.53444895],[-124.30405412,49.53433246],[-124.30366842,49.53421376],[-124.3032832,49.53409413],[-124.30289793,49.53397482],[-124.30251212,49.53385713],[-124.30212523,49.53374234],[-124.30173676,49.5336317],[-124.30134619,49.53352648],[-124.30095299,49.53342799],[-124.30055667,49.53333747],[-124.30015672,49.5332562],[-124.2997526,49.53318546],[-124.2993438,49.53312653],[-124.29916781,49.53310539],[-124.29899094,49.53308667],[-124.29881327,49.53307009],[-124.29863493,49.53305533],[-124.29845599,49.53304211],[-124.29827658,49.53303013],[-124.29809678,49.53301911],[-124.29791672,49.53300873],[-124.29773649,49.5329987],[-124.29755618,49.53298874],[-124.29737593,49.53297855],[-124.29719581,49.53296783],[-124.29701593,49.53295629],[-124.2968364,49.53294363],[-124.29665733,49.53292955],[-124.29647882,49.53291378],[-124.29609295,49.53287605],[-124.2957077,49.5328355],[-124.29532301,49.53279234],[-124.29493889,49.53274672],[-124.29455529,49.53269885],[-124.2941722,49.53264889],[-124.29378959,49.53259704],[-124.29340746,49.53254349],[-124.29302576,49.5324884],[-124.29264449,49.53243197],[-124.2922636,49.53237438],[-124.29188311,49.53231582],[-124.29150296,49.53225646],[-124.29112316,49.5321965],[-124.29074365,49.53213611],[-124.29036444,49.53207549],[-124.29008362,49.53202939],[-124.28980347,49.53198138],[-124.28952392,49.53193175],[-124.28924482,49.53188082],[-124.28896608,49.5318289],[-124.28868759,49.53177631],[-124.28840923,49.53172334],[-124.28813092,49.53167035],[-124.28785252,49.53161761],[-124.28757393,49.53156545],[-124.28729503,49.53151417],[-124.28701574,49.53146411],[-124.28673593,49.53141557],[-124.28645548,49.53136886],[-124.28617431,49.53132429],[-124.28589229,49.53128219],[-124.28558914,49.53123929],[-124.28528537,49.53119796],[-124.28498102,49.53115813],[-124.28467614,49.53111972],[-124.28437077,49.53108268],[-124.28406497,49.53104693],[-124.28375876,49.53101238],[-124.2834522,49.530979],[-124.28314534,49.53094669],[-124.28283821,49.5309154],[-124.28253087,49.53088503],[-124.28222334,49.53085554],[-124.28191569,49.53082684],[-124.28160795,49.53079888],[-124.28130018,49.53077157],[-124.2809924,49.53074485],[-124.28080104,49.53072864],[-124.28060959,49.53071285],[-124.28041803,49.53069748],[-124.28022636,49.5306825],[-124.28003462,49.53066788],[-124.27984279,49.53065362],[-124.27965091,49.5306397],[-124.27945897,49.53062608],[-124.27926697,49.53061275],[-124.27907493,49.5305997],[-124.27888287,49.5305869],[-124.27869079,49.53057432],[-124.27849868,49.53056197],[-124.27830657,49.53054979],[-124.27811448,49.53053779],[-124.27792238,49.53052593],[-124.27707859,49.53047769],[-124.27623394,49.53043612],[-124.27538853,49.53040073],[-124.27454244,49.53037105],[-124.27447554,49.53036912],[-124.27369576,49.53034659],[-124.27284857,49.53032687],[-124.27200096,49.5303114],[-124.271153,49.53029971],[-124.2703048,49.53029129],[-124.26945642,49.53028568],[-124.26860797,49.5302824],[-124.26775951,49.53028095],[-124.26691115,49.53028086],[-124.26606296,49.53028164],[-124.26521501,49.53028281],[-124.26436742,49.53028388],[-124.2641231,49.53028375],[-124.26387869,49.53028301],[-124.2636342,49.53028182],[-124.26338965,49.53028036],[-124.26314508,49.53027884],[-124.26290049,49.53027742],[-124.26265594,49.53027628],[-124.26241139,49.53027562],[-124.26216691,49.5302756],[-124.26192251,49.53027642],[-124.26167822,49.53027826],[-124.26143404,49.5302813],[-124.26119,49.53028573],[-124.26094614,49.53029172],[-124.26070246,49.53029946],[-124.260459,49.53030913],[-124.26022551,49.53032185],[-124.25999182,49.53033898],[-124.25975803,49.53035976],[-124.25952421,49.53038339],[-124.2592904,49.5304091],[-124.25905667,49.53043612],[-124.2588231,49.53046367],[-124.25858973,49.53049098],[-124.25835664,49.53051726],[-124.2581239,49.53054175],[-124.25789158,49.53056366],[-124.25765971,49.53058223],[-124.25742839,49.53059666],[-124.25719766,49.53060619],[-124.25696761,49.53061005],[-124.25673828,49.53060744],[-124.25636143,49.53059024],[-124.25598575,49.5305595],[-124.25561122,49.5305164],[-124.25523789,49.53046213],[-124.25486576,49.53039789],[-124.25449486,49.53032483],[-124.25412519,49.53024418],[-124.25375678,49.53015709],[-124.25338965,49.53006476],[-124.25302379,49.52996838],[-124.25265924,49.52986914],[-124.252296,49.52976821],[-124.2519341,49.52966679],[-124.25157355,49.52956607],[-124.25121436,49.5294672],[-124.25085657,49.52937142],[-124.25042628,49.52925714],[-124.24999629,49.52914045],[-124.24956695,49.5290212],[-124.24913864,49.52889924],[-124.24871174,49.52877446],[-124.24828664,49.5286467],[-124.24786367,49.52851584],[-124.24744324,49.52838174],[-124.24702571,49.52824426],[-124.24661148,49.52810326],[-124.2462009,49.52795862],[-124.24579435,49.52781019],[-124.24539219,49.52765784],[-124.24499483,49.52750142],[-124.24460262,49.52734082],[-124.24421595,49.52717588],[-124.24378704,49.52697856],[-124.243372,49.52676811],[-124.24296882,49.52654647],[-124.24257545,49.52631551],[-124.24218985,49.52607717],[-124.24180997,49.52583335],[-124.24143381,49.52558596],[-124.24105929,49.52533693],[-124.241031,49.52531816],[-124.24068441,49.52508815],[-124.24030709,49.52484154],[-124.23992534,49.52459902],[-124.23953707,49.52436248],[-124.23914028,49.52413385],[-124.23873292,49.52391504],[-124.23831296,49.52370795],[-124.23787834,49.5235145],[-124.23768552,49.52343439],[-124.23749116,49.52335544],[-124.23729539,49.52327761],[-124.2370983,49.52320087],[-124.23689997,49.52312519],[-124.23670051,49.52305052],[-124.23650003,49.52297683],[-124.23629862,49.52290411],[-124.23609638,49.52283229],[-124.23589341,49.52276137],[-124.2356898,49.52269127],[-124.23548565,49.52262201],[-124.23528107,49.52255351],[-124.23507616,49.52248578],[-124.234871,49.52241874],[-124.23466571,49.52235239],[-124.23414703,49.52219069],[-124.23362261,49.52203681],[-124.23309295,49.52189015],[-124.23255853,49.5217501],[-124.23201988,49.52161607],[-124.23147747,49.52148745],[-124.23093181,49.52136362],[-124.2303834,49.521244],[-124.22983274,49.52112797],[-124.22928034,49.52101492],[-124.22872669,49.52090425],[-124.22817228,49.52079537],[-124.22761763,49.52068767],[-124.22706323,49.52058052],[-124.22650958,49.52047336],[-124.22595719,49.52036555],[-124.22541621,49.52026282],[-124.22487249,49.52016592],[-124.22432646,49.52007393],[-124.22377853,49.51998595],[-124.22322916,49.51990107],[-124.22267875,49.5198184],[-124.22212777,49.519737],[-124.22157663,49.519656],[-124.22102575,49.51957447],[-124.2204756,49.51949152],[-124.21992659,49.51940622],[-124.21937915,49.51931768],[-124.21883373,49.519225],[-124.21829074,49.51912726],[-124.21775064,49.51902356],[-124.21721385,49.51891298],[-124.21682976,49.51882868],[-124.21644753,49.51874063],[-124.21637151,49.51872241],[-124.21606689,49.51864938],[-124.21568761,49.51855541],[-124.21530939,49.51845925],[-124.21493202,49.51836139],[-124.21455521,49.51826234],[-124.21417872,49.51816263],[-124.21380229,49.51806274],[-124.21342565,49.51796319],[-124.21304857,49.51786449],[-124.21267077,49.51776715],[-124.21229201,49.51767167],[-124.211912,49.51757856],[-124.21153054,49.51748834],[-124.21114731,49.5174015],[-124.21085645,49.51734035],[-124.21056189,49.51728401],[-124.21026441,49.51723152],[-124.20996478,49.51718193],[-124.20966377,49.51713428],[-124.20906069,49.517041],[-124.20876015,49.51699346],[-124.20846132,49.51694403],[-124.20816495,49.51689178],[-124.20787183,49.51683575],[-124.2075827,49.51677497],[-124.20729837,49.51670849],[-124.20701958,49.51663538],[-124.2067471,49.51655465],[-124.20648171,49.51646537],[-124.20621965,49.51636483],[-124.20596563,49.51625511],[-124.20571871,49.51613731],[-124.20547792,49.51601244],[-124.20524229,49.51588158],[-124.20501088,49.51574578],[-124.20478272,49.5156061],[-124.20455686,49.5154636],[-124.20433232,49.51531932],[-124.20410816,49.51517434],[-124.20388342,49.5150297],[-124.20365713,49.51488645],[-124.20342835,49.51474568],[-124.2031961,49.51460841],[-124.20295944,49.51447571],[-124.20271738,49.51434865],[-124.2023831,49.51418327],[-124.20204391,49.51402215],[-124.20170042,49.51386472],[-124.20135323,49.51371047],[-124.20100299,49.51355885],[-124.20065029,49.51340933],[-124.20029577,49.51326137],[-124.19994004,49.51311444],[-124.19958371,49.51296801],[-124.19922742,49.51282152],[-124.19887177,49.51267447],[-124.19851739,49.5125263],[-124.19816489,49.51237648],[-124.1978149,49.51222448],[-124.19746802,49.51206977],[-124.19712489,49.5119118],[-124.19651448,49.51162548],[-124.19590405,49.5113379],[-124.19529436,49.51104866],[-124.19468624,49.51075736],[-124.19408046,49.51046361],[-124.19368148,49.51026725],[-124.19347779,49.510167],[-124.19287906,49.50986714],[-124.19228502,49.50956363],[-124.19169648,49.50925606],[-124.19111423,49.50894405],[-124.19053904,49.50862718],[-124.18997172,49.50830507],[-124.18941305,49.50797731],[-124.18886382,49.50764351],[-124.18832482,49.50730326],[-124.18779683,49.50695616],[-124.1875516,49.50679051],[-124.18730759,49.50662366],[-124.18706495,49.50645564],[-124.18682373,49.50628647],[-124.18658408,49.50611614],[-124.18634608,49.50594468],[-124.18610983,49.50577209],[-124.18587543,49.50559839],[-124.18564299,49.50542358],[-124.18541259,49.50524769],[-124.18518435,49.50507071],[-124.18495838,49.50489267],[-124.18473477,49.50471357],[-124.1845136,49.50453343],[-124.184295,49.50435225],[-124.18407906,49.50417005],[-124.18376117,49.50388175],[-124.18346509,49.50358062],[-124.18318704,49.503269],[-124.18295598,49.50298909],[-124.18292315,49.50294931],[-124.18266963,49.5026239],[-124.18242265,49.50229517],[-124.18217839,49.50196548],[-124.181933,49.50163722],[-124.18168268,49.50131278],[-124.18142362,49.50099453],[-124.18115197,49.50068485],[-124.18086391,49.50038612],[-124.18055563,49.50010071],[-124.1802233,49.49983103],[-124.17986309,49.49957942],[-124.17947118,49.49934829],[-124.17926023,49.49923971],[-124.17904181,49.49913629],[-124.17881675,49.49903743],[-124.17858588,49.49894256],[-124.17835003,49.49885108],[-124.17811002,49.49876239],[-124.17786669,49.49867592],[-124.17762088,49.49859105],[-124.17737342,49.4985072],[-124.17712512,49.49842379],[-124.17687682,49.49834022],[-124.17662936,49.4982559],[-124.17638356,49.49817024],[-124.17614025,49.49808264],[-124.17592045,49.49800011],[-124.17590027,49.49799252],[-124.17566445,49.49789929],[-124.17507821,49.49765784],[-124.17449566,49.49741214],[-124.17391676,49.49716233],[-124.17334146,49.49690861],[-124.17276975,49.49665115],[-124.17220158,49.49639012],[-124.1716369,49.4961257],[-124.17107571,49.49585807],[-124.17051793,49.49558739],[-124.16996356,49.49531385],[-124.16941254,49.49503762],[-124.16886484,49.49475887],[-124.16832042,49.49447779],[-124.16777925,49.49419453],[-124.16724129,49.49390929],[-124.16670649,49.49362223],[-124.16600866,49.49324357],[-124.16531256,49.49286163],[-124.1646191,49.49247616],[-124.16392922,49.49208687],[-124.16324382,49.49169352],[-124.16256385,49.49129584],[-124.1618902,49.49089358],[-124.1612238,49.49048646],[-124.16056556,49.49007423],[-124.15991642,49.48965662],[-124.15927729,49.48923337],[-124.15864908,49.48880424],[-124.15803272,49.48836893],[-124.15742911,49.48792721],[-124.15683919,49.4874788],[-124.15626389,49.48702345],[-124.15588068,49.48670524],[-124.15550904,49.48638081],[-124.15514744,49.486051],[-124.15484193,49.48576163],[-124.15479438,49.48571658],[-124.15444833,49.48537837],[-124.15410779,49.48503716],[-124.15377125,49.48469373],[-124.15343717,49.48434892],[-124.15310405,49.4840035],[-124.15277037,49.48365827],[-124.15243462,49.48331404],[-124.15209531,49.4829716],[-124.15175087,49.48263176],[-124.15139983,49.48229532],[-124.15104067,49.48196307],[-124.15067185,49.4816358],[-124.15061505,49.4815866],[-124.15055818,49.48153741],[-124.15050124,49.48148827],[-124.15044423,49.48143916],[-124.15038715,49.48139009],[-124.15033,49.48134106],[-124.15027277,49.48129205],[-124.15021548,49.48124308],[-124.15015812,49.48119415],[-124.15010068,49.48114525],[-124.15004317,49.48109639],[-124.1499856,49.48104757],[-124.14992794,49.48099878],[-124.14987023,49.48095002],[-124.14981244,49.4809013],[-124.14975458,49.48085261],[-124.14974967,49.47616125],[-124.14964241,49.37339939],[-124.14573643,49.37317007],[-124.1357213,49.37290089],[-124.12464286,49.37265949],[-124.1149368,49.37249855],[-124.1044589,49.37250425],[-124.09784466,49.37221727],[-124.0917641,49.37180852],[-124.08531992,49.37125308],[-124.07898778,49.370719],[-124.07883446,49.37069443],[-124.07816476,49.37058833],[-124.07749503,49.37048329],[-124.07682545,49.37037897],[-124.07615494,49.37027536],[-124.07548479,49.3701721],[-124.0748137,49.37006956],[-124.07414297,49.36996737],[-124.07347225,49.36986519],[-124.07280133,49.36976336],[-124.07213021,49.36966188],[-124.07145875,49.36956005],[-124.07078784,49.36945822],[-124.07011694,49.36935639],[-124.06944623,49.3692542],[-124.06877517,49.36915166],[-124.06810451,49.3690484],[-124.06743459,49.36894479],[-124.06676432,49.36884082],[-124.06609464,49.36873579],[-124.06542481,49.36863004],[-124.06475611,49.36852323],[-124.06408726,49.3684157],[-124.06341919,49.36830675],[-124.06275171,49.36819673],[-124.06208467,49.36808493],[-124.06141785,49.3679717],[-124.06075163,49.36785741],[-124.0600862,49.36774169],[-124.05942061,49.36762526],[-124.05875596,49.36750812],[-124.05809096,49.36739062],[-124.05742635,49.36727241],[-124.05676175,49.3671542],[-124.05609681,49.36703564],[-124.05543221,49.36691743],[-124.05476778,49.36679993],[-124.05410281,49.36668244],[-124.0534378,49.36656601],[-124.0527724,49.36645029],[-124.05210642,49.36633564],[-124.05144021,49.36622242],[-124.05077342,49.36611026],[-124.05010601,49.36600024],[-124.04943782,49.36589164],[-124.04876956,49.36578518],[-124.04810012,49.36568086],[-124.04742871,49.36558117],[-124.04675581,49.36548717],[-124.04608127,49.36539815],[-124.04540495,49.36531341],[-124.04472741,49.36523188],[-124.04404961,49.36515284],[-124.04337102,49.36507522],[-124.04269186,49.36499866],[-124.04201289,49.36492176],[-124.04133412,49.36484449],[-124.04065597,49.36476509],[-124.03997919,49.3646832],[-124.03971278,49.36463264],[-124.03917839,49.36454434],[-124.03864436,49.3644564],[-124.03837697,49.3644126],[-124.03784231,49.36432679],[-124.03730262,49.36425914],[-124.03675363,49.36422639],[-124.03620469,49.36419755],[-124.03510543,49.36414734],[-124.03455613,49.36412313],[-124.03400636,49.36409678],[-124.03290945,49.36403234],[-124.0315447,49.36391199],[-124.03073409,49.36380802],[-124.02993372,49.36367344],[-124.02966932,49.36362323],[-124.02887708,49.36347084],[-124.02834929,49.36336759],[-124.02703171,49.36310553],[-124.02571746,49.36283743],[-124.02545467,49.36278331],[-124.02466727,49.36261917],[-124.02361905,49.36239735],[-124.02309598,49.36228555],[-124.02128351,49.36189211],[-124.0210047,49.36183158],[-124.02048285,49.36171657],[-124.01917932,49.3614271],[-124.01839729,49.36125228],[-124.01787663,49.36113514],[-124.0176164,49.36107639],[-124.01631491,49.36078229],[-124.01527444,49.36054552],[-124.01397435,49.36024893],[-124.0134545,49.36013036],[-124.01241446,49.35989287],[-124.01163479,49.35971485],[-124.01059458,49.35947772],[-124.00903376,49.35912344],[-124.0079924,49.35888845],[-124.00747161,49.35877166],[-124.00642909,49.35853881],[-124.00538561,49.35830773],[-124.00434151,49.35807879],[-124.00329606,49.35785234],[-124.0027724,49.35773982],[-124.00224925,49.35762838],[-124.00067602,49.35729796],[-123.99876794,49.35690844],[-123.99824094,49.35680305],[-123.99745036,49.3566471],[-123.99533891,49.35623586],[-123.99481032,49.35613438],[-123.99401722,49.35598306],[-123.99375326,49.35593322],[-123.99322389,49.35583316],[-123.99269468,49.35573383],[-123.99110473,49.35544008],[-123.99083944,49.35539166],[-123.98898083,49.35505768],[-123.9865853,49.35464146],[-123.98605213,49.35455138],[-123.98391625,49.35419888],[-123.97747485,49.35323398],[-123.9753147,49.3529527],[-123.97149982,49.35259131],[-123.96683441,49.35234634],[-123.96600915,49.35232035],[-123.96243098,49.35225413],[-123.96132946,49.35224843],[-123.95692377,49.35227656],[-123.95362076,49.3523321],[-123.94811558,49.35243322],[-123.94508652,49.35246669],[-123.94013015,49.35246348],[-123.93517357,49.35243286],[-123.93021743,49.35238658],[-123.92856541,49.35236913],[-123.92581212,49.35233958],[-123.92195751,49.35229899],[-123.92140696,49.35229329],[-123.92058046,49.35228546],[-123.91796978,49.35226196],[-123.91715973,49.35215586],[-123.91661995,49.352085],[-123.91257061,49.35155199],[-123.90933192,49.35112508],[-123.90906186,49.35108948],[-123.90852156,49.35101862],[-123.90555119,49.3506316],[-123.90203806,49.35018226],[-123.8931022,49.34910556],[-123.88741735,49.34841553],[-123.88175005,49.34766532],[-123.88148122,49.34762758],[-123.87583476,49.34681329],[-123.87207933,49.34624467],[-123.8656621,49.34521568],[-123.85821152,49.34392108],[-123.8579466,49.34387337],[-123.84006216,49.34026228],[-123.83616692,49.33936646],[-123.83048554,49.33799565],[-123.82997104,49.33786783],[-123.82971362,49.33780374],[-123.8294564,49.3377393],[-123.82612115,49.33689189],[-123.82152623,49.33567989],[-123.82101825,49.33554139],[-123.81621911,49.33418269],[-123.80969822,49.33225467],[-123.79950253,49.32917944],[-123.79452983,49.32763596],[-123.78856019,49.32578769],[-123.78053532,49.3234178],[-123.77375953,49.32142605],[-123.77351417,49.32134451],[-123.76733166,49.31899278],[-123.76709613,49.3188995],[-123.76686135,49.31880586],[-123.76639124,49.31861857],[-123.76381058,49.31758424],[-123.76357621,49.31748989],[-123.75332041,49.31328313],[-123.75308838,49.31318664],[-123.75285654,49.31308979],[-123.75100116,49.31231538],[-123.7475278,49.3108577],[-123.74452172,49.30959051],[-123.74174936,49.30841803],[-123.74151818,49.30832012],[-123.73782435,49.30675455],[-123.73759354,49.30665699],[-123.72743108,49.30235838],[-123.72349522,49.300707],[-123.72156893,49.29990339],[-123.72133746,49.29980619],[-123.7196463,49.29920518],[-123.71915979,49.29903747],[-123.71794523,49.2986152],[-123.71503953,49.29759119],[-123.71442829,49.297374],[-123.70324089,49.29737542],[-123.70296135,49.29737542],[-123.68166808,49.29737542],[-123.60000019,49.29733839],[-123.57201321,49.29736024],[-123.51114041,49.29738272],[-123.45391314,49.29737257],[-123.45330303,49.29999988],[-123.45050391,49.31205724],[-123.44978262,49.31516451],[-123.44952322,49.3162818],[-123.44472774,49.3369218],[-123.44325323,49.3432638],[-123.44317343,49.34360668],[-123.44313223,49.34378435],[-123.44309082,49.34396238],[-123.44304961,49.34414005],[-123.44300821,49.34431808],[-123.44296646,49.34449575],[-123.44292506,49.34467377],[-123.44288385,49.34485144],[-123.44284245,49.34502947],[-123.44279332,49.3452018],[-123.44274124,49.3453784],[-123.44268917,49.345555],[-123.4426358,49.34573196],[-123.44258154,49.34590856],[-123.44252529,49.34608481],[-123.44246741,49.34626105],[-123.44240754,49.34643694],[-123.44234514,49.34661248],[-123.44227985,49.3467873],[-123.44221169,49.34696141],[-123.44213936,49.34713516],[-123.4420638,49.34730785],[-123.44198427,49.34747982],[-123.44190057,49.34765144],[-123.44181433,49.3478227],[-123.44172522,49.34799325],[-123.44163337,49.3481638],[-123.44153954,49.34833399],[-123.44144352,49.34850418],[-123.44134606,49.34867402],[-123.44124717,49.3488435],[-123.44114663,49.34901298],[-123.44104609,49.34918246],[-123.44094412,49.34935159],[-123.44084214,49.34952071],[-123.44074017,49.34968984],[-123.44063874,49.34985896],[-123.44053731,49.35002809],[-123.44043643,49.35019721],[-123.44033719,49.35036634],[-123.44023904,49.35053546],[-123.44014234,49.35070494],[-123.44004747,49.35087407],[-123.43995494,49.3510439],[-123.43986459,49.35121374],[-123.43977698,49.35138358],[-123.43969244,49.35155377],[-123.43961099,49.35172432],[-123.43953337,49.35189487],[-123.43945917,49.35206613],[-123.4393888,49.35223739],[-123.43932294,49.35240937],[-123.43926147,49.35258134],[-123.43920506,49.35275402],[-123.43915789,49.35292778],[-123.43912552,49.35310438],[-123.43910706,49.35328347],[-123.43910255,49.35346399],[-123.43911037,49.35364593],[-123.43912982,49.35382859],[-123.43916,49.3540116],[-123.43919968,49.35419426],[-123.43924905,49.3543762],[-123.43930612,49.35455707],[-123.43937096,49.35473581],[-123.43944171,49.35491277],[-123.43951844,49.35508688],[-123.43959989,49.35525743],[-123.43968563,49.3554262],[-123.43977744,49.3555939],[-123.43987367,49.35576053],[-123.43997413,49.35592645],[-123.44007936,49.35609166],[-123.44018827,49.35625615],[-123.44030087,49.35641994],[-123.44041605,49.35658301],[-123.44053451,49.35674608],[-123.44065502,49.35690844],[-123.44077757,49.35707009],[-123.44090155,49.35723209],[-123.44102649,49.35739339],[-123.44115307,49.35755468],[-123.44127965,49.35771597],[-123.44140623,49.35787726],[-123.44153281,49.35803855],[-123.44165885,49.35819984],[-123.4417836,49.35836149],[-123.44190725,49.35852314],[-123.44202942,49.3586855],[-123.44214885,49.35884786],[-123.44226625,49.35901093],[-123.44218231,49.35928545],[-123.44212245,49.35946241],[-123.44205932,49.35963936],[-123.4419949,49.35981668],[-123.44192903,49.35999364],[-123.44186317,49.36017059],[-123.44179894,49.36034755],[-123.44173691,49.36052451],[-123.44167815,49.36070147],[-123.44162487,49.36087843],[-123.4415765,49.36105538],[-123.44153524,49.36123234],[-123.44150184,49.36140894],[-123.44147753,49.3615859],[-123.44146381,49.3617625],[-123.44146102,49.36193911],[-123.441473,49.36211571],[-123.44149735,49.36229267],[-123.44153373,49.36246962],[-123.4415807,49.36264623],[-123.44163567,49.36282318],[-123.44169849,49.36299979],[-123.44176624,49.36317639],[-123.44183802,49.36335263],[-123.44191308,49.36352888],[-123.44198834,49.36370477],[-123.44206345,49.36387995],[-123.44213693,49.36405512],[-123.44220643,49.36422959],[-123.44228215,49.3644037],[-123.44237303,49.3645771],[-123.44247485,49.3647505],[-123.44258253,49.36492318],[-123.4426924,49.36509587],[-123.4427994,49.36526784],[-123.44289949,49.36543946],[-123.4429872,49.36561072],[-123.44305906,49.36578198],[-123.44311,49.36595253],[-123.44313544,49.36612272],[-123.44313136,49.36629291],[-123.44309776,49.36646311],[-123.44303881,49.36663366],[-123.44295818,49.36680385],[-123.44285972,49.36697369],[-123.44274744,49.36714281],[-123.44262462,49.36731122],[-123.44249584,49.36747857],[-123.44236438,49.36764485],[-123.44223481,49.3678097],[-123.44213379,49.36794215],[-123.44211061,49.36797277],[-123.44209775,49.36798986],[-123.4419896,49.36813406],[-123.44186267,49.36829322],[-123.44172964,49.36845059],[-123.44159194,49.36860654],[-123.44145066,49.36876107],[-123.4413065,49.36891488],[-123.44116055,49.36906799],[-123.44101426,49.36922073],[-123.44086831,49.36937384],[-123.4407238,49.36952729],[-123.44057894,49.3696804],[-123.4404323,49.36983279],[-123.44028298,49.36998411],[-123.44013276,49.37013508],[-123.43998144,49.37028604],[-123.43983033,49.37043665],[-123.43967922,49.37058726],[-123.43952935,49.37073858],[-123.43938146,49.37089026],[-123.43923571,49.37104301],[-123.43909284,49.37119647],[-123.43895355,49.37135135],[-123.43881873,49.37150801],[-123.43868858,49.3716661],[-123.43856434,49.37182632],[-123.43844423,49.37198797],[-123.43832823,49.37215104],[-123.43821547,49.37231518],[-123.43810449,49.37248004],[-123.43799496,49.37264524],[-123.43788577,49.37281081],[-123.43777659,49.37297637],[-123.43766561,49.37314123],[-123.4375532,49.37330572],[-123.43743755,49.37346915],[-123.43731779,49.37363115],[-123.4371939,49.37379173],[-123.43706767,49.3739516],[-123.4369409,49.37411147],[-123.43681433,49.37427098],[-123.43668721,49.37443049],[-123.43655955,49.37459],[-123.43643153,49.37474916],[-123.43630352,49.37490831],[-123.43617442,49.37506747],[-123.43604586,49.37522662],[-123.43591641,49.37538542],[-123.43578695,49.37554422],[-123.43565695,49.37570302],[-123.43552715,49.37586147],[-123.43539626,49.37601991],[-123.43526591,49.37617835],[-123.43513502,49.37633679],[-123.43500378,49.37649488],[-123.43487234,49.37665333],[-123.4347402,49.37681106],[-123.43460842,49.37696914],[-123.43447608,49.37712723],[-123.43434395,49.37728496],[-123.43421127,49.37744269],[-123.43407859,49.37760042],[-123.43394556,49.3777578],[-123.43381233,49.37791553],[-123.4336793,49.37807291],[-123.43354573,49.37823028],[-123.43341235,49.3783873],[-123.43327823,49.37854468],[-123.43314341,49.37870134],[-123.43300661,49.37885765],[-123.43286747,49.37901324],[-123.43272709,49.37916812],[-123.43258437,49.37932229],[-123.43243952,49.3794754],[-123.43229233,49.37962779],[-123.43214266,49.37977875],[-123.4319912,49.37992901],[-123.43183671,49.38007784],[-123.43167919,49.38022524],[-123.43151864,49.38037122],[-123.4313554,49.38051614],[-123.43119003,49.38065998],[-123.43102287,49.38080312],[-123.43085392,49.38094554],[-123.43068428,49.38108724],[-123.43051354,49.38122895],[-123.43034266,49.38136995],[-123.43017157,49.3815113],[-123.42999497,49.38164981],[-123.42981246,49.38178618],[-123.42962657,49.38192076],[-123.42943924,49.382055],[-123.429253,49.38218923],[-123.42907123,49.38232524],[-123.42889483,49.38246339],[-123.42872682,49.3826051],[-123.4285701,49.38275108],[-123.42842679,49.3829024],[-123.4283037,49.38306156],[-123.42819905,49.38322783],[-123.42810726,49.38339945],[-123.42802263,49.38357391],[-123.42794068,49.38374945],[-123.42785626,49.38392356],[-123.42776323,49.38409446],[-123.42765624,49.38426003],[-123.42753102,49.38441811],[-123.42738165,49.38456659],[-123.4272201,49.38471043],[-123.42705518,49.3848525],[-123.42688668,49.38499314],[-123.4267144,49.38513271],[-123.42653964,49.38527086],[-123.42636219,49.38540794],[-123.42618261,49.38554395],[-123.42600069,49.38567925],[-123.42581753,49.38581384],[-123.42563238,49.38594807],[-123.42544599,49.38608159],[-123.42525925,49.38621476],[-123.42507141,49.38634792],[-123.42488358,49.38648108],[-123.42469594,49.38661389],[-123.42450811,49.38674705],[-123.42432117,49.38688057],[-123.42413457,49.38701445],[-123.42394942,49.38714868],[-123.42376605,49.38728362],[-123.42358428,49.38741964],[-123.42340429,49.38755636],[-123.42322664,49.3876938],[-123.42305147,49.38783266],[-123.42287934,49.38797294],[-123.42271043,49.38811429],[-123.4225458,49.38825778],[-123.42238812,49.38840448],[-123.4222374,49.38855437],[-123.42209294,49.38870677],[-123.42195344,49.388862],[-123.42181808,49.38901867],[-123.42168554,49.38917711],[-123.42155534,49.38933627],[-123.42142604,49.38949578],[-123.42129708,49.38965565],[-123.42116668,49.38981516],[-123.42103415,49.3899736],[-123.42089893,49.39013098],[-123.42075999,49.39028621],[-123.42061781,49.39044038],[-123.42047742,49.39059527],[-123.42033719,49.39075086],[-123.42019804,49.39090646],[-123.42005925,49.39106241],[-123.4199208,49.39121871],[-123.419782,49.39137467],[-123.41964266,49.39153062],[-123.41950242,49.39168621],[-123.41936149,49.39184109],[-123.41921911,49.39199562],[-123.41907515,49.39214908],[-123.4189294,49.39230183],[-123.4187815,49.3924535],[-123.41863113,49.39260376],[-123.41847753,49.39275294],[-123.41832144,49.39290071],[-123.41816197,49.39304669],[-123.41799912,49.39319089],[-123.417832,49.39333295],[-123.41766005,49.39347288],[-123.41748473,49.39361103],[-123.41730603,49.3937474],[-123.41712375,49.39388234],[-123.41693899,49.39401586],[-123.41675229,49.39414796],[-123.41656359,49.3942797],[-123.41637366,49.39441072],[-123.41618248,49.39454104],[-123.41599096,49.394671],[-123.41579978,49.39480131],[-123.41560806,49.39493163],[-123.41541777,49.3950623],[-123.41522819,49.39519368],[-123.41504093,49.39532578],[-123.41485527,49.39545894],[-123.41467209,49.39559353],[-123.4144916,49.39572919],[-123.41431448,49.39586662],[-123.41414626,49.39600869],[-123.41398783,49.39615574],[-123.4138376,49.3963067],[-123.41369144,49.39646016],[-123.41354618,49.39661398],[-123.41339967,49.39676708],[-123.413248,49.39691769],[-123.41308852,49.39706367],[-123.41291782,49.39720431],[-123.41273643,49.39733961],[-123.41254648,49.39747064],[-123.41235048,49.39759882],[-123.41215075,49.39772486],[-123.41194977,49.39785019],[-123.41174915,49.39797588],[-123.41155175,49.39810263],[-123.41135952,49.39823188],[-123.4111746,49.39836469],[-123.41099967,49.39850212],[-123.41083741,49.39864525],[-123.41068603,49.39879337],[-123.41054142,49.39894505],[-123.41040286,49.39909958],[-123.41026968,49.39925624],[-123.41014097,49.39941468],[-123.41001599,49.39957526],[-123.40989349,49.39973727],[-123.40977388,49.39989998],[-123.40970141,49.40000003],[-123.40965551,49.40006341],[-123.40953783,49.40022755],[-123.40942036,49.40039134],[-123.40930179,49.40055512],[-123.40918252,49.40071819],[-123.40906057,49.40088019],[-123.40893559,49.40104077],[-123.40875847,49.40121239],[-123.40860679,49.401363],[-123.40845671,49.40151468],[-123.40830752,49.40166671],[-123.40815957,49.40181946],[-123.40801162,49.40197221],[-123.40786277,49.4021246],[-123.40771324,49.40227628],[-123.40756191,49.40242724],[-123.40740844,49.40257714],[-123.40725214,49.40272526],[-123.40709301,49.4028716],[-123.4069294,49.40301615],[-123.40676192,49.40315786],[-123.40658892,49.40329672],[-123.40641095,49.40343273],[-123.4062287,49.40356661],[-123.40604308,49.40369871],[-123.40585407,49.40382902],[-123.40566258,49.40395791],[-123.40546806,49.40408538],[-123.4052716,49.40421142],[-123.40507245,49.4043364],[-123.40487171,49.4044603],[-123.40466958,49.40458278],[-123.40446546,49.40470491],[-123.4042603,49.40482597],[-123.40405424,49.40494667],[-123.40384749,49.40506666],[-123.40364004,49.40518594],[-123.40343259,49.40530521],[-123.40322479,49.40542414],[-123.40301699,49.40554306],[-123.40280994,49.40566162],[-123.40260254,49.40577983],[-123.40239231,49.40589626],[-123.40217999,49.40601055],[-123.40196518,49.40612342],[-123.40174898,49.40623487],[-123.40153119,49.40634524],[-123.40131271,49.40645491],[-123.40109333,49.40656421],[-123.40087395,49.40667352],[-123.40065422,49.40678247],[-123.40043539,49.40689178],[-123.40021705,49.40700216],[-123.40000015,49.40711289],[-123.39960404,49.40735109],[-123.3994019,49.40747357],[-123.3992001,49.40759641],[-123.39899866,49.4077196],[-123.39879776,49.4078428],[-123.39859666,49.40796635],[-123.3983961,49.4080899],[-123.3981959,49.40821381],[-123.39799514,49.40833771],[-123.39779529,49.40846197],[-123.39759508,49.40858588],[-123.39739522,49.40871014],[-123.39719536,49.4088344],[-123.39699495,49.40895867],[-123.39679509,49.40908293],[-123.39659523,49.40920719],[-123.39639502,49.4093311],[-123.39619426,49.409455],[-123.39599405,49.40957891],[-123.3957935,49.40970246],[-123.39559239,49.40982601],[-123.39539148,49.4099492],[-123.39519003,49.4100724],[-123.39498823,49.41019524],[-123.39478608,49.41031772],[-123.39458358,49.41043984],[-123.39438073,49.41056161],[-123.39417699,49.41068303],[-123.39397344,49.41080409],[-123.39376865,49.41092443],[-123.39356387,49.41104478],[-123.39335838,49.41116441],[-123.3931522,49.41128333],[-123.39294513,49.4114019],[-123.39273771,49.41152011],[-123.39252959,49.4116376],[-123.39232077,49.41175439],[-123.39211071,49.41187046],[-123.39190051,49.41198582],[-123.39168886,49.41210083],[-123.39147671,49.41221477],[-123.39126297,49.41232763],[-123.3910471,49.41243943],[-123.39082983,49.41254981],[-123.39061117,49.41265876],[-123.39039038,49.41276665],[-123.39016853,49.41287346],[-123.38994475,49.41297885],[-123.38971993,49.41308318],[-123.38949386,49.41318679],[-123.38926641,49.41328897],[-123.38903825,49.41339045],[-123.38880851,49.41349086],[-123.38857806,49.41359055],[-123.38834658,49.41368918],[-123.3881144,49.41378709],[-123.38788152,49.4138843],[-123.3876476,49.41398043],[-123.38741333,49.41407621],[-123.38717836,49.41417127],[-123.3869427,49.41426563],[-123.38670689,49.41435927],[-123.38647127,49.41445255],[-123.38623477,49.41454548],[-123.38599811,49.4146377],[-123.38576165,49.41472956],[-123.38552395,49.41482071],[-123.38528595,49.41491044],[-123.38504651,49.41499981],[-123.38480677,49.41508775],[-123.38456559,49.41517534],[-123.38432411,49.41526151],[-123.38408174,49.41534731],[-123.38383832,49.41543205],[-123.38359456,49.41551644],[-123.3833503,49.41559975],[-123.38310514,49.41568272],[-123.38285948,49.41576461],[-123.38261383,49.4158465],[-123.38236693,49.41592768],[-123.38212043,49.41600815],[-123.38187303,49.41608826],[-123.38162529,49.41616801],[-123.38137774,49.41624741],[-123.3811293,49.41632646],[-123.38088106,49.41640515],[-123.38063302,49.41648348],[-123.38038443,49.41656181],[-123.38013549,49.41663978],[-123.3798871,49.41671776],[-123.3796387,49.41679573],[-123.37938996,49.41687335],[-123.37914122,49.41695097],[-123.37889248,49.41702859],[-123.37864373,49.41710621],[-123.37839464,49.41718348],[-123.37814555,49.41726074],[-123.37789666,49.41733765],[-123.37764757,49.41741491],[-123.37739813,49.41749182],[-123.37714868,49.41756872],[-123.37689979,49.41764563],[-123.37665,49.41772218],[-123.37640075,49.41779873],[-123.37615096,49.41787529],[-123.37590172,49.41795184],[-123.37565212,49.41802803],[-123.37540233,49.41810458],[-123.37515274,49.41818078],[-123.37490259,49.41825697],[-123.37465265,49.41833281],[-123.37440305,49.41840901],[-123.37415311,49.41848485],[-123.37390296,49.41856104],[-123.37365302,49.41863688],[-123.37340307,49.41871272],[-123.37315258,49.41878856],[-123.37290283,49.41886404],[-123.37265234,49.41893988],[-123.37240204,49.41901537],[-123.37215209,49.4190912],[-123.3719018,49.41916669],[-123.3716515,49.41924217],[-123.3714012,49.41931765],[-123.3711509,49.41939314],[-123.3709006,49.41946862],[-123.3706503,49.4195441],[-123.3704,49.41961959],[-123.37014915,49.41969507],[-123.36989905,49.4197702],[-123.36964875,49.41984568],[-123.3693979,49.41992116],[-123.36914779,49.41999629],[-123.36889749,49.42007177],[-123.36864664,49.42014726],[-123.36839653,49.42022238],[-123.36814568,49.42029787],[-123.36789557,49.42037299],[-123.36764527,49.42044848],[-123.36739441,49.42052396],[-123.3671443,49.42059909],[-123.366894,49.42067457],[-123.36664369,49.42075005],[-123.36639283,49.42082554],[-123.36614252,49.42090102],[-123.36589221,49.4209765],[-123.3656419,49.42105198],[-123.36539159,49.42112747],[-123.36514127,49.42120295],[-123.36489096,49.42127843],[-123.364641,49.42135427],[-123.36439068,49.42142976],[-123.36414072,49.4215056],[-123.36389075,49.42158143],[-123.36364023,49.42165727],[-123.36339026,49.42173311],[-123.3631403,49.42180895],[-123.3628284,49.42189761],[-123.3625755,49.42196989],[-123.3623235,49.42204252],[-123.36207074,49.42211551],[-123.36181909,49.4221885],[-123.36156668,49.42226185],[-123.36131517,49.42233555],[-123.36106311,49.42240926],[-123.36081194,49.42248332],[-123.36056023,49.42255737],[-123.36030851,49.42263143],[-123.36005715,49.42270585],[-123.35980578,49.42278026],[-123.35955441,49.42285468],[-123.35930305,49.42292909],[-123.35905168,49.42300351],[-123.35879996,49.42307757],[-123.35854859,49.42315198],[-123.35829687,49.42322604],[-123.3580457,49.4233001],[-123.35779363,49.4233738],[-123.35754211,49.4234475],[-123.35729004,49.42352121],[-123.35703783,49.4235942],[-123.35678561,49.42366719],[-123.35653304,49.42373982],[-123.35628068,49.4238121],[-123.35602796,49.42388402],[-123.3557749,49.42395559],[-123.35552149,49.4240268],[-123.35526827,49.42409766],[-123.35501417,49.42416815],[-123.35476046,49.42423794],[-123.35450605,49.42430701],[-123.35425165,49.42437609],[-123.35399674,49.4244441],[-123.35374149,49.42451175],[-123.35348555,49.42457868],[-123.3532298,49.42464526],[-123.35297356,49.42471078],[-123.35271642,49.42477594],[-123.35245933,49.42484003],[-123.35220189,49.42490376],[-123.35194396,49.42496642],[-123.35168513,49.42502873],[-123.3514265,49.42509069],[-123.35116738,49.42515157],[-123.3509077,49.42521246],[-123.35064753,49.42527227],[-123.35038756,49.42533173],[-123.3501267,49.42539084],[-123.34986568,49.42544923],[-123.34960432,49.42550727],[-123.34934281,49.42556459],[-123.34908095,49.42562156],[-123.34881894,49.42567782],[-123.34855658,49.42573372],[-123.34829388,49.42578926],[-123.34803048,49.42584409],[-123.34776728,49.42589857],[-123.34750393,49.42595233],[-123.34724003,49.4260061],[-123.34697653,49.42605915],[-123.34671233,49.42611149],[-123.34644759,49.42616383],[-123.34618325,49.42621546],[-123.34591856,49.42626673],[-123.34565352,49.42631764],[-123.34538867,49.4263682],[-123.34512368,49.42641805],[-123.34485815,49.4264679],[-123.34459246,49.42651703],[-123.34432698,49.42656581],[-123.34406149,49.42661459],[-123.34379531,49.42666266],[-123.34352932,49.42671037],[-123.34326354,49.42675772],[-123.34299741,49.42680472],[-123.34273147,49.42685137],[-123.34246519,49.42689765],[-123.34219891,49.42694394],[-123.34193134,49.42698667],[-123.34166124,49.42702512],[-123.34138876,49.42706001],[-123.34111499,49.42709134],[-123.34083973,49.42711947],[-123.34056294,49.42714546],[-123.3402857,49.42716932],[-123.34000761,49.42719175],[-123.33972883,49.42721347],[-123.33945045,49.42723448],[-123.33917207,49.42725548],[-123.33889439,49.4272772],[-123.3386172,49.42729999],[-123.33834105,49.42732385],[-123.33806644,49.42734984],[-123.33779317,49.42737832],[-123.33752194,49.42741001],[-123.33725273,49.4274449],[-123.33698626,49.42748371],[-123.33672286,49.4275268],[-123.3364616,49.42757486],[-123.33620445,49.42762827],[-123.33595048,49.42768773],[-123.33570057,49.4277536],[-123.33545488,49.42782659],[-123.3352147,49.42790635],[-123.33497804,49.42799251],[-123.33474585,49.42808437],[-123.33451689,49.42818122],[-123.33429079,49.4282827],[-123.33406723,49.42838844],[-123.3338459,49.42849704],[-123.33362626,49.42860848],[-123.33340816,49.42872206],[-123.3331907,49.42883743],[-123.33297393,49.4289535],[-123.33275697,49.42906993],[-123.33254,49.42918636],[-123.33232199,49.42930172],[-123.33210259,49.42941565],[-123.33188199,49.42952781],[-123.33165917,49.42963712],[-123.33143376,49.42974322],[-123.33120596,49.42984577],[-123.3309742,49.42994368],[-123.33073921,49.43003661],[-123.33050024,49.43012491],[-123.33025919,49.43021108],[-123.33001571,49.43029475],[-123.32977033,49.43037593],[-123.32952268,49.43045533],[-123.32927348,49.43053259],[-123.32902199,49.43060807],[-123.32876952,49.43068142],[-123.32851531,49.43075299],[-123.32826025,49.43082313],[-123.32800345,49.43089149],[-123.32774636,49.43095843],[-123.32748807,49.43102359],[-123.32722874,49.43108768],[-123.32696966,49.43115034],[-123.32670954,49.43121194],[-123.32644947,49.43127247],[-123.32618891,49.43133193],[-123.32592874,49.43139068],[-123.32566773,49.431448],[-123.32540657,49.43150461],[-123.32514457,49.4315598],[-123.32488187,49.43161428],[-123.32461902,49.43166804],[-123.32435513,49.43172074],[-123.32409164,49.43177272],[-123.32382691,49.43182399],[-123.32356257,49.43187455],[-123.32329754,49.4319244],[-123.32303216,49.43197389],[-123.32276644,49.43202303],[-123.32250056,49.43207145],[-123.32223469,49.43211987],[-123.32196866,49.43216758],[-123.32170209,49.43221529],[-123.32143572,49.43226265],[-123.32116934,49.43231],[-123.32090297,49.43235736],[-123.3206366,49.43240471],[-123.32037022,49.43245207],[-123.32010385,49.43249942],[-123.31983747,49.43254678],[-123.31957124,49.43259485],[-123.31930556,49.43264291],[-123.31903968,49.43269134],[-123.31877415,49.43274011],[-123.31850861,49.43278889],[-123.31824273,49.43283732],[-123.31797615,49.43288503],[-123.31770868,49.43293238],[-123.31744141,49.43297938],[-123.31717324,49.43302603],[-123.31690492,49.43307196],[-123.31663625,49.43311753],[-123.31636669,49.43316275],[-123.31609733,49.43320761],[-123.31582762,49.43325212],[-123.31555756,49.43329627],[-123.31528695,49.43334042],[-123.3150162,49.43338386],[-123.3147449,49.4334273],[-123.31447379,49.43347038],[-123.31420269,49.43351346],[-123.31393069,49.43355619],[-123.31365924,49.43359891],[-123.31338689,49.43364128],[-123.31311509,49.43368365],[-123.31284294,49.43372567],[-123.3125706,49.43376804],[-123.31229845,49.43381005],[-123.3120263,49.43385207],[-123.3117536,49.43389408],[-123.31148145,49.43393609],[-123.3112093,49.43397811],[-123.31093715,49.43402012],[-123.3106648,49.43406249],[-123.31039265,49.43410451],[-123.31016167,49.43414047],[-123.31012084,49.43414688],[-123.30984884,49.4341896],[-123.30957758,49.43423197],[-123.30930592,49.43427506],[-123.30903446,49.43431778],[-123.3087637,49.43436122],[-123.30849293,49.43440466],[-123.30822252,49.43444845],[-123.3079521,49.43449225],[-123.30768238,49.43453676],[-123.30741265,49.43458126],[-123.30714328,49.43462612],[-123.3068746,49.4346717],[-123.30660592,49.43471727],[-123.30633793,49.43476356],[-123.30607029,49.4348102],[-123.305803,49.4348572],[-123.3055366,49.43490456],[-123.30527035,49.43495262],[-123.30500479,49.4350014],[-123.30473959,49.43505054],[-123.30447527,49.43510003],[-123.3042111,49.43515023],[-123.30394818,49.43520115],[-123.3036856,49.43525242],[-123.30342352,49.43530476],[-123.30316179,49.43535746],[-123.30290129,49.43541086],[-123.30264149,49.43546498],[-123.30238219,49.43552017],[-123.30212378,49.43557572],[-123.30186642,49.43563233],[-123.3016094,49.4356893],[-123.30135342,49.43574733],[-123.30109848,49.43580644],[-123.30084424,49.43586625],[-123.3005907,49.43592678],[-123.3003382,49.43598838],[-123.30008673,49.43605105],[-123.29983597,49.43611442],[-123.29958624,49.43617887],[-123.29933776,49.43624403],[-123.29909012,49.43631061],[-123.29884372,49.4363779],[-123.29859907,49.43644698],[-123.29836732,49.43652816],[-123.29815092,49.43662393],[-123.29794827,49.43673324],[-123.29775893,49.43685394],[-123.29758002,49.43698533],[-123.2974107,49.43712597],[-123.29724957,49.43727444],[-123.29709525,49.43742932],[-123.29694524,49.43758919],[-123.29679906,49.43775298],[-123.29665496,49.4379189],[-123.29651136,49.43808588],[-123.29636631,49.43825252],[-123.29621878,49.43841773],[-123.29606723,49.43857937],[-123.29591041,49.43873675],[-123.29574584,49.43888843],[-123.29557322,49.43903298],[-123.29539026,49.43916864],[-123.29519519,49.43929468],[-123.29498769,49.43940969],[-123.29477264,49.43951864],[-123.29455531,49.43962581],[-123.29433603,49.43973156],[-123.29411482,49.43983588],[-123.29389167,49.43993878],[-123.29366713,49.44004026],[-123.2934401,49.44014031],[-123.29321203,49.44023929],[-123.29298237,49.4403372],[-123.29275077,49.44043369],[-123.29251793,49.44052947],[-123.29228404,49.44062418],[-123.29204856,49.44071782],[-123.29181239,49.44081075],[-123.29157497,49.44090297],[-123.29133686,49.44099448],[-123.2910975,49.44108527],[-123.29085725,49.44117571],[-123.29061685,49.44126543],[-123.29037555,49.4413548],[-123.29013356,49.44144346],[-123.28989102,49.44153212],[-123.28964868,49.44162042],[-123.28940579,49.44170872],[-123.28916255,49.44179666],[-123.28891931,49.44188461],[-123.28867662,49.44197255],[-123.28843338,49.4420605],[-123.28819049,49.4421488],[-123.2879476,49.4422371],[-123.2877056,49.44232576],[-123.2874636,49.44241441],[-123.2872223,49.44250378],[-123.28698189,49.44259351],[-123.28674162,49.44268394],[-123.2865028,49.44277474],[-123.28626413,49.44286624],[-123.2860267,49.44295846],[-123.28579051,49.44305139],[-123.28549655,49.44323939],[-123.28529473,49.44336472],[-123.28508968,49.44348898],[-123.28488209,49.44361288],[-123.28467236,49.44373572],[-123.28445975,49.44385785],[-123.28424569,49.44397962],[-123.28402909,49.44410103],[-123.2838118,49.44422174],[-123.28359286,49.44434244],[-123.28337303,49.44446278],[-123.2831523,49.44458277],[-123.28293123,49.44470241],[-123.2827094,49.44482239],[-123.28248832,49.44494203],[-123.2822667,49.44506166],[-123.28204597,49.44518165],[-123.28182559,49.445302],[-123.28160685,49.44542234],[-123.28138845,49.44554304],[-123.28117205,49.4456641],[-123.28095689,49.44578587],[-123.28074426,49.445908],[-123.28053343,49.44603084],[-123.28032513,49.44615403],[-123.28011897,49.44627829],[-123.27991625,49.44640327],[-123.27971676,49.44652931],[-123.2795207,49.44665607],[-123.27932787,49.44678389],[-123.27913883,49.44691278],[-123.27895466,49.44704274],[-123.27877407,49.44717412],[-123.27859891,49.44730657],[-123.27842767,49.4474408],[-123.27826241,49.4475761],[-123.27810182,49.44771283],[-123.27794735,49.44785133],[-123.27779865,49.44799126],[-123.27765588,49.44813333],[-123.27751942,49.44827681],[-123.27738963,49.44842208],[-123.27726685,49.44856949],[-123.27715164,49.44871903],[-123.27704901,49.44887249],[-123.27695828,49.44902915],[-123.27687924,49.44918938],[-123.2768108,49.44935316],[-123.2767528,49.44951979],[-123.27670471,49.44968927],[-123.27666562,49.44986125],[-123.27663534,49.45003607],[-123.27661318,49.45021303],[-123.27659858,49.45039212],[-123.27659044,49.45057335],[-123.27658917,49.45075601],[-123.27659348,49.45094044],[-123.27660322,49.45112595],[-123.27661708,49.45131287],[-123.27663528,49.45150087],[-123.27665746,49.45168958],[-123.27668198,49.451879],[-123.27670904,49.45206877],[-123.27673809,49.4522589],[-123.27676789,49.45244868],[-123.27679913,49.45263881],[-123.27682968,49.45282823],[-123.27686024,49.45301765],[-123.27688975,49.453206],[-123.27691692,49.45339364],[-123.27694271,49.45357986],[-123.27696561,49.45376536],[-123.27698458,49.45394909],[-123.27700017,49.45413103],[-123.27701108,49.45431155],[-123.27702041,49.454491],[-123.27703063,49.4546708],[-123.27704215,49.45485025],[-123.27705402,49.45503006],[-123.27706753,49.45520987],[-123.27708159,49.45538967],[-123.27709675,49.45556948],[-123.27711245,49.45574929],[-123.2771298,49.45592909],[-123.27714825,49.4561089],[-123.27716725,49.4562887],[-123.27718809,49.45646815],[-123.27720928,49.45664796],[-123.27723212,49.45682777],[-123.27725625,49.45700722],[-123.27728093,49.45718667],[-123.27730726,49.45736612],[-123.27733488,49.45754521],[-123.27736395,49.45772466],[-123.27739431,49.45790376],[-123.27742543,49.4580825],[-123.27745819,49.45826123],[-123.27749259,49.45843997],[-123.27752829,49.45861835],[-123.27756509,49.45879674],[-123.27760353,49.45897512],[-123.27764347,49.45915279],[-123.27768485,49.45933082],[-123.27772719,49.45950813],[-123.27777171,49.45968544],[-123.27781733,49.45986276],[-123.2778648,49.46003972],[-123.27791357,49.46021632],[-123.27796323,49.46039328],[-123.27801419,49.46056988],[-123.27806679,49.46074648],[-123.27812014,49.46092273],[-123.27817459,49.46109897],[-123.27823014,49.46127522],[-123.27828698,49.46145111],[-123.27834418,49.46162735],[-123.27840212,49.46180324],[-123.27846116,49.46197913],[-123.27852075,49.46215502],[-123.27858109,49.46233056],[-123.27864143,49.46250609],[-123.27870321,49.46268198],[-123.27876465,49.46285751],[-123.27882664,49.46303305],[-123.27888918,49.46320858],[-123.27895172,49.46338412],[-123.27901501,49.46355929],[-123.2790781,49.46373483],[-123.27914119,49.46391036],[-123.27920428,49.46408589],[-123.27926703,49.46426107],[-123.27933013,49.46443661],[-123.27939268,49.46461214],[-123.27945523,49.46478767],[-123.27951724,49.46496321],[-123.27957925,49.46513874],[-123.27964071,49.46531428],[-123.27970197,49.46549017],[-123.27976234,49.4656657],[-123.27982196,49.46584159],[-123.27988104,49.46601748],[-123.27993957,49.46619337],[-123.27999701,49.46636926],[-123.2800537,49.4665455],[-123.28010949,49.46672139],[-123.28016454,49.46689764],[-123.2802183,49.46707424],[-123.28027061,49.46725049],[-123.28032218,49.46742709],[-123.28037245,49.46760405],[-123.28042183,49.46778065],[-123.28046937,49.46795761],[-123.28051561,49.46813492],[-123.28056041,49.46831188],[-123.28060372,49.46848955],[-123.28064504,49.46866686],[-123.28068486,49.46884489],[-123.28072194,49.46902292],[-123.28075699,49.46920166],[-123.28079039,49.46938039],[-123.2808212,49.46955984],[-123.28085091,49.46973929],[-123.28087844,49.46991874],[-123.28090447,49.47009891],[-123.28092886,49.47027907],[-123.28095161,49.47045923],[-123.28097341,49.47064011],[-123.28099432,49.47082062],[-123.28101339,49.4710015],[-123.28103171,49.47118273],[-123.28104968,49.4713636],[-123.28106635,49.47154484],[-123.28108229,49.47172642],[-123.28109787,49.47190765],[-123.28111291,49.47208888],[-123.2811272,49.47227047],[-123.28114169,49.4724517],[-123.28115599,49.47263329],[-123.28117048,49.47281452],[-123.28118443,49.47299575],[-123.28119893,49.47317698],[-123.28121343,49.47335821],[-123.28122848,49.47353944],[-123.28124373,49.47372032],[-123.28125973,49.47390083],[-123.28127682,49.47408135],[-123.28129392,49.47426187],[-123.28131232,49.47444203],[-123.28133146,49.47462184],[-123.28135225,49.47480165],[-123.28137379,49.4749811],[-123.28139662,49.47516019],[-123.28142075,49.47533893],[-123.28144708,49.47551767],[-123.28147435,49.47569569],[-123.28150327,49.47587372],[-123.28153423,49.47605103],[-123.28156759,49.47622799],[-123.28160224,49.47640459],[-123.28163929,49.47658084],[-123.28167873,49.47675673],[-123.28172022,49.47693191],[-123.28176464,49.47710673],[-123.28181111,49.47728084],[-123.28186052,49.47745459],[-123.28191233,49.47762799],[-123.28196782,49.47780068],[-123.28203398,49.47797194],[-123.28211613,49.47814106],[-123.28221319,49.47830805],[-123.28232295,49.4784729],[-123.28244596,49.47863562],[-123.28257969,49.47879584],[-123.28272359,49.47895357],[-123.28287691,49.47910917],[-123.28303841,49.47926191],[-123.28320643,49.47941181],[-123.28338024,49.47955922],[-123.28355949,49.47970377],[-123.28374197,49.47984548],[-123.28392661,49.47998434],[-123.28411324,49.48011964],[-123.28430018,49.48025245],[-123.28448657,49.48038134],[-123.28468184,49.48050418],[-123.28488878,49.4806199],[-123.28510588,49.48072921],[-123.28533127,49.48083353],[-123.28556323,49.48093394],[-123.28580103,49.48103078],[-123.28604167,49.48112549],[-123.28628476,49.48121878],[-123.28652894,49.48131206],[-123.28677128,49.48140571],[-123.28701118,49.48150077],[-123.28724674,49.48159869],[-123.28747593,49.48170016],[-123.28769834,49.48180591],[-123.28791117,49.481917],[-123.28811384,49.48203449],[-123.28830335,49.48215982],[-123.28847876,49.4822937],[-123.28863991,49.48243541],[-123.28878995,49.48258424],[-123.28893022,49.48273877],[-123.28906261,49.48289756],[-123.28918972,49.48305992],[-123.2893127,49.48322478],[-123.28943419,49.48339034],[-123.28955567,49.48355591],[-123.2896796,49.48372005],[-123.28980712,49.48388169],[-123.28994157,49.48403978],[-123.29020111,49.48429934],[-123.29036825,49.48444995],[-123.29053505,49.48460021],[-123.29069373,49.48475224],[-123.29083472,49.48490748],[-123.29095065,49.48506735],[-123.29103229,49.48523362],[-123.2910811,49.48540667],[-123.29112418,49.48558113],[-123.29116462,49.48575738],[-123.29120171,49.48593469],[-123.29123603,49.48611307],[-123.291267,49.48629252],[-123.29129429,49.48647269],[-123.29131788,49.48665356],[-123.2913378,49.48683515],[-123.29135388,49.48701673],[-123.29136517,49.48719903],[-123.29137263,49.48738133],[-123.29137517,49.48756363],[-123.29137296,49.48774557],[-123.29136583,49.48792752],[-123.29135396,49.4881091],[-123.29133612,49.48828962],[-123.29131354,49.48846978],[-123.29128479,49.48864923],[-123.2912506,49.48882762],[-123.29121154,49.48900493],[-123.29117193,49.48918224],[-123.29113266,49.48935991],[-123.2910934,49.48953758],[-123.29105394,49.48971561],[-123.29101468,49.48989328],[-123.29097522,49.49007131],[-123.29093576,49.49024933],[-123.29089665,49.49042772],[-123.29085665,49.49060574],[-123.29081754,49.49078412],[-123.29077789,49.49096251],[-123.29073769,49.49114089],[-123.29069784,49.49131963],[-123.29065764,49.49149801],[-123.29061799,49.49167639],[-123.29057759,49.49185513],[-123.29053665,49.49203387],[-123.29049625,49.49221261],[-123.29045531,49.49239134],[-123.29041437,49.49257008],[-123.29037288,49.49274882],[-123.29033139,49.49292756],[-123.2902899,49.4931063],[-123.29024787,49.49328504],[-123.29020584,49.49346377],[-123.29016326,49.49364251],[-123.29012013,49.49382125],[-123.290077,49.49399999],[-123.29003388,49.49417873],[-123.28998965,49.49435747],[-123.28994598,49.4945362],[-123.28990121,49.49471494],[-123.28985665,49.49489332],[-123.28981133,49.49507206],[-123.28976567,49.49525044],[-123.28971946,49.49542883],[-123.28967325,49.49560721],[-123.28962649,49.49578559],[-123.28957884,49.49596362],[-123.28953119,49.49614164],[-123.28948279,49.49632003],[-123.28943425,49.4964977],[-123.28938495,49.49667572],[-123.28933531,49.49685339],[-123.28928512,49.49703106],[-123.28923439,49.49720873],[-123.2891833,49.49738605],[-123.28913147,49.49756372],[-123.28907895,49.49774067],[-123.28902567,49.49791799],[-123.28897205,49.49809495],[-123.28891808,49.49827155],[-123.28886336,49.49844851],[-123.28880795,49.49862475],[-123.28875179,49.49880135],[-123.28869473,49.4989776],[-123.28863732,49.49915349],[-123.28857937,49.49932938],[-123.28852032,49.49950527],[-123.28846093,49.4996808],[-123.28840043,49.49985634],[-123.28835057,49.50000018],[-123.28833959,49.50003152],[-123.28827786,49.50020634],[-123.28821557,49.50038116],[-123.28815239,49.50055562],[-123.28808812,49.50073009],[-123.28802349,49.5009042],[-123.28795777,49.50107831],[-123.28789115,49.50125206],[-123.28782364,49.50142546],[-123.28775558,49.50159886],[-123.28768662,49.5017719],[-123.28761657,49.50194494],[-123.28754582,49.50211727],[-123.28747397,49.5022896],[-123.28740158,49.50246193],[-123.28732794,49.50263355],[-123.28725375,49.50280516],[-123.28717812,49.50297642],[-123.2871016,49.50314733],[-123.28702362,49.50331788],[-123.28694076,49.50348736],[-123.28685302,49.50365577],[-123.2867595,49.50382276],[-123.2866611,49.50398868],[-123.28655835,49.50415353],[-123.28645093,49.50431696],[-123.28633931,49.50448003],[-123.28622356,49.50464168],[-123.28610382,49.50480262],[-123.28598119,49.50496284],[-123.28585478,49.505122],[-123.28572492,49.50528044],[-123.28559252,49.50543853],[-123.28545723,49.5055959],[-123.2853196,49.50575256],[-123.28517963,49.50590852],[-123.28503801,49.50606447],[-123.28489405,49.50621971],[-123.28474864,49.50637459],[-123.28460179,49.50652911],[-123.28445438,49.50668364],[-123.28430554,49.50683781],[-123.28415579,49.50699163],[-123.28400605,49.50714544],[-123.28385576,49.50729926],[-123.28370546,49.50745307],[-123.28355517,49.50760688],[-123.28340543,49.5077607],[-123.28325658,49.50791487],[-123.28310828,49.50806904],[-123.28296143,49.50822357],[-123.28281547,49.50837845],[-123.28267116,49.50853333],[-123.28252864,49.50868893],[-123.28238792,49.50884523],[-123.28224939,49.50900154],[-123.28211321,49.50915856],[-123.28197991,49.50931629],[-123.28185385,49.50953847],[-123.28175914,49.50970759],[-123.28166533,49.50987707],[-123.28157241,49.51004691],[-123.28148004,49.51021675],[-123.28138858,49.51038694],[-123.28129801,49.51055749],[-123.28120724,49.5107284],[-123.28111776,49.51089895],[-123.28102789,49.51107021],[-123.28093877,49.51124111],[-123.28085,49.51141237],[-123.28076122,49.51158363],[-123.28067245,49.5117549],[-123.28058423,49.51192616],[-123.28049546,49.51209742],[-123.28040669,49.51226868],[-123.28031757,49.51243958],[-123.28022825,49.51261084],[-123.28013913,49.51278175],[-123.28004892,49.51295265],[-123.27995835,49.5131232],[-123.27986724,49.51329375],[-123.27977578,49.51346395],[-123.27968343,49.51363378],[-123.27959052,49.51380362],[-123.27949617,49.5139731],[-123.27940147,49.51414223],[-123.27930588,49.51431099],[-123.27920883,49.51447941],[-123.27911035,49.51464746],[-123.27901116,49.51481481],[-123.27891088,49.51498215],[-123.27880881,49.51514879],[-123.27870529,49.51531506],[-123.27860052,49.51548063],[-123.27849431,49.51564584],[-123.27838575,49.51581033],[-123.2782763,49.51597447],[-123.2781645,49.5161379],[-123.27805091,49.51630062],[-123.27793553,49.51646262],[-123.27781835,49.51662391],[-123.27769862,49.51678485],[-123.27757117,49.51694293],[-123.27743415,49.51709853],[-123.27728775,49.51725127],[-123.27713397,49.51740153],[-123.27697297,49.51755],[-123.27680548,49.51769634],[-123.27663295,49.5178409],[-123.27645609,49.51798439],[-123.27627509,49.51812645],[-123.27609194,49.51826745],[-123.2759068,49.51840809],[-123.27572096,49.51854802],[-123.27553457,49.51868795],[-123.27534947,49.51882752],[-123.27516563,49.5189678],[-123.27498487,49.51910844],[-123.27480756,49.5192498],[-123.27463403,49.51939222],[-123.27446629,49.51953606],[-123.27430453,49.51968098],[-123.2741498,49.51982803],[-123.2740034,49.51997686],[-123.27386493,49.52012818],[-123.27373677,49.52028164],[-123.27361909,49.52043794],[-123.27351243,49.5205971],[-123.27341824,49.52075946],[-123.27333103,49.52092502],[-123.27324975,49.52109272],[-123.27317401,49.52126327],[-123.27310331,49.5214356],[-123.27303779,49.52161042],[-123.27297751,49.52178667],[-123.27292317,49.52196505],[-123.27287316,49.5221445],[-123.27282874,49.52232573],[-123.27278886,49.52250768],[-123.27275441,49.52269069],[-123.27272486,49.52287477],[-123.27270004,49.5230592],[-123.27267996,49.52324399],[-123.27266461,49.52342914],[-123.27265421,49.52361429],[-123.27264784,49.52379908],[-123.27264642,49.52398387],[-123.27264978,49.52416795],[-123.27265738,49.52435131],[-123.27266922,49.52453397],[-123.2726855,49.52471556],[-123.27270587,49.52489572],[-123.27273067,49.52507481],[-123.27275942,49.52525177],[-123.27279226,49.5254273],[-123.27283048,49.52560106],[-123.27288232,49.52577303],[-123.27294922,49.52594358],[-123.27302933,49.52611306],[-123.27312122,49.52628112],[-123.27322392,49.52644846],[-123.27333545,49.52661474],[-123.27345507,49.5267803],[-123.27358146,49.52694551],[-123.27371265,49.52711001],[-123.27384733,49.52727415],[-123.27398495,49.52743793],[-123.27412312,49.52760172],[-123.2742613,49.5277655],[-123.27439728,49.52792928],[-123.27453032,49.52809342],[-123.27465913,49.52825828],[-123.2747819,49.52842313],[-123.2748975,49.52858905],[-123.27500446,49.52875568],[-123.27510116,49.52892303],[-123.27518684,49.52909144],[-123.27525966,49.52926128],[-123.27531871,49.52943218],[-123.27536216,49.52960451],[-123.2753889,49.52977826],[-123.27540757,49.52995273],[-123.27542055,49.53012755],[-123.27542765,49.53030309],[-123.27542907,49.53047898],[-123.27542589,49.53065522],[-123.27541759,49.53083182],[-123.27540469,49.53100878],[-123.27538776,49.5311861],[-123.27536679,49.53136377],[-123.27534158,49.53154215],[-123.27531329,49.53172017],[-123.27528239,49.53189891],[-123.27524766,49.53207765],[-123.27521109,49.53225675],[-123.27517157,49.5324362],[-123.27513041,49.53261565],[-123.27508741,49.53279545],[-123.27504276,49.53297526],[-123.27499736,49.53315542],[-123.27495032,49.53333558],[-123.27490328,49.53351575],[-123.27485569,49.53369591],[-123.27480791,49.53387643],[-123.27476012,49.53405695],[-123.27471308,49.53423711],[-123.2746664,49.53441763],[-123.27462136,49.53459815],[-123.27457687,49.53477866],[-123.27453422,49.53495883],[-123.27449357,49.53513934],[-123.27445532,49.53531951],[-123.27441926,49.53549967],[-123.2743854,49.53567983],[-123.27435503,49.53585964],[-123.2743276,49.53603909],[-123.27430402,49.53621854],[-123.27428462,49.53639835],[-123.27427196,49.53657886],[-123.27426564,49.53676081],[-123.27426551,49.53694346],[-123.27427116,49.53712754],[-123.27428135,49.53731233],[-123.27429519,49.53749748],[-123.27431282,49.5376837],[-123.27433319,49.53786991],[-123.27435556,49.53805648],[-123.27437938,49.53824341],[-123.27440375,49.53843034],[-123.27442867,49.53861726],[-123.27445269,49.53880384],[-123.27447562,49.53899041],[-123.2744973,49.53917627],[-123.27451554,49.53936141],[-123.27453143,49.53954585],[-123.27454334,49.53972957],[-123.27455036,49.53991223],[-123.27455304,49.54009381],[-123.27454973,49.54027433],[-123.27453954,49.54045343],[-123.27452267,49.54063074],[-123.27449836,49.54080663],[-123.27446497,49.5409811],[-123.2744231,49.54115307],[-123.2743716,49.54132362],[-123.27430998,49.54149167],[-123.27423693,49.54165759],[-123.27415211,49.54182102],[-123.27405551,49.54198196],[-123.27394748,49.54214076],[-123.27383512,49.54229849],[-123.27372041,49.54245551],[-123.27360316,49.54261217],[-123.27348281,49.54276848],[-123.27336067,49.54292407],[-123.27323598,49.54307931],[-123.2731084,49.54323384],[-123.27297937,49.54338801],[-123.27284745,49.54354147],[-123.27271388,49.54369493],[-123.27257762,49.54384732],[-123.27243971,49.54399971],[-123.27234773,49.5440994],[-123.27215487,49.54422936],[-123.27195338,49.54435612],[-123.27174919,49.5444818],[-123.27154715,49.54460856],[-123.2713516,49.54473745],[-123.27116807,49.54487132],[-123.27100126,49.54501161],[-123.27085711,49.54516044],[-123.27073252,49.54531746],[-123.27062501,49.54548124],[-123.27052987,49.54565037],[-123.27044571,49.54582341],[-123.27036949,49.54599894],[-123.2702976,49.54617554],[-123.27022792,49.54635214],[-123.27015703,49.54652697],[-123.27008291,49.54670072],[-123.27000669,49.54687625],[-123.2699359,49.54705286],[-123.2698757,49.54723017],[-123.26983231,49.54740784],[-123.26981177,49.54758587],[-123.26981777,49.54776354],[-123.26983271,49.54794192],[-123.26985164,49.54812101],[-123.2698755,49.54830011],[-123.26990446,49.54847991],[-123.26993746,49.54865936],[-123.2699752,49.54883917],[-123.27001719,49.54901827],[-123.27006376,49.549197],[-123.27011458,49.54937503],[-123.27016984,49.54955199],[-123.27022953,49.54972788],[-123.27029367,49.5499027],[-123.2703619,49.5500761],[-123.27043676,49.55024843],[-123.27051826,49.55041969],[-123.27060674,49.55059024],[-123.27070132,49.55075972],[-123.27080143,49.55092813],[-123.27090598,49.55109547],[-123.27101552,49.55126175],[-123.27112895,49.55142696],[-123.27124592,49.55159074],[-123.27136624,49.55175346],[-123.2714888,49.55191511],[-123.27161326,49.55207533],[-123.27173882,49.55223555],[-123.27186533,49.55239507],[-123.27199293,49.55255458],[-123.27212129,49.55271373],[-123.27225095,49.55287253],[-123.27238135,49.55303097],[-123.2725123,49.55318942],[-123.27264401,49.55334751],[-123.27277646,49.55350524],[-123.27290947,49.55366297],[-123.27304302,49.5538207],[-123.27317678,49.55397807],[-123.27331109,49.55413545],[-123.27344539,49.55429282],[-123.27358045,49.55444984],[-123.27371551,49.55460686],[-123.27385058,49.55476388],[-123.27398599,49.55492126],[-123.27412105,49.55507828],[-123.27425612,49.5552353],[-123.27439119,49.55539231],[-123.27452606,49.55554969],[-123.27466039,49.55570706],[-123.27479472,49.55586444],[-123.27492849,49.55602182],[-123.27506208,49.55617955],[-123.27519511,49.55633728],[-123.2753274,49.55649536],[-123.27545859,49.55665345],[-123.27559014,49.55681189],[-123.27572428,49.55696963],[-123.27586082,49.557127],[-123.2759979,49.55728438],[-123.27613629,49.5574414],[-123.27627358,49.55759841],[-123.27640992,49.55775615],[-123.27654388,49.55791423],[-123.27667449,49.55807339],[-123.27680141,49.55823326],[-123.2769228,49.55839419],[-123.277039,49.55855655],[-123.27714872,49.55872069],[-123.27725051,49.55888626],[-123.27734488,49.55905431],[-123.27743291,49.55922486],[-123.27751426,49.55939755],[-123.27758947,49.55957237],[-123.27765751,49.55974826],[-123.27771926,49.55992557],[-123.27777403,49.5601036],[-123.27782236,49.56028234],[-123.27786431,49.56046072],[-123.27789932,49.56063875],[-123.27792795,49.56081642],[-123.2779458,49.56099373],[-123.27794564,49.56117282],[-123.27792806,49.56135263],[-123.27789636,49.56153315],[-123.27785354,49.56171296],[-123.27780123,49.56189205],[-123.27774279,49.56206936],[-123.27768114,49.56224454],[-123.27760991,49.56241723],[-123.2775274,49.56258849],[-123.27743671,49.56275868],[-123.27734022,49.56292745],[-123.27724099,49.56309622],[-123.27714031,49.56326463],[-123.2769544,49.56359149],[-123.27675433,49.56371575],[-123.27655425,49.56384001],[-123.27635468,49.56396534],[-123.276156,49.56409103],[-123.27595767,49.56421707],[-123.27576025,49.56434347],[-123.27556297,49.56447058],[-123.27536569,49.56459769],[-123.27516931,49.56472516],[-123.27497273,49.56485298],[-123.2747765,49.56498116],[-123.27458082,49.56510934],[-123.27438494,49.56523787],[-123.27418961,49.56536641],[-123.27399408,49.5654953],[-123.27379875,49.56562383],[-123.27360322,49.56575272],[-123.27340789,49.56588126],[-123.27321235,49.56601015],[-123.27301647,49.56613869],[-123.27282114,49.56626722],[-123.2726249,49.5663954],[-123.27242922,49.56652358],[-123.27223263,49.5666514],[-123.2720357,49.56677887],[-123.27183896,49.56690598],[-123.27164168,49.56703309],[-123.27144369,49.56715949],[-123.27124535,49.56728553],[-123.27104667,49.56741122],[-123.27084728,49.56753619],[-123.27064699,49.56766081],[-123.27044655,49.56778472],[-123.27024541,49.56790791],[-123.27004337,49.56803075],[-123.26984083,49.56815252],[-123.26963739,49.56827393],[-123.2694329,49.56839428],[-123.26922771,49.56851391],[-123.26902182,49.56863283],[-123.26881488,49.56875069],[-123.26860668,49.56886783],[-123.26839799,49.5689839],[-123.2681877,49.5690989],[-123.2679767,49.5692132],[-123.26776431,49.56932607],[-123.26755086,49.56943787],[-123.26733582,49.5695486],[-123.26711972,49.56965826],[-123.26690187,49.56976615],[-123.26667947,49.5698694],[-123.26645232,49.56996839],[-123.26622077,49.57006345],[-123.26598537,49.5701546],[-123.26574627,49.57024255],[-123.26550366,49.57032693],[-123.26525861,49.57040882],[-123.26501056,49.57048822],[-123.26476005,49.57056513],[-123.26450759,49.57064061],[-123.26425359,49.57071396],[-123.26399743,49.57078624],[-123.26374112,49.5708578],[-123.26348321,49.5709283],[-123.2632255,49.57099844],[-123.26296724,49.57106859],[-123.26270878,49.57113909],[-123.26245177,49.57120994],[-123.26219471,49.57128186],[-123.26193925,49.57135485],[-123.26168464,49.57142927],[-123.26143233,49.57150546],[-123.26118212,49.57158379],[-123.26093381,49.57166462],[-123.2606885,49.57174793],[-123.26044653,49.5718341],[-123.26020288,49.57192133],[-123.25995577,49.57200785],[-123.25970632,49.57209366],[-123.25945447,49.57217983],[-123.25920242,49.57226635],[-123.25895033,49.57235394],[-123.25869928,49.57244259],[-123.25845053,49.57253303],[-123.25820519,49.57262525],[-123.25796318,49.57272031],[-123.25772638,49.57281787],[-123.25749582,49.57291899],[-123.25727205,49.57302367],[-123.25705633,49.57313262],[-123.256849,49.5732462],[-123.25665171,49.57336441],[-123.25646572,49.57348796],[-123.25629081,49.57361721],[-123.2561295,49.57375358],[-123.25598177,49.57389707],[-123.25584639,49.57404696],[-123.25572155,49.57420256],[-123.2556067,49.57436385],[-123.2555001,49.57452906],[-123.25540044,49.57469854],[-123.25530689,49.57487087],[-123.25521797,49.57504569],[-123.25513246,49.57522229],[-123.25504855,49.57539996],[-123.25496553,49.57557799],[-123.25488162,49.57575566],[-123.25479611,49.57593226],[-123.25470755,49.57610744],[-123.25461435,49.57628013],[-123.25447987,49.576508],[-123.25442319,49.57662514],[-123.25433542,49.57679106],[-123.2542413,49.57695556],[-123.25413959,49.57711792],[-123.25403064,49.5772785],[-123.25391534,49.57743765],[-123.25379411,49.57759467],[-123.25366687,49.57775062],[-123.2535344,49.57790515],[-123.25339668,49.57805825],[-123.25325372,49.57820993],[-123.25310676,49.5783609],[-123.25295565,49.57851044],[-123.25280056,49.57865927],[-123.25264256,49.57880738],[-123.25248076,49.57895443],[-123.25231662,49.57910077],[-123.25215048,49.57924675],[-123.2519818,49.57939238],[-123.25181132,49.57953729],[-123.25163973,49.57968221],[-123.25146725,49.57982676],[-123.25129442,49.57997096],[-123.25112084,49.58011552],[-123.2509478,49.58026008],[-123.25077457,49.58040499],[-123.25060244,49.5805499],[-123.25043155,49.58069553],[-123.25026177,49.58084116],[-123.25009413,49.58098785],[-123.24992849,49.5811349],[-123.2497652,49.58128266],[-123.24960515,49.58143149],[-123.249448,49.58158103],[-123.24929465,49.58173164],[-123.2491451,49.58188332],[-123.24899969,49.58203642],[-123.24885807,49.58219059],[-123.24871916,49.58234583],[-123.24858294,49.58250214],[-123.24844942,49.58265951],[-123.2483177,49.5828176],[-123.24818833,49.5829764],[-123.24806076,49.58313591],[-123.24793464,49.58329578],[-123.24780976,49.58345636],[-123.24768614,49.58361765],[-123.24756396,49.5837793],[-123.24744233,49.58394095],[-123.24732161,49.58410295],[-123.24720123,49.58426531],[-123.24708085,49.58442767],[-123.24696048,49.58459003],[-123.24693474,49.58462528],[-123.24688955,49.58478479],[-123.2737979,49.58478835],[-123.27393609,49.58478871],[-123.27406351,49.58478871],[-123.27436776,49.58478871],[-123.2744426,49.58478871],[-123.27539639,49.58478871],[-123.27551172,49.58478871],[-123.27574293,49.58478871],[-123.27588407,49.58478871],[-123.27610155,49.58478871],[-123.27610226,49.5850472],[-123.27610403,49.58546357],[-123.27610511,49.58571907],[-123.27610529,49.58576081],[-123.27612943,49.59134933],[-123.31082375,49.59134434],[-123.31062877,49.59150991],[-123.31040803,49.59166159],[-123.3101986,49.59186098],[-123.31001147,49.5919888],[-123.31002799,49.59213656],[-123.30999786,49.59230497],[-123.30992818,49.59244775],[-123.30989816,49.5926475],[-123.30978483,49.59281342],[-123.30959018,49.59293305],[-123.30934779,49.59302598],[-123.30911001,49.59312247],[-123.30891282,49.59324175],[-123.30884736,49.59341835],[-123.30881877,49.5935978],[-123.30879967,49.59377796],[-123.30885236,49.59395349],[-123.30892118,49.59412867],[-123.30896978,49.59430563],[-123.30900771,49.59448401],[-123.30904488,49.59466275],[-123.30903797,49.59484078],[-123.30898371,49.59501702],[-123.30900421,49.59519612],[-123.30902432,49.59537592],[-123.30902955,49.5955568],[-123.3089281,49.59571916],[-123.30889093,49.59589825],[-123.30895098,49.59607343],[-123.30897993,49.59625217],[-123.30899345,49.59643198],[-123.3089938,49.59661178],[-123.30898955,49.59679194],[-123.30897945,49.59697175],[-123.30896352,49.5971512],[-123.30893735,49.5973303],[-123.30890258,49.59750903],[-123.30884978,49.59768564],[-123.30874271,49.5978512],[-123.30861248,49.59801],[-123.30848606,49.59816987],[-123.30835169,49.59832724],[-123.30814539,49.5984451],[-123.30792071,49.59853482],[-123.30790155,49.59871712],[-123.30788002,49.59889479],[-123.30786977,49.59906997],[-123.30791966,49.59924764],[-123.30787871,49.59942566],[-123.30773803,49.59958055],[-123.30763401,49.59974754],[-123.30757797,49.59992307],[-123.30756369,49.59999998],[-123.30754522,49.60010216],[-123.30745104,49.60027022],[-123.30731127,49.60042546],[-123.3072098,49.6005928],[-123.30712173,49.60076371],[-123.30701141,49.6009282],[-123.30687234,49.60108416],[-123.30674957,49.60124438],[-123.30669933,49.60142134],[-123.3067006,49.6016015],[-123.30671031,49.60178131],[-123.30672311,49.60196147],[-123.30671674,49.60214056],[-123.30666886,49.60231823],[-123.3066471,49.60249733],[-123.30669097,49.602675],[-123.30668476,49.6028548],[-123.30657244,49.60301894],[-123.30644133,49.60317739],[-123.3062886,49.60332729],[-123.30613173,49.60347576],[-123.30597485,49.60362423],[-123.30587293,49.60378944],[-123.30571715,49.60393792],[-123.30559327,49.60409422],[-123.30558981,49.60427403],[-123.30560747,49.60445241],[-123.30556324,49.60463044],[-123.3055393,49.60480953],[-123.30552815,49.60498934],[-123.3055181,49.60516914],[-123.30550036,49.60534895],[-123.30541235,49.60551879],[-123.30526483,49.60567118],[-123.30513337,49.60582927],[-123.30505386,49.60600159],[-123.30496946,49.60617286],[-123.30487026,49.60634305],[-123.30470496,49.60648298],[-123.30449262,49.60660083],[-123.30429514,49.60672652],[-123.30414488,49.60687891],[-123.30406342,49.60704981],[-123.30400771,49.60722677],[-123.30394165,49.60740159],[-123.30378087,49.60754722],[-123.30360282,49.60768537],[-123.30341782,49.60781924],[-123.30323531,49.60795454],[-123.30307018,49.6080991],[-123.30291201,49.60824793],[-123.30275403,49.6083964],[-123.3025884,49.60853989],[-123.30240493,49.60867199],[-123.30217443,49.60877311],[-123.30195596,49.60888419],[-123.30176168,49.60901202],[-123.30157076,49.60914269],[-123.30137148,49.60926766],[-123.30116668,49.60938872],[-123.30095938,49.60950835],[-123.30074942,49.60962585],[-123.30053611,49.6097405],[-123.30030811,49.60984304],[-123.30006851,49.60993384],[-123.29991893,49.61008302],[-123.29984198,49.61025571],[-123.29971868,49.61041985],[-123.29974738,49.61059325],[-123.29981471,49.61077127],[-123.29985657,49.61094965],[-123.29992409,49.61112341],[-123.30002261,49.61129182],[-123.30012652,49.61145845],[-123.3002195,49.61162793],[-123.30031563,49.6117967],[-123.30040936,49.61196583],[-123.30048738,49.61213851],[-123.30055416,49.61231262],[-123.30066617,49.61247854],[-123.30078332,49.61264411],[-123.30088964,49.61281038],[-123.30096855,49.61297951],[-123.30096412,49.61315718],[-123.30092399,49.61333876],[-123.30096741,49.61351537],[-123.30104245,49.61368948],[-123.301008,49.61386679],[-123.30100263,49.61404517],[-123.30104911,49.6142232],[-123.30109575,49.61440194],[-123.30112885,49.61458032],[-123.30109665,49.61475657],[-123.30101559,49.61493174],[-123.30102015,49.61510514],[-123.3011206,49.61528495],[-123.30126385,49.61543627],[-123.30149035,49.61550321],[-123.30178786,49.61550677],[-123.30206421,49.61553454],[-123.30233316,49.61557655],[-123.302581,49.61565453],[-123.30285703,49.61566806],[-123.30312385,49.61562213],[-123.30337789,49.61554487],[-123.30365301,49.61554522],[-123.30393541,49.61556409],[-123.30420516,49.61560468],[-123.30442964,49.61569797],[-123.30459672,49.61585784],[-123.30465191,49.61602126],[-123.30468954,49.61620143],[-123.3047113,49.61638444],[-123.3047255,49.61656424],[-123.30472651,49.61674405],[-123.30472018,49.61692421],[-123.30471201,49.61710473],[-123.30470972,49.61728454],[-123.30471934,49.6174647],[-123.30475988,49.61764557],[-123.30488224,49.61780188],[-123.30507091,49.61793682],[-123.30524726,49.61807711],[-123.30536765,49.61823698],[-123.30547054,49.61840361],[-123.305563,49.61857416],[-123.30565028,49.61874613],[-123.3057387,49.61891704],[-123.30581255,49.61909043],[-123.3058851,49.61926419],[-123.30597502,49.61943438],[-123.30607049,49.61960351],[-123.30615856,49.61977406],[-123.30622413,49.61994852],[-123.30625505,49.62012797],[-123.30626288,49.62030742],[-123.30625748,49.62048794],[-123.30623694,49.62066703],[-123.30618387,49.62084435],[-123.30613629,49.62102166],[-123.30613977,49.62120004],[-123.3061729,49.62137949],[-123.30620402,49.62155859],[-123.30620508,49.6217384],[-123.3061823,49.62191856],[-123.3061821,49.62209765],[-123.30622622,49.6222771],[-123.30633552,49.62244017],[-123.30649712,49.62258829],[-123.30669261,49.62271896],[-123.30687961,49.62285106],[-123.30699211,49.62301235],[-123.30708481,49.62318254],[-123.30716066,49.62335737],[-123.30722192,49.62353468],[-123.30726599,49.62371128],[-123.3072845,49.62389038],[-123.30728737,49.62407089],[-123.30729005,49.62425177],[-123.30730671,49.62443122],[-123.30734376,49.6246096],[-123.30737381,49.6247887],[-123.30737156,49.62497349],[-123.30738654,49.62515401],[-123.30747722,49.62531601],[-123.30732402,49.62550935],[-123.30761021,49.62551362],[-123.30782979,49.62559907],[-123.30801957,49.62573117],[-123.30821468,49.62585863],[-123.30841467,49.62598325],[-123.30861635,49.6261068],[-123.30881709,49.62623106],[-123.30902217,49.62635248],[-123.30922012,49.62647781],[-123.30939397,49.62661881],[-123.30954879,49.62677226],[-123.30972476,49.6269065],[-123.30996885,49.62698447],[-123.31023866,49.62703895],[-123.31050119,49.62709663],[-123.31076467,49.6271536],[-123.31102388,49.62721626],[-123.3112758,49.62729103],[-123.31152148,49.62737506],[-123.3117689,49.62745695],[-123.3120227,49.62752638],[-123.31228715,49.62757765],[-123.31255735,49.6276186],[-123.31282869,49.62765848],[-123.31310129,49.62769907],[-123.31337538,49.62773895],[-123.31361524,49.62781763],[-123.31381396,49.62794261],[-123.31400684,49.62807613],[-123.31422736,49.62818366],[-123.314465,49.62827623],[-123.31470796,49.62836417],[-123.3149475,49.62845532],[-123.31517484,49.62855751],[-123.3153921,49.62866895],[-123.31560269,49.62878645],[-123.31580666,49.62890893],[-123.31600351,49.62903533],[-123.3161887,49.62916885],[-123.31635586,49.62931305],[-123.31650996,49.62946295],[-123.31662936,49.6296278],[-123.31675503,49.62978732],[-123.31695495,49.62990624],[-123.31719219,49.63000451],[-123.31741135,49.63011453],[-123.3175845,49.63025588],[-123.31771647,49.63041397],[-123.31781482,49.63058309],[-123.3179167,49.63075079],[-123.31805316,49.63090674],[-123.31820225,49.63105878],[-123.31836101,49.63120725],[-123.31852859,49.63135074],[-123.31870937,49.63148533],[-123.31892681,49.63159749],[-123.31914291,49.63171107],[-123.31933581,49.63184067],[-123.3195008,49.63198487],[-123.31965832,49.63213263],[-123.31981246,49.63228253],[-123.31996455,49.63243314],[-123.32011849,49.63258339],[-123.3202539,49.63271656],[-123.320272,49.63292129],[-123.32022894,49.6330986],[-123.32016618,49.63327378],[-123.32009447,49.63344825],[-123.32001895,49.63362164],[-123.31992928,49.63379184],[-123.31985141,49.63396452],[-123.3197892,49.6341397],[-123.31973244,49.63431594],[-123.31967134,49.63449112],[-123.31959983,49.63466523],[-123.31951851,49.63483721],[-123.31942793,49.63500704],[-123.31931575,49.63517225],[-123.31926854,49.63534814],[-123.31925979,49.63552902],[-123.31925509,49.63570953],[-123.31929066,49.63588685],[-123.31936764,49.63605989],[-123.31944772,49.63623329],[-123.31953275,49.63640668],[-123.31954442,49.63658151],[-123.31945917,49.63675562],[-123.31934393,49.6369194],[-123.31924466,49.6370871],[-123.31917136,49.6372605],[-123.31910296,49.63743496],[-123.31902527,49.63760836],[-123.31894612,49.6377814],[-123.31890277,49.63795729],[-123.31890068,49.6381371],[-123.31891119,49.63831797],[-123.31891516,49.63849778],[-123.31892057,49.63867794],[-123.31892343,49.63885775],[-123.31893969,49.6390372],[-123.31897984,49.63921523],[-123.31903342,49.63939183],[-123.31909859,49.63956736],[-123.31921331,49.63972794],[-123.31930554,49.63989635],[-123.31945117,49.64004981],[-123.31960277,49.64020042],[-123.31977552,49.64034071],[-123.31995783,49.64047565],[-123.32010012,49.64063018],[-123.32025343,49.64077972],[-123.32043216,49.64091716],[-123.32061369,49.64105352],[-123.32080301,49.64118775],[-123.32098209,49.64132555],[-123.32111131,49.64148185],[-123.32119225,49.64165774],[-123.32121204,49.64183684],[-123.3211144,49.64203231],[-123.32103163,49.6422139],[-123.32106394,49.6422933],[-123.32113716,49.64233567],[-123.321349,49.64242148],[-123.32160788,49.64249091],[-123.32189032,49.64255357],[-123.32217317,49.64261944],[-123.32243236,49.6426992],[-123.32265765,49.64280138],[-123.32286515,49.64292173],[-123.32306185,49.64305062],[-123.32325486,49.64318022],[-123.32344075,49.64331374],[-123.32362176,49.64345011],[-123.32380332,49.64358648],[-123.32399035,49.64371893],[-123.32418869,49.64384391],[-123.32440078,49.64395998],[-123.32461779,49.64407214],[-123.32483157,49.64418714],[-123.32503201,49.64431033],[-123.32521472,49.64444563],[-123.32539121,49.64458521],[-123.32557413,49.64472015],[-123.32577512,49.64484334],[-123.32598911,49.64495799],[-123.32620613,49.64507015],[-123.32641843,49.64518587],[-123.32663337,49.6452998],[-123.32686089,49.64540199],[-123.32709412,49.64549884],[-123.32732984,49.64559319],[-123.32756706,49.64568683],[-123.32781776,49.64578688],[-123.32827326,49.64584492],[-123.32854448,49.64588231],[-123.32880944,49.64593393],[-123.32906818,49.64599873],[-123.32932207,49.6460703],[-123.32957338,49.6461465],[-123.32982241,49.64622483],[-123.33007084,49.64630423],[-123.33032023,49.64638291],[-123.33056768,49.64646409],[-123.3308057,49.64655631],[-123.33101444,49.64667452],[-123.33124991,49.64676638],[-123.33150316,49.64684009],[-123.33175686,49.64691201],[-123.3320119,49.64698251],[-123.33226639,49.64705301],[-123.33252024,49.64712564],[-123.33276928,49.64720397],[-123.33301059,49.64729227],[-123.3332513,49.64738164],[-123.33350536,49.64745392],[-123.33377549,49.64749131],[-123.33404927,49.64752015],[-123.33431706,49.64756572],[-123.33458001,49.64762198],[-123.33484392,49.64767752],[-123.33513044,49.64772203],[-123.33518796,49.64783632],[-123.33502041,49.64799049],[-123.33488993,49.64814822],[-123.33476572,49.64830951],[-123.33460367,49.64845478],[-123.33443733,49.64860183],[-123.33441123,49.64877559],[-123.33437663,49.64895575],[-123.33444365,49.64912523],[-123.33454401,49.64929507],[-123.33453629,49.64947238],[-123.33447747,49.64964863],[-123.33441921,49.64982487],[-123.3344237,49.65000397],[-123.33445549,49.65018342],[-123.33440842,49.65035931],[-123.33430937,49.65052879],[-123.33412157,49.65065804],[-123.3339005,49.65076699],[-123.3336856,49.65088164],[-123.33353112,49.65103011],[-123.3334689,49.65120458],[-123.33341849,49.65138153],[-123.33336513,49.65155885],[-123.33339022,49.65173652],[-123.33339618,49.65191597],[-123.33340743,49.65209577],[-123.33343339,49.65227487],[-123.33346559,49.65245361],[-123.33351453,49.65263092],[-123.33359449,49.65280289],[-123.33371592,49.65296454],[-123.33386006,49.653118],[-123.33400176,49.65327288],[-123.33411207,49.65343774],[-123.3341791,49.6536122],[-123.33421721,49.65379023],[-123.33424289,49.65394013],[-123.33424813,49.65396932],[-123.33428864,49.65414699],[-123.33433594,49.65432431],[-123.33439984,49.65449948],[-123.33447981,49.65467146],[-123.33456773,49.65484201],[-123.33466044,49.65501184],[-123.33476429,49.65517848],[-123.33488111,49.65534155],[-123.33497922,49.6555096],[-123.33506455,49.65568087],[-123.33515562,49.6558507],[-123.33525818,49.65601769],[-123.33536443,49.65618397],[-123.33546309,49.65635202],[-123.33554509,49.65652435],[-123.33558287,49.65670202],[-123.33559527,49.65688183],[-123.33559282,49.65706164],[-123.33557717,49.65724144],[-123.33558203,49.65742196],[-123.33566632,49.65759215],[-123.33581982,49.6577417],[-123.3359993,49.65787913],[-123.33618676,49.65799129],[-123.33641372,49.65807389],[-123.33644837,49.65808778],[-123.33668476,49.65818213],[-123.33691832,49.65827862],[-123.33715203,49.65837583],[-123.33738311,49.65847481],[-123.33761037,49.65857771],[-123.33783002,49.65868737],[-123.33804266,49.65880273],[-123.33825267,49.65891987],[-123.33846532,49.65903523],[-123.3386804,49.65914917],[-123.3389176,49.6592421],[-123.33917946,49.65930049],[-123.3394543,49.65931865],[-123.3397316,49.65931652],[-123.34000861,49.65930797],[-123.34028584,49.65930299],[-123.34056273,49.65930655],[-123.34084039,49.65930477],[-123.34111283,49.65927272],[-123.34136822,49.659204],[-123.34160625,49.65911107],[-123.34185992,49.65903951],[-123.34213429,49.65901886],[-123.34241166,49.65901957],[-123.34268825,49.65903061],[-123.34296364,49.65904877],[-123.34323822,49.65907333],[-123.34351423,49.65909434],[-123.34377748,49.65915024],[-123.34398759,49.65926524],[-123.34417722,49.65939734],[-123.34439599,49.65950665],[-123.34463489,49.65959851],[-123.3448578,49.65970533],[-123.34502241,49.65984881],[-123.34515044,49.66000868],[-123.34527068,49.66017069],[-123.34538683,49.66033411],[-123.34549854,49.66049861],[-123.34560561,49.66066453],[-123.34569731,49.66083437],[-123.34578347,49.66100527],[-123.3458898,49.66117155],[-123.34602791,49.66132714],[-123.34618911,49.66147384],[-123.34636362,49.66161341],[-123.34654823,49.66174764],[-123.34674659,49.66187297],[-123.34695531,49.66199154],[-123.34716516,49.66210903],[-123.34736861,49.66223116],[-123.34756563,49.66235792],[-123.3477625,49.66248396],[-123.34796705,49.66260608],[-123.34819854,49.66270542],[-123.34846278,49.66275563],[-123.34874107,49.66275669],[-123.34900763,49.66279479],[-123.34926846,49.6628571],[-123.34952918,49.66291763],[-123.34979005,49.66297887],[-123.35004722,49.66304581],[-123.35030513,49.66311239],[-123.35057333,49.66315547],[-123.35084742,49.66318396],[-123.35112005,49.66321707],[-123.35138378,49.66327119],[-123.35163684,49.66334454],[-123.351895,49.66340969],[-123.3521613,49.66345919],[-123.35243256,49.66350369],[-123.3526612,49.66360125],[-123.35278044,49.66376219],[-123.35294236,49.66390568],[-123.35307871,49.66406056],[-123.35307992,49.6641923],[-123.35328986,49.66445257],[-123.35370827,49.66482002],[-123.35418147,49.66514225],[-123.35468297,49.66550969],[-123.35557433,49.66610964],[-123.35612989,49.66623675],[-123.35657404,49.66635247],[-123.35690718,49.66645608],[-123.35736551,49.66660776],[-123.35769933,49.66676869],[-123.35815856,49.667019],[-123.35846835,49.66728782],[-123.35871072,49.6675691],[-123.35888553,49.66786213],[-123.3589421,49.66804193],[-123.35908134,49.66835348],[-123.35927563,49.66858954],[-123.35948853,49.66881884],[-123.35975787,49.66902571],[-123.35997747,49.66937891],[-123.36041256,49.66944656],[-123.36082349,49.6694754],[-123.36124024,49.66961782],[-123.36167531,49.66970933],[-123.36212449,49.66983395],[-123.36258743,49.66999132],[-123.36310143,49.6701608],[-123.36358752,49.67030322],[-123.36406031,49.67049051],[-123.3645094,49.6706461],[-123.36498617,49.67077855],[-123.36552318,49.67087576],[-123.36604626,49.67100607],[-123.36653229,49.67120226],[-123.3670051,49.67138954],[-123.36750586,49.67161278],[-123.36793595,49.67170144],[-123.36842205,49.67183496],[-123.36892171,49.67191721],[-123.36939379,49.67199661],[-123.36983774,49.67207316],[-123.37037463,49.67218852],[-123.37092096,49.67233949],[-123.37146216,49.67249971],[-123.37157651,49.67291309],[-123.37157767,49.67303913],[-123.37155272,49.673408],[-123.37152591,49.67354579],[-123.37153675,49.67372987],[-123.37157068,49.67395668],[-123.37168466,49.67435189],[-123.37174136,49.6745406],[-123.37193891,49.67498958],[-123.37205149,49.67524131],[-123.37218301,49.67547773],[-123.37226284,49.6756992],[-123.37230668,49.67595983],[-123.37236902,49.67624467],[-123.37234539,49.67658541],[-123.37227246,49.67695855],[-123.37224759,49.67733633],[-123.37222156,49.67751649],[-123.372168,49.67776822],[-123.37207312,49.67809258],[-123.37203422,49.67841623],[-123.37199469,49.67871318],[-123.37196916,49.67894711],[-123.37192959,49.67922625],[-123.37182115,49.67954136],[-123.37173942,49.67974858],[-123.37167361,49.68018047],[-123.37164756,49.6804233],[-123.37165143,49.68091821],[-123.37162493,49.68112508],[-123.37156167,49.68145799],[-123.37149171,49.681803],[-123.37146193,49.68217187],[-123.37152514,49.6825646],[-123.37092932,49.68257528],[-123.37030528,49.68253255],[-123.36974989,49.68242645],[-123.36918121,49.68238016],[-123.36861232,49.68235809],[-123.36800267,49.68234207],[-123.36742017,49.68232569],[-123.36686569,49.68229151],[-123.36637961,49.68223917],[-123.36579717,49.68216902],[-123.36527026,49.68215265],[-123.36497911,49.68215371],[-123.36452619,49.68213093],[-123.36404994,49.68207574],[-123.36350853,49.68196928],[-123.36327337,49.68206897],[-123.36283982,49.68215727],[-123.36239678,49.68227263],[-123.36194535,49.68241506],[-123.36156746,49.68253896],[-123.36115321,49.68257848],[-123.3606965,49.68249695],[-123.36022082,49.68232747],[-123.3597464,49.68212096],[-123.35928009,49.68194649],[-123.35875858,49.68180015],[-123.35829495,49.68162782],[-123.35788994,49.68142915],[-123.35742486,49.68139853],[-123.35702128,49.68138998],[-123.35658689,49.68142416],[-123.35606088,49.68148861],[-123.35546521,49.68158047],[-123.35506416,49.68166272],[-123.35471739,49.68168871],[-123.35438492,49.68170082],[-123.35414955,49.68170153],[-123.35361241,49.68176918],[-123.35313254,49.68187848],[-123.35271027,49.68202981],[-123.35235083,49.68219288],[-123.35173232,49.68226338],[-123.35116093,49.68246633],[-123.35063615,49.68280066],[-123.35016686,49.68306663],[-123.34968359,49.68331017],[-123.34917647,49.68350636],[-123.34866035,49.68367904],[-123.34820387,49.68385137],[-123.3477752,49.68398738],[-123.34741544,49.68408743],[-123.34723643,49.68420493],[-123.34700723,49.68449939],[-123.34695069,49.6847504],[-123.34691833,49.68500249],[-123.34705429,49.68525173],[-123.34714414,49.6855266],[-123.34737385,49.68578545],[-123.34746786,49.686024],[-123.34752763,49.68622802],[-123.34743933,49.68658407],[-123.34727965,49.68688423],[-123.34704892,49.68712883],[-123.34662548,49.68731897],[-123.34617833,49.68749129],[-123.34593139,49.68786052],[-123.34582152,49.68805884],[-123.34545597,49.68841169],[-123.34499932,49.68877201],[-123.34417996,49.68916118],[-123.34313361,49.68917329],[-123.34207285,49.68923025],[-123.34164136,49.68966037],[-123.34109189,49.68995375],[-123.34048566,49.69004561],[-123.33987347,49.6899744],[-123.33977673,49.69020263],[-123.33958572,49.69044902],[-123.33923639,49.69073778],[-123.33888253,49.69102974],[-123.3386965,49.69126616],[-123.3384748,49.69150436],[-123.33815255,49.6917333],[-123.33770978,49.69207547],[-123.33732101,49.69242547],[-123.3370643,49.69275268],[-123.33687317,49.69315822],[-123.33679182,49.69340141],[-123.3366693,49.69378844],[-123.33666833,49.69408325],[-123.33669174,49.69432216],[-123.33680526,49.69451763],[-123.33698145,49.69477684],[-123.33717744,49.69504601],[-123.33744358,49.69542307],[-123.33761148,49.69568335],[-123.33782197,49.6960337],[-123.3379908,49.69635094],[-123.33824679,49.69665893],[-123.33859139,49.69695801],[-123.33894029,49.69734077],[-123.33912181,49.69768187],[-123.33924539,49.69799341],[-123.33923036,49.69822627],[-123.33917952,49.69847907],[-123.33906118,49.69876427],[-123.33898144,49.69901956],[-123.3388213,49.6992898],[-123.33858166,49.69957535],[-123.33869939,49.69987764],[-123.33870701,49.70007062],[-123.33866947,49.70027357],[-123.33856068,49.70052566],[-123.3384712,49.70072896],[-123.3383858,49.7008931],[-123.33830502,49.70101808],[-123.33804705,49.70115089],[-123.33774603,49.70132464],[-123.33740287,49.7015397],[-123.33716816,49.70170206],[-123.33711244,49.70172912],[-123.33697484,49.70182845],[-123.33673991,49.70198227],[-123.33646387,49.70212683],[-123.33615952,49.70226284],[-123.33584161,49.70239849],[-123.33553741,49.70251635],[-123.33521892,49.7026431],[-123.33491515,49.70278802],[-123.33459711,49.70295073],[-123.33429336,49.70310455],[-123.33404428,49.7032491],[-123.33387154,49.70343674],[-123.3337481,49.70362581],[-123.33367413,49.70381701],[-123.33361952,49.70400607],[-123.33355169,49.70419513],[-123.33348389,49.7043931],[-123.33342985,49.70459106],[-123.33334759,49.70480719],[-123.33326628,49.70504147],[-123.33317086,49.7052754],[-123.33306142,49.70549188],[-123.33296553,49.70568094],[-123.33288336,49.7058611],[-123.33278761,49.70603201],[-123.33267773,49.70621253],[-123.33256807,49.70640159],[-123.33239045,49.70658709],[-123.3322178,49.70679645],[-123.33206703,49.7070667],[-123.33195088,49.70741064],[-123.3316869,49.70732163],[-123.33164501,49.70730383],[-123.3315894,49.70730383],[-123.3314923,49.70730418],[-123.33072938,49.70721837],[-123.32995166,49.70709269],[-123.32905237,49.70741313],[-123.32809226,49.7076257],[-123.32707132,49.70773038],[-123.32602669,49.70778735],[-123.32524366,49.70797143],[-123.3245222,49.70820535],[-123.3245648,49.708367],[-123.32450132,49.70853826],[-123.32445623,49.70871807],[-123.32440289,49.70898831],[-123.32436294,49.7092493],[-123.32433693,49.70950103],[-123.32428262,49.70974421],[-123.32421529,49.70998704],[-123.32416155,49.71023912],[-123.32410744,49.71048195],[-123.32406743,49.71071623],[-123.32401327,49.71094126],[-123.32395931,49.71116593],[-123.32391947,49.71139095],[-123.32386524,49.71158927],[-123.32379704,49.71176908],[-123.32370111,49.71194924],[-123.32356369,49.71212976],[-123.32341258,49.71233698],[-123.32326094,49.71255311],[-123.32311021,49.71276959],[-123.32297289,49.71298571],[-123.32282175,49.71318403],[-123.32265628,49.71337345],[-123.32249135,49.71356287],[-123.32235403,49.713779],[-123.32224465,49.71401328],[-123.32214866,49.7142383],[-123.32205322,49.71446333],[-123.3219715,49.71467055],[-123.32186212,49.71490483],[-123.32175246,49.7150939],[-123.32164268,49.71531002],[-123.32153131,49.71551012],[-123.32140494,49.71569456],[-123.32127166,49.7158149],[-123.3212216,49.71600076],[-123.32113555,49.71621083],[-123.32101198,49.71641806],[-123.32088795,49.71658932],[-123.32076442,49.71674277],[-123.32058532,49.71691404],[-123.32043364,49.71711236],[-123.32026824,49.71728077],[-123.32008916,49.71743708],[-123.31990827,49.71762151],[-123.31975386,49.71780986],[-123.31964913,49.71801388],[-123.31958081,49.71821185],[-123.31947098,49.71841017],[-123.31931988,49.71861739],[-123.3191825,49.71880681],[-123.31912076,49.71899587],[-123.31907884,49.71918494],[-123.31907509,49.71936474],[-123.31911411,49.71963143],[-123.31917543,49.7198091],[-123.31921467,49.71994511],[-123.3192322,49.72003875],[-123.31920458,49.72007471],[-123.31902573,49.72027339],[-123.3188881,49.72041154],[-123.31876415,49.72056179],[-123.31890039,49.72093636],[-123.31899509,49.72125965],[-123.31904785,49.72153239],[-123.31915992,49.72169404],[-123.31928575,49.72185569],[-123.31939785,49.72202624],[-123.31948241,49.72219678],[-123.31959443,49.7224033],[-123.31977637,49.7226009],[-123.31991604,49.72278035],[-123.32004252,49.72296871],[-123.32015447,49.72314851],[-123.32028087,49.72337283],[-123.32042053,49.72354337],[-123.32057409,49.72369576],[-123.32076948,49.72383925],[-123.32093685,49.72400055],[-123.32109083,49.72417109],[-123.32125817,49.72432348],[-123.32141201,49.72451219],[-123.32156113,49.72467064],[-123.3217269,49.72483086],[-123.32191021,49.72499322],[-123.32206248,49.72518976],[-123.32220372,49.72536743],[-123.32233468,49.72552587],[-123.32239474,49.72557359],[-123.32246022,49.7256334],[-123.3224882,49.72566046],[-123.32268316,49.72583065],[-123.3228509,49.7259923],[-123.3229912,49.72618065],[-123.32319993,49.72635085],[-123.32343728,49.72651214],[-123.32367405,49.72666453],[-123.32384154,49.72681372],[-123.32395365,49.72695151],[-123.32406902,49.72713915],[-123.32420112,49.72731646],[-123.32439926,49.72747099],[-123.3246097,49.72760629],[-123.32484672,49.72771346],[-123.32516637,49.72782063],[-123.32541668,49.72789184],[-123.32575024,49.72798086],[-123.32608389,49.72804281],[-123.32643071,49.72808696],[-123.32675059,49.72814891],[-123.32704229,49.72823793],[-123.32736205,49.72831804],[-123.32768139,49.72837999],[-123.32797344,49.72846936],[-123.32827936,49.72858543],[-123.32846514,49.7286837],[-123.32860018,49.72876417],[-123.32867446,49.72881509],[-123.32873947,49.7288539],[-123.32896209,49.72898813],[-123.32909217,49.72908355],[-123.32917139,49.72914942],[-123.3292226,49.72917933],[-123.32929209,49.72922098],[-123.32938022,49.72927475],[-123.32959521,49.72936305],[-123.329748,49.72938655],[-123.3298386,49.72934525],[-123.33008074,49.72959057],[-123.3303275,49.72976681],[-123.33055958,49.72990389],[-123.33074562,49.73004453],[-123.33085697,49.73013996],[-123.33098306,49.73026849],[-123.33115046,49.73041198],[-123.3313731,49.73054621],[-123.33161007,49.73068044],[-123.3318194,49.73084174],[-123.33201479,49.73101228],[-123.33216846,49.73116467],[-123.33232212,49.73131707],[-123.33247563,49.73147871],[-123.33256925,49.73157734],[-123.33262992,49.73164891],[-123.33278346,49.73181946],[-123.33290989,49.73200816],[-123.333036,49.73220542],[-123.33316191,49.73240302],[-123.33324693,49.73261879],[-123.33331784,49.7328342],[-123.33336103,49.73305887],[-123.3333623,49.73326574],[-123.33336349,49.7334548],[-123.33336476,49.73366167],[-123.33339419,49.73388634],[-123.33347923,49.73410211],[-123.3335638,49.73433568],[-123.33362074,49.73455144],[-123.33366396,49.73477611],[-123.33370714,49.73499188],[-123.33374983,49.73517169],[-123.33375173,49.73539636],[-123.33375298,49.73559432],[-123.33375427,49.73580119],[-123.33375598,49.73602621],[-123.33375727,49.73623308],[-123.33378673,49.73645775],[-123.33383442,49.73666141],[-123.33390021,49.73686222],[-123.33398482,49.73705093],[-123.3340834,49.73723928],[-123.33418179,49.73742799],[-123.33432165,49.73760744],[-123.334462,49.73776909],[-123.33460195,49.73796634],[-123.33471412,49.73815505],[-123.33481255,49.73835266],[-123.33489733,49.73853211],[-123.3349957,49.73871192],[-123.33509414,49.73890953],[-123.33520643,49.73912494],[-123.33530534,49.73934462],[-123.33537623,49.73957712],[-123.33541051,49.7398609],[-123.33543878,49.74015357],[-123.33546082,49.74045551],[-123.33549236,49.74073429],[-123.33554823,49.74098602],[-123.33562354,49.74122849],[-123.33570832,49.74139904],[-123.33577861,49.74157885],[-123.33582148,49.7417405],[-123.33587847,49.74194736],[-123.33597695,49.74214497],[-123.33608924,49.74230662],[-123.33621543,49.74249497],[-123.33634146,49.74269258],[-123.3364543,49.74289909],[-123.33657983,49.74306074],[-123.33667836,49.74322239],[-123.33674836,49.74332101],[-123.33686961,49.74342463],[-123.3370493,49.74356705],[-123.33728798,49.74374828],[-123.33742643,49.7439085],[-123.33748907,49.74404736],[-123.33740127,49.74403276],[-123.33732677,49.74402101],[-123.33722983,49.74401496],[-123.33711106,49.74403347],[-123.33697138,49.74408083],[-123.33682386,49.74421613],[-123.33668669,49.74442442],[-123.33650936,49.74490473],[-123.33547395,49.74497666],[-123.33449278,49.7449674],[-123.33356675,49.74487732],[-123.33344088,49.74492361],[-123.33330836,49.74498592],[-123.3331935,49.74506709],[-123.33307357,49.74516643],[-123.33300615,49.74522661],[-123.33294821,49.74527859],[-123.33289901,49.74532274],[-123.33285756,49.74535585],[-123.33283315,49.74538006],[-123.33280725,49.74540997],[-123.33276124,49.7454673],[-123.3327105,49.74551821],[-123.33253098,49.74564461],[-123.33242046,49.74569303],[-123.33233761,49.74573825],[-123.33228187,49.74578027],[-123.33225428,49.74580128],[-123.33222712,49.74582549],[-123.33174424,49.74542315],[-123.33130722,49.74507244],[-123.33082297,49.74483709],[-123.33032214,49.74465265],[-123.32984813,49.74460708],[-123.3293409,49.74462559],[-123.32897105,49.74468363],[-123.32863819,49.74472956],[-123.32830538,49.74478439],[-123.32797253,49.74483032],[-123.32764463,49.7448613],[-123.32730702,49.74487696],[-123.3269874,49.74487803],[-123.3266685,49.74486984],[-123.32632136,49.74487981],[-123.32604369,49.74489868],[-123.32576661,49.74492645],[-123.32548944,49.74498129],[-123.32522573,49.74504466],[-123.32490715,49.74512656],[-123.32456886,49.7450468],[-123.32442176,49.744982],[-123.32430764,49.74491933],[-123.3242254,49.7448588],[-123.32412789,49.74481394],[-123.323905,49.74469787],[-123.32379813,49.74463805],[-123.32362501,49.74458144],[-123.32342754,49.74452803],[-123.32314009,49.74448388],[-123.32289002,49.74446679],[-123.32280679,49.74445789],[-123.32258041,49.74445575],[-123.32241219,49.74446999],[-123.32221012,49.74449563],[-123.32205776,49.74452305],[-123.3219346,49.74456043],[-123.32182703,49.74459853],[-123.32169768,49.74465906],[-123.32146251,49.74479436],[-123.32120889,49.74491221],[-123.32093674,49.7449998],[-123.32064532,49.74505748],[-123.32037303,49.74510946],[-123.32009101,49.74517605],[-123.31982761,49.74523088],[-123.31953673,49.74530351],[-123.31927621,49.74533022],[-123.31901244,49.74533093],[-123.31874541,49.74530565],[-123.31848122,49.74524334],[-123.318256,49.74519527],[-123.31805081,49.74514685],[-123.3178651,49.74509807],[-123.31760567,49.74506603],[-123.317407,49.74505463],[-123.31714767,49.74506425],[-123.3168287,49.74511196],[-123.31651019,49.74517676],[-123.31622797,49.74522874],[-123.31593377,49.7452526],[-123.31561323,49.74527823],[-123.31526651,49.74530636],[-123.31491376,49.74536831],[-123.3145688,49.74544309],[-123.31441065,49.74538932],[-123.31424887,49.74533912],[-123.31408186,49.74529141],[-123.31394287,49.7452558],[-123.31373392,49.74517533],[-123.31358112,49.74513083],[-123.3133031,49.74505072],[-123.31301124,49.74500657],[-123.31269184,49.74496242],[-123.3123858,49.74490011],[-123.31203816,49.74482035],[-123.31178831,49.74475804],[-123.31159364,49.74471353],[-123.31151041,49.74470463],[-123.31145621,49.74469502],[-123.31138963,49.74467793],[-123.31127375,49.74463342],[-123.31117622,49.74457966],[-123.31111606,49.74455295],[-123.31106038,49.7445291],[-123.3109859,49.74448744],[-123.31084206,49.74440982],[-123.31066575,49.74432615],[-123.31048042,49.74425779],[-123.31021622,49.74418658],[-123.30996541,49.74410611],[-123.30970111,49.7440082],[-123.30942328,49.74391883],[-123.30932578,49.74387396],[-123.30920047,49.74381165],[-123.30892208,49.74372228],[-123.30862539,49.74363612],[-123.30836579,49.74352574],[-123.30814309,49.74339151],[-123.3079199,49.74322132],[-123.30787812,49.74319426],[-123.30769058,49.74309706],[-123.30740947,49.74298276],[-123.30680151,49.7427054],[-123.30599882,49.74232692],[-123.30572325,49.7427054],[-123.30566797,49.74272961],[-123.30557585,49.74277163],[-123.30544648,49.74283215],[-123.30522556,49.74295855],[-123.30499022,49.74305825],[-123.30475442,49.74313088],[-123.30446401,49.74323948],[-123.30417292,49.74336623],[-123.30393773,49.74345667],[-123.30368819,49.74353821],[-123.30345298,49.74361974],[-123.30323157,49.74371018],[-123.30301,49.74380987],[-123.30277478,49.74389141],[-123.3025114,49.74395514],[-123.30221991,49.74401888],[-123.30194285,49.74410931],[-123.30167988,49.74419121],[-123.30144466,49.74427274],[-123.30119518,49.74437208],[-123.30094602,49.74446287],[-123.30071021,49.74453551],[-123.30040547,49.74459034],[-123.30012789,49.74463592],[-123.30005897,49.74464197],[-123.29998942,49.74464517],[-123.29970685,49.74462808],[-123.29941962,49.74458358],[-123.29919275,49.74456043],[-123.29904501,49.74455758],[-123.29876822,49.74468434],[-123.29851905,49.7448289],[-123.29835331,49.74492823],[-123.29814676,49.74498983],[-123.29785758,49.74506033],[-123.29748484,49.74514044],[-123.29710723,49.74524227],[-123.2967577,49.7453352],[-123.29643588,49.74541887],[-123.29613725,49.7454527],[-123.29584262,49.74545341],[-123.29555254,49.74542101],[-123.29539026,49.74537971],[-123.29518191,49.7453231],[-123.29492655,49.74525189],[-123.29462104,49.74518068],[-123.29432934,49.74511837],[-123.2940375,49.74507422],[-123.29375018,49.745003],[-123.29336567,49.74494711],[-123.29299065,49.744888],[-123.29261115,49.74486486],[-123.29231472,49.74485987],[-123.29194503,49.74486379],[-123.29152403,49.74486486],[-123.29105222,49.74494675],[-123.2907612,49.74499268],[-123.29042843,49.74507422],[-123.29015167,49.74515611],[-123.28954042,49.74511267],[-123.28884707,49.74525829],[-123.2885435,49.74530102],[-123.28836314,49.74532523],[-123.28824613,49.74532559],[-123.28806,49.74536618],[-123.28774581,49.74548083],[-123.28736467,49.74567559],[-123.28707334,49.7456763],[-123.28656782,49.74523195],[-123.28599522,49.74496348],[-123.28535664,49.74487091],[-123.28498469,49.74485702],[-123.28470838,49.74480077],[-123.28451337,49.74469324],[-123.28433224,49.74455865],[-123.28416469,49.74442442],[-123.28401115,49.74429873],[-123.28383044,49.7441823],[-123.2836073,49.74406588],[-123.28335714,49.74394054],[-123.28305975,49.74375825],[-123.28274368,49.74349228],[-123.28229055,49.74354141],[-123.28193257,49.74353714],[-123.28158884,49.743535],[-123.2812588,49.743535],[-123.28095191,49.74359268],[-123.280553,49.74361654],[-123.28004706,49.7436347],[-123.27943916,49.74360514],[-123.27894421,49.74360942],[-123.27863089,49.74358022],[-123.2784985,49.74355067],[-123.27842204,49.74347981],[-123.27834767,49.74340718],[-123.27826855,49.7433292],[-123.27818483,49.74325158],[-123.27814792,49.74321277],[-123.27806753,49.7431729],[-123.27796226,49.74313515],[-123.27780781,49.74312056],[-123.27760585,49.74310916],[-123.27735107,49.74307178],[-123.27706396,49.74299629],[-123.27669306,49.74285921],[-123.27627091,49.74269828],[-123.27639519,49.74284889],[-123.27647649,49.74297066],[-123.27650029,49.74309777],[-123.27648396,49.74320779],[-123.27641658,49.74329858],[-123.27632129,49.743394],[-123.27620591,49.74347198],[-123.27616448,49.74349904],[-123.27599867,49.74358948],[-123.27595723,49.74361654],[-123.27573562,49.74372513],[-123.27555566,49.74380631],[-123.27538041,49.74391776],[-123.27524474,49.74404131],[-123.27517831,49.74415524],[-123.27512348,49.74427808],[-123.27506851,49.74439522],[-123.27496611,49.7445323],[-123.27485259,49.74466262],[-123.27468713,49.74481608],[-123.27452126,49.74495138],[-123.27438299,49.74510448],[-123.27423142,49.74529354],[-123.27413529,49.74548296],[-123.27410293,49.74567666],[-123.27404994,49.74586679],[-123.27395847,49.7460498],[-123.27389005,49.74622106],[-123.27445556,49.7464913],[-123.27497599,49.74681211],[-123.27470212,49.74691857],[-123.27456374,49.74707487],[-123.27452631,49.74726679],[-123.27452133,49.74746974],[-123.27449488,49.7476677],[-123.27446802,49.74784751],[-123.27446887,49.74795539],[-123.27448378,49.74816226],[-123.27454015,49.74835097],[-123.27460223,49.74861195],[-123.27462687,49.7489445],[-123.27462222,49.74922151],[-123.27454938,49.74944654],[-123.2744089,49.74961958],[-123.27417391,49.7498001],[-123.27392472,49.74996246],[-123.27370347,49.75013408],[-123.27352436,49.75032314],[-123.27348275,49.75035946],[-123.27333114,49.75053072],[-123.27319321,49.75073794],[-123.27308226,49.75097507],[-123.27302498,49.75119689],[-123.27300747,49.7513678],[-123.27297108,49.75156185],[-123.27293856,49.75175091],[-123.27292976,49.75180361],[-123.27290844,49.75193463],[-123.27297135,49.75211159],[-123.27305422,49.75228534],[-123.2731754,49.75244664],[-123.2733151,49.75259938],[-123.27345445,49.75275177],[-123.27359456,49.75292268],[-123.27376207,49.75309287],[-123.27397125,49.75325452],[-123.27419395,49.75338875],[-123.27441663,49.75351408],[-123.27466734,49.75367537],[-123.27487656,49.75383595],[-123.27509982,49.75397018],[-123.27533618,49.75407878],[-123.27547155,49.75424933],[-123.27562965,49.75440172],[-123.2757689,49.7545185],[-123.27584651,49.7546182],[-123.27591864,49.75473676],[-123.27596573,49.75489556],[-123.27607786,49.75509317],[-123.27621761,49.75526977],[-123.276385,49.75543427],[-123.2765662,49.75556886],[-123.27677677,49.75570914],[-123.27698008,49.75586153],[-123.27717504,49.75602603],[-123.2773677,49.7562564],[-123.27754664,49.75646575],[-123.27772174,49.75661636],[-123.27792136,49.75672567],[-123.27812847,49.75682145],[-123.27829398,49.75691474],[-123.27847973,49.75698737],[-123.27864196,49.75704078],[-123.27879192,49.75707354],[-123.27891215,49.75712516],[-123.27908898,49.7572448],[-123.27914553,49.7574214],[-123.27917429,49.75760441],[-123.27917471,49.7577301],[-123.27917503,49.75777531],[-123.2791759,49.75792806],[-123.27915844,49.75806016],[-123.27912227,49.75821611],[-123.27903533,49.75840802],[-123.27891899,49.75858035],[-123.27879179,49.75873844],[-123.27862596,49.75887374],[-123.27840926,49.75900334],[-123.2781419,49.75912689],[-123.27809143,49.75929174],[-123.27802761,49.75940105],[-123.27794474,49.75951392],[-123.27779748,49.75965848],[-123.27764549,49.75981158],[-123.27748007,49.75996504],[-123.27739313,49.76015695],[-123.27725126,49.76041224],[-123.2771419,49.76074123],[-123.27696911,49.76104245],[-123.27694923,49.76133228],[-123.27699394,49.76160003],[-123.27713002,49.76194469],[-123.27697851,49.76209494],[-123.27681878,49.76228294],[-123.27669366,49.76247912],[-123.27665006,49.76269631],[-123.27661269,49.76289926],[-123.27658156,49.76308797],[-123.27650452,49.76318731],[-123.27640225,49.7632984],[-123.27618991,49.76344402],[-123.27597332,49.76357541],[-123.27587615,49.76363843],[-123.27583027,49.76367154],[-123.27574247,49.76373456],[-123.27561361,49.76384886],[-123.27544819,49.76401727],[-123.2752312,49.7640956],[-123.27486161,49.76423054],[-123.27438392,49.76432276],[-123.27389607,49.76435267],[-123.27347502,49.76434056],[-123.27318358,49.76434128],[-123.27292291,49.76437403],[-123.27265006,49.76443777],[-123.27238348,49.76447124],[-123.27210412,49.76449295],[-123.27182646,49.76449367],[-123.27156586,49.76452927],[-123.27130376,49.76457556],[-123.27103577,49.76466635],[-123.27084246,49.76477459],[-123.27056503,49.76490135],[-123.27036681,49.76498858],[-123.27019608,49.76505801],[-123.27006678,49.76511533],[-123.26988624,49.76518156],[-123.26978952,49.76521788],[-123.26955372,49.76531722],[-123.26941552,49.76537169],[-123.26924433,49.76542902],[-123.26894386,49.7654988],[-123.26875976,49.76572383],[-123.26860361,49.76594316],[-123.26847563,49.76615643],[-123.26812397,49.76622907],[-123.26792389,49.76631665],[-123.26772717,49.766437],[-123.26764436,49.76650892],[-123.26751998,49.76662606],[-123.26738201,49.76680658],[-123.26725815,49.76696859],[-123.26717504,49.76707789],[-123.26712029,49.76716085],[-123.26707441,49.76724773],[-123.26701011,49.76736487],[-123.26696861,49.76742789],[-123.26687945,49.76750231],[-123.26673354,49.76760556],[-123.26636001,49.76782525],[-123.26665196,49.7678605],[-123.26694336,49.76788079],[-123.26724469,49.76791604],[-123.2675488,49.76795521],[-123.26786094,49.76801075],[-123.26816678,49.76807271],[-123.26843049,49.76812611],[-123.26863904,49.76817062],[-123.26879158,49.76804244],[-123.26921356,49.76791248],[-123.26991482,49.76781279],[-123.27072835,49.7678459],[-123.27146819,49.76805099],[-123.272126,49.76839636],[-123.27237689,49.76851279],[-123.27262726,49.76863812],[-123.27264645,49.76869508],[-123.27268997,49.76876986],[-123.27274285,49.76886456],[-123.27295024,49.768955],[-123.2731961,49.7690636],[-123.27352552,49.7691786],[-123.27382341,49.7692669],[-123.2741451,49.76931818],[-123.27448906,49.7692993],[-123.2748589,49.7692815],[-123.27527137,49.76928328],[-123.27571439,49.76932352],[-123.27595636,49.76930963],[-123.27619214,49.76925017],[-123.27642135,49.76914478],[-123.27672587,49.76897601],[-123.2769291,49.76886777],[-123.2771279,49.76878944],[-123.2773913,49.76875277],[-123.27766685,49.76867621],[-123.27788524,49.76853059],[-123.2781323,49.76828634],[-123.27843767,49.76794666],[-123.27901725,49.76760556],[-123.27945762,49.76741045],[-123.27978935,49.76742861],[-123.28013968,49.76750979],[-123.28055292,49.7676636],[-123.28100091,49.76773766],[-123.28138054,49.76783664],[-123.28167242,49.76785907],[-123.28185668,49.76794453],[-123.28205718,49.76795378],[-123.28228887,49.76794951],[-123.2825381,49.76785872],[-123.28274618,49.76780745],[-123.28294004,49.76776792],[-123.28304663,49.76776258],[-123.28318121,49.76777042],[-123.28357031,49.76783237],[-123.28420502,49.76793562],[-123.28433138,49.76792744],[-123.28454291,49.7679018],[-123.28507908,49.76779854],[-123.28498818,49.7680695],[-123.28503581,49.76827637],[-123.28522164,49.76841879],[-123.28537444,49.76849035],[-123.28545828,49.7684843],[-123.28558298,49.7684811],[-123.28570777,49.76848074],[-123.2858331,49.76848038],[-123.2859782,49.7685021],[-123.2861079,49.76853771],[-123.2862222,49.7685872],[-123.28634303,49.76864381],[-123.28648254,49.76869758],[-123.28659349,49.76873318],[-123.28666464,49.76876701],[-123.28672799,49.76880795],[-123.28684445,49.76888842],[-123.28703025,49.76901696],[-123.28721164,49.76916044],[-123.28737928,49.76931283],[-123.28746303,49.76939366],[-123.28763052,49.76955531],[-123.28781203,49.7697255],[-123.28793814,49.76987825],[-123.28815694,49.7700787],[-123.28848234,49.77030871],[-123.28849752,49.77053944],[-123.28856796,49.77070215],[-123.28865175,49.77082677],[-123.28879173,49.7709375],[-123.28888939,49.77100017],[-123.28908415,49.7711255],[-123.28918665,49.77119137],[-123.2893355,49.77129605],[-123.28957216,49.77142138],[-123.28980458,49.7715524],[-123.28996276,49.77168806],[-123.29010217,49.77182478],[-123.29025602,49.77199818],[-123.29036062,49.77218689],[-123.29041725,49.7723407],[-123.29046239,49.7724525],[-123.29052315,49.77251909],[-123.2906489,49.77263267],[-123.29085794,49.77278506],[-123.2909836,49.77286588],[-123.29110931,49.77300047],[-123.29123511,49.77315286],[-123.29134247,49.77332661],[-123.29141787,49.77353027],[-123.29146081,49.77369192],[-123.29165596,49.77386247],[-123.29187935,49.77401486],[-123.29212987,49.77414909],[-123.29222754,49.77421176],[-123.29230202,49.77425057],[-123.29235283,49.77428333],[-123.29244105,49.77434314],[-123.29252316,49.7743791],[-123.29259614,49.77440367],[-123.29265959,49.77441756],[-123.29282185,49.77448307],[-123.29298463,49.77458455],[-123.29311961,49.77472234],[-123.29322712,49.77487793],[-123.29328819,49.77503673],[-123.29328876,49.77512646],[-123.29334438,49.77519838],[-123.29349055,49.77532193],[-123.29366382,49.77541842],[-123.2938863,49.77548073],[-123.2941441,49.77551206],[-123.29442557,49.77553948],[-123.29470822,49.77556974],[-123.29493063,49.7756292],[-123.29510669,49.77569472],[-123.29518128,49.77571537],[-123.29526418,49.77571501],[-123.29533361,49.77570611],[-123.29543088,49.7756997],[-123.29562845,49.77567442],[-123.29588419,49.77562671],[-123.29628509,49.77560464],[-123.29673164,49.77570148],[-123.29722402,49.77591689],[-123.2972846,49.77595891],[-123.29739725,49.7759995],[-123.297544,49.77604222],[-123.29776694,49.77612269],[-123.29784098,49.77614334],[-123.29800494,49.77616791],[-123.29822585,49.77619319],[-123.29849367,49.77615153],[-123.2987527,49.77606893],[-123.29912554,49.77595998],[-123.29952802,49.77594004],[-123.2999609,49.77600876],[-123.29996174,49.77616186],[-123.30008703,49.77618856],[-123.30014067,49.77620423],[-123.30018097,49.7762231],[-123.30020784,49.77625728],[-123.30029342,49.77644563],[-123.30039521,49.77662259],[-123.3005768,49.77679884],[-123.30062806,49.77684975],[-123.30066065,49.77688856],[-123.30064726,49.77697864],[-123.30063354,49.77704238],[-123.30060628,49.77713459],[-123.30053818,49.77729375],[-123.30042814,49.77747391],[-123.30034568,49.77765407],[-123.30027759,49.77784314],[-123.30026378,49.7778791],[-123.30025002,49.77792396],[-123.30023726,49.77803184],[-123.30021047,49.7781821],[-123.30016962,49.77831989],[-123.30010089,49.77849115],[-123.30003285,49.77868912],[-123.30000621,49.77889598],[-123.29997952,49.77909395],[-123.29995335,49.77928301],[-123.29995326,49.77934603],[-123.29996873,49.77955254],[-123.29994247,49.77980463],[-123.29984724,49.78012864],[-123.29993057,49.78010158],[-123.30016595,49.78003784],[-123.30084721,49.78012614],[-123.30175064,49.78019557],[-123.30256779,49.78033835],[-123.30323951,49.78058866],[-123.30373239,49.78097106],[-123.30416116,49.78140366],[-123.30410151,49.78148769],[-123.30406496,49.78154786],[-123.3040102,49.78170987],[-123.3039964,49.78174583],[-123.30398315,49.78178179],[-123.30398309,49.78180885],[-123.30394272,49.78197975],[-123.3039426,49.78203387],[-123.30397184,49.78223148],[-123.30402863,49.78238423],[-123.30405837,49.78251205],[-123.30407641,49.78266907],[-123.30405917,49.78286098],[-123.30399113,49.78305005],[-123.30400221,49.78311983],[-123.3040242,49.78318784],[-123.30407542,49.78326581],[-123.30411745,49.78332848],[-123.30414553,49.78337049],[-123.30416879,49.78340325],[-123.30419517,49.78343636],[-123.30422947,49.78348407],[-123.30425755,49.78352609],[-123.30428566,49.78356205],[-123.30431831,49.78360976],[-123.30438992,49.78367278],[-123.3044955,49.7837472],[-123.3046158,49.78380595],[-123.30475059,49.78386042],[-123.30480627,49.78388143],[-123.30489014,49.78390528],[-123.3049273,49.78391988],[-123.30512203,49.78400961],[-123.30533079,49.78410788],[-123.30555384,49.78419725],[-123.30560475,49.7842179],[-123.30565148,49.78424211],[-123.30584646,49.78434038],[-123.30588851,49.78436708],[-123.30609756,49.78452873],[-123.30614408,49.78457929],[-123.30616617,49.78461419],[-123.30617713,49.78466724],[-123.3061777,49.78473809],[-123.30615544,49.78482532],[-123.30612784,49.78489725],[-123.30604539,49.78506851],[-123.30598408,49.78513758],[-123.30591677,49.78519455],[-123.30579684,49.78525793],[-123.30576432,49.78527288],[-123.30570895,49.78529424],[-123.30564876,49.78533234],[-123.30559245,49.78540533],[-123.30553874,49.78551357],[-123.3055123,49.78569623],[-123.30554303,49.78588422],[-123.30559322,49.78606795],[-123.30569189,49.78624775],[-123.3057487,49.78643646],[-123.30583327,49.78660986],[-123.30593137,49.78675976],[-123.30596398,49.78679857],[-123.30601043,49.78684628],[-123.30605235,49.78689719],[-123.30609928,49.78695701],[-123.30609976,49.78709195],[-123.30607218,49.78712791],[-123.30597645,49.78729027],[-123.30587986,49.78746118],[-123.30582501,49.78752456],[-123.30571943,49.78768976],[-123.30564598,49.78783076],[-123.30558739,49.78802873],[-123.30550946,49.78821779],[-123.30544145,49.78840685],[-123.30537294,49.78856886],[-123.3053591,49.78859592],[-123.30531364,49.78867425],[-123.30527716,49.78875828],[-123.30526297,49.78878498],[-123.30523579,49.7888302],[-123.3052081,49.78886937],[-123.30518504,49.78890212],[-123.30516679,49.78892918],[-123.30507062,49.78907338],[-123.30502916,49.78914246],[-123.30498813,49.78919978],[-123.30486397,49.78937069],[-123.30472628,49.78956011],[-123.3046301,49.78974027],[-123.30456205,49.78995639],[-123.30452122,49.7901362],[-123.30443983,49.79037048],[-123.30440833,49.79058233],[-123.30440065,49.79078101],[-123.30443424,49.79095192],[-123.30444581,49.79110075],[-123.30441701,49.79124281],[-123.30430984,49.79138096],[-123.3041877,49.79151626],[-123.30404467,49.79163945],[-123.30390601,49.79173274],[-123.3037728,49.79182318],[-123.30366663,49.79190756],[-123.30355005,49.79204179],[-123.30343687,49.79219881],[-123.30340914,49.79224403],[-123.30329434,49.79234907],[-123.30316674,49.79242633],[-123.3030357,49.79249683],[-123.30292922,49.79253884],[-123.30281429,49.79259617],[-123.30273082,49.79264744],[-123.30265243,49.7926955],[-123.30240926,49.7927863],[-123.30199626,49.79292195],[-123.30247501,49.79319362],[-123.30284228,49.79339052],[-123.3031332,49.79351193],[-123.30339448,49.79361412],[-123.30358663,49.79369566],[-123.3036872,49.79376224],[-123.30372472,49.79380817],[-123.30374362,49.79383487],[-123.30376679,49.79387083],[-123.30379492,49.79390679],[-123.30383684,49.79397872],[-123.30389325,49.79407734],[-123.30392138,49.79414927],[-123.30401972,49.79431982],[-123.304135,49.79446366],[-123.30422829,49.79456442],[-123.30429959,49.7946221],[-123.30438347,49.79472394],[-123.30443983,49.79481366],[-123.30448181,49.79489448],[-123.30450993,49.79495145],[-123.30452388,49.79499311],[-123.3045801,49.79505613],[-123.30461713,49.79508497],[-123.30464982,49.79510669],[-123.30468226,49.79512485],[-123.30473804,49.79514871],[-123.30481703,49.79518146],[-123.30502583,49.79527083],[-123.30522135,49.79538726],[-123.30540252,49.79550369],[-123.30544459,49.79553039],[-123.30554238,49.79559306],[-123.30560703,49.79562582],[-123.30570971,49.79566463],[-123.30578815,49.79566142],[-123.30585441,49.79564931],[-123.30592676,49.79563116],[-123.3060053,49.79561478],[-123.30610252,49.79560054],[-123.30625981,49.79558238],[-123.30646199,49.79554285],[-123.306667,49.79549123],[-123.30690281,49.79543675],[-123.30700013,49.79540934],[-123.30712045,49.79537622],[-123.30722209,49.79534596],[-123.3073144,49.79530964],[-123.30741603,49.79526442],[-123.30757786,49.79528401],[-123.30782425,49.79537124],[-123.30853468,49.795707],[-123.30936365,49.79593594],[-123.31031099,49.79605735],[-123.31129981,49.79645043],[-123.31172859,49.79684387],[-123.31226324,49.79717642],[-123.31222643,49.7976959],[-123.31216295,49.79809682],[-123.31207231,49.79845999],[-123.31198285,49.79890399],[-123.31174533,49.79939641],[-123.31151181,49.79987957],[-123.31128321,49.80035383],[-123.31165009,49.80068568],[-123.31186999,49.80108695],[-123.31194421,49.80155729],[-123.31214593,49.80193756],[-123.31234772,49.80232672],[-123.31254937,49.80272514],[-123.31282975,49.80314386],[-123.31311045,49.80351202],[-123.31339021,49.80382891],[-123.31365209,49.80423623],[-123.3139097,49.8046343],[-123.3141625,49.80502311],[-123.31491512,49.80538094],[-123.3149054,49.8060197],[-123.3153852,49.80622905],[-123.31576986,49.8064669],[-123.3161059,49.80685393],[-123.31637253,49.80721176],[-123.31660639,49.80755001],[-123.31683532,49.80790321],[-123.31706042,49.80827137],[-123.31706405,49.80882005],[-123.31705343,49.80935056],[-123.31763823,49.80954675],[-123.31818643,49.8097853],[-123.31869842,49.81006552],[-123.3190943,49.81039024],[-123.31925853,49.81070178],[-123.31919078,49.8109998],[-123.31945685,49.81128678],[-123.3202512,49.81166241],[-123.32103228,49.81200209],[-123.32102101,49.81244288],[-123.32138614,49.81280748],[-123.32192126,49.81311796],[-123.32262567,49.8133736],[-123.32261436,49.81374247],[-123.32303464,49.81404512],[-123.32336924,49.81437909],[-123.32374052,49.81475366],[-123.32430774,49.81503102],[-123.32507056,49.81521083],[-123.3259379,49.81537319],[-123.32675504,49.81558362],[-123.32733983,49.81572604],[-123.3280248,49.81589694],[-123.32856757,49.81594038],[-123.32896703,49.81585635],[-123.32900572,49.8158973],[-123.3290373,49.81596317],[-123.3290485,49.81606002],[-123.32902925,49.81618107],[-123.32898356,49.81630605],[-123.32895146,49.81633026],[-123.32891946,49.81635127],[-123.32888703,49.81636907],[-123.32877479,49.81643957],[-123.32865612,49.81650473],[-123.32855444,49.81654104],[-123.32847933,49.81658021],[-123.32841747,49.8166354],[-123.32838712,49.81671551],[-123.32839893,49.81680523],[-123.32844548,49.81690101],[-123.32858549,49.8170445],[-123.32867613,49.81716342],[-123.3287493,49.81729302],[-123.32878762,49.81745182],[-123.32886304,49.81762843],[-123.32895219,49.81779613],[-123.32906451,49.81794282],[-123.32920399,49.81805925],[-123.3293533,49.81815182],[-123.32951098,49.81822019],[-123.32938836,49.81831454],[-123.32928403,49.81842278],[-123.32919853,49.81854491],[-123.32917755,49.81864709],[-123.32916733,49.81877883],[-123.32918243,49.81894974],[-123.32918374,49.81912064],[-123.32917006,49.81919256],[-123.32978228,49.8194596],[-123.33049707,49.81966469],[-123.33131538,49.81980711],[-123.33175093,49.82029775],[-123.33230883,49.82073961],[-123.33220958,49.82138869],[-123.3320485,49.82198473],[-123.33181226,49.82227135],[-123.3316209,49.8224775],[-123.33147346,49.8226039],[-123.33141822,49.82267013],[-123.33136319,49.822757],[-123.33134987,49.82282928],[-123.3313506,49.82296423],[-123.33133761,49.82308101],[-123.33132387,49.82314403],[-123.33125616,49.8233331],[-123.33121549,49.82352216],[-123.3312161,49.82361224],[-123.33120304,49.82372013],[-123.3311895,49.82380985],[-123.33118641,49.82401387],[-123.33120612,49.82422358],[-123.33123948,49.82434037],[-123.33126839,49.82446926],[-123.33129229,49.82461026],[-123.33131125,49.82466402],[-123.33132114,49.82471921],[-123.33132583,49.82478686],[-123.33134085,49.8249129],[-123.3313793,49.8250806],[-123.33142203,49.82525756],[-123.33145112,49.82544627],[-123.33145124,49.82549113],[-123.33143881,49.82568909],[-123.33141251,49.82587816],[-123.33139877,49.82594118],[-123.33138634,49.82611208],[-123.33138212,49.82624703],[-123.33134913,49.82638411],[-123.33129134,49.82652012],[-123.33117234,49.82670313],[-123.3310161,49.8268776],[-123.33096168,49.82706061],[-123.33093475,49.82721976],[-123.33092239,49.82739957],[-123.33092376,49.82759754],[-123.33100799,49.82772322],[-123.3310502,49.82778589],[-123.33113443,49.82796569],[-123.33116711,49.82801661],[-123.33120482,49.82807643],[-123.33123317,49.82813019],[-123.33127086,49.82822312],[-123.33130859,49.82830394],[-123.33135966,49.82838762],[-123.33138788,49.82842358],[-123.33150033,49.82855816],[-123.331528,49.82859413],[-123.33171033,49.82880028],[-123.3311473,49.82933863],[-123.33078943,49.82993644],[-123.33063803,49.83059336],[-123.33055617,49.83084829],[-123.33051594,49.83099855],[-123.33050222,49.83106157],[-123.33046152,49.83118761],[-123.3304513,49.83133751],[-123.33045829,49.83145714],[-123.33049313,49.83151518],[-123.33054301,49.83156894],[-123.33060775,49.83161879],[-123.33073843,49.83172632],[-123.33092507,49.83188761],[-123.33109282,49.83205816],[-123.33126126,49.83224651],[-123.33141527,49.8323989],[-123.33148503,49.83245267],[-123.33151319,49.83247973],[-123.3316252,49.8325901],[-123.33168877,49.83266914],[-123.33174641,49.83275495],[-123.33182187,49.83290165],[-123.3317952,49.83310851],[-123.33178203,49.83317154],[-123.33175458,49.83324346],[-123.33174082,49.83329153],[-123.33173207,49.83335455],[-123.33173274,49.83340546],[-123.33174234,49.83345923],[-123.33180818,49.83358028],[-123.33186935,49.83371986],[-123.33193821,49.83389859],[-123.33204576,49.83405419],[-123.332192,49.83418664],[-123.33226179,49.83423435],[-123.33235983,49.83431197],[-123.33240187,49.83437499],[-123.33243956,49.83444691],[-123.3324863,49.83451243],[-123.33255652,49.83459646],[-123.33265461,49.83468903],[-123.33272446,49.83477876],[-123.33276669,49.83484142],[-123.33278112,49.83487738],[-123.33290744,49.83503903],[-123.33296341,49.83509279],[-123.33261797,49.83541146],[-123.33212945,49.83583766],[-123.33169251,49.83631655],[-123.33130651,49.8368784],[-123.33092547,49.83738613],[-123.33045347,49.83776924],[-123.33001058,49.83805835],[-123.32951266,49.83818867],[-123.32913377,49.8384347],[-123.32876055,49.83874767],[-123.32857345,49.83920093],[-123.32839917,49.83968907],[-123.32823716,49.84021211],[-123.32799484,49.84070453],[-123.32778767,49.84109299],[-123.32767573,49.84144584],[-123.3277093,49.84164665],[-123.32773761,49.84169151],[-123.32779805,49.84176628],[-123.32783573,49.8418172],[-123.32794829,49.84200591],[-123.32798622,49.84216471],[-123.32799656,49.84229039],[-123.32797854,49.84238332],[-123.32789643,49.84255458],[-123.32771035,49.84270911],[-123.32747187,49.84288963],[-123.32719096,49.84313922],[-123.32700905,49.84340555],[-123.32691618,49.84364553],[-123.32691648,49.84368612],[-123.32690144,49.84378368],[-123.32684693,49.84389476],[-123.32675205,49.84402401],[-123.32658601,49.84416821],[-123.32645511,49.84426862],[-123.32635962,49.84433378],[-123.32628122,49.84436689],[-123.32619844,49.84444807],[-123.32609748,49.84461648],[-123.32603317,49.84474537],[-123.32602078,49.84493444],[-123.32600701,49.84498856],[-123.3259802,49.84506938],[-123.32596657,49.8451413],[-123.32591151,49.84524135],[-123.32582882,49.84536953],[-123.32570472,49.84551979],[-123.32567701,49.8455561],[-123.32552028,49.84565829],[-123.32544193,49.8457174],[-123.32537732,49.84577258],[-123.32530387,49.84584486],[-123.3251515,49.84599832],[-123.32499981,49.84614252],[-123.3255303,49.84648291],[-123.32600309,49.8466442],[-123.32646464,49.84682792],[-123.32688388,49.84709959],[-123.32710703,49.84721887],[-123.32733077,49.84735915],[-123.32752623,49.84747558],[-123.32776663,49.84759664],[-123.32804552,49.84769491],[-123.32834,49.84781704],[-123.32863288,49.84797619],[-123.32886633,49.84821225],[-123.32907634,49.84842268],[-123.32932016,49.84856866],[-123.32959739,49.84865091],[-123.32989894,49.84871002],[-123.33020524,49.8487093],[-123.33052506,49.84871714],[-123.33085897,49.84871642],[-123.33120681,49.84870646],[-123.33140608,49.84870859],[-123.33154532,49.84871144],[-123.33160569,49.84871714],[-123.33166605,49.84872283],[-123.33194422,49.84874918],[-123.33225019,49.84877517],[-123.33237569,49.84878692],[-123.33254274,49.84878942],[-123.332765,49.84879191],[-123.33309482,49.84881469],[-123.33346079,49.84880188],[-123.33383204,49.84881861],[-123.33411466,49.84883285],[-123.33427829,49.84899415],[-123.33443675,49.84915579],[-123.33460979,49.84931103],[-123.33483015,49.84944348],[-123.33506551,49.84956775],[-123.33533088,49.84971978],[-123.33553152,49.84988107],[-123.33570885,49.85005162],[-123.33587691,49.85021291],[-123.33602604,49.85035142],[-123.33614304,49.85047604],[-123.33633003,49.85065513],[-123.33655839,49.85089155],[-123.33678748,49.85110055],[-123.33695536,49.8512622],[-123.33715163,49.85145055],[-123.33718395,49.85149221],[-123.33721662,49.85153422],[-123.33724948,49.85157588],[-123.33733399,49.85173753],[-123.33743283,49.8519444],[-123.33747582,49.85207008],[-123.33757421,49.85224063],[-123.33763036,49.8523243],[-123.33772506,49.85241118],[-123.33784479,49.85250375],[-123.33800327,49.85259918],[-123.3381651,49.85272166],[-123.33828755,49.85283239],[-123.33832978,49.85288615],[-123.33844787,49.85297267],[-123.33861079,49.85306204],[-123.33881889,49.85315462],[-123.33897683,49.85324399],[-123.33912607,49.85336326],[-123.3392664,49.85351281],[-123.3393785,49.85364739],[-123.3394905,49.85374602],[-123.33960246,49.85386281],[-123.33969122,49.85394042],[-123.33978442,49.85400594],[-123.33986862,49.8540597],[-123.34003585,49.85415833],[-123.34011196,49.85422883],[-123.34015733,49.85429897],[-123.34016263,49.85436769],[-123.34014895,49.85443676],[-123.34101202,49.85447913],[-123.34106781,49.85447308],[-123.34113695,49.85446987],[-123.34123426,49.85446062],[-123.34151244,49.85441469],[-123.34163288,49.85439653],[-123.34180443,49.85436876],[-123.34202652,49.85433244],[-123.34220734,49.85431392],[-123.34249933,49.85426799],[-123.34280507,49.85424022],[-123.34305085,49.85424521],[-123.34323621,49.8542566],[-123.34351457,49.85430075],[-123.34365405,49.85433635],[-123.34393296,49.85442572],[-123.34405862,49.85446133],[-123.34429576,49.85455034],[-123.34434662,49.85457135],[-123.34439822,49.854592],[-123.34449119,49.85463686],[-123.34463079,49.85470238],[-123.34471112,49.85473407],[-123.34483068,49.85477074],[-123.34507799,49.85480207],[-123.34535517,49.85482628],[-123.34594472,49.85494129],[-123.34641872,49.8550716],[-123.34677642,49.85521758],[-123.34709677,49.85526173],[-123.34741731,49.85530553],[-123.34766782,49.85532903],[-123.34786274,49.85536926],[-123.34805823,49.85542053],[-123.34814186,49.85544724],[-123.34833668,49.8555188],[-123.34857443,49.85563488],[-123.34886758,49.85580187],[-123.34914245,49.8559539],[-123.34941643,49.85604825],[-123.34969997,49.85612623],[-123.34999287,49.85618818],[-123.35021436,49.85626651],[-123.3503954,49.85633203],[-123.35053654,49.85638472],[-123.35071582,49.85639113],[-123.3508985,49.85638935],[-123.35116715,49.85636478],[-123.35140348,49.85635482],[-123.35152904,49.85635446],[-123.35177026,49.85638081],[-123.35203042,49.85642496],[-123.35214166,49.85645166],[-123.35226683,49.85646911],[-123.35260095,49.8564862],[-123.35274032,49.85648584],[-123.35303235,49.85646697],[-123.35332386,49.85642994],[-123.35338407,49.85642389],[-123.35346315,49.85642069],[-123.35364402,49.85642923],[-123.35373705,49.85644988],[-123.35383006,49.85648264],[-123.35392757,49.8565243],[-123.35400684,49.85657201],[-123.35411884,49.85664357],[-123.35416058,49.85667918],[-123.35437959,49.85683442],[-123.35454644,49.85699713],[-123.35469257,49.85716341],[-123.35470549,49.8572364],[-123.35468155,49.85735034],[-123.35459625,49.85751163],[-123.35446132,49.85766473],[-123.35431926,49.85786198],[-123.35419438,49.85809734],[-123.35417834,49.85846229],[-123.35423284,49.85872399],[-123.35435733,49.85888243],[-123.35456751,49.85904372],[-123.35467958,49.85914235],[-123.35481958,49.85927658],[-123.35493148,49.85935741],[-123.35514107,49.85949164],[-123.35540653,49.85963477],[-123.35560852,49.85977078],[-123.35578871,49.85990929],[-123.35594309,49.86008874],[-123.35604153,49.86025038],[-123.35617772,49.86041773],[-123.35628991,49.86055837],[-123.3564305,49.86073782],[-123.35658497,49.86092617],[-123.35670834,49.86110883],[-123.35676982,49.8612865],[-123.35674614,49.86146737],[-123.35668267,49.8616664],[-123.35656374,49.86184372],[-123.35635625,49.86201534],[-123.35619642,49.86218767],[-123.35605716,49.86237887],[-123.35593423,49.86265196],[-123.35586632,49.86288019],[-123.35582686,49.86298522],[-123.35580725,49.86305109],[-123.35580782,49.86309631],[-123.35589248,49.86325796],[-123.35594452,49.86343171],[-123.35596452,49.86361757],[-123.35597942,49.86376142],[-123.35601249,49.86383797],[-123.35605975,49.86392591],[-123.3561625,49.86405765],[-123.35686893,49.86384046],[-123.35749492,49.86358268],[-123.35810051,49.86333487],[-123.3588626,49.86307566],[-123.35974311,49.86283212],[-123.36073112,49.86279616],[-123.36173262,49.86279901],[-123.36274432,49.86289692],[-123.36376542,49.8629546],[-123.36478406,49.86294534],[-123.3657646,49.86299341],[-123.36649391,49.86311376],[-123.36686366,49.86317571],[-123.36711455,49.86322378],[-123.36724638,49.86325831],[-123.36745605,49.86339255],[-123.36749753,49.86341961],[-123.36768806,49.86346091],[-123.36792508,49.86351111],[-123.36818869,49.86359336],[-123.36844589,49.86368629],[-123.36861382,49.86376676],[-123.36870635,49.86379845],[-123.36878391,49.86381411],[-123.36884578,49.86381411],[-123.36892001,49.86380165],[-123.36906815,49.86379239],[-123.36928015,49.86381874],[-123.36948784,49.86386503],[-123.36969066,49.86393125],[-123.36988197,49.86402347],[-123.37007758,49.864131],[-123.37028212,49.86422428],[-123.37049612,49.86430938],[-123.37084406,49.86429941],[-123.37117768,49.86425312],[-123.3713551,49.86422072],[-123.37152484,49.86419829],[-123.3718316,49.86409326],[-123.37209823,49.86394763],[-123.37260905,49.86364392],[-123.37329636,49.86338293],[-123.37416092,49.86316432],[-123.37457042,49.86334911],[-123.37491907,49.86346162],[-123.37520689,49.86352393],[-123.37550013,49.86361864],[-123.37589491,49.86371655],[-123.37639165,49.8637867],[-123.37672195,49.86392057],[-123.37695028,49.86401884],[-123.37704349,49.86407545],[-123.37714617,49.86415307],[-123.37727226,49.86428766],[-123.37742174,49.864434],[-123.37753856,49.86456538],[-123.37765114,49.86467327],[-123.37778689,49.86484061],[-123.37790385,49.86501401],[-123.37801623,49.8651575],[-123.37810065,49.86526538],[-123.37813801,49.86530099],[-123.37819411,49.86536686],[-123.37825529,49.86542952],[-123.37830641,49.8654783],[-123.378339,49.8655075],[-123.37847021,49.86561467],[-123.37863316,49.8657254],[-123.37881544,49.86587138],[-123.37899736,49.86599992],[-123.37916501,49.86612525],[-123.3793239,49.86627159],[-123.37947339,49.86643003],[-123.38015119,49.86668674],[-123.38073808,49.86700042],[-123.38123423,49.86737179],[-123.3815151,49.86770363],[-123.38170692,49.86788664],[-123.3819073,49.86803191],[-123.38214513,49.86815724],[-123.38235489,49.86829147],[-123.38250867,49.8684079],[-123.38270463,49.86852397],[-123.38292828,49.86866711],[-123.38303628,49.86882875],[-123.38311142,49.86895159],[-123.38317733,49.869052],[-123.38328008,49.86915169],[-123.38343984,49.86924818],[-123.38365721,49.86933933],[-123.38390826,49.86941944],[-123.3841177,49.86948781],[-123.38426367,49.86956008],[-123.3844421,49.86964269],[-123.38464497,49.86971497],[-123.38485275,49.86974203],[-123.38505189,49.86973954],[-123.38526995,49.86972066],[-123.3854632,49.86975306],[-123.38570185,49.86979437],[-123.38598976,49.86983246],[-123.38627715,49.86983424],[-123.38641487,49.86983496],[-123.3866208,49.86985632],[-123.38689497,49.86989833],[-123.38716924,49.86997239],[-123.38744785,49.87001939],[-123.3877401,49.87003648],[-123.38802741,49.87002331],[-123.38822538,49.87001085],[-123.38841684,49.86997702],[-123.38860186,49.86990759],[-123.38886527,49.86978084],[-123.3890549,49.8697171],[-123.3892493,49.86965373],[-123.38944832,49.86958999],[-123.38950367,49.86958074],[-123.38967071,49.86956222],[-123.38980948,49.8695348],[-123.38993436,49.86949849],[-123.39005492,49.86944686],[-123.39016544,49.86941054],[-123.39034613,49.86933791],[-123.39049412,49.86929269],[-123.39063463,49.86925103],[-123.39075345,49.86922575],[-123.39090666,49.8692254],[-123.39114312,49.86924249],[-123.39123663,49.86933791],[-123.39139541,49.86946644],[-123.39154994,49.86961883],[-123.39161997,49.86969966],[-123.39164467,49.86988231],[-123.39165048,49.87006817],[-123.39168946,49.87023587],[-123.39173664,49.87038257],[-123.39180828,49.87058943],[-123.39187947,49.87078704],[-123.39193632,49.87096649],[-123.39199922,49.87108755],[-123.39206781,49.87119721],[-123.39214824,49.8713407],[-123.39224734,49.87157712],[-123.39234653,49.87175693],[-123.39237459,49.87183775],[-123.39239055,49.87203536],[-123.39238638,49.87211049],[-123.39240231,49.8721963],[-123.39242923,49.87229029],[-123.39249088,49.87243984],[-123.39251941,49.87251176],[-123.39263261,49.87270937],[-123.3927171,49.87288882],[-123.39276034,49.8730145],[-123.39278939,49.87319431],[-123.39285619,49.87339797],[-123.39295829,49.87359167],[-123.39307213,49.87376898],[-123.39321306,49.87397549],[-123.39328322,49.87404706],[-123.39357954,49.87411827],[-123.39377672,49.87422722],[-123.39387527,49.87437498],[-123.39395997,49.87450067],[-123.39407795,49.87460998],[-123.39423049,49.87470362],[-123.39436078,49.87475418],[-123.39466734,49.87483393],[-123.3950018,49.87486883],[-123.39528029,49.87486776],[-123.39539433,49.87521811],[-123.39606857,49.8755877],[-123.39655513,49.87605377],[-123.39685347,49.87661633],[-123.39690902,49.87678011],[-123.39703049,49.8769204],[-123.3972186,49.8770379],[-123.39745601,49.87714507],[-123.39769353,49.87724298],[-123.39793085,49.87734125],[-123.39814054,49.87743952],[-123.39837816,49.87754634],[-123.39855959,49.87763571],[-123.3987105,49.87771119],[-123.39883771,49.8778027],[-123.39894234,49.87791022],[-123.39907827,49.87810178],[-123.39919156,49.87828123],[-123.39933202,49.87846958],[-123.39948694,49.87866684],[-123.39962731,49.87884629],[-123.39973986,49.87900793],[-123.39988088,49.87919629],[-123.39990935,49.87924115],[-123.40006353,49.8794206],[-123.40023229,49.87959969],[-123.40043741,49.87976383],[-123.40066611,49.87992228],[-123.40104366,49.88012772],[-123.4015895,49.88044959],[-123.40211512,49.88026373],[-123.40257998,49.88014944],[-123.40303281,49.88013377],[-123.40353065,49.88014588],[-123.40416266,49.88021566],[-123.40422711,49.88015549],[-123.40431413,49.8800622],[-123.40441109,49.87998102],[-123.40452141,49.87989059],[-123.40465972,49.87976419],[-123.40472905,49.87970117],[-123.40479802,49.87965595],[-123.40497796,49.87956551],[-123.40515819,49.87948362],[-123.40531125,49.87942914],[-123.40554709,49.87934761],[-123.40565815,49.87929313],[-123.40588128,49.87920554],[-123.40609999,49.87910585],[-123.40641345,49.87901577],[-123.40665959,49.87886195],[-123.4068733,49.87873306],[-123.40685036,49.87859135],[-123.40683773,49.87851053],[-123.40681969,49.87844359],[-123.40695884,49.87838021],[-123.40705543,49.878335],[-123.40718021,49.87825346],[-123.40727727,49.87819934],[-123.40741576,49.8781089],[-123.40755435,49.87802737],[-123.40765105,49.87797289],[-123.40773438,49.87792767],[-123.40795566,49.87781017],[-123.40805271,49.87773789],[-123.40814931,49.87765636],[-123.40823246,49.87757518],[-123.40835639,49.87746694],[-123.40844902,49.87740071],[-123.40852251,49.87734018],[-123.40867462,49.87723195],[-123.4087436,49.87716857],[-123.40881292,49.87710555],[-123.40885417,49.87705143],[-123.40891613,49.87695244],[-123.40893657,49.87691613],[-123.40896401,49.87688017],[-123.40899154,49.87683495],[-123.40904641,49.87674486],[-123.40907375,49.87669395],[-123.40910118,49.87662772],[-123.40914224,49.8765558],[-123.4091974,49.87648637],[-123.40926627,49.87642015],[-123.40948745,49.87625743],[-123.40963956,49.87613103],[-123.40978283,49.87602279],[-123.40987501,49.87595941],[-123.41000411,49.87589319],[-123.41019089,49.87582554],[-123.41042964,49.87575077],[-123.41058233,49.87569593],[-123.41081815,49.8756144],[-123.41092488,49.87558093],[-123.41101715,49.87555067],[-123.41109571,49.87552325],[-123.41156877,49.87547661],[-123.41169203,49.87523948],[-123.41178815,49.87508922],[-123.41183859,49.87500519],[-123.41188407,49.87490906],[-123.41190202,49.87483393],[-123.41191561,49.87477483],[-123.4119241,49.8747321],[-123.41193782,49.87469294],[-123.41193864,49.87461781],[-123.41192701,49.87452203],[-123.41196259,49.87435219],[-123.41208194,49.87418271],[-123.41250202,49.87393526],[-123.41269124,49.87437249],[-123.41286593,49.8745498],[-123.4130094,49.87468225],[-123.41312129,49.87476949],[-123.41316376,49.87485031],[-123.41324831,49.87494004],[-123.41327603,49.8749671],[-123.41334677,49.87505682],[-123.41341199,49.87513444],[-123.41345944,49.87522132],[-123.41351601,49.8753349],[-123.41355887,49.87546949],[-123.41367886,49.87556313],[-123.41388545,49.87570341],[-123.41417976,49.87589034],[-123.41453439,49.8761588],[-123.41483196,49.87641445],[-123.4151325,49.87663342],[-123.41535822,49.8768175],[-123.41552027,49.87696953],[-123.41561882,49.87709024],[-123.41574437,49.8771707],[-123.41591276,49.87729603],[-123.4160104,49.8773498],[-123.41618311,49.87744807],[-123.41643438,49.87753708],[-123.41673216,49.87761684],[-123.41723853,49.87768698],[-123.41748177,49.87795616],[-123.41766077,49.87809039],[-123.41779914,49.87817976],[-123.41787865,49.87823637],[-123.41800938,49.8783528],[-123.41819191,49.87852904],[-123.41826222,49.87862767],[-123.41827669,49.87865473],[-123.41831928,49.87876261],[-123.41840467,49.87895987],[-123.41834074,49.87912508],[-123.41828024,49.87940814],[-123.41827454,49.87969405],[-123.41832531,49.87998281],[-123.41841492,49.8801562],[-123.41840172,49.88026409],[-123.41840192,49.88030005],[-123.41840258,49.88032711],[-123.41840289,49.88040829],[-123.41840375,49.88045315],[-123.41848553,49.88061159],[-123.41859677,49.88081312],[-123.41873822,49.88105737],[-123.41879239,49.88125818],[-123.41881866,49.88140096],[-123.41881628,49.88148606],[-123.41884442,49.88154872],[-123.41887311,49.88162955],[-123.41887332,49.88168367],[-123.41888809,49.88173743],[-123.41890252,49.88184531],[-123.41890339,49.8819265],[-123.41891827,49.88200732],[-123.4189422,49.88213016],[-123.4189482,49.8822918],[-123.41895897,49.8824417],[-123.41895117,49.88262756],[-123.41896595,49.88269948],[-123.41900856,49.88280737],[-123.41909283,49.88293306],[-123.41919146,49.88305874],[-123.41929018,49.88317517],[-123.41936032,49.88325599],[-123.41943046,49.88331866],[-123.41947728,49.88336032],[-123.41953792,49.88341408],[-123.41961293,49.88347995],[-123.41969719,49.88356932],[-123.41980943,49.88365905],[-123.4199074,49.88373951],[-123.42003355,49.88381998],[-123.42019174,49.88388834],[-123.42039529,49.88396774],[-123.42064328,49.88405782],[-123.4208377,49.88415894],[-123.42096041,49.88423158],[-123.42101159,49.88427537],[-123.42109564,49.88433483],[-123.42121068,49.88440533],[-123.42133411,49.88450289],[-123.42145552,49.88464353],[-123.4215313,49.88481301],[-123.42157382,49.88487568],[-123.42165799,49.8849743],[-123.42172879,49.88506403],[-123.42188089,49.88513346],[-123.42217768,49.88515055],[-123.4226199,49.88511494],[-123.42230828,49.88540263],[-123.4221761,49.88564012],[-123.42222265,49.88582669],[-123.42232054,49.88591036],[-123.42239069,49.88597303],[-123.4224329,49.88601504],[-123.42250747,49.88607771],[-123.42257929,49.88615248],[-123.42262964,49.88621194],[-123.4226576,49.88627496],[-123.42268632,49.88637394],[-123.42271535,49.88648753],[-123.42273457,49.8865655],[-123.42275378,49.88661321],[-123.42276339,49.88666128],[-123.4227826,49.88671504],[-123.42279674,49.88677806],[-123.42281596,49.88684999],[-123.42282557,49.88688595],[-123.42284468,49.88693081],[-123.42285872,49.88698493],[-123.42285903,49.88701163],[-123.42287393,49.88709246],[-123.42287426,49.88715548],[-123.42329009,49.88800538],[-123.42380156,49.88865126],[-123.42450481,49.8891305],[-123.42530347,49.88951824],[-123.42595608,49.88982445],[-123.42636574,49.89001209],[-123.42610207,49.89007582],[-123.42608861,49.890157],[-123.42608916,49.89023782],[-123.4260767,49.89039093],[-123.42598295,49.89044612],[-123.42585213,49.8905337],[-123.42571412,49.89069001],[-123.42575996,49.8909396],[-123.42594516,49.89125471],[-123.42583555,49.89143487],[-123.42585678,49.89156376],[-123.42594982,49.89175033],[-123.42607245,49.89199494],[-123.42610126,49.89226661],[-123.4260349,49.89245461],[-123.42597691,49.8925778],[-123.42598523,49.89265756],[-123.42605553,49.89274728],[-123.42618243,49.89287297],[-123.42623393,49.89294453],[-123.42629959,49.8930104],[-123.42636489,49.89306987],[-123.42644889,49.89313253],[-123.4264771,49.89315069],[-123.42656108,49.8931952],[-123.42674278,49.89329347],[-123.4268545,49.89334687],[-123.42693386,49.89337963],[-123.42700364,49.89339957],[-123.4270825,49.89341808],[-123.4271384,49.89343411],[-123.42718507,49.89345084],[-123.42722729,49.8934747],[-123.42727404,49.89350745],[-123.42731594,49.89356122],[-123.42734887,49.89360003],[-123.42738023,49.89365486],[-123.42740538,49.89371396],[-123.42741522,49.89376773],[-123.42741568,49.89383965],[-123.42741716,49.89400165],[-123.42741806,49.89406468],[-123.42740401,49.89409138],[-123.4273498,49.89421778],[-123.42715641,49.89437836],[-123.42685147,49.89457312],[-123.4261798,49.89488965],[-123.4254888,49.89526172],[-123.42492886,49.89563166],[-123.42438086,49.89595246],[-123.4239477,49.89630887],[-123.4235145,49.89666635],[-123.42318474,49.89716518],[-123.42413874,49.89691559],[-123.42512417,49.89678135],[-123.42611479,49.89680841],[-123.4269007,49.89698644],[-123.42747893,49.8972663],[-123.42784354,49.89756787],[-123.42835792,49.89787052],[-123.42902763,49.89814183],[-123.4290692,49.89815073],[-123.42911131,49.89815963],[-123.42923656,49.89818634],[-123.42933425,49.89820378],[-123.42947351,49.89823013],[-123.42955719,49.89824793],[-123.42968466,49.89826146],[-123.429841,49.89827072],[-123.43005851,49.89825506],[-123.43021725,49.89831452],[-123.43033941,49.89834585],[-123.43046361,49.89837042],[-123.4305799,49.89838217],[-123.43065859,49.89838786],[-123.43072854,49.89839641],[-123.43082613,49.89840495],[-123.43086759,49.89840495],[-123.43090924,49.89841065],[-123.43095135,49.8984135],[-123.43099281,49.8984135],[-123.43113241,49.89842204],[-123.43129928,49.89843023],[-123.43142495,49.89842988],[-123.43161991,49.89842916],[-123.43171739,49.89842881],[-123.43181476,49.89841955],[-123.43192604,49.89840104],[-123.43200948,49.89838288],[-123.43210649,49.89837327],[-123.43225989,49.89836365],[-123.43238504,49.89836828],[-123.4324826,49.89837789],[-123.43254759,49.89839854],[-123.43263184,49.89842845],[-123.43270632,49.89845195],[-123.43281775,49.89847866],[-123.43291547,49.89851426],[-123.4330553,49.89855877],[-123.4331392,49.89859437],[-123.43323692,49.89862998],[-123.43332072,49.89865668],[-123.43337621,49.89867448],[-123.4335722,49.8987457],[-123.43368374,49.8987813],[-123.43376753,49.898808],[-123.43381859,49.89881975],[-123.43387915,49.89883435],[-123.43405414,49.89882972],[-123.43431989,49.89880266],[-123.43489398,49.89867769],[-123.43594879,49.8982871],[-123.43684596,49.89790577],[-123.43733033,49.89777403],[-123.43764241,49.89773095],[-123.43778221,49.89777652],[-123.43786625,49.89783919],[-123.43811808,49.89797306],[-123.43821638,49.89802683],[-123.43853762,49.89816925],[-123.43865012,49.89827286],[-123.43870692,49.89841065],[-123.43874066,49.89855521],[-123.43877912,49.89869015],[-123.4388217,49.89875282],[-123.43886444,49.8988607],[-123.43890742,49.89900455],[-123.43903153,49.89907077],[-123.43934473,49.89910353],[-123.43984592,49.89910282],[-123.44076372,49.89900633],[-123.44173232,49.89882296],[-123.44265656,49.89936808],[-123.44361753,49.89991889],[-123.44455968,49.90039493],[-123.44548211,49.90075739],[-123.44640404,49.90108033],[-123.44728477,49.90149086],[-123.44778966,49.90168882],[-123.44833439,49.90186649],[-123.44891931,49.90202423],[-123.44938529,49.90226207],[-123.44985164,49.90250027],[-123.45022598,49.90279864],[-123.45060033,49.90309701],[-123.45088211,49.90345556],[-123.4511639,49.9038141],[-123.45144551,49.904173],[-123.45163512,49.90459208],[-123.45173271,49.90507132],[-123.45173775,49.90561074],[-123.45170492,49.90606969],[-123.45170791,49.90642966],[-123.45174747,49.90669029],[-123.45210933,49.9069965],[-123.45256094,49.90724466],[-123.45277673,49.90735469],[-123.45298753,49.90753663],[-123.45319259,49.90779085],[-123.45348506,49.90777768],[-123.45383294,49.90777946],[-123.45412566,49.90779014],[-123.45433873,49.90776949],[-123.454543,49.90774065],[-123.45472335,49.90770397],[-123.45490426,49.9076673],[-123.45512671,49.90762137],[-123.45551651,49.90757473],[-123.4556976,49.90758327],[-123.45592043,49.9075822],[-123.45619832,49.90756333],[-123.45644919,49.9075352],[-123.4566855,49.90750743],[-123.45697736,49.90747005],[-123.45733928,49.9074056],[-123.45762063,49.90739456],[-123.45789595,49.90739456],[-123.45810657,49.90740168],[-123.45833701,49.90739884],[-123.45864746,49.90735575],[-123.45898107,49.90728241],[-123.45921734,49.90723648],[-123.45945419,49.9072087],[-123.45967664,49.90716277],[-123.45984305,49.9071172],[-123.45999129,49.90706237],[-123.46013425,49.90699899],[-123.46035213,49.90693205],[-123.46055126,49.90688932],[-123.46069018,49.90687081],[-123.46085737,49.90684304],[-123.46105213,49.90682452],[-123.46126102,49.90681455],[-123.46145402,49.90678002],[-123.46162976,49.90670418],[-123.46179247,49.90661374],[-123.46194651,49.90653612],[-123.46209311,49.90648734],[-123.46227031,49.90656176],[-123.46244398,49.90659807],[-123.46261925,49.90662335],[-123.4627771,49.90661979],[-123.46299039,49.90659772],[-123.46331643,49.90656354],[-123.46372238,49.9064731],[-123.46420843,49.90632605],[-123.46441655,49.90623241],[-123.46458263,49.90612666],[-123.46486386,49.90609355],[-123.46514314,49.90603159],[-123.46539175,49.90592656],[-123.46557489,49.90583007],[-123.46572557,49.90574746],[-123.46585992,49.90570794],[-123.4659266,49.90587849],[-123.46600197,49.90602198],[-123.46606358,49.90611776],[-123.46611524,49.90621959],[-123.46617226,49.90635418],[-123.46624297,49.90647986],[-123.46631436,49.90661445],[-123.46641416,49.90671522],[-123.46652965,49.9068085],[-123.46666474,49.90688007],[-123.46676461,49.90696552],[-123.46684783,49.90705311],[-123.46693249,49.9071877],[-123.46705952,49.90734899],[-123.4670735,49.90737605],[-123.46721807,49.90743836],[-123.46738254,49.90748749],[-123.46754849,49.90752986],[-123.46773474,49.90755835],[-123.46792507,49.90757935],[-123.46807852,49.9075879],[-123.46826447,49.90761389],[-123.46845477,49.90764914],[-123.4686085,49.90769365],[-123.46872963,49.90774421],[-123.46884654,49.90780046],[-123.4689583,49.90786313],[-123.46909849,49.9079436],[-123.46926663,49.90803261],[-123.46943447,49.90811308],[-123.46964404,49.90818393],[-123.46983971,49.90826404],[-123.47003519,49.90834451],[-123.47020335,49.90843352],[-123.47034358,49.90853215],[-123.47047916,49.90863932],[-123.4705963,49.90874685],[-123.47068082,49.90885438],[-123.47075152,49.90896191],[-123.47088408,49.9090584],[-123.47106136,49.90912462],[-123.47129364,49.90914171],[-123.47154726,49.9091207],[-123.47175008,49.90912391],[-123.47197477,49.90914883],[-123.47236726,49.90924924],[-123.47277671,49.9093824],[-123.47320359,49.90949883],[-123.47374492,49.9094967],[-123.47436314,49.90939415],[-123.47492218,49.90929268],[-123.47534559,49.90924319],[-123.47554912,49.90927345],[-123.47574123,49.90931048],[-123.47593639,49.90933683],[-123.476187,49.90934466],[-123.47645197,49.9093525],[-123.47671616,49.90934253],[-123.47693888,49.90933256],[-123.47716148,49.90931369],[-123.47742617,49.90928556],[-123.47784348,49.90923001],[-123.47819116,49.90918657],[-123.47851118,49.90915026],[-123.47884534,49.90913566],[-123.47932382,49.90916664],[-123.47993213,49.90922111],[-123.48062864,49.90921826],[-123.48132516,49.90921541],[-123.48190513,49.90918907],[-123.48231334,49.90917554],[-123.48252736,49.90918657],[-123.48271765,49.90920972],[-123.48302938,49.90945824],[-123.48345481,49.90956826],[-123.48399317,49.90954013],[-123.48432597,49.90942869],[-123.48459792,49.90935784],[-123.4848436,49.90931084],[-123.48512329,49.90928663],[-123.48539837,49.90924247],[-123.4856238,49.90922752],[-123.48585196,49.9092674],[-123.48618652,49.90931796],[-123.4867445,49.90939985],[-123.48677158,49.90930051],[-123.48679822,49.90918373],[-123.48683828,49.90904843],[-123.48689336,49.90894944],[-123.48694813,49.90886826],[-123.48701668,49.90876893],[-123.48711342,49.90866959],[-123.48720961,49.90857025],[-123.48731959,49.90839899],[-123.4873739,49.90825479],[-123.48759447,49.90805611],[-123.48774645,49.90793861],[-123.48784319,49.90783927],[-123.48793962,49.90775774],[-123.48803641,49.90767656],[-123.4882211,49.90755585],[-123.48845479,49.9074558],[-123.48874239,49.90739171],[-123.48898833,49.90737462],[-123.48918939,49.90736786],[-123.4893402,49.90731231],[-123.48952946,49.90719945],[-123.48975661,49.90704243],[-123.49002454,49.90687045],[-123.49025502,49.90671949],[-123.49040687,49.90659309],[-123.49055722,49.9064877],[-123.4907095,49.90638587],[-123.49086331,49.90628831],[-123.49097399,49.90619787],[-123.49109838,49.90609853],[-123.49122203,49.90597213],[-123.49130507,49.9058817],[-123.49141504,49.90577025],[-123.49154893,49.90567376],[-123.49165471,49.90561359],[-123.49173321,49.90557407],[-123.49189972,49.90548363],[-123.4920936,49.90538358],[-123.49221827,49.9053202],[-123.49239812,49.90522051],[-123.49253717,49.90515713],[-123.49273104,49.90505708],[-123.49291505,49.90493353],[-123.49309009,49.90479502],[-123.49318719,49.90472239],[-123.4932835,49.90463195],[-123.49335264,49.90455077],[-123.49347634,49.90444253],[-123.49361461,49.90433394],[-123.49375264,49.90420754],[-123.49390916,49.90409182],[-123.49404314,49.9040053],[-123.49416803,49.90395367],[-123.494362,49.90388994],[-123.49457033,49.90382621],[-123.4948065,49.90376212],[-123.49498677,49.90370729],[-123.49515381,49.90367061],[-123.49534838,49.90362504],[-123.49547329,49.90357946],[-123.49572255,49.90348831],[-123.49584734,49.90343384],[-123.49595831,49.90337936],[-123.49606915,49.90331598],[-123.4962635,49.90322519],[-123.49641093,49.90316466],[-123.49655453,49.90311624],[-123.49670708,49.90307066],[-123.49688789,49.90301583],[-123.49709573,49.90293679],[-123.49728513,49.9028581],[-123.49745628,49.90277941],[-123.49756712,49.90271604],[-123.49767809,49.90266156],[-123.49778826,49.90258928],[-123.49791312,49.90252555],[-123.49811188,49.90243475],[-123.49829857,49.90238028],[-123.49848227,49.90233435],[-123.49873255,49.90230622],[-123.49899664,49.90227809],[-123.49921908,49.90225032],[-123.49948356,49.90219513],[-123.49967768,49.90215846],[-123.49987412,49.90211146],[-123.50007138,49.90205485],[-123.50026097,49.9019758],[-123.50045475,49.90188501],[-123.50056546,49.90181273],[-123.5006902,49.9017401],[-123.50080546,49.90167672],[-123.50092083,49.90161619],[-123.5010361,49.90155887],[-123.50118903,49.90148623],[-123.50134138,49.90140754],[-123.50150746,49.90133206],[-123.50162285,49.90127758],[-123.50171501,49.90122311],[-123.50180065,49.90112484],[-123.50188025,49.90101838],[-123.50197537,49.9009372],[-123.50216126,49.90097138],[-123.50243849,49.90112092],[-123.50326213,49.90087453],[-123.50410801,49.90057723],[-123.5049774,49.90022865],[-123.50528905,49.89984661],[-123.50559568,49.89959239],[-123.5058789,49.89932535],[-123.50621957,49.89903303],[-123.50661803,49.89868339],[-123.5067056,49.89820236],[-123.50686227,49.8977548],[-123.50717571,49.89739483],[-123.50748819,49.89696971],[-123.50792894,49.89664285],[-123.5084086,49.89636121],[-123.50915174,49.89615185],[-123.51000096,49.89599733],[-123.51097173,49.89559143],[-123.51190008,49.89520048],[-123.51278746,49.89482485],[-123.51374215,49.89425374],[-123.51473982,49.89381971],[-123.51572473,49.89345369],[-123.51656909,49.89315995],[-123.51730489,49.89280781],[-123.51778538,49.89234815],[-123.51805961,49.89191198],[-123.51812611,49.89150003],[-123.51829346,49.89151748],[-123.51840498,49.89153492],[-123.51853496,49.89155807],[-123.51862815,49.89157872],[-123.51887968,49.89164957],[-123.51900508,49.89168518],[-123.51904732,49.89170298],[-123.5191452,49.89174749],[-123.51927096,49.8918098],[-123.51941097,49.8918632],[-123.51962137,49.89184932],[-123.51987401,49.89178024],[-123.52041309,49.89155273],[-123.52098144,49.8913455],[-123.5214632,49.8910984],[-123.52198881,49.89093106],[-123.52252309,49.89069001],[-123.52318213,49.89043401],[-123.52376511,49.89011677],[-123.5241261,49.8897333],[-123.52426491,49.88928396],[-123.52433074,49.88904861],[-123.52438933,49.88890156],[-123.52444145,49.88884246],[-123.5244872,49.88880009],[-123.52452844,49.88876092],[-123.52454095,49.88873493],[-123.52466645,49.88864663],[-123.52480904,49.88851987],[-123.52490089,49.88842944],[-123.5249695,49.88836641],[-123.52504767,49.88829093],[-123.52512137,49.88823076],[-123.5251903,49.88817628],[-123.52528687,49.88806804],[-123.52538302,49.8879687],[-123.5255067,49.88783305],[-123.52557569,49.88774297],[-123.52566756,49.88765858],[-123.52574857,49.88760019],[-123.5258517,49.88753468],[-123.52589795,49.88750762],[-123.52594365,49.88748056],[-123.52600822,49.88745029],[-123.52610095,49.88740792],[-123.52618393,49.88737125],[-123.52623464,49.88735629],[-123.52629503,49.88734383],[-123.52636474,49.88733457],[-123.52644778,49.88731606],[-123.52678576,49.88725767],[-123.52710085,49.88718752],[-123.52730876,49.88712343],[-123.52735071,49.88710528],[-123.52746125,49.88707786],[-123.52768328,49.88699597],[-123.52774799,49.88698066],[-123.5278127,49.88696535],[-123.52787026,49.88694897],[-123.52791936,49.88693188],[-123.52803159,49.88689022],[-123.52815968,49.88683468],[-123.52834883,49.88672288],[-123.52816074,49.88654378],[-123.52810466,49.88646011],[-123.52808034,49.88640029],[-123.52812091,49.88629241],[-123.52817544,49.88616601],[-123.52820214,49.88603997],[-123.52822003,49.88598585],[-123.5282421,49.88591392],[-123.5282691,49.88582384],[-123.5283149,49.88573982],[-123.52837835,49.88564368],[-123.52847457,49.88553509],[-123.52855762,49.88546281],[-123.52859897,49.88542649],[-123.52862631,49.88539053],[-123.52868106,49.88530935],[-123.52877691,49.88517405],[-123.52885919,49.88505655],[-123.52888648,49.88500243],[-123.528915,49.88491057],[-123.52895057,49.88478346],[-123.52899357,49.88462146],[-123.52904727,49.88440533],[-123.52909195,49.88424226],[-123.52911388,49.88412903],[-123.52911275,49.88405711],[-123.52910795,49.88402436],[-123.52909847,49.88399409],[-123.52900703,49.88385772],[-123.52892423,49.88375518],[-123.52882465,49.88369964],[-123.5287046,49.88364516],[-123.52860674,49.88360065],[-123.5284484,49.88353834],[-123.5282294,49.88345859],[-123.52808514,49.88342013],[-123.52797805,49.88339663],[-123.52790855,49.88338524],[-123.52785273,49.88337919],[-123.52767888,49.88332507],[-123.52750471,49.88322288],[-123.52737333,49.8830858],[-123.52724295,49.88291952],[-123.52712858,49.88279989],[-123.5269871,49.8827148],[-123.52684612,49.88268453],[-123.52673148,49.88267385],[-123.52659065,49.88251256],[-123.5265052,49.88236017],[-123.52650503,49.88233311],[-123.52711578,49.88216861],[-123.52790711,49.88198809],[-123.52889921,49.8817677],[-123.52990276,49.88159216],[-123.53090697,49.88135966],[-123.53185682,49.88111434],[-123.53279395,49.8808295],[-123.53370966,49.88054644],[-123.53471426,49.88036485],[-123.53561117,49.88022777],[-123.53638567,49.88002126],[-123.53703667,49.87974532],[-123.53774731,49.87953026],[-123.53846223,49.87930025],[-123.53918963,49.87908484],[-123.53982422,49.87884201],[-123.54056851,49.87873449],[-123.54141799,49.87863265],[-123.54237265,49.87853652],[-123.54331598,49.8782442],[-123.54426988,49.87809573],[-123.54515359,49.87790061],[-123.54582394,49.8775556],[-123.54628074,49.87706104],[-123.54696377,49.87670997],[-123.54753076,49.87639949],[-123.54805186,49.87610326],[-123.54841191,49.87581664],[-123.5487619,49.8755941],[-123.54892674,49.87542747],[-123.54902177,49.87532101],[-123.54903793,49.87525585],[-123.54909634,49.87523485],[-123.54919738,49.87525728],[-123.54919286,49.87488841],[-123.54917632,49.87462778],[-123.54922537,49.87446577],[-123.54928443,49.87434828],[-123.54933909,49.87427635],[-123.54938009,49.87418592],[-123.54940717,49.87413215],[-123.54943373,49.87405097],[-123.5494471,49.873994],[-123.54945618,49.87395199],[-123.54946043,49.87392493],[-123.54945782,49.87388612],[-123.54944536,49.87384411],[-123.54943019,49.87372697],[-123.54941568,49.87364614],[-123.54938537,49.87345743],[-123.5493568,49.87335881],[-123.54934042,49.873179],[-123.54932468,49.87298994],[-123.54933803,49.87292692],[-123.54933636,49.87280123],[-123.54933506,49.87270225],[-123.54934836,49.87262107],[-123.54934682,49.87250428],[-123.54933129,49.87236044],[-123.54933059,49.87227961],[-123.54932924,49.87216247],[-123.54932787,49.87207275],[-123.54932765,49.87202753],[-123.54932729,49.87200082],[-123.549327,49.87196486],[-123.5493123,49.87191074],[-123.5493116,49.87182992],[-123.54931047,49.871758],[-123.54930977,49.87167717],[-123.549309,49.87163195],[-123.54932225,49.87156608],[-123.54933571,49.87150591],[-123.54937168,49.87143078],[-123.54940809,49.87134676],[-123.54945333,49.87126273],[-123.54948511,49.87119935],[-123.54955349,49.87109111],[-123.54962192,49.87100103],[-123.54973193,49.87089243],[-123.54992462,49.87068485],[-123.55010342,49.87051288],[-123.55019846,49.87040642],[-123.55027722,49.87030245],[-123.55033675,49.87018816],[-123.55041801,49.87000764],[-123.55044477,49.86989976],[-123.55045752,49.86981858],[-123.55043328,49.86970393],[-123.55038513,49.8695551],[-123.55027384,49.86941873],[-123.5501358,49.86927774],[-123.55001847,49.8691403],[-123.54996595,49.86900963],[-123.54993172,49.86887682],[-123.54991622,49.86873297],[-123.54990172,49.86865215],[-123.54989974,49.86847234],[-123.54976705,49.8678432],[-123.5501229,49.86729274],[-123.54996156,49.86698476],[-123.54991057,49.86685231],[-123.54988938,49.86675439],[-123.54991146,49.86668247],[-123.54994798,49.86660129],[-123.54998796,49.86647525],[-123.55007008,49.86633069],[-123.55013859,49.86623135],[-123.55023449,49.86611421],[-123.55027554,49.86604193],[-123.55033013,49.86593369],[-123.5503386,49.86590094],[-123.55034283,49.86586177],[-123.5503701,49.8658016],[-123.55039725,49.86572647],[-123.55041038,49.86564565],[-123.55043568,49.86546548],[-123.55044896,49.86541172],[-123.55048998,49.86532128],[-123.55054473,49.8652401],[-123.55060391,49.86516497],[-123.55066828,49.86509554],[-123.55070931,49.86505068],[-123.55075048,49.8649873],[-123.55077766,49.86492428],[-123.55079103,49.86486126],[-123.55078991,49.86478934],[-123.5507884,49.86467255],[-123.55077315,49.86454651],[-123.55077247,49.86446569],[-123.55077092,49.86433074],[-123.55076976,49.86424066],[-123.55076769,49.86405195],[-123.55076654,49.86396187],[-123.55077867,49.86381803],[-123.55082857,49.86367383],[-123.55090051,49.86351147],[-123.55099625,49.86336727],[-123.55103731,49.86329499],[-123.55110504,49.86310592],[-123.55112991,49.86286274],[-123.55114206,49.8627189],[-123.55114067,49.86261101],[-123.55115392,49.86253909],[-123.55115254,49.8624312],[-123.5511517,49.86232332],[-123.55114933,49.86215242],[-123.55114802,49.86203527],[-123.55114723,49.86194555],[-123.55114569,49.86181061],[-123.55118564,49.8616664],[-123.55124036,49.86156707],[-123.55129937,49.86145883],[-123.55133571,49.861378],[-123.55137606,49.86127866],[-123.55140257,49.86113482],[-123.55149642,49.86085532],[-123.55153674,49.86071147],[-123.55157698,49.86060323],[-123.55163135,49.86047719],[-123.55165762,49.86034189],[-123.55166966,49.86018914],[-123.55166911,49.86011722],[-123.55165376,49.85998228],[-123.55166505,49.85978431],[-123.55166423,49.85967643],[-123.55166762,49.85959525],[-123.55167148,49.85951727],[-123.55167524,49.8594425],[-123.55168752,49.85930756],[-123.5516865,49.85922638],[-123.5516996,49.8591274],[-123.55171298,49.85906437],[-123.55176691,49.85894723],[-123.55180759,49.85883009],[-123.5518428,49.85879591],[-123.55187627,49.85875781],[-123.55201325,49.85856839],[-123.55205421,49.85848721],[-123.55209426,49.85837933],[-123.55212011,49.85818101],[-123.55213325,49.85810018],[-123.55213051,49.85788442],[-123.55212883,49.85772241],[-123.5521135,49.85758747],[-123.55207052,49.85747994],[-123.55199958,49.85737811],[-123.55191508,49.85727379],[-123.55187257,49.85720186],[-123.55178761,49.85709434],[-123.55168434,49.85699001],[-123.55159053,49.85687038],[-123.55151915,49.85674505],[-123.55148605,49.85668523],[-123.55144864,49.85662826],[-123.55141104,49.8565777],[-123.55136345,49.85650293],[-123.55132082,49.85642211],[-123.55129212,49.85635019],[-123.55126253,49.85617964],[-123.55122209,49.85600873],[-123.55115645,49.85581112],[-123.5510641,49.85545187],[-123.55109337,49.85505594],[-123.55117579,49.85466891],[-123.55113328,49.85459698],[-123.55106247,49.85447165],[-123.55099146,49.85437303],[-123.55094908,49.85431606],[-123.55088307,49.85423559],[-123.55079112,49.85414195],[-123.5506959,49.85405935],[-123.55058398,49.85398814],[-123.55049943,49.85392547],[-123.55042923,49.85386281],[-123.55040116,49.8538272],[-123.55035098,49.85376631],[-123.55032085,49.85372537],[-123.55031167,49.85369866],[-123.55030639,49.85363849],[-123.55030066,49.85354877],[-123.55027052,49.85336611],[-123.55024593,49.85323402],[-123.55022651,49.85315319],[-123.5501977,49.85307237],[-123.55009859,49.85291998],[-123.55002806,49.85283061],[-123.54995772,49.85274088],[-123.54989599,49.85263336],[-123.5498578,49.85255253],[-123.54982898,49.85246566],[-123.54980537,49.85241581],[-123.54978175,49.85236596],[-123.54975814,49.85231611],[-123.54973899,49.85227125],[-123.54969501,49.85207044],[-123.54961155,49.85169908],[-123.549605,49.85109663],[-123.54960474,49.85106067],[-123.54960363,49.85097059],[-123.54958864,49.85088977],[-123.54957894,49.850862],[-123.54956495,49.85082995],[-123.54953372,49.85078901],[-123.54950358,49.85075518],[-123.54944732,49.85070142],[-123.54939107,49.85065371],[-123.54936637,49.85062914],[-123.54934212,49.85060172],[-123.54930685,49.85056718],[-123.54920849,49.85046001],[-123.54915234,49.85041515],[-123.5490962,49.85037029],[-123.54904439,49.85033468],[-123.54898374,49.85029908],[-123.54888596,49.85023641],[-123.54870318,49.85007548],[-123.54863231,49.84998575],[-123.54859029,49.84992309],[-123.54856165,49.84986932],[-123.54851908,49.84980666],[-123.5484904,49.84973473],[-123.54847622,49.84968987],[-123.54845999,49.84949191],[-123.54844486,49.84938402],[-123.54842987,49.8493032],[-123.54838702,49.84918641],[-123.54837203,49.84910559],[-123.54834299,49.8489888],[-123.54831478,49.84892614],[-123.54827123,49.84878229],[-123.54825196,49.84871642],[-123.54822838,49.84866551],[-123.54814337,49.84854908],[-123.54809638,49.84848036],[-123.54805836,49.84843265],[-123.54803493,49.84840274],[-123.54801601,49.84837568],[-123.54800196,49.84834577],[-123.54798791,49.84831587],[-123.54797307,49.8482621],[-123.54797281,49.84822614],[-123.54795759,49.84811541],[-123.54794769,49.84804349],[-123.54794256,49.84801037],[-123.54795097,49.84794842],[-123.5479687,49.84786938],[-123.54800966,49.84777609],[-123.54809203,49.84767675],[-123.54814685,49.84761373],[-123.54822944,49.84753219],[-123.54833935,49.84741577],[-123.54844901,49.8472826],[-123.5484851,49.84721139],[-123.54850319,49.84717116],[-123.5484888,49.84710849],[-123.54843149,49.84698281],[-123.54840256,49.84687492],[-123.5484022,49.84683006],[-123.54838705,49.84670402],[-123.54838467,49.84652421],[-123.54838358,49.84643413],[-123.54836927,49.84636221],[-123.54836784,49.84624542],[-123.54836639,49.84611048],[-123.54836569,49.84608342],[-123.54836544,49.84604746],[-123.54836438,49.84597553],[-123.54836351,49.84585875],[-123.54836231,49.84575977],[-123.54837494,49.84567894],[-123.54838842,49.84560061],[-123.54840107,49.84552584],[-123.54841445,49.84544466],[-123.54853268,49.84525025],[-123.54856809,49.84508825],[-123.54856828,49.84496648],[-123.54857443,49.84486821],[-123.54862897,49.84475107],[-123.54866984,49.84466099],[-123.54875079,49.84443881],[-123.54877576,49.84421094],[-123.54878442,49.84415967],[-123.54880203,49.8440849],[-123.54880511,49.8439528],[-123.54881342,49.84386877],[-123.54881209,49.84374878],[-123.54879676,49.84361704],[-123.54886363,49.8433468],[-123.54887616,49.84325707],[-123.54888533,49.84322004],[-123.54890333,49.84316379],[-123.54894376,49.84307655],[-123.54902589,49.84294126],[-123.54908068,49.84286008],[-123.54911684,49.84280596],[-123.54914848,49.84274293],[-123.5491882,49.84257203],[-123.5492017,49.84249975],[-123.54921445,49.84242783],[-123.54919874,49.84223912],[-123.54919639,49.84205931],[-123.54919517,49.84194217],[-123.54919388,49.84183429],[-123.54939477,49.84156939],[-123.54959509,49.84124182],[-123.54979276,49.84066216],[-123.54996195,49.8400437],[-123.55030565,49.83928353],[-123.55083355,49.83925398],[-123.55091259,49.83924472],[-123.55097736,49.83923831],[-123.55104204,49.83922905],[-123.55112539,49.83921695],[-123.55122228,49.83920733],[-123.55129203,49.83920093],[-123.55136157,49.83918882],[-123.55144906,49.8391671],[-123.55155059,49.83913078],[-123.55164943,49.83909838],[-123.55175884,49.83907595],[-123.55190718,49.83907524],[-123.55204802,49.83909233],[-123.55216703,49.83911298],[-123.55241831,49.83919274],[-123.55251611,49.83922799],[-123.5526188,49.83927249],[-123.55271144,49.8393081],[-123.55275351,49.83932305],[-123.55279568,49.8393348],[-123.55291158,49.8393551],[-123.55303225,49.83936969],[-123.55333844,49.83937717],[-123.55361636,49.83937575],[-123.55374151,49.83937503],[-123.55390863,49.83937432],[-123.55395004,49.83937432],[-123.55401979,49.83937397],[-123.5540752,49.83937361],[-123.55417256,49.83937325],[-123.55428391,49.83937254],[-123.55464136,49.83943378],[-123.55484846,49.8394377],[-123.55501272,49.83944019],[-123.55513288,49.83944055],[-123.55534185,49.83947544],[-123.55543502,49.83949894],[-123.5555171,49.83953063],[-123.55559324,49.8395641],[-123.55564924,49.83959401],[-123.55571926,49.83963567],[-123.55594939,49.83976634],[-123.55622896,49.8398671],[-123.55647696,49.83993973],[-123.55666938,49.83999991],[-123.5568095,49.84008002],[-123.55700521,49.84020499],[-123.55698647,49.84030611],[-123.55702649,49.84041791],[-123.55714958,49.84052117],[-123.55725581,49.8406027],[-123.55734427,49.84066216],[-123.55735841,49.84068887],[-123.55743355,49.84076364],[-123.55752757,49.84084126],[-123.55761278,49.84089858],[-123.55767225,49.84094238],[-123.55769567,49.84096623],[-123.55775202,49.8410289],[-123.55779423,49.84106486],[-123.55783598,49.84109156],[-123.55784475,49.84115138],[-123.55790911,49.84124894],[-123.55802963,49.84138424],[-123.55829248,49.84154909],[-123.558495,49.84168688],[-123.55863682,49.84179833],[-123.55868029,49.84190586],[-123.55875989,49.84197956],[-123.55889209,49.84204792],[-123.55907634,49.84211094],[-123.55928255,49.84213978],[-123.55946195,49.84215402],[-123.559587,49.84214441],[-123.55985093,49.84213729],[-123.56007367,49.84214797],[-123.56023623,49.84219105],[-123.56038053,49.84224838],[-123.56045102,49.84229324],[-123.56054374,49.84233276],[-123.56064656,49.84236694],[-123.56078111,49.84238546],[-123.56093901,49.84239863],[-123.56111938,49.84239792],[-123.5613193,49.84240896],[-123.56148297,49.84243887],[-123.56162149,49.84247946],[-123.56173324,49.84252966],[-123.56190129,49.84266389],[-123.56198581,49.84272656],[-123.56206975,49.84277106],[-123.56218151,49.84283337],[-123.56234928,49.84291348],[-123.56243648,49.842953],[-123.56252641,49.84298754],[-123.5626523,49.843026],[-123.56281032,49.84307335],[-123.56296402,49.8431175],[-123.56307591,49.84318871],[-123.56315988,49.84325138],[-123.56319268,49.84326918],[-123.5632299,49.84328698],[-123.56327209,49.84330478],[-123.56340264,49.84336709],[-123.56350977,49.8434116],[-123.56360751,49.84345611],[-123.56387922,49.84368576],[-123.56406815,49.84384349],[-123.56417418,49.84395885],[-123.56425983,49.8440144],[-123.56434288,49.84411623],[-123.56446661,49.84423052],[-123.56461937,49.84435941],[-123.5647652,49.8444089],[-123.56492996,49.84445911],[-123.56508325,49.84452426],[-123.56517869,49.84461755],[-123.56522089,49.84463535],[-123.56534624,49.84467986],[-123.56555767,49.84474573],[-123.56572801,49.84480697],[-123.56583528,49.84486643],[-123.56591945,49.84492874],[-123.56612006,49.84503876],[-123.56636712,49.84513347],[-123.56643101,49.84531399],[-123.5665551,49.84548739],[-123.56672608,49.8457206],[-123.56697492,49.84597304],[-123.56722928,49.84631663],[-123.56749344,49.84631521],[-123.56769339,49.8463323],[-123.5679558,49.8463209],[-123.56828159,49.84628138],[-123.56858471,49.84616495],[-123.56883078,49.84605493],[-123.56901943,49.84595097],[-123.56920425,49.84587833],[-123.56936994,49.84581851],[-123.56951363,49.84577472],[-123.56962422,49.84575621],[-123.56973095,49.84574374],[-123.56979574,49.84573733],[-123.56999054,49.84571526],[-123.57018456,49.84568143],[-123.57037018,49.84571063],[-123.57050487,49.84572487],[-123.57067224,49.84574196],[-123.57074203,49.84575371],[-123.57080685,49.84576546],[-123.57086725,49.84577721],[-123.5710065,49.84581246],[-123.57131323,49.8458737],[-123.57152198,49.84587263],[-123.57182809,49.84587121],[-123.57197659,49.84588545],[-123.57214679,49.84591963],[-123.57230212,49.8459588],[-123.57234365,49.8459677],[-123.57290508,49.84597803],[-123.57333701,49.84604461],[-123.57359723,49.84611724],[-123.57375096,49.84616745],[-123.57396888,49.84615463],[-123.57412602,49.8461297],[-123.57432479,49.84620163],[-123.57457814,49.84632233],[-123.57524676,49.84652599],[-123.57592594,49.84672752],[-123.57654071,49.84682436],[-123.57699154,49.84691302],[-123.57733208,49.84684644],[-123.5776147,49.84679695],[-123.57779066,49.84664634],[-123.57789143,49.84655163],[-123.57794085,49.84644374],[-123.57800974,49.84638927],[-123.57813425,49.84630773],[-123.5781895,49.84628031],[-123.5786189,49.84611653],[-123.57873266,49.8463647],[-123.57880692,49.84675422],[-123.57881515,49.84741078],[-123.57882209,49.84802212],[-123.57883036,49.84867868],[-123.57897145,49.84926581],[-123.57910958,49.84958484],[-123.57920207,49.84980523],[-123.57924836,49.849927],[-123.5792516,49.85020579],[-123.57926676,49.85029552],[-123.57929064,49.85037634],[-123.57932445,49.85045716],[-123.57939512,49.85058285],[-123.57946617,49.85068148],[-123.57950208,49.85072705],[-123.57953224,49.85077405],[-123.5795517,49.85085488],[-123.57956712,49.85096846],[-123.57956749,49.85104073],[-123.57956857,49.8510945],[-123.57958306,49.85117532],[-123.57960239,49.85124119],[-123.57961267,49.85130136],[-123.57961331,49.85136403],[-123.5796284,49.85146301],[-123.57962928,49.85151713],[-123.57966705,49.8515887],[-123.5797286,49.85167842],[-123.5798227,49.85182191],[-123.57992723,49.85200101],[-123.57995613,49.85209999],[-123.58005702,49.85239623],[-123.57992001,49.85257674],[-123.57987018,49.85266718],[-123.57983884,49.852748],[-123.57983946,49.85283809],[-123.57984046,49.85290111],[-123.57984176,49.85300009],[-123.57987085,49.85309872],[-123.57991364,49.85318844],[-123.57997039,49.85330523],[-123.58005579,49.85345762],[-123.58012703,49.8535833],[-123.58018374,49.85368193],[-123.58039812,49.85417435],[-123.58071485,49.8545215],[-123.58113281,49.85472338],[-123.58146386,49.8548537],[-123.58163159,49.85491886],[-123.58181312,49.85497796],[-123.58185485,49.85498651],[-123.58199463,49.85503101],[-123.58207793,49.85506057],[-123.58222255,49.85512964],[-123.58238596,49.85521794],[-123.58252627,49.85531621],[-123.58263892,49.85539632],[-123.5827369,49.85546789],[-123.58280723,49.85552735],[-123.58285914,49.85558717],[-123.58289227,49.85564698],[-123.58291151,49.85571],[-123.58292156,49.85577267],[-123.58277532,49.85598132],[-123.58270346,49.85614973],[-123.5826927,49.8562658],[-123.58270567,49.85634947],[-123.58270656,49.85640359],[-123.58270693,49.8564303],[-123.58271664,49.85647837],[-123.58273609,49.85654708],[-123.58283551,49.85672653],[-123.58288746,49.85679846],[-123.58293461,49.85686397],[-123.58297702,49.85691489],[-123.58301012,49.8569626],[-123.58304756,49.85701351],[-123.58316044,49.85713884],[-123.58285923,49.85777297],[-123.5826198,49.85843665],[-123.58262685,49.85904835],[-123.58263556,49.85976758],[-123.58264324,49.86039743],[-123.58265054,49.86100878],[-123.58348038,49.86151544],[-123.58408473,49.86200109],[-123.58446304,49.86246574],[-123.58425995,49.86255369],[-123.58410759,49.86261742],[-123.58400599,49.86265694],[-123.5838358,49.8627869],[-123.58370572,49.8628574],[-123.58357758,49.86291116],[-123.58346709,49.86293858],[-123.58331458,49.86298131],[-123.58319427,49.86303792],[-123.58307041,49.86312337],[-123.5829417,49.86323802],[-123.582832,49.86336442],[-123.58276354,49.86346376],[-123.5827361,49.86349082],[-123.58269521,49.863572],[-123.58267294,49.86363217],[-123.58264094,49.86369804],[-123.58255929,49.86381554],[-123.58250446,49.86388781],[-123.58242238,49.86401421],[-123.58236761,49.86407118],[-123.58231195,49.86411355],[-123.58227106,49.86414097],[-123.58214657,49.8642225],[-123.582053,49.86427769],[-123.58196239,49.8643254],[-123.58189784,49.86434961],[-123.58182821,49.86437098],[-123.58173155,49.86440445],[-123.58163456,49.86444967],[-123.58155162,49.86448634],[-123.58142696,49.86454081],[-123.58131608,49.86458924],[-123.58124703,49.86462271],[-123.58117754,49.86465902],[-123.58103985,49.86475872],[-123.58097984,49.86479183],[-123.58091355,49.86481213],[-123.58083219,49.86483171],[-123.58076702,49.86483776],[-123.58068391,49.86484738],[-123.5805756,49.86487586],[-123.58047114,49.86491147],[-123.58037904,49.86495989],[-123.58030526,49.86500511],[-123.58023645,49.86505033],[-123.58013988,49.86511406],[-123.58004295,49.86517744],[-123.57993221,49.86524081],[-123.57989096,49.86526787],[-123.57983576,49.86531345],[-123.57978518,49.86535867],[-123.579726,49.86542169],[-123.57968481,49.86546691],[-123.57962705,49.86557906],[-123.57955623,49.86572433],[-123.57960307,49.86590307],[-123.57951354,49.86613344],[-123.5794844,49.86642433],[-123.57918139,49.8668256],[-123.57877881,49.86731233],[-123.57818356,49.86792972],[-123.57764136,49.86849941],[-123.57727839,49.8690666],[-123.57709519,49.86963236],[-123.57697431,49.87001975],[-123.57688507,49.87019279],[-123.57683457,49.87032916],[-123.57680775,49.87042814],[-123.57676692,49.87052748],[-123.57672623,49.8706083],[-123.57664403,49.8707258],[-123.576576,49.87081624],[-123.57653923,49.87086146],[-123.5764889,49.87092448],[-123.57642494,49.87101456],[-123.57637091,49.87113206],[-123.57632984,49.87118618],[-123.5762754,49.87128516],[-123.57619345,49.87142046],[-123.57611124,49.87153796],[-123.57602929,49.87167326],[-123.57600202,49.87172132],[-123.57597034,49.87177544],[-123.57593372,49.87183562],[-123.57586521,49.8719168],[-123.57581057,49.87201613],[-123.57576951,49.87207025],[-123.57572844,49.87212437],[-123.57568737,49.87217849],[-123.57564611,49.87223297],[-123.57561456,49.87229599],[-123.5755789,49.87239497],[-123.57555183,49.87247615],[-123.57555227,49.87252102],[-123.57553895,49.87258404],[-123.57551262,49.87269228],[-123.57548623,49.87283612],[-123.57548746,49.8729262],[-123.57548907,49.87304299],[-123.57549118,49.8732228],[-123.5754926,49.87333994],[-123.5755082,49.87348378],[-123.57550914,49.87359167],[-123.57551013,49.87363653],[-123.57558285,49.87391496],[-123.57555876,49.87421191],[-123.57555907,49.87424787],[-123.57556049,49.87436501],[-123.57552846,49.87443907],[-123.57547541,49.8745142],[-123.57540078,49.87459039],[-123.57531303,49.87464807],[-123.57523969,49.87469044],[-123.57514699,49.87472676],[-123.5750918,49.87474492],[-123.57498677,49.87476735],[-123.57481096,49.87481933],[-123.57456456,49.87490051],[-123.57433734,49.87501445],[-123.57413427,49.87512055],[-123.57395611,49.87521847],[-123.57382719,49.8753],[-123.57370779,49.87539044],[-123.57358335,49.87549014],[-123.5735286,49.87555316],[-123.5734506,49.87563149],[-123.57336794,49.87569807],[-123.57328047,49.87575219],[-123.57308696,49.8758793],[-123.57303206,49.87592737],[-123.57298147,49.87597259],[-123.57293588,49.87602386],[-123.57288981,49.87608617],[-123.57285335,49.87614705],[-123.57283608,49.87621328],[-123.57282731,49.8762852],[-123.57278542,49.87637635],[-123.57271373,49.87648673],[-123.57255335,49.8766555],[-123.57251222,49.87669146],[-123.57248478,49.87671852],[-123.5723741,49.87680005],[-123.57231909,49.87684527],[-123.57220927,49.87696277],[-123.57214051,49.87702615],[-123.57206687,49.87708632],[-123.57197507,49.8771707],[-123.57189275,49.8772793],[-123.57185181,49.87734232],[-123.57181493,49.87738469],[-123.5717463,49.87745697],[-123.57167791,49.877541],[-123.57160436,49.87763144],[-123.57159129,49.8776585],[-123.57157691,49.87778133],[-123.57154289,49.87790168],[-123.57144096,49.87802701],[-123.5713184,49.87814557],[-123.57123608,49.87822676],[-123.57109783,49.87832645],[-123.57102894,49.87838093],[-123.57096031,49.8784532],[-123.5708545,49.87856536],[-123.57071441,49.87871918],[-123.57053877,49.87891394],[-123.57035515,49.87908377],[-123.57018358,49.87923047],[-123.56992119,49.87937752],[-123.56948634,49.87964954],[-123.56888615,49.88002838],[-123.56818765,49.88061622],[-123.56864042,49.88083911],[-123.56902735,49.88099008],[-123.56913912,49.88102533],[-123.56930688,49.88108764],[-123.56939096,49.88113214],[-123.56951747,49.88122151],[-123.56962949,49.88130198],[-123.569742,49.88136429],[-123.56985383,49.8814177],[-123.56997948,49.8814711],[-123.57016132,49.88155122],[-123.57030152,49.88160427],[-123.57039954,49.88165768],[-123.57046974,49.88171144],[-123.57056821,49.88180971],[-123.57063853,49.88187238],[-123.57077906,49.8819888],[-123.57083557,49.88205147],[-123.57089221,49.88212304],[-123.5709561,49.88221276],[-123.57103338,49.88231139],[-123.57107602,49.88235589],[-123.57113172,49.88240076],[-123.57116016,49.88241856],[-123.57120199,49.88244526],[-123.57125833,49.88248692],[-123.57122759,49.88252715],[-123.57119582,49.88257843],[-123.5710687,49.88267492],[-123.57101078,49.88289709],[-123.57084841,49.88327665],[-123.57079565,49.8837655],[-123.57077358,49.88429139],[-123.57086075,49.88456377],[-123.57100212,49.88476601],[-123.57119844,49.88489775],[-123.57162761,49.88506973],[-123.5722243,49.88530045],[-123.57212705,49.88532786],[-123.57205784,49.88534638],[-123.57189089,49.88538305],[-123.57182368,49.88543041],[-123.57170669,49.88548595],[-123.57154049,49.88554968],[-123.57131773,49.88555894],[-123.57114772,49.88555858],[-123.57103008,49.88554933],[-123.57091901,49.88557674],[-123.5708078,49.88559526],[-123.57071029,49.88560487],[-123.57061296,49.88561413],[-123.57046025,49.8856419],[-123.57029832,49.88569068],[-123.57008565,49.88576972],[-123.5699475,49.88582456],[-123.56981727,49.88631876],[-123.5696148,49.88673854],[-123.56934028,49.88708356],[-123.56902794,49.88734882],[-123.56859044,49.88776789],[-123.56820788,49.88824037],[-123.56799172,49.88880721],[-123.56788695,49.88936941],[-123.56778574,49.88970268],[-123.56768394,49.89001672],[-123.56768763,49.89031972],[-123.56790168,49.89063732],[-123.56846304,49.89100832],[-123.56880219,49.89145054],[-123.56902636,49.8919629],[-123.56934814,49.89249804],[-123.56987857,49.89300222],[-123.56988518,49.89355089],[-123.56958506,49.89407108],[-123.56927959,49.89454321],[-123.569075,49.89501177],[-123.56897553,49.89552485],[-123.56898075,49.89597454],[-123.5689868,49.89646945],[-123.56909644,49.8968725],[-123.56941525,49.89713491],[-123.56994285,49.89725633],[-123.57004336,49.89751055],[-123.57004296,49.8976373],[-123.57002279,49.89774554],[-123.56998211,49.89783456],[-123.56996499,49.89796665],[-123.5699652,49.89799371],[-123.56995295,49.8981016],[-123.56994002,49.89820058],[-123.56994023,49.89822764],[-123.56994091,49.89829956],[-123.56994167,49.89832662],[-123.5699429,49.89846157],[-123.56994364,49.89852423],[-123.56996089,49.89878522],[-123.56981555,49.89882581],[-123.56968548,49.89890236],[-123.56948119,49.89904015],[-123.56938362,49.89928155],[-123.56920307,49.89960236],[-123.56911848,49.90004351],[-123.56892201,49.90043018],[-123.56876932,49.9007638],[-123.56857078,49.90097743],[-123.56862514,49.90111024],[-123.56878234,49.9011932],[-123.56904255,49.90122702],[-123.56882047,49.90154391],[-123.56862708,49.90179991],[-123.56846222,49.90199432],[-123.56819029,49.90213959],[-123.56772355,49.90232189],[-123.56736538,49.9025373],[-123.56699571,49.90279116],[-123.56661379,49.90308277],[-123.56611712,49.90349899],[-123.56611088,49.90377173],[-123.56606574,49.9039818],[-123.56596651,49.9041114],[-123.56586838,49.90421359],[-123.56579714,49.90431613],[-123.56576616,49.90443612],[-123.56576776,49.90460703],[-123.56574199,49.90476013],[-123.56570186,49.90491323],[-123.56567539,49.90503002],[-123.56564984,49.90521018],[-123.56563679,49.90530026],[-123.56559214,49.90542915],[-123.56552833,49.90554345],[-123.56547843,49.90565454],[-123.56545142,49.90573572],[-123.5654339,49.90581369],[-123.56543509,49.90589487],[-123.56542231,49.90600275],[-123.5654094,49.90610174],[-123.56536892,49.90621888],[-123.56531462,49.90633602],[-123.56523249,49.90645352],[-123.56516858,49.9065436],[-123.56512347,49.90663368],[-123.56495279,49.90675438],[-123.56480546,49.90684233],[-123.56466687,49.90689894],[-123.56451391,49.90694843],[-123.56429608,49.90696979],[-123.5640413,49.90698083],[-123.56385999,49.90697264],[-123.56366473,49.90695555],[-123.56350665,49.90694736],[-123.5633581,49.90694807],[-123.56310074,49.90705026],[-123.56279408,49.90711399],[-123.56248964,49.90714924],[-123.56223293,49.9072055],[-123.56203926,49.90729629],[-123.56180852,49.9074024],[-123.56166555,49.90747823],[-123.56152757,49.90759573],[-123.5614173,49.90770397],[-123.56133495,49.90779441],[-123.56121065,49.90790301],[-123.56110024,49.90800234],[-123.56096268,49.90811094],[-123.56083812,49.90820173],[-123.56069966,49.90827437],[-123.56056119,49.908347],[-123.56040905,49.90842854],[-123.56022906,49.90851043],[-123.56009046,49.90857416],[-123.55996137,49.90864075],[-123.5598398,49.90872299],[-123.55971694,49.90881877],[-123.55960695,49.90890921],[-123.5595241,49.90899039],[-123.55944167,49.90906267],[-123.55933093,49.90915346],[-123.55920656,49.9092439],[-123.55908247,49.90931653],[-123.55895489,49.90941694],[-123.55884762,49.90951557],[-123.55867188,49.90955509],[-123.55847285,49.90962523],[-123.55832056,49.90969787],[-123.55816813,49.9097616],[-123.55798842,49.90986129],[-123.55779115,49.90992716],[-123.55755944,49.90999232],[-123.55729165,49.91009842],[-123.55701851,49.91028856],[-123.55678469,49.91030778],[-123.55653018,49.91035692],[-123.55628986,49.91044095],[-123.55607409,49.91054491],[-123.55597764,49.91061755],[-123.55586722,49.91071689],[-123.55572796,49.91083367],[-123.55554556,49.91099318],[-123.55532019,49.91119613],[-123.55520217,49.91144466],[-123.55507507,49.91167431],[-123.55487324,49.91190005],[-123.55453163,49.91205849],[-123.55419271,49.9122059],[-123.55396523,49.91231307],[-123.55385321,49.91241739],[-123.55380305,49.91251673],[-123.55375796,49.91261287],[-123.55370797,49.91272004],[-123.55364905,49.91282329],[-123.5535667,49.91291373],[-123.55348392,49.91301307],[-123.55337377,49.91313021],[-123.55325037,49.91327477],[-123.55316844,49.91341932],[-123.55302137,49.91357385],[-123.55283346,49.91375366],[-123.55261289,49.9139915],[-123.55241233,49.91429521],[-123.55266536,49.91450101],[-123.55263876,49.9146089],[-123.55259815,49.91471714],[-123.55255745,49.91480722],[-123.55250294,49.9148973],[-123.55242986,49.91502761],[-123.55232911,49.915159],[-123.55218498,49.91527863],[-123.55204578,49.91539328],[-123.55191039,49.91550294],[-123.55182809,49.91558412],[-123.5517315,49.91568346],[-123.55164906,49.91575574],[-123.55149698,49.91585543],[-123.55130281,49.91596439],[-123.55118948,49.91606907],[-123.55102569,49.91621469],[-123.55083145,49.91641123],[-123.55059963,49.91657822],[-123.55039252,49.9167242],[-123.55055986,49.91677441],[-123.55070951,49.91682461],[-123.55084497,49.91691006],[-123.55098578,49.91703041],[-123.55107541,49.91717675],[-123.55115623,49.91732914],[-123.55125065,49.91747583],[-123.55121151,49.91771866],[-123.55122773,49.91791662],[-123.55121831,49.91803768],[-123.55118423,49.91817155],[-123.55112682,49.91842969],[-123.55107058,49.91879856],[-123.55110589,49.91901433],[-123.55110318,49.91920339],[-123.5510766,49.91931128],[-123.55102261,49.91947364],[-123.55100977,49.91956336],[-123.55095613,49.91976169],[-123.55091553,49.91986992],[-123.55086116,49.91996891],[-123.55080486,49.92006433],[-123.55073332,49.92016438],[-123.55062641,49.92029897],[-123.55051817,49.92045634],[-123.55043739,49.92069953],[-123.5503997,49.92105059],[-123.55109567,49.92099719],[-123.55171402,49.92094414],[-123.55225512,49.92084195],[-123.55271879,49.92078961],[-123.55325897,49.92068706],[-123.55387787,49.92063401],[-123.55457363,49.92058096],[-123.55520505,49.92055675],[-123.55570572,49.92050655],[-123.55601155,49.92042715],[-123.55620215,49.92034205],[-123.55641035,49.92026728],[-123.55670081,49.92020497],[-123.55725738,49.92018111],[-123.55795369,49.92012806],[-123.55864908,49.92002481],[-123.5592937,49.91983183],[-123.55983321,49.91964704],[-123.56021944,49.9194594],[-123.56050428,49.9193362],[-123.56074335,49.91922903],[-123.56088314,49.91917633],[-123.56102523,49.91913468],[-123.56118922,49.91913005],[-123.56135515,49.9191361],[-123.56150838,49.91916245],[-123.56164835,49.9191888],[-123.5618156,49.91921479],[-123.56212268,49.91925823],[-123.56258873,49.91940599],[-123.56302247,49.91958473],[-123.56345322,49.91974353],[-123.56388043,49.91988239],[-123.56416266,49.919939],[-123.56441523,49.91996677],[-123.56459664,49.9199657],[-123.5647773,49.91996499],[-123.56493087,49.91996428],[-123.56509776,49.91995431],[-123.56527898,49.9199536],[-123.56543838,49.91996962],[-123.56557078,49.92001804],[-123.56565541,49.92011062],[-123.5656999,49.92023025],[-123.56634023,49.92016723],[-123.56700855,49.92013412],[-123.56756792,49.92005828],[-123.5679939,49.9199511],[-123.56824313,49.91982827],[-123.56838234,49.91970436],[-123.5690928,49.9196741],[-123.56972309,49.91971504],[-123.57027632,49.91975634],[-123.57065327,49.91985034],[-123.57092616,49.91990482],[-123.57104531,49.92001021],[-123.57113408,49.92006362],[-123.57118719,49.92011346],[-123.57149975,49.92036163],[-123.57188952,49.92048091],[-123.57235689,49.92047059],[-123.57266723,49.92039403],[-123.57283596,49.92040614],[-123.57308754,49.920451],[-123.57347809,49.92051082],[-123.57394793,49.92059164],[-123.57444479,49.92069703],[-123.57491055,49.92084444],[-123.5752996,49.92099256],[-123.57561104,49.92114103],[-123.57576783,49.92134006],[-123.57600279,49.92153874],[-123.57623778,49.92178727],[-123.57662687,49.92198523],[-123.57701652,49.9221832],[-123.57748267,49.92233096],[-123.57794845,49.92247836],[-123.57833812,49.92267633],[-123.57865075,49.9229245],[-123.57884279,49.92332755],[-123.57899129,49.92383421],[-123.57907356,49.9242337],[-123.57923251,49.92458263],[-123.57946796,49.92488136],[-123.57970396,49.92518009],[-123.58001451,49.92527836],[-123.58047878,49.92527587],[-123.58109711,49.92517297],[-123.58178785,49.92471971],[-123.58220115,49.92441992],[-123.5825332,49.92414042],[-123.58281035,49.92401295],[-123.58314282,49.92384062],[-123.5833323,49.92376158],[-123.5834897,49.9237039],[-123.58365622,49.92365797],[-123.58380872,49.92361239],[-123.58401637,49.92352124],[-123.58415545,49.92346677],[-123.58433555,49.92339378],[-123.5845156,49.92333004],[-123.58467323,49.92327806],[-123.58481344,49.92321539],[-123.58494529,49.92314774],[-123.58505601,49.92308437],[-123.5852779,49.92298431],[-123.58538711,49.92292272],[-123.58549446,49.92285436],[-123.58559565,49.92276677],[-123.58570575,49.92264037],[-123.58580118,49.92249617],[-123.58582802,49.92239683],[-123.58584069,49.92228894],[-123.58590265,49.92216361],[-123.58597227,49.92204861],[-123.58609477,49.92193503],[-123.58622521,49.92182821],[-123.58643185,49.92176234],[-123.5867248,49.92166585],[-123.58709253,49.92151311],[-123.58747281,49.92134541],[-123.58759731,49.92125461],[-123.58767995,49.92116453],[-123.58772046,49.92105629],[-123.58780402,49.92093701],[-123.58790017,49.92083732],[-123.58800909,49.92075792],[-123.58818959,49.92067603],[-123.58838336,49.92059414],[-123.58861935,49.92051189],[-123.58877184,49.92046631],[-123.5889105,49.92042074],[-123.58917419,49.92032923],[-123.58918724,49.92025731],[-123.58938862,49.92041504],[-123.58958366,49.92051723],[-123.5897689,49.92061301],[-123.58994507,49.92070309],[-123.59008528,49.92080136],[-123.59028153,49.92089927],[-123.59049147,49.92098829],[-123.59061751,49.92104134],[-123.59074406,49.92110365],[-123.59086977,49.92114815],[-123.59101,49.92120156],[-123.59119134,49.92125461],[-123.59134559,49.92130766],[-123.59159711,49.92137816],[-123.59172249,49.92139881],[-123.59184825,49.92143406],[-123.59197418,49.92148427],[-123.59211456,49.92154658],[-123.5923013,49.9216274],[-123.59247832,49.92169149],[-123.59266959,49.92173849],[-123.59286986,49.92179439],[-123.59306583,49.9218745],[-123.59322904,49.92194571],[-123.59338796,49.92202582],[-123.59348631,49.92208813],[-123.59369641,49.92218605],[-123.59385067,49.9222391],[-123.59401805,49.92228325],[-123.59417216,49.9223274],[-123.59436735,49.92238045],[-123.59457696,49.92242424],[-123.5948287,49.9224862],[-123.59499623,49.92253925],[-123.59516485,49.92263716],[-123.59534731,49.92273508],[-123.59547317,49.92278849],[-123.59562753,49.9228597],[-123.59582381,49.92295761],[-123.59593595,49.92302918],[-123.59600622,49.92306478],[-123.59611856,49.92313599],[-123.59618842,49.9231805],[-123.59625864,49.92322536],[-123.59634358,49.92332363],[-123.59648461,49.92344896],[-123.59663867,49.92354723],[-123.59686296,49.92365369],[-123.59700296,49.92368004],[-123.59716568,49.92369713],[-123.59733766,49.92370532],[-123.59749519,49.9237014],[-123.59764868,49.9237039],[-123.59779408,49.92370603],[-123.59793668,49.92370212],[-123.59802908,49.92369286],[-123.59814476,49.92367434],[-123.59818687,49.92367114],[-123.59828442,49.92366259],[-123.5983969,49.92365405],[-123.59850992,49.92363838],[-123.59862732,49.92362485],[-123.59874628,49.92360029],[-123.59888194,49.92357145],[-123.59905352,49.92354367],[-123.59922957,49.92350664],[-123.59939658,49.92346997],[-123.59957723,49.92344789],[-123.59972126,49.92343828],[-123.59982775,49.92344077],[-123.59998068,49.92339947],[-123.60010536,49.92336743],[-123.60016565,49.92335212],[-123.60023048,49.92333965],[-123.6003001,49.92331224],[-123.60034148,49.92329408],[-123.60038286,49.92327592],[-123.60054976,49.92322109],[-123.60066036,49.92318442],[-123.60089658,49.92312923],[-123.60103553,49.92310146],[-123.60120268,49.92307368],[-123.60139705,49.92304876],[-123.60153164,49.92303309],[-123.60161542,49.92302953],[-123.60168961,49.92302633],[-123.60176067,49.92302277],[-123.60182118,49.92302847],[-123.60187058,49.92304342],[-123.6019965,49.92308757],[-123.60203871,49.92310252],[-123.60210394,49.92312602],[-123.60216009,49.92314383],[-123.60225806,49.92317017],[-123.60237417,49.92319367],[-123.60248597,49.92322002],[-123.60258397,49.92325242],[-123.60265407,49.92327307],[-123.60254841,49.92340054],[-123.60255398,49.92356254],[-123.60274994,49.92377831],[-123.60302617,49.9240806],[-123.60335472,49.92435476],[-123.60379339,49.92465634],[-123.60434823,49.92497215],[-123.60513685,49.92527302],[-123.60604979,49.92560878],[-123.6071464,49.92601076],[-123.60721653,49.92603746],[-123.60727214,49.92605527],[-123.60731447,49.92607307],[-123.6074171,49.92612042],[-123.60749623,49.92615603],[-123.60755262,49.92617953],[-123.60765071,49.92622404],[-123.60798636,49.9263394],[-123.60809828,49.92636859],[-123.60820998,49.92639209],[-123.60832179,49.92641844],[-123.60847553,49.92647149],[-123.60854552,49.92648929],[-123.60860168,49.9265071],[-123.60870859,49.92654555],[-123.60882532,49.92656691],[-123.60898322,49.92658578],[-123.60920186,49.92659362],[-123.60935504,49.92660181],[-123.60948038,49.92661035],[-123.60959204,49.9266278],[-123.60966223,49.92664524],[-123.60970416,49.92667195],[-123.60975349,49.92671254],[-123.60991514,49.92684179],[-123.60999945,49.92689235],[-123.61008375,49.9269429],[-123.61015863,49.92699453],[-123.61022463,49.92704723],[-123.61025289,49.92708283],[-123.61035165,49.92719036],[-123.61043611,49.92724982],[-123.61053428,49.92730643],[-123.61064145,49.92735664],[-123.61072273,49.92738014],[-123.61079391,49.92739473],[-123.61085608,49.92740043],[-123.61092533,49.92740328],[-123.61106935,49.92737942],[-123.6112591,49.92733243],[-123.6117168,49.92719214],[-123.61265131,49.92726798],[-123.61318338,49.92782698],[-123.61351195,49.92847571],[-123.61373676,49.92908634],[-123.61406705,49.92963608],[-123.61470796,49.92999855],[-123.61556014,49.9303019],[-123.61653605,49.93044539],[-123.61751407,49.9305401],[-123.61844349,49.93070816],[-123.61935803,49.93092001],[-123.61926632,49.93101472],[-123.61917947,49.93112189],[-123.61912973,49.93124224],[-123.61911282,49.93136223],[-123.61908643,49.93147011],[-123.61906,49.93158725],[-123.6190515,49.93162642],[-123.61899819,49.93171151],[-123.61891012,49.93183115],[-123.61881827,49.93193939],[-123.61877287,49.93199458],[-123.61874057,49.93204193],[-123.61873166,49.93207469],[-123.61871935,49.93216477],[-123.61869308,49.93229081],[-123.61865325,49.93244391],[-123.61857118,49.93259737],[-123.61854464,49.93269635],[-123.61850397,49.93277753],[-123.61839483,49.93297586],[-123.6183263,49.93305739],[-123.61823069,49.93318379],[-123.61817098,49.93324396],[-123.6181068,49.93331339],[-123.61803779,49.93339172],[-123.61796002,49.93348216],[-123.61790109,49.93356334],[-123.6178322,49.93364452],[-123.61780481,49.93367158],[-123.61770874,49.93377128],[-123.61761247,49.93387952],[-123.6175852,49.93392474],[-123.61754452,49.93400592],[-123.61751685,49.93406003],[-123.61747053,49.9341843],[-123.61738358,49.93428043],[-123.61725957,49.93436126],[-123.61711791,49.93443994],[-123.61702121,49.93451222],[-123.61693858,49.9345667],[-123.61690355,49.93458948],[-123.61684181,49.93464218],[-123.61675897,49.93472051],[-123.61669018,49.93477499],[-123.61648333,49.93496476],[-123.61621528,49.93506232],[-123.61594221,49.93513852],[-123.6157282,49.93521186],[-123.61549405,49.93530301],[-123.61534654,49.93539452],[-123.61522652,49.93547819],[-123.61516218,49.93553872],[-123.61511183,49.93559284],[-123.61508037,49.93564376],[-123.61502994,49.93570108],[-123.61497943,49.9357463],[-123.61490565,49.93580077],[-123.6148088,49.93586415],[-123.61474015,49.93592753],[-123.61462018,49.93600907],[-123.61456801,49.93605428],[-123.61452721,49.93612549],[-123.61449776,49.9362227],[-123.61446706,49.93638755],[-123.61444131,49.93652285],[-123.61444134,49.93656771],[-123.61442836,49.93663963],[-123.61437833,49.93668806],[-123.61430478,49.93674823],[-123.61420773,49.93681196],[-123.61406935,49.9368846],[-123.61395835,49.93693017],[-123.61381997,49.93700281],[-123.61366759,49.93706654],[-123.61350167,49.93715733],[-123.61337699,49.93721181],[-123.61322435,49.93726379],[-123.61307621,49.93731257],[-123.61293257,49.93735815],[-123.61279403,49.93742188],[-123.61265565,49.93749452],[-123.61246233,49.93761237],[-123.61240234,49.93766079],[-123.61232433,49.93773022],[-123.61220913,49.9377968],[-123.6121026,49.93784843],[-123.61199164,49.93788475],[-123.61180853,49.93797661],[-123.61166742,49.93807061],[-123.61158198,49.93816496],[-123.6115476,49.93825291],[-123.61153746,49.93833694],[-123.61151125,49.93846084],[-123.61147754,49.93862819],[-123.61147121,49.9388379],[-123.61153292,49.93904762],[-123.61147779,49.93911669],[-123.61139984,49.93919111],[-123.61131251,49.93926445],[-123.61114701,49.93939121],[-123.61109635,49.93942752],[-123.61104995,49.93945494],[-123.61092582,49.93954823],[-123.61078786,49.93967213],[-123.61076047,49.93969919],[-123.6107236,49.93972946],[-123.61066871,49.93978073],[-123.61059523,49.93985301],[-123.61056812,49.93990713],[-123.61048637,49.94007839],[-123.61046839,49.94010545],[-123.61044542,49.94013251],[-123.61039045,49.94018698],[-123.61024868,49.9403853],[-123.61017133,49.9405117],[-123.61015346,49.94055692],[-123.61013524,49.94060178],[-123.61011721,49.9406381],[-123.61009013,49.94068297],[-123.61003488,49.94074919],[-123.60998461,49.94081542],[-123.60992541,49.94088485],[-123.60988434,49.94093612],[-123.60980601,49.94101124],[-123.6097186,49.94108067],[-123.60962691,49.94117432],[-123.60956902,49.94125051],[-123.60951877,49.94131567],[-123.60947617,49.94136979],[-123.60941677,49.94142427],[-123.60933405,49.94150545],[-123.60925071,49.94155102],[-123.60916796,49.94158734],[-123.60908465,49.94162366],[-123.60900119,49.94165107],[-123.60891773,49.94167849],[-123.60883479,49.94171516],[-123.60886628,49.94174792],[-123.60896557,49.94178317],[-123.60933772,49.94182945],[-123.60946657,49.94244008],[-123.60970069,49.94296063],[-123.6100414,49.9434356],[-123.61027653,49.94403092],[-123.6104055,49.94470173],[-123.60978194,49.94536755],[-123.60927483,49.94589094],[-123.60887552,49.94641861],[-123.60857862,49.94684303],[-123.60821579,49.94741876],[-123.60775686,49.94797171],[-123.60754855,49.9480447],[-123.60754899,49.94808066],[-123.60755002,49.94816149],[-123.60755161,49.94829643],[-123.60755316,49.94838651],[-123.60755945,49.94853321],[-123.60758378,49.94862721],[-123.60760655,49.94871693],[-123.60762812,49.94880274],[-123.60759349,49.94888605],[-123.60754796,49.94896296],[-123.60749148,49.94903453],[-123.60742304,49.94915167],[-123.60738222,49.94922395],[-123.60734116,49.94925991],[-123.60723043,49.94933254],[-123.60714309,49.94941408],[-123.60709587,49.94949206],[-123.60705213,49.94959424],[-123.60701175,49.94970248],[-123.60694458,49.94988265],[-123.60691835,49.95000869],[-123.60690656,49.95017959],[-123.60690872,49.95036866],[-123.60690932,49.95041352],[-123.60692434,49.95050324],[-123.60692506,49.95056627],[-123.60692602,49.95061148],[-123.60695901,49.95079984],[-123.60702338,49.9509946],[-123.60712806,49.95116194],[-123.60721979,49.9513154],[-123.60729858,49.95145497],[-123.60734363,49.95167929],[-123.60734451,49.95175121],[-123.60734669,49.95194027],[-123.60733945,49.95211402],[-123.60732268,49.95224612],[-123.60728215,49.95234546],[-123.60720004,49.9524715],[-123.6070819,49.95256906],[-123.60694203,49.95266484],[-123.60672961,49.95277094],[-123.60666528,49.95281616],[-123.60661661,49.9528774],[-123.60658797,49.95294968],[-123.60658011,49.95303264],[-123.60662266,49.95311346],[-123.60667984,49.95323879],[-123.60671349,49.95331357],[-123.6067375,49.95338264],[-123.60675314,49.95351723],[-123.60675488,49.95367033],[-123.60674222,49.95376931],[-123.60672529,49.9538772],[-123.6067029,49.95395838],[-123.60668959,49.95400644],[-123.60666253,49.95406662],[-123.60659395,49.95417486],[-123.60656701,49.95423788],[-123.60653062,49.95431016],[-123.60648503,49.95438208],[-123.60627882,49.95445934],[-123.60584517,49.95448961],[-123.60518518,49.95447287],[-123.60453019,49.95436926],[-123.60409408,49.95429271],[-123.60389095,49.95425497],[-123.6037934,49.95426138],[-123.60360306,49.95430731],[-123.60342864,49.95433508],[-123.60326457,49.95435395],[-123.60316754,49.95436962],[-123.60307019,49.95439098],[-123.60284771,49.95444617],[-123.60275041,49.95447358],[-123.60263923,49.95451026],[-123.60254208,49.95454657],[-123.60244529,49.95458325],[-123.60229237,49.95463772],[-123.60208441,49.95471107],[-123.6018591,49.95480008],[-123.60157595,49.95493254],[-123.60120127,49.95506641],[-123.60089102,49.95515898],[-123.60058481,49.95521346],[-123.60033406,49.95522379],[-123.59939086,49.95560619],[-123.59941417,49.95635283],[-123.59945594,49.95672419],[-123.59941387,49.95695919],[-123.59930946,49.95713864],[-123.59913852,49.95723762],[-123.5989922,49.95730135],[-123.59888273,49.95733589],[-123.59879004,49.95737826],[-123.59869787,49.95741458],[-123.59860491,49.9574452],[-123.59846626,49.95749682],[-123.59827187,49.95757266],[-123.59813032,49.95762963],[-123.59801453,49.95768197],[-123.59792576,49.95773039],[-123.597782,49.95778736],[-123.5976159,49.95785288],[-123.59742632,49.957928],[-123.59727368,49.95800954],[-123.59714568,49.95803945],[-123.59702966,49.9580779],[-123.59692653,49.95812526],[-123.59666087,49.95842256],[-123.59641442,49.95879677],[-123.59618739,49.95924753],[-123.59604388,49.95963812],[-123.59586253,49.96001376],[-123.59568113,49.96002373],[-123.5955189,49.96004224],[-123.59537545,49.96007001],[-123.59523672,49.96012485],[-123.59506577,49.96021564],[-123.59493194,49.96029718],[-123.59480736,49.96036981],[-123.59469665,49.96043319],[-123.59458575,49.96049692],[-123.59443362,49.96058772],[-123.59427538,49.96071839],[-123.59417847,49.96086971],[-123.59411196,49.9610221],[-123.59405036,49.96116238],[-123.59393063,49.96126386],[-123.59381559,49.96134646],[-123.59363081,49.96143726],[-123.59342689,49.96151025],[-123.59331871,49.96174773],[-123.59315449,49.96201513],[-123.59300414,49.96224977],[-123.59296361,49.96234911],[-123.59292272,49.96244809],[-123.59283164,49.96258659],[-123.59273095,49.96271014],[-123.59262045,49.96282728],[-123.59255209,49.96291772],[-123.5924555,49.96300816],[-123.59231781,49.96314381],[-123.59220751,49.96325241],[-123.59212479,49.96333359],[-123.59205627,49.96341513],[-123.59199257,49.96351126],[-123.59194718,49.96361345],[-123.59190515,49.96372169],[-123.59184762,49.96382993],[-123.59174207,49.96395633],[-123.59165935,49.96403751],[-123.59157699,49.96411904],[-123.59142491,49.9642547],[-123.59135658,49.96433588],[-123.59127383,49.96442632],[-123.59119111,49.96450749],[-123.5911092,49.96462499],[-123.59107427,49.964808],[-123.5910671,49.96498781],[-123.59106885,49.96514091],[-123.59105162,49.9652698],[-123.5909894,49.9653581],[-123.59090995,49.96544142],[-123.59079932,49.9655169],[-123.59066086,49.9655988],[-123.59049421,49.96567143],[-123.59036946,49.96573516],[-123.59025875,49.96579854],[-123.5901468,49.96586726],[-123.59005906,49.96594239],[-123.58999679,49.96602463],[-123.58982543,49.96632158],[-123.58963712,49.96653842],[-123.58947653,49.96669081],[-123.58935081,49.9668197],[-123.58931064,49.96692758],[-123.58924278,49.96709884],[-123.58916842,49.96720139],[-123.58910761,49.96730037],[-123.58898189,49.96742107],[-123.5889237,49.96760515],[-123.58878026,49.96789961],[-123.58863001,49.96828023],[-123.58840302,49.96873099],[-123.58817585,49.96918211],[-123.58802656,49.96963251],[-123.58795441,49.97008256],[-123.5878951,49.97053653],[-123.5877055,49.97099904],[-123.58738598,49.97147046],[-123.58752622,49.97154167],[-123.58768047,49.97162178],[-123.58787679,49.97170189],[-123.58801658,49.97173714],[-123.58821232,49.97176313],[-123.58840734,49.97178022],[-123.58861678,49.97178805],[-123.58879839,49.97178699],[-123.58900711,49.97178592],[-123.58917469,49.97178521],[-123.58941165,49.97178414],[-123.58962096,49.97177381],[-123.58978798,49.9717731],[-123.59007996,49.97181048],[-123.59037451,49.97183292],[-123.59064341,49.9719027],[-123.59084865,49.97197249],[-123.59099661,49.97203765],[-123.59112768,49.97209105],[-123.59127079,49.97213449],[-123.59142462,49.97216939],[-123.59159783,49.97226766],[-123.59173343,49.97235667],[-123.59183213,49.97243714],[-123.59193067,49.9725087],[-123.59209017,49.97260982],[-123.59222604,49.97268709],[-123.59242198,49.9727761],[-123.5925344,49.97283841],[-123.59266112,49.97293668],[-123.59278783,49.97303495],[-123.59291455,49.97313322],[-123.59306895,49.97323149],[-123.59320937,49.9733116],[-123.59336387,49.97337391],[-123.59350664,49.97351206],[-123.59361542,49.9736762],[-123.59369055,49.97386669],[-123.59376265,49.97403724],[-123.59386129,49.97412091],[-123.59400138,49.97416791],[-123.59418253,49.97417895],[-123.59444728,49.97414192],[-123.59468382,49.97409563],[-123.59492664,49.97419319],[-123.59510416,49.9742733],[-123.59524443,49.97434451],[-123.59537084,49.97442498],[-123.59553951,49.97450509],[-123.5957355,49.97458484],[-123.59593214,49.97467671],[-123.59614232,49.97478958],[-123.59644663,49.97492594],[-123.59672688,49.97504949],[-123.59695143,49.97516343],[-123.59711994,49.9752674],[-123.59721461,49.97537172],[-123.59731447,49.97545931],[-123.59742076,49.97552375],[-123.59753294,49.97556506],[-123.59770093,49.97562701],[-123.59791117,49.97569786],[-123.59810613,49.97579898],[-123.59826674,49.97589298],[-123.59844387,49.97594318],[-123.59872291,49.97591862],[-123.59902461,49.97601689],[-123.59930973,49.97604145],[-123.59999628,49.97628998],[-123.6000175,49.9768472],[-123.60004081,49.97762055],[-123.60006342,49.97830417],[-123.60010148,49.97910457],[-123.60012407,49.9798149],[-123.60014717,49.98056118],[-123.60018529,49.98136159],[-123.60021017,49.98224282],[-123.60036088,49.9827769],[-123.60068831,49.98329958],[-123.60119208,49.98381158],[-123.60121304,49.98439622],[-123.60123288,49.98498193],[-123.60113773,49.98555197],[-123.60092737,49.9861067],[-123.60143401,49.98644566],[-123.60154682,49.98653503],[-123.60167313,49.9866066],[-123.60181382,49.98669561],[-123.60196287,49.98683162],[-123.60209989,49.98703493],[-123.60222618,49.98730517],[-123.60256339,49.98790013],[-123.60299326,49.9884303],[-123.60341778,49.98891203],[-123.60393854,49.98926702],[-123.60425818,49.9896601],[-123.6045782,49.98998696],[-123.6046963,49.99038716],[-123.60491583,49.99080873],[-123.60503629,49.99138589],[-123.60515931,49.99205669],[-123.60551102,49.99342215],[-123.60564232,49.99388003],[-123.60565733,49.99396086],[-123.60567217,49.99403278],[-123.60567366,49.99414066],[-123.60567516,49.99424855],[-123.60567598,49.99431157],[-123.60567748,49.99441945],[-123.60569197,49.99447357],[-123.60570684,49.99453624],[-123.6057357,49.99461706],[-123.60576424,49.99467083],[-123.60580712,49.99476055],[-123.60583116,49.99481752],[-123.60585483,49.99487413],[-123.6058694,49.99492505],[-123.60587937,49.99496706],[-123.60589439,49.99504789],[-123.6059376,49.99516467],[-123.60596779,49.99534448],[-123.60598413,49.99552428],[-123.60599965,49.99564107],[-123.60600027,49.99572189],[-123.60600176,49.99583903],[-123.60601761,49.99598288],[-123.60601911,49.99609076],[-123.60602194,49.99629763],[-123.60602291,49.99639625],[-123.60603942,49.99659422],[-123.60604059,49.99667504],[-123.60604158,49.99675622],[-123.6060422,49.99683705],[-123.60604321,49.99690897],[-123.60604436,49.99699905],[-123.60604554,49.99707988],[-123.60602505,49.9971639],[-123.6059962,49.99724188],[-123.60595978,49.99731131],[-123.60592362,49.99737718],[-123.6058553,49.99750358],[-123.60581459,49.9975666],[-123.60577381,49.99767484],[-123.60570584,49.99781904],[-123.60562485,49.99802626],[-123.60554352,49.99821568],[-123.60553,49.99824274],[-123.60548907,49.99833282],[-123.60544042,49.99852224],[-123.60543812,49.99871095],[-123.6054458,49.99930449],[-123.60502103,49.99931766],[-123.60472707,49.9993522],[-123.60455097,49.99943409],[-123.60442503,49.99952774],[-123.60427756,49.99963455],[-123.60423617,49.99965271],[-123.60414338,49.99968297],[-123.60399953,49.9997257],[-123.6039441,49.99974421],[-123.60390271,49.99976237],[-123.60375899,49.99980795],[-123.60355503,49.99988094],[-123.60338875,49.99994467],[-123.6032333,50.00004472],[-123.60309524,50.00017717],[-123.60297474,50.00034274],[-123.6027028,50.00064396],[-123.60240715,50.00083124],[-123.60208869,50.00090495],[-123.60252041,50.0011905],[-123.60267998,50.00131547],[-123.60278143,50.00141268],[-123.6028029,50.00145291],[-123.6028173,50.00149492],[-123.6028269,50.00154584],[-123.60284148,50.00159676],[-123.60285214,50.00168363],[-123.60289572,50.00181822],[-123.60292025,50.00193785],[-123.60294882,50.00208384],[-123.60298338,50.00225154],[-123.60302448,50.00244096],[-123.60317359,50.00258017],[-123.60336256,50.00271227],[-123.60356116,50.00284294],[-123.60367107,50.00307829],[-123.60371069,50.0033699],[-123.6036622,50.00360418],[-123.60360453,50.00381033],[-123.60355083,50.00401221],[-123.60353473,50.0042173],[-123.60357936,50.004432],[-123.60366742,50.0047642],[-123.60374741,50.00520463],[-123.60375111,50.00551048],[-123.60375352,50.00567213],[-123.60374989,50.00577111],[-123.60372848,50.00591531],[-123.603715,50.00597513],[-123.60368825,50.00605026],[-123.60355098,50.00624894],[-123.6035238,50.0062849],[-123.60341427,50.00644761],[-123.60337318,50.00652879],[-123.60335066,50.00657971],[-123.6033191,50.00666374],[-123.60328315,50.00675489],[-123.60325127,50.00682004],[-123.60322413,50.00686206],[-123.60319044,50.00691725],[-123.60315572,50.00698561],[-123.60310159,50.0071145],[-123.60300627,50.00729502],[-123.60295115,50.0073673],[-123.602869,50.00749369],[-123.60281424,50.00758378],[-123.60277319,50.00762899],[-123.60267646,50.00774649],[-123.60258116,50.00791775],[-123.60249987,50.00810717],[-123.6024456,50.00824247],[-123.60241893,50.0083144],[-123.60248377,50.00869786],[-123.60261033,50.00911373],[-123.60262504,50.00917675],[-123.60268268,50.0093295],[-123.60276789,50.00945483],[-123.60282918,50.00954135],[-123.60290988,50.00966989],[-123.60297972,50.00977955],[-123.60306172,50.00988209],[-123.60320744,50.01001027],[-123.60339934,50.01009501],[-123.60355792,50.01014913],[-123.60376765,50.01017833],[-123.60372486,50.01048418],[-123.6036947,50.01066719],[-123.60367715,50.01072736],[-123.60363833,50.01096129],[-123.60359843,50.01115925],[-123.60355928,50.01133942],[-123.60353343,50.01151958],[-123.6035349,50.01174354],[-123.60357647,50.01196607],[-123.60361101,50.01216368],[-123.6036788,50.01236129],[-123.60374005,50.01252792],[-123.60382749,50.01269633],[-123.60396884,50.01285727],[-123.6041244,50.01301856],[-123.60429419,50.0131884],[-123.60444976,50.01334969],[-123.60464761,50.01353733],[-123.60478825,50.01366266],[-123.60491525,50.01376093],[-123.60502787,50.01382324],[-123.60552678,50.01389872],[-123.6059431,50.01408814],[-123.606277,50.01439221],[-123.60655232,50.01442105],[-123.60682211,50.01444063],[-123.60708748,50.01445096],[-123.60716974,50.01434379],[-123.60729434,50.01423412],[-123.60755731,50.01408885],[-123.60779346,50.01397064],[-123.60804308,50.01387059],[-123.60829327,50.01376128],[-123.6085184,50.01357115],[-123.60874801,50.0133091],[-123.60914261,50.01323504],[-123.60947172,50.01313143],[-123.60973478,50.01299826],[-123.60991427,50.01283519],[-123.61007936,50.01264542],[-123.61023041,50.012456],[-123.61034522,50.01232034],[-123.61040902,50.0122299],[-123.61015295,50.01185356],[-123.6100895,50.01158118],[-123.61021757,50.01141276],[-123.61030025,50.01135508],[-123.61036512,50.01130986],[-123.61041126,50.01127675],[-123.61061879,50.01114074],[-123.61084071,50.01103143],[-123.61090082,50.01100117],[-123.61099421,50.01093494],[-123.61109604,50.01086231],[-123.61120483,50.01078397],[-123.61126359,50.01076546],[-123.61139207,50.01074196],[-123.61167648,50.0107765],[-123.61222859,50.01078932],[-123.61287327,50.0107651],[-123.61352486,50.01052085],[-123.61409458,50.01010605],[-123.61474887,50.00973469],[-123.61549387,50.00942207],[-123.61632977,50.00916785],[-123.61716729,50.00905427],[-123.61800231,50.00900585],[-123.61830998,50.00904039],[-123.61858381,50.00864303],[-123.61858347,50.00861597],[-123.61855349,50.00843652],[-123.61857258,50.00825137],[-123.61862328,50.00807335],[-123.61875251,50.00790173],[-123.61884511,50.00773332],[-123.61893805,50.00759196],[-123.6190045,50.00746379],[-123.61914859,50.00734878],[-123.61931418,50.00720422],[-123.61951238,50.00703724],[-123.61969148,50.00685636],[-123.61949306,50.00650565],[-123.61925583,50.00627813],[-123.61904774,50.0061382],[-123.61890662,50.00601893],[-123.61885496,50.00583556],[-123.61883833,50.00563759],[-123.61912538,50.00540046],[-123.61941295,50.00511313],[-123.61970443,50.00462569],[-123.6205332,50.00469334],[-123.62120958,50.00481547],[-123.62162874,50.00487635],[-123.62181029,50.00486638],[-123.62200634,50.00481725],[-123.6222178,50.0047293],[-123.62229054,50.00460896],[-123.62239119,50.00446155],[-123.62249182,50.00434085],[-123.62254674,50.00425967],[-123.62260144,50.00420555],[-123.62264942,50.00418134],[-123.62270349,50.00415713],[-123.62278212,50.00413256],[-123.6231024,50.00406776],[-123.62330223,50.00405779],[-123.62351159,50.00405067],[-123.62372966,50.00402539],[-123.62402198,50.00396415],[-123.62422549,50.00389401],[-123.62436185,50.0038641],[-123.62450065,50.00382351],[-123.62471744,50.00379752],[-123.62508041,50.00368749],[-123.62562668,50.00358068],[-123.62628053,50.00345108],[-123.62658656,50.00337061],[-123.62679848,50.00331257],[-123.62691576,50.00327697],[-123.62712454,50.00322783],[-123.62723537,50.00320006],[-123.62742545,50.00312707],[-123.6275688,50.00308933],[-123.62773624,50.00306547],[-123.62823608,50.00301384],[-123.62890164,50.00289741],[-123.62973636,50.00271903],[-123.63057036,50.00260047],[-123.63140766,50.00248297],[-123.63224825,50.00236654],[-123.63308818,50.00220311],[-123.6339345,50.00208633],[-123.63479736,50.00200764],[-123.6353977,50.0020315],[-123.63521058,50.00242743],[-123.63512816,50.00278846],[-123.63512262,50.00282336],[-123.635111,50.00286644],[-123.6350838,50.00294762],[-123.63504821,50.00305871],[-123.63502243,50.00323887],[-123.63503153,50.00344574],[-123.63506042,50.00363444],[-123.6351279,50.00380499],[-123.6351948,50.00396023],[-123.63524802,50.00410692],[-123.63528721,50.00424472],[-123.6352988,50.00443058],[-123.63522011,50.00458973],[-123.63513204,50.0047293],[-123.63500822,50.00484787],[-123.63494296,50.00505296],[-123.63486544,50.0053054],[-123.63483978,50.00559416],[-123.63481966,50.00584802],[-123.63483512,50.0059559],[-123.63482257,50.00605204],[-123.63479586,50.00616313],[-123.63476034,50.00628027],[-123.63471985,50.00636145],[-123.63469662,50.00640346],[-123.63463262,50.00647895],[-123.63450954,50.00664131],[-123.63442706,50.00674385],[-123.63439384,50.00682182],[-123.63437312,50.0068941],[-123.63435103,50.00700483],[-123.63433476,50.00715509],[-123.63432125,50.00721811],[-123.63426815,50.00742533],[-123.63425555,50.00750616],[-123.63422874,50.00757844],[-123.63417528,50.0077586],[-123.63409374,50.00795692],[-123.63408072,50.00801389],[-123.63406788,50.00808901],[-123.63402745,50.00820295],[-123.63395984,50.00837136],[-123.63390477,50.00843438],[-123.63380395,50.00853088],[-123.63365681,50.00866083],[-123.63356848,50.00881322],[-123.63350235,50.00895529],[-123.63345759,50.00909059],[-123.63341296,50.00922874],[-123.63340125,50.00940854],[-123.63340178,50.00945376],[-123.63339008,50.00963357],[-123.63332286,50.00981872],[-123.6332415,50.00999105],[-123.63314175,50.01016872],[-123.63303702,50.01036383],[-123.63290203,50.01048667],[-123.63281166,50.01057818],[-123.63277555,50.0106533],[-123.6327491,50.01074338],[-123.63266713,50.01087477],[-123.63254668,50.01103535],[-123.63238777,50.01122512],[-123.63229109,50.01140635],[-123.63221231,50.01156159],[-123.63215199,50.01169084],[-123.63200935,50.01181759],[-123.63163752,50.0119707],[-123.63135681,50.01219109],[-123.63118274,50.01240793],[-123.63108006,50.01260233],[-123.6310226,50.01272731],[-123.63101486,50.01284125],[-123.63104719,50.01292919],[-123.6311181,50.01301856],[-123.63101726,50.01315101],[-123.6309673,50.0132354],[-123.63088615,50.01342481],[-123.63080518,50.01364984],[-123.63073789,50.01383926],[-123.63069668,50.01390228],[-123.63062368,50.01401088],[-123.63056642,50.01415294],[-123.63054846,50.01429714],[-123.63059355,50.01444669],[-123.63068262,50.01460406],[-123.63081065,50.01476215],[-123.63093356,50.01492664],[-123.63104725,50.01509078],[-123.63117529,50.01524887],[-123.63137258,50.01543366],[-123.6315843,50.01558249],[-123.63180877,50.01569536],[-123.63203447,50.01584704],[-123.6322175,50.01599872],[-123.63234475,50.01611515],[-123.63248696,50.01628498],[-123.63252907,50.01632094],[-123.63266611,50.01648188],[-123.63278437,50.01662216],[-123.63292677,50.0167475],[-123.63304456,50.01684861],[-123.63313733,50.01692623],[-123.63317495,50.01698285],[-123.63325899,50.01709927],[-123.63335965,50.0172157],[-123.633527,50.01733178],[-123.63366181,50.01743112],[-123.63375837,50.01756748],[-123.63383698,50.01776794],[-123.63389342,50.01818417],[-123.63388618,50.01869688],[-123.63389318,50.01923666],[-123.63388259,50.01948233],[-123.63391312,50.01966819],[-123.63395617,50.01974866],[-123.63404114,50.01986545],[-123.63408006,50.01997618],[-123.63415642,50.02013462],[-123.63419891,50.02018838],[-123.63429923,50.02037638],[-123.6344134,50.02057363],[-123.63452813,50.02077089],[-123.63458485,50.02085171],[-123.634767,50.02091366],[-123.63481228,50.02118319],[-123.63491373,50.02145237],[-123.635067,50.02166244],[-123.63518063,50.02182373],[-123.63524132,50.02193625],[-123.63524262,50.02202633],[-123.63522632,50.0222364],[-123.63528833,50.02243792],[-123.63537589,50.02262806],[-123.63543005,50.02272597],[-123.63547617,50.02282851],[-123.63548696,50.02291539],[-123.63550643,50.02298411],[-123.63553045,50.02303823],[-123.63557314,50.02310089],[-123.63560963,50.02315964],[-123.63564884,50.02321127],[-123.6358099,50.02331239],[-123.6360026,50.02343808],[-123.636226,50.02358904],[-123.63640181,50.0237368],[-123.63655881,50.02386498],[-123.63669664,50.02397322],[-123.63681271,50.02407042],[-123.63690367,50.02415766],[-123.63686941,50.02436203],[-123.63685332,50.02457175],[-123.63685615,50.02478751],[-123.63687225,50.02494062],[-123.63692205,50.0250631],[-123.63699192,50.02519769],[-123.63712043,50.02538283],[-123.63725763,50.02555908],[-123.63742657,50.02566411],[-123.63766963,50.02577663],[-123.6379879,50.02589662],[-123.63823782,50.02602622],[-123.6384345,50.02613019],[-123.63857868,50.02620816],[-123.63870192,50.02641752],[-123.63880921,50.02677678],[-123.63904841,50.02724605],[-123.63933747,50.02763415],[-123.63956756,50.02801548],[-123.63975298,50.02843242],[-123.64002058,50.02897042],[-123.64039014,50.02945607],[-123.64076493,50.02988369],[-123.64123723,50.03018491],[-123.64165667,50.03045053],[-123.64215743,50.03065063],[-123.64264724,50.03085358],[-123.64253777,50.0310341],[-123.64245657,50.03121461],[-123.64240328,50.03139478],[-123.6423898,50.03142184],[-123.64229419,50.03160236],[-123.64225322,50.03167428],[-123.64217145,50.03181884],[-123.64220064,50.03190251],[-123.64225824,50.03203425],[-123.64229272,50.0322048],[-123.64228363,50.03232763],[-123.64225875,50.03244478],[-123.64222791,50.03256476],[-123.64220671,50.03273887],[-123.64222333,50.03291583],[-123.64226979,50.03303226],[-123.64231457,50.03312199],[-123.64231496,50.03314905],[-123.64235906,50.03333775],[-123.64229269,50.03356278],[-123.64219729,50.03376146],[-123.64208353,50.03394482],[-123.64199298,50.03412214],[-123.64196606,50.03421222],[-123.64194388,50.03428735],[-123.64189857,50.03441054],[-123.64183104,50.03456364],[-123.64174986,50.03474416],[-123.64169287,50.03489726],[-123.64163234,50.03501476],[-123.64151089,50.03510128],[-123.64135552,50.03519314],[-123.64124106,50.0352348],[-123.64114096,50.03526934],[-123.64104497,50.03531171],[-123.64092484,50.03537829],[-123.6407684,50.03550504],[-123.64057516,50.03566206],[-123.64035357,50.03581303],[-123.64018694,50.03589492],[-123.63994206,50.03602844],[-123.63971591,50.0361673],[-123.63958198,50.03624919],[-123.63938815,50.03637025],[-123.63913441,50.03653048],[-123.63901558,50.03657819],[-123.63893116,50.03665153],[-123.63888116,50.03675052],[-123.63883459,50.03687193],[-123.63876339,50.03697732],[-123.63866646,50.03706669],[-123.63858817,50.03711013],[-123.63851375,50.03714538],[-123.63835088,50.03714929],[-123.63803992,50.03721303],[-123.63764951,50.03737895],[-123.63706563,50.03765702],[-123.63634704,50.0379999],[-123.63552221,50.03829507],[-123.63469211,50.03853932],[-123.6338571,50.03863012],[-123.63301794,50.03865967],[-123.63216616,50.03865504],[-123.63140812,50.03872233],[-123.63074397,50.03881598],[-123.63077222,50.03887259],[-123.63082946,50.03897727],[-123.63091017,50.03909085],[-123.63096239,50.03915957],[-123.63098612,50.03918342],[-123.63102886,50.03924609],[-123.63108661,50.03938067],[-123.63110131,50.03945936],[-123.63111809,50.0395352],[-123.63113586,50.03960819],[-123.63120272,50.03972177],[-123.6313444,50.03989197],[-123.63146578,50.04004222],[-123.63152765,50.0401558],[-123.63152103,50.04022879],[-123.63149098,50.04029074],[-123.63144785,50.04034095],[-123.63137511,50.04044919],[-123.63127405,50.04056882],[-123.63115624,50.04067635],[-123.63102092,50.04077213],[-123.63090964,50.04082945],[-123.63093435,50.04092559],[-123.63101857,50.04107691],[-123.63110743,50.04123713],[-123.63120128,50.04140661],[-123.6312547,50.04158321],[-123.63128555,50.04180788],[-123.63131502,50.04191577],[-123.63135854,50.04202329],[-123.63152835,50.04221129],[-123.63159914,50.04229496],[-123.63165613,50.04237543],[-123.63172326,50.04250397],[-123.63177135,50.04263286],[-123.63184279,50.04274929],[-123.63187207,50.04283901],[-123.63190196,50.04300992],[-123.63191838,50.04319862],[-123.63196292,50.04340513],[-123.63203547,50.04359669],[-123.63212536,50.04372416],[-123.63222975,50.04384735],[-123.6323617,50.04396058],[-123.63255867,50.04410335],[-123.63278427,50.04423723],[-123.63288246,50.04429064],[-123.63308281,50.04443128],[-123.6332726,50.04458224],[-123.63341965,50.04477344],[-123.63353804,50.04493758],[-123.63368536,50.04503977],[-123.63388468,50.04509175],[-123.63413618,50.04509318],[-123.63434454,50.04514587],[-123.63452198,50.0451829],[-123.63466849,50.04520427],[-123.63494563,50.04538763],[-123.63530307,50.04568957],[-123.63569102,50.04601927],[-123.63600219,50.04630625],[-123.63617891,50.04653199],[-123.63632239,50.0467093],[-123.63655457,50.0467919],[-123.6368295,50.04693824],[-123.63714774,50.04714831],[-123.63743886,50.0473655],[-123.63774196,50.04761296],[-123.63804237,50.04791383],[-123.63803074,50.04808473],[-123.63803461,50.04839984],[-123.63825447,50.04847034],[-123.63841299,50.04857857],[-123.63848419,50.04870996],[-123.63851874,50.0488538],[-123.63850492,50.0489948],[-123.63856275,50.04912939],[-123.63864249,50.0492686],[-123.63884557,50.04951962],[-123.63850501,50.04966809],[-123.63828067,50.04973254],[-123.6381809,50.04971189],[-123.63814921,50.04964922],[-123.63798996,50.0493683],[-123.63774622,50.04911764],[-123.63708067,50.0488976],[-123.63642042,50.04872847],[-123.63577034,50.04873097],[-123.63521901,50.048721],[-123.63457172,50.04882639],[-123.63382363,50.04892644],[-123.63308056,50.04906245],[-123.63242703,50.04919383],[-123.63195866,50.04919454],[-123.63148989,50.04919704],[-123.63102339,50.04913971],[-123.63037987,50.04919383],[-123.62964073,50.04936474],[-123.62882653,50.04954526],[-123.62803669,50.0496713],[-123.6274816,50.04960757],[-123.62691284,50.04954348],[-123.62633002,50.04947974],[-123.62544994,50.04946657],[-123.62488486,50.04994012],[-123.62441093,50.05035563],[-123.62393652,50.05065472],[-123.62356357,50.0509538],[-123.62310373,50.05119698],[-123.62273994,50.0515007],[-123.62237443,50.05180655],[-123.62210458,50.05217363],[-123.62141943,50.05211453],[-123.62105681,50.05203727],[-123.620781,50.05197282],[-123.62059274,50.05192084],[-123.62028303,50.05186066],[-123.61992844,50.05180761],[-123.61952898,50.05176168],[-123.61914792,50.05182364],[-123.61887042,50.05196713],[-123.61873209,50.05229078],[-123.61868923,50.05273157],[-123.61851975,50.0531542],[-123.61824933,50.05352129],[-123.61787943,50.0538332],[-123.61731767,50.05434271],[-123.61675627,50.05485257],[-123.61619093,50.05517622],[-123.61560492,50.05547032],[-123.61522106,50.05566402],[-123.61545784,50.05600476],[-123.61566398,50.0561924],[-123.61582481,50.05630562],[-123.61599835,50.05636437],[-123.61619423,50.05640532],[-123.61651696,50.05652068],[-123.61678383,50.05661824],[-123.61703669,50.05674286],[-123.61723404,50.05689845],[-123.61738519,50.05706259],[-123.61747331,50.05724596],[-123.61752088,50.05744179],[-123.61750947,50.05766681],[-123.6174966,50.05772983],[-123.61748337,50.05780175],[-123.61748376,50.05782881],[-123.61743504,50.0580428],[-123.61733591,50.05827317],[-123.61718968,50.05851066],[-123.61709553,50.05867515],[-123.61704885,50.0587752],[-123.617079,50.05895501],[-123.6170972,50.0590458],[-123.61714077,50.05916259],[-123.61721678,50.05928507],[-123.61729376,50.0593666],[-123.61736432,50.05942713],[-123.61743086,50.05952291],[-123.61747391,50.05960053],[-123.61750746,50.05968135],[-123.61752292,50.05978034],[-123.61769419,50.05993807],[-123.61779192,50.06017057],[-123.61781593,50.06047713],[-123.61778172,50.06072601],[-123.61778509,50.06097204],[-123.61775035,50.06119102],[-123.61778047,50.0613637],[-123.61785252,50.0615193],[-123.61796614,50.06165745],[-123.61811177,50.06175572],[-123.61828997,50.06187179],[-123.61850148,50.06200531],[-123.61871341,50.0621844],[-123.61888299,50.06234534],[-123.61891131,50.06237204],[-123.61908109,50.06254188],[-123.61922754,50.06269427],[-123.61938582,50.06280821],[-123.61956558,50.06291111],[-123.61981333,50.06299691],[-123.61993088,50.06306599],[-123.62010528,50.06312118],[-123.62033745,50.06316177],[-123.62059858,50.06308059],[-123.62088944,50.06301116],[-123.62121003,50.06295348],[-123.62166683,50.06299407],[-123.62197219,50.06305531],[-123.62212555,50.0631372],[-123.62224837,50.06330775],[-123.62240445,50.06345053],[-123.62258792,50.06362072],[-123.62272428,50.06372184],[-123.6228278,50.0637902],[-123.62311913,50.06387957],[-123.62337532,50.0639992],[-123.62356377,50.06415088],[-123.62368651,50.06430719],[-123.62376627,50.06435169],[-123.62382737,50.06437626],[-123.62388375,50.0643962],[-123.62402065,50.06456639],[-123.62423308,50.06476009],[-123.62443545,50.06494879],[-123.62455387,50.06510902],[-123.62447538,50.06526924],[-123.62436186,50.0654729],[-123.62427165,50.06573424],[-123.62431021,50.06603974],[-123.62454615,50.06617539],[-123.62470993,50.06635235],[-123.6249298,50.06678887],[-123.62524935,50.06722468],[-123.62567945,50.06759426],[-123.62633547,50.0677997],[-123.62699084,50.06793216],[-123.62763397,50.06805749],[-123.62808347,50.06825296],[-123.62836946,50.06838327],[-123.62865225,50.06852676],[-123.62890415,50.06868022],[-123.62923214,50.06882941],[-123.62960184,50.06894334],[-123.62957336,50.06925809],[-123.62960849,50.06946496],[-123.62963406,50.06961949],[-123.62964526,50.06979146],[-123.62964036,50.07012117],[-123.62964182,50.07056587],[-123.62968964,50.07101415],[-123.62987125,50.071388],[-123.63016361,50.07127869],[-123.6303896,50.07099065],[-123.63070324,50.07075209],[-123.63110397,50.07056303],[-123.6312779,50.070547],[-123.63146744,50.07053703],[-123.63162244,50.07055412],[-123.63174847,50.07056837],[-123.63184321,50.07057478],[-123.63191028,50.07056766],[-123.63197017,50.07054914],[-123.63212379,50.07052137],[-123.63226431,50.07060148],[-123.63246126,50.07069939],[-123.6326725,50.07082437],[-123.63287006,50.07094899],[-123.63294042,50.07099349],[-123.63308144,50.07107681],[-123.6332361,50.07114197],[-123.63339468,50.07117615],[-123.63354425,50.07119716],[-123.63364665,50.07119965],[-123.6338054,50.0712438],[-123.63404064,50.0713912],[-123.63435087,50.07164258],[-123.63491168,50.07212218],[-123.63555388,50.07241236],[-123.6362877,50.07259822],[-123.63711315,50.07267976],[-123.63788303,50.07275631],[-123.63798966,50.07310061],[-123.63806728,50.07331317],[-123.63809656,50.07342996],[-123.63810817,50.07358271],[-123.63811985,50.07377141],[-123.63828925,50.07391134],[-123.6384167,50.07403952],[-123.63844583,50.07411429],[-123.63850349,50.07423713],[-123.63861743,50.07441622],[-123.63875926,50.07457752],[-123.6389288,50.07472029],[-123.63900896,50.07478581],[-123.63909848,50.07484527],[-123.63935379,50.07503077],[-123.6395384,50.07521877],[-123.63965086,50.0754089],[-123.63978082,50.07571404],[-123.63982911,50.07583367],[-123.63987178,50.07591734],[-123.63990992,50.07596505],[-123.63999438,50.07601846],[-123.64008836,50.07608718],[-123.64020025,50.07620824],[-123.64028253,50.07629974],[-123.6403343,50.07636134],[-123.64038625,50.07641225],[-123.64044799,50.07647492],[-123.64056096,50.07656714],[-123.64066422,50.0766444],[-123.6408145,50.07673947],[-123.64095577,50.07683168],[-123.64107304,50.07689114],[-123.64118073,50.0769385],[-123.64131227,50.07700651],[-123.64148876,50.07711475],[-123.64166903,50.07723865],[-123.64186454,50.07738891],[-123.6419158,50.07743804],[-123.6419663,50.07749786],[-123.64207323,50.07762817],[-123.64221214,50.07776917],[-123.64240925,50.07790305],[-123.64245262,50.07798957],[-123.64248199,50.0780825],[-123.64250319,50.07828972],[-123.64252687,50.07831998],[-123.64255512,50.07834277],[-123.64270006,50.07836627],[-123.64290558,50.07840401],[-123.64315025,50.07848555],[-123.6433969,50.07858097],[-123.64362239,50.07874155],[-123.64369335,50.07879531],[-123.64374504,50.07882095],[-123.64379149,50.07883982],[-123.64384793,50.07884837],[-123.64394563,50.07886581],[-123.64402503,50.07888326],[-123.64408592,50.07890106],[-123.64422205,50.07898224],[-123.64438286,50.07914033],[-123.64456744,50.07937497],[-123.64451852,50.07954338],[-123.64450923,50.07967832],[-123.64452177,50.079783],[-123.64458854,50.07990548],[-123.64461734,50.07995925],[-123.64463688,50.08003438],[-123.64462246,50.08012624],[-123.64458374,50.08023234],[-123.6444879,50.08038794],[-123.64445563,50.08054602],[-123.6444875,50.0807066],[-123.64458832,50.08093091],[-123.64472469,50.08099928],[-123.64489759,50.08107298],[-123.64498651,50.08110574],[-123.64507132,50.08114099],[-123.64514588,50.08117054],[-123.64523494,50.08120614],[-123.64535637,50.08124139],[-123.64552962,50.08128554],[-123.64564217,50.08132079],[-123.64582001,50.0813977],[-123.64600756,50.08148956],[-123.6460496,50.08150736],[-123.64617155,50.08157573],[-123.64629426,50.08165299],[-123.64641608,50.08173915],[-123.64654853,50.08186128],[-123.6466427,50.08196275],[-123.64668561,50.08203468],[-123.64670032,50.08207028],[-123.64672913,50.08212405],[-123.64687127,50.08229424],[-123.64695208,50.08242883],[-123.64699986,50.08251855],[-123.64708626,50.08271296],[-123.64720047,50.08290416],[-123.64735327,50.08303696],[-123.64747553,50.08312954],[-123.64757512,50.08318686],[-123.64766641,50.08324312],[-123.64782167,50.08333213],[-123.6480467,50.08343895],[-123.64830442,50.08356962],[-123.64853966,50.08370599],[-123.64869946,50.08383096],[-123.64880814,50.08393849],[-123.64893534,50.08404566],[-123.64909179,50.08423366],[-123.6493285,50.0843921],[-123.64954364,50.08456692],[-123.64968701,50.08473177],[-123.64979952,50.0848952],[-123.64996562,50.08499917],[-123.65007214,50.08507358],[-123.65011927,50.08512735],[-123.65016718,50.08519001],[-123.64955152,50.08549622],[-123.64897189,50.08573228],[-123.64839172,50.0858836],[-123.64804442,50.08581738],[-123.6476814,50.08571946],[-123.64727575,50.08560588],[-123.64687726,50.08554713],[-123.6466348,50.08552435],[-123.64650415,50.08550726],[-123.64638777,50.08549871],[-123.64621518,50.08549978],[-123.64603856,50.08551865],[-123.64582474,50.08554998],[-123.64564813,50.08559983],[-123.64547657,50.0856568],[-123.64539324,50.08569311],[-123.64528197,50.08572979],[-123.6452402,50.08575898],[-123.64518475,50.08580848],[-123.64508901,50.08592882],[-123.64501071,50.08600431],[-123.64488141,50.08611895],[-123.64473014,50.08627241],[-123.64468842,50.08630873],[-123.64463783,50.08634505],[-123.64459168,50.08638136],[-123.64450091,50.08644082],[-123.64436052,50.08652343],[-123.64420576,50.08658218],[-123.64410991,50.08661493],[-123.64393215,50.08666692],[-123.64370663,50.08675201],[-123.64339841,50.08694143],[-123.64310585,50.0871451],[-123.64298178,50.08723553],[-123.64271547,50.087222],[-123.64239503,50.08726687],[-123.64206376,50.08735873],[-123.64172222,50.08749759],[-123.64156394,50.0876393],[-123.64156682,50.08773721],[-123.64173085,50.08779133],[-123.64176926,50.08787785],[-123.64178901,50.08795262],[-123.64153157,50.08809504],[-123.64110441,50.08821147],[-123.64050773,50.08830155],[-123.63995336,50.08831081],[-123.63969713,50.08835389],[-123.63950922,50.08843507],[-123.63934125,50.08857002],[-123.63912441,50.08873807],[-123.63875429,50.08892287],[-123.63793586,50.08941315],[-123.63737228,50.08989596],[-123.63690564,50.0903161],[-123.6365363,50.09067393],[-123.63626633,50.09104102],[-123.63552508,50.0913928],[-123.63487507,50.09169046],[-123.63440984,50.09199951],[-123.63394205,50.09230714],[-123.63356672,50.09273085],[-123.63309919,50.09320012],[-123.63263384,50.09372316],[-123.63211188,50.09417393],[-123.63166733,50.09449509],[-123.63136161,50.09463537],[-123.63116896,50.09466955],[-123.63101517,50.09466243],[-123.63079136,50.09465958],[-123.63062394,50.09466955],[-123.630512,50.09467026],[-123.63035865,50.09467988],[-123.63026079,50.09468949],[-123.63014407,50.0946991],[-123.62999885,50.09472972],[-123.62978645,50.09478206],[-123.62956342,50.09481909],[-123.62947965,50.09483761],[-123.62928394,50.09485683],[-123.62920015,50.09486609],[-123.62896298,50.09489742],[-123.62869776,50.0949138],[-123.62865594,50.09491416],[-123.62859517,50.09490846],[-123.62853441,50.09490277],[-123.6284364,50.09490027],[-123.62832008,50.09489778],[-123.62817053,50.09488069],[-123.628068,50.09487214],[-123.6278494,50.09488852],[-123.62768198,50.09491914],[-123.62752401,50.09495902],[-123.62731493,50.0950021],[-123.62724932,50.09500851],[-123.62716082,50.09501207],[-123.62696531,50.09503094],[-123.62664476,50.09506869],[-123.62662221,50.09514987],[-123.6265937,50.09520292],[-123.62656271,50.0952492],[-123.62626479,50.0953667],[-123.62601,50.09550307],[-123.62578227,50.09564691],[-123.62559622,50.09579788],[-123.62543988,50.0959638],[-123.62533026,50.09615536],[-123.62521647,50.09635261],[-123.62506484,50.09652423],[-123.62492088,50.09665988],[-123.62480699,50.09676955],[-123.62477968,50.09679661],[-123.62473838,50.09685073],[-123.62453019,50.09697784],[-123.62367781,50.09666878],[-123.62281835,50.09648755],[-123.62206283,50.09648364],[-123.62141684,50.09659295],[-123.62094049,50.09666238],[-123.62054081,50.0966346],[-123.62021799,50.09650927],[-123.61990046,50.09637825],[-123.61952476,50.0962522],[-123.61907622,50.09617387],[-123.61879633,50.09614112],[-123.61855532,50.09611762],[-123.61835437,50.09608878],[-123.61815632,50.09603181],[-123.61798762,50.09596879],[-123.61780083,50.0959136],[-123.61757042,50.09588689],[-123.61735752,50.09587408],[-123.61691936,50.09586731],[-123.61643856,50.0958139],[-123.61589668,50.09561914],[-123.61522845,50.09535282],[-123.614444,50.09508898],[-123.61388139,50.09497718],[-123.6133197,50.09487606],[-123.61266219,50.09483547],[-123.61190472,50.09478776],[-123.61109419,50.09480983],[-123.61022776,50.09483262],[-123.60938334,50.09476497],[-123.60853499,50.09476034],[-123.60771107,50.09469483],[-123.60688076,50.09463501],[-123.60613342,50.09452001],[-123.60547558,50.09446767],[-123.60491967,50.09434554],[-123.60427567,50.09428501],[-123.60353725,50.09422876],[-123.60269815,50.09421523],[-123.60184334,50.09429071],[-123.60099895,50.09435302],[-123.60025624,50.09446874],[-123.5996076,50.09452001],[-123.5990977,50.09461151],[-123.59861475,50.09462611],[-123.59815497,50.0946286],[-123.59789413,50.09466777],[-123.59765775,50.09474503],[-123.59752063,50.09495653],[-123.59732874,50.09515841],[-123.59708264,50.09535068],[-123.59694552,50.09556217],[-123.5968533,50.09575729],[-123.59680577,50.09593638],[-123.59665348,50.09607809],[-123.59644514,50.09619915],[-123.59602788,50.09634228],[-123.59544671,50.09649503],[-123.59487159,50.0967108],[-123.59518436,50.09709605],[-123.59576986,50.09721995],[-123.59619597,50.09726873],[-123.59643362,50.09727372],[-123.59656557,50.09727194],[-123.59670113,50.09728511],[-123.59685182,50.09728048],[-123.59701782,50.0972577],[-123.59705944,50.09724844],[-123.59711547,50.09722992],[-123.59729295,50.09726731],[-123.59742384,50.09730256],[-123.59750796,50.09733603],[-123.59759266,50.09740866],[-123.59771999,50.09752687],[-123.59788033,50.09768175],[-123.59803138,50.09782809],[-123.59821009,50.09794986],[-123.59834199,50.09805134],[-123.59828579,50.09827031],[-123.59839053,50.09847077],[-123.59856478,50.09862458],[-123.59873461,50.09878658],[-123.5987931,50.0989874],[-123.59883244,50.09925372],[-123.59884861,50.09945169],[-123.59890209,50.09964325],[-123.59897936,50.09982875],[-123.59900839,50.09990067],[-123.5990494,50.10007621],[-123.59911514,50.10026563],[-123.59924623,50.10044294],[-123.59941435,50.10059889],[-123.59961986,50.10073383],[-123.59983064,50.1008435],[-123.59998779,50.10095174],[-123.60013194,50.1010728],[-123.6002545,50.10118032],[-123.6003486,50.10124584],[-123.60050861,50.1013498],[-123.60070646,50.10151964],[-123.60081283,50.10171405],[-123.60098821,50.10192981],[-123.60123164,50.10216766],[-123.60171196,50.10256679],[-123.60234681,50.10298622],[-123.60257222,50.10351567],[-123.60291522,50.10395967],[-123.60326792,50.10434848],[-123.60339664,50.10445494],[-123.60349857,50.10451831],[-123.60356878,50.10454466],[-123.60366755,50.10459843],[-123.60382273,50.10470524],[-123.60385084,50.10472625],[-123.60389659,50.10476506],[-123.60395442,50.10482167],[-123.60406356,50.104947],[-123.60411173,50.10508764],[-123.60415096,50.10525214],[-123.60437476,50.10547396],[-123.60453174,50.10574883],[-123.60462318,50.10607747],[-123.60459057,50.10646129],[-123.60466295,50.10664573],[-123.6048143,50.10682268],[-123.60478945,50.10708367],[-123.60472653,50.10726989],[-123.60464016,50.10745325],[-123.60457303,50.10765763],[-123.60455188,50.10783637],[-123.60454887,50.10798448],[-123.60454931,50.10801154],[-123.60456415,50.10809237],[-123.60466442,50.10828072],[-123.60424484,50.1086357],[-123.60390502,50.10902202],[-123.60353612,50.10937878],[-123.60297185,50.10973235],[-123.60236926,50.11012828],[-123.60189768,50.11053453],[-123.60172995,50.11092192],[-123.60164033,50.11120533],[-123.60155734,50.11141754],[-123.60144262,50.11154109],[-123.60137816,50.11161657],[-123.60131364,50.11170666],[-123.60122229,50.111827],[-123.6010437,50.11196194],[-123.60082433,50.11209012],[-123.60049501,50.1122297],[-123.60011505,50.11239633],[-123.59988342,50.11252664],[-123.5996568,50.11267761],[-123.59950437,50.1127773],[-123.59924051,50.11294073],[-123.59900232,50.11328361],[-123.5988426,50.1135332],[-123.59876079,50.11368951],[-123.59853814,50.11378351],[-123.59833,50.11391454],[-123.59815258,50.1140566],[-123.5980068,50.11420899],[-123.5979297,50.11435034],[-123.59784162,50.11441194],[-123.59769849,50.11449846],[-123.59727297,50.11467649],[-123.59678877,50.1148449],[-123.59633209,50.11499515],[-123.59601855,50.11515182],[-123.59580135,50.11530278],[-123.59541307,50.1155716],[-123.59507387,50.11580802],[-123.59477609,50.11606652],[-123.59436161,50.11651835],[-123.59387785,50.11695237],[-123.59358795,50.11727781],[-123.59318681,50.11766662],[-123.59291046,50.11793793],[-123.59243343,50.11836768],[-123.59219108,50.11857989],[-123.591832,50.11892348],[-123.59155642,50.11917272],[-123.59135243,50.11938172],[-123.59131059,50.11965374],[-123.59128642,50.1200778],[-123.59120797,50.12053675],[-123.59123893,50.12076427],[-123.59121877,50.12100425],[-123.59111575,50.12125064],[-123.59098193,50.12149133],[-123.59090394,50.12197734],[-123.59093758,50.12242098],[-123.59096682,50.12289453],[-123.59099165,50.12339799],[-123.59099945,50.12367073],[-123.59097575,50.12401859],[-123.59095599,50.12427958],[-123.59092789,50.12465735],[-123.59091304,50.12497637],[-123.59094026,50.12527189],[-123.59100417,50.12556528],[-123.59106438,50.12588003],[-123.59136064,50.12599326],[-123.59166913,50.12613746],[-123.59213403,50.12643191],[-123.59242412,50.12672922],[-123.59269208,50.12706462],[-123.59284607,50.12741782],[-123.59371849,50.12781802],[-123.5938866,50.12787108],[-123.59440297,50.12823211],[-123.59497318,50.12858496],[-123.59569109,50.12894101],[-123.5965214,50.12935047],[-123.59694829,50.1295463],[-123.59744999,50.12974142],[-123.59798347,50.12991873],[-123.59778687,50.1302196],[-123.59762839,50.13058597],[-123.59721068,50.1310079],[-123.59686955,50.13144442],[-123.59646936,50.13193506],[-123.59606637,50.13249192],[-123.59578243,50.13305983],[-123.59562275,50.13357325],[-123.59557393,50.13417605],[-123.5955272,50.13489599],[-123.59549111,50.13537274],[-123.59558055,50.13572025],[-123.5959204,50.13604212],[-123.5966092,50.13629349],[-123.59751993,50.13649573],[-123.59781664,50.13674283],[-123.5979548,50.13694899],[-123.59802727,50.13716369],[-123.59800906,50.13743037],[-123.59811363,50.13775082],[-123.59820537,50.13808586],[-123.5983345,50.13837818],[-123.59841367,50.13861353],[-123.59848546,50.13876022],[-123.59854393,50.13892757],[-123.59855994,50.13909847],[-123.59853489,50.1393324],[-123.59851023,50.13962045],[-123.59844308,50.13983657],[-123.59837425,50.13994303],[-123.59830621,50.14008011],[-123.59820541,50.14034857],[-123.59805918,50.14059817],[-123.59785199,50.1408061],[-123.59761765,50.14096526],[-123.59739471,50.14107421],[-123.59718232,50.14123906],[-123.59699336,50.1414089],[-123.59682628,50.14149969],[-123.59628512,50.14184435],[-123.59610705,50.142027],[-123.59588806,50.1422093],[-123.59557309,50.14237273],[-123.59522512,50.14252726],[-123.59493693,50.14260666],[-123.59434888,50.14271063],[-123.59385807,50.14289008],[-123.59333568,50.14316352],[-123.59266689,50.14350889],[-123.59221697,50.14384501],[-123.59167635,50.14412237],[-123.59094173,50.1443182],[-123.59053821,50.1445151],[-123.59001363,50.14476362],[-123.58936928,50.14506342],[-123.58863516,50.14531622],[-123.58813946,50.14549852],[-123.58776373,50.14566123],[-123.58762599,50.1458567],[-123.58736593,50.14606784],[-123.5872192,50.1464125],[-123.5870674,50.14683798],[-123.58702991,50.14720685],[-123.58699481,50.14776479],[-123.58697036,50.14805248],[-123.5869458,50.14831347],[-123.586922,50.14867343],[-123.58689937,50.14909642],[-123.58654168,50.14947598],[-123.58629297,50.14987297],[-123.58656537,50.1502981],[-123.58677901,50.15071575],[-123.58643547,50.15084642],[-123.58626353,50.15091621],[-123.58607706,50.15130288],[-123.58581553,50.15166997],[-123.58547949,50.15201748],[-123.58482599,50.15202994],[-123.58439768,50.15208976],[-123.58400115,50.15222078],[-123.58363659,50.15242267],[-123.58314464,50.15251097],[-123.58268704,50.152616],[-123.5824947,50.15293182],[-123.58229026,50.15337368],[-123.58219456,50.1535809],[-123.5820985,50.15374326],[-123.58183721,50.1540954],[-123.58139897,50.15451732],[-123.58104298,50.15481605],[-123.58076999,50.15499123],[-123.58098223,50.15516106],[-123.58102458,50.15518777],[-123.58146729,50.15554524],[-123.58177445,50.15586747],[-123.58194568,50.15610959],[-123.58219206,50.15642291],[-123.58244371,50.15678751],[-123.58275792,50.15730165],[-123.58301596,50.15778588],[-123.58330234,50.15832708],[-123.58350491,50.15886294],[-123.58367927,50.15936853],[-123.58376115,50.1598549],[-123.58379327,50.16030353],[-123.58364513,50.16078669],[-123.5834922,50.16129122],[-123.583429,50.16184915],[-123.58318638,50.16260576],[-123.58295619,50.1629757],[-123.58281659,50.16330006],[-123.58256887,50.16363119],[-123.58234715,50.16383307],[-123.58244542,50.16421654],[-123.58268426,50.16468297],[-123.58306462,50.16523272],[-123.58339578,50.16562971],[-123.58362004,50.16600321],[-123.58380853,50.16655118],[-123.58395913,50.16703612],[-123.58399908,50.16752427],[-123.58398024,50.16801633],[-123.58387326,50.16841262],[-123.58368255,50.16885412],[-123.58344363,50.16917101],[-123.58328925,50.16950855],[-123.58321884,50.16986674],[-123.58317961,50.17010672],[-123.5831534,50.17025092],[-123.5831069,50.17065575],[-123.5831069,50.17101536],[-123.58303107,50.17133082],[-123.58295105,50.17164273],[-123.58286625,50.17195214],[-123.58277075,50.17218927],[-123.58255178,50.17259232],[-123.58288557,50.17291526],[-123.58324071,50.17322431],[-123.5837473,50.17341373],[-123.58420791,50.17364018],[-123.5847967,50.17383494],[-123.58525973,50.17415539],[-123.58582605,50.17443667],[-123.58614863,50.17472151],[-123.58647343,50.17493692],[-123.58659184,50.17519613],[-123.58690946,50.17546744],[-123.58730551,50.17577293],[-123.58772206,50.17599974],[-123.58809887,50.17616174],[-123.58917075,50.17637537],[-123.59025128,50.17653453],[-123.59131744,50.1767122],[-123.59239706,50.17679943],[-123.59329941,50.17689379],[-123.59411424,50.1769917],[-123.59475574,50.1770095],[-123.59540309,50.17703193],[-123.59600704,50.17692583],[-123.59674106,50.17689236],[-123.59748008,50.1768475],[-123.59830126,50.17695432],[-123.59911754,50.17703087],[-123.59995905,50.17711739],[-123.60052846,50.17709958],[-123.60084093,50.17708605],[-123.60167032,50.17685284],[-123.60249972,50.17672644],[-123.60332896,50.17670721],[-123.60416413,50.17667588],[-123.60502362,50.1765566],[-123.60586932,50.17638214],[-123.60663223,50.17617955],[-123.60729266,50.17597624],[-123.60775112,50.17571098],[-123.60821053,50.17549165],[-123.60867466,50.17525523],[-123.60933495,50.17504801],[-123.61002806,50.1748885],[-123.61097938,50.17478453],[-123.61152986,50.17428001],[-123.61201566,50.17369074],[-123.61249204,50.17370641],[-123.61254782,50.17370605],[-123.61259026,50.17370569],[-123.61290961,50.17389618],[-123.61349257,50.17417782],[-123.6143373,50.17455096],[-123.61518138,50.1744915],[-123.6160268,50.17450218],[-123.61687265,50.17458265],[-123.61650212,50.17494333],[-123.61650395,50.17532502],[-123.61696695,50.17565116],[-123.61770685,50.17595132],[-123.61851746,50.17618382],[-123.61835505,50.17647151],[-123.61839997,50.17672609],[-123.61865387,50.17694755],[-123.61939808,50.17712344],[-123.62016545,50.17726337],[-123.62094829,50.17749694],[-123.62163308,50.17773193],[-123.62212465,50.17798722],[-123.62255455,50.17811576],[-123.6228927,50.17828275],[-123.62323806,50.17840096],[-123.62346145,50.17857151],[-123.62365565,50.17866052],[-123.62381668,50.17873671],[-123.62405606,50.17881611],[-123.62430944,50.17891403],[-123.62452064,50.1790066],[-123.62473202,50.17911235],[-123.62492987,50.17924338],[-123.62508546,50.1793744],[-123.62522726,50.17951148],[-123.62525577,50.17953819],[-123.62536939,50.17966352],[-123.62609434,50.17974363],[-123.62680138,50.17992059],[-123.62743401,50.18011606],[-123.62789839,50.18039841],[-123.62836304,50.18056184],[-123.62873262,50.18073773],[-123.62919702,50.18080502],[-123.62966421,50.18093462],[-123.63023569,50.18095456],[-123.63071717,50.18090578],[-123.63104488,50.18073808],[-123.6312646,50.18060492],[-123.63157223,50.18046748],[-123.63199781,50.18028625],[-123.63248888,50.18001174],[-123.63295152,50.17966565],[-123.63332882,50.17936372],[-123.63354008,50.17909882],[-123.63368874,50.17893219],[-123.63376622,50.17881754],[-123.63386496,50.17874419],[-123.63396487,50.17864165],[-123.63406575,50.17851026],[-123.63417538,50.17833865],[-123.63429899,50.17814923],[-123.63441851,50.17799862],[-123.6345429,50.17786901],[-123.6346579,50.17774867],[-123.63482407,50.1775888],[-123.63485129,50.17755248],[-123.63503153,50.17738087],[-123.63516431,50.17719714],[-123.63527861,50.17701057],[-123.63537387,50.17682115],[-123.63541953,50.17673997],[-123.63549723,50.17662283],[-123.63557957,50.17650533],[-123.63574531,50.17632446],[-123.63592571,50.17617955],[-123.63605175,50.17605208],[-123.63620669,50.17591215],[-123.63644747,50.17575727],[-123.63678619,50.17560844],[-123.63699381,50.17542721],[-123.63718765,50.17523743],[-123.63736774,50.17510142],[-123.63754814,50.17495651],[-123.6377422,50.17480269],[-123.63790746,50.17462894],[-123.63809593,50.17438896],[-123.63837211,50.17408169],[-123.63887074,50.17379506],[-123.63947973,50.17361383],[-123.64013386,50.17353942],[-123.64065155,50.17351841],[-123.64133797,50.17354155],[-123.64203415,50.1735558],[-123.64252429,50.17355615],[-123.64278099,50.17356577],[-123.64301955,50.17358642],[-123.64384861,50.17381571],[-123.64378671,50.17407065],[-123.64369201,50.17421022],[-123.64358904,50.1743206],[-123.64350572,50.17436617],[-123.64345511,50.17439323],[-123.64339454,50.17442955],[-123.64323303,50.17455061],[-123.64309886,50.17466526],[-123.6430445,50.17478453],[-123.64300878,50.17490844],[-123.64299162,50.17499247],[-123.6429701,50.17513346],[-123.64297627,50.17524455],[-123.64297259,50.17533143],[-123.64297417,50.17542721],[-123.64301325,50.1755682],[-123.64306638,50.17569959],[-123.64311893,50.17580712],[-123.64314796,50.17588794],[-123.64318339,50.17608982],[-123.64320009,50.17629241],[-123.6431426,50.17649964],[-123.64312094,50.17663885],[-123.64314633,50.17677949],[-123.64321298,50.17689913],[-123.6432983,50.17699633],[-123.64342874,50.17707466],[-123.64361378,50.17717151],[-123.64372671,50.17724307],[-123.64388173,50.17731393],[-123.64400359,50.17735844],[-123.64417751,50.17742929],[-123.64424766,50.1774738],[-123.64431874,50.17754358],[-123.64445589,50.17767176],[-123.64465909,50.17785833],[-123.64491499,50.17811789],[-123.64504518,50.17830482],[-123.64512562,50.17849745],[-123.64511874,50.17869221],[-123.64507932,50.17888127],[-123.64505356,50.17906143],[-123.64504077,50.17913941],[-123.64502854,50.1792683],[-123.64496131,50.17948442],[-123.6449219,50.17967349],[-123.64492394,50.17985365],[-123.64494025,50.18000924],[-123.64495114,50.18010217],[-123.64495572,50.18013208],[-123.64497087,50.18021291],[-123.64497141,50.18023997],[-123.64496264,50.18026987],[-123.64491403,50.18035141],[-123.64486264,50.18049739],[-123.64480976,50.18070853],[-123.64479874,50.18092145],[-123.64479566,50.18105924],[-123.64474352,50.18133554],[-123.64473644,50.18162323],[-123.64474118,50.18184932],[-123.64475701,50.18201311],[-123.64475903,50.18215695],[-123.64473378,50.18235492],[-123.64473546,50.18248381],[-123.64475095,50.18260665],[-123.64476611,50.18268747],[-123.64475854,50.18280248],[-123.6447462,50.18292745],[-123.64472908,50.18306239],[-123.64476395,50.18323009],[-123.64479025,50.18341382],[-123.64487187,50.18360431],[-123.6449769,50.1837656],[-123.64518994,50.18399525],[-123.64535619,50.18417933],[-123.64546805,50.18431641],[-123.64547137,50.18444851],[-123.645543,50.18455995],[-123.6456289,50.18468528],[-123.64590384,50.18475969],[-123.64625413,50.18489286],[-123.64666453,50.18508726],[-123.64692217,50.18536356],[-123.64707676,50.18562668],[-123.64716694,50.18586987],[-123.64739594,50.18621951],[-123.64770829,50.18665354],[-123.64806588,50.18706122],[-123.64840182,50.18729514],[-123.64873935,50.18749489],[-123.64858198,50.18760099],[-123.64843404,50.18772169],[-123.64832419,50.18787515],[-123.64825131,50.18801045],[-123.64816407,50.18812475],[-123.64806285,50.18821839],[-123.64791056,50.1883722],[-123.64780072,50.18852566],[-123.64770471,50.18869692],[-123.64766029,50.18883827],[-123.64762461,50.18896432],[-123.64759804,50.18907541],[-123.647544,50.18922851],[-123.64746497,50.18936594],[-123.64735453,50.18949555],[-123.64721289,50.18961696],[-123.6470559,50.18973481],[-123.64689446,50.18987973],[-123.64679853,50.19003319],[-123.646744,50.19016849],[-123.64667661,50.19034865],[-123.64665014,50.19046579],[-123.64663776,50.19058258],[-123.64662544,50.19070862],[-123.64661416,50.19090658],[-123.64660233,50.19107749],[-123.64660367,50.19116757],[-123.64663295,50.1912751],[-123.64663455,50.19137408],[-123.64662302,50.1915902],[-123.64661175,50.19176111],[-123.64659986,50.19194982],[-123.64658866,50.19212998],[-123.64656244,50.19225602],[-123.64649451,50.19240912],[-123.64646829,50.19256223],[-123.64645672,50.19274203],[-123.64643105,50.19292219],[-123.64643339,50.19307494],[-123.64647744,50.19325475],[-123.64655925,50.1934253],[-123.6466643,50.19360439],[-123.64679277,50.19376568],[-123.64692063,50.19391772],[-123.64723928,50.19420292],[-123.64762892,50.19448954],[-123.64813563,50.1947434],[-123.64868631,50.19496914],[-123.64940872,50.19518989],[-123.65008526,50.19551319],[-123.65071685,50.19593831],[-123.65144142,50.19630291],[-123.65216357,50.19688862],[-123.65270813,50.19752987],[-123.65297033,50.19825408],[-123.65302793,50.19897402],[-123.65288758,50.19960743],[-123.65255329,50.20010413],[-123.65192249,50.20043739],[-123.65109024,50.20069375],[-123.65136387,50.20127696],[-123.65163812,50.20185697],[-123.65180605,50.20249965],[-123.65197192,50.20314517],[-123.65224164,50.20374939],[-123.65284594,50.20421048],[-123.65367921,50.20459181],[-123.65375088,50.20525763],[-123.65393959,50.20585224],[-123.65435988,50.20632365],[-123.65477963,50.20683779],[-123.65531401,50.20732273],[-123.65584932,50.20773824],[-123.65650099,50.20802024],[-123.65602366,50.20853189],[-123.65543541,50.20901576],[-123.65540289,50.20969048],[-123.65636323,50.20954129],[-123.65732096,50.20956479],[-123.65818089,50.20957868],[-123.65893246,50.20966947],[-123.65959268,50.20966769],[-123.66035095,50.20975635],[-123.66121655,50.20984928],[-123.6622041,50.21000559],[-123.66286351,50.2100679],[-123.6635267,50.21002303],[-123.66430458,50.20987064],[-123.66518753,50.20953595],[-123.66612758,50.20927461],[-123.66700734,50.20904282],[-123.66767716,50.20897197],[-123.66835594,50.20895416],[-123.66916826,50.20891963],[-123.6701443,50.20878575],[-123.6711405,50.20852548],[-123.67215629,50.20813774],[-123.67260142,50.20766632],[-123.67326384,50.20725579],[-123.67414062,50.20694816],[-123.67512617,50.20682141],[-123.67610825,50.20680752],[-123.67704251,50.20690829],[-123.67797123,50.20705178],[-123.67870957,50.2064269],[-123.67943027,50.2058768],[-123.68013351,50.20540219],[-123.68059507,50.20532742],[-123.68120362,50.20509598],[-123.68199132,50.20462777],[-123.68273945,50.20406165],[-123.68344972,50.20341007],[-123.68427494,50.20277452],[-123.68521616,50.20214359],[-123.68618064,50.20200295],[-123.68711828,50.20224009],[-123.68806579,50.20251923],[-123.68902316,50.20284039],[-123.6895008,50.20226608],[-123.69008645,50.20172808],[-123.69101573,50.20139161],[-123.69172857,50.20097076],[-123.69222573,50.20046516],[-123.69274006,50.20018602],[-123.69315607,50.19986593],[-123.69360951,50.19947463],[-123.69416832,50.19912249],[-123.69463432,50.19883694],[-123.69521026,50.19852254],[-123.69578996,50.19813017],[-123.69626213,50.1976349],[-123.69673788,50.19704635],[-123.69732443,50.19647738],[-123.69730681,50.19624345],[-123.69736973,50.19573964],[-123.69740342,50.1951728],[-123.69806771,50.19462911],[-123.6986361,50.19409005],[-123.69908925,50.19358872],[-123.69943469,50.19324763],[-123.6997711,50.192961],[-123.70012553,50.1925989],[-123.70035744,50.19216202],[-123.70049039,50.19166462],[-123.70088894,50.19147627],[-123.70151896,50.19111879],[-123.70242006,50.19077128],[-123.70320325,50.19037998],[-123.70387845,50.18992317],[-123.7046729,50.18946172],[-123.70557892,50.1890163],[-123.70597791,50.18940369],[-123.70660289,50.18974692],[-123.70745257,50.19004529],[-123.70842799,50.19033939],[-123.7090804,50.19067194],[-123.70971814,50.19105078],[-123.71043337,50.1914314],[-123.71122707,50.19172016],[-123.7120983,50.19191777],[-123.71256797,50.1919986],[-123.71290394,50.19205378],[-123.71310509,50.19208227],[-123.71329787,50.19218802],[-123.71345151,50.19226599],[-123.71359937,50.19236106],[-123.71383308,50.19238064],[-123.71411199,50.19240307],[-123.7144238,50.1923283],[-123.71481472,50.19233257],[-123.71531369,50.19238349],[-123.71597556,50.19260353],[-123.71661386,50.19282713],[-123.71722911,50.19305536],[-123.71801165,50.19324834],[-123.71907909,50.19343064],[-123.71998884,50.19366777],[-123.7210073,50.19402133],[-123.72184214,50.19436777],[-123.7225732,50.19474305],[-123.7229904,50.19522621],[-123.72329253,50.19567484],[-123.72348282,50.19600561],[-123.72393586,50.19621069],[-123.72445216,50.19625947],[-123.7250294,50.19623562],[-123.7252378,50.1962495],[-123.72545516,50.19630505],[-123.72572293,50.19639335],[-123.72578166,50.1965817],[-123.72581117,50.19667143],[-123.72590941,50.19681171],[-123.7260302,50.19694309],[-123.7263,50.19720194],[-123.72685217,50.19758541],[-123.72766864,50.198117],[-123.72762156,50.1984111],[-123.72763508,50.19869274],[-123.72851166,50.19891313],[-123.7293151,50.19920403],[-123.72996251,50.19961456],[-123.73045881,50.20010519],[-123.73116807,50.20066705],[-123.7309694,50.20078525],[-123.73080736,50.20089421],[-123.73066895,50.20101206],[-123.73053115,50.20115697],[-123.73050072,50.20130082],[-123.73050548,50.20143291],[-123.73052306,50.20156181],[-123.72994609,50.20177829],[-123.72926804,50.20196521],[-123.72923519,50.20256801],[-123.72921346,50.20298174],[-123.7291764,50.20329685],[-123.72918004,50.20353968],[-123.7293482,50.20393845],[-123.72956949,50.20426567],[-123.72933248,50.20434827],[-123.72912347,50.20443052],[-123.72891472,50.20452167],[-123.72876208,50.20460356],[-123.72860935,50.20470966],[-123.72845745,50.20483927],[-123.7282958,50.20496317],[-123.72810295,50.20507462],[-123.72791552,50.20516648],[-123.72767191,50.20532101],[-123.72740824,50.2054944],[-123.72712488,50.20568703],[-123.72677631,50.2057942],[-123.72648281,50.20587004],[-123.72624549,50.20591455],[-123.72617555,50.20593306],[-123.72607833,50.20596938],[-123.72586877,50.20603382],[-123.72572943,50.20608865],[-123.72556288,50.20617055],[-123.72539577,50.20625244],[-123.7252848,50.20630727],[-123.72514545,50.2063621],[-123.72505224,50.20640447],[-123.72489476,50.20647141],[-123.72474158,50.2065355],[-123.72454647,50.20661775],[-123.72433748,50.20669679],[-123.72411417,50.20676409],[-123.72404663,50.20692645],[-123.7240015,50.20704359],[-123.72396646,50.20716999],[-123.72389223,50.20733341],[-123.72380301,50.20749471],[-123.7236742,50.20761541],[-123.72356803,50.207703],[-123.72308452,50.2075652],[-123.72277724,50.20753423],[-123.72254577,50.20753743],[-123.72238863,50.20757553],[-123.72217987,50.20766668],[-123.72203158,50.20772471],[-123.7218876,50.2077945],[-123.72172083,50.20789455],[-123.72151266,50.20803056],[-123.72138836,50.20813026],[-123.72126382,50.20826591],[-123.72113507,50.20836561],[-123.72098666,50.20846566],[-123.7208059,50.20855645],[-123.72070418,50.20862838],[-123.72061171,50.20870172],[-123.72046281,50.2087327],[-123.72030494,50.20878468],[-123.72013782,50.20886657],[-123.71999935,50.20895737],[-123.71986092,50.20907522],[-123.71968659,50.20920304],[-123.71944927,50.20934155],[-123.71895684,50.20952135],[-123.71813548,50.20988631],[-123.71789218,50.20986993],[-123.7176444,50.20987135],[-123.71744176,50.20996144],[-123.71724716,50.21006149],[-123.71706042,50.21017186],[-123.71682118,50.210315],[-123.71653679,50.21046561],[-123.71631922,50.21061088],[-123.71614432,50.2107711],[-123.71597368,50.21091601],[-123.71580577,50.2110328],[-123.71560412,50.21110116],[-123.71537726,50.21113748],[-123.71512706,50.21115492],[-123.71474442,50.21119017],[-123.71446947,50.21123112],[-123.71418243,50.21173351],[-123.7140219,50.21225014],[-123.71388711,50.21278636],[-123.7136497,50.2132656],[-123.71331057,50.21373523],[-123.71297256,50.21425293],[-123.71228199,50.21441814],[-123.71185174,50.21459083],[-123.7116352,50.21477384],[-123.71149281,50.21496077],[-123.71110011,50.21515695],[-123.71055285,50.21531112],[-123.70985046,50.21542328],[-123.70981739,50.21601717],[-123.70978107,50.21631733],[-123.70967718,50.21654271],[-123.70950012,50.21667979],[-123.7093192,50.21676666],[-123.7091568,50.21683966],[-123.70888717,50.21693116],[-123.70866867,50.21699561],[-123.70852868,50.21702338],[-123.70834009,50.21709957],[-123.70815585,50.21728045],[-123.70797632,50.21756636],[-123.70775413,50.21793238],[-123.70736101,50.21821081],[-123.70679679,50.21840094],[-123.70672294,50.21846753],[-123.70661729,50.21857292],[-123.70657703,50.21868507],[-123.70649505,50.21882856],[-123.70637154,50.21900303],[-123.70612263,50.21914545],[-123.70590008,50.21927078],[-123.70570387,50.21937902],[-123.70557961,50.21950578],[-123.70538973,50.21961259],[-123.70515784,50.21974291],[-123.70490844,50.21991239],[-123.70470559,50.22011356],[-123.70461476,50.22028411],[-123.70447679,50.22044184],[-123.70428075,50.22055186],[-123.70411677,50.22064764],[-123.70398579,50.22072953],[-123.7038618,50.22086518],[-123.70376501,50.22097378],[-123.7036725,50.22104926],[-123.70354326,50.22112581],[-123.70339938,50.22120058],[-123.7032367,50.22126467],[-123.70303164,50.22139997],[-123.70282646,50.22154596],[-123.70262153,50.22170297],[-123.70244019,50.22177597],[-123.70229479,50.22183792],[-123.70218495,50.22188848],[-123.70209779,50.22198212],[-123.70198709,50.22209072],[-123.70195382,50.2223695],[-123.70198533,50.22261233],[-123.70199469,50.22281315],[-123.70194887,50.2229901],[-123.70178552,50.22332088],[-123.70159196,50.2238108],[-123.70165021,50.2242783],[-123.70170178,50.2246016],[-123.70169909,50.22477072],[-123.70166418,50.22493557],[-123.70159666,50.22509687],[-123.70155688,50.22524997],[-123.70152672,50.22543725],[-123.70147826,50.22561919],[-123.70138424,50.2259076],[-123.70133029,50.22603399],[-123.70118177,50.22623872],[-123.70097981,50.22647586],[-123.70072351,50.22674503],[-123.70053941,50.22702702],[-123.70040645,50.22723282],[-123.70032595,50.22736207],[-123.70022911,50.22744361],[-123.70016028,50.22752479],[-123.7000918,50.22762412],[-123.69997683,50.22776583],[-123.69986165,50.22787763],[-123.69975045,50.22796522],[-123.69966287,50.22803145],[-123.69951982,50.22814645],[-123.69939957,50.22823119],[-123.69930237,50.22829457],[-123.69921432,50.22837005],[-123.69913643,50.22844839],[-123.69905357,50.22855698],[-123.69897064,50.22863852],[-123.69890181,50.2287197],[-123.69881441,50.22881904],[-123.69873655,50.22892763],[-123.69837819,50.2293613],[-123.69931279,50.2296465],[-123.70015139,50.2300054],[-123.70076892,50.23047432],[-123.70106467,50.23098312],[-123.70114371,50.23149441],[-123.70111024,50.23207905],[-123.70118308,50.23269823],[-123.70147637,50.2332672],[-123.70203594,50.2336852],[-123.70209722,50.23373113],[-123.70283837,50.23390631],[-123.70358802,50.2339348],[-123.70424974,50.23379487],[-123.70491351,50.23380484],[-123.70558191,50.23379772],[-123.70623526,50.23392768],[-123.70699116,50.23396221],[-123.70784639,50.23407472],[-123.70881091,50.23418795],[-123.7098017,50.23447778],[-123.7107696,50.23482635],[-123.71177224,50.23467859],[-123.71266733,50.23442116],[-123.71345525,50.23405443],[-123.71401569,50.23353459],[-123.71456521,50.23306247],[-123.71510252,50.23263841],[-123.71590719,50.23238454],[-123.71682048,50.23219014],[-123.7175567,50.23203561],[-123.71785881,50.23194482],[-123.71805883,50.23185865],[-123.71821114,50.2317408],[-123.71840987,50.23160158],[-123.71864157,50.23146842],[-123.718956,50.23135342],[-123.71930202,50.23125123],[-123.71973556,50.23117076],[-123.7201223,50.2311113],[-123.72047321,50.23112234],[-123.72082441,50.23115794],[-123.7216608,50.23117397],[-123.72229858,50.23099309],[-123.72273699,50.23061568],[-123.72287065,50.23050566],[-123.72300004,50.23041308],[-123.72319224,50.23034579],[-123.72344846,50.23029416],[-123.72376926,50.2302582],[-123.72419545,50.23083928],[-123.72444549,50.23143139],[-123.72446049,50.23200392],[-123.72425528,50.23252376],[-123.72394109,50.23299731],[-123.72357951,50.23347941],[-123.72411675,50.23387071],[-123.72478493,50.23416338],[-123.72558368,50.23435707],[-123.72555194,50.23502289],[-123.72570352,50.23516496],[-123.72587051,50.2352707],[-123.72605216,50.23534049],[-123.72620196,50.23536969],[-123.72642786,50.23546725],[-123.72685656,50.23556552],[-123.72732808,50.23565026],[-123.72731574,50.23585249],[-123.72739318,50.23604085],[-123.7275613,50.23621567],[-123.72772187,50.23635132],[-123.72802998,50.23651938],[-123.72847016,50.23678037],[-123.72892352,50.23716633],[-123.72929374,50.2376616],[-123.72933847,50.23783927],[-123.72941596,50.23798881],[-123.72951286,50.23812802],[-123.72959933,50.23827116],[-123.72965647,50.23843281],[-123.72980567,50.23862863],[-123.73008861,50.23879384],[-123.73050493,50.23892807],[-123.73123136,50.23902243],[-123.73171912,50.2391385],[-123.73202182,50.23926027],[-123.73213908,50.23938845],[-123.73212665,50.23951449],[-123.73218535,50.23967116],[-123.73230033,50.23984028],[-123.73265493,50.24011373],[-123.73293775,50.23985915],[-123.73309308,50.23953229],[-123.7331213,50.23913352],[-123.73315481,50.23887039],[-123.73320733,50.2386532],[-123.73334772,50.23864359],[-123.73429453,50.2388355],[-123.73525177,50.23897009],[-123.73616805,50.23906337],[-123.73686032,50.23910681],[-123.73755706,50.23889354],[-123.73818902,50.23877284],[-123.73864677,50.23875788],[-123.73892297,50.23876821],[-123.73905712,50.23876927],[-123.73935209,50.23872228],[-123.73957635,50.23871195],[-123.73973694,50.23872299],[-123.73992149,50.23874969],[-123.74016507,50.23877426],[-123.74057273,50.23884939],[-123.74161225,50.23897792],[-123.74196224,50.23893947],[-123.74210235,50.23893876],[-123.74227076,50.23894659],[-123.742463,50.23896617],[-123.74266448,50.23900712],[-123.74282276,50.23897009],[-123.74298607,50.23895086],[-123.74314065,50.23895015],[-123.74333709,50.23895763],[-123.74349933,50.23896973],[-123.74364113,50.23898576],[-123.74375839,50.23900605],[-123.74387063,50.23902634],[-123.74408202,50.23907904],[-123.74421783,50.23910005],[-123.74436296,50.23911607],[-123.7445173,50.23912105],[-123.7446576,50.23911999],[-123.74485385,50.23912782],[-123.74503673,50.23913565],[-123.74521906,50.23914349],[-123.74538748,50.23915132],[-123.74556981,50.23915915],[-123.74576145,50.23916414],[-123.74593447,50.23917482],[-123.74609408,50.23920971],[-123.74625823,50.23925386],[-123.74639956,50.23929801],[-123.74655426,50.23935997],[-123.74669665,50.23937278],[-123.74682464,50.23937812],[-123.74693804,50.23937528],[-123.74708907,50.23947034],[-123.74723848,50.23956114],[-123.74738643,50.23964837],[-123.74751317,50.23968647],[-123.74768234,50.23974842],[-123.74782397,50.23981927],[-123.7479796,50.23989939],[-123.74817653,50.23996988],[-123.74833126,50.23999196],[-123.74852388,50.2400297],[-123.74873525,50.2401034],[-123.74890986,50.24021698],[-123.74908049,50.24035691],[-123.7492363,50.24045768],[-123.74936354,50.24051998],[-123.74947659,50.24059119],[-123.7495902,50.24066241],[-123.74967233,50.24074572],[-123.74974663,50.24083224],[-123.74980448,50.24093087],[-123.74985812,50.24108041],[-123.74990839,50.24128977],[-123.75016999,50.24129618],[-123.75043549,50.24132039],[-123.75074048,50.24140549],[-123.75097059,50.24157497],[-123.75119039,50.24177543],[-123.75136354,50.24196413],[-123.75164823,50.24203819],[-123.75182743,50.24213895],[-123.75192263,50.24223438],[-123.75198573,50.24231057],[-123.75209895,50.24234582],[-123.75226788,50.24241668],[-123.75243736,50.24248753],[-123.75256433,50.24254094],[-123.75270532,50.24258473],[-123.75285627,50.24265274],[-123.75301693,50.24275386],[-123.75317587,50.2427827],[-123.7533377,50.24283967],[-123.75349594,50.2429034],[-123.7538044,50.24299562],[-123.75404655,50.24315192],[-123.75462705,50.24319002],[-123.75508609,50.24335202],[-123.75542388,50.24363758],[-123.75576555,50.24394414],[-123.75611145,50.24421759],[-123.75632798,50.24433829],[-123.75657259,50.24441449],[-123.75680521,50.24446398],[-123.75698403,50.24453091],[-123.75714129,50.24462064],[-123.75736249,50.24470004],[-123.75767605,50.24474704],[-123.75789791,50.2448745],[-123.75818661,50.24507639],[-123.75782749,50.24523269],[-123.75758315,50.24545807],[-123.75733412,50.24578671],[-123.75719947,50.24620614],[-123.75706156,50.24667577],[-123.75692718,50.24704856],[-123.75656613,50.24725151],[-123.75597747,50.24728534],[-123.7559708,50.24775319],[-123.75593778,50.24832002],[-123.75592898,50.24866183],[-123.75696807,50.24902679],[-123.75801515,50.24931377],[-123.75810045,50.24997567],[-123.75842124,50.25064504],[-123.75897753,50.2513219],[-123.75954067,50.25192398],[-123.75998796,50.25251147],[-123.76089959,50.25282729],[-123.76169137,50.25322002],[-123.76219601,50.25367327],[-123.76269815,50.25407668],[-123.76309481,50.25450786],[-123.76361341,50.25488029],[-123.76392262,50.2552958],[-123.76423543,50.2556636],[-123.7642208,50.2560104],[-123.76431638,50.25634259],[-123.76430288,50.25666731],[-123.76450718,50.25704971],[-123.76460376,50.25745989],[-123.76470301,50.25790388],[-123.76477579,50.25873705],[-123.76496252,50.25949401],[-123.76526291,50.26016375],[-123.76556363,50.26082138],[-123.76655656,50.26113043],[-123.76754022,50.26133302],[-123.76849368,50.26146548],[-123.76944993,50.2617051],[-123.77040973,50.26205154],[-123.77138529,50.26225164],[-123.7723677,50.26234635],[-123.77335585,50.2623346],[-123.77435911,50.26248984],[-123.77476398,50.26312682],[-123.77527689,50.26372498],[-123.77525798,50.26429146],[-123.77522637,50.26491242],[-123.77552379,50.26537813],[-123.77581824,50.26593358],[-123.77610935,50.26657946],[-123.77710245,50.26696542],[-123.77807998,50.26717157],[-123.77904389,50.26729726],[-123.78000539,50.26746745],[-123.78096785,50.26768001],[-123.78196398,50.26795524],[-123.78295095,50.26823937],[-123.78390467,50.26859471],[-123.78483452,50.269012],[-123.78529656,50.26865916],[-123.78596743,50.2684968],[-123.78684732,50.26852457],[-123.78779077,50.26873108],[-123.78879575,50.26897604],[-123.78983169,50.26911312],[-123.78988345,50.26942147],[-123.79016751,50.26982345],[-123.79068425,50.27031836],[-123.79120814,50.27087451],[-123.79162418,50.27143031],[-123.79257806,50.27197828],[-123.7931246,50.27240127],[-123.79356908,50.27279293],[-123.794078,50.2730913],[-123.79447829,50.27346124],[-123.79544262,50.27406652],[-123.79587779,50.27461485],[-123.79652959,50.27508127],[-123.79739838,50.2754651],[-123.7982587,50.2758418],[-123.79891422,50.27631393],[-123.79936329,50.27688147],[-123.80029814,50.27710899],[-123.80114702,50.27725996],[-123.80192276,50.27728275],[-123.80252648,50.27738742],[-123.80312914,50.27743514],[-123.8037194,50.27747786],[-123.80421471,50.27745045],[-123.80504706,50.27780757],[-123.80566219,50.278133],[-123.80598906,50.27843778],[-123.80618821,50.27871016],[-123.80635976,50.27897364],[-123.80645965,50.27908081],[-123.806588,50.27920578],[-123.80672992,50.27930405],[-123.80681046,50.2793393],[-123.80691426,50.27939271],[-123.80701985,50.27948172],[-123.80717468,50.27959352],[-123.80737819,50.27972811],[-123.80768296,50.27985772],[-123.80801831,50.27996952],[-123.80816454,50.28001331],[-123.80834878,50.28003895],[-123.80853939,50.28005568],[-123.80867962,50.28005497],[-123.80890441,50.28007135],[-123.80906535,50.2800831],[-123.80920454,50.28009805],[-123.80933578,50.2801333],[-123.80949613,50.28020202],[-123.8096655,50.28025471],[-123.80981508,50.28032272],[-123.80995812,50.28039678],[-123.81009047,50.28048579],[-123.81017564,50.2805481],[-123.81029908,50.28063711],[-123.81044167,50.28069515],[-123.81060297,50.28081372],[-123.81078204,50.28099352],[-123.81098887,50.28131895],[-123.8111215,50.28168355],[-123.81118067,50.2818541],[-123.81119619,50.28194383],[-123.81121215,50.28205171],[-123.8112556,50.28215924],[-123.81133293,50.28228172],[-123.81141444,50.2823921],[-123.81147157,50.28245476],[-123.81155725,50.28255303],[-123.81165742,50.2826513],[-123.81170032,50.28270507],[-123.81181404,50.28280298],[-123.81250461,50.28285532],[-123.81318952,50.28297317],[-123.81395579,50.28309103],[-123.81481111,50.2832249],[-123.8157583,50.28334204],[-123.81672641,50.28360517],[-123.8177102,50.28394092],[-123.81870251,50.28422683],[-123.81971176,50.28451025],[-123.82073231,50.28474596],[-123.82174142,50.2849158],[-123.82242208,50.28504077],[-123.82298895,50.28518283],[-123.82355361,50.28526686],[-123.82399716,50.28549153],[-123.82454512,50.28568522],[-123.82508574,50.28592342],[-123.82585038,50.28604875],[-123.82669676,50.28620079],[-123.82762508,50.28637917],[-123.82857574,50.28672205],[-123.82940377,50.28704499],[-123.83010828,50.28731167],[-123.8309271,50.28739356],[-123.83186229,50.28734692],[-123.83291678,50.2871778],[-123.83396495,50.28691823],[-123.83501242,50.28662307],[-123.83572142,50.28700475],[-123.83596553,50.2872337],[-123.8360938,50.28742454],[-123.83620399,50.28759473],[-123.83655334,50.28775104],[-123.83714054,50.28789382],[-123.83714472,50.28814555],[-123.83727263,50.28866325],[-123.83739909,50.28911721],[-123.83764278,50.28948217],[-123.83776641,50.28979585],[-123.83800919,50.29009814],[-123.83813375,50.29044386],[-123.83837579,50.29080882],[-123.83861646,50.29118695],[-123.83897393,50.29157397],[-123.83921645,50.29204788],[-123.8393427,50.2925816],[-123.83935461,50.29325597],[-123.84040466,50.29343435],[-123.84134489,50.29377331],[-123.84205937,50.29430988],[-123.84254411,50.29499564],[-123.8425525,50.29546349],[-123.84256581,50.29623684],[-123.84269535,50.29693149],[-123.84294333,50.29770911],[-123.84342147,50.29830621],[-123.84389811,50.29878047],[-123.84448948,50.29914294],[-123.84508065,50.29947727],[-123.84567219,50.29984685],[-123.84614641,50.30020112],[-123.84626812,50.30046389],[-123.8463892,50.30070779],[-123.84639348,50.30093957],[-123.8466312,50.3011589],[-123.84686926,50.30138606],[-123.84732826,50.30164349],[-123.84776463,50.30196394],[-123.84817873,50.30234776],[-123.84857735,50.30196501],[-123.84900781,50.30160432],[-123.84945659,50.30132518],[-123.84983971,50.30102254],[-123.84992284,50.300941],[-123.8501448,50.30078647],[-123.85049198,50.30056786],[-123.85064773,50.30038983],[-123.85095202,50.30013098],[-123.85134814,50.2997614],[-123.85174898,50.29941353],[-123.85209198,50.29897345],[-123.85208629,50.2986587],[-123.8527447,50.29830016],[-123.8534418,50.29803098],[-123.85417835,50.29785189],[-123.8552352,50.29807798],[-123.85609677,50.29837529],[-123.85672707,50.29880255],[-123.85712593,50.29935906],[-123.85807429,50.29945591],[-123.85901021,50.29951608],[-123.85947073,50.2998764],[-123.86015574,50.30016409],[-123.86105136,50.3003293],[-123.86204451,50.30039303],[-123.86289585,50.30042971],[-123.86353605,50.30065865],[-123.86396659,50.30108022],[-123.86447658,50.30158901],[-123.86506563,50.30179873],[-123.86559145,50.30154985],[-123.86597313,50.30100224],[-123.86695621,50.30075407],[-123.86795895,50.30054685],[-123.86805001,50.30108591],[-123.86822183,50.3016061],[-123.86857038,50.30216012],[-123.86897519,50.30272375],[-123.86943685,50.303297],[-123.86991422,50.30381505],[-123.86981639,50.30383357],[-123.87007786,50.30405361],[-123.87037361,50.30436622],[-123.87070367,50.30477141],[-123.87091947,50.30521256],[-123.8711387,50.30560066],[-123.87123762,50.30596953],[-123.87145973,50.30634053],[-123.87155469,50.30676245],[-123.87177578,50.30715661],[-123.87199942,50.30752583],[-123.87234715,50.307868],[-123.87269108,50.30822797],[-123.87291868,50.30863102],[-123.87314921,50.308965],[-123.87325618,50.30925625],[-123.87348328,50.30957028],[-123.8737055,50.30993809],[-123.87391285,50.31026637],[-123.87412349,50.3104508],[-123.87418566,50.31059002],[-123.87412839,50.3107157],[-123.87395172,50.31086275],[-123.87377961,50.31110594],[-123.87377521,50.31137476],[-123.87393852,50.31166921],[-123.87429178,50.31204129],[-123.87448803,50.31253157],[-123.8746199,50.31300014],[-123.87477118,50.31341173],[-123.87505462,50.31373859],[-123.87540344,50.31395186],[-123.87580364,50.31406544],[-123.87621749,50.31416051],[-123.87659107,50.31428442],[-123.87685477,50.31445924],[-123.87734458,50.31477755],[-123.87795727,50.3150955],[-123.87793537,50.31542841],[-123.87781291,50.31572038],[-123.87766487,50.31599738],[-123.87796425,50.31621992],[-123.87840064,50.31652541],[-123.8787882,50.31673513],[-123.87922294,50.31695374],[-123.87959693,50.31716381],[-123.88009567,50.31754372],[-123.88054524,50.31764413],[-123.88090928,50.31783924],[-123.8811878,50.31812907],[-123.88190244,50.31853746],[-123.88246232,50.31893482],[-123.88288344,50.3192663],[-123.88332116,50.31954295],[-123.88372873,50.31955684],[-123.88422039,50.31955399],[-123.88456463,50.31960135],[-123.88496885,50.31961737],[-123.8854338,50.3196017],[-123.88602464,50.31957144],[-123.88667789,50.31950842],[-123.88668072,50.31968217],[-123.88653015,50.32005318],[-123.8862512,50.32050073],[-123.8857382,50.32095755],[-123.885233,50.32145994],[-123.88460878,50.3219755],[-123.88397597,50.32254768],[-123.88316514,50.32300663],[-123.88247805,50.32348267],[-123.88193018,50.3239135],[-123.8815221,50.3242991],[-123.88100039,50.32469289],[-123.88035203,50.32510271],[-123.87957045,50.32563323],[-123.87949189,50.32594264],[-123.87939398,50.3261171],[-123.87928238,50.32627092],[-123.87917672,50.32638272],[-123.87884505,50.3266697],[-123.87838735,50.32700011],[-123.87806935,50.32726324],[-123.87804154,50.32729065],[-123.87757194,50.32771685],[-123.87744201,50.32804335],[-123.87709215,50.32836807],[-123.87722501,50.32896054],[-123.87722552,50.32950031],[-123.8771352,50.32968368],[-123.87705028,50.32991512],[-123.87711323,50.33027152],[-123.87710628,50.3306792],[-123.87709438,50.33077819],[-123.87707305,50.33115596],[-123.8770071,50.33138739],[-123.87696905,50.33161562],[-123.87695318,50.33202651],[-123.87699025,50.33225295],[-123.87704033,50.33243347],[-123.87690156,50.33270051],[-123.87678389,50.33299319],[-123.87757493,50.33321786],[-123.87832501,50.33351196],[-123.87903412,50.33387549],[-123.87975678,50.3342027],[-123.88048071,50.33459008],[-123.88106713,50.33480621],[-123.8817058,50.33491658],[-123.88239785,50.33492014],[-123.88265497,50.33524486],[-123.88302888,50.33546099],[-123.88351976,50.33556816],[-123.8840977,50.33566572],[-123.88474881,50.33584267],[-123.88527054,50.33617345],[-123.88566177,50.33665803],[-123.88651044,50.33703759],[-123.88715586,50.3374823],[-123.88759783,50.33799252],[-123.88865287,50.3380623],[-123.88972036,50.33802136],[-123.89004825,50.33851627],[-123.89050039,50.33889155],[-123.89107756,50.33913189],[-123.89178069,50.33923763],[-123.8926201,50.33929425],[-123.89331607,50.33943168],[-123.89400461,50.33968519],[-123.89490232,50.34007685],[-123.89544082,50.34014663],[-123.8959876,50.34024847],[-123.89601414,50.34008326],[-123.89606324,50.33996006],[-123.89613508,50.33987853],[-123.89645106,50.3402328],[-123.89674389,50.34061734],[-123.89694544,50.34112257],[-123.89744585,50.3415623],[-123.89778653,50.34200345],[-123.89796822,50.34244567],[-123.89808504,50.34268742],[-123.89845977,50.34300858],[-123.89896824,50.34331942],[-123.89965119,50.34375166],[-123.90034729,50.3441451],[-123.901185,50.34458234],[-123.90214852,50.34499464],[-123.9023723,50.34545039],[-123.90280096,50.34573594],[-123.9034341,50.34585095],[-123.90438236,50.34593961],[-123.90549864,50.34600263],[-123.90667101,50.34630848],[-123.90766759,50.34656661],[-123.90839319,50.34704657],[-123.90884894,50.34774835],[-123.90876157,50.34907999],[-123.90872206,50.34995267],[-123.90865697,50.35095176],[-123.90861436,50.35166244],[-123.90868743,50.35254616],[-123.90877498,50.35313329],[-123.9090002,50.35339321],[-123.90910457,50.35363141],[-123.9093283,50.35389631],[-123.90954874,50.35421854],[-123.9097833,50.35463725],[-123.91001267,50.35513715],[-123.91010966,50.35569686],[-123.91045597,50.35632494],[-123.9107973,50.35694661],[-123.91138901,50.35758252],[-123.91197723,50.35821665],[-123.91268855,50.35888852],[-123.91264518,50.35955434],[-123.91260402,50.3603373],[-123.91254887,50.36114696],[-123.91285178,50.36171023],[-123.91324366,50.36216669],[-123.91346496,50.36272285],[-123.91353084,50.36321669],[-123.91371126,50.36365499],[-123.91396532,50.36411893],[-123.91430765,50.36486272],[-123.9144623,50.36559298],[-123.91507538,50.36602274],[-123.91556087,50.36642971],[-123.91604644,50.36680249],[-123.91666213,50.36714644],[-123.91740504,50.36752136],[-123.91815717,50.36785107],[-123.91889925,50.36818398],[-123.91941625,50.36873764],[-123.91975329,50.36919374],[-123.91989378,50.3694444],[-123.92055061,50.36971002],[-123.9209287,50.3701177],[-123.9210286,50.37066744],[-123.92100761,50.37104521],[-123.92097111,50.37133646],[-123.92096516,50.37174735],[-123.92095482,50.37196312],[-123.92096108,50.37228997],[-123.92102602,50.37271795],[-123.92092162,50.37315055],[-123.9208813,50.37324989],[-123.92081145,50.3737359],[-123.92077951,50.37426998],[-123.92071976,50.37457903],[-123.92054312,50.37506113],[-123.92036499,50.37554714],[-123.92018519,50.37603742],[-123.92012862,50.37650243],[-123.92019642,50.37708066],[-123.92035878,50.37750187],[-123.92060173,50.37792379],[-123.92092932,50.37838986],[-123.92134268,50.37890008],[-123.92157484,50.37952389],[-123.9216753,50.38011458],[-123.92164226,50.38058279],[-123.92161029,50.3811044],[-123.92167635,50.38169474],[-123.92193564,50.38225623],[-123.92238856,50.38278924],[-123.92300032,50.38324713],[-123.92370749,50.38360496],[-123.92450968,50.38386345],[-123.92503762,50.38399733],[-123.92540492,50.38415221],[-123.92589371,50.38438009],[-123.92637672,50.38463716],[-123.92697253,50.38489316],[-123.92719991,50.38500816],[-123.92815023,50.38539661],[-123.92734471,50.38555079],[-123.92667928,50.38579895],[-123.92615302,50.38614076],[-123.92587627,50.38662571],[-123.92572272,50.3871516],[-123.92559208,50.38767428],[-123.92543988,50.3881432],[-123.92525088,50.38853735],[-123.92494488,50.38879549],[-123.92478181,50.3891017],[-123.92461111,50.38941075],[-123.92451222,50.38978425],[-123.92424056,50.39020831],[-123.92377991,50.3907107],[-123.92355942,50.39117784],[-123.92340572,50.39172972],[-123.92320314,50.39215413],[-123.92296483,50.39291146],[-123.92276595,50.3933907],[-123.92245038,50.39380693],[-123.92201811,50.39416013],[-123.9214644,50.39463226],[-123.92167424,50.39497514],[-123.92165286,50.39532015],[-123.92139988,50.39566695],[-123.92161915,50.3962288],[-123.92180234,50.39673902],[-123.92195055,50.39719761],[-123.92218706,50.39754939],[-123.92256992,50.39793322],[-123.92288093,50.39826328],[-123.92319343,50.39864176],[-123.9234156,50.39913846],[-123.9235471,50.399706],[-123.92368754,50.40027248],[-123.92405314,50.40073428],[-123.92464332,50.4010914],[-123.9251518,50.40128331],[-123.92569157,50.40145173],[-123.92627082,50.40158204],[-123.92666741,50.40170488],[-123.92715246,50.40180173],[-123.92764123,50.40186475],[-123.92842811,50.40194949],[-123.92910997,50.40213891],[-123.92959949,50.402459],[-123.92991157,50.40283001],[-123.93074372,50.40292222],[-123.93076851,50.4034709],[-123.93091602,50.40390137],[-123.93131286,50.40428768],[-123.93207134,50.40459353],[-123.93306443,50.40477761],[-123.93405044,50.40490259],[-123.93491318,50.40496632],[-123.93565806,50.40508239],[-123.93652471,50.40516749],[-123.93748488,50.40533448],[-123.93853463,50.40553102],[-123.93963748,50.40579165],[-123.94075915,50.40605264],[-123.94187594,50.40615625],[-123.94298562,50.40619328],[-123.94407182,50.40617049],[-123.9451597,50.40616266],[-123.94624029,50.40609501],[-123.94732181,50.40605014],[-123.94838176,50.40604445],[-123.94880022,50.40540177],[-123.94947843,50.40507242],[-123.9504162,50.40505676],[-123.95037508,50.40440945],[-123.95146634,50.40453941],[-123.95244895,50.40482817],[-123.95320489,50.40531881],[-123.95360733,50.40596006],[-123.95401599,50.4066889],[-123.95467273,50.40740599],[-123.95580999,50.40789734],[-123.95693629,50.40815406],[-123.95790408,50.4081302],[-123.95860209,50.40817043],[-123.95939465,50.40815584],[-123.96028787,50.40825446],[-123.96124547,50.40828437],[-123.96214909,50.4083417],[-123.96144288,50.40891423],[-123.96109462,50.40931586],[-123.9606251,50.40968437],[-123.96003993,50.41005609],[-123.9595265,50.41027008],[-123.95896871,50.41045451],[-123.95830884,50.41061402],[-123.95753673,50.41084724],[-123.95694038,50.41122964],[-123.95646863,50.41163554],[-123.95635159,50.41195705],[-123.95626882,50.41226967],[-123.95613109,50.41256554],[-123.95586873,50.41283045],[-123.9555601,50.41319789],[-123.95528859,50.41362373],[-123.9549452,50.41426213],[-123.95460689,50.41493045],[-123.95415801,50.41547983],[-123.95372918,50.41577785],[-123.95321144,50.41601498],[-123.95247487,50.41646788],[-123.95219689,50.4167488],[-123.95203452,50.416987],[-123.95152791,50.4173719],[-123.95122989,50.417734],[-123.9511414,50.41807368],[-123.95110966,50.41836457],[-123.95104205,50.41872205],[-123.95106628,50.41908237],[-123.95098473,50.41945801],[-123.95079665,50.41984824],[-123.9504802,50.42021035],[-123.95022188,50.4205842],[-123.95004974,50.42105739],[-123.95003345,50.42164524],[-123.95015544,50.4222637],[-123.95034798,50.42266995],[-123.95061339,50.42309935],[-123.95099739,50.42345683],[-123.95121112,50.4236491],[-123.95148241,50.42384457],[-123.95182026,50.42408063],[-123.95222568,50.42441105],[-123.95267051,50.42467239],[-123.95310822,50.42489279],[-123.9527621,50.42518012],[-123.95255465,50.42538272],[-123.9526442,50.42561593],[-123.95225668,50.42586588],[-123.95178675,50.42607666],[-123.95122798,50.42629813],[-123.95062155,50.42654986],[-123.95050966,50.42660469],[-123.95024671,50.42682259],[-123.94985501,50.42702483],[-123.9493815,50.42721354],[-123.94889151,50.42733745],[-123.94854876,50.42750799],[-123.94816456,50.42760804],[-123.94773834,50.4276376],[-123.94736275,50.4276376],[-123.94729267,50.42789609],[-123.94728816,50.42828063],[-123.94720841,50.42868724],[-123.94698968,50.42909349],[-123.94654025,50.42946094],[-123.9465143,50.42956313],[-123.94648958,50.42974009],[-123.94651198,50.43017162],[-123.94651717,50.43041445],[-123.94641699,50.43072315],[-123.94619708,50.43107065],[-123.94585624,50.43141531],[-123.94563023,50.43167381],[-123.94551875,50.43188851],[-123.94553777,50.43215839],[-123.94552962,50.43244608],[-123.9455632,50.43272452],[-123.9453472,50.43319415],[-123.94521137,50.43344695],[-123.94496583,50.43384466],[-123.94462172,50.43423418],[-123.94405915,50.43457741],[-123.94375478,50.43500966],[-123.943654,50.43551134],[-123.94356396,50.43596459],[-123.94330188,50.43638545],[-123.94286285,50.43672761],[-123.94219732,50.4370121],[-123.94141307,50.4371652],[-123.94154808,50.43758784],[-123.94153329,50.43801261],[-123.94136813,50.43843951],[-123.94110013,50.43888244],[-123.94065485,50.43940157],[-123.9404628,50.43967323],[-123.94013124,50.43999048],[-123.93993167,50.44034083],[-123.93980659,50.44065879],[-123.93988638,50.44089805],[-123.9399439,50.44119714],[-123.93996885,50.44173656],[-123.94000003,50.4418804],[-123.94004482,50.44202389],[-123.94014664,50.44217593],[-123.94043436,50.44248818],[-123.94052713,50.4428923],[-123.93963023,50.44314225],[-123.9390594,50.44346484],[-123.93859164,50.4437924],[-123.9381526,50.4441335],[-123.93776096,50.44451234],[-123.93753939,50.44494886],[-123.93745258,50.44507562],[-123.93718397,50.44526041],[-123.93673376,50.44550395],[-123.93666176,50.44568162],[-123.93645805,50.44588884],[-123.93613101,50.44612348],[-123.93577324,50.44647597],[-123.93542284,50.44689042],[-123.93550452,50.44722582],[-123.93551855,50.44745939],[-123.93553299,50.44770827],[-123.93540928,50.44793899],[-123.93529111,50.44814087],[-123.93504428,50.44831178],[-123.93504185,50.44851045],[-123.93492075,50.44873833],[-123.93505997,50.44903207],[-123.93519905,50.44934753],[-123.9355778,50.44974916],[-123.93596763,50.44998914],[-123.93623071,50.45022556],[-123.93655481,50.45049082],[-123.93684982,50.45084616],[-123.93723702,50.45124992],[-123.93761711,50.45172952],[-123.93770463,50.45187266],[-123.93790765,50.45215892],[-123.93795163,50.45224829],[-123.93823782,50.4525488],[-123.93854564,50.452855],[-123.93887604,50.45316726],[-123.93903133,50.45343893],[-123.93910739,50.4537049],[-123.93936595,50.45397265],[-123.93969703,50.45432977],[-123.94007192,50.4546844],[-123.94032728,50.45492723],[-123.94046309,50.45505826],[-123.94080208,50.4553552],[-123.94113656,50.45571232],[-123.94133587,50.45605841],[-123.94140057,50.45639345],[-123.94187992,50.4564255],[-123.94236746,50.45645469],[-123.94280358,50.45657611],[-123.94336778,50.45669859],[-123.94399164,50.45690403],[-123.94473441,50.45709808],[-123.94540378,50.45730744],[-123.94590324,50.45755418],[-123.94623277,50.45783831],[-123.94697803,50.45774218],[-123.94806154,50.45767951],[-123.94916116,50.45772438],[-123.94989915,50.4577785],[-123.9504305,50.45787392],[-123.95087622,50.45801349],[-123.95134455,50.45817727],[-123.95178819,50.45830261],[-123.95216829,50.4584404],[-123.95253149,50.45860525],[-123.95303353,50.45888795],[-123.95335379,50.45916425],[-123.95349246,50.45943378],[-123.95355651,50.45982402],[-123.95368682,50.46016974],[-123.95388394,50.46047096],[-123.95406032,50.46068317],[-123.95426587,50.46092635],[-123.95457174,50.46110687],[-123.95486809,50.46128312],[-123.95515578,50.46135896],[-123.95533405,50.46150636],[-123.95550448,50.46165163],[-123.95566815,50.46184426],[-123.95589966,50.46229217],[-123.95634922,50.46270804],[-123.95701777,50.46309222],[-123.95664479,50.46338205],[-123.95616416,50.46377976],[-123.95557302,50.46419527],[-123.95486372,50.46456699],[-123.95427168,50.46480056],[-123.95393149,50.46515412],[-123.95384206,50.46562767],[-123.95386597,50.46609517],[-123.95388565,50.46638286],[-123.95390657,50.46671541],[-123.95392689,50.4670298],[-123.95400349,50.46733494],[-123.95498623,50.46762085],[-123.95614087,50.46783021],[-123.95616177,50.4681446],[-123.95630211,50.46843051],[-123.95667609,50.46859216],[-123.95728445,50.46863026],[-123.95730962,50.46916968],[-123.95733114,50.469556],[-123.95735275,50.46990671],[-123.95738999,50.47036495],[-123.9573962,50.4706797],[-123.95748551,50.47114755],[-123.95768303,50.47162573],[-123.95798892,50.47211388],[-123.95863555,50.47249236],[-123.95909206,50.47277934],[-123.95935955,50.47297481],[-123.95955524,50.47322227],[-123.95965971,50.47351494],[-123.95970512,50.47382435],[-123.9598271,50.47411026],[-123.96009889,50.47424592],[-123.96057321,50.47421708],[-123.96111035,50.4740127],[-123.9617096,50.47381581],[-123.96224702,50.47375172],[-123.96278783,50.47386387],[-123.96310444,50.47417898],[-123.96349255,50.47457171],[-123.96395312,50.47504134],[-123.96443917,50.47537923],[-123.96487972,50.47577125],[-123.96514752,50.47608671],[-123.96528916,50.4762715],[-123.96637709,50.47640644],[-123.9663341,50.47669449],[-123.96629043,50.47699785],[-123.96630654,50.4773304],[-123.9664453,50.47769179],[-123.96647027,50.47799444],[-123.96656677,50.47827465],[-123.96673287,50.47866097],[-123.96685607,50.47894474],[-123.9669116,50.47913594],[-123.96730655,50.47936951],[-123.96755169,50.47964047],[-123.96764721,50.47994845],[-123.96778891,50.48028492],[-123.96805118,50.48064347],[-123.96848905,50.48092368],[-123.96891606,50.48104402],[-123.9693322,50.4810045],[-123.97002481,50.48088095],[-123.97065474,50.48060786],[-123.97111864,50.48023116],[-123.97153011,50.47989611],[-123.97187871,50.47965506],[-123.97206969,50.47955786],[-123.97224528,50.47943324],[-123.97311906,50.47957887],[-123.97403598,50.47969103],[-123.97505851,50.47976259],[-123.97592157,50.47983523],[-123.97666495,50.47996697],[-123.97734625,50.47996305],[-123.9781856,50.47997907],[-123.97914306,50.47991427],[-123.98023495,50.47993207],[-123.98133326,50.47996875],[-123.98240898,50.48018451],[-123.98233644,50.47940262],[-123.98339188,50.47930969],[-123.98432499,50.47908609],[-123.98513326,50.47880018],[-123.98583244,50.47851854],[-123.98652638,50.47823406],[-123.98721213,50.47791041],[-123.98776183,50.47747389],[-123.98829539,50.4769188],[-123.98882086,50.47630176],[-123.98947604,50.47570858],[-123.99032082,50.47547074],[-123.99096783,50.47525924],[-123.99156866,50.47506448],[-123.99214494,50.47484266],[-123.99276,50.47461942],[-123.99312921,50.47437944],[-123.9934448,50.47411881],[-123.99347244,50.47408285],[-123.99362306,50.47388346],[-123.99365007,50.47382934],[-123.99384183,50.47356693],[-123.99403449,50.47334048],[-123.99415888,50.47320446],[-123.99426928,50.47311367],[-123.99431109,50.47307735],[-123.99438025,50.47302288],[-123.9944777,50.47295914],[-123.99462407,50.47286265],[-123.99482067,50.47273412],[-123.9949775,50.4725949],[-123.99516167,50.4724386],[-123.99535642,50.47231683],[-123.99556138,50.47223031],[-123.99667461,50.47267929],[-123.99779086,50.47303854],[-123.99757989,50.47334226],[-123.99773251,50.47367944],[-123.99813255,50.47409068],[-123.9986535,50.47451794],[-123.99905836,50.47500609],[-123.99946511,50.47558432],[-123.9998725,50.4761743],[-124.00016206,50.47677033],[-124.00033432,50.47736066],[-124.00038576,50.47778294],[-124.00045921,50.47859154],[-124.00052931,50.47926554],[-124.00071879,50.47998228],[-124.00102373,50.48065237],[-124.00144066,50.48125125],[-124.00185209,50.48182627],[-124.00225627,50.48227846],[-124.00266152,50.4827577],[-124.00284764,50.48327968],[-124.00281505,50.48381767],[-124.00279252,50.48422962],[-124.00282709,50.48460597],[-124.00319392,50.48483064],[-124.00359887,50.48510907],[-124.00404325,50.48544091],[-124.00434628,50.48578095],[-124.00471596,50.48609071],[-124.00503717,50.48636558],[-124.0053238,50.48666182],[-124.00566696,50.48703781],[-124.00602912,50.48736645],[-124.00650833,50.48802158],[-124.00717954,50.48856349],[-124.00789801,50.48907692],[-124.00864442,50.48946324],[-124.00936629,50.4898257],[-124.01006418,50.49016431],[-124.0098744,50.4905257],[-124.00982095,50.49087677],[-124.00968069,50.49136385],[-124.00947249,50.49187941],[-124.00920009,50.49238714],[-124.0088804,50.49284253],[-124.00862105,50.49316654],[-124.00840129,50.49349731],[-124.00834776,50.49386369],[-124.00828582,50.49433795],[-124.0082155,50.4949201],[-124.00796456,50.49549761],[-124.00766666,50.49608474],[-124.00742282,50.49655473],[-124.00736929,50.49698698],[-124.00734145,50.49737294],[-124.00727071,50.49772401],[-124.00708873,50.49806831],[-124.00722406,50.49825631],[-124.00737492,50.49848881],[-124.00748701,50.4986914],[-124.00763805,50.49885127],[-124.00777512,50.49897981],[-124.00791343,50.49905956],[-124.00791395,50.49908662],[-124.00772625,50.49933408],[-124.0075157,50.49959969],[-124.0072823,50.49988347],[-124.00705717,50.50035417],[-124.00676593,50.50081419],[-124.0064911,50.50113036],[-124.00631928,50.50144974],[-124.00625066,50.50177197],[-124.00627553,50.50205966],[-124.00625444,50.50240467],[-124.00608539,50.5029238],[-124.00581379,50.50355971],[-124.0053031,50.50428961],[-124.0042692,50.50474821],[-124.0031376,50.50526128],[-124.00270426,50.50522033],[-124.00225147,50.50513702],[-124.00177868,50.5050124],[-124.00149628,50.50468804],[-124.00096295,50.50451286],[-124.00023408,50.50451499],[-123.9994571,50.50459155],[-123.99898078,50.50467878],[-123.99852454,50.50489134],[-123.99814991,50.50525523],[-123.99784575,50.50574765],[-123.99767747,50.50624363],[-123.99742803,50.5066036],[-123.99721609,50.50689022],[-123.99704219,50.5071035],[-123.99696046,50.507383],[-123.99674777,50.50770451],[-123.99630457,50.50801926],[-123.99570863,50.50828417],[-123.99491459,50.50853162],[-123.99428973,50.50893859],[-123.99383463,50.50950507],[-123.99328979,50.5099747],[-123.99268299,50.51040837],[-123.9920144,50.5108068],[-123.99148618,50.5107274],[-123.99059541,50.51062592],[-123.98961642,50.51056931],[-123.98890137,50.51062556],[-123.98827547,50.51073986],[-123.98812955,50.51116356],[-123.98773987,50.51158548],[-123.98720126,50.5119718],[-123.98651915,50.51239728],[-123.98583721,50.51285588],[-123.98527648,50.51346936],[-123.98471367,50.51404367],[-123.98426568,50.51458985],[-123.98369359,50.51503634],[-123.98311734,50.51543904],[-123.98241411,50.51576269],[-123.98138153,50.51631101],[-123.9804169,50.51672403],[-123.98032198,50.51691345],[-123.9793698,50.51693766],[-123.97853192,50.51690455],[-123.97781324,50.51692662],[-123.97696651,50.5168458],[-123.97601015,50.51688995],[-123.97493905,50.51694692],[-123.97390819,50.51712922],[-123.97352235,50.51779717],[-123.97303143,50.5183957],[-123.97289177,50.51845979],[-123.97181252,50.51832092],[-123.97085521,50.51819097],[-123.97002528,50.51814788],[-123.9693108,50.51801401],[-123.96848331,50.51793496],[-123.9675336,50.5177192],[-123.96646764,50.51754615],[-123.9653974,50.51733502],[-123.96432367,50.51724493],[-123.96325078,50.51728374],[-123.96218605,50.51749666],[-123.96112812,50.51780216],[-123.96015708,50.51812794],[-123.95945162,50.51837362],[-123.95880501,50.51840673],[-123.95795036,50.51830775],[-123.95688668,50.51802576],[-123.95644515,50.51842418],[-123.95588819,50.51869549],[-123.95531735,50.5188404],[-123.95497211,50.51897036],[-123.95478822,50.51911741],[-123.95466378,50.51928049],[-123.95439994,50.51952865],[-123.95423586,50.51986726],[-123.95417247,50.52029666],[-123.95422295,50.52083786],[-123.95420323,50.52133633],[-123.95398969,50.52171197],[-123.95365832,50.52207834],[-123.95294346,50.52254584],[-123.95201129,50.52271247],[-123.95119958,50.52289192],[-123.95050566,50.52314437],[-123.94968377,50.52326898],[-123.94885921,50.52349365],[-123.948034,50.52370337],[-123.94732942,50.52399462],[-123.94662293,50.52416552],[-123.94592522,50.52437773],[-123.94523113,50.52464121],[-123.94442026,50.52492463],[-123.94348964,50.52526715],[-123.94243694,50.52553953],[-123.94138231,50.52595255],[-123.94032882,50.52641079],[-123.93929174,50.52701857],[-123.93896422,50.52757579],[-123.93851379,50.52800733],[-123.93805943,50.52843673],[-123.93748427,50.5288291],[-123.93690991,50.52926847],[-123.93621704,50.52968149],[-123.93564189,50.53007706],[-123.93518471,50.53050539],[-123.93462061,50.53098428],[-123.93431739,50.53158637],[-123.93427527,50.53231129],[-123.93330936,50.53200437],[-123.93223747,50.53178504],[-123.93144526,50.53167431],[-123.93076639,50.53160203],[-123.93028477,50.53150697],[-123.92985015,50.53140229],[-123.92937132,50.5312264],[-123.92882388,50.53118688],[-123.92827836,50.53112101],[-123.92774475,50.53100529],[-123.92714964,50.53087533],[-123.92647789,50.53068591],[-123.92588837,50.53059156],[-123.92517215,50.53054919],[-123.92453334,50.53057233],[-123.92371815,50.53032915],[-123.92295157,50.53001831],[-123.92247423,50.52991399],[-123.92200848,50.52989085],[-123.92187228,50.52967009],[-123.92163914,50.52927915],[-123.92131595,50.528791],[-123.9209031,50.52820601],[-123.92017087,50.52754909],[-123.91964455,50.52708871],[-123.91928632,50.52655499],[-123.91900563,50.52607147],[-123.91864524,50.52567554],[-123.91812113,50.52540387],[-123.91765148,50.52503287],[-123.91729259,50.52463088],[-123.91668325,50.52424101],[-123.91626741,50.52365673],[-123.91604567,50.52287804],[-123.91582153,50.52223216],[-123.91489465,50.52182306],[-123.91390403,50.52156777],[-123.91284201,50.52151436],[-123.91173228,50.52161405],[-123.91060602,50.52173369],[-123.90965281,50.5219491],[-123.90894521,50.52233506],[-123.90848397,50.52289228],[-123.90851407,50.52371939],[-123.90842016,50.52430367],[-123.90808799,50.52478292],[-123.9073961,50.52508912],[-123.90658582,50.52543343],[-123.90577507,50.52580336],[-123.90507508,50.5264115],[-123.90437512,50.52711542],[-123.90381055,50.52800804],[-123.90348294,50.52881984],[-123.90339157,50.52955117],[-123.903418,50.53018957],[-123.90296518,50.53070264],[-123.90226948,50.53095793],[-123.90132933,50.53090025],[-123.90026588,50.53064568],[-123.89920146,50.53038006],[-123.89814068,50.5301764],[-123.89811089,50.52934003],[-123.89807834,50.52836908],[-123.89763604,50.52786384],[-123.89696542,50.52772213],[-123.89606643,50.52794395],[-123.89609655,50.52878922],[-123.8961528,50.53026363],[-123.89618512,50.53121678],[-123.89621897,50.53225966],[-123.89624998,50.53314979],[-123.89615587,50.53380991],[-123.89593693,50.53426744],[-123.89547644,50.53452166],[-123.89490032,50.53481078],[-123.89408699,50.53499699],[-123.89326578,50.53504328],[-123.89254588,50.53467405],[-123.89204761,50.53402746],[-123.89111154,50.53419765],[-123.890397,50.53398402],[-123.89002029,50.53328153],[-123.88986964,50.53228138],[-123.88983251,50.53104054],[-123.88872735,50.53037543],[-123.88762876,50.5299001],[-123.88689973,50.52957894],[-123.88616739,50.52897793],[-123.88543159,50.52809741],[-123.88497142,50.52889319],[-123.88438916,50.5296879],[-123.88331426,50.52948245],[-123.8822377,50.5293265],[-123.88208375,50.52830641],[-123.8816977,50.52751704],[-123.88096355,50.52699294],[-123.88012803,50.52682061],[-123.87930017,50.52675189],[-123.87859652,50.52675224],[-123.87788377,50.52660769],[-123.87681531,50.5265525],[-123.87574483,50.52639584],[-123.8746601,50.52606328],[-123.8735766,50.52570153],[-123.87249507,50.52536186],[-123.87153429,50.52512046],[-123.87068375,50.524732],[-123.86994325,50.52419686],[-123.86921363,50.52372687],[-123.86848814,50.52331456],[-123.86787611,50.52276731],[-123.86726337,50.52216665],[-123.86664937,50.52151151],[-123.86590804,50.52083643],[-123.8652901,50.5202137],[-123.86490036,50.51936701],[-123.8647379,50.51829707],[-123.8647316,50.51793746],[-123.863653,50.51759173],[-123.86258452,50.51744361],[-123.86151458,50.51730475],[-123.86044336,50.51717479],[-123.85935945,50.51677708],[-123.85828398,50.51632133],[-123.85721391,50.51591544],[-123.85614116,50.51561778],[-123.85518558,50.51529199],[-123.85446346,50.51488039],[-123.85397519,50.51438334],[-123.85293644,50.51492454],[-123.85187996,50.51518838],[-123.85093909,50.51540984],[-123.85010793,50.51547785],[-123.84939138,50.51562027],[-123.84854726,50.51565516],[-123.84758582,50.51580114],[-123.84651072,50.51580007],[-123.8454424,50.51575272],[-123.84437395,50.51557256],[-123.84330203,50.51542052],[-123.84222329,50.51522256],[-123.84113751,50.51504667],[-123.84003862,50.51484443],[-123.83894833,50.51472337],[-123.83798678,50.51482556],[-123.83727434,50.51522825],[-123.83693056,50.51580435],[-123.83683183,50.51645058],[-123.83685976,50.51721467],[-123.83688692,50.51796096],[-123.83691427,50.51869834],[-123.83694537,50.51966039],[-123.83697388,50.5204697],[-123.83688296,50.5212815],[-123.83655269,50.52200144],[-123.835862,50.52259106],[-123.83493299,50.52313724],[-123.8338858,50.52375642],[-123.83284955,50.52420433],[-123.83213351,50.52386466],[-123.8314132,50.52353104],[-123.83057499,50.52321949],[-123.82962463,50.52292326],[-123.82963606,50.52355276],[-123.82954629,50.52424314],[-123.82945396,50.52487407],[-123.82924168,50.52538928],[-123.82902725,50.52586247],[-123.82843508,50.52631145],[-123.8276035,50.52673302],[-123.82669274,50.52707233],[-123.82563809,50.52736537],[-123.82459338,50.52753093],[-123.8235447,50.52752915],[-123.82248717,50.52772249],[-123.82143293,50.52804471],[-123.82039033,50.528394],[-123.81935413,50.52884797],[-123.81843853,50.52930585],[-123.81764568,50.52987304],[-123.81697468,50.5304203],[-123.81617533,50.53070264],[-123.81524743,50.53072045],[-123.81419402,50.53080056],[-123.81314627,50.5310619],[-123.81208138,50.53094618],[-123.81102563,50.53098571],[-123.80996591,50.53100387],[-123.80891911,50.53104339],[-123.80788284,50.5310263],[-123.80701578,50.53120432],[-123.80636884,50.53162268],[-123.80606146,50.5323412],[-123.80598647,50.53318006],[-123.80602981,50.53407019],[-123.80607512,50.5350682],[-123.80563243,50.53586042],[-123.80494125,50.53644078],[-123.80400231,50.53680894],[-123.80293359,50.53702329],[-123.80243692,50.53641016],[-123.80171716,50.53604948],[-123.80077167,50.53585721],[-123.79982599,50.53565569],[-123.79910065,50.53512125],[-123.79859811,50.53433723],[-123.79757168,50.53484175],[-123.79655259,50.53520564],[-123.7960178,50.53529216],[-123.79545887,50.53535091],[-123.7949058,50.53535554],[-123.79440537,50.53535803],[-123.79395891,50.53535803],[-123.79378338,50.53509241],[-123.79363941,50.53482965],[-123.79313007,50.53467227],[-123.79258947,50.53447716],[-123.79217781,50.5343269],[-123.79172807,50.53418306],[-123.7912259,50.5339648],[-123.79097431,50.53401856],[-123.79064977,50.53410045],[-123.79005881,50.53420335],[-123.78929444,50.53433153],[-123.78859667,50.53452522],[-123.787746,50.53473387],[-123.78688054,50.53483356],[-123.78581285,50.53483784],[-123.78473774,50.5348649],[-123.7836713,50.53503509],[-123.7826165,50.53543601],[-123.7815645,50.53593661],[-123.78049233,50.53595264],[-123.77942225,50.536089],[-123.77835685,50.53613707],[-123.77727706,50.53607334],[-123.7760652,50.53587431],[-123.77501424,50.53584333],[-123.77401455,50.53587929],[-123.77295649,50.53563148],[-123.77198736,50.53562293],[-123.77134926,50.53581698],[-123.77099774,50.53609399],[-123.77091835,50.5364034],[-123.76974633,50.53635213],[-123.76861883,50.53645253],[-123.76753657,50.53670426],[-123.76703004,50.53593626],[-123.76629135,50.5353477],[-123.76532067,50.53493824],[-123.76424109,50.53535304],[-123.7631621,50.53554496],[-123.76214388,50.53568061],[-123.7612394,50.53569948],[-123.76045514,50.53570162],[-123.75973973,50.53566423],[-123.75892341,50.53569984],[-123.75809046,50.5358679],[-123.75741433,50.53614419],[-123.75703668,50.5363596],[-123.75666897,50.53659567],[-123.75663321,50.53679791],[-123.75653771,50.53700833],[-123.75638303,50.53722695],[-123.75592601,50.53769587],[-123.75556595,50.5381947],[-123.75456642,50.53864368],[-123.75369261,50.53900329],[-123.75307116,50.53928315],[-123.75245101,50.53943412],[-123.75183487,50.53964276],[-123.75096534,50.53987313],[-123.74996629,50.54017328],[-123.74885715,50.54054037],[-123.74773782,50.54084124],[-123.74675515,50.54124927],[-123.7459027,50.54171356],[-123.74517145,50.54218284],[-123.74442661,50.54267918],[-123.74380892,50.5431627],[-123.74331827,50.54367862],[-123.74374598,50.54397272],[-123.74413499,50.5443569],[-123.74451942,50.5446631],[-123.74495141,50.54492017],[-123.74535924,50.54513131],[-123.74583908,50.54540725],[-123.74625604,50.54559347],[-123.74671352,50.54577505],[-123.747132,50.54597124],[-123.74739378,50.54616173],[-123.74784957,50.54632943],[-123.7482744,50.54651564],[-123.74813031,50.54692831],[-123.74802012,50.54738975],[-123.74791691,50.54789997],[-123.74768757,50.5483632],[-123.74720913,50.54886772],[-123.7467334,50.54943456],[-123.74626022,50.55006299],[-123.7460425,50.55076869],[-123.74607206,50.55144519],[-123.74634871,50.55209178],[-123.74674305,50.55262586],[-123.74688716,50.55308872],[-123.74678051,50.55350709],[-123.74642467,50.55392296],[-123.74631921,50.55437336],[-123.7463366,50.55478603],[-123.74660022,50.55510398],[-123.74661209,50.55535678],[-123.74662354,50.55558251],[-123.74638835,50.5558727],[-123.74628086,50.55622733],[-123.74617629,50.5566375],[-123.74619799,50.55713205],[-123.74622029,50.55764477],[-123.74611812,50.55822086],[-123.74589,50.55877096],[-123.74565875,50.55925306],[-123.74579982,50.55962976],[-123.74631246,50.55990143],[-123.7469501,50.5601731],[-123.74734207,50.56053627],[-123.74760857,50.56093042],[-123.74787379,50.56133027],[-123.74826649,50.56175326],[-123.74866241,50.56218942],[-123.74905556,50.56255473],[-123.74957023,50.56286129],[-123.75020828,50.56311089],[-123.75097962,50.56339074],[-123.75175044,50.56359868],[-123.75238775,50.56384329],[-123.75301838,50.56401811],[-123.75352179,50.56420468],[-123.75415311,50.56435351],[-123.75479633,50.56463194],[-123.7555701,50.5649588],[-123.75559289,50.56548932],[-123.7555985,50.56586709],[-123.75599285,50.56598245],[-123.75639136,50.56618967],[-123.75679458,50.56648875],[-123.75719594,50.56685478],[-123.75773189,50.56731515],[-123.75826805,50.56777517],[-123.7588046,50.56823555],[-123.75909609,50.56872619],[-123.75926746,50.56922146],[-123.75928329,50.56961739],[-123.7593476,50.56983565],[-123.75943606,50.57006886],[-123.75895863,50.57020701],[-123.75879006,50.5702711],[-123.75861393,50.57043987],[-123.75843638,50.57063605],[-123.7582955,50.57084683],[-123.75820952,50.57125095],[-123.75817793,50.57172272],[-123.75821632,50.57236112],[-123.75824339,50.57315227],[-123.75826566,50.57369169],[-123.75817142,50.57446183],[-123.75794155,50.57517501],[-123.75757927,50.57579169],[-123.75722157,50.57636956],[-123.75724679,50.57707099],[-123.75713933,50.57751534],[-123.75677644,50.57797749],[-123.75603016,50.57841793],[-123.7550279,50.57876117],[-123.75391268,50.57908019],[-123.75279215,50.5793782],[-123.7516678,50.57952241],[-123.75053462,50.57952775],[-123.74940214,50.57944585],[-123.7483474,50.57942876],[-123.74746786,50.5795014],[-123.74684951,50.57980725],[-123.74641241,50.58022561],[-123.74618855,50.5805749],[-123.74594702,50.58088822],[-123.74574472,50.58119514],[-123.74547261,50.58153268],[-123.74526103,50.5818606],[-123.74602683,50.58206284],[-123.74649501,50.58217678],[-123.74710013,50.58233451],[-123.74782883,50.5825638],[-123.74829307,50.58273471],[-123.74883806,50.58296792],[-123.74946418,50.5832638],[-123.74990498,50.58346355],[-123.75034607,50.58363588],[-123.75060121,50.58369712],[-123.75103084,50.5837872],[-123.75145936,50.58388155],[-123.75186646,50.5839987],[-123.75223274,50.58415429],[-123.75236141,50.5842344],[-123.7526656,50.58413934],[-123.75309278,50.58404071],[-123.75351542,50.5839841],[-123.75390084,50.58392143],[-123.75428092,50.58394422],[-123.75470504,50.58406314],[-123.75517284,50.58427891],[-123.75539272,50.58447545],[-123.7556505,50.5847165],[-123.75599617,50.58502128],[-123.75629626,50.58533603],[-123.75643924,50.58561873],[-123.75657909,50.58585587],[-123.75665786,50.58605205],[-123.75672971,50.58624432],[-123.75664674,50.58653877],[-123.75658264,50.58693898],[-123.75653739,50.58744493],[-123.75655916,50.58792132],[-123.75658141,50.58842478],[-123.75660413,50.5889553],[-123.75662429,50.58933272],[-123.75667663,50.58966242],[-123.75678975,50.58988745],[-123.75691868,50.59008648],[-123.7574483,50.59052371],[-123.7577203,50.5907377],[-123.75784892,50.59084487],[-123.75807962,50.59122513],[-123.75818322,50.59160718],[-123.75810461,50.59200631],[-123.75800001,50.59240474],[-123.75779898,50.5928117],[-123.75742806,50.59317986],[-123.75680472,50.59354054],[-123.75695578,50.59406501],[-123.75736397,50.59454817],[-123.75803157,50.59505341],[-123.75870353,50.59566867],[-123.75912563,50.59640926],[-123.75929353,50.59721144],[-123.75931927,50.59793993],[-123.75936117,50.59878484],[-123.75942737,50.60025035],[-123.75947064,50.60118534],[-123.76059156,50.60145203],[-123.76162259,50.60163397],[-123.76256448,50.60173188],[-123.76310585,50.60197507],[-123.76361503,50.6023005],[-123.76389709,50.60255045],[-123.7641815,50.60287125],[-123.76437746,50.60323798],[-123.76457468,50.60358834],[-123.76467225,50.60389526],[-123.76495172,50.6041922],[-123.76523166,50.60459704],[-123.76560537,50.60506631],[-123.76570319,50.60560644],[-123.76561799,50.60615761],[-123.76534872,50.60669276],[-123.76511813,50.60708905],[-123.76502089,50.60739952],[-123.76511147,50.60763487],[-123.76527782,50.60783248],[-123.7654889,50.60807994],[-123.76561946,50.60825903],[-123.76573543,50.60843813],[-123.76583606,50.60857236],[-123.76596591,50.60871621],[-123.76613806,50.60886717],[-123.7662954,50.60900995],[-123.76639729,50.60917409],[-123.76642858,50.60935959],[-123.76640519,50.60965654],[-123.76635167,50.60986376],[-123.76630046,50.61016997],[-123.76627492,50.61035903],[-123.76620815,50.61057124],[-123.76611279,50.61078879],[-123.76593329,50.61105369],[-123.76585434,50.61113523],[-123.76568727,50.61129224],[-123.76543207,50.61152475],[-123.7648609,50.61127373],[-123.76417789,50.61119113],[-123.76338339,50.61127729],[-123.76252383,50.61145389],[-123.76164968,50.61158848],[-123.76079928,50.61180994],[-123.75994779,50.61208517],[-123.75936397,50.61240989],[-123.75903165,50.61254697],[-123.7590445,50.61275064],[-123.75898351,50.61305079],[-123.75895796,50.61323985],[-123.75893766,50.61343176],[-123.75889389,50.61364504],[-123.75882591,50.61379814],[-123.75870206,50.61400572],[-123.7586051,50.61415953],[-123.75853788,50.6143575],[-123.75848424,50.61453802],[-123.75845953,50.61474488],[-123.75849168,50.61499661],[-123.75852126,50.61508634],[-123.758601,50.61535551],[-123.75871386,50.61562469],[-123.75872876,50.61569626],[-123.75877476,50.61590312],[-123.75885136,50.61626238],[-123.75889859,50.61657677],[-123.7588288,50.61690683],[-123.75885978,50.61718135],[-123.75891222,50.61740388],[-123.75907019,50.61767484],[-123.75927877,50.61792621],[-123.75955061,50.6181434],[-123.7597784,50.61833959],[-123.7599483,50.61855749],[-123.76006574,50.61883521],[-123.76015304,50.6189876],[-123.76032807,50.61930129],[-123.76041532,50.61948074],[-123.76046105,50.61966019],[-123.76050216,50.61989376],[-123.76052567,50.62016329],[-123.76051376,50.62029823],[-123.76032064,50.62060551],[-123.75995619,50.62079671],[-123.7599631,50.62123714],[-123.76005736,50.6217114],[-123.76015172,50.62212621],[-123.76024693,50.62248226],[-123.76014305,50.62294584],[-123.75994255,50.62346781],[-123.75966643,50.62386232],[-123.75929555,50.62423617],[-123.75891531,50.62464848],[-123.75852664,50.62509853],[-123.75832814,50.62564365],[-123.75813453,50.62619446],[-123.75794564,50.62675133],[-123.75766221,50.62729573],[-123.75747487,50.62786043],[-123.75737863,50.62842157],[-123.75738597,50.62888942],[-123.75738154,50.6294737],[-123.75766017,50.62982263],[-123.7579443,50.63018367],[-123.75804069,50.63060452],[-123.75794405,50.6310738],[-123.75766054,50.6315883],[-123.75747278,50.63213021],[-123.75737649,50.63270238],[-123.75738511,50.633224],[-123.75737646,50.63358361],[-123.75743261,50.63402797],[-123.75740415,50.63431886],[-123.75723485,50.63443707],[-123.75696645,50.63445879],[-123.75637582,50.63495833],[-123.75589877,50.63527415],[-123.75551443,50.63542262],[-123.75528049,50.63552481],[-123.75507234,50.635695],[-123.75495864,50.63592964],[-123.7549297,50.63619882],[-123.75498047,50.63642918],[-123.75498109,50.63665884],[-123.75495515,50.63689098],[-123.75487276,50.63706225],[-123.75477644,50.63721606],[-123.75461017,50.63741474],[-123.75438697,50.63760522],[-123.75419519,50.63772023],[-123.75403675,50.63784129],[-123.75388826,50.63796804],[-123.75371623,50.63814002],[-123.75356591,50.63845583],[-123.75312395,50.63911524],[-123.75311834,50.63965466],[-123.75302913,50.64016809],[-123.75275648,50.64060034],[-123.75220315,50.64089764],[-123.75145458,50.64114937],[-123.75058508,50.64132597],[-123.75059277,50.64179347],[-123.75058868,50.64244113],[-123.75068105,50.64288619],[-123.75087176,50.64330847],[-123.7512527,50.64367592],[-123.75153925,50.64409748],[-123.75183088,50.64452439],[-123.75183595,50.64494311],[-123.75193595,50.64530023],[-123.75193273,50.64570791],[-123.75221061,50.64618075],[-123.75258077,50.64671803],[-123.75315538,50.64726279],[-123.75316474,50.64787413],[-123.75306384,50.64834448],[-123.75296524,50.6488579],[-123.75277351,50.64935175],[-123.75277402,50.6497783],[-123.75290794,50.65009412],[-123.75338592,50.65037789],[-123.75401534,50.65062962],[-123.75439061,50.65078913],[-123.75462864,50.65094045],[-123.75474443,50.65109249],[-123.75491788,50.65134315],[-123.75503379,50.65151334],[-123.7551655,50.65169742],[-123.75525343,50.65188577],[-123.75529759,50.6520784],[-123.7552865,50.6522671],[-123.75520084,50.65250744],[-123.75504815,50.65271253],[-123.75482935,50.65288165],[-123.75468077,50.65302051],[-123.75458915,50.65320103],[-123.75455505,50.65342321],[-123.75423981,50.65384477],[-123.75398868,50.65428129],[-123.75350414,50.65481893],[-123.75311475,50.65536583],[-123.75274291,50.65567915],[-123.75227528,50.655938],[-123.7519988,50.65632931],[-123.75172153,50.65667895],[-123.75144001,50.65707132],[-123.75105994,50.65748256],[-123.75058094,50.65791231],[-123.7501008,50.6582762],[-123.7498149,50.6586878],[-123.74962599,50.65916348],[-123.74943963,50.65969151],[-123.749156,50.66023271],[-123.74896931,50.66076572],[-123.74888013,50.66129268],[-123.7488742,50.66180539],[-123.74886922,50.66238113],[-123.74759264,50.66278489],[-123.74673039,50.66312314],[-123.74634268,50.66354043],[-123.74619938,50.66403001],[-123.74630105,50.66459186],[-123.7454646,50.66448931],[-123.7446014,50.66448575],[-123.74437603,50.66543463],[-123.74403854,50.66616917],[-123.74369057,50.66684175],[-123.74323912,50.66743137],[-123.74278899,50.66799251],[-123.74227267,50.66847568],[-123.74192725,50.6691034],[-123.74148572,50.6697215],[-123.74097637,50.67030365],[-123.74043213,50.67069353],[-123.73987936,50.67103605],[-123.73982137,50.67165771],[-123.73966628,50.67220034],[-123.73931646,50.67265715],[-123.73897414,50.67317414],[-123.73863855,50.67375059],[-123.73849503,50.67440502],[-123.73844259,50.67506478],[-123.73847924,50.6755953],[-123.73868388,50.67612154],[-123.73879747,50.67664245],[-123.73869023,50.67712881],[-123.73848901,50.67761981],[-123.73819285,50.67811508],[-123.7377784,50.67873853],[-123.73781601,50.67934951],[-123.73830084,50.67986116],[-123.73860599,50.6803899],[-123.73873257,50.68093573],[-123.73877147,50.68161899],[-123.73835228,50.68213918],[-123.73802362,50.68266685],[-123.7380468,50.68323333],[-123.73808477,50.68385358],[-123.73812148,50.68436594],[-123.73729394,50.68488364],[-123.73646763,50.68541949],[-123.73650563,50.6860668],[-123.73566428,50.68656669],[-123.73560288,50.68705484],[-123.73534946,50.68745505],[-123.73490438,50.68776766],[-123.73446181,50.68831883],[-123.73411455,50.68886074],[-123.7336539,50.68928444],[-123.73329318,50.68974731],[-123.73306388,50.69019522],[-123.73283516,50.69064634],[-123.73268912,50.69107788],[-123.73251201,50.69151297],[-123.7322239,50.69190748],[-123.73166298,50.69224074],[-123.73094333,50.69248678],[-123.73062035,50.69298845],[-123.73040616,50.69345275],[-123.73033724,50.69398255],[-123.73016236,50.6944675],[-123.72988141,50.69492182],[-123.72960057,50.6953911],[-123.73048472,50.69579913],[-123.73049604,50.69651871],[-123.73050307,50.69696841],[-123.73052566,50.69752563],[-123.73053415,50.69807431],[-123.73054396,50.69870381],[-123.73056628,50.69921617],[-123.73135382,50.69966871],[-123.7320413,50.70009206],[-123.73253447,50.70051291],[-123.73302517,50.70082161],[-123.73351968,50.70116306],[-123.73411374,50.70151092],[-123.73460851,50.70196347],[-123.7349142,50.70249327],[-123.73503102,50.70309999],[-123.73503809,50.70355858],[-123.73504573,50.70404424],[-123.73506733,50.70453879],[-123.73507646,50.70512343],[-123.73510031,50.70574367],[-123.7351089,50.70630125],[-123.73588579,50.70646504],[-123.73646539,50.70668614],[-123.73684714,50.70696458],[-123.73725632,50.70725084],[-123.73785404,50.70743599],[-123.7386403,50.70752002],[-123.7391272,50.70804555],[-123.73952082,50.70857536],[-123.74030912,50.70904998],[-123.74090183,50.70953207],[-123.74129989,50.71002093],[-123.74216393,50.71002449],[-123.74247268,50.71044819],[-123.74287124,50.7108516],[-123.74334811,50.71127317],[-123.74401243,50.71167052],[-123.74477441,50.71206716],[-123.74553461,50.71240114],[-123.74603339,50.71266782],[-123.74636791,50.71302032],[-123.74653855,50.71345897],[-123.7474164,50.71354122],[-123.74829927,50.71354763],[-123.74916908,50.71351416],[-123.7499327,50.71353802],[-123.75059688,50.71371462],[-123.75117877,50.71400765],[-123.75188386,50.7142811],[-123.75257687,50.71452143],[-123.75325839,50.71472866],[-123.75383732,50.7149049],[-123.75442462,50.71502703],[-123.75525595,50.71560597],[-123.75617492,50.71598872],[-123.7570562,50.71627499],[-123.75763083,50.71640103],[-123.75821223,50.71653028],[-123.75885865,50.7166111],[-123.75946652,50.71672077],[-123.75994011,50.7168226],[-123.76022136,50.71696787],[-123.76036572,50.7171288],[-123.76049557,50.71728084],[-123.76059746,50.71745103],[-123.7606992,50.71760307],[-123.76078659,50.71776436],[-123.76090265,50.71792565],[-123.76099038,50.71810474],[-123.76103962,50.71820942],[-123.76107803,50.71827529],[-123.76122047,50.71831624],[-123.76137249,50.71836039],[-123.76159035,50.71840988],[-123.76181822,50.71846827],[-123.76208871,50.71855622],[-123.76231605,50.71861781],[-123.76244859,50.71864096],[-123.76254335,50.71865235],[-123.76271933,50.71871431],[-123.76292879,50.71881151],[-123.763122,50.7188934],[-123.76325175,50.71894147],[-123.76332437,50.71895108],[-123.76344189,50.71901517],[-123.76355612,50.71906822],[-123.76362766,50.71910383],[-123.76368468,50.71913053],[-123.76372765,50.71915723],[-123.76391297,50.71923699],[-123.76404609,50.71928399],[-123.76420709,50.71932493],[-123.76439671,50.71935947],[-123.76446735,50.71937727],[-123.76467607,50.71940861],[-123.76496988,50.71948195],[-123.7652469,50.71956491],[-123.76542546,50.71962081],[-123.76550631,50.7196493],[-123.76566356,50.71975611],[-123.76577886,50.71984513],[-123.76583567,50.71988963],[-123.7658789,50.71992559],[-123.76599822,50.7200025],[-123.76608419,50.72005912],[-123.76613807,50.7200908],[-123.76620146,50.72011608],[-123.76627455,50.72013567],[-123.76637832,50.72014706],[-123.76653492,50.72009009],[-123.76672132,50.72003099],[-123.76691414,50.71999965],[-123.76706549,50.71998648],[-123.76722542,50.71996761],[-123.76731982,50.719958],[-123.7674094,50.71995444],[-123.76746579,50.71995087],[-123.76749398,50.71991491],[-123.76757166,50.71985723],[-123.76769913,50.71976964],[-123.76786265,50.71966675],[-123.76801224,50.7195788],[-123.76809232,50.71953928],[-123.76822325,50.71946023],[-123.7684052,50.71934238],[-123.76858698,50.7192053],[-123.76875531,50.71909421],[-123.76885853,50.71904258],[-123.7689103,50.71902407],[-123.76899938,50.71898455],[-123.76905057,50.71894218],[-123.76909233,50.71889411],[-123.76913775,50.71881293],[-123.76923966,50.71869543],[-123.76939805,50.71856227],[-123.76948205,50.71849889],[-123.76965509,50.71839172],[-123.76992327,50.71831802],[-123.77028603,50.71827778],[-123.7710081,50.718255],[-123.77189708,50.71832906],[-123.77278222,50.71845617],[-123.77365998,50.71870612],[-123.7745429,50.71900805],[-123.77541075,50.71923592],[-123.77628441,50.71950581],[-123.77707224,50.7198405],[-123.77766012,50.72026812],[-123.77795557,50.72082178],[-123.77805882,50.72145448],[-123.77808445,50.72214701],[-123.77897016,50.7223058],[-123.77975215,50.72245748],[-123.78034044,50.72273129],[-123.780736,50.72312757],[-123.78113691,50.72338856],[-123.78172825,50.7234555],[-123.78251056,50.72332839],[-123.78337642,50.72315179],[-123.78423814,50.72301684],[-123.78500066,50.72275407],[-123.78566892,50.72253866],[-123.7862429,50.72232396],[-123.78691591,50.72217869],[-123.78768299,50.72192554],[-123.7885526,50.72167096],[-123.78937528,50.72145164],[-123.79004817,50.72133485],[-123.79045634,50.72123836],[-123.79064751,50.72110911],[-123.7906158,50.72092041],[-123.790564,50.72072814],[-123.79047756,50.72054085],[-123.79044692,50.72013816],[-123.79051513,50.71968027],[-123.79079839,50.71914157],[-123.79098719,50.71856263],[-123.79107585,50.71795876],[-123.79105336,50.71743714],[-123.79104341,50.71687067],[-123.79142275,50.71657123],[-123.79189873,50.71632519],[-123.7928623,50.71551838],[-123.7929046,50.71549096],[-123.79398332,50.71592748],[-123.79481242,50.71636828],[-123.79549418,50.71663959],[-123.79627036,50.71686212],[-123.79714593,50.71698496],[-123.79810847,50.71702448],[-123.79915787,50.71701024],[-123.80031367,50.71692728],[-123.8013841,50.716855],[-123.8022585,50.71670617],[-123.80284721,50.71627143],[-123.80323298,50.71561807],[-123.80349062,50.71521787],[-123.8038545,50.71487642],[-123.80423283,50.71453532],[-123.80462483,50.71419386],[-123.80482566,50.71379259],[-123.80492217,50.71335821],[-123.80499826,50.71292525],[-123.80517589,50.71273405],[-123.80545544,50.71278497],[-123.80605543,50.71309473],[-123.80666443,50.71336426],[-123.8075182,50.71356828],[-123.80829855,50.7137577],[-123.80888879,50.71402225],[-123.80919163,50.71442174],[-123.8092971,50.7149017],[-123.80979837,50.71521004],[-123.81020097,50.71557001],[-123.81103928,50.71571706],[-123.81259045,50.71604391],[-123.81376059,50.71653348],[-123.81454935,50.71718542],[-123.81548373,50.71612865],[-123.81603174,50.71506655],[-123.81640267,50.71414793],[-123.81678762,50.71338384],[-123.8173785,50.71259127],[-123.81775915,50.71158543],[-123.81793276,50.7105429],[-123.81791292,50.70939179],[-123.8179787,50.70837526],[-123.81804932,50.70747338],[-123.81822428,50.70676875],[-123.81830944,50.70622363],[-123.81849391,50.70579851],[-123.81857789,50.7053894],[-123.8186571,50.70497104],[-123.81864744,50.70442236],[-123.81938023,50.70411865],[-123.82003289,50.70382526],[-123.82060545,50.7035422],[-123.82116245,50.7032805],[-123.82124612,50.70275355],[-123.82143683,50.70222944],[-123.82173476,50.70170889],[-123.82192911,50.70113102],[-123.82202046,50.70049582],[-123.8228879,50.70052074],[-123.82376136,50.70046555],[-123.82421595,50.70081805],[-123.82458222,50.70122395],[-123.82460635,50.70181748],[-123.82461525,50.70232094],[-123.82473169,50.70294475],[-123.82495211,50.70348167],[-123.82536638,50.70396555],[-123.82577337,50.70447007],[-123.82617271,50.70499596],[-123.82637446,50.7055539],[-123.82648071,50.70613889],[-123.82659353,50.70664164],[-123.82680954,50.70711661],[-123.82712479,50.70757912],[-123.82734039,50.70810715],[-123.82746053,50.70868609],[-123.82746994,50.70920735],[-123.82748041,50.70981905],[-123.82750548,50.71044819],[-123.82751386,50.71091605],[-123.82752507,50.71156335],[-123.82753489,50.71212093],[-123.82756076,50.71276823],[-123.82757032,50.71331655],[-123.82767683,50.7139254],[-123.82797726,50.71442886],[-123.82856874,50.7147696],[-123.82935611,50.71499463],[-123.82936531,50.71549808],[-123.82849102,50.71589829],[-123.82771971,50.71624935],[-123.82705102,50.716552],[-123.82647014,50.71688277],[-123.82579732,50.71720429],[-123.82502782,50.71757031],[-123.82416176,50.71791532],[-123.82329507,50.7182931],[-123.82330595,50.7189315],[-123.82342643,50.71942641],[-123.82364367,50.71988536],[-123.8239583,50.72031476],[-123.82417187,50.72081786],[-123.82428414,50.72138861],[-123.82430992,50.72204517],[-123.82458843,50.72257071],[-123.82496815,50.7230528],[-123.82544992,50.72350285],[-123.82607061,50.72389415],[-123.82644276,50.7235559],[-123.82690971,50.7232497],[-123.82783847,50.72371969],[-123.82817668,50.7238881],[-123.82847733,50.72405082],[-123.82870266,50.72416119],[-123.82892063,50.72428474],[-123.82913976,50.72439405],[-123.82925474,50.72447416],[-123.82931219,50.72451867],[-123.82935473,50.72453647],[-123.82951355,50.72470595],[-123.82959866,50.72498439],[-123.82961043,50.72537106],[-123.82961964,50.72589232],[-123.82964384,50.7264499],[-123.82965325,50.72698932],[-123.83044382,50.72657594],[-123.83088051,50.72641323],[-123.83122822,50.72631282],[-123.83141342,50.72638332],[-123.8314752,50.72648479],[-123.83162251,50.7266265],[-123.83185573,50.7268088],[-123.83216022,50.72695656],[-123.83241696,50.72714669],[-123.83266332,50.72736673],[-123.83287442,50.7275298],[-123.83305565,50.72765051],[-123.83320832,50.72772848],[-123.8332519,50.72779115],[-123.83329519,50.72784456],[-123.83343925,50.72797843],[-123.83354001,50.7280589],[-123.83361843,50.72811836],[-123.83368352,50.72815681],[-123.83373582,50.72817426],[-123.83382581,50.72819171],[-123.8338643,50.72821521],[-123.83391176,50.72825402],[-123.83402043,50.72842812],[-123.83415069,50.72867807],[-123.83433332,50.72918723],[-123.83465672,50.72969069],[-123.83512238,50.73018774],[-123.83593494,50.73063066],[-123.83664466,50.73090126],[-123.83725302,50.73099989],[-123.83757043,50.73104974],[-123.83783464,50.73114053],[-123.8380682,50.73125803],[-123.83828885,50.73136128],[-123.83858463,50.73151189],[-123.83880529,50.73161515],[-123.83905105,50.73171556],[-123.83930542,50.7318505],[-123.83947162,50.73199933],[-123.83953422,50.73213855],[-123.8395047,50.73225462],[-123.83941747,50.73239312],[-123.83930255,50.73259073],[-123.83929961,50.73268473],[-123.83928753,50.73280187],[-123.83926656,50.73294607],[-123.83925445,50.73313086],[-123.83926855,50.73331174],[-123.83934699,50.73347588],[-123.83936172,50.73350294],[-123.83963307,50.73380452],[-123.83993811,50.73404734],[-123.83984253,50.73424566],[-123.83979699,50.7343361],[-123.83975485,50.73444719],[-123.8397455,50.73453727],[-123.83976855,50.73460599],[-123.83975276,50.73469109],[-123.83979528,50.73486163],[-123.83999824,50.73513117],[-123.84048246,50.73543239],[-123.84115823,50.73572328],[-123.84154621,50.73582725],[-123.84178143,50.73593834],[-123.84186372,50.7360569],[-123.84187605,50.73620965],[-123.84187959,50.73641652],[-123.84188247,50.73659632],[-123.84186662,50.73676117],[-123.84183177,50.73692033],[-123.84181894,50.73698335],[-123.84180522,50.73710156],[-123.84184338,50.73721407],[-123.84184239,50.73734795],[-123.84186578,50.73748254],[-123.84185424,50.73764668],[-123.84199006,50.73784144],[-123.84209443,50.7381277],[-123.84219968,50.73847663],[-123.8421288,50.73865003],[-123.84196552,50.73874296],[-123.84170911,50.73875578],[-123.84162379,50.73875649],[-123.84134073,50.73876753],[-123.84111878,50.73879316],[-123.84093045,50.7388245],[-123.84069073,50.73888894],[-123.84052123,50.73892633],[-123.84039438,50.7389541],[-123.84018249,50.73899184],[-123.84001301,50.73901392],[-123.83983284,50.7390011],[-123.83960125,50.73896905],[-123.83951574,50.73895161],[-123.83947307,50.73894271],[-123.8393733,50.73892562],[-123.83926771,50.73892526],[-123.83916905,50.73894093],[-123.83907675,50.73897262],[-123.83900685,50.73901214],[-123.83891295,50.73906982],[-123.83877712,50.73913355],[-123.83859922,50.7392101],[-123.83843545,50.73929199],[-123.83830615,50.73938884],[-123.83817927,50.73950064],[-123.83801197,50.73965481],[-123.83795119,50.73970608],[-123.83784399,50.73978192],[-123.83773172,50.73985776],[-123.83766195,50.73990903],[-123.83755041,50.73999983],[-123.83722784,50.74019103],[-123.83694669,50.74032811],[-123.83678245,50.7404011],[-123.83666535,50.74044703],[-123.83659504,50.74046554],[-123.83653841,50.7404837],[-123.8361268,50.74071442],[-123.83572649,50.74105303],[-123.83533748,50.74149952],[-123.83459596,50.74158996],[-123.83403268,50.74179184],[-123.83374614,50.74215964],[-123.83365705,50.74262678],[-123.83366761,50.74322032],[-123.83377459,50.74376223],[-123.83397932,50.74428812],[-123.8343832,50.74477484],[-123.83479084,50.74520958],[-123.8352028,50.74559234],[-123.83540673,50.74581879],[-123.83550332,50.7460221],[-123.83550554,50.74613888],[-123.8355199,50.74616558],[-123.83563676,50.74635358],[-123.83576731,50.74652377],[-123.83589329,50.74668756],[-123.83599998,50.7468549],[-123.83611685,50.7470429],[-123.83624742,50.74723054],[-123.83630569,50.7472932],[-123.83649251,50.74744488],[-123.83666912,50.74755632],[-123.83686453,50.74763679],[-123.83732549,50.74778064],[-123.83809799,50.74800673],[-123.83882864,50.74836421],[-123.83942329,50.74893745],[-123.83973207,50.74955876],[-123.83984383,50.7501726],[-123.83985396,50.75073908],[-123.8399604,50.7513109],[-123.84025799,50.75184818],[-123.84074768,50.75235128],[-123.84130735,50.75272193],[-123.84149622,50.75299858],[-123.8417827,50.75323109],[-123.84216474,50.75346929],[-123.84274119,50.75372885],[-123.84312843,50.75415789],[-123.84332778,50.75470692],[-123.84323779,50.75531506],[-123.84304715,50.75594706],[-123.84275713,50.75661465],[-123.84256757,50.75728937],[-123.84247835,50.75795946],[-123.8424914,50.75867904],[-123.84250235,50.75928148],[-123.84251445,50.75996475],[-123.84262701,50.76062131],[-123.84283972,50.76122446],[-123.84305027,50.76172258],[-123.84305981,50.76224598],[-123.84286815,50.76279501],[-123.84267847,50.76346474],[-123.84259051,50.76418183],[-123.84260304,50.76487436],[-123.84261489,50.76553982],[-123.84262799,50.7662772],[-123.84263855,50.76687964],[-123.84265319,50.76767969],[-123.84257587,50.76819597],[-123.84241096,50.76865278],[-123.84205241,50.76889205],[-123.84167978,50.76919363],[-123.84120391,50.76955573],[-123.84072921,50.77004673],[-123.84017993,50.77051529],[-123.83962166,50.77084607],[-123.83905328,50.77105329],[-123.83837356,50.77102302],[-123.83758994,50.77080975],[-123.8375993,50.77134027],[-123.83760952,50.7719249],[-123.83724628,50.77238421],[-123.83706779,50.772804],[-123.83716623,50.77310807],[-123.83717147,50.77340181],[-123.83726835,50.77363787],[-123.8372736,50.77393268],[-123.83746533,50.77423604],[-123.83756561,50.77465903],[-123.83766722,50.77514397],[-123.83758225,50.77567307],[-123.83731275,50.7761986],[-123.83675985,50.77666218],[-123.83611314,50.77708375],[-123.83546811,50.77739707],[-123.83492394,50.77771574],[-123.83438533,50.77803013],[-123.83385389,50.77843888],[-123.83327425,50.77880562],[-123.83286162,50.77901533],[-123.83251215,50.7792019],[-123.83222507,50.77936462],[-123.83216943,50.77941909],[-123.83214142,50.77944615],[-123.83217583,50.77952805],[-123.8322111,50.7796345],[-123.83224778,50.77984101],[-123.83169685,50.77997703],[-123.83092349,50.78008242],[-123.83009718,50.78015612],[-123.82922012,50.78013155],[-123.82834504,50.78000694],[-123.82755282,50.77978049],[-123.82691134,50.77960139],[-123.82650919,50.7794693],[-123.82627007,50.77942301],[-123.82612638,50.77939915],[-123.82584216,50.77936497],[-123.82552097,50.77937744],[-123.82517125,50.77940592],[-123.82477463,50.77942052],[-123.82433882,50.77937566],[-123.82402688,50.77937779],[-123.82371477,50.77938028],[-123.8233882,50.77938242],[-123.8231042,50.7793664],[-123.82312318,50.77961813],[-123.82313442,50.78025653],[-123.82314258,50.78071512],[-123.82315204,50.7812816],[-123.8231758,50.78180286],[-123.82318544,50.78235154],[-123.82319502,50.78290912],[-123.82324447,50.78328653],[-123.82323656,50.78346919],[-123.82312446,50.78365184],[-123.82291405,50.78388541],[-123.82262661,50.78420515],[-123.82238907,50.78467727],[-123.82150363,50.78514228],[-123.82063884,50.78519319],[-123.81975981,50.7851996],[-123.81888739,50.7852555],[-123.81811204,50.78543673],[-123.81753657,50.78580062],[-123.81716804,50.7862788],[-123.81688565,50.78687732],[-123.81660252,50.78746089],[-123.81631921,50.78802951],[-123.81605511,50.78861877],[-123.81579425,50.78937895],[-123.81553605,50.79031002],[-123.81474466,50.79067426],[-123.81415564,50.79108301],[-123.8136772,50.79147609],[-123.81320711,50.79183108],[-123.81225547,50.79211165],[-123.81120595,50.79234273],[-123.81033413,50.79251968],[-123.80976068,50.79271551],[-123.8091947,50.79298433],[-123.80853107,50.79326775],[-123.80776943,50.79353586],[-123.80688239,50.79365264],[-123.80600532,50.79380254],[-123.80512874,50.79397665],[-123.80425781,50.79404572],[-123.80337922,50.79402472],[-123.80260778,50.79381215],[-123.80193359,50.79364588],[-123.80144653,50.79345752],[-123.80095953,50.79338275],[-123.80046675,50.79324923],[-123.79977249,50.79320722],[-123.79897145,50.7931855],[-123.79811528,50.7931855],[-123.79723965,50.79314349],[-123.7963875,50.79308652],[-123.79601452,50.79370641],[-123.7954403,50.79423479],[-123.79476381,50.79467416],[-123.79408404,50.79504445],[-123.79352776,50.79550411],[-123.79297492,50.7960325],[-123.79326446,50.79634511],[-123.79364916,50.79663921],[-123.79413531,50.79695182],[-123.79482126,50.79721886],[-123.79552184,50.7975297],[-123.79623158,50.79782059],[-123.79683398,50.79820833],[-123.7974326,50.79865482],[-123.79801847,50.79917857],[-123.79850909,50.79972654],[-123.79909099,50.80021326],[-123.79967041,50.800695],[-123.80034231,50.80116784],[-123.80092159,50.80187745],[-123.80169565,50.80260273],[-123.80265917,50.80332231],[-123.80362238,50.80416295],[-123.80439752,50.80512714],[-123.80493956,50.8058307],[-123.80566685,50.80629927],[-123.80657937,50.80653284],[-123.80659079,50.80722536],[-123.80658566,50.80773772],[-123.80670839,50.8081867],[-123.8069459,50.80860755],[-123.80723236,50.80903731],[-123.80752579,50.80958385],[-123.8077527,50.81011294],[-123.80814111,50.81050674],[-123.8085263,50.81089697],[-123.80900385,50.81125338],[-123.80938851,50.81168847],[-123.80977475,50.8121282],[-123.80996845,50.8125665],[-123.81015855,50.81300088],[-123.81025448,50.81342992],[-123.81044239,50.81379523],[-123.81044674,50.81415805],[-123.81054423,50.81450307],[-123.81054705,50.81483384],[-123.81073398,50.81518028],[-123.81082249,50.81562712],[-123.8109047,50.81617936],[-123.81091662,50.81687153],[-123.81085061,50.81715103],[-123.81104023,50.81718557],[-123.81119167,50.8172023],[-123.81140126,50.817255],[-123.81157703,50.81730769],[-123.8118622,50.81736573],[-123.81215655,50.81743551],[-123.8124469,50.81752951],[-123.81272807,50.81765342],[-123.8130045,50.81777448],[-123.81326221,50.81787168],[-123.81351904,50.81795962],[-123.81376161,50.81804792],[-123.81397129,50.81812127],[-123.81409033,50.81815937],[-123.81419362,50.8181996],[-123.8143093,50.81823877],[-123.8145188,50.81831247],[-123.81475686,50.81840077],[-123.8149978,50.81846486],[-123.8152163,50.81852325],[-123.81541294,50.81857595],[-123.81560404,50.81866461],[-123.81586187,50.81879777],[-123.81611921,50.81889462],[-123.81637564,50.81896476],[-123.81667465,50.81901674],[-123.81693091,50.81905982],[-123.81707365,50.81908582],[-123.81786566,50.81919726],[-123.81843832,50.8193703],[-123.81888249,50.81951486],[-123.81919835,50.81963164],[-123.81947818,50.81968149],[-123.81976775,50.8197146],[-123.82064243,50.81975626],[-123.82152221,50.81992503],[-123.82240729,50.82022056],[-123.82318932,50.82053566],[-123.823868,50.82011445],[-123.82465379,50.81984884],[-123.82547471,50.81973526],[-123.82633795,50.81981893],[-123.82721127,50.81999482],[-123.82805418,50.82029461],[-123.82887677,50.8210441],[-123.8297531,50.82161343],[-123.83052489,50.82216033],[-123.83109788,50.82271684],[-123.83128766,50.82319431],[-123.83119805,50.82356068],[-123.83092527,50.82392813],[-123.83074289,50.82441913],[-123.83064946,50.82494323],[-123.83065903,50.82548301],[-123.83065496,50.82604059],[-123.83066543,50.82661597],[-123.83067535,50.82719135],[-123.83067107,50.82775818],[-123.83068019,50.82826164],[-123.83067631,50.82885518],[-123.83068684,50.82943056],[-123.83069543,50.82993402],[-123.83059697,50.83041433],[-123.8303078,50.83082807],[-123.8298279,50.83117522],[-123.82924686,50.83150635],[-123.82877909,50.83183427],[-123.82831196,50.83207532],[-123.82793675,50.83227898],[-123.82745962,50.83234414],[-123.82697183,50.83242567],[-123.82639762,50.83249653],[-123.82601761,50.83270624],[-123.82602794,50.83301209],[-123.82641175,50.83339093],[-123.82689585,50.83373808],[-123.82729008,50.83406814],[-123.82642025,50.83413829],[-123.82557563,50.83428996],[-123.8244343,50.83452318],[-123.8229949,50.83460899],[-123.82158013,50.83454917],[-123.82018089,50.83440319],[-123.81904795,50.83448615],[-123.81792845,50.83469764],[-123.81706593,50.83483472],[-123.81620918,50.83484754],[-123.81535287,50.83477063],[-123.81459874,50.83460899],[-123.81393467,50.83451784],[-123.81336579,50.83437969],[-123.81269427,50.83431952],[-123.81193664,50.83413401],[-123.81109311,50.83390614],[-123.8106381,50.83367043],[-123.81028046,50.83342298],[-123.81027736,50.83325243],[-123.81027636,50.83320721],[-123.81017993,50.83301423],[-123.80988317,50.83281947],[-123.80927905,50.83264358],[-123.80848101,50.83256418],[-123.80760422,50.83249653],[-123.80675549,50.83241927],[-123.80591522,50.83228717],[-123.80499552,50.83218676],[-123.80400948,50.83212659],[-123.8031572,50.83210558],[-123.80230504,50.83209312],[-123.80145086,50.83205609],[-123.80068455,50.83188875],[-123.80000536,50.83159038],[-123.79944018,50.83130162],[-123.79877963,50.83113036],[-123.79802314,50.83107659],[-123.79716139,50.83107624],[-123.79641238,50.83100467],[-123.79575204,50.83094592],[-123.79517899,50.83083911],[-123.79460621,50.83085014],[-123.79403565,50.83080208],[-123.79346816,50.83081489],[-123.79280332,50.83070024],[-123.79204128,50.83058061],[-123.79205098,50.83118305],[-123.79196937,50.83165838],[-123.79169505,50.83205574],[-123.79112582,50.83226367],[-123.79035083,50.83224694],[-123.78951603,50.83242318],[-123.78867672,50.83261474],[-123.7878331,50.83282125],[-123.78753836,50.83246057],[-123.78714925,50.83212445],[-123.78666628,50.83183712],[-123.78604984,50.83167334],[-123.78538822,50.83154587],[-123.78490847,50.83144511],[-123.78448514,50.83133331],[-123.78417766,50.83132832],[-123.78386599,50.83137639],[-123.78330714,50.83156189],[-123.782629,50.83175024],[-123.78183045,50.83194144],[-123.78132077,50.83203686],[-123.78102485,50.83218356],[-123.78086218,50.83243173],[-123.78060642,50.83281804],[-123.78015746,50.83324459],[-123.7795878,50.83351021],[-123.77911712,50.83378615],[-123.77865592,50.83402613],[-123.77819549,50.83432486],[-123.77754546,50.83462501],[-123.77679502,50.83503483],[-123.77594938,50.83550909],[-123.77509806,50.83576544],[-123.77425411,50.8360688],[-123.77339429,50.83645227],[-123.77255226,50.83675954],[-123.77171337,50.83700593],[-123.77096703,50.83718859],[-123.77031382,50.83739296],[-123.7697466,50.83772053],[-123.76917778,50.83795481],[-123.76858707,50.8381396],[-123.76805393,50.83824321],[-123.76755114,50.83816631],[-123.7671319,50.83822719],[-123.76680703,50.83842017],[-123.76660282,50.83884423],[-123.76623566,50.83916646],[-123.76577426,50.83942531],[-123.76493607,50.83941285],[-123.76408378,50.83940038],[-123.76323211,50.83942068],[-123.76218574,50.83941285],[-123.76140919,50.83942958],[-123.76104914,50.83941819],[-123.76084564,50.83942139],[-123.76057624,50.83954601],[-123.76004144,50.83963965],[-123.75925534,50.83961473],[-123.75848343,50.83940893],[-123.75791356,50.83920171],[-123.7574397,50.83919672],[-123.75697358,50.83942851],[-123.75632668,50.83974967],[-123.75557586,50.83995511],[-123.75472057,50.84004591],[-123.75388206,50.84002419],[-123.75298729,50.84001208],[-123.75213286,50.84018548],[-123.75128846,50.84036457],[-123.75044592,50.8404689],[-123.74960116,50.84053156],[-123.74874946,50.84055186],[-123.7478937,50.84065226],[-123.74704041,50.84085842],[-123.74618828,50.84117068],[-123.7454293,50.84087088],[-123.74429353,50.84081106],[-123.74278311,50.84087871],[-123.74108682,50.84100832],[-123.73939902,50.84114006],[-123.73769572,50.84120664],[-123.73597395,50.84111762],[-123.73424872,50.84090186],[-123.73253933,50.84056788],[-123.73084907,50.8402428],[-123.73110842,50.83929677],[-123.73127813,50.83862419],[-123.73125438,50.83802175],[-123.73103757,50.83748981],[-123.73082727,50.8369365],[-123.73071753,50.83636753],[-123.73061723,50.83583167],[-123.73033243,50.83536061],[-123.72986221,50.83495507],[-123.72938918,50.83458015],[-123.72910234,50.83418528],[-123.72900113,50.83377048],[-123.72899161,50.83316804],[-123.72898398,50.83267349],[-123.72897419,50.83206179],[-123.72896658,50.83156723],[-123.72895782,50.83099185],[-123.72895022,50.83049729],[-123.72815485,50.83048412],[-123.72730129,50.83038158],[-123.72694885,50.83054572],[-123.72668011,50.83063722],[-123.72641205,50.83072303],[-123.72618541,50.83078427],[-123.7260017,50.8308213],[-123.72590282,50.83084907],[-123.72581764,50.83087649],[-123.72573739,50.83089109],[-123.72566217,50.83090141],[-123.72561012,50.83090177],[-123.7255628,50.83090497],[-123.72550616,50.83092954],[-123.72544966,50.83095055],[-123.7252944,50.83099363],[-123.72519525,50.83101535],[-123.72500625,50.83104953],[-123.72479864,50.83108371],[-123.72461924,50.83110365],[-123.72448646,50.8311097],[-123.72424488,50.83108407],[-123.7240515,50.83114531],[-123.72366568,50.83137959],[-123.72322976,50.83165197],[-123.72293362,50.83198559],[-123.72275422,50.83232242],[-123.72285633,50.8327244],[-123.7229602,50.83321041],[-123.72306528,50.83378045],[-123.72307274,50.83424795],[-123.72308233,50.83487745],[-123.72309035,50.83538981],[-123.72309749,50.83587546],[-123.72301501,50.83673711],[-123.72283179,50.83734596],[-123.72235602,50.83760161],[-123.72178745,50.83798579],[-123.72112608,50.8384985],[-123.72075756,50.83935623],[-123.72058163,50.8403336],[-123.72059749,50.84137647],[-123.7206282,50.84244641],[-123.7204537,50.84339387],[-123.7200881,50.84423629],[-123.71953097,50.84497118],[-123.71916605,50.8458517],[-123.71899227,50.84688104],[-123.71896043,50.84746889],[-123.71881803,50.84785556],[-123.71852965,50.84802112],[-123.71814401,50.84807346],[-123.71781595,50.84799442],[-123.71776225,50.84798374],[-123.71771172,50.84797127],[-123.71764798,50.84793959],[-123.71757339,50.84789722],[-123.71738681,50.84778114],[-123.71649791,50.84726522],[-123.71522066,50.84673043],[-123.71355522,50.84615897],[-123.71266364,50.84638649],[-123.71163935,50.84661436],[-123.71093322,50.84665175],[-123.7103471,50.84661828],[-123.70988136,50.84651431],[-123.70976909,50.84651004],[-123.70963555,50.84651858],[-123.70934666,50.84653532],[-123.70893015,50.84653816],[-123.70863853,50.84667168],[-123.70836524,50.84676639],[-123.70801187,50.84687641],[-123.70772881,50.84694086],[-123.707644,50.84696863],[-123.70756863,50.84699996],[-123.70750285,50.84703237],[-123.70670288,50.84767255],[-123.70599804,50.84833053],[-123.70538759,50.84900561],[-123.70393835,50.8489814],[-123.70299345,50.84911207],[-123.70234519,50.84946242],[-123.70208129,50.85017951],[-123.70181769,50.85102941],[-123.70144876,50.85188892],[-123.70074783,50.8527317],[-123.7000636,50.85381872],[-123.69939517,50.85515072],[-123.69904406,50.85681455],[-123.69886717,50.85849618],[-123.6985271,50.86003611],[-123.69753382,50.8613738],[-123.6958863,50.86250996],[-123.69414431,50.86385335],[-123.6928887,50.86541855],[-123.69211955,50.86720558],[-123.69134907,50.8680893],[-123.69036868,50.86895451],[-123.68933953,50.86983111],[-123.68872849,50.87080171],[-123.6885358,50.87186702],[-123.6885229,50.87292841],[-123.68832429,50.87400974],[-123.68793915,50.87509285],[-123.68717641,50.87618059],[-123.68640893,50.87726441],[-123.68563687,50.87834397],[-123.68505058,50.87939652],[-123.68619113,50.87972758],[-123.68732665,50.88004376],[-123.68864485,50.88021466],[-123.69014808,50.88030795],[-123.69127799,50.88023211],[-123.6924102,50.88010251],[-123.69337121,50.87995688],[-123.69432841,50.87985042],[-123.6951984,50.87982229],[-123.69589255,50.87979701],[-123.69624706,50.87982087],[-123.69654315,50.87987926],[-123.69675642,50.87997682],[-123.6969073,50.88004981],[-123.69698252,50.88010536],[-123.69701613,50.88014416],[-123.6974481,50.8803934],[-123.69799935,50.88061487],[-123.69855654,50.88071634],[-123.69904372,50.8807434],[-123.69965447,50.88136649],[-123.69996246,50.88196715],[-123.699966,50.88254538],[-123.6995672,50.88288577],[-123.69906595,50.88318948],[-123.69886209,50.8835053],[-123.6986451,50.88386634],[-123.69848899,50.8843349],[-123.69840897,50.88486613],[-123.69840153,50.88535179],[-123.69839667,50.88594533],[-123.69838915,50.88639502],[-123.69847195,50.88698607],[-123.69864268,50.8875116],[-123.69910016,50.88821908],[-123.69947282,50.88895432],[-123.69995049,50.88971699],[-123.70015107,50.89043906],[-123.70063495,50.89121063],[-123.70102533,50.89198077],[-123.70151286,50.89275198],[-123.70171984,50.89328748],[-123.70182689,50.89379343],[-123.70269306,50.89404409],[-123.70355978,50.89440228],[-123.70442614,50.89486871],[-123.70506939,50.89540457],[-123.70551641,50.89583361],[-123.70579357,50.89596749],[-123.70607877,50.89603086],[-123.70636744,50.89600523],[-123.70660922,50.8960038],[-123.70696211,50.89603549],[-123.70729809,50.89608356],[-123.70763554,50.8961683],[-123.70794944,50.89623844],[-123.70824347,50.89632639],[-123.70849605,50.89643783],[-123.70870849,50.89657242],[-123.7088671,50.8967184],[-123.70906355,50.89685228],[-123.7091975,50.89694414],[-123.70926915,50.8969947],[-123.70939772,50.89703885],[-123.70979744,50.89713534],[-123.71008346,50.89721474],[-123.71052557,50.89732868],[-123.71094837,50.89717949],[-123.71142574,50.89696372],[-123.712268,50.89646881],[-123.71335445,50.89601164],[-123.71478029,50.89564312],[-123.71638577,50.89544551],[-123.71808247,50.89524613],[-123.71958408,50.89487725],[-123.72071033,50.89415376],[-123.72126448,50.89319811],[-123.72143769,50.89212711],[-123.72142118,50.89107497],[-123.72197387,50.89034613],[-123.72253162,50.8896294],[-123.72290076,50.88878449],[-123.72326951,50.88792391],[-123.72382791,50.88705016],[-123.7249619,50.88642564],[-123.72647878,50.88592681],[-123.72818851,50.88556542],[-123.72968722,50.88514243],[-123.73099846,50.88466033],[-123.73211708,50.88406003],[-123.73272276,50.8836933],[-123.73338624,50.88341059],[-123.73364376,50.88351669],[-123.73394957,50.88368582],[-123.73420347,50.88385494],[-123.73431624,50.88390123],[-123.73444655,50.88393755],[-123.73470798,50.88398668],[-123.73507436,50.88407427],[-123.73521682,50.88409136],[-123.73544455,50.8841259],[-123.73582172,50.88420459],[-123.73619289,50.88428505],[-123.73655732,50.88436766],[-123.73688796,50.88438866],[-123.73723884,50.88441751],[-123.73761053,50.88445418],[-123.73801415,50.88451435],[-123.73836133,50.88456028],[-123.73865072,50.88459126],[-123.73870785,50.8845998],[-123.73874976,50.88475647],[-123.73890766,50.88486649],[-123.73915233,50.88496689],[-123.73942617,50.88508083],[-123.73965621,50.88525031],[-123.73993356,50.88542549],[-123.74020146,50.88557076],[-123.74044496,50.88566796],[-123.74088758,50.88580931],[-123.74121567,50.885888],[-123.74140832,50.88596776],[-123.74162406,50.88604324],[-123.74186382,50.88611481],[-123.74221691,50.88607351],[-123.7425938,50.88601226],[-123.74295026,50.88596989],[-123.74336595,50.88599126],[-123.74383397,50.88602722],[-123.74443873,50.88602223],[-123.74495509,50.88601796],[-123.74538359,50.8860144],[-123.74566848,50.88605748],[-123.74581597,50.88608347],[-123.74602486,50.88612727],[-123.74640513,50.8861967],[-123.74682731,50.88622412],[-123.74733322,50.88614792],[-123.7477002,50.88607849],[-123.74792807,50.88601618],[-123.74824082,50.88599624],[-123.74858045,50.88592183],[-123.74890868,50.88590474],[-123.74925349,50.8859026],[-123.74966143,50.88595992],[-123.75001805,50.88602045],[-123.75038829,50.88607208],[-123.75058336,50.88610982],[-123.75073063,50.88613297],[-123.75100512,50.8861853],[-123.7512966,50.88625509],[-123.7515682,50.88632844],[-123.7518012,50.88638683],[-123.75207197,50.88644202],[-123.75232913,50.88651821],[-123.7525764,50.88654883],[-123.7527994,50.88656628],[-123.7531256,50.88655204],[-123.7535804,50.88651928],[-123.75389376,50.88655311],[-123.75418797,50.88659014],[-123.75446361,50.88663037],[-123.7547485,50.88667345],[-123.75501956,50.88673469],[-123.75526669,50.88678098],[-123.75543239,50.88677813],[-123.75559328,50.88675499],[-123.75577771,50.88670799],[-123.75600769,50.88667452],[-123.75623448,50.88664283],[-123.75642536,50.88661186],[-123.75664838,50.88654029],[-123.7569083,50.88648368],[-123.75720456,50.88644202],[-123.75730369,50.88644131],[-123.75738877,50.88643169],[-123.75764007,50.88641603],[-123.75819158,50.88634553],[-123.75904441,50.8862202],[-123.76037315,50.88586059],[-123.76146866,50.88551771],[-123.76232055,50.88517661],[-123.76315322,50.8849993],[-123.7639892,50.8849199],[-123.76482851,50.88493841],[-123.76564858,50.884979],[-123.7664355,50.88497864],[-123.76649042,50.88515525],[-123.7666072,50.88544436],[-123.76678444,50.88573775],[-123.7670641,50.88602295],[-123.76729675,50.88625901],[-123.76745667,50.88646196],[-123.76749788,50.88667737],[-123.76749119,50.8869234],[-123.76745651,50.88743612],[-123.76746475,50.88791252],[-123.76747432,50.88851496],[-123.76770565,50.88903728],[-123.76816027,50.88956887],[-123.7688402,50.8899178],[-123.76929562,50.89021261],[-123.76955018,50.89043693],[-123.76962451,50.89063738],[-123.76976988,50.89080722],[-123.76996037,50.89096282],[-123.77016181,50.8911323],[-123.77033513,50.89128398],[-123.77053646,50.89140859],[-123.77077984,50.89151505],[-123.77094719,50.89159481],[-123.7711527,50.89171017],[-123.77116299,50.89185508],[-123.77104083,50.89201281],[-123.77068619,50.89217589],[-123.77012517,50.89232863],[-123.76965533,50.89305925],[-123.76899792,50.89382868],[-123.76820051,50.89462232],[-123.76781653,50.89508448],[-123.76753243,50.89542023],[-123.76734285,50.89559933],[-123.76714276,50.89571861],[-123.7669545,50.89582364],[-123.76677692,50.89596286],[-123.76662652,50.8961327],[-123.76650956,50.89632318],[-123.76642584,50.89653468],[-123.76641274,50.8965888],[-123.76641389,50.89665146],[-123.76639717,50.89680172],[-123.7664239,50.89698722],[-123.76639879,50.89719124],[-123.76632325,50.89739561],[-123.76622971,50.89757898],[-123.76604806,50.89776021],[-123.76587998,50.89790512],[-123.76589615,50.89803971],[-123.7658584,50.89832776],[-123.76584741,50.89854388],[-123.76580791,50.89874185],[-123.76581173,50.89896652],[-123.76581542,50.89918264],[-123.76575034,50.89936886],[-123.76564279,50.89953442],[-123.76549164,50.89967933],[-123.76537348,50.89980288],[-123.76528693,50.89991433],[-123.7652377,50.89998055],[-123.76517502,50.90004108],[-123.76502869,50.9001689],[-123.76486223,50.90033376],[-123.76472791,50.90052068],[-123.76468179,50.90059296],[-123.76461292,50.90072826],[-123.76445027,50.90092089],[-123.76419708,50.90119754],[-123.76393527,50.90159881],[-123.76387115,50.90214072],[-123.7639973,50.90277948],[-123.76420974,50.90361763],[-123.76423725,50.90383909],[-123.76428792,50.90404845],[-123.76437847,50.90435394],[-123.76439645,50.90457861],[-123.76438665,50.9048574],[-123.76443397,50.90515364],[-123.7647215,50.90533166],[-123.76490784,50.90542958],[-123.76510871,50.90554209],[-123.76529575,50.90566066],[-123.76561673,50.90587144],[-123.76588489,50.90602561],[-123.76617648,50.90616162],[-123.7665017,50.90635425],[-123.76677588,50.90656823],[-123.76690526,50.90665725],[-123.76722434,50.9067573],[-123.76760556,50.90685948],[-123.76766254,50.90686839],[-123.76791891,50.90689367],[-123.76809938,50.9069282],[-123.76836135,50.90697449],[-123.7687279,50.906993],[-123.76913048,50.90694458],[-123.76956758,50.90682886],[-123.77032299,50.90661986],[-123.77099299,50.90643863],[-123.77157836,50.90628482],[-123.77196004,50.90623639],[-123.7723594,50.90622286],[-123.772753,50.90622607],[-123.7730821,50.90624494],[-123.77344417,50.90626559],[-123.77383977,50.90628802],[-123.77412459,50.90630404],[-123.77439526,50.90632897],[-123.77473626,50.90632683],[-123.77490704,50.9063076],[-123.77527855,50.90641335],[-123.77564963,50.90651554],[-123.77596493,50.90664941],[-123.77622375,50.90681747],[-123.77660852,50.90712973],[-123.77724526,50.90741528],[-123.77797313,50.90765419],[-123.77861772,50.9078518],[-123.77914617,50.90806009],[-123.77943989,50.90814911],[-123.77982184,50.90821142],[-123.78056309,50.90830862],[-123.78140957,50.90845282],[-123.78226263,50.90855002],[-123.78312337,50.90860913],[-123.78397715,50.90862123],[-123.78471145,50.90867143],[-123.78525394,50.90879071],[-123.78551783,50.90897764],[-123.78560815,50.90918593],[-123.78572631,50.90942805],[-123.78583022,50.90969687],[-123.78592367,50.90990017],[-123.78603574,50.91009137],[-123.78624226,50.91022169],[-123.78637775,50.91028898],[-123.78649509,50.9103399],[-123.78678149,50.91042784],[-123.78711045,50.91055175],[-123.78733993,50.91065821],[-123.78761311,50.91083588],[-123.7879441,50.91104951],[-123.78813724,50.91128201],[-123.78827912,50.91153303],[-123.78842131,50.91189584],[-123.78868749,50.9122316],[-123.78913291,50.91246553],[-123.78962563,50.91256415],[-123.79015032,50.91255739],[-123.79088334,50.91243277],[-123.79164936,50.9122195],[-123.79231431,50.91199625],[-123.79287782,50.91176268],[-123.79354434,50.91156721],[-123.79430692,50.91142123],[-123.79506541,50.91131299],[-123.7957206,50.91118374],[-123.79627767,50.91104096],[-123.79693577,50.91098649],[-123.79769817,50.91093344],[-123.79856437,50.91095444],[-123.79943539,50.91095943],[-123.8002863,50.91107977],[-123.80113633,50.91116985],[-123.80198288,50.91131085],[-123.80284885,50.9114757],[-123.80387975,50.91159747],[-123.80477799,50.91171034],[-123.80544664,50.91190546],[-123.80584398,50.91223125],[-123.80679294,50.91217891],[-123.80784403,50.91217855],[-123.80908847,50.91221309],[-123.81032362,50.91215434],[-123.81145824,50.9119489],[-123.81229631,50.91151523],[-123.81285641,50.91102886],[-123.81332599,50.91056599],[-123.81370984,50.91012057],[-123.81410801,50.90973211],[-123.81433947,50.90942555],[-123.81449733,50.90923079],[-123.81460742,50.90910618],[-123.81470647,50.90897444],[-123.81491515,50.90871238],[-123.81510116,50.90850124],[-123.81524728,50.90838125],[-123.81534881,50.90830755],[-123.81560235,50.90816192],[-123.81596865,50.90796147],[-123.8161711,50.90786711],[-123.81629318,50.90780623],[-123.81680078,50.9075691],[-123.81690772,50.90743629],[-123.81697172,50.90739178],[-123.81702481,50.90736971],[-123.81718142,50.90735938],[-123.81734265,50.90735547],[-123.81748177,50.90736828],[-123.8176508,50.90738003],[-123.8178405,50.90737897],[-123.81802508,50.90734158],[-123.81819705,50.90724829],[-123.81836715,50.90711121],[-123.81856724,50.90692108],[-123.81876839,50.90676086],[-123.81905041,50.90660811],[-123.81933741,50.9064721],[-123.81959536,50.90633217],[-123.81973589,50.90623853],[-123.8198338,50.90615094],[-123.81996585,50.90602312],[-123.82015173,50.90587286],[-123.8204269,50.90572688],[-123.82070152,50.90560511],[-123.82087602,50.90556203],[-123.82096588,50.90554423],[-123.82113449,50.90550933],[-123.82138167,50.90545664],[-123.82198137,50.90532632],[-123.82247196,50.90508706],[-123.82275881,50.90468436],[-123.82284298,50.90418126],[-123.82292661,50.90362297],[-123.82319246,50.90312343],[-123.82364166,50.90268263],[-123.82413691,50.90255339],[-123.82429277,50.90251031],[-123.82447199,50.90245797],[-123.82470933,50.90238035],[-123.82497178,50.90230771],[-123.82524571,50.90225786],[-123.82552914,50.90221371],[-123.8258175,50.90214891],[-123.82613418,50.90208945],[-123.82620493,50.9020891],[-123.82629055,50.90208838],[-123.82641395,50.90210761],[-123.82661141,50.9021101],[-123.8268833,50.90209622],[-123.8272573,50.90199866],[-123.8275657,50.90190573],[-123.82773983,50.90183025],[-123.82783547,50.90179891],[-123.82801845,50.9016896],[-123.82838496,50.90151621],[-123.82869103,50.90139693],[-123.82898732,50.90127801],[-123.82935958,50.90121143],[-123.82987038,50.90115873],[-123.83052068,50.90112028],[-123.83138971,50.90092801],[-123.8313989,50.90144072],[-123.83140851,50.90198904],[-123.83131309,50.90258045],[-123.83112601,50.9031601],[-123.83084692,50.90372872],[-123.83066394,50.90429377],[-123.83047946,50.90484743],[-123.83019963,50.90537119],[-123.82972793,50.90586823],[-123.82973997,50.90653334],[-123.82973457,50.90704606],[-123.82974569,50.90766666],[-123.82974317,50.90831396],[-123.82975456,50.90897052],[-123.82976431,50.90951884],[-123.82985919,50.91012484],[-123.83014398,50.91067423],[-123.83062086,50.91110755],[-123.83119276,50.91143903],[-123.83138751,50.91173064],[-123.83148993,50.91216858],[-123.83158314,50.91276034],[-123.83177163,50.91334142],[-123.83205238,50.91391217],[-123.83232825,50.91448257],[-123.83273015,50.91505723],[-123.83322456,50.91557031],[-123.83380669,50.91602783],[-123.83438643,50.91636857],[-123.83498715,50.91681079],[-123.8346883,50.91732244],[-123.83439322,50.91780133],[-123.83420266,50.91829339],[-123.83419885,50.91878475],[-123.83447329,50.91928642],[-123.83492616,50.91975178],[-123.83465955,50.92024242],[-123.83464891,50.92060026],[-123.8347257,50.92084451],[-123.83496489,50.92094563],[-123.83523183,50.92095488],[-123.83554442,50.92090468],[-123.83589811,50.92090112],[-123.83622158,50.92094456],[-123.83649379,50.9210496],[-123.83673021,50.92119593],[-123.83696117,50.92137396],[-123.83724433,50.92157584],[-123.83752244,50.92174781],[-123.83759458,50.92180229],[-123.83766556,50.9218557],[-123.83773004,50.92192406],[-123.83782552,50.92198922],[-123.83787513,50.92208998],[-123.83788177,50.92220961],[-123.83781836,50.92238123],[-123.83779909,50.92252614],[-123.8378289,50.92268886],[-123.83790798,50.92286902],[-123.83802994,50.92305702],[-123.83808822,50.92314746],[-123.83816115,50.92323576],[-123.83826184,50.92330732],[-123.83852131,50.92346719],[-123.8387312,50.92354944],[-123.83890231,50.92364237],[-123.83909533,50.92375987],[-123.83932523,50.92386597],[-123.83949743,50.92394572],[-123.83963518,50.92406856],[-123.83979662,50.92425229],[-123.83997012,50.92464679],[-123.84013144,50.9251912],[-123.84014227,50.92578473],[-123.84013813,50.92635121],[-123.84014928,50.92697181],[-123.84000081,50.9275212],[-123.83970701,50.92794704],[-123.83926213,50.92818097],[-123.83895259,50.92828707],[-123.83877931,50.92833656],[-123.83872345,50.92840279],[-123.83860643,50.9285655],[-123.83852459,50.92875777],[-123.83847775,50.92897995],[-123.83859077,50.92920106],[-123.83872748,50.92941006],[-123.83887258,50.92956174],[-123.83904787,50.9298213],[-123.83919414,50.92995411],[-123.83932694,50.93005024],[-123.83950932,50.9301389],[-123.83975305,50.93025675],[-123.83999208,50.93044795],[-123.84020156,50.93064948],[-123.84022635,50.93072923],[-123.8402426,50.93082572],[-123.84028404,50.93102333],[-123.84035475,50.93127755],[-123.84047288,50.93149866],[-123.84061918,50.93172547],[-123.84074599,50.93191631],[-123.84085402,50.93211962],[-123.84103864,50.9322891],[-123.84120629,50.93246748],[-123.84130501,50.93265583],[-123.84135626,50.93280217],[-123.84141578,50.93312262],[-123.84148318,50.93361682],[-123.84132217,50.93440013],[-123.84223701,50.9339451],[-123.84277095,50.93356662],[-123.84292399,50.93326468],[-123.84310777,50.93295456],[-123.84344322,50.9326893],[-123.84379441,50.93243081],[-123.84426244,50.93224887],[-123.84464329,50.93200533],[-123.84512749,50.93183264],[-123.84551232,50.93159124],[-123.84598951,50.93142674],[-123.84646169,50.93121453],[-123.84712306,50.93106107],[-123.84787794,50.93084175],[-123.84873172,50.93064556],[-123.84958924,50.93043763],[-123.85044864,50.9302094],[-123.85129993,50.93008335],[-123.85206183,50.92988895],[-123.85272482,50.9296714],[-123.85329444,50.92942537],[-123.85396157,50.92934134],[-123.85472638,50.92949088],[-123.85558046,50.92968137],[-123.85633425,50.92990568],[-123.85699302,50.92996087],[-123.85747112,50.93007232],[-123.85795394,50.93012359],[-123.8583385,50.93037959],[-123.85881351,50.93068971],[-123.85928776,50.93110095],[-123.85986939,50.93151326],[-123.86033949,50.93205339],[-123.86071487,50.93261311],[-123.86102743,50.93308452],[-123.86133945,50.93354703],[-123.86165113,50.93400029],[-123.86211893,50.93441331],[-123.86249247,50.9348395],[-123.86250289,50.93541488],[-123.86251269,50.93593614],[-123.86260662,50.93647414],[-123.86289086,50.93697582],[-123.86346788,50.93739311],[-123.86423995,50.93774596],[-123.86514062,50.93797632],[-123.86572538,50.9381337],[-123.86612753,50.93833451],[-123.86643137,50.93858517],[-123.86672728,50.93886361],[-123.8672586,50.93911142],[-123.86775755,50.93931081],[-123.86831327,50.93935567],[-123.86880998,50.93935781],[-123.86936211,50.93919473],[-123.8702117,50.93904555],[-123.87106512,50.93902739],[-123.8719231,50.9391399],[-123.87251298,50.93923746],[-123.87295307,50.93934178],[-123.8732751,50.93940837],[-123.87345901,50.93952088],[-123.8736722,50.93957927],[-123.87388203,50.93962876],[-123.8742088,50.93960847],[-123.87449266,50.93957037],[-123.87476239,50.93953227],[-123.87517484,50.93951126],[-123.87538822,50.93950058],[-123.87548318,50.93950272],[-123.87555289,50.9395134],[-123.8756166,50.93952586],[-123.87565914,50.93953441],[-123.87593667,50.93963731],[-123.87613298,50.93973771],[-123.87645661,50.9399752],[-123.87671565,50.94021304],[-123.87683374,50.94041813],[-123.87694914,50.94058085],[-123.87706204,50.9407019],[-123.87704035,50.94097393],[-123.87708944,50.94123349],[-123.87720948,50.94148023],[-123.8773216,50.94163832],[-123.87737943,50.94170668],[-123.87739258,50.94179285],[-123.87740312,50.9419285],[-123.87739592,50.94207235],[-123.87742123,50.94224112],[-123.87746399,50.94241665],[-123.87755296,50.94260465],[-123.87752337,50.94278801],[-123.87749363,50.94297387],[-123.87743727,50.9431754],[-123.87735457,50.94338867],[-123.87723022,50.94359056],[-123.87712625,50.94387219],[-123.87705782,50.94425709],[-123.87709995,50.94500943],[-123.8773968,50.94589742],[-123.87768051,50.94660276],[-123.87786505,50.94714894],[-123.87790418,50.94772326],[-123.87779862,50.94832534],[-123.87778542,50.94855535],[-123.87781012,50.94869101],[-123.87794121,50.94884304],[-123.87859594,50.94882915],[-123.87880332,50.94876044],[-123.87896173,50.94868246],[-123.87909893,50.94858953],[-123.87925381,50.94850515],[-123.87945648,50.94842682],[-123.8797107,50.94832605],[-123.87992289,50.94824345],[-123.88020556,50.94813343],[-123.88053915,50.94796893],[-123.88089703,50.94781334],[-123.88125016,50.9476848],[-123.8815901,50.94756552],[-123.88175496,50.94751924],[-123.88189194,50.94748221],[-123.88198638,50.94746654],[-123.88207155,50.947458],[-123.88214285,50.94745337],[-123.88221524,50.94743663],[-123.88230828,50.94740708],[-123.88248185,50.94732483],[-123.88279326,50.94722051],[-123.883023,50.94716888],[-123.88327927,50.94714396],[-123.88356036,50.94714574],[-123.88384516,50.9471347],[-123.88403012,50.94713328],[-123.88432903,50.94713114],[-123.88452811,50.94712972],[-123.88462812,50.94712865],[-123.88469894,50.94712829],[-123.88502595,50.94709874],[-123.88535953,50.94709732],[-123.88567819,50.94712188],[-123.88598134,50.94717244],[-123.88623629,50.94721446],[-123.88646816,50.94724187],[-123.88668778,50.94723119],[-123.8869726,50.94725006],[-123.8873169,50.94728531],[-123.88764352,50.94734086],[-123.8880332,50.94737575],[-123.88848579,50.94739035],[-123.88912507,50.94730133],[-123.88972257,50.94713791],[-123.89017624,50.94696059],[-123.89038289,50.94674233],[-123.89067753,50.94652443],[-123.89105517,50.94624671],[-123.89161884,50.94594549],[-123.89246943,50.9455225],[-123.89284632,50.94496884],[-123.89331668,50.94443689],[-123.89378844,50.94396548],[-123.89403942,50.94342713],[-123.89406889,50.94282113],[-123.89432848,50.94274636],[-123.89457789,50.94266162],[-123.89478007,50.94255088],[-123.89495807,50.94243659],[-123.8950001,50.94240953],[-123.89519277,50.94229417],[-123.89535251,50.94220907],[-123.89547895,50.94214498],[-123.89570937,50.94201431],[-123.8959437,50.94186263],[-123.89616728,50.94167215],[-123.89639202,50.94151157],[-123.89664525,50.94135384],[-123.8968565,50.94123527],[-123.89693139,50.94118364],[-123.89701142,50.94113522],[-123.89709584,50.94108929],[-123.89716632,50.94105297],[-123.89725532,50.94101025],[-123.89732122,50.94097072],[-123.89738867,50.94079056],[-123.89751319,50.94059153],[-123.89764452,50.94034585],[-123.89778405,50.940134],[-123.89792778,50.93994387],[-123.89809468,50.93974484],[-123.89829458,50.93953761],[-123.89852769,50.93933395],[-123.89860195,50.93923141],[-123.89872234,50.93908044],[-123.89892734,50.93888426],[-123.89912358,50.93872083],[-123.89928206,50.93858161],[-123.90018764,50.93905125],[-123.90092845,50.9395782],[-123.90149417,50.9401073],[-123.90188347,50.94063888],[-123.90273576,50.94102805],[-123.90330285,50.9413104],[-123.90386796,50.94159666],[-123.90443203,50.9418872],[-123.90527512,50.94231233],[-123.90613795,50.94259325],[-123.90698602,50.94276665],[-123.90781893,50.94283217],[-123.90870103,50.94280439],[-123.90956965,50.94281863],[-123.91040977,50.94283003],[-123.91127251,50.94288913],[-123.91213094,50.94301446],[-123.91296922,50.94327047],[-123.91381826,50.94350866],[-123.91467825,50.9437287],[-123.91556864,50.94388679],[-123.91640222,50.94387219],[-123.91725622,50.94378639],[-123.91802204,50.94356065],[-123.91869115,50.94332174],[-123.91926316,50.9430693],[-123.91983367,50.94287311],[-123.92039432,50.94269188],[-123.92095607,50.94252845],[-123.92151763,50.94238318],[-123.92210689,50.94218344],[-123.92259327,50.94191711],[-123.92298246,50.94159524],[-123.92326964,50.9411751],[-123.92355222,50.94065847],[-123.92384856,50.94029031],[-123.92407348,50.93999478],[-123.92422698,50.93977189],[-123.92429379,50.93953726],[-123.92431767,50.93932149],[-123.9243135,50.93908756],[-123.92440387,50.93888105],[-123.92455624,50.93865816],[-123.92476968,50.93841854],[-123.92489873,50.93798273],[-123.92496395,50.93745471],[-123.92496863,50.93697795],[-123.92495922,50.9364834],[-123.9250174,50.93609031],[-123.92517191,50.9358044],[-123.92534841,50.9355541],[-123.92560086,50.93536219],[-123.92587255,50.93518131],[-123.92605462,50.93503889],[-123.92622264,50.93489077],[-123.92640356,50.93470064],[-123.92652926,50.93456463],[-123.92677737,50.93417582],[-123.92684928,50.93419327],[-123.92726473,50.93433391],[-123.92769854,50.93420751],[-123.92814254,50.93411102],[-123.92853988,50.93406295],[-123.92865342,50.93405298],[-123.92908012,50.93402272],[-123.92935013,50.93402058],[-123.92969169,50.93401773],[-123.92999052,50.9340156],[-123.9303042,50.93403091],[-123.93074499,50.93402735],[-123.93105812,50.93402485],[-123.93135658,50.93400456],[-123.93174071,50.93398355],[-123.93202448,50.93396326],[-123.93230919,50.93395222],[-123.93276429,50.9339483],[-123.93309154,50.93394581],[-123.93339091,50.93397038],[-123.93385717,50.93427551],[-123.93446034,50.93455252],[-123.93534037,50.93488508],[-123.93627612,50.93517918],[-123.93649984,50.93523365],[-123.93671892,50.93528279],[-123.9369332,50.93532694],[-123.93712611,50.93538533],[-123.93732463,50.93543269],[-123.93752933,50.935469],[-123.93769082,50.93547363],[-123.93804377,50.9353451],[-123.93829801,50.93525288],[-123.93868086,50.93516885],[-123.93905454,50.93510619],[-123.93937635,50.93508553],[-123.93968887,50.93505313],[-123.94018784,50.93509408],[-123.94048722,50.93511865],[-123.94087134,50.93511544],[-123.94117072,50.93513111],[-123.94166968,50.93518986],[-123.94204042,50.93522297],[-123.94240075,50.93528991],[-123.94276479,50.93537287],[-123.94318476,50.9355103],[-123.94346427,50.93547506],[-123.94394703,50.93542343],[-123.94463339,50.93535471],[-123.94536752,50.93530095],[-123.94622213,50.93532694],[-123.9470291,50.93534438],[-123.94777114,50.93544622],[-123.94833151,50.93571539],[-123.94899612,50.93603406],[-123.94976421,50.9364015],[-123.95060677,50.93679921],[-123.95145034,50.93712714],[-123.95230366,50.93739703],[-123.95316667,50.93753553],[-123.95402818,50.93769148],[-123.95479174,50.9379101],[-123.95535794,50.93830033],[-123.95564363,50.93879453],[-123.95583442,50.93932541],[-123.95611984,50.93980572],[-123.95667884,50.94023583],[-123.95733622,50.94067698],[-123.95799796,50.94115409],[-123.95847514,50.94161411],[-123.95895135,50.94207164],[-123.95942566,50.94252738],[-123.9599786,50.94288842],[-123.960532,50.94326192],[-123.96101351,50.94368242],[-123.96140477,50.94416273],[-123.96160438,50.94472672],[-123.96179773,50.94527077],[-123.96207924,50.94580485],[-123.96264404,50.94620505],[-123.96330485,50.94657534],[-123.96396844,50.94684559],[-123.96444533,50.94717636],[-123.9649227,50.94748506],[-123.96530314,50.94788455],[-123.96577539,50.94824345],[-123.96615255,50.94864721],[-123.96653049,50.94904279],[-123.96681498,50.94948999],[-123.9670991,50.94991903],[-123.96747704,50.95029573],[-123.96785387,50.95068134],[-123.96832557,50.95101033],[-123.96870451,50.95136176],[-123.96918364,50.95165941],[-123.96956946,50.95203185],[-123.97004669,50.9523879],[-123.97033058,50.95278525],[-123.970608,50.95310962],[-123.97069711,50.95345534],[-123.9708765,50.95379359],[-123.97096557,50.95425753],[-123.97114979,50.95475565],[-123.97133981,50.95528581],[-123.97172546,50.95580921],[-123.97221119,50.95633367],[-123.97288257,50.95681648],[-123.97354001,50.95723875],[-123.97419234,50.95756525],[-123.97476327,50.95787395],[-123.97543711,50.95822609],[-123.97619932,50.9585946],[-123.97705576,50.95892894],[-123.97791088,50.95926256],[-123.97878457,50.95950716],[-123.97959272,50.95980304],[-123.98044201,50.95999994],[-123.98127197,50.96004765],[-123.98208318,50.95994725],[-123.98267336,50.95981337],[-123.98325995,50.95971225],[-123.98389945,50.95964389],[-123.98434004,50.95959547],[-123.98473023,50.95966098],[-123.98529251,50.95974608],[-123.98582344,50.95981052],[-123.9861714,50.95988351],[-123.98647582,50.95990523],[-123.98667931,50.96002237],[-123.98696419,50.96018972],[-123.98734066,50.96046637],[-123.98783863,50.96074089],[-123.98824469,50.96088331],[-123.98863759,50.96105172],[-123.98918224,50.96120625],[-123.98980198,50.9613476],[-123.99070009,50.96146616],[-123.99148103,50.96158615],[-123.99214229,50.96165452],[-123.99261073,50.96178768],[-123.99308228,50.96187456],[-123.9935606,50.96196927],[-123.99413165,50.96204831],[-123.99453192,50.96180833],[-123.99483341,50.96157476],[-123.99499206,50.96135757],[-123.99524065,50.96107664],[-123.9958513,50.96054078],[-123.99672822,50.95982298],[-123.99731436,50.95927858],[-123.99780875,50.95880147],[-123.99821159,50.95839236],[-123.9985179,50.95808118],[-123.99936239,50.9578971],[-124.00021943,50.95775183],[-124.00103036,50.95770874],[-124.00194507,50.95720635],[-124.00225357,50.95727578],[-124.00249779,50.95723555],[-124.00265445,50.95701444],[-124.00274477,50.95665091],[-124.00339668,50.95607589],[-124.00417372,50.95557742],[-124.00453345,50.95575437],[-124.00492222,50.95595768],[-124.00536608,50.95598082],[-124.00584024,50.95602782],[-124.00655349,50.95609049],[-124.00750533,50.95621439],[-124.00804781,50.95629059],[-124.00789946,50.95602212],[-124.00775588,50.95574761],[-124.00768398,50.95549339],[-124.00763159,50.95525198],[-124.00760684,50.95499954],[-124.00829441,50.95474461],[-124.00899032,50.95445087],[-124.00970093,50.95416602],[-124.01041189,50.95390504],[-124.01106522,50.95361165],[-124.01153574,50.95343256],[-124.01212128,50.95329085],[-124.01273377,50.95314949],[-124.01312543,50.95297432],[-124.01329646,50.95276496],[-124.01347911,50.95243668],[-124.01367804,50.95197915],[-124.01389308,50.95139273],[-124.01354444,50.95108795],[-124.01320977,50.95075113],[-124.01307517,50.9504556],[-124.01294099,50.95017824],[-124.01392749,50.94978266],[-124.01479268,50.9493376],[-124.01551761,50.94886369],[-124.01622155,50.94849482],[-124.0159545,50.94800561],[-124.01581926,50.94768907],[-124.01582767,50.94741029],[-124.01592551,50.94717138],[-124.01604521,50.94694065],[-124.01623917,50.94668714],[-124.0164463,50.94641548],[-124.01686042,50.94623496],[-124.01735014,50.94606583],[-124.01755448,50.94557875],[-124.01786878,50.94519813],[-124.01829324,50.94492468],[-124.01866022,50.94479259],[-124.01891128,50.94470749],[-124.0191695,50.94464732],[-124.01939408,50.9447082],[-124.01965035,50.94479579],[-124.01981467,50.94485739],[-124.02007505,50.94503506],[-124.02035401,50.94521843],[-124.02065758,50.94535658],[-124.02095681,50.94545307],[-124.02124245,50.94548938],[-124.02150825,50.9454901],[-124.02185665,50.94536121],[-124.02221534,50.94527112],[-124.02258438,50.94523872],[-124.02295441,50.94522555],[-124.02328158,50.94520775],[-124.02353985,50.94509167],[-124.02372995,50.94487697],[-124.02404267,50.94443689],[-124.02436408,50.9440812],[-124.02465145,50.94378603],[-124.02490569,50.94355068],[-124.02513198,50.94327011],[-124.02529688,50.94300699],[-124.02542908,50.9427638],[-124.02552879,50.94254127],[-124.02554207,50.94248715],[-124.02564524,50.94223435],[-124.02571603,50.94199081],[-124.02576784,50.94176579],[-124.02579056,50.94148664],[-124.02576062,50.94121106],[-124.02569271,50.94093904],[-124.02567238,50.94086426],[-124.02566101,50.94077739],[-124.02562589,50.94047189],[-124.0255926,50.94025648],[-124.02560105,50.9399955],[-124.02576081,50.93977937],[-124.02590856,50.93954011],[-124.02601038,50.93920969],[-124.02607569,50.93893909],[-124.0261792,50.93868344],[-124.02630637,50.93843349],[-124.02651444,50.93817108],[-124.02671762,50.93791722],[-124.02691888,50.93764484],[-124.02707939,50.93733578],[-124.0272339,50.93701961],[-124.02735004,50.93668884],[-124.02833944,50.93682699],[-124.02936476,50.93705486],[-124.03043225,50.93727312],[-124.03148052,50.93747358],[-124.0322697,50.93755084],[-124.0326174,50.93747678],[-124.03285766,50.93732368],[-124.03300402,50.93707373],[-124.0331983,50.93685298],[-124.03338312,50.93671341],[-124.03351094,50.93661051],[-124.03360787,50.93655745],[-124.03374069,50.93650939],[-124.03392072,50.93649194],[-124.03409283,50.93648233],[-124.03423816,50.93647093],[-124.03434685,50.93644708],[-124.03468557,50.93630929],[-124.03505174,50.93614408],[-124.03546044,50.93596961],[-124.03588427,50.93583111],[-124.03615137,50.93609245],[-124.0364548,50.93652755],[-124.03679587,50.93713604],[-124.03725758,50.93762348],[-124.03784079,50.93805287],[-124.03807267,50.93822876],[-124.03821915,50.93840928],[-124.03866621,50.93888782],[-124.03916965,50.93941798],[-124.03971967,50.93996666],[-124.04019472,50.94056304],[-124.04079761,50.94114804],[-124.04128225,50.94175012],[-124.04177005,50.94234046],[-124.0420126,50.94292189],[-124.04213287,50.94350048],[-124.042748,50.94385047],[-124.04313284,50.94422789],[-124.04328775,50.94463201],[-124.04330425,50.94495566],[-124.04328921,50.94512051],[-124.04325797,50.94522804],[-124.04321752,50.94532809],[-124.04317544,50.94548832],[-124.04313595,50.94570373],[-124.04312738,50.94574859],[-124.04312373,50.94580271],[-124.04310129,50.9460548],[-124.04300794,50.9463521],[-124.04298094,50.94640657],[-124.04289297,50.94657819],[-124.04279778,50.94671385],[-124.04262126,50.94686837],[-124.04257917,50.94691359],[-124.04253806,50.94697697],[-124.04249697,50.94704925],[-124.04292649,50.94715642],[-124.04355786,50.94716959],[-124.04436514,50.94711654],[-124.04535298,50.94694564],[-124.04646755,50.94678897],[-124.04743678,50.94662021],[-124.04816298,50.9462962],[-124.04853126,50.94577707],[-124.04866022,50.94512336],[-124.0486736,50.9444401],[-124.04868515,50.94369346],[-124.04906314,50.94299773],[-124.04955115,50.9423928],[-124.05003444,50.94180389],[-124.05051359,50.941231],[-124.0507603,50.94055129],[-124.05101197,50.93990648],[-124.05138366,50.93936956],[-124.05199467,50.93896935],[-124.05258859,50.93852251],[-124.05306945,50.93801549],[-124.05366386,50.9375163],[-124.05414179,50.93698044],[-124.05435136,50.93660089],[-124.05449798,50.9363837],[-124.05494869,50.93629469],[-124.05540544,50.93622277],[-124.0557495,50.9363367],[-124.0561363,50.93644993],[-124.05670239,50.93651366],[-124.05746889,50.93663579],[-124.05845886,50.93670486],[-124.05948262,50.93672836],[-124.06053901,50.93673762],[-124.06161777,50.93675293],[-124.06271907,50.93677393],[-124.06370583,50.93670415],[-124.06453707,50.93653858],[-124.0652126,50.9362776],[-124.06534116,50.93628258],[-124.06547867,50.93630003],[-124.0656124,50.93632495],[-124.06577017,50.9363716],[-124.066228,50.93649301],[-124.06641871,50.9365304],[-124.06661384,50.93655567],[-124.06681341,50.93656885],[-124.0669134,50.93657668],[-124.06731773,50.93662404],[-124.06772694,50.93669525],[-124.06785561,50.93672124],[-124.06818514,50.93680812],[-124.06897043,50.93692668],[-124.06906365,50.93724962],[-124.06884509,50.93731869],[-124.06865133,50.93740913],[-124.06848143,50.93752164],[-124.06829597,50.93756437],[-124.06801931,50.93758075],[-124.06765896,50.93764306],[-124.06710402,50.93794606],[-124.06646679,50.93843634],[-124.06574646,50.93907866],[-124.06483438,50.93972027],[-124.06407635,50.94033766],[-124.06348537,50.94088954],[-124.06286859,50.94144997],[-124.06235397,50.94206202],[-124.0618438,50.94271111],[-124.06158474,50.94341787],[-124.0615699,50.94414457],[-124.06179835,50.94489086],[-124.06214813,50.945661],[-124.06237716,50.94639732],[-124.06248495,50.94711191],[-124.0624722,50.94778663],[-124.06245036,50.94872198],[-124.06244021,50.94950459],[-124.06242757,50.95019711],[-124.06253707,50.95090743],[-124.06278071,50.95154583],[-124.06323827,50.95198022],[-124.06364877,50.95236013],[-124.0641328,50.9525677],[-124.06452004,50.95282477],[-124.06505993,50.95304375],[-124.06551079,50.95347137],[-124.06595934,50.95399868],[-124.06617018,50.95469334],[-124.06626178,50.95539583],[-124.06635295,50.95626032],[-124.06644216,50.957112],[-124.066529,50.9579505],[-124.06638606,50.95867436],[-124.06624247,50.95939394],[-124.06609917,50.96010961],[-124.06608622,50.96077542],[-124.06606016,50.96152206],[-124.06603421,50.96224165],[-124.06600816,50.96297939],[-124.06598231,50.96371677],[-124.06584222,50.96437369],[-124.06558975,50.96501245],[-124.06522373,50.96561524],[-124.06485709,50.96620024],[-124.06437559,50.9666421],[-124.06377922,50.96701026],[-124.06302064,50.96745781],[-124.06207616,50.96789505],[-124.06096871,50.96832694],[-124.0599932,50.96871361],[-124.05918706,50.96895074],[-124.05865499,50.9691512],[-124.05827287,50.96918574],[-124.0580733,50.96924057],[-124.05794024,50.96930252],[-124.05789721,50.96950974],[-124.05787494,50.96977999],[-124.05796539,50.97000394],[-124.05807119,50.97006875],[-124.05821102,50.97014565],[-124.05851211,50.97037459],[-124.05874986,50.97061813],[-124.05898081,50.97089194],[-124.05923645,50.97118853],[-124.05952615,50.97162932],[-124.05970424,50.97215343],[-124.0597915,50.97263125],[-124.05979035,50.97321589],[-124.05976296,50.97389061],[-124.05974832,50.97449305],[-124.0598236,50.9750339],[-124.06005739,50.97548145],[-124.06044855,50.97583573],[-124.06062786,50.97560037],[-124.06080152,50.97537286],[-124.06107745,50.9751724],[-124.06145488,50.97499936],[-124.06172727,50.97486192],[-124.06204742,50.97475083],[-124.06235771,50.9746223],[-124.06262557,50.97448486],[-124.06287851,50.97433888],[-124.06320897,50.97419504],[-124.06353932,50.97409285],[-124.06386864,50.97403303],[-124.06422161,50.97396894],[-124.06456313,50.97389168],[-124.06470478,50.9738575],[-124.06490379,50.97384076],[-124.06516014,50.97384148],[-124.06564577,50.97389097],[-124.06598937,50.97395968],[-124.06610348,50.97398568],[-124.06671861,50.97409676],[-124.0677329,50.97421355],[-124.06783501,50.9748751],[-124.06817277,50.9755224],[-124.06874601,50.97615582],[-124.06871931,50.97685759],[-124.06881981,50.97752697],[-124.06905665,50.97811446],[-124.06946631,50.97852534],[-124.06987802,50.97873043],[-124.07026873,50.97878882],[-124.0706625,50.97884116],[-124.07106042,50.97893124],[-124.07126266,50.97905835],[-124.07146673,50.97925917],[-124.07164263,50.97948669],[-124.07170455,50.97967895],[-124.07173582,50.97980642],[-124.0717374,50.97986944],[-124.07172854,50.98010337],[-124.07171927,50.98032804],[-124.07161367,50.98077168],[-124.07138024,50.98128155],[-124.07112973,50.9818174],[-124.0711105,50.98235113],[-124.07132197,50.98288271],[-124.0715358,50.98350046],[-124.07163643,50.98415097],[-124.07269637,50.98419797],[-124.07374402,50.98425031],[-124.07479785,50.98429375],[-124.07574759,50.98429909],[-124.07658614,50.98414919],[-124.07718722,50.98386008],[-124.07766105,50.98345987],[-124.07799315,50.98303119],[-124.07855565,50.98320102],[-124.07920209,50.98336481],[-124.07987894,50.9833965],[-124.08039963,50.98332173],[-124.08074182,50.98312875],[-124.0809305,50.98288912],[-124.08118371,50.98267407],[-124.08163181,50.98254696],[-124.08229783,50.98252381],[-124.08329958,50.98251456],[-124.08417173,50.98244263],[-124.08479078,50.98224004],[-124.08539166,50.9821464],[-124.08587087,50.98199009],[-124.08646482,50.98194273],[-124.08698604,50.98175581],[-124.08758999,50.98165718],[-124.08816338,50.98154289],[-124.08848774,50.98154004],[-124.08874629,50.98156568],[-124.088939,50.9816198],[-124.08924453,50.98167676],[-124.08931604,50.98169421],[-124.08948767,50.98171949],[-124.08987912,50.98179675],[-124.09038869,50.98186405],[-124.09101659,50.98192102],[-124.09103403,50.98225784],[-124.09112415,50.98251669],[-124.09127989,50.98268012],[-124.0914611,50.98278515],[-124.0916417,50.98291049],[-124.0918276,50.98307356],[-124.09194996,50.98345026],[-124.09204516,50.98386292],[-124.0921508,50.98450631],[-124.09237545,50.98517284],[-124.09271895,50.98585611],[-124.0930627,50.98653332],[-124.09242634,50.98721373],[-124.0920385,50.98789486],[-124.09189919,50.9885767],[-124.09187486,50.98935931],[-124.09184889,50.99006999],[-124.09182196,50.99073545],[-124.09179824,50.99155401],[-124.09178479,50.99219277],[-124.09169503,50.99281123],[-124.0915394,50.9932741],[-124.09186947,50.99337914],[-124.09129376,50.99379999],[-124.09060743,50.99424506],[-124.09011667,50.99484429],[-124.0895088,50.9954065],[-124.08837866,50.99581275],[-124.08730088,50.99605665],[-124.08622425,50.99645436],[-124.08514089,50.99664414],[-124.08405121,50.99662633],[-124.08383247,50.99683818],[-124.08359067,50.99706214],[-124.08338549,50.99722913],[-124.08326074,50.99737119],[-124.08318737,50.99747979],[-124.08307708,50.99763361],[-124.08293775,50.99778778],[-124.08276962,50.99798004],[-124.08266497,50.99816982],[-124.08265999,50.99835604],[-124.0827493,50.99853477],[-124.08290214,50.99870532],[-124.08313987,50.99883315],[-124.08336945,50.99897379],[-124.0835408,50.99913793],[-124.0836764,50.99929779],[-124.08375965,50.99941672],[-124.08359488,50.99967307],[-124.08347601,50.99988101],[-124.08340359,51.00004052],[-124.08327964,51.00021249],[-124.0831414,51.00039372],[-124.08298793,51.00054789],[-124.08286333,51.00070206],[-124.08275356,51.00088294],[-124.08257163,51.00103747],[-124.08244702,51.00119164],[-124.08232245,51.00135471],[-124.08219737,51.00149072],[-124.08205918,51.00168085],[-124.08194834,51.00179871],[-124.08192038,51.00182612],[-124.08175489,51.00206147],[-124.0816484,51.00219428],[-124.08153207,51.00229718],[-124.08147799,51.00241468],[-124.08141041,51.00258594],[-124.08139786,51.00264006],[-124.08131587,51.00279387],[-124.08192288,51.00316595],[-124.08237628,51.00351951],[-124.08272729,51.00384494],[-124.08297649,51.00414224],[-124.08360524,51.00454316],[-124.08448707,51.00493481],[-124.08552264,51.00533359],[-124.08646114,51.00564763],[-124.08701662,51.00583456],[-124.08713605,51.00605816],[-124.08720132,51.00621625],[-124.08728509,51.00635333],[-124.08707194,51.00657444],[-124.08694191,51.00676528],[-124.08684265,51.00694224],[-124.0867324,51.00709605],[-124.08663629,51.00724987],[-124.08652666,51.00744854],[-124.08644589,51.00764722],[-124.08619337,51.00782062],[-124.08596836,51.00795734],[-124.08581026,51.00808481],[-124.08568921,51.00819376],[-124.08554988,51.00833903],[-124.0854395,51.0085021],[-124.0853582,51.00867372],[-124.08553855,51.00906751],[-124.08629115,51.0095521],[-124.08685172,51.01015632],[-124.08727362,51.01073028],[-124.08744923,51.01105714],[-124.08751507,51.01130637],[-124.08753427,51.0115111],[-124.08770527,51.01171334],[-124.08804845,51.01189279],[-124.08853643,51.01209716],[-124.08888703,51.0122079],[-124.08913405,51.01225347],[-124.08934729,51.01224243],[-124.08949414,51.01221715],[-124.08964063,51.01218582],[-124.08979152,51.01214238],[-124.08994306,51.01210215],[-124.09011249,51.0120466],[-124.09026759,51.01197005],[-124.09042237,51.01188175],[-124.09059127,51.01179915],[-124.09076068,51.01170764],[-124.09090159,51.01164355],[-124.09109886,51.01154279],[-124.09135237,51.01141461],[-124.09155036,51.01134055],[-124.09178594,51.01125474],[-124.09196043,51.0112049],[-124.09213034,51.01116751],[-124.09231505,51.01112656],[-124.09256062,51.01106141],[-124.09282996,51.01101085],[-124.09310928,51.01096634],[-124.09346269,51.01097702],[-124.09389484,51.01101904],[-124.09463988,51.01118603],[-124.09578464,51.01130317],[-124.09692758,51.01147906],[-124.09807504,51.01177422],[-124.09922079,51.01201207],[-124.09993678,51.0122054],[-124.10054195,51.01241654],[-124.10063798,51.01226273],[-124.10081956,51.01208399],[-124.10101486,51.01191736],[-124.10125409,51.01177138],[-124.10147942,51.0116553],[-124.10173335,51.01155098],[-124.10188683,51.01141461],[-124.10199763,51.0112697],[-124.10205278,51.01118816],[-124.10211556,51.01110947],[-124.10221467,51.01100693],[-124.10238749,51.01088837],[-124.10260753,51.01075129],[-124.10279452,51.01060566],[-124.10326774,51.01034325],[-124.10398969,51.01018374],[-124.10485029,51.01007372],[-124.10572355,51.01009045],[-124.10649222,51.00999218],[-124.10726153,51.01002992],[-124.10803318,51.01011253],[-124.10880049,51.01041873],[-124.10970091,51.01077087],[-124.1107206,51.01122911],[-124.11186227,51.01167667],[-124.11248409,51.01216659],[-124.11323286,51.01269676],[-124.113984,51.0133551],[-124.11486259,51.01412702],[-124.11548121,51.01516634],[-124.11609611,51.01615687],[-124.11670633,51.01709827],[-124.1175989,51.01771104],[-124.11862891,51.01818886],[-124.11945093,51.01844985],[-124.12012369,51.01868912],[-124.12075708,51.01893693],[-124.12136437,51.01929868],[-124.1222321,51.01967609],[-124.12322017,51.01997625],[-124.12390036,51.0202707],[-124.12447601,51.02067981],[-124.1248345,51.0210412],[-124.12503362,51.02127477],[-124.12549384,51.0214325],[-124.12623151,51.0213353],[-124.12681228,51.0211797],[-124.12727564,51.02101556],[-124.12769956,51.02087136],[-124.12809638,51.02077772],[-124.12849871,51.02075992],[-124.12891369,51.02076989],[-124.12948066,51.02062035],[-124.12977583,51.02052172],[-124.13000362,51.02043555],[-124.13024873,51.0205381],[-124.13047865,51.02061678],[-124.13069758,51.02063281],[-124.13102453,51.02065239],[-124.13145915,51.02067625],[-124.13231006,51.02087207],[-124.13277372,51.02099028],[-124.13311498,51.02102197],[-124.13342582,51.02103194],[-124.13370073,51.02100524],[-124.13395184,51.02096394],[-124.13429256,51.02091551],[-124.13429034,51.02141043],[-124.13410918,51.02156495],[-124.13383943,51.02174939],[-124.13375334,51.02198403],[-124.13385036,51.02226887],[-124.13437957,51.02279333],[-124.13490505,51.0233388],[-124.13554939,51.02385615],[-124.13607092,51.02437349],[-124.13659047,51.02488016],[-124.13699563,51.02538468],[-124.13736241,51.02587888],[-124.13769115,51.02636204],[-124.13803963,51.0267416],[-124.13845444,51.02704424],[-124.13880543,51.02714465],[-124.13909198,51.02726179],[-124.13931353,51.02739567],[-124.13936145,51.02759577],[-124.13939909,51.02777237],[-124.13939501,51.02792832],[-124.13935932,51.02808747],[-124.13927827,51.02827725],[-124.13925205,51.02851118],[-124.13925246,51.02877216],[-124.13929734,51.02925711],[-124.13947189,51.02990904],[-124.13975672,51.03052964],[-124.14025003,51.03106763],[-124.14069312,51.03150486],[-124.14106435,51.03178401],[-124.14126566,51.03198091],[-124.14167318,51.03172491],[-124.14194402,51.03153371],[-124.142223,51.0314098],[-124.14250399,51.03130334],[-124.14273624,51.03146],[-124.14292519,51.03161382],[-124.14307162,51.0317655],[-124.14356605,51.03194352],[-124.14378888,51.03212689],[-124.14400778,51.0322718],[-124.14422312,51.03237755],[-124.14462333,51.03228284],[-124.1450028,51.03218208],[-124.14536135,51.03207562],[-124.14568772,51.03201865],[-124.14594607,51.03189296],[-124.14619417,51.03172562],[-124.14663062,51.03150558],[-124.14707781,51.03131829],[-124.14742073,51.03114703],[-124.14767281,51.03097399],[-124.14795298,51.03077318],[-124.14824775,51.03058162],[-124.1485032,51.03057913],[-124.14876161,51.03059444],[-124.14907242,51.03067348],[-124.14937453,51.03071229],[-124.14966907,51.03069734],[-124.15000084,51.0305923],[-124.15036514,51.03039078],[-124.15076049,51.030107],[-124.15189927,51.03002404],[-124.15194523,51.03048228],[-124.15192306,51.0309861],[-124.15207006,51.031742],[-124.15234154,51.0323366],[-124.15286562,51.03283508],[-124.15351451,51.03330257],[-124.15430799,51.03367821],[-124.15501345,51.03386122],[-124.1555293,51.03397409],[-124.15583613,51.03407699],[-124.15586905,51.03425644],[-124.1559025,51.03445405],[-124.15590758,51.03464275],[-124.15594555,51.03484606],[-124.15600305,51.03504652],[-124.15607941,51.03525232],[-124.15617696,51.03547342],[-124.15631492,51.03568171],[-124.15649462,51.0358779],[-124.15665021,51.03601712],[-124.15681015,51.03615669],[-124.15697537,51.03629591],[-124.15713629,51.03645613],[-124.15725464,51.03662561],[-124.15734932,51.0367926],[-124.15740323,51.03699804],[-124.15744062,51.03722627],[-124.15737318,51.03743883],[-124.1572563,51.03764499],[-124.15709031,51.03785648],[-124.15704836,51.03802383],[-124.1570558,51.03819544],[-124.15711231,51.03835389],[-124.1571686,51.03852408],[-124.15724881,51.03867932],[-124.15735215,51.03881889],[-124.15746084,51.03897378],[-124.15754391,51.0390781],[-124.15770094,51.03932413],[-124.15783392,51.03963853],[-124.15787218,51.04022566],[-124.15793683,51.04053293],[-124.15797303,51.04084839],[-124.15789655,51.04119661],[-124.15791384,51.04189803],[-124.15689314,51.04195393],[-124.15613622,51.04229717],[-124.15564309,51.04292774],[-124.15450619,51.04310363],[-124.15336511,51.04329803],[-124.15222061,51.04336924],[-124.15107806,51.04349422],[-124.15035105,51.04410093],[-124.14978277,51.04457733],[-124.14945789,51.04477814],[-124.14910194,51.04491664],[-124.1488867,51.04488282],[-124.14852416,51.0448344],[-124.14819432,51.04483262],[-124.14790581,51.04489528],[-124.1476344,51.04499391],[-124.14731032,51.04504732],[-124.14698285,51.04506227],[-124.14665108,51.04503948],[-124.14629167,51.04506619],[-124.14588137,51.04519899],[-124.14541998,51.04543826],[-124.1464432,51.04555042],[-124.14733469,51.04576725],[-124.14810004,51.04613755],[-124.14888285,51.04663353],[-124.14950713,51.04714304],[-124.14989766,51.04761161],[-124.15010116,51.04795947],[-124.15028201,51.04815245],[-124.15052461,51.04823007],[-124.15079484,51.04820052],[-124.15107881,51.04814355],[-124.15137671,51.04805988],[-124.15163094,51.0479673],[-124.1519568,51.04786511],[-124.15218253,51.0477729],[-124.15269428,51.04790001],[-124.15343369,51.04817417],[-124.15404028,51.04814924],[-124.15450118,51.04814497],[-124.1548451,51.04820123],[-124.15517824,51.04834009],[-124.15572588,51.04855052],[-124.15625687,51.04868902],[-124.15657317,51.04884568],[-124.15682276,51.04906999],[-124.15707938,51.04931532],[-124.15738439,51.0495172],[-124.15773663,51.04967564],[-124.15795808,51.04978424],[-124.15821804,51.04984761],[-124.15844612,51.04989319],[-124.15866764,51.04994624],[-124.15887737,51.05001603],[-124.15911235,51.05009649],[-124.15938001,51.05016486],[-124.15964775,51.0502172],[-124.15995885,51.05028591],[-124.16013287,51.05033541],[-124.16026528,51.05038205],[-124.1614862,51.05069359],[-124.16247913,51.05122304],[-124.16331232,51.05164959],[-124.16382854,51.05182228],[-124.16432748,51.05191521],[-124.16462553,51.05184934],[-124.1648953,51.05181053],[-124.16524539,51.0517233],[-124.16556166,51.05164817],[-124.16585568,51.05159939],[-124.16615879,51.05156414],[-124.16652932,51.05154242],[-124.16678666,51.05154883],[-124.16702917,51.0515645],[-124.16734466,51.05161541],[-124.16763127,51.05166633],[-124.16792778,51.05173255],[-124.16813391,51.05180733],[-124.16832642,51.05189349],[-124.16845885,51.05199105],[-124.16859823,51.05210641],[-124.16888973,51.05235244],[-124.16919671,51.05264903],[-124.16968022,51.05314074],[-124.16995755,51.05358153],[-124.16987385,51.05390732],[-124.16965553,51.05405046],[-124.16943082,51.05413164],[-124.16950091,51.05426551],[-124.16994123,51.05450513],[-124.17069676,51.05480422],[-124.17147674,51.05516205],[-124.17227682,51.05559181],[-124.17284615,51.05590086],[-124.17330362,51.05613799],[-124.17357066,51.05634023],[-124.17364632,51.05650722],[-124.17364908,51.056624],[-124.17365374,51.05680381],[-124.17363053,51.05701103],[-124.17363393,51.05715488],[-124.17362237,51.05725386],[-124.17356947,51.05743438],[-124.1734954,51.0575768],[-124.17340562,51.05771779],[-124.17330963,51.05786556],[-124.17322842,51.05804038],[-124.17336516,51.0581917],[-124.17352109,51.05833412],[-124.17369653,51.05850325],[-124.17374055,51.05854775],[-124.17391527,51.05868092],[-124.1740759,51.05884114],[-124.17430889,51.05902771],[-124.17448443,51.05918758],[-124.17532573,51.05910818],[-124.17612839,51.05898142],[-124.1768817,51.05898961],[-124.17779663,51.05899745],[-124.17881683,51.05920716],[-124.17995628,51.05926449],[-124.18109336,51.05926199],[-124.18222606,51.0591096],[-124.18315995,51.0589832],[-124.18399553,51.05890274],[-124.1843046,51.05885787],[-124.18446823,51.05879913],[-124.18447506,51.05868234],[-124.18453686,51.058374],[-124.18464393,51.0580329],[-124.18471022,51.05783458],[-124.18473537,51.05769928],[-124.18483296,51.05749953],[-124.18496242,51.05729837],[-124.18517651,51.05709221],[-124.18538584,51.05692843],[-124.18562434,51.05675503],[-124.18583369,51.05657309],[-124.18605327,51.05641714],[-124.18629687,51.05626866],[-124.18657892,51.05614297],[-124.18701666,51.05595854],[-124.18721374,51.05585778],[-124.18731269,51.05582075],[-124.18755315,51.05574313],[-124.18780862,51.05568082],[-124.18805692,51.0555943],[-124.18823286,51.05540666],[-124.18833643,51.0551179],[-124.18873764,51.05518555],[-124.18902422,51.05522756],[-124.18930999,51.05524287],[-124.18962362,51.05523077],[-124.18989467,51.05522792],[-124.1902368,51.05521546],[-124.19053545,51.05518235],[-124.19074368,51.05514425],[-124.1909374,51.0550944],[-124.19123087,51.05503423],[-124.1915884,51.05495696],[-124.19194183,51.05487543],[-124.19229004,51.05478962],[-124.19261209,51.05475045],[-124.19297348,51.05473799],[-124.19330507,51.05469562],[-124.19359572,51.05465468],[-124.19387353,51.05460091],[-124.19413809,51.05453397],[-124.19433988,51.05442716],[-124.19452271,51.05431749],[-124.19462592,51.05425946],[-124.1947904,51.0541797],[-124.19504454,51.05408713],[-124.1952999,51.05402162],[-124.19552664,51.05397141],[-124.19572062,51.05392441],[-124.19588128,51.05388062],[-124.19625037,51.05380514],[-124.19654854,51.05375707],[-124.19700385,51.05371648],[-124.19710342,51.05370651],[-124.19747406,51.05367553],[-124.19782434,51.053615],[-124.19816981,51.05355163],[-124.19844839,51.05346795],[-124.19875174,51.05336078],[-124.19916093,51.05324471],[-124.19967613,51.05311938],[-124.20055387,51.05305066],[-124.20059671,51.05304995],[-124.20075048,51.05310834],[-124.20095764,51.05320839],[-124.20127545,51.05335793],[-124.20143468,51.05344623],[-124.20175185,51.05356872],[-124.20199592,51.05364705],[-124.20224048,51.05371648],[-124.20254131,51.05376739],[-124.20284205,51.05380941],[-124.20314924,51.05392014],[-124.20344783,51.05404583],[-124.20372152,51.05416012],[-124.20409662,51.05412701],[-124.20442292,51.05406683],[-124.20470136,51.05397889],[-124.20480117,51.05373036],[-124.20500353,51.0533355],[-124.2054191,51.05280641],[-124.20610351,51.05228906],[-124.20683779,51.05193266],[-124.20751094,51.05172579],[-124.20779439,51.05165387],[-124.20804834,51.05154349],[-124.20824628,51.05147833],[-124.20838722,51.05141389],[-124.20864109,51.05129461],[-124.20885263,51.05121129],[-124.20916913,51.05111516],[-124.20947525,51.05100692],[-124.20975833,51.05092325],[-124.21007,51.05082996],[-124.2106654,51.05068006],[-124.21123182,51.05052127],[-124.21123659,51.05070107],[-124.21124128,51.05087198],[-124.21124475,51.05101582],[-124.21126257,51.05115931],[-124.21127866,51.05122233],[-124.21132416,51.0513206],[-124.2114522,51.05148723],[-124.21160345,51.05164141],[-124.21179663,51.05168556],[-124.2120974,51.0516674],[-124.21250557,51.05158729],[-124.21294909,51.05156343],[-124.21331422,51.05158764],[-124.21355813,51.05164817],[-124.21383054,51.05169018],[-124.21414543,51.0517322],[-124.21446133,51.05180056],[-124.21479056,51.05184222],[-124.21509138,51.05189313],[-124.21544912,51.05193444],[-124.21572088,51.05196755],[-124.21596526,51.05202487],[-124.21624286,51.05209395],[-124.21655424,51.05217477],[-124.21690354,51.05226699],[-124.2173018,51.05239161],[-124.21756054,51.05246104],[-124.21781823,51.05250305],[-124.21807206,51.05256643],[-124.21833042,51.05262981],[-124.21859348,51.05269283],[-124.21879401,51.05271775],[-124.21906626,51.05276012],[-124.21938134,51.05280178],[-124.21966728,51.05281673],[-124.21992416,51.05283204],[-124.22019593,51.052847],[-124.22045771,51.05286836],[-124.22072506,51.05290468],[-124.22093077,51.0529385],[-124.22119848,51.05298657],[-124.22147053,51.05302253],[-124.22171381,51.053056],[-124.222014,51.05307986],[-124.22225132,51.05306739],[-124.22246965,51.05304532],[-124.22269626,51.05299191],[-124.22276742,51.05297304],[-124.22290843,51.0529175],[-124.22312108,51.05285234],[-124.22322056,51.05283347],[-124.22326275,51.05282386],[-124.22337639,51.05280498],[-124.22349974,51.05278255],[-124.22360337,51.05275763],[-124.22378778,51.05271953],[-124.22389714,51.05270244],[-124.22404562,51.05269888],[-124.22423492,51.05270885],[-124.22450198,51.05274802],[-124.22470418,51.05283881],[-124.22493489,51.05292355],[-124.22519391,51.05300153],[-124.22545292,51.05309766],[-124.22575498,51.05317563],[-124.22606082,51.0532415],[-124.22637241,51.05332197],[-124.22651538,51.05334761],[-124.22678791,51.05339852],[-124.2269891,51.05345051],[-124.22714571,51.05350783],[-124.22725765,51.05354344],[-124.22733409,51.05355483],[-124.22744384,51.05356872],[-124.22756322,51.0535883],[-124.22769268,51.05362284],[-124.22779365,51.05365773],[-124.22789462,51.05369262],[-124.22796635,51.05371007],[-124.22821,51.05375529],[-124.22841554,51.05379517],[-124.22858313,51.05382935],[-124.22871214,51.05386709],[-124.22884207,51.05391658],[-124.2290434,51.05404547],[-124.22925772,51.05416083],[-124.22948429,51.05427548],[-124.22971123,51.05440188],[-124.22992817,51.05451653],[-124.23013209,51.05466749],[-124.23033487,51.05478214],[-124.23069149,51.05497334],[-124.23123052,51.05521332],[-124.23123183,51.05524928],[-124.2312489,51.05536607],[-124.23125527,51.05559964],[-124.2312595,51.05577054],[-124.23124872,51.05589659],[-124.23123654,51.05597777],[-124.23120914,51.05619389],[-124.23109939,51.05652965],[-124.23088108,51.05691383],[-124.23053872,51.05721398],[-124.23028202,51.05746963],[-124.23011188,51.05768005],[-124.23001219,51.05799908],[-124.22987663,51.05832415],[-124.22971301,51.05861576],[-124.2295437,51.05886428],[-124.22940626,51.05906367],[-124.22930891,51.05922247],[-124.22922502,51.05939516],[-124.22915819,51.05957568],[-124.22909136,51.05973234],[-124.2289997,51.05986835],[-124.22889021,51.06004923],[-124.22880894,51.06020304],[-124.22879093,51.06032089],[-124.22884011,51.06049144],[-124.22882956,51.06074424],[-124.22870839,51.06108819],[-124.22830711,51.06143605],[-124.228051,51.06171662],[-124.22794082,51.06192954],[-124.2280169,51.06210863],[-124.22807921,51.06228808],[-124.22809857,51.06249459],[-124.22807715,51.0626477],[-124.22803005,51.06278299],[-124.22794255,51.0628948],[-124.22785197,51.06300482],[-124.22777265,51.0631184],[-124.22771848,51.06322699],[-124.22762382,51.06341677],[-124.22754132,51.06354352],[-124.22750065,51.06362506],[-124.227446,51.0637244],[-124.22737776,51.06384189],[-124.22732793,51.06393269],[-124.22729659,51.06400461],[-124.22728442,51.06408579],[-124.22729077,51.06432862],[-124.22725293,51.06449988],[-124.22725314,51.06475161],[-124.22730782,51.06495776],[-124.22753768,51.06501829],[-124.22766711,51.06506209],[-124.22785355,51.06510517],[-124.22798298,51.0651308],[-124.22812174,51.06515929],[-124.22826985,51.06519062],[-124.22847112,51.0652426],[-124.22870098,51.06530313],[-124.22877301,51.06532913],[-124.22890252,51.06536366],[-124.22914637,51.06540639],[-124.22928966,51.06544057],[-124.22954418,51.06552211],[-124.22979594,51.06557623],[-124.2300513,51.0656186],[-124.23030853,51.06563675],[-124.23060815,51.06563355],[-124.23095044,51.06562999],[-124.23130774,51.06565313],[-124.23175171,51.06571153],[-124.23208117,51.06576209],[-124.23241062,51.06579449],[-124.23269248,51.06583258],[-124.23298402,51.06588421],[-124.23325742,51.06596539],[-124.23351572,51.06603482],[-124.23374636,51.06611315],[-124.23401957,51.06618223],[-124.23424954,51.06625166],[-124.23448,51.06633034],[-124.23473991,51.06644428],[-124.23497162,51.06657388],[-124.23515628,51.06671488],[-124.23532203,51.06686086],[-124.23552619,51.06702073],[-124.23567236,51.0671628],[-124.23580525,51.06731447],[-124.23584961,51.06737892],[-124.2358656,51.06745369],[-124.23585377,51.06753879],[-124.23585809,51.06770969],[-124.23586029,51.06779052],[-124.23585805,51.06788024],[-124.23588302,51.06798812],[-124.23594018,51.0681042],[-124.23597204,51.06834489],[-124.23589799,51.0686105],[-124.23571171,51.06887505],[-124.23552366,51.06908405],[-124.23537115,51.06925247],[-124.23524823,51.0694547],[-124.23515344,51.06965053],[-124.23508735,51.06983995],[-124.23500759,51.07005679],[-124.23498292,51.07021879],[-124.23492965,51.07035409],[-124.23488968,51.07046269],[-124.23484855,51.07053497],[-124.23482225,51.07061615],[-124.23476214,51.07074468],[-124.23470662,51.0709163],[-124.23465531,51.07113064],[-124.23458904,51.07132612],[-124.23447499,51.07145714],[-124.23431924,51.07154794],[-124.23419662,51.07231345],[-124.23410254,51.07323776],[-124.23375022,51.07389005],[-124.23313982,51.07426996],[-124.23237877,51.07463491],[-124.23183254,51.07495429],[-124.23136408,51.0753018],[-124.23121199,51.07531248],[-124.23109378,51.07532565],[-124.23100816,51.07534167],[-124.23081366,51.07535556],[-124.23062813,51.07536054],[-124.23045302,51.07533669],[-124.23027895,51.07529254],[-124.23008687,51.0752345],[-124.22983711,51.07519213],[-124.22954742,51.07515938],[-124.22937596,51.07516116],[-124.22926209,51.07516222],[-124.22901868,51.07514691],[-124.22892397,51.07514478],[-124.22884778,51.07514869],[-124.22877669,51.07515831],[-124.22862979,51.07517789],[-124.22847769,51.07518857],[-124.22834591,51.07517896],[-124.22821056,51.07515831],[-124.22807591,51.07512377],[-124.22791272,51.07507143],[-124.22774106,51.07503725],[-124.22754456,51.07500058],[-124.22732975,51.07497565],[-124.22701505,51.07495215],[-124.22668541,51.07489269],[-124.22639807,51.07483252],[-124.22616804,51.07476309],[-124.22588108,51.07470327],[-124.22557872,51.07461639],[-124.22532037,51.07456512],[-124.22501925,51.07450531],[-124.22476091,51.07445404],[-124.22448907,51.07442982],[-124.22425975,51.07439422],[-124.22407343,51.07435648],[-124.22388608,51.07429239],[-124.22367523,51.07424361],[-124.22346023,51.07420088],[-124.22323522,51.07414641],[-124.22296648,51.07405917],[-124.22275024,51.07398939],[-124.22249172,51.07392031],[-124.22221926,51.07382916],[-124.22197795,51.0737608],[-124.22174379,51.07372128],[-124.22155731,51.0736782],[-124.22124204,51.07363654],[-124.22089827,51.07359524],[-124.22054024,51.07354503],[-124.22025415,51.07351192],[-124.21998233,51.07350587],[-124.21961138,51.07350088],[-124.21929755,51.07350409],[-124.21902177,51.07352189],[-124.21875609,51.07355465],[-124.21840034,51.07359417],[-124.21812033,51.07362728],[-124.21788788,51.07365363],[-124.21770284,51.07367357],[-124.21741751,51.07367642],[-124.21716061,51.07367001],[-124.21688869,51.07365505],[-124.21662187,51.07362764],[-124.21635967,51.07360343],[-124.21610212,51.07358242],[-124.21583482,51.0735639],[-124.21557224,51.07353364],[-124.21530958,51.07349447],[-124.21504181,51.07343145],[-124.21474082,51.0733987],[-124.21447042,51.07341935],[-124.21412816,51.07343181],[-124.21387218,51.0734724],[-124.21363109,51.07352403],[-124.21338052,51.07359239],[-124.21316791,51.07364259],[-124.21296379,51.07366894],[-124.21270707,51.07368033],[-124.21237889,51.07368389],[-124.21210849,51.07370455],[-124.21177361,51.07382489],[-124.21144847,51.07394844],[-124.21114288,51.07402143],[-124.21084668,51.07405063],[-124.21056077,51.07403532],[-124.21020266,51.07397621],[-124.20998843,51.07396945],[-124.20974144,51.07398405],[-124.20947538,51.07401075],[-124.20932063,51.07403923],[-124.2091539,51.07407698],[-124.20904353,51.07412326],[-124.20895148,51.07416919],[-124.20889549,51.07421441],[-124.20885339,51.07425109],[-124.20870874,51.07434223],[-124.2085018,51.07445261],[-124.20834676,51.07452596],[-124.20822063,51.0745993],[-124.20812196,51.07466304],[-124.20796742,51.0747638],[-124.20778586,51.07490052],[-124.20768352,51.07500342],[-124.2075402,51.07514869],[-124.20734921,51.07531568],[-124.20710128,51.07547412],[-124.20691915,51.07561085],[-124.20668075,51.07576609],[-124.20646927,51.07587646],[-124.20618744,51.07601426],[-124.20589021,51.07612499],[-124.20557835,51.07620937],[-124.20529443,51.07625708],[-124.20520898,51.07626705],[-124.20515205,51.07627667],[-124.20488295,51.07635144],[-124.20461338,51.07641695],[-124.20425818,51.07649279],[-124.20403183,51.07657504],[-124.20381091,51.07666797],[-124.20355495,51.0767698],[-124.20325044,51.07684172],[-124.20289816,51.07688445],[-124.20265578,51.07690795],[-124.20240009,51.07695245],[-124.20206432,51.07703363],[-124.20177653,51.07712087],[-124.20147862,51.07720454],[-124.20127206,51.07730957],[-124.20104174,51.07740998],[-124.2007867,51.07748155],[-124.20052138,51.07754421],[-124.200191,51.0776407],[-124.19996476,51.07773292],[-124.19980373,51.07776034],[-124.19963896,51.07781909],[-124.19947007,51.07790881],[-124.19939972,51.07795439],[-124.19931106,51.07802417],[-124.19920398,51.07810927],[-124.19909153,51.07819152],[-124.19897454,51.07825561],[-124.19888012,51.07829264],[-124.19868346,51.0783585],[-124.19850373,51.07844609],[-124.19835417,51.07856181],[-124.1982386,51.07868892],[-124.19815197,51.07878755],[-124.19805323,51.07888546],[-124.19802538,51.07891288],[-124.19799762,51.0789492],[-124.19795226,51.07902646],[-124.19789819,51.07914502],[-124.19766825,51.07964101],[-124.19744139,51.08026481],[-124.19725826,51.08126781],[-124.19708359,51.08169507],[-124.19693498,51.08190657],[-124.19680821,51.08208566],[-124.19670253,51.08223271],[-124.19659253,51.08239863],[-124.19647872,51.08252788],[-124.19637932,51.08262259],[-124.19626683,51.08267991],[-124.19613957,51.08273617],[-124.19602929,51.08288108],[-124.19587632,51.08304451],[-124.19570418,51.08319298],[-124.19555538,51.08334466],[-124.19553065,51.08348851],[-124.19552283,51.08355188],[-124.19552057,51.08364161],[-124.19552209,51.08371353],[-124.19554246,51.08376018],[-124.19559706,51.08384385],[-124.19568569,51.08396384],[-124.19573027,51.0840233],[-124.19575547,51.08409095],[-124.19577685,51.08416964],[-124.19577761,51.0842056],[-124.19576763,51.0843676],[-124.19576972,51.08443952],[-124.19577124,51.08451145],[-124.19577324,51.08457447],[-124.195774,51.08461043],[-124.19576126,51.08467345],[-124.19574795,51.08471831],[-124.19572606,51.08479059],[-124.19570945,51.08488067],[-124.19571087,51.08492553],[-124.1957174,51.08501241],[-124.19572866,51.08506938],[-124.19575861,51.08513204],[-124.1958184,51.08523032],[-124.19590749,51.08536419],[-124.19598136,51.08545356],[-124.19602566,51.08551587],[-124.19606651,51.08556465],[-124.19610445,51.08561699],[-124.19613726,51.08565687],[-124.19617143,51.08569746],[-124.19619656,51.08573911],[-124.19621839,51.08578398],[-124.19621991,51.0858559],[-124.19624166,51.08596343],[-124.19628334,51.08609801],[-124.19636365,51.0862529],[-124.19641864,51.08634832],[-124.19646275,51.08641668],[-124.1965084,51.08650926],[-124.19655539,51.0866798],[-124.1965726,51.08678733],[-124.1965903,51.08692797],[-124.19659488,51.08710173],[-124.19661326,51.08726373],[-124.19667468,51.08742467],[-124.19673975,51.08761693],[-124.19677935,51.08778641],[-124.19675789,51.08793738],[-124.19672032,51.08808087],[-124.1966703,51.08818911],[-124.19660735,51.08831871],[-124.19648736,51.08847288],[-124.19629268,51.08866088],[-124.19612181,51.08887843],[-124.1959702,51.08907782],[-124.19583671,51.08925905],[-124.19562691,51.08944099],[-124.1954254,51.08954496],[-124.195232,51.08962471],[-124.19497721,51.08971729],[-124.1947787,51.08977319],[-124.19460842,51.08980203],[-124.19430951,51.08985009],[-124.19409596,51.08986113],[-124.19401531,51.08987395],[-124.19386662,51.08989246],[-124.19370204,51.08990421],[-124.19353996,51.08989389],[-124.19321051,51.08986113],[-124.19283934,51.0898654],[-124.19272505,51.08986612],[-124.19262541,51.08987609],[-124.19247855,51.08990457],[-124.19232707,51.08994231],[-124.19211496,51.09001637],[-124.19204394,51.09003489],[-124.19183173,51.09010004],[-124.19163379,51.0901741],[-124.19120534,51.09017161],[-124.19064914,51.09021612],[-124.19008116,51.090324],[-124.1897723,51.09041586],[-124.18960888,51.09047639],[-124.18944748,51.09049313],[-124.18931931,51.09050345],[-124.18921475,51.09050737],[-124.18909546,51.09050559],[-124.18891006,51.09050452],[-124.18867196,51.09051022],[-124.18776338,51.0903475],[-124.18679886,51.09023214],[-124.18583962,51.09024709],[-124.18499971,51.09022965],[-124.1846711,51.090277],[-124.18441263,51.09035533],[-124.18403485,51.09021042],[-124.1836098,51.09023178],[-124.18324156,51.09040625],[-124.18287659,51.09052303],[-124.18247099,51.09054404],[-124.18192182,51.09048244],[-124.18094285,51.09048351],[-124.17992922,51.09055971],[-124.17896811,51.09076123],[-124.17838441,51.09082105],[-124.17743732,51.09088656],[-124.17639477,51.09095706],[-124.17538301,51.09109307],[-124.17449512,51.09143061],[-124.17386011,51.09199175],[-124.17322354,51.09259348],[-124.17271157,51.09325111],[-124.1721973,51.09385996],[-124.1719403,51.09456102],[-124.17181801,51.09542837],[-124.17194254,51.09621133],[-124.17220036,51.09699535],[-124.17258751,51.0978157],[-124.172849,51.09855842],[-124.17298861,51.09918757],[-124.17302346,51.09967785],[-124.17311566,51.10024753],[-124.17330412,51.10066412],[-124.17343794,51.10094362],[-124.17351788,51.10108568],[-124.17352943,51.10116366],[-124.17348148,51.10127795],[-124.17344862,51.10143924],[-124.17343219,51.10164718],[-124.17360703,51.10184906],[-124.17379095,51.10204524],[-124.17398487,51.10223502],[-124.17406418,51.10243405],[-124.1741138,51.10262668],[-124.17416023,51.10276091],[-124.17419165,51.10288659],[-124.17422306,51.10299412],[-124.17424098,51.10314687],[-124.17426101,51.10337154],[-124.1743245,51.10361365],[-124.17444295,51.10378313],[-124.17459022,51.10394371],[-124.17479409,51.10411248],[-124.17482339,51.10414809],[-124.17494242,51.10433573],[-124.17501866,51.10451482],[-124.17511949,51.10472988],[-124.17519544,51.10491182],[-124.17528566,51.10510267],[-124.17533811,51.10529422],[-124.17548311,51.10544234],[-124.17563745,51.10558084],[-124.1756745,51.10572825],[-124.17563848,51.1058607],[-124.17537148,51.10604015],[-124.17536223,51.10622921],[-124.17536668,51.10640902],[-124.17537421,51.10671451],[-124.17536284,51.1068135],[-124.17536816,51.10703816],[-124.17537242,51.10720017],[-124.17547211,51.10737891],[-124.17569741,51.1076196],[-124.17619032,51.1080344],[-124.17681835,51.10845347],[-124.17761333,51.10881415],[-124.17750532,51.10905235],[-124.17737695,51.10926314],[-124.1772294,51.10944757],[-124.17711248,51.10966156],[-124.17705015,51.10983318],[-124.17709341,51.10997275],[-124.17726271,51.11006995],[-124.17753343,51.11016395],[-124.17721152,51.11043419],[-124.17708177,51.11057839],[-124.17698995,51.11070907],[-124.17696296,51.11076318],[-124.17693648,51.11085042],[-124.17690969,51.11091664],[-124.17686914,51.11100708],[-124.17680171,51.1111787],[-124.17677472,51.11123282],[-124.17673722,51.11131827],[-124.17667784,51.1114055],[-124.17659567,51.11149523],[-124.17639992,51.11166827],[-124.17631673,51.11174981],[-124.1762815,51.1118762],[-124.17621625,51.11198088],[-124.17615551,51.11209019],[-124.17603518,51.11223938],[-124.17589911,51.11243948],[-124.17564996,51.11263887],[-124.17551071,51.11282829],[-124.17540616,51.11297427],[-124.17543053,51.1131199],[-124.1754076,51.1132819],[-124.17537961,51.11348592],[-124.17528145,51.11374762],[-124.17540064,51.11407732],[-124.17559768,51.11431801],[-124.17587108,51.1144704],[-124.17622561,51.11454767],[-124.17668588,51.11467905],[-124.17726477,51.11490585],[-124.17786192,51.11522345],[-124.17760853,51.11537905],[-124.17689341,51.11534131],[-124.17689871,51.11555707],[-124.17690323,51.11573688],[-124.17689357,51.11591669],[-124.17694446,51.11609222],[-124.17701223,51.11626348],[-124.17709124,51.1163735],[-124.17717046,51.11649563],[-124.17720942,51.116653],[-124.17723079,51.11682177],[-124.1771926,51.11700193],[-124.17712664,51.11720026],[-124.17708837,51.11738967],[-124.17702185,51.117588],[-124.17698425,51.11778632],[-124.17693762,51.11802665],[-124.17686736,51.11825524],[-124.17682287,51.11836953],[-124.17678784,51.11848988],[-124.17676246,51.11861592],[-124.17673315,51.11877828],[-124.17668473,51.11894028],[-124.17658514,51.11913326],[-124.17649573,51.11925005],[-124.17642187,51.11934476],[-124.17634471,51.11942558],[-124.1762611,51.11951139],[-124.17617735,51.11959293],[-124.17603039,51.11973642],[-124.17590821,51.11987456],[-124.17582721,51.12004618],[-124.17574901,51.12021673],[-124.1756398,51.12036983],[-124.17550033,51.12050513],[-124.17538794,51.12063616],[-124.17531848,51.12078463],[-124.17531324,51.12095447],[-124.17535019,51.12114211],[-124.17547521,51.12138067],[-124.17544907,51.12154694],[-124.17540254,51.12171998],[-124.17527451,51.12192222],[-124.17520564,51.12203082],[-124.17505411,51.12224837],[-124.17498444,51.122321],[-124.17485897,51.12245096],[-124.17473892,51.12259623],[-124.17461735,51.12274114],[-124.17448887,51.12287146],[-124.17431711,51.12304307],[-124.17419866,51.123324],[-124.17401837,51.12378936],[-124.17375569,51.12438361],[-124.17338897,51.12476886],[-124.17314717,51.1250651],[-124.1730299,51.12527196],[-124.17289429,51.12549627],[-124.17252986,51.12576082],[-124.17193565,51.12606525],[-124.17134441,51.12629312],[-124.17093167,51.12656123],[-124.17069819,51.12686921],[-124.17065263,51.12695039],[-124.17057902,51.12704119],[-124.1704764,51.12714124],[-124.17039373,51.12725589],[-124.17033556,51.12739653],[-124.17028717,51.12755283],[-124.17021948,51.12770914],[-124.17012703,51.12782521],[-124.17002467,51.12790995],[-124.16998256,51.12794663],[-124.16993386,51.1280011],[-124.169913,51.12802816],[-124.16984659,51.12809083],[-124.1697825,51.12814317],[-124.1697267,51.1281948],[-124.16966993,51.12828025],[-124.16960794,51.12839098],[-124.1697246,51.12848249],[-124.1698131,51.12859179],[-124.16989231,51.12871178],[-124.16996646,51.12881005],[-124.17009421,51.12892257],[-124.17023832,51.12903187],[-124.17044614,51.12914083],[-124.17065369,51.12925263],[-124.17084584,51.12937369],[-124.17102193,51.1295008],[-124.17110967,51.12958091],[-124.1712812,51.12976499],[-124.17139966,51.12991666],[-124.17144336,51.13002597],[-124.17149049,51.13013065],[-124.17155007,51.13022287],[-124.171647,51.13029479],[-124.17175759,51.13032791],[-124.17187185,51.13032862],[-124.17203858,51.13032078],[-124.17225791,51.1303247],[-124.17242336,51.13034108],[-124.1726008,51.13038238],[-124.17277116,51.13046748],[-124.1729217,51.13058782],[-124.17299625,51.13069215],[-124.17307094,51.13082923],[-124.17417311,51.13077618],[-124.17530117,51.13065975],[-124.17644062,51.13050451],[-124.17753023,51.13040374],[-124.17844247,51.13030369],[-124.17907846,51.13020008],[-124.17937932,51.13005624],[-124.17949356,51.12991916],[-124.17960875,51.12977104],[-124.17976245,51.12963788],[-124.1799681,51.12948584],[-124.18017765,51.12929179],[-124.18038813,51.12913691],[-124.18057516,51.12898808],[-124.18072372,51.12883676],[-124.18081164,51.12868188],[-124.18087772,51.12853554],[-124.18091157,51.12835822],[-124.18109821,51.12820334],[-124.18127532,51.12805166],[-124.18144288,51.12790319],[-124.18163987,51.12777537],[-124.1818797,51.12765609],[-124.18210534,51.12753681],[-124.18237962,51.12745314],[-124.18262025,51.12736982],[-124.18280624,51.12726408],[-124.18297143,51.12713518],[-124.18310513,51.12696926],[-124.1832012,51.12681509],[-124.18328321,51.12665273],[-124.18406104,51.12671077],[-124.18457222,51.1267745],[-124.18483946,51.12679266],[-124.18509809,51.12677913],[-124.18534772,51.12673356],[-124.18561207,51.12664704],[-124.18588643,51.12674317],[-124.18607963,51.12686102],[-124.18629219,51.12696392],[-124.18651954,51.12709637],[-124.18688148,51.12727867],[-124.187199,51.12741006],[-124.18745554,51.12749871],[-124.18765049,51.12754358],[-124.18791345,51.1275977],[-124.18809528,51.12762903],[-124.18823871,51.12764861],[-124.1883681,51.12767816],[-124.18849791,51.12771484],[-124.1886135,51.12776753],[-124.18883023,51.12786438],[-124.18906199,51.12796977],[-124.18930715,51.12805736],[-124.18955242,51.12815385],[-124.18975465,51.12823539],[-124.18995702,51.12833828],[-124.19001609,51.12839169],[-124.19005273,51.12853233],[-124.1900809,51.12869683],[-124.19009668,51.12875059],[-124.19014718,51.12887023],[-124.19020247,51.12897455],[-124.19026269,51.12909062],[-124.19029337,51.12917145],[-124.19030859,51.12922521],[-124.19031573,51.12930888],[-124.1903285,51.12942567],[-124.19034635,51.12957557],[-124.19039392,51.12969769],[-124.19045766,51.12981697],[-124.19059583,51.12995654],[-124.1907601,51.13010181],[-124.19092068,51.13024423],[-124.19106715,51.1303774],[-124.191091,51.13049703],[-124.19108329,51.13062307],[-124.19104346,51.13075552],[-124.1909711,51.13089403],[-124.1908984,51.13104464],[-124.19087278,51.13114398],[-124.19083483,51.13133304],[-124.1908223,51.13140496],[-124.19078307,51.13156127],[-124.19075959,51.13174749],[-124.19076417,51.13191839],[-124.19076603,51.13200812],[-124.19077071,51.13218792],[-124.19078948,51.13235883],[-124.19080946,51.13258314],[-124.1908438,51.1327957],[-124.19090662,51.13302287],[-124.19093743,51.13311259],[-124.19099046,51.13331269],[-124.19109263,51.13346081],[-124.19118412,51.13356656],[-124.19126514,51.13363065],[-124.191497,51.1337542],[-124.19164721,51.1338457],[-124.19180286,51.13395821],[-124.19187586,51.13402017],[-124.1920463,51.13416223],[-124.19221225,51.13432246],[-124.19230066,51.13442073],[-124.19244872,51.13461691],[-124.19260553,51.13479209],[-124.19279028,51.13494306],[-124.19302354,51.13506269],[-124.19327754,51.13517485],[-124.19357976,51.13525282],[-124.19385876,51.13534896],[-124.19411397,51.13546325],[-124.19431061,51.13568614],[-124.19443972,51.13589763],[-124.1945306,51.13608563],[-124.1946594,51.13622591],[-124.19479919,51.13635552],[-124.19495454,51.13645272],[-124.19512955,51.13659478],[-124.19523167,51.1366838],[-124.19536289,51.13677245],[-124.1955722,51.13688212],[-124.195793,51.13694585],[-124.19602549,51.1369633],[-124.19604369,51.13711604],[-124.19604775,51.13728695],[-124.19603892,51.13748491],[-124.19604388,51.13768252],[-124.1961227,51.13796665],[-124.19618571,51.13820271],[-124.19620899,51.13835439],[-124.19621731,51.13850536],[-124.19621258,51.13867911],[-124.19621722,51.13885002],[-124.19620544,51.138949],[-124.19620772,51.13903908],[-124.1962089,51.13910175],[-124.19621035,51.13915587],[-124.19621426,51.13929971],[-124.19618514,51.13946777],[-124.19612332,51.13964223],[-124.19620314,51.1397875],[-124.19633854,51.1398758],[-124.1965303,51.13990785],[-124.1966694,51.13995449],[-124.19682478,51.13999579],[-124.19699058,51.14003211],[-124.19720102,51.140046],[-124.19742007,51.1400517],[-124.19750561,51.14004172],[-124.19761017,51.1400346],[-124.19774849,51.14003033],[-124.19781978,51.14002962],[-124.19810557,51.14001751],[-124.19821843,51.14001538],[-124.19832948,51.14002143],[-124.19850674,51.14004956],[-124.19874136,51.14010724],[-124.19893803,51.14014997],[-124.19909581,51.14017845],[-124.19931104,51.14019412],[-124.19945435,51.14021975],[-124.19960288,51.14025429],[-124.19977172,51.14032443],[-124.20008012,51.14047112],[-124.20036564,51.14062387],[-124.20055468,51.14074813],[-124.20064106,51.14077412],[-124.20077059,51.14081151],[-124.20090072,51.14086136],[-124.20102535,51.14088806],[-124.201202,51.14091512],[-124.20147405,51.14092723],[-124.20161731,51.14092901],[-124.20171755,51.14093399],[-124.20182222,51.14093577],[-124.20197474,51.1409372],[-124.2020987,51.14093898],[-124.20221795,51.14094681],[-124.20249966,51.14096461],[-124.20279145,51.14095073],[-124.20308436,51.14091975],[-124.20338085,51.14084391],[-124.20368266,51.14076878],[-124.20398848,51.14069473],[-124.20428018,51.14066161],[-124.20451131,51.14064417],[-124.20455462,51.14064381],[-124.20472908,51.14058399],[-124.2049082,51.14051136],[-124.20509655,51.14035968],[-124.20527623,51.14018094],[-124.20537773,51.14005098],[-124.20540936,51.13999651],[-124.2055177,51.13976151],[-124.20555633,51.13959025],[-124.20556882,51.13951833],[-124.20557822,51.13933852],[-124.20558863,51.13919432],[-124.20560125,51.1391313],[-124.2055986,51.13901451],[-124.20561121,51.13895149],[-124.20565487,51.13886711],[-124.20571609,51.13877026],[-124.20579454,51.13868552],[-124.20587401,51.13862499],[-124.20598557,51.13850678],[-124.20608292,51.13841599],[-124.20619656,51.13831986],[-124.20633337,51.1382045],[-124.20649336,51.13806991],[-124.20666001,51.13788654],[-124.20680748,51.13769498],[-124.2070009,51.13754224],[-124.20734982,51.13746248],[-124.20785446,51.13745643],[-124.20885302,51.13756289],[-124.20978747,51.13763624],[-124.21066121,51.13772098],[-124.211434,51.13769605],[-124.21222436,51.13765404],[-124.21298567,51.13756431],[-124.2135261,51.1374486],[-124.21384824,51.13733252],[-124.2140573,51.13724529],[-124.21420093,51.13720292],[-124.21438873,51.13716874],[-124.21462194,51.13715735],[-124.21485592,51.13717408],[-124.21495309,51.13723888],[-124.21503089,51.13730724],[-124.21516404,51.13746747],[-124.21529326,51.13767326],[-124.21541228,51.13785165],[-124.21555281,51.13800617],[-124.21572501,51.13816319],[-124.21582865,51.13827891],[-124.21596334,51.13851141],[-124.21602446,51.1386727],[-124.21619,51.13885572],[-124.21647635,51.13905368],[-124.2168837,51.13926624],[-124.21757757,51.13968674],[-124.21813583,51.14013466],[-124.21858401,51.14014178],[-124.21889336,51.14013252],[-124.21912658,51.14012112],[-124.21935572,51.14013394],[-124.21963777,51.14017275],[-124.21992515,51.14022367],[-124.2201752,51.1403109],[-124.22034872,51.14038425],[-124.22051249,51.14045439],[-124.2206829,51.14053059],[-124.22085943,51.14059788],[-124.22103694,51.14064381],[-124.22119485,51.1406812],[-124.22138267,51.14075205],[-124.22159943,51.14084462],[-124.22183587,51.14094325],[-124.22209079,51.1410344],[-124.22240702,51.14111522],[-124.2226087,51.14117077],[-124.22280125,51.14124696],[-124.2229852,51.14134274],[-124.22320235,51.14145739],[-124.22339151,51.14157239],[-124.22360934,51.14169594],[-124.2237592,51.14197117],[-124.22391453,51.14225139],[-124.22407477,51.14253658],[-124.22429201,51.1427082],[-124.22450009,51.14282285],[-124.22469844,51.14288053],[-124.22537279,51.1434641],[-124.2261003,51.14411781],[-124.22688024,51.14484202],[-124.22754161,51.14550677],[-124.22813637,51.14608287],[-124.2285332,51.14655357],[-124.22885212,51.14683485],[-124.22898753,51.14703424],[-124.22907263,51.14716918],[-124.22910985,51.14733083],[-124.22917685,51.14751598],[-124.22928659,51.14770646],[-124.22939015,51.14783856],[-124.22952742,51.14798276],[-124.22967578,51.14817895],[-124.22979725,51.14843958],[-124.22988075,51.14866353],[-124.22992739,51.14885082],[-124.23009927,51.14897793],[-124.23046453,51.14904593],[-124.23102413,51.14905519],[-124.23121004,51.14929695],[-124.23138139,51.14945717],[-124.23153719,51.1495355],[-124.2316093,51.1495526],[-124.23186829,51.14962203],[-124.23205539,51.14966475],[-124.23248712,51.14977726],[-124.23285189,51.14986343],[-124.23314914,51.14992325],[-124.2337485,51.1499439],[-124.23440762,51.14993678],[-124.23544135,51.14980504],[-124.23641591,51.14964268],[-124.2369104,51.14954868],[-124.23726392,51.14957289],[-124.23747573,51.14971567],[-124.2376387,51.14993856],[-124.23780042,51.15009878],[-124.23804416,51.15024013],[-124.23832716,51.15042706],[-124.23860658,51.15070585],[-124.23879902,51.15107757],[-124.2390081,51.15122818],[-124.23917427,51.1513852],[-124.2393651,51.15145819],[-124.23960941,51.15150234],[-124.24002262,51.15150697],[-124.24049292,51.15162304],[-124.24113255,51.15171704],[-124.24182612,51.15180071],[-124.24235939,51.15179216],[-124.24293681,51.15180676],[-124.24288522,51.15161556],[-124.24278698,51.15139481],[-124.24273011,51.15097858],[-124.24283449,51.1505531],[-124.24312609,51.15016216],[-124.24351271,51.14983138],[-124.24468041,51.14984598],[-124.24583526,51.14988764],[-124.24698805,51.14986023],[-124.24812582,51.14982533],[-124.24925813,51.14974308],[-124.2502248,51.1494821],[-124.25114447,51.14919227],[-124.25116141,51.14892238],[-124.25126672,51.14858876],[-124.25139347,51.14822452],[-124.25145293,51.1478941],[-124.25130866,51.14739314],[-124.25105194,51.14700219],[-124.25055499,51.14677859],[-124.25000663,51.14652366],[-124.24940627,51.14623739],[-124.24892772,51.14597676],[-124.24862202,51.14578414],[-124.24855447,51.14568694],[-124.24851409,51.14560932],[-124.24850128,51.14555164],[-124.24848437,51.14545301],[-124.24846683,51.14533622],[-124.24843028,51.14521659],[-124.24837458,51.14508521],[-124.24828795,51.14499441],[-124.24817389,51.14489258],[-124.24803731,51.14477437],[-124.24785736,51.14464406],[-124.24764349,51.1444906],[-124.24750393,51.14431435],[-124.24742822,51.14410321],[-124.24744049,51.14385433],[-124.2474056,51.14361471],[-124.24729046,51.14340642],[-124.24708055,51.14321985],[-124.24694842,51.14310413],[-124.24675642,51.14287234],[-124.24663729,51.1426847],[-124.24681733,51.14246715],[-124.24698314,51.14226456],[-124.24715948,51.14208191],[-124.24735963,51.14190388],[-124.24752749,51.14177606],[-124.24775196,51.14161192],[-124.24783421,51.14137301],[-124.24788126,51.14110668],[-124.24821019,51.1410465],[-124.24850547,51.14104615],[-124.2487673,51.14110632],[-124.24904539,51.14132814],[-124.24924841,51.14144279],[-124.24948832,51.14157346],[-124.24974342,51.14165749],[-124.25001281,51.14169559],[-124.2503138,51.14172835],[-124.25054389,51.14176787],[-124.25073663,51.14184264],[-124.25096329,51.14194625],[-124.25122611,51.14203419],[-124.25156378,51.1421257],[-124.25200451,51.14215703],[-124.25245876,51.14215312],[-124.25292596,51.14211395],[-124.25363666,51.14196263],[-124.25366797,51.14241197],[-124.25377182,51.14273455],[-124.25449334,51.1426758],[-124.25502327,51.14271497],[-124.25532056,51.14284671],[-124.2554811,51.14302188],[-124.25561604,51.14325439],[-124.25574869,51.14340571],[-124.25593909,51.14357448],[-124.2563972,51.1435937],[-124.25714039,51.14369838],[-124.25778148,51.14396542],[-124.25832028,51.14439411],[-124.25925221,51.14442722],[-124.2601538,51.14452727],[-124.260317,51.14420505],[-124.2604091,51.14393124],[-124.26044596,51.14370586],[-124.26142473,51.14358729],[-124.26219782,51.14346232],[-124.26275883,51.1434171],[-124.26306531,51.14340678],[-124.2633548,51.14341354],[-124.26367076,51.14347336],[-124.26394923,51.14354813],[-124.26423259,51.14363821],[-124.2644347,51.14369874],[-124.26467886,51.14375001],[-124.26501102,51.14380235],[-124.26550112,51.14377422],[-124.26618382,51.14359691],[-124.26698782,51.14331456],[-124.26761326,51.1430169],[-124.26788783,51.14289121],[-124.26814143,51.14286736],[-124.26837386,51.14294569],[-124.26862963,51.14306283],[-124.26888045,51.14317392],[-124.26912671,51.14327931],[-124.26948727,51.14340144],[-124.27058333,51.14323053],[-124.27171068,51.1431522],[-124.27290386,51.14299945],[-124.27411656,51.1427844],[-124.27509632,51.14248282],[-124.2759511,51.14226278],[-124.27668304,51.14202494],[-124.27755568,51.14187646],[-124.2785705,51.14163577],[-124.27972532,51.14140113],[-124.28075114,51.1407695],[-124.28163816,51.14009727],[-124.28224117,51.13939122],[-124.28285129,51.13872006],[-124.2833369,51.13801045],[-124.28381859,51.13729158],[-124.2841632,51.13647835],[-124.2845029,51.13585135],[-124.28498004,51.13517947],[-124.28548065,51.13451864],[-124.28613152,51.13393472],[-124.28678765,51.13337108],[-124.28750553,51.13279962],[-124.28811579,51.13218543],[-124.28859978,51.13154667],[-124.28974199,51.13116534],[-124.2906616,51.13081641],[-124.29135749,51.13049988],[-124.29162019,51.1305159],[-124.29194172,51.13059637],[-124.29232209,51.13074128],[-124.29308951,51.13110125],[-124.29391675,51.13138289],[-124.29473346,51.13178772],[-124.29563109,51.13208538],[-124.29653005,51.1322132],[-124.2973319,51.13215339],[-124.29793137,51.1320188],[-124.29821282,51.13218365],[-124.2984746,51.13240654],[-124.29864032,51.13260344],[-124.29871038,51.1327747],[-124.29896091,51.13310048],[-124.29927499,51.13336788],[-124.29969597,51.13348823],[-124.3001196,51.13363528],[-124.30054516,51.13380938],[-124.3010941,51.13419606],[-124.30123228,51.13401447],[-124.30135526,51.13381544],[-124.30153469,51.13359753],[-124.30171378,51.13334367],[-124.30184303,51.13326142],[-124.30199293,51.13317988],[-124.30216403,51.13309906],[-124.30243149,51.13295201],[-124.30268351,51.13277541],[-124.30287938,51.13262053],[-124.30303736,51.13246885],[-124.30320536,51.13234387],[-124.30338323,51.13224596],[-124.30366539,51.13210817],[-124.30391291,51.13192231],[-124.30434918,51.13168874],[-124.30478024,51.13148401],[-124.30520179,51.13134657],[-124.30552768,51.13124189],[-124.30576181,51.13143131],[-124.30605188,51.13157765],[-124.30642955,51.13162963],[-124.3068257,51.13165918],[-124.30726737,51.13172399],[-124.30771651,51.13182297],[-124.30839575,51.13196717],[-124.30904401,51.13198604],[-124.30966202,51.13187923],[-124.31001765,51.13198604],[-124.31047077,51.13218472],[-124.31103211,51.13203767],[-124.31159308,51.13193833],[-124.31185537,51.13183258],[-124.31214528,51.13159545],[-124.3125651,51.13121626],[-124.31313177,51.1308132],[-124.31386632,51.13045608],[-124.31388205,51.13101331],[-124.31389647,51.13150786],[-124.31390252,51.13173858],[-124.31393783,51.1319572],[-124.3139584,51.13218151],[-124.31400976,51.13247775],[-124.31408633,51.13266575],[-124.3144164,51.13304886],[-124.31474378,51.13350389],[-124.3150604,51.13424662],[-124.3152181,51.13494021],[-124.31535093,51.13542729],[-124.31540607,51.13568044],[-124.31540765,51.13590653],[-124.3153417,51.13609595],[-124.31527557,51.13628573],[-124.31520975,51.13648405],[-124.31518654,51.13667311],[-124.31519104,51.13684402],[-124.31518099,51.13697896],[-124.3151835,51.13706904],[-124.31518513,51.13719188],[-124.31519955,51.13730261],[-124.31522464,51.13741014],[-124.31526811,51.13754473],[-124.3153051,51.13766721],[-124.31528655,51.13784916],[-124.31523873,51.13800653],[-124.31513792,51.1381575],[-124.31506016,51.13826645],[-124.31503281,51.13832057],[-124.31508155,51.13852708],[-124.31517404,51.13875068],[-124.31513677,51.13894295],[-124.3151276,51.13913806],[-124.31543381,51.13912133],[-124.31578587,51.13914839],[-124.31595863,51.13919147],[-124.31613068,51.13922565],[-124.3162078,51.13923954],[-124.31635728,51.13924595],[-124.31657488,51.13924773],[-124.31676066,51.13924844],[-124.31687544,51.13926304],[-124.31699022,51.13928796],[-124.31728761,51.13936131],[-124.31769496,51.13944178],[-124.31827079,51.13956711],[-124.31872724,51.13970205],[-124.31912201,51.13985729],[-124.31946945,51.14000612],[-124.3197158,51.14011151],[-124.31997622,51.14023435],[-124.32018025,51.1403668],[-124.32041279,51.14050815],[-124.32063152,51.14059254],[-124.32084165,51.14061746],[-124.32104409,51.14058221],[-124.32151286,51.14063954],[-124.3218332,51.14067799],[-124.32197139,51.14073247],[-124.32219862,51.14080083],[-124.32262631,51.14086777],[-124.32326942,51.14090765],[-124.3240357,51.14088094],[-124.32458363,51.14088379],[-124.32498713,51.14098704],[-124.32559058,51.14110597],[-124.32615235,51.14124376],[-124.32646509,51.14134808],[-124.32671643,51.14148018],[-124.32692612,51.14164254],[-124.32712173,51.14182306],[-124.3273405,51.14197972],[-124.32753546,51.14212712],[-124.32762892,51.14222504],[-124.32772772,51.14235001],[-124.32797618,51.14252697],[-124.32818134,51.14270428],[-124.32835696,51.14285525],[-124.32854601,51.1429699],[-124.32877903,51.14310235],[-124.328993,51.14326186],[-124.32920327,51.14343918],[-124.32939327,51.14358979],[-124.32956971,51.14376781],[-124.32971764,51.14393694],[-124.32990916,51.14412351],[-124.33009984,51.14429228],[-124.33015756,51.14447743],[-124.3301819,51.14466008],[-124.33017299,51.14484914],[-124.33017774,51.14502895],[-124.3302293,51.14521623],[-124.33029775,51.14538429],[-124.3304068,51.14552992],[-124.33053573,51.14569619],[-124.33064503,51.14586888],[-124.33082412,51.14612773],[-124.33086975,51.146226],[-124.33095247,51.1464318],[-124.33101047,51.14662905],[-124.33107595,51.14675723],[-124.33114545,51.1468612],[-124.33127891,51.14702178],[-124.33139806,51.14717915],[-124.33144928,51.14731552],[-124.33145857,51.14746435],[-124.33142482,51.14762564],[-124.33131933,51.1478115],[-124.33116695,51.14798312],[-124.33096827,51.14814049],[-124.33072906,51.14828683],[-124.33050348,51.14839756],[-124.33032746,51.14856419],[-124.33019817,51.14871552],[-124.3304529,51.14879385],[-124.33076038,51.14887111],[-124.33090394,51.14890565],[-124.3310681,51.14897543],[-124.33120339,51.14903703],[-124.3313096,51.14908973],[-124.3314256,51.14913637],[-124.33151264,51.14917732],[-124.3315998,51.14922147],[-124.33170131,51.14928022],[-124.33180256,51.14932686],[-124.33190409,51.14937065],[-124.33201927,51.14940519],[-124.33232299,51.14951877],[-124.33240962,51.14955366],[-124.332511,51.14958856],[-124.33259735,51.14960565],[-124.3326982,51.14963128],[-124.33369773,51.1495291],[-124.33472431,51.14948245],[-124.33583902,51.14947569],[-124.33698104,51.1495825],[-124.33807131,51.14964588],[-124.33902265,51.14968718],[-124.33983483,51.1497057],[-124.34032213,51.14968327],[-124.34084761,51.14961918],[-124.34170594,51.14947533],[-124.34271332,51.14937101],[-124.34386993,51.14930585],[-124.34507418,51.14942691],[-124.34616762,51.14900356],[-124.34728174,51.148744],[-124.34841616,51.14864787],[-124.34952345,51.14880204],[-124.35060978,51.14901246],[-124.35182708,51.14875539],[-124.35295706,51.14861653],[-124.35400045,51.14859553],[-124.35475718,51.14856882],[-124.35490609,51.1482822],[-124.35498564,51.14805326],[-124.35497909,51.14782859],[-124.35556023,51.14783678],[-124.35650374,51.14787203],[-124.35752167,51.14775311],[-124.35864637,51.14738459],[-124.35979586,51.14681064],[-124.36081063,51.14632213],[-124.36198014,51.14573287],[-124.36265587,51.14489757],[-124.36293289,51.14497447],[-124.36310175,51.14515321],[-124.36327333,51.14542417],[-124.36362417,51.1457229],[-124.36430481,51.14574675],[-124.36520441,51.14550642],[-124.36612294,51.14562783],[-124.36705392,51.14562285],[-124.36788549,51.14553526],[-124.36862784,51.14529955],[-124.36943947,51.14519024],[-124.37036023,51.14515535],[-124.37150337,51.14529777],[-124.37229404,51.14512971],[-124.37279534,51.14500403],[-124.37289492,51.1449759],[-124.37306526,51.1449378],[-124.37317846,51.14490967],[-124.37340647,51.14487086],[-124.37364425,51.14485021],[-124.37387706,51.14483846],[-124.37414909,51.14485306],[-124.37440843,51.14490718],[-124.37466765,51.14497305],[-124.37494066,51.14502361],[-124.37518483,51.14505672],[-124.37548622,51.14510728],[-124.37577429,51.14517564],[-124.37604203,51.14521161],[-124.37631902,51.14523226],[-124.3765967,51.14527107],[-124.37680615,51.14532163],[-124.37697139,51.14536862],[-124.37711613,51.14542381],[-124.37728459,51.14549075],[-124.37747348,51.1455876],[-124.37771792,51.14569263],[-124.37800669,51.14577915],[-124.37833921,51.14584716],[-124.37840932,51.14627798],[-124.37841513,51.14647559],[-124.37837118,51.14691674],[-124.37839084,51.1475822],[-124.37890268,51.14812554],[-124.37958675,51.14859019],[-124.38040543,51.14902706],[-124.38122484,51.14944293],[-124.38184822,51.14989725],[-124.3817566,51.15016821],[-124.3817461,51.15029425],[-124.381765,51.150447],[-124.38178205,51.15053672],[-124.38182996,51.15071582],[-124.38187857,51.15091307],[-124.38191665,51.15106261],[-124.3819583,51.15118189],[-124.3820039,51.15128052],[-124.38205023,51.15137879],[-124.38211219,51.15154898],[-124.3821284,51.15161165],[-124.3821304,51.15168357],[-124.38213381,51.15178255],[-124.38213512,51.15183632],[-124.38213747,51.15202609],[-124.38212251,51.15220839],[-124.38205124,51.1523679],[-124.38189911,51.15254059],[-124.38174541,51.15267731],[-124.38159228,51.15281404],[-124.38142494,51.15296002],[-124.38134129,51.15302375],[-124.38127181,51.15309674],[-124.38115706,51.15323275],[-124.38106543,51.15335986],[-124.38096812,51.15345707],[-124.38087053,51.15354216],[-124.38082878,51.15357848],[-124.38075948,51.15365111],[-124.38064825,51.15376042],[-124.38052437,51.15391495],[-124.3804601,51.1540004],[-124.38035863,51.15411754],[-124.38023164,51.15432904],[-124.38011577,51.1546032],[-124.37973935,51.15492222],[-124.37931427,51.15505325],[-124.3791766,51.15508494],[-124.37904421,51.15511627],[-124.37890226,51.15514511],[-124.37876004,51.1551768],[-124.37866102,51.15520493],[-124.37848147,51.15525477],[-124.37833469,51.15529572],[-124.37822121,51.1553267],[-124.37815003,51.15534557],[-124.37806504,51.15536479],[-124.37786659,51.15542995],[-124.3776649,51.15552929],[-124.37744922,51.15565355],[-124.37720614,51.1558184],[-124.37698216,51.15597792],[-124.37675779,51.15611749],[-124.37653232,51.15622822],[-124.37629224,51.15634785],[-124.37607944,51.15650309],[-124.37573634,51.15666011],[-124.37526253,51.15681856],[-124.37568327,51.15690935],[-124.37594924,51.15703539],[-124.37606024,51.15719597],[-124.37606613,51.15739358],[-124.37613069,51.15758158],[-124.37621042,51.15776067],[-124.37633046,51.15789027],[-124.37644153,51.15798854],[-124.37664295,51.15803946],[-124.37694635,51.15813453],[-124.37735066,51.15827481],[-124.37773578,51.158492],[-124.378032,51.15867537],[-124.37823986,51.15882491],[-124.37844354,51.1589392],[-124.37866254,51.15910762],[-124.37883323,51.15922547],[-124.3789991,51.15935543],[-124.37920347,51.15948788],[-124.37939276,51.15961179],[-124.37956904,51.1597713],[-124.37901019,51.1605215],[-124.37845815,51.16113925],[-124.37786259,51.16175202],[-124.3772244,51.16235909],[-124.37629606,51.16276463],[-124.37523901,51.16308686],[-124.37447437,51.16333075],[-124.37384071,51.16366366],[-124.37333826,51.1640863],[-124.37312891,51.16459047],[-124.37312396,51.1650601],[-124.37324421,51.16546351],[-124.37332055,51.16574408],[-124.37319171,51.1662105],[-124.37296132,51.16696249],[-124.37288137,51.16727332],[-124.37286415,51.16755709],[-124.37304968,51.1676899],[-124.37324374,51.16781345],[-124.37353576,51.16800786],[-124.37378382,51.16816701],[-124.37387296,51.16827881],[-124.37397925,51.16849636],[-124.37410328,51.16881966],[-124.37425489,51.16942922],[-124.37450719,51.16979417],[-124.37476467,51.17005872],[-124.375027,51.17022357],[-124.37529813,51.17035211],[-124.37560831,51.17046248],[-124.37592885,51.17055185],[-124.37641987,51.1707078],[-124.37680923,51.17082922],[-124.37697086,51.17091609],[-124.37719302,51.17105531],[-124.37752612,51.17136009],[-124.37740154,51.17193227],[-124.37702661,51.17245815],[-124.37640002,51.17293811],[-124.37577823,51.17340027],[-124.37548029,51.17380332],[-124.37554025,51.17411736],[-124.37578323,51.1743285],[-124.37604528,51.17448018],[-124.37626296,51.17457667],[-124.37640862,51.17515027],[-124.37641112,51.17570784],[-124.37641189,51.1762113],[-124.37641233,51.17670622],[-124.37640303,51.17736278],[-124.37636324,51.17779182],[-124.37624934,51.17807381],[-124.37611716,51.17831913],[-124.37562505,51.17883861],[-124.37533209,51.17939655],[-124.37535568,51.17992991],[-124.37563614,51.18037533],[-124.37611332,51.1807143],[-124.37666948,51.18101053],[-124.37667482,51.18119924],[-124.37646548,51.18137869],[-124.37628545,51.18158164],[-124.37617136,51.18175682],[-124.3761012,51.18194659],[-124.37607345,51.18215061],[-124.37606635,51.18239344],[-124.37587166,51.18258464],[-124.37525889,51.18314044],[-124.37467174,51.1835969],[-124.37447424,51.18370727],[-124.37428795,51.18384222],[-124.3741108,51.18399318],[-124.37401623,51.18417833],[-124.37395015,51.18436099],[-124.37386054,51.18455681],[-124.37366496,51.18475905],[-124.37342499,51.18499262],[-124.37316705,51.18528921],[-124.37309022,51.18571292],[-124.37324016,51.18620676],[-124.37359159,51.18673906],[-124.37368237,51.1869089],[-124.37374458,51.18707909],[-124.37398237,51.18768189],[-124.37418554,51.18837583],[-124.37447737,51.18909399],[-124.37485734,51.1898328],[-124.37510849,51.19059332],[-124.37523243,51.19137806],[-124.37523379,51.19191784],[-124.37523801,51.19252918],[-124.37523835,51.19302374],[-124.37524291,51.19366214],[-124.37520259,51.19423823],[-124.37550137,51.19417948],[-124.37556676,51.1941713],[-124.37578252,51.19414388],[-124.37582325,51.19413961],[-124.37606693,51.19411433],[-124.37635156,51.19408549],[-124.37663323,51.19405344],[-124.37690961,51.1940125],[-124.37716405,51.19393879],[-124.37739226,51.19382486],[-124.3776471,51.19374225],[-124.37769378,51.1937305],[-124.37791319,51.19367603],[-124.37819147,51.19361621],[-124.37847141,51.19359805],[-124.37856334,51.19361906],[-124.37866847,51.19364327],[-124.37874205,51.19366],[-124.37901099,51.1937508],[-124.37920122,51.19380527],[-124.37927593,51.19382664],[-124.37947469,51.19383839],[-124.37953373,51.19384195],[-124.37961076,51.19381702],[-124.37977567,51.19376362],[-124.38001319,51.19364113],[-124.38013268,51.19359342],[-124.38026148,51.19354179],[-124.38032011,51.19352542],[-124.38047333,51.19348305],[-124.38052334,51.19346916],[-124.38079078,51.19340365],[-124.38105784,51.19333778],[-124.3813203,51.19326621],[-124.38137657,51.19324769],[-124.38157321,51.19318289],[-124.38181918,51.19309174],[-124.38200993,51.19301697],[-124.38206213,51.19299632],[-124.38230233,51.19289841],[-124.38254153,51.19279907],[-124.38278112,51.19270009],[-124.3830225,51.19260324],[-124.38327843,51.19250568],[-124.38351918,51.19242628],[-124.38356547,51.19241418],[-124.38378482,51.19235863],[-124.38404925,51.19228885],[-124.38420247,51.19224185],[-124.38430892,51.19220909],[-124.38451354,51.19220197],[-124.38458862,51.19219948],[-124.38483234,51.19220873],[-124.38487652,51.19221016],[-124.38514095,51.1921831],[-124.38543595,51.19212506],[-124.38563552,51.19200578],[-124.38575573,51.1918388],[-124.38585336,51.19170385],[-124.38587437,51.19167501],[-124.3859151,51.19149058],[-124.38605731,51.19135278],[-124.38634163,51.19130721],[-124.38662984,51.19130685],[-124.38691682,51.19131362],[-124.38711863,51.19131682],[-124.38720542,51.19131825],[-124.38749266,51.19132679],[-124.38777653,51.19134566],[-124.38803735,51.19138483],[-124.38830949,51.19146565],[-124.38857014,51.19154327],[-124.3888431,51.19159704],[-124.389121,51.1916419],[-124.38940223,51.19167537],[-124.38963109,51.19169175],[-124.3896761,51.19169495],[-124.38997125,51.19170706],[-124.39025784,51.19171347],[-124.3905446,51.19171952],[-124.3908308,51.1917302],[-124.39111869,51.19174551],[-124.39140576,51.19175904],[-124.39169108,51.19176224],[-124.39183588,51.19175548],[-124.39197328,51.19174871],[-124.39225806,51.19171952],[-124.39254055,51.19167537],[-124.39281273,51.19161519],[-124.39306613,51.19153544],[-124.3933104,51.191398],[-124.39354154,51.19123529],[-124.393747,51.19111209],[-124.39389927,51.19109358],[-124.39401699,51.19121001],[-124.39408247,51.19141189],[-124.39415379,51.1916273],[-124.39426693,51.19179927],[-124.39439726,51.19196057],[-124.39453864,51.19211901],[-124.39469249,51.19227176],[-124.39486094,51.1924156],[-124.39505602,51.19254342],[-124.39529241,51.19265772],[-124.39551885,51.1927599],[-124.39574012,51.19287491],[-124.39594719,51.19299917],[-124.39615758,51.1931213],[-124.39637903,51.19323595],[-124.39662391,51.19334917],[-124.39685749,51.19343106],[-124.39712216,51.19349942],[-124.39739654,51.19355497],[-124.39767372,51.19360019],[-124.39774347,51.19360624],[-124.39780635,51.19361122],[-124.39795857,51.19362404],[-124.39823013,51.19364256],[-124.3985053,51.19368493],[-124.39878129,51.19376611],[-124.3988387,51.19379495],[-124.39900472,51.19387791],[-124.39920083,51.19400715],[-124.39925898,51.19404953],[-124.39938776,51.19414352],[-124.39956787,51.19428452],[-124.39974484,51.1944273],[-124.39992176,51.19456901],[-124.40000017,51.19463488],[-124.40009309,51.19471285],[-124.40025905,51.19485954],[-124.40042369,51.19500659],[-124.40058742,51.19515436],[-124.40075023,51.19530283],[-124.40091027,51.19541997],[-124.40093954,51.19544133],[-124.40114567,51.1955745],[-124.40138471,51.19565461],[-124.40165227,51.1956628],[-124.40171922,51.19566066],[-124.40196363,51.19564891],[-124.40225082,51.19565069],[-124.40253774,51.19565532],[-124.40282375,51.19565603],[-124.40294595,51.19565247],[-124.40310902,51.19564784],[-124.40339329,51.19562897],[-124.40367673,51.19560369],[-124.40396035,51.19557806],[-124.4040017,51.19557485],[-124.40424453,51.19555705],[-124.40454453,51.19553854],[-124.40481433,51.19552251],[-124.40509987,51.19550685],[-124.40538505,51.19549189],[-124.4056816,51.19547694],[-124.4059559,51.19546448],[-124.40624139,51.19545237],[-124.40652666,51.19543955],[-124.40681184,51.1954246],[-124.40709672,51.1954068],[-124.40738094,51.19538686],[-124.40766512,51.19536585],[-124.40794908,51.19534413],[-124.40823321,51.19532206],[-124.40851752,51.19529962],[-124.40880144,51.19527684],[-124.40908496,51.19525369],[-124.40936905,51.19523055],[-124.40965297,51.19520776],[-124.40993689,51.19518498],[-124.41022063,51.19516254],[-124.41050454,51.19513976],[-124.41078846,51.19511697],[-124.41107263,51.19509596],[-124.41123089,51.19508493],[-124.41135724,51.19507638],[-124.41164221,51.19505609],[-124.41192551,51.19503223],[-124.4122068,51.1950009],[-124.41248539,51.19495888],[-124.41276144,51.19491046],[-124.41303217,51.19485207],[-124.41330162,51.19479047],[-124.41356963,51.19472602],[-124.41371054,51.19471214],[-124.41384883,51.19469897],[-124.41413675,51.19470039],[-124.41441463,51.19470146],[-124.41471344,51.19470039],[-124.41499704,51.19468401],[-124.41527505,51.19464663],[-124.41555389,51.19460176],[-124.41583112,51.19454978],[-124.41610368,51.19448996],[-124.4163681,51.19442124],[-124.41662169,51.1943422],[-124.41686479,51.19424749],[-124.41709535,51.19413783],[-124.41731101,51.1940157],[-124.41750832,51.19388467],[-124.41769059,51.19374724],[-124.41787632,51.19359698],[-124.41803499,51.19346133],[-124.4182,51.19331392],[-124.41836326,51.19316545],[-124.41852613,51.19301662],[-124.4185729,51.1929746],[-124.41868979,51.1928685],[-124.41885711,51.19272216],[-124.41902946,51.19257832],[-124.41920762,51.19243768],[-124.41938981,51.1922981],[-124.4195768,51.19216031],[-124.41976903,51.19202572],[-124.41996829,51.19189648],[-124.4201756,51.19177399],[-124.42022289,51.19174943],[-124.4204086,51.19165472],[-124.42064719,51.19155645],[-124.42089596,51.19147099],[-124.42114529,51.1913948],[-124.42140546,51.19131967],[-124.42166843,51.19124811],[-124.4219348,51.19118117],[-124.42220423,51.19111957],[-124.42249162,51.19106189],[-124.42275165,51.19101596],[-124.42302929,51.19097003],[-124.42327564,51.19093229],[-124.4233197,51.19092588],[-124.42360498,51.19088636],[-124.42369318,51.19087567],[-124.42387143,51.19085396],[-124.42415436,51.19082618],[-124.42421327,51.19082191],[-124.42443702,51.19080589],[-124.42472073,51.19079734],[-124.42500605,51.19080518],[-124.42529212,51.19082191],[-124.4255614,51.19084043],[-124.4258649,51.19085752],[-124.42615066,51.19086677],[-124.42643677,51.19087532],[-124.42672248,51.19088351],[-124.42691035,51.19088849],[-124.42700838,51.19089134],[-124.42718279,51.19089597],[-124.42729444,51.19089882],[-124.42757994,51.1909063],[-124.42786583,51.19091413],[-124.4281519,51.1909216],[-124.42843766,51.19093086],[-124.42872386,51.19094154],[-124.42900949,51.19095223],[-124.42929564,51.19096184],[-124.42958171,51.19096932],[-124.4296359,51.19097003],[-124.42986725,51.19097323],[-124.43014195,51.19097145],[-124.43043825,51.19096041],[-124.43072353,51.19094404],[-124.43100859,51.19092695],[-124.431294,51.19091377],[-124.43137004,51.19091164],[-124.4315802,51.19090594],[-124.43187859,51.19089989],[-124.43215203,51.1908949],[-124.43243836,51.19089027],[-124.43272451,51.190886],[-124.43301062,51.19088066],[-124.43329669,51.19087425],[-124.43358232,51.19086642],[-124.43386808,51.19085716],[-124.43415419,51.19084719],[-124.43443973,51.19083722],[-124.43472527,51.19082725],[-124.43501081,51.19081728],[-124.43529697,51.19080838],[-124.43558317,51.19080055],[-124.43562459,51.19079948],[-124.43586888,51.19079485],[-124.43615543,51.19079093],[-124.43638333,51.19078844],[-124.43644162,51.19078773],[-124.43672782,51.19078453],[-124.43677476,51.19078381],[-124.43681942,51.1907831],[-124.4369975,51.19078025],[-124.43729982,51.19077313],[-124.43758536,51.19076316],[-124.43787121,51.19075141],[-124.43815898,51.19074037],[-124.43844784,51.19072827],[-124.43873526,51.19071331],[-124.43902036,51.19069266],[-124.43930157,51.19066489],[-124.43957841,51.19062751],[-124.43984799,51.19057481],[-124.44011009,51.19050146],[-124.44036302,51.19041209],[-124.44060641,51.19031204],[-124.44083862,51.19020701],[-124.44105876,51.19009414],[-124.44127043,51.18997308],[-124.44147641,51.18984739],[-124.44168081,51.18972028],[-124.44188719,51.18959495],[-124.4421002,51.18947461],[-124.44232157,51.18935925],[-124.44254061,51.18924282],[-124.44274589,51.18911856],[-124.44292809,51.18898112],[-124.443094,51.18883407],[-124.44325448,51.18868417],[-124.44342077,51.18853748],[-124.44360254,51.18839862],[-124.44379811,51.18826403],[-124.44401011,51.18814226],[-124.4442459,51.18804613],[-124.4443218,51.1880269],[-124.44451148,51.18797954],[-124.4447904,51.18792863],[-124.44506722,51.18788199],[-124.44534907,51.18784709],[-124.44562702,51.18780508],[-124.4459003,51.18774597],[-124.44616326,51.18767085],[-124.44638645,51.18756332],[-124.44658106,51.187433],[-124.44676334,51.18729308],[-124.44694518,51.18715172],[-124.44713891,51.18701856],[-124.44734238,51.18689216],[-124.44754879,51.1867679],[-124.4477579,51.18664506],[-124.4479678,51.18652293],[-124.44817787,51.18640045],[-124.44838602,51.18627726],[-124.44858796,51.18614588],[-124.44866236,51.18609496],[-124.44878575,51.18601022],[-124.44894369,51.18592334],[-124.44899739,51.18589379],[-124.4492544,51.18584003],[-124.44955215,51.18584216],[-124.44989193,51.18582578],[-124.45017778,51.18581047],[-124.45046312,51.18579623],[-124.45074845,51.18578662],[-124.45103409,51.18578448],[-124.45131987,51.18579018],[-124.45160591,51.18580228],[-124.45189103,51.18581973],[-124.45213167,51.18583753],[-124.45217554,51.18584074],[-124.4524594,51.18586424],[-124.45274317,51.18589023],[-124.45302598,51.18592049],[-124.45330621,51.18595717],[-124.45358265,51.18600274],[-124.4538555,51.18605793],[-124.45412714,51.18612024],[-124.45417744,51.18613235],[-124.45439795,51.1861854],[-124.45466762,51.18625055],[-124.45493616,51.18631108],[-124.45520416,51.18636342],[-124.45542539,51.1863328],[-124.45546568,51.18632711],[-124.45563871,51.18618397],[-124.45579356,51.18603158],[-124.45593863,51.18587599],[-124.4560743,51.18571754],[-124.45620306,51.18555696],[-124.45633239,51.18539639],[-124.45646653,51.18523759],[-124.45659874,51.18507807],[-124.45672213,51.18491571],[-124.45683844,51.18475157],[-124.45694938,51.18458565],[-124.45705323,51.18441795],[-124.45715346,51.18424954],[-124.45724832,51.18407935],[-124.45733251,51.18390773],[-124.4574022,51.18373326],[-124.4574551,51.18355595],[-124.45748769,51.18337721],[-124.45750115,51.18319812],[-124.45750547,51.18301796],[-124.45750127,51.18283779],[-124.45748895,51.18265799],[-124.45746907,51.18247854],[-124.45744146,51.1822998],[-124.45740874,51.18212106],[-124.45737243,51.18194268],[-124.457335,51.1817643],[-124.45729813,51.18158591],[-124.45726427,51.18140717],[-124.45722911,51.18122879],[-124.45719299,51.18105005],[-124.45715783,51.18087167],[-124.45712569,51.18069293],[-124.45709997,51.18051384],[-124.45708011,51.18033439],[-124.45706326,51.18015458],[-124.45705301,51.17997406],[-124.45705207,51.17979426],[-124.45706258,51.17963047],[-124.45709441,51.17943714],[-124.45714603,51.17926018],[-124.45720753,51.17908393],[-124.45726903,51.17890769],[-124.45732179,51.17873073],[-124.45736904,51.17855342],[-124.45741704,51.17837575],[-124.45747286,51.1781995],[-124.45754127,51.17802539],[-124.45758827,51.17792961],[-124.45762549,51.17785377],[-124.4577198,51.17768358],[-124.457817,51.17751445],[-124.45791114,51.17734462],[-124.45800585,51.17717478],[-124.45810151,51.1770053],[-124.45819718,51.17683582],[-124.45829229,51.17666634],[-124.45839319,51.17633806],[-124.45845221,51.1761611],[-124.45850839,51.17598414],[-124.45855889,51.17580718],[-124.45860009,51.17562951],[-124.45862709,51.17545184],[-124.45863473,51.17527311],[-124.45862438,51.17509401],[-124.45860114,51.17491456],[-124.4585707,51.17473475],[-124.45854026,51.17455495],[-124.45851475,51.1743755],[-124.45849226,51.17419569],[-124.45846449,51.17401624],[-124.45843462,51.17383643],[-124.45840532,51.17365663],[-124.45838,51.17347682],[-124.45836132,51.17329737],[-124.45835251,51.17311863],[-124.45835659,51.17294025],[-124.45837885,51.17276187],[-124.45842024,51.17258384],[-124.45847661,51.17240653],[-124.45854495,51.17223028],[-124.45862151,51.17205582],[-124.45870252,51.17188384],[-124.45880494,51.17171685],[-124.45884981,51.17165668],[-124.45892662,51.17155343],[-124.45905594,51.17139178],[-124.45918527,51.17123013],[-124.45934194,51.17107062],[-124.45949979,51.17091218],[-124.45961989,51.17075195],[-124.45966129,51.17058781],[-124.45959405,51.1704194],[-124.45946954,51.17024849],[-124.4593546,51.17007545],[-124.45932775,51.17001564],[-124.45927462,51.169896],[-124.45919563,51.16970872],[-124.45914902,51.16953069],[-124.45919234,51.16939041],[-124.45952528,51.16935302],[-124.45979222,51.16930318],[-124.45999824,51.16919351],[-124.46012185,51.16902617],[-124.46020405,51.16885063],[-124.46025372,51.1686662],[-124.4603657,51.16851096],[-124.46058155,51.16840094],[-124.46084548,51.16831442],[-124.46110587,51.16823395],[-124.46114973,51.16822327],[-124.46137539,51.16816844],[-124.4616408,51.16809972],[-124.46187861,51.16800394],[-124.46209695,51.16789],[-124.46230659,51.16776717],[-124.46251191,51.16764041],[-124.46271762,51.16751401],[-124.46292862,51.16739189],[-124.46315311,51.16727581],[-124.46322667,51.16725552],[-124.46341013,51.16720567],[-124.46369299,51.16718003],[-124.46398285,51.16717256],[-124.4641082,51.16717398],[-124.46426842,51.16717612],[-124.46455346,51.16719463],[-124.4648382,51.16721493],[-124.46504086,51.16722312],[-124.4651239,51.16722632],[-124.46530145,51.16722668],[-124.4654099,51.16722668],[-124.46572199,51.16722134],[-124.46596769,51.16716152],[-124.4660749,51.1670102],[-124.46613307,51.16682576],[-124.46618219,51.16663777],[-124.46624355,51.16646188],[-124.46630014,51.16628528],[-124.46633944,51.16614392],[-124.46634897,51.16610832],[-124.46638106,51.16592958],[-124.46639075,51.16574906],[-124.46641699,51.16557068],[-124.4664911,51.16539657],[-124.46661108,51.16523314],[-124.46674926,51.16507541],[-124.46689509,51.16491946],[-124.46705249,51.16476885],[-124.46722535,51.16462607],[-124.46740725,51.16448686],[-124.46755,51.16438111],[-124.46759373,51.16434871],[-124.46778716,51.16421376],[-124.46798801,51.16408452],[-124.46819807,51.1639631],[-124.46841953,51.16385201],[-124.46865208,51.1637484],[-124.46889394,51.16365013],[-124.46914422,51.16355898],[-124.46941245,51.16347175],[-124.46966237,51.16339983],[-124.4699461,51.16333075],[-124.47019741,51.16327913],[-124.47023895,51.163272],[-124.47047188,51.16323355],[-124.47076927,51.16319332],[-124.47103281,51.16316305],[-124.47131705,51.16313457],[-124.47160251,51.16310822],[-124.4718874,51.16308187],[-124.47217073,51.1630541],[-124.47245313,51.16302704],[-124.47273667,51.16300461],[-124.47302148,51.16298538],[-124.47330633,51.16296722],[-124.47360423,51.16294907],[-124.4738758,51.16293482],[-124.47405902,51.16292592],[-124.47416065,51.16292129],[-124.47444607,51.16290776],[-124.4747317,51.16289495],[-124.47501663,51.16288355],[-124.47530196,51.16286789],[-124.47558689,51.16284723],[-124.47587157,51.16283406],[-124.47615637,51.16284261],[-124.47644012,51.16286717],[-124.47672483,51.16288747],[-124.4770105,51.16290349],[-124.477285,51.16291916],[-124.47750725,51.16293482],[-124.47756857,51.16293945],[-124.47786123,51.162969],[-124.47813027,51.1630363],[-124.4784,51.16308828],[-124.47845538,51.1630865],[-124.47868305,51.16307724],[-124.47896773,51.16304093],[-124.47924598,51.16300034],[-124.47952165,51.16295227],[-124.4797975,51.16290385],[-124.48007335,51.16285542],[-124.48016551,51.16284581],[-124.48035544,51.16282551],[-124.48063837,51.16279739],[-124.4809226,51.1627689],[-124.48120653,51.1627422],[-124.48149098,51.16271905],[-124.48177565,51.16270125],[-124.48206006,51.16269093],[-124.48234481,51.16268915],[-124.48262848,51.16269769],[-124.48291284,51.16271407],[-124.48319651,51.1627365],[-124.48349873,51.16276392],[-124.48376454,51.1627892],[-124.48404131,51.16281412],[-124.48431777,51.1628362],[-124.48461829,51.16285436],[-124.48490724,51.16287643],[-124.48519882,51.16290242],[-124.48549091,51.16292735],[-124.48578087,51.16294622],[-124.48597356,51.16295156],[-124.48606716,51.16295405],[-124.48617547,51.16295085],[-124.48634615,51.1629455],[-124.48661575,51.1629156],[-124.48688316,51.16283691],[-124.48701422,51.1627746],[-124.48714955,51.16271051],[-124.48741058,51.16256382],[-124.48765998,51.1624246],[-124.48789244,51.16231992],[-124.48805574,51.16228681],[-124.48810304,51.16227719],[-124.48828826,51.16231743],[-124.48832154,51.16233523],[-124.48845983,51.16240751],[-124.48862126,51.16253213],[-124.48877266,51.16268416],[-124.4889145,51.16285685],[-124.48904648,51.16304271],[-124.48914661,51.16319973],[-124.48916985,51.16323569],[-124.48928336,51.16342796],[-124.48938843,51.1636131],[-124.48948464,51.16378508],[-124.48956491,51.16395598],[-124.48962981,51.16413045],[-124.48968345,51.16430705],[-124.48972979,51.16448579],[-124.48977181,51.16466524],[-124.48981383,51.16484469],[-124.48985886,51.16502378],[-124.48991159,51.1652011],[-124.48997501,51.16537627],[-124.49005233,51.1655486],[-124.49013781,51.16572164],[-124.49022662,51.16589718],[-124.49029829,51.16602892],[-124.49032203,51.166072],[-124.49042774,51.16624433],[-124.4905459,51.16641096],[-124.49067965,51.16657012],[-124.49083284,51.16671859],[-124.49100747,51.1668546],[-124.4912008,51.16698029],[-124.49140635,51.16709957],[-124.49162361,51.1672135],[-124.49184995,51.16732281],[-124.49208389,51.1674282],[-124.49232338,51.16753039],[-124.49256698,51.16763115],[-124.49281184,51.16773049],[-124.49305689,51.16782947],[-124.49329988,51.16792917],[-124.49353933,51.16803029],[-124.49377376,51.16813354],[-124.49400785,51.16823751],[-124.49424228,51.16834077],[-124.49447729,51.16844402],[-124.49471321,51.16854656],[-124.49494948,51.16864839],[-124.4951865,51.16874987],[-124.49542404,51.16885028],[-124.49566211,51.16894962],[-124.49590127,51.16904789],[-124.49614113,51.16914473],[-124.49625294,51.16918888],[-124.49633839,51.16922306],[-124.49638226,51.16924015],[-124.49664447,51.16930531],[-124.49693064,51.16933202],[-124.49721375,51.16935801],[-124.49749568,51.16938756],[-124.49758737,51.1693986],[-124.49777949,51.16942138],[-124.49805942,51.16946197],[-124.49831923,51.16952856],[-124.49853985,51.16964498],[-124.4987696,51.16975323],[-124.4990141,51.16984758],[-124.4991938,51.16990846],[-124.49925064,51.16992805],[-124.49952946,51.17000104],[-124.49980334,51.17005516],[-124.5000715,51.17011747],[-124.50018304,51.17015058],[-124.50032984,51.17019402],[-124.50058735,51.17027342],[-124.50084932,51.17034605],[-124.50111508,51.17041441],[-124.50138085,51.17048278],[-124.50164317,51.1705547],[-124.50175362,51.17058888],[-124.50186158,51.17062235],[-124.50189859,51.17063374],[-124.50214389,51.17072418],[-124.50237924,51.17082565],[-124.50260769,51.17093425],[-124.50283361,51.17104569],[-124.50306045,51.17115643],[-124.50329201,51.17126218],[-124.50352741,51.17136472],[-124.50376425,51.17146548],[-124.50400167,51.17156624],[-124.50423851,51.17166701],[-124.50447409,51.17176919],[-124.50470194,51.17187209],[-124.50493426,51.17198211],[-124.50515007,51.17210032],[-124.5053571,51.17222601],[-124.50556415,51.17235169],[-124.50577883,51.1724699],[-124.50601096,51.17257102],[-124.50626825,51.17264864],[-124.50653626,51.17271594],[-124.50679992,51.1727875],[-124.50705729,51.17286726],[-124.50731571,51.17294488],[-124.50758326,51.17301431],[-124.50788405,51.17308659],[-124.50811833,51.17304422],[-124.50824051,51.17290144],[-124.50834564,51.17271344],[-124.50845748,51.17254076],[-124.50857811,51.17237448],[-124.5087914,51.17227408],[-124.50897711,51.17223811],[-124.50907062,51.17221996],[-124.50934931,51.17216228],[-124.50957937,51.17206009],[-124.50977967,51.17192942],[-124.50999032,51.17180658],[-124.51024026,51.17170439],[-124.51047864,51.17162001],[-124.5107268,51.17152957],[-124.51096254,51.17142738],[-124.51119195,51.17131843],[-124.51142415,51.17121304],[-124.51166688,51.17111975],[-124.5119316,51.17103608],[-124.51199313,51.17101828],[-124.51218336,51.1709638],[-124.51244949,51.1708958],[-124.51273699,51.17083171],[-124.51299165,51.17078364],[-124.51327328,51.17075124],[-124.51355946,51.17073272],[-124.51386474,51.17071813],[-124.51413102,51.1707078],[-124.51441713,51.17070104],[-124.51470381,51.1706989],[-124.51498918,51.17070175],[-124.51527466,51.17071136],[-124.51547355,51.17072382],[-124.51554511,51.17072845],[-124.51584357,51.17075444],[-124.51612452,51.1707872],[-124.51640457,51.1708253],[-124.51668226,51.17087052],[-124.51694524,51.17092143],[-124.51722247,51.1709873],[-124.51748469,51.17106065],[-124.51754888,51.17107916],[-124.51774643,51.17113613],[-124.51801,51.17120556],[-124.51828002,51.17126182],[-124.51855771,51.17130241],[-124.51884115,51.17133125],[-124.51912656,51.17135261],[-124.51940099,51.1713697],[-124.5195842,51.17137825],[-124.51963654,51.17138038],[-124.51969647,51.17138323],[-124.51998173,51.17139213],[-124.52026803,51.1713989],[-124.52055434,51.17140566],[-124.52084016,51.17141457],[-124.52112599,51.1714281],[-124.5214127,51.17144447],[-124.52169836,51.17145836],[-124.52191416,51.17146299],[-124.52198388,51.17146441],[-124.52215105,51.1714605],[-124.52226715,51.17145765],[-124.522549,51.17142596],[-124.52282584,51.17137433],[-124.52309213,51.17130597],[-124.52336008,51.17120058],[-124.52359918,51.17111584],[-124.5238591,51.17108949],[-124.52412745,51.17113756],[-124.52439821,51.17122016],[-124.5246642,51.17129742],[-124.52492875,51.17136721],[-124.52519172,51.1714402],[-124.52537435,51.17149753],[-124.52544016,51.17151853],[-124.52568823,51.17161502],[-124.52590797,51.1717311],[-124.52612336,51.17185144],[-124.52635454,51.17195577],[-124.52660644,51.17203979],[-124.52686885,51.17211278],[-124.52713663,51.1721783],[-124.52740956,51.17223562],[-124.52769273,51.17228013],[-124.52797385,51.17232535],[-124.52822813,51.17238481],[-124.52846883,51.1724813],[-124.52865555,51.17261731],[-124.52883014,51.1727665],[-124.52902416,51.17290037],[-124.52912721,51.17296482],[-124.52922852,51.17302819],[-124.52944074,51.17314925],[-124.52966787,51.17325607],[-124.52992294,51.17333832],[-124.53019666,51.17339635],[-124.53047494,51.17343231],[-124.53061675,51.17344193],[-124.53076084,51.17345154],[-124.53104469,51.17347611],[-124.53132138,51.17352346],[-124.53146099,51.17355266],[-124.53159563,51.17358043],[-124.53187247,51.17361817],[-124.5320881,51.17361853],[-124.53215738,51.17361853],[-124.53237408,51.17360393],[-124.53244637,51.17359895],[-124.5326636,51.17358791],[-124.53273349,51.17358435],[-124.53301392,51.17359966],[-124.53327958,51.17363704],[-124.53357061,51.17369223],[-124.53383998,51.17375917],[-124.53409497,51.17383928],[-124.53434359,51.17393008],[-124.53459,51.17403119],[-124.5348225,51.17414335],[-124.5350292,51.17426761],[-124.53519953,51.17440469],[-124.53533018,51.17456136],[-124.53542762,51.17473369],[-124.53549925,51.17491349],[-124.53555289,51.17509294],[-124.53557638,51.17527132],[-124.5355579,51.1754554],[-124.53553125,51.17563877],[-124.53553249,51.17580576],[-124.53565519,51.17597524],[-124.53588202,51.17608277],[-124.536132,51.17616502],[-124.53622647,51.17632951],[-124.5362855,51.17651074],[-124.53633404,51.17669019],[-124.53636992,51.17687],[-124.53637053,51.17704874],[-124.53630987,51.17718439],[-124.53629272,51.17722178],[-124.53622426,51.1773966],[-124.53617979,51.17757463],[-124.53614293,51.17775337],[-124.53612963,51.17784558],[-124.53611725,51.17793246],[-124.53610975,51.17811155],[-124.53612501,51.17829172],[-124.53614635,51.17847224],[-124.53615628,51.17865169],[-124.53613873,51.17883042],[-124.53610284,51.17900952],[-124.53605156,51.17918754],[-124.53598333,51.17936308],[-124.53589727,51.17953327],[-124.53578161,51.17969777],[-124.53563956,51.17985585],[-124.53547953,51.1800054],[-124.5352913,51.18014176],[-124.535083,51.18026923],[-124.53488772,51.18040026],[-124.53486296,51.18042767],[-124.53474841,51.18055158],[-124.5347085,51.18073424],[-124.5347226,51.18091333],[-124.53478488,51.18109029],[-124.53485922,51.18126582],[-124.53494728,51.18143886],[-124.53507258,51.18159731],[-124.53525674,51.18173296],[-124.53547456,51.18185438],[-124.53569128,51.18197223],[-124.535908,51.18209008],[-124.53612525,51.18220687],[-124.53634324,51.1823233],[-124.53656289,51.18243866],[-124.53678254,51.18255402],[-124.53700329,51.18266831],[-124.53722477,51.18278225],[-124.53744718,51.18289547],[-124.53766867,51.18300941],[-124.53788838,51.18312584],[-124.53810682,51.18324369],[-124.53832492,51.18336226],[-124.53854393,51.18348011],[-124.53876421,51.18359654],[-124.53898628,51.18371048],[-124.53921219,51.18382121],[-124.53944189,51.18392767],[-124.53967591,51.18402879],[-124.5399163,51.18412385],[-124.54006379,51.18417655],[-124.54016301,51.1842118],[-124.54041752,51.18429191],[-124.54067784,51.18436597],[-124.54094286,51.18443504],[-124.54121133,51.18450056],[-124.5414825,51.18456287],[-124.54175477,51.18462411],[-124.54202703,51.18468535],[-124.54229764,51.18474766],[-124.54256607,51.1848121],[-124.54283105,51.18488011],[-124.54309037,51.18495274],[-124.5432957,51.18501612],[-124.54333794,51.18502965],[-124.54357975,51.1851265],[-124.54377348,51.18525895],[-124.54395104,51.18540707],[-124.54413955,51.18554557],[-124.54436443,51.18565381],[-124.54460258,51.18575351],[-124.54484545,51.18585284],[-124.54509163,51.18595005],[-124.54534253,51.18604226],[-124.54559752,51.18612843],[-124.54585708,51.1862064],[-124.54612169,51.18627405],[-124.54639108,51.1863296],[-124.5466645,51.18637339],[-124.54694058,51.18641291],[-124.5472188,51.18644923],[-124.5474984,51.1864827],[-124.54778014,51.18651296],[-124.54806254,51.18654074],[-124.54834671,51.18656602],[-124.54863176,51.18658952],[-124.54891728,51.18661088],[-124.54918925,51.18662975],[-124.54947997,51.18664862],[-124.54977746,51.18666642],[-124.55006485,51.1866828],[-124.55035145,51.18669847],[-124.55063766,51.18671378],[-124.55092387,51.18672909],[-124.55097815,51.18673194],[-124.55120895,51.1867444],[-124.55137252,51.18675259],[-124.5514934,51.18675864],[-124.55177852,51.18675757],[-124.5520647,51.18674155],[-124.55234994,51.18671698],[-124.55263373,51.18668957],[-124.55291813,51.18666322],[-124.55320331,51.18663295],[-124.55348436,51.18659486],[-124.55375656,51.18654465],[-124.55399688,51.18645386],[-124.55421625,51.18633387],[-124.55446851,51.18624771],[-124.55474537,51.186174],[-124.55481792,51.18616154],[-124.55500682,51.1861295],[-124.55520309,51.18612309],[-124.55529196,51.18612024],[-124.55533815,51.18611988],[-124.55558106,51.18611917],[-124.55586729,51.18610885],[-124.55615259,51.1860946],[-124.55643396,51.18606398],[-124.55671223,51.18601414],[-124.55683656,51.18600381],[-124.55697334,51.18599242],[-124.55727666,51.18600061],[-124.5575427,51.18602232],[-124.55782713,51.18604476],[-124.55815515,51.18611169],[-124.55820045,51.18612131],[-124.55847625,51.18616724],[-124.55876067,51.18620249],[-124.55882374,51.18620712],[-124.55895424,51.18621673],[-124.55904751,51.18622349],[-124.55932705,51.18621174],[-124.5596018,51.18615513],[-124.55978552,51.18609532],[-124.55985795,51.18607146],[-124.56008076,51.18595717],[-124.56029605,51.18583504],[-124.56055542,51.1857471],[-124.5606256,51.1857325],[-124.56081195,51.18569404],[-124.5611115,51.18565061],[-124.56137665,51.18561714],[-124.56165859,51.18558652],[-124.56172049,51.18558189],[-124.56194259,51.18556444],[-124.56222779,51.18554343],[-124.56251065,51.18551673],[-124.56278959,51.18547828],[-124.56306677,51.18543413],[-124.56334279,51.18538535],[-124.5636323,51.18532874],[-124.56388822,51.18527462],[-124.56415648,51.18521266],[-124.56442105,51.1851443],[-124.56468097,51.18506917],[-124.56493742,51.18498835],[-124.56519028,51.18490325],[-124.56544077,51.18481602],[-124.56569178,51.18472772],[-124.56594016,51.1846355],[-124.56617776,51.18453509],[-124.56639856,51.18442258],[-124.5666095,51.18430117],[-124.56682013,51.18417691],[-124.5670272,51.18404944],[-124.56722863,51.18391841],[-124.56742175,51.18378347],[-124.56760372,51.18364461],[-124.56777186,51.18350147],[-124.56792121,51.18335264],[-124.56802616,51.18318886],[-124.56809862,51.18301368],[-124.56816027,51.18283388],[-124.56823247,51.18265692],[-124.56831725,51.18251699],[-124.56833439,51.18248886],[-124.56845298,51.18232508],[-124.56857996,51.18216272],[-124.56871153,51.18200143],[-124.5688452,51.18184049],[-124.56897813,51.18167991],[-124.56910726,51.18151898],[-124.56922969,51.18135661],[-124.56934243,51.18119319],[-124.56944257,51.18102762],[-124.56949713,51.18085423],[-124.56949224,51.18067228],[-124.56946647,51.18048892],[-124.56944088,51.18030982],[-124.5693966,51.18013179],[-124.56939037,51.18010616],[-124.56935175,51.17995377],[-124.56932373,51.17977503],[-124.56930845,51.17959344],[-124.56932053,51.17941399],[-124.56938274,51.17923775],[-124.56950255,51.17907147],[-124.56970767,51.17895148],[-124.56998647,51.17890626],[-124.57027418,51.17892656],[-124.57053297,51.17900026],[-124.5707906,51.17908215],[-124.57106077,51.17914767],[-124.57133962,51.1791733],[-124.57161173,51.17916155],[-124.5719106,51.17913805],[-124.57219567,51.17911954],[-124.5724804,51.17910174],[-124.57277285,51.17908322],[-124.57306149,51.17907717],[-124.57329313,51.17915764],[-124.57348644,51.17930148],[-124.57373474,51.17938622],[-124.57399811,51.17945636],[-124.57426855,51.17951903],[-124.57454159,51.17957635],[-124.57475299,51.17961801],[-124.57481466,51.17963012],[-124.57509656,51.17966465],[-124.57533911,51.17967391],[-124.57538215,51.17967534],[-124.57561913,51.17966109],[-124.57566823,51.17965825],[-124.57576929,51.17964436],[-124.57594713,51.17961979],[-124.5762215,51.17956852],[-124.57649459,51.17951404],[-124.57676329,51.17944995],[-124.57704232,51.17941008],[-124.57733068,51.17939762],[-124.5776036,51.17943892],[-124.57786208,51.17952259],[-124.57809035,51.17962976],[-124.57831396,51.17974299],[-124.57854394,51.17985016],[-124.57877557,51.17995626],[-124.57901174,51.18005774],[-124.57925749,51.18014889],[-124.57951919,51.18022366],[-124.57977998,51.18029914],[-124.58001967,51.18039456],[-124.58023575,51.18051277],[-124.58044456,51.18063775],[-124.58066225,51.18075382],[-124.58090474,51.18084817],[-124.58116811,51.18092188],[-124.58144011,51.18097671],[-124.58172185,51.1810116],[-124.58200428,51.18104507],[-124.58226522,51.18109349],[-124.58248674,51.1811412],[-124.58255193,51.18115545],[-124.58281872,51.18123378],[-124.58303422,51.18134273],[-124.58319513,51.18148907],[-124.58322534,51.1815261],[-124.5833311,51.18165392],[-124.58347423,51.18181343],[-124.58365817,51.18194517],[-124.58391095,51.18202777],[-124.58397986,51.18204486],[-124.58418603,51.18209614],[-124.58441855,51.18219583],[-124.58460783,51.18232828],[-124.58477675,51.18247569],[-124.58493586,51.18262808],[-124.585093,51.18277869],[-124.58524569,51.18293143],[-124.58539074,51.18308703],[-124.58552401,51.18324583],[-124.58563706,51.18340997],[-124.58572131,51.18358194],[-124.58573745,51.18361755],[-124.58579883,51.18375605],[-124.58589395,51.18392553],[-124.58600854,51.18409003],[-124.58613196,51.18425275],[-124.58625572,51.18441475],[-124.58637408,51.18457853],[-124.58640182,51.18461948],[-124.58648588,51.1847441],[-124.5865949,51.18491073],[-124.58669828,51.18507843],[-124.58679342,51.18524791],[-124.5868669,51.18542451],[-124.58688587,51.18549394],[-124.58691713,51.18561037],[-124.58696639,51.18579588],[-124.58703564,51.1859707],[-124.58714865,51.18612451],[-124.58732458,51.18624949],[-124.58755788,51.18634882],[-124.58782601,51.18643036],[-124.58810621,51.18650228],[-124.58837626,51.18657171],[-124.58864167,51.18663901],[-124.58891157,51.1867006],[-124.5891859,51.18675544],[-124.58946327,51.18680172],[-124.58974192,51.1868384],[-124.59002359,51.18686653],[-124.59030726,51.18688824],[-124.59059222,51.18690498],[-124.59087874,51.18691851],[-124.59116482,51.18693061],[-124.5914513,51.18694308],[-124.59173669,51.18695661],[-124.59202208,51.18697014],[-124.59230725,51.18698295],[-124.59259259,51.18699542],[-124.59287828,51.18700717],[-124.59316414,51.18701856],[-124.59344978,51.18702924],[-124.59373542,51.18703992],[-124.59402084,51.18704989],[-124.59414033,51.18705416],[-124.59430683,51.18705986],[-124.5945767,51.18706912],[-124.5948782,51.18707873],[-124.59516374,51.18708728],[-124.59544986,51.18709582],[-124.59573541,51.18710437],[-124.59602113,51.18711256],[-124.59630685,51.18712075],[-124.59659257,51.18712894],[-124.59686069,51.18713712],[-124.59716481,51.18714603],[-124.59745036,51.18715457],[-124.59773613,51.18716383],[-124.5980219,51.18717309],[-124.59830866,51.18717914],[-124.59859646,51.18718306],[-124.59888388,51.18718662],[-124.59917116,51.1871916],[-124.59940969,51.18719872],[-124.59945728,51.18720015],[-124.59973148,51.18721332],[-124.60001284,51.18723397],[-124.60030563,51.18726495],[-124.60059109,51.18729699],[-124.60088149,51.18732939],[-124.60117465,51.18736429],[-124.60146573,51.18740345],[-124.60175141,51.18744903],[-124.60203031,51.18750386],[-124.6022744,51.18756368],[-124.60252397,51.18764023],[-124.60277069,51.18773779],[-124.60297873,51.18784709],[-124.60316687,51.18797278],[-124.60333972,51.18811235],[-124.60350016,51.18826225],[-124.60365184,51.18841963],[-124.60379768,51.18858198],[-124.6039417,51.18874577],[-124.60408698,51.18890813],[-124.60423662,51.18906622],[-124.60439336,51.18921789],[-124.60454243,51.18937598],[-124.60468327,51.18954048],[-124.60482137,51.18970711],[-124.60496221,51.18987161],[-124.60510994,51.19002898],[-124.60527099,51.19017532],[-124.60545008,51.19030563],[-124.60565196,51.19041601],[-124.6058875,51.19049577],[-124.60615339,51.19054704],[-124.6064408,51.1905798],[-124.6067388,51.19060365],[-124.60703741,51.19062857],[-124.60732759,51.19066382],[-124.60759975,51.19071972],[-124.60784809,51.19080589],[-124.60808329,51.19091199],[-124.6083162,51.19102166],[-124.60855706,51.1911185],[-124.60881813,51.19118437],[-124.60909125,51.19121499],[-124.60936267,51.19123742],[-124.60966618,51.19128264],[-124.60996208,51.19136097],[-124.61014585,51.19148524],[-124.61014858,51.1916476],[-124.61010844,51.19182099],[-124.61004114,51.19200116],[-124.60996263,51.19218452],[-124.60988821,51.19236647],[-124.60982895,51.19254414],[-124.60976169,51.19272074],[-124.60969198,51.1928977],[-124.60963114,51.19307394],[-124.60959172,51.19325054],[-124.60958883,51.19342679],[-124.6096393,51.19360197],[-124.60971857,51.1937775],[-124.6097937,51.19395339],[-124.60984427,51.1941307],[-124.60988899,51.19430838],[-124.60993087,51.19448605],[-124.60997013,51.19466443],[-124.61000599,51.19484281],[-124.61003957,51.19502119],[-124.61003978,51.1952156],[-124.61001251,51.19542211],[-124.61001677,51.19560939],[-124.61011173,51.19574576],[-124.61031313,51.19582338],[-124.61057315,51.19586931],[-124.61085182,51.1958921],[-124.61117006,51.19590598],[-124.6114996,51.1959188],[-124.6117791,51.19593874],[-124.61207644,51.19596402],[-124.6123608,51.19598681],[-124.61264575,51.19600603],[-124.61293091,51.19602134],[-124.61321635,51.19603024],[-124.61350229,51.19603345],[-124.61378786,51.19603274],[-124.61407425,51.19602918],[-124.61431815,51.19602419],[-124.61435997,51.19602348],[-124.61464622,51.19601671],[-124.61495025,51.19600959],[-124.61521893,51.1960039],[-124.61550527,51.19599927],[-124.61572301,51.19599784],[-124.61577829,51.19599749],[-124.61607785,51.19599606],[-124.61627745,51.19599571],[-124.61636381,51.19599571],[-124.61665018,51.19599571],[-124.61693636,51.19599606],[-124.61722294,51.19599678],[-124.61750953,51.19599749],[-124.61779554,51.1959982],[-124.61802968,51.19599927],[-124.61808195,51.19599927],[-124.61827837,51.19599962],[-124.61836853,51.19599998],[-124.61865455,51.19600069],[-124.61886136,51.19600069],[-124.61894091,51.19600069],[-124.61921761,51.19600069],[-124.61951341,51.19599998],[-124.61979933,51.19599856],[-124.62008559,51.19599642],[-124.62037107,51.19599357],[-124.62065706,51.19598965],[-124.62094283,51.19598503],[-124.62122908,51.19597826],[-124.62151775,51.19596651],[-124.62180563,51.19594586],[-124.62208884,51.19591382],[-124.6223625,51.19586753],[-124.62262664,51.19580344],[-124.62288416,51.19572261],[-124.62313252,51.19562791],[-124.62336908,51.19552358],[-124.62359189,51.19541249],[-124.62379807,51.19528538],[-124.62397773,51.19514154],[-124.62412032,51.1949863],[-124.6242353,51.19482358],[-124.62433624,51.19465588],[-124.62442754,51.19448462],[-124.62451193,51.19431122],[-124.62459518,51.19413783],[-124.62467734,51.1939655],[-124.62473217,51.19378747],[-124.62480082,51.19361372],[-124.62492381,51.19345207],[-124.62508421,51.1933011],[-124.62527169,51.19316687],[-124.62548243,51.19304439],[-124.62569578,51.19292119],[-124.62581364,51.19291835],[-124.62593018,51.19291585],[-124.62618058,51.19301306],[-124.62642794,51.19309317],[-124.62657831,51.19313091],[-124.62670413,51.19316189],[-124.62697361,51.19322455],[-124.62724075,51.19328971],[-124.62749853,51.1933659],[-124.62775004,51.19345385],[-124.62799179,51.19355248],[-124.62821539,51.19366392],[-124.62841898,51.19378961],[-124.62860961,51.19392562],[-124.62878414,51.19407018],[-124.62893755,51.19422079],[-124.62905382,51.1943835],[-124.62914308,51.19455619],[-124.62923343,51.1947278],[-124.6293358,51.19489693],[-124.62940859,51.19506962],[-124.62941341,51.19523019],[-124.62940202,51.19542994],[-124.62939238,51.19560975],[-124.62936661,51.19578884],[-124.62931762,51.19596544],[-124.629258,51.19614169],[-124.62919686,51.19631758],[-124.62917989,51.19637348],[-124.62914333,51.19649418],[-124.62910694,51.19667292],[-124.62911753,51.19685201],[-124.629145,51.19703146],[-124.62916964,51.19721091],[-124.62919427,51.19739036],[-124.62921038,51.19756981],[-124.62920678,51.19774891],[-124.6291795,51.19788207],[-124.62917039,51.19792765],[-124.62913043,51.19810674],[-124.62912246,51.19828548],[-124.62913648,51.19846457],[-124.62915544,51.19864402],[-124.62917894,51.19882348],[-124.6292066,51.19900257],[-124.6292371,51.19918166],[-124.62926988,51.19936076],[-124.62927692,51.19939886],[-124.62930397,51.1995395],[-124.62934181,51.19971752],[-124.6293908,51.19989484],[-124.6294238,51.19999987],[-124.62944582,51.20007144],[-124.62949913,51.20024804],[-124.62954397,51.20042571],[-124.62956841,51.20060445],[-124.62957738,51.20078461],[-124.6295905,51.20096442],[-124.62959855,51.2011161],[-124.62960039,51.20114387],[-124.62960491,51.20132617],[-124.62957395,51.20144473],[-124.62956382,51.20148425],[-124.62950457,51.2015722],[-124.62943427,51.20166299],[-124.62928539,51.20182072],[-124.62914145,51.20197881],[-124.62902821,51.20214153],[-124.62897486,51.20231314],[-124.62898026,51.20249366],[-124.62901059,51.20267667],[-124.62903832,51.20285684],[-124.62907868,51.20303557],[-124.62912214,51.20321146],[-124.62915198,51.20339198],[-124.62915336,51.20357143],[-124.62913188,51.20375231],[-124.62908583,51.20392998],[-124.6290676,51.2039663],[-124.62900061,51.20410053],[-124.62887572,51.20426502],[-124.62877752,51.20443308],[-124.62872373,51.20461146],[-124.62866524,51.20479483],[-124.62860839,51.20498069],[-124.62856137,51.20516619],[-124.62853182,51.20534849],[-124.62852778,51.20552509],[-124.62855761,51.20569279],[-124.62863838,51.20585159],[-124.62879637,51.20600469],[-124.62901208,51.20614427],[-124.6292599,51.20626105],[-124.62951609,51.20634544],[-124.62977421,51.20639315],[-124.63005356,51.20641237],[-124.63034151,51.20641273],[-124.63063904,51.20640276],[-124.63093634,51.20639208],[-124.63122778,51.20638994],[-124.63127876,51.2063903],[-124.63142066,51.20639066],[-124.63151426,51.20639101],[-124.63180016,51.20639208],[-124.63207283,51.2063935],[-124.6323721,51.20640098],[-124.63264742,51.20641914],[-124.6329361,51.20646009],[-124.63320998,51.20651278],[-124.63348629,51.20656049],[-124.63376289,51.20660642],[-124.63404122,51.20664879],[-124.63432012,51.20669116],[-124.63460053,51.20672926],[-124.63488332,51.20675312],[-124.63516883,51.20676202],[-124.63545577,51.20676095],[-124.6357423,51.2067549],[-124.63602947,51.20674635],[-124.63631541,51.20672748],[-124.63649123,51.206699],[-124.63658977,51.20668333],[-124.63684976,51.20660678],[-124.63711155,51.20653236],[-124.63737832,51.20646756],[-124.63764707,51.20640454],[-124.63791526,51.20634152],[-124.63818181,51.20627601],[-124.63844532,51.20620622],[-124.63870316,51.20612825],[-124.63895755,51.20604564],[-124.63921054,51.20596126],[-124.63937873,51.20589467],[-124.63945874,51.20586334],[-124.63972266,51.20576116],[-124.63996262,51.20569422],[-124.64023635,51.20566538],[-124.64051017,51.20566324],[-124.64080921,51.2056782],[-124.64110205,51.20570241],[-124.6413855,51.2057284],[-124.64166628,51.20576222],[-124.64194543,51.20580174],[-124.64222468,51.2058434],[-124.64250422,51.20588328],[-124.64278523,51.20591782],[-124.64306982,51.20594381],[-124.64335552,51.20596517],[-124.64364053,51.20598796],[-124.64392139,51.20601929],[-124.64419572,51.20606522],[-124.64445921,51.20613465],[-124.64471629,51.20621726],[-124.64497394,51.20629986],[-124.64523773,51.20636751],[-124.64551318,51.20640881],[-124.6457977,51.20642911],[-124.64608563,51.20644121],[-124.64637228,51.20645831],[-124.64665232,51.20649249],[-124.64692513,51.20654625],[-124.64719497,51.20660963],[-124.64746425,51.206673],[-124.64773706,51.20672677],[-124.64801652,51.20676451],[-124.64830225,51.20679869],[-124.64859142,51.20682931],[-124.64888116,51.20685174],[-124.64916769,51.20686207],[-124.64944779,51.20685637],[-124.6497148,51.20682148],[-124.64996211,51.20673353],[-124.65020349,51.20662387],[-124.65045313,51.2065288],[-124.65071991,51.20646044],[-124.65099457,51.20639457],[-124.65127376,51.20634045],[-124.65155257,51.20630698],[-124.65182867,51.20630485],[-124.65210361,51.20633903],[-124.65237815,51.20639742],[-124.65265252,51.20646436],[-124.65292711,51.20652382],[-124.65349349,51.20653949],[-124.65377913,51.20654696],[-124.65406538,51.20655551],[-124.65434032,51.20656512],[-124.6546369,51.2065758],[-124.65492373,51.20658435],[-124.655081,51.20658933],[-124.65520242,51.20659325],[-124.65548554,51.20660357],[-124.6557821,51.20661782],[-124.65606618,51.20663669],[-124.65634885,51.20666197],[-124.65663296,51.20670185],[-124.65690356,51.20676487],[-124.65707436,51.2068286],[-124.65714686,51.20685602],[-124.65738668,51.20695785],[-124.65762304,51.2070668],[-124.65776167,51.20713943],[-124.65784787,51.2071843],[-124.65805194,51.20731176],[-124.65822679,51.20745027],[-124.6583728,51.20760017],[-124.65849495,51.20775006],[-124.65851455,51.20777641],[-124.65861758,51.20792239],[-124.65872243,51.20809152],[-124.65881892,51.20826385],[-124.65890977,51.20843724],[-124.65899761,51.208611],[-124.65908518,51.20878297],[-124.65915108,51.20895744],[-124.65918716,51.20913831],[-124.6592249,51.20931812],[-124.65929525,51.20949045],[-124.65941097,51.20965245],[-124.65954975,51.20980911],[-124.65958514,51.20984508],[-124.65970201,51.20996257],[-124.65985599,51.21011603],[-124.66000268,51.21027163],[-124.66013121,51.21043185],[-124.66017643,51.21049558],[-124.66024818,51.21059599],[-124.66035877,51.21076155],[-124.66046509,51.2109289],[-124.66056709,51.21109696],[-124.66066704,51.21126572],[-124.66073072,51.21137574],[-124.66076512,51.21143485],[-124.66086206,51.21160397],[-124.66095507,51.21177417],[-124.66104547,51.21194507],[-124.66111613,51.21208286],[-124.66113324,51.21211669],[-124.66122046,51.21228831],[-124.66130767,51.21245992],[-124.66139637,51.21263083],[-124.66148808,51.21280138],[-124.66158259,51.21297086],[-124.66168291,51.21313892],[-124.66178846,51.21330555],[-124.66191992,51.21346684],[-124.6619931,51.2135409],[-124.66207482,51.21362315],[-124.66223531,51.21377732],[-124.66238466,51.2139322],[-124.66250387,51.21409064],[-124.66256658,51.21425656],[-124.66254495,51.21436908],[-124.66253191,51.21443459],[-124.66245288,51.21461618],[-124.66238616,51.21479349],[-124.66231189,51.2149676],[-124.66223479,51.21514171],[-124.66217155,51.21531653],[-124.66213762,51.2154942],[-124.66213293,51.21558001],[-124.66212864,51.21567436],[-124.66213994,51.21585488],[-124.66214518,51.21588978],[-124.66216558,51.21603398],[-124.66219639,51.21621414],[-124.66223607,51.21639359],[-124.66229191,51.21657019],[-124.66236893,51.21674181],[-124.66246595,51.21691556],[-124.66258185,51.21708789],[-124.66272199,51.21724776],[-124.66288923,51.21738342],[-124.66313304,51.21745498],[-124.66326854,51.21746744],[-124.66343488,51.21748311],[-124.66360138,51.21751836],[-124.66370931,51.21754079],[-124.6639701,51.21761485],[-124.66422699,51.21769461],[-124.66447592,51.21778611],[-124.66472422,51.21787655],[-124.66498884,51.21793921],[-124.66527025,51.21797197],[-124.66534615,51.21797838],[-124.6655562,51.21799654],[-124.66584168,51.21802324],[-124.66613197,51.21804354],[-124.66641407,51.21807487],[-124.6666761,51.21813469],[-124.66691557,51.21823046],[-124.66701353,51.2182828],[-124.66713756,51.21834939],[-124.66734534,51.2184765],[-124.66754048,51.21860859],[-124.66772483,51.21874888],[-124.66787678,51.21886922],[-124.66790512,51.21889165],[-124.66796018,51.21893402],[-124.66808777,51.21903194],[-124.66827842,51.2191651],[-124.66843374,51.21925625],[-124.66848324,51.21928545],[-124.66872963,51.21936698],[-124.66901403,51.21941469],[-124.66928384,51.21947843],[-124.66944308,51.21953219],[-124.66954361,51.21956637],[-124.66979131,51.21966749],[-124.66998497,51.21979211],[-124.67008433,51.21995411],[-124.67011084,51.2200741],[-124.67012522,51.22014175],[-124.67018206,51.22032227],[-124.67032366,51.22046754],[-124.67054325,51.22058326],[-124.67079997,51.22067868],[-124.67105758,51.22076057],[-124.67132221,51.2208268],[-124.67159548,51.22088341],[-124.67186876,51.22094002],[-124.67213567,51.22100625],[-124.67239545,51.221086],[-124.6726554,51.2211654],[-124.67292085,51.22122878],[-124.67318046,51.22126083],[-124.67348237,51.22127364],[-124.67377133,51.22127329],[-124.67406018,51.22127436],[-124.67434644,51.22128895],[-124.67463167,51.22131388],[-124.67486445,51.22132741],[-124.67491576,51.22133061],[-124.67519478,51.22130035],[-124.67546497,51.22123555],[-124.67573064,51.22116362],[-124.67600394,51.22112054],[-124.67628974,51.22112553],[-124.67639823,51.22113158],[-124.67657873,51.22114155],[-124.67686464,51.22112873],[-124.67696255,51.22111556],[-124.67715445,51.22109028],[-124.67739982,51.22100981],[-124.67757629,51.22087095],[-124.67772151,51.22070859],[-124.67786766,51.22055371],[-124.67800881,51.2203974],[-124.67814378,51.2202386],[-124.67827069,51.22007766],[-124.67838183,51.21991174],[-124.67848507,51.21974333],[-124.67858957,51.21958524],[-124.6787343,51.21942039],[-124.6789045,51.21927334],[-124.67904133,51.21911775],[-124.67910033,51.21894328],[-124.67913363,51.21876205],[-124.67920842,51.21858901],[-124.67930379,51.2184181],[-124.67940195,51.21824613],[-124.67950703,51.21807629],[-124.67962521,51.21791108],[-124.67976063,51.21775371],[-124.67991969,51.21760737],[-124.68009519,51.21746816],[-124.68028068,51.21733179],[-124.68047371,51.21719862],[-124.68067485,51.21706867],[-124.68088182,51.21694191],[-124.68109446,51.21681872],[-124.68131179,51.21669873],[-124.68153234,51.21658265],[-124.68175572,51.21647014],[-124.68198236,51.21636261],[-124.68221743,51.21626114],[-124.68245883,51.21616536],[-124.68270556,51.21607386],[-124.68290423,51.21600407],[-124.68295624,51.21598591],[-124.68320907,51.21589939],[-124.68346309,51.21581394],[-124.68371614,51.21572813],[-124.68396664,51.21564054],[-124.68422009,51.21555509],[-124.68448061,51.21547498],[-124.68474254,51.21539664],[-124.6849996,51.21531546],[-124.68524726,51.21522787],[-124.68547867,51.21512925],[-124.68565809,51.21498896],[-124.68577027,51.21481735],[-124.68583086,51.2146443],[-124.68585834,51.2144645],[-124.68587589,51.21428291],[-124.68589485,51.21410311],[-124.68590472,51.2139233],[-124.68591266,51.21381079],[-124.68591743,51.21374349],[-124.68594821,51.21356511],[-124.6859894,51.21338637],[-124.68603666,51.21320799],[-124.68606179,51.21313037],[-124.68609443,51.21303139],[-124.6861677,51.21285799],[-124.68619313,51.21281491],[-124.68626685,51.212691],[-124.68640125,51.2125322],[-124.68651485,51.21241043],[-124.68654711,51.21237554],[-124.68657631,51.21233993],[-124.68667765,51.21221532],[-124.68676949,51.21204583],[-124.68684021,51.21187066],[-124.68692473,51.21169868],[-124.68702693,51.21154416],[-124.68714898,51.21136862],[-124.68726818,51.21120484],[-124.68739027,51.21104212],[-124.68751349,51.21087941],[-124.68763808,51.2107174],[-124.68776363,51.21055576],[-124.68789803,51.21039696],[-124.68803396,51.21023851],[-124.68816201,51.21007758],[-124.68818167,51.21004874],[-124.68827376,51.20991273],[-124.68834358,51.20979452],[-124.68837321,51.20974396],[-124.68846596,51.20957376],[-124.68855736,51.20940286],[-124.68861607,51.20927005],[-124.68863698,51.20922341],[-124.68870374,51.20903648],[-124.68886208,51.20891507],[-124.6891375,51.20886629],[-124.6894463,51.20886237],[-124.68972703,51.20888587],[-124.69000452,51.20892895],[-124.69028075,51.20898165],[-124.69055704,51.20903541],[-124.69083291,51.20908419],[-124.69110796,51.20913582],[-124.69138429,51.20918246],[-124.6916713,51.20921059],[-124.6919787,51.20921308],[-124.69227492,51.20922341],[-124.69252358,51.20927788],[-124.69271227,51.20939396],[-124.69286344,51.20954991],[-124.69298431,51.20972615],[-124.69308136,51.20990347],[-124.69313011,51.2100409],[-124.69314275,51.2100758],[-124.69315755,51.21025632],[-124.69316335,51.21043897],[-124.69319663,51.21061771],[-124.69324227,51.21072524],[-124.69326984,51.21079146],[-124.69333799,51.21096628],[-124.69337324,51.21109055],[-124.69338788,51.2111436],[-124.6934338,51.21132091],[-124.69348198,51.21149823],[-124.69353489,51.21167518],[-124.69358667,51.21185214],[-124.69363901,51.2120291],[-124.69369324,51.2122057],[-124.69375104,51.21238195],[-124.69381449,51.21255713],[-124.693895,51.21272874],[-124.69397892,51.21285229],[-124.69400784,51.21289466],[-124.69410042,51.21306486],[-124.69417064,51.21323897],[-124.69423466,51.21341414],[-124.69429776,51.21359003],[-124.69436554,51.2137645],[-124.69444367,51.21393754],[-124.69453137,51.21410845],[-124.69462436,51.214279],[-124.69471581,51.21444919],[-124.69483476,51.21474329],[-124.6949114,51.2149206],[-124.695006,51.21508901],[-124.69504648,51.21512747],[-124.69516414,51.21523891],[-124.69527946,51.2153411],[-124.69533105,51.21538596],[-124.69538909,51.21550666],[-124.69541303,51.2155558],[-124.6954621,51.21573489],[-124.69552991,51.21589761],[-124.69561636,51.21608169],[-124.6956977,51.21625402],[-124.69577153,51.21642777],[-124.69583223,51.21659227],[-124.69589662,51.21677848],[-124.69595505,51.21695473],[-124.6960125,51.21713062],[-124.69607281,51.21730651],[-124.69613613,51.21748204],[-124.69620263,51.21765686],[-124.69622178,51.21770066],[-124.69624035,51.21774445],[-124.69627762,51.21783062],[-124.69632347,51.21791785],[-124.69636723,51.21800117],[-124.69647654,51.21816744],[-124.69659165,51.21833229],[-124.69664376,51.21840778],[-124.69670586,51.21849786],[-124.69682957,51.21866022],[-124.69697989,51.21881225],[-124.69716149,51.21895254],[-124.69734047,51.21909353],[-124.69740919,51.21916759],[-124.69748408,51.21924771],[-124.6976016,51.21941113],[-124.6977087,51.21957848],[-124.69781375,51.21974654],[-124.69792684,51.2199121],[-124.69800177,51.22000503],[-124.69805615,51.22007232],[-124.69819703,51.22022863],[-124.6983452,51.2203828],[-124.69849895,51.22053483],[-124.69865641,51.22068509],[-124.69881609,51.22083428],[-124.69890271,51.22090192],[-124.69895626,51.22094394],[-124.6989964,51.22097492],[-124.69919005,51.22110915],[-124.69933494,51.22126189],[-124.69945209,51.22142497],[-124.69947403,51.2214595],[-124.699559,51.2215916],[-124.69966015,51.22176072],[-124.69975924,51.22193056],[-124.69979526,51.22199002],[-124.69986074,51.22209897],[-124.69995871,51.22226881],[-124.70004791,51.2224415],[-124.7001102,51.22256291],[-124.70013694,51.22261454],[-124.70023246,51.22278473],[-124.70034234,51.22294994],[-124.70042375,51.22304714],[-124.70047398,51.2231066],[-124.70050912,51.22313971],[-124.70063115,51.22325401],[-124.70081047,51.22339322],[-124.70099588,51.22352105],[-124.70120654,51.22365777],[-124.70140946,51.22378702],[-124.70160714,51.22391769],[-124.70180282,51.22405014],[-124.70199947,51.22418295],[-124.70219904,51.22431326],[-124.70240317,51.22444002],[-124.70261308,51.22456072],[-124.7028331,51.2246711],[-124.70310055,51.22473518],[-124.70337691,51.22479144],[-124.70363571,51.2248687],[-124.70389343,51.22494704],[-124.70400091,51.22497516],[-124.7041579,51.22501611],[-124.70442432,51.22508234],[-124.70469195,51.22514607],[-124.7049617,51.2252066],[-124.70523334,51.22526321],[-124.70550694,51.22531697],[-124.70557924,51.22533086],[-124.70578139,51.22536896],[-124.70605723,51.22541809],[-124.70633405,51.22546402],[-124.7066122,51.22550604],[-124.70689219,51.22554307],[-124.70717397,51.22557404],[-124.70745765,51.2256011],[-124.70774141,51.22562567],[-124.70795452,51.22564347],[-124.7080255,51.22564953],[-124.70831008,51.22566769],[-124.70859569,51.22568371],[-124.70888158,51.22570151],[-124.70917102,51.22571433],[-124.70945644,51.22573427],[-124.70972879,51.22577771],[-124.70986294,51.22584001],[-124.70996511,51.22588737],[-124.70998812,51.22591265],[-124.71010404,51.22604083],[-124.71020885,51.2262096],[-124.71031036,51.2263805],[-124.71043693,51.22654073],[-124.71056828,51.22663116],[-124.71063022,51.22667353],[-124.71081849,51.22677323],[-124.71085019,51.22678996],[-124.71098385,51.22684978],[-124.71108438,51.22689464],[-124.71133086,51.22698686],[-124.71150879,51.22704098],[-124.71159361,51.22706662],[-124.71184055,51.2271567],[-124.71204579,51.22727775],[-124.71223218,51.22741661],[-124.71239867,51.22756722],[-124.7125388,51.22772531],[-124.71263512,51.22789052],[-124.71265296,51.22798879],[-124.71266832,51.22807104],[-124.71269292,51.22825405],[-124.7127679,51.2284246],[-124.71286887,51.22852144],[-124.71292473,51.22857521],[-124.7131267,51.22870659],[-124.71334733,51.22882053],[-124.71357938,51.22892734],[-124.71381194,51.22903309],[-124.71405085,51.22913279],[-124.71430238,51.22921931],[-124.71456031,51.22930084],[-124.71481453,51.22938416],[-124.71505745,51.22947673],[-124.71522564,51.22957572],[-124.71526408,51.2295985],[-124.71533798,51.22966437],[-124.71543129,51.22974769],[-124.71557066,51.22990506],[-124.71571727,51.23005924],[-124.7159049,51.2301956],[-124.71610592,51.23032663],[-124.7162922,51.23046229],[-124.71642637,51.23060221],[-124.71646531,51.2306663],[-124.7165298,51.23078807],[-124.7165652,51.23096646],[-124.71654793,51.23114911],[-124.71653544,51.23121961],[-124.7165165,51.23133283],[-124.71651547,51.23151015],[-124.71660019,51.23167358],[-124.71679492,51.23181529],[-124.71702021,51.23192673],[-124.7172974,51.23197907],[-124.71758139,51.23199972],[-124.71774104,51.23200471],[-124.71786879,51.23200862],[-124.71815552,51.23201539],[-124.71844169,51.23201859],[-124.71872862,51.23201788],[-124.7190155,51.2320161],[-124.71930644,51.23202001],[-124.71959564,51.2320193],[-124.71987828,51.23200043],[-124.72015011,51.2319545],[-124.72041718,51.23189255],[-124.72067953,51.2318192],[-124.72093907,51.23173873],[-124.72119458,51.23165364],[-124.72144743,51.23156818],[-124.72169383,51.2314749],[-124.72192256,51.23136524],[-124.72212685,51.23124026],[-124.72231424,51.23110318],[-124.72248201,51.23095613],[-124.72262531,51.23080089],[-124.72273948,51.23063533],[-124.72284072,51.23046478],[-124.72295182,51.2302985],[-124.72309273,51.23014469],[-124.7232762,51.23000868],[-124.72348446,51.2298837],[-124.72369636,51.22975944],[-124.72388869,51.22962627],[-124.72405656,51.22948136],[-124.7242124,51.22933075],[-124.72436143,51.22917658],[-124.7245095,51.22902205],[-124.7246599,51.2288686],[-124.72481205,51.22871621],[-124.72496477,51.22856382],[-124.72511557,51.22841071],[-124.72526289,51.22825654],[-124.72540539,51.22810059],[-124.72554097,51.2279425],[-124.72566242,51.22777836],[-124.72577127,51.22760853],[-124.72587376,51.22743655],[-124.7259784,51.227266],[-124.72609161,51.22710008],[-124.72622059,51.22694271],[-124.72637271,51.22679744],[-124.72656393,51.2266689],[-124.7267939,51.22655782],[-124.72704853,51.22646275],[-124.72731373,51.22638228],[-124.72757619,51.2263157],[-124.72785326,51.22627297],[-124.72814196,51.2262509],[-124.72843242,51.22624164],[-124.72871697,51.22624342],[-124.72900096,51.2262687],[-124.72928469,51.22630039],[-124.72957087,51.22631997],[-124.72985913,51.22633172],[-124.73014033,51.22635807],[-124.73039841,51.22643106],[-124.73064989,51.22652007],[-124.73093026,51.22657989],[-124.73120229,51.22655817],[-124.73146804,51.22649301],[-124.73173016,51.22641184],[-124.73198508,51.22632674],[-124.73223767,51.22624057],[-124.7324846,51.22614729],[-124.73271833,51.22604368],[-124.73293223,51.22592582],[-124.73313156,51.22579693],[-124.73332517,51.22566341],[-124.73352014,51.22553061],[-124.73372435,51.22540456],[-124.73394019,51.22528386],[-124.73416352,51.2251653],[-124.73439754,51.2250599],[-124.73464465,51.22497801],[-124.73492388,51.22493315],[-124.73521972,51.22492567],[-124.73549413,51.22495665],[-124.73573611,51.22505706],[-124.73598793,51.22514536],[-124.73626792,51.22518595],[-124.73655214,51.22521194],[-124.73683724,51.22522903],[-124.73712333,51.2252276],[-124.73740872,51.22521942],[-124.7376939,51.22524576],[-124.73796479,51.22530166],[-124.73822537,51.22537537],[-124.73848212,51.22545583],[-124.73873515,51.22554164],[-124.73898436,51.22563066],[-124.73922922,51.22572394],[-124.7394689,51.22582328],[-124.73970109,51.22592867],[-124.73992325,51.2260419],[-124.7401283,51.22616936],[-124.74033147,51.22629719],[-124.7405584,51.22639937],[-124.74083815,51.22644637],[-124.74110006,51.22651972],[-124.74134705,51.22661336],[-124.74154009,51.22674332],[-124.74169518,51.22689535],[-124.74183855,51.22705166],[-124.74196921,51.22721188],[-124.74210063,51.22737175],[-124.74223135,51.22753304],[-124.74239832,51.22767582],[-124.74265356,51.22778299],[-124.7425865,51.22789942],[-124.74232949,51.22799947],[-124.74205477,51.22805146],[-124.74177374,51.22808706],[-124.74148588,51.22811448],[-124.74119615,51.22813869],[-124.7409908,51.22824123],[-124.74084628,51.22840502],[-124.74062016,51.2285129],[-124.74038003,51.22861331],[-124.74014647,51.22872012],[-124.73991155,51.22882623],[-124.73968836,51.22893981],[-124.73949241,51.22906763],[-124.73931432,51.22920791],[-124.73914024,51.22935283],[-124.73897359,51.22950237],[-124.73881659,51.22965547],[-124.73867249,51.22981249],[-124.7385452,51.22997236],[-124.73843683,51.23013543],[-124.73836204,51.23030669],[-124.73831678,51.23048507],[-124.73829084,51.23066702],[-124.73827422,51.23084967],[-124.73825938,51.23102983],[-124.7382529,51.23121035],[-124.7382637,51.23139158],[-124.73829561,51.23157032],[-124.73835198,51.2317455],[-124.73844106,51.2319189],[-124.73855895,51.23208446],[-124.73870668,51.2322365],[-124.73890374,51.23237001],[-124.73915103,51.23248431],[-124.73938191,51.23256549],[-124.73957274,51.23262246],[-124.73964123,51.23264311],[-124.73990295,51.2327193],[-124.74010807,51.23278553],[-124.74015759,51.23280191],[-124.74040201,51.23289626],[-124.74053324,51.23295536],[-124.74063445,51.2330013],[-124.74083637,51.23312947],[-124.74095099,51.23329361],[-124.74108803,51.23345135],[-124.74127132,51.23358985],[-124.74136928,51.23363899],[-124.74150202,51.23370557],[-124.7417692,51.23369631],[-124.74181131,51.23368919],[-124.74205434,51.23364753],[-124.74233888,51.23362118],[-124.74256109,51.23350725],[-124.74281862,51.23345206],[-124.74311152,51.23345313],[-124.74337713,51.23342357],[-124.74359719,51.23330821],[-124.74373889,51.23329504],[-124.7438819,51.23328151],[-124.74409012,51.23340257],[-124.74414199,51.2334282],[-124.7443168,51.23351366],[-124.74438451,51.23356065],[-124.74450815,51.23364611],[-124.74468074,51.23379031],[-124.74488661,51.23391742],[-124.74511913,51.23401996],[-124.74521042,51.23402993],[-124.7454014,51.23405129],[-124.74566637,51.23398186],[-124.74595415,51.23398649],[-124.74608206,51.23400892],[-124.7462251,51.2340342],[-124.74649906,51.23409687],[-124.7467844,51.23409829],[-124.74705981,51.23404845],[-124.74731572,51.23396833],[-124.74759677,51.23393273],[-124.74788503,51.23391279],[-124.74815154,51.23396264],[-124.74842552,51.23405236],[-124.74867458,51.2341136],[-124.74890045,51.23415811],[-124.74896479,51.23416737],[-124.74923397,51.23417164],[-124.74952263,51.23416737],[-124.74978569,51.23410541],[-124.75004268,51.23402423],[-124.75031923,51.23397439],[-124.75060358,51.23395196],[-124.75089024,51.23394946],[-124.75117378,51.23397581],[-124.75144784,51.23402886],[-124.75156686,51.23405913],[-124.75172973,51.23410221],[-124.7519616,51.23418731],[-124.75216499,51.2343137],[-124.7523371,51.23445897],[-124.75243354,51.23456899],[-124.75247652,51.23461777],[-124.75269562,51.23472815],[-124.75294561,51.2348193],[-124.75318853,51.23491686],[-124.75342637,51.23501904],[-124.75365338,51.23512835],[-124.75383383,51.23526579],[-124.75399833,51.23541035],[-124.75424075,51.23550541],[-124.75450388,51.23558232],[-124.7545673,51.23559585],[-124.75464242,51.23561223],[-124.75477368,51.23564071],[-124.75505222,51.23568451],[-124.75518547,51.23569946],[-124.75533662,51.23571619],[-124.75558248,51.23580414],[-124.75565714,51.23583796],[-124.75581634,51.23590989],[-124.75606013,51.23600567],[-124.75633579,51.23604839],[-124.75662382,51.23604661],[-124.75675239,51.23603237],[-124.75691151,51.23601492],[-124.75719037,51.23598857],[-124.75730563,51.23605373],[-124.75735944,51.23608364],[-124.75739923,51.23610607],[-124.75748853,51.23627804],[-124.75751307,51.23631792],[-124.75759698,51.2364575],[-124.75779845,51.23655968],[-124.75809559,51.23658852],[-124.75837614,51.23656574],[-124.75859064,51.23643827],[-124.75868884,51.23637382],[-124.75878357,51.23631187],[-124.75882323,51.23632042],[-124.75903809,51.23636777],[-124.75930093,51.23645002],[-124.75956729,51.2365344],[-124.75984308,51.23657214],[-124.75989971,51.23655968],[-124.76010504,51.23651482],[-124.76039297,51.23652977],[-124.76053268,51.236549],[-124.76067336,51.23656858],[-124.76094065,51.23663339],[-124.76119707,51.23671599],[-124.76143381,51.23681818],[-124.76162986,51.23691039],[-124.76166364,51.23692642],[-124.76194023,51.23698374],[-124.76218787,51.23690541],[-124.76222214,51.23685912],[-124.76230852,51.23674376],[-124.76239644,51.23657214],[-124.76258011,51.23644254],[-124.76278472,51.23630724],[-124.76295081,51.23615984],[-124.76312025,51.23601492],[-124.76332166,51.2358839],[-124.76354839,51.2357664],[-124.76371703,51.23572332],[-124.76380258,51.2357016],[-124.76408625,51.2356959],[-124.76438094,51.23570979],[-124.76467262,51.23570516],[-124.76497369,51.23568344],[-124.76525969,51.23567881],[-124.7654955,51.23573578],[-124.76552343,51.23576747],[-124.76564251,51.23590134],[-124.7657883,51.23606121],[-124.76583795,51.23611034],[-124.76594225,51.2362136],[-124.76609358,51.2363667],[-124.76623671,51.23652265],[-124.76636619,51.23668216],[-124.76640037,51.23673272],[-124.76647893,51.23684808],[-124.7665722,51.23701899],[-124.76664386,51.23719346],[-124.76669134,51.2373697],[-124.76671947,51.23754951],[-124.76672833,51.23773038],[-124.76672007,51.23791019],[-124.76670095,51.23808893],[-124.76667598,51.23826802],[-124.76664589,51.23844712],[-124.76661199,51.23862585],[-124.76657582,51.23880459],[-124.76653925,51.23898297],[-124.76650269,51.23916136],[-124.76645793,51.23933903],[-124.76640727,51.23951598],[-124.76635863,51.23968048],[-124.7663052,51.23987026],[-124.76625364,51.24005968],[-124.76620848,51.24022524],[-124.76615482,51.2404143],[-124.76610431,51.24057916],[-124.76604524,51.24075469],[-124.76597815,51.24092916],[-124.76594304,51.24100784],[-124.76590151,51.2411022],[-124.76581493,51.24127346],[-124.76572221,51.2414433],[-124.76562454,51.24161278],[-124.76552534,51.2417819],[-124.76542671,51.24195103],[-124.76533189,51.24212051],[-124.76524132,51.24229177],[-124.76515343,51.24246339],[-124.76506537,51.24263536],[-124.76497595,51.24280662],[-124.76488135,51.24297681],[-124.76478039,51.24314487],[-124.76467,51.24331008],[-124.76454865,51.24347208],[-124.76441575,51.24363088],[-124.76427422,51.24378755],[-124.76412615,51.24394243],[-124.76397325,51.24409553],[-124.76381768,51.24424828],[-124.76366172,51.24440067],[-124.76350689,51.24455306],[-124.76335513,51.24470616],[-124.76320837,51.24486069],[-124.76306945,51.24501664],[-124.76293918,51.24517472],[-124.76282999,51.24533744],[-124.76278407,51.24551404],[-124.76277015,51.24569741],[-124.762744,51.245879],[-124.7626729,51.24605239],[-124.76257529,51.24622294],[-124.76245461,51.24638708],[-124.76230877,51.2465409],[-124.76211877,51.24668011],[-124.76203334,51.24673459],[-124.76191042,51.24681257],[-124.76172355,51.24695],[-124.76159642,51.24710275],[-124.7615325,51.24727187],[-124.76150489,51.24745061],[-124.76149837,51.24763398],[-124.76149629,51.24781877],[-124.7614838,51.24800036],[-124.76146479,51.24818016],[-124.76144935,51.24835961],[-124.76143335,51.24853906],[-124.76141723,51.24868576],[-124.76141338,51.24871851],[-124.76138674,51.24889761],[-124.76136867,51.24896811],[-124.76134128,51.24907563],[-124.76128479,51.24925295],[-124.76123684,51.24943026],[-124.76121681,51.24960864],[-124.76122147,51.24978774],[-124.76123693,51.24996683],[-124.7612598,51.25014593],[-124.76127938,51.25027874],[-124.76128647,51.25032538],[-124.76131485,51.25050483],[-124.76132992,51.25060808],[-124.76134136,51.25068464],[-124.76136235,51.25086409],[-124.76137293,51.25104389],[-124.76136838,51.25122441],[-124.76136212,51.25140493],[-124.76136964,51.25158402],[-124.76140757,51.25176846],[-124.76151587,51.25193438],[-124.7617652,51.25199776],[-124.76205388,51.2520444],[-124.76229369,51.25215584],[-124.76234642,51.25232141],[-124.76234849,51.25250121],[-124.76233336,51.25268601],[-124.76232403,51.25286937],[-124.76233478,51.25322471],[-124.76236103,51.25340274],[-124.76244157,51.25357436],[-124.7625451,51.25374313],[-124.762606,51.25390121],[-124.76264261,51.25401764],[-124.76266657,51.25409775],[-124.76273078,51.25427257],[-124.76284669,51.25443102],[-124.76296154,51.2545008],[-124.76305702,51.25455884],[-124.76320065,51.25471408],[-124.76323618,51.25476428],[-124.76330187,51.25485579],[-124.76331882,51.25487964],[-124.76339659,51.25505233],[-124.7634114,51.25523997],[-124.7634255,51.25541372],[-124.76343857,51.25544327],[-124.76352486,51.25557822],[-124.76373922,51.25568824],[-124.76400404,51.25577974],[-124.76424208,51.25588549],[-124.7642932,51.25591754],[-124.76444747,51.25601296],[-124.76467214,51.25612049],[-124.76471899,51.25613188],[-124.76492965,51.25618351],[-124.76502132,51.25628605],[-124.76506835,51.25633839],[-124.76517982,51.25650965],[-124.76528071,51.25667806],[-124.76537074,51.25684897],[-124.76545798,51.25702094],[-124.7655508,51.25719078],[-124.76567476,51.25735385],[-124.76583686,51.25750624],[-124.76585066,51.25767715],[-124.76579924,51.25785589],[-124.76576855,51.2579538],[-124.7657424,51.2580364],[-124.76572893,51.2582155],[-124.76575779,51.2583953],[-124.7658085,51.25857226],[-124.7658854,51.25874566],[-124.76596934,51.25891977],[-124.76604931,51.25909388],[-124.76604565,51.25926799],[-124.76594919,51.25944103],[-124.76583198,51.25960517],[-124.7657013,51.25976539],[-124.76558296,51.25992953],[-124.76546229,51.26009261],[-124.76539439,51.26017094],[-124.76532581,51.26025069],[-124.76517546,51.26040451],[-124.76501033,51.2605512],[-124.76481408,51.26067155],[-124.76460018,51.26080257],[-124.76450231,51.26097028],[-124.76447303,51.26115151],[-124.76449973,51.26133345],[-124.76453822,51.26151575],[-124.7645308,51.26169057],[-124.76441561,51.26184937],[-124.76423847,51.26199855],[-124.76408721,51.26215308],[-124.76406598,51.26217587],[-124.76394214,51.2623101],[-124.76376753,51.26244932],[-124.76353524,51.26255471],[-124.76328194,51.2626423],[-124.763097,51.26269784],[-124.76302247,51.26272027],[-124.76275879,51.26279398],[-124.76249988,51.26287195],[-124.76225505,51.26296203],[-124.76203549,51.26307526],[-124.76183517,51.26320522],[-124.76163469,51.26333553],[-124.76141347,51.26344982],[-124.76117453,51.2635513],[-124.76093871,51.26365455],[-124.76072727,51.26377454],[-124.76055757,51.2639248],[-124.76048678,51.26409535],[-124.76044972,51.26427266],[-124.76042875,51.26445318],[-124.76041962,51.26463512],[-124.76041726,51.264816],[-124.76042697,51.26499545],[-124.76045699,51.26517525],[-124.76049117,51.2653547],[-124.76051528,51.2655338],[-124.76051282,51.26571254],[-124.7604872,51.26589092],[-124.76044907,51.2660693],[-124.76040331,51.26624697],[-124.76035396,51.266425],[-124.76030689,51.26660302],[-124.76026609,51.26678105],[-124.76023689,51.26695979],[-124.76020887,51.26714315],[-124.76018318,51.26733115],[-124.76018158,51.26751523],[-124.76020285,51.26759392],[-124.76022848,51.2676872],[-124.76034286,51.26783959],[-124.76051527,51.26797667],[-124.76072343,51.2681045],[-124.76094715,51.2682284],[-124.76116545,51.26835409],[-124.76135989,51.26848796],[-124.76154055,51.26863039],[-124.76173175,51.2687639],[-124.76195614,51.26887108],[-124.76220549,51.26895831],[-124.76246744,51.26903593],[-124.76272877,51.26911248],[-124.76298896,51.26918903],[-124.76317176,51.26923959],[-124.76325161,51.26926167],[-124.76351426,51.2693343],[-124.76377406,51.2694105],[-124.76402701,51.26949381],[-124.7641682,51.26954686],[-124.76427227,51.26958603],[-124.76451164,51.26968572],[-124.7647443,51.26979112],[-124.76497171,51.26990149],[-124.76519507,51.27001436],[-124.76542242,51.27012723],[-124.76565,51.27024081],[-124.76587262,51.2703576],[-124.76597176,51.27041528],[-124.76608357,51.27047972],[-124.7662784,51.27060932],[-124.76645038,51.27074854],[-124.76659668,51.27090093],[-124.76671986,51.27106472],[-124.76682555,51.27123526],[-124.76691735,51.27140866],[-124.76700056,51.27158099],[-124.76706584,51.2717551],[-124.76711119,51.27193277],[-124.76714471,51.27211258],[-124.76717424,51.27229238],[-124.76718812,51.27247753],[-124.76716743,51.272673],[-124.76721921,51.27283145],[-124.76745892,51.27289269],[-124.76777131,51.27292473],[-124.76796057,51.27297494],[-124.76803617,51.27299523],[-124.76829907,51.27307214],[-124.76855104,51.27315759],[-124.76878653,51.27325835],[-124.76895582,51.27339971],[-124.76897922,51.27357809],[-124.76892835,51.27376181],[-124.76896941,51.27393663],[-124.76906426,51.27410611],[-124.76917067,51.27427524],[-124.76925824,51.27444686],[-124.76931746,51.27462417],[-124.76936301,51.27480504],[-124.76940817,51.27498556],[-124.76946449,51.27516181],[-124.76954473,51.27533093],[-124.76966905,51.27548653],[-124.76985613,51.2756229],[-124.76999026,51.27570016],[-124.77007356,51.27574823],[-124.77028707,51.27587107],[-124.77050645,51.27598643],[-124.77073268,51.27609823],[-124.77095372,51.27621252],[-124.77116872,51.27633465],[-124.77122847,51.27637488],[-124.77136589,51.27646781],[-124.77149192,51.27662696],[-124.77155469,51.27680998],[-124.77151815,51.27698052],[-124.77136513,51.27713292],[-124.77119481,51.27728459],[-124.77104481,51.27744019],[-124.77089389,51.2775965],[-124.77076209,51.27775565],[-124.77067358,51.27793368],[-124.77067611,51.27809639],[-124.77076911,51.27827691],[-124.7708959,51.27843571],[-124.77096124,51.27850692],[-124.77103886,51.27859166],[-124.7711903,51.27874654],[-124.7713421,51.27890072],[-124.77148808,51.27905631],[-124.77162957,51.27921297],[-124.77166059,51.27924787],[-124.77177066,51.27936928],[-124.77191215,51.27952594],[-124.77205325,51.27968225],[-124.77219418,51.27983891],[-124.7723351,51.27999558],[-124.77247546,51.28015224],[-124.77261583,51.2803089],[-124.77264265,51.28033952],[-124.77275602,51.28046592],[-124.77289491,51.2806233],[-124.77303043,51.28078174],[-124.77305328,51.2808088],[-124.77316562,51.2809409],[-124.77328959,51.28110326],[-124.77337849,51.28127345],[-124.77345372,51.2814472],[-124.77351808,51.28162345],[-124.77356957,51.28180041],[-124.77360689,51.28197843],[-124.77363157,51.28215788],[-124.77364436,51.2823384],[-124.77364593,51.28251856],[-124.77363606,51.28269766],[-124.77359825,51.28287568],[-124.77353454,51.28305193],[-124.77346217,51.28322604],[-124.77339141,51.28340157],[-124.77332007,51.28357711],[-124.77324395,51.28375193],[-124.77315856,51.28392355],[-124.7730869,51.28404532],[-124.77305985,51.28409089],[-124.77293241,51.28424933],[-124.77273697,51.28438819],[-124.77265133,51.28444552],[-124.77253527,51.28452349],[-124.77240083,51.28467517],[-124.77236747,51.28476347],[-124.77233588,51.28484572],[-124.77229426,51.28502339],[-124.77227165,51.28520533],[-124.77226412,51.28538906],[-124.77226849,51.28557171],[-124.77228141,51.28575081],[-124.7723491,51.28592492],[-124.77245141,51.28609689],[-124.77252515,51.28627029],[-124.77253511,51.28645081],[-124.77249913,51.28663453],[-124.77243955,51.28674775],[-124.77241638,51.28679119],[-124.77237017,51.28682573],[-124.77218655,51.2869329],[-124.77196352,51.28705574],[-124.77195501,51.28720955],[-124.77204823,51.2873744],[-124.77209138,51.28743031],[-124.77218084,51.28754495],[-124.77230662,51.28771906],[-124.77237968,51.28789389],[-124.77239211,51.28807049],[-124.77237259,51.28824958],[-124.77233759,51.2884301],[-124.77230185,51.28861097],[-124.77228109,51.28879149],[-124.77227604,51.2889713],[-124.77227863,51.28913758],[-124.77229139,51.28933127],[-124.77231703,51.28951001],[-124.7723601,51.28968803],[-124.77241837,51.28986286],[-124.77249561,51.29003732],[-124.77260473,51.29020467],[-124.77268391,51.29037628],[-124.7727279,51.2905536],[-124.77275947,51.29073305],[-124.7727878,51.29091214],[-124.77282564,51.29109159],[-124.77286445,51.2912714],[-124.77288271,51.29145014],[-124.77286066,51.29162389],[-124.77279972,51.29180512],[-124.77270907,51.29197709],[-124.77258751,51.29213874],[-124.77243049,51.29229006],[-124.77226943,51.29244032],[-124.77213632,51.29259876],[-124.77212053,51.29262333],[-124.77202706,51.29276682],[-124.77194045,51.29293986],[-124.77188584,51.29311504],[-124.77185746,51.29330196],[-124.77187795,51.29348676],[-124.77198928,51.29364128],[-124.77217141,51.29377409],[-124.77239335,51.29389515],[-124.7726317,51.29400695],[-124.77286761,51.29411198],[-124.7731258,51.29420028],[-124.77320658,51.29422414],[-124.7733955,51.29428004],[-124.77365518,51.29436407],[-124.77388182,51.2944659],[-124.77405662,51.29459621],[-124.77419046,51.29474896],[-124.77429718,51.29491666],[-124.77438688,51.29509255],[-124.77447139,51.29527093],[-124.77455637,51.2954365],[-124.77464863,51.29561773],[-124.7747221,51.2957954],[-124.77479996,51.29596987],[-124.77490477,51.29613329],[-124.77507348,51.29627749],[-124.77531836,51.29638289],[-124.77558657,51.29643736],[-124.77562904,51.29644377],[-124.77586316,51.29647795],[-124.77614562,51.29651106],[-124.7764307,51.2965399],[-124.77671727,51.29656803],[-124.77700173,51.29659937],[-124.77728345,51.29663639],[-124.77756899,51.29667022],[-124.77785727,51.29670191],[-124.77814377,51.29673609],[-124.77842583,51.29677597],[-124.77869821,51.29682653],[-124.77895731,51.29689168],[-124.77919053,51.29698461],[-124.77939196,51.29711173],[-124.77958035,51.29725415],[-124.7797174,51.2973517],[-124.77977534,51.29739229],[-124.77999227,51.29751086],[-124.78021842,51.297628],[-124.78044999,51.29774336],[-124.78069006,51.29784697],[-124.78094096,51.29792922],[-124.78120639,51.2979812],[-124.78148324,51.29800826],[-124.78176869,51.29801859],[-124.78201486,51.29801823],[-124.78205928,51.29801823],[-124.78235282,51.29801289],[-124.78264626,51.29800898],[-124.78293661,51.29801147],[-124.78322161,51.29802749],[-124.78349663,51.2980631],[-124.78375756,51.29813039],[-124.78402514,51.29822652],[-124.78425657,51.29831732],[-124.78450781,51.29840954],[-124.78476715,51.29848609],[-124.78503094,51.29855694],[-124.78529707,51.2986253],[-124.78556279,51.29869331],[-124.78582692,51.29876345],[-124.78608712,51.29883822],[-124.78633975,51.29892403],[-124.78658092,51.29902657],[-124.78681924,51.29913268],[-124.7870632,51.29922703],[-124.78732119,51.29929575],[-124.78759457,51.29933954],[-124.78787604,51.29937123],[-124.78816286,51.29939295],[-124.78845305,51.29940648],[-124.7887433,51.29941396],[-124.78903201,51.29941752],[-124.78931788,51.29941396],[-124.7896037,51.29939509],[-124.78989037,51.29936732],[-124.79017625,51.29933883],[-124.79046229,51.29931711],[-124.79074685,51.29931035],[-124.79103078,51.29932388],[-124.79131407,51.29934346],[-124.79159754,51.29936625],[-124.79188038,51.29939153],[-124.7921639,51.29941894],[-124.79243245,51.29944672],[-124.79272992,51.29947947],[-124.79301259,51.29951223],[-124.79329474,51.29954605],[-124.79357753,51.29958095],[-124.7938594,51.29961655],[-124.79414167,51.29965251],[-124.7944232,51.29968883],[-124.79470473,51.29972515],[-124.79498643,51.29976111],[-124.79526808,51.299796],[-124.79555428,51.29982734],[-124.79566726,51.29983873],[-124.79584305,51.29985689],[-124.79613272,51.29988573],[-124.79642155,51.29991635],[-124.79670844,51.29994982],[-124.79699196,51.29998792],[-124.79706758,51.30000002],[-124.79726957,51.30003242],[-124.79754039,51.30008512],[-124.79780205,51.30014743],[-124.79787397,51.30016843],[-124.79805368,51.30022113],[-124.79828971,51.30031192],[-124.79850979,51.30042052],[-124.79871843,51.30054229],[-124.79891829,51.30067403],[-124.79911372,51.30081146],[-124.79930789,51.30095033],[-124.79950537,51.30108705],[-124.79970917,51.30121772],[-124.79992305,51.30133807],[-124.79999634,51.30137759],[-124.80014093,51.30145485],[-124.80035954,51.30157128],[-124.8005789,51.30168735],[-124.80079917,51.30180271],[-124.80102035,51.30191736],[-124.8012417,51.30203166],[-124.80146454,51.30214524],[-124.80168846,51.30225775],[-124.80191312,51.30236991],[-124.80213904,51.30248064],[-124.8023657,51.30259101],[-124.80259361,51.30269997],[-124.80282301,51.30280821],[-124.80305309,51.30291502],[-124.80328539,51.30302077],[-124.80351838,51.30312509],[-124.80375359,51.30322835],[-124.80398914,51.30333089],[-124.80422635,51.30343237],[-124.80446447,51.30353313],[-124.80470293,51.30363318],[-124.80482293,51.30368338],[-124.80494157,51.30373287],[-124.80518134,51.30383257],[-124.80542072,51.30393191],[-124.80565992,51.3040316],[-124.80589856,51.3041313],[-124.80613704,51.30423135],[-124.80637516,51.30433211],[-124.80661239,51.30443358],[-124.80684813,51.30453577],[-124.80708296,51.30463867],[-124.80731654,51.30474299],[-124.80754847,51.30484839],[-124.80777858,51.3049552],[-124.80800613,51.3050638],[-124.80823026,51.30517595],[-124.80844945,51.30529132],[-124.80866481,51.30540988],[-124.80887728,51.30553094],[-124.80908775,51.30565378],[-124.80929675,51.30577733],[-124.80950541,51.30590159],[-124.80971423,51.3060255],[-124.80992415,51.30614833],[-124.81013588,51.30626975],[-124.81035075,51.30638938],[-124.81056887,51.30650581],[-124.81079097,51.30661868],[-124.81101837,51.30672763],[-124.81125107,51.30683267],[-124.81130199,51.30685474],[-124.81148684,51.30693485],[-124.81162492,51.30699253],[-124.81172552,51.30703455],[-124.81196602,51.30713282],[-124.81220727,51.30723073],[-124.81244868,51.30732829],[-124.81268902,51.30742692],[-124.81292736,51.30752732],[-124.81316298,51.30762987],[-124.8134003,51.30773241],[-124.81364058,51.30783353],[-124.81388235,51.30793394],[-124.81412338,51.3080347],[-124.81436333,51.30813653],[-124.81460015,51.30824014],[-124.81483161,51.3083466],[-124.81505699,51.30845626],[-124.81527388,51.30857056],[-124.81548155,51.30868984],[-124.81568507,51.30882371],[-124.81587722,51.30897895],[-124.81595934,51.30906903],[-124.81603092,51.30914665],[-124.81611794,51.30931684],[-124.81611484,51.30948134],[-124.81604584,51.30964192],[-124.81593674,51.30980179],[-124.81579957,51.30996201],[-124.8156457,51.31012259],[-124.81548831,51.31028459],[-124.8153386,51.31044838],[-124.81520894,51.3106143],[-124.81511227,51.31078271],[-124.81505496,51.31095575],[-124.81502886,51.31113378],[-124.81502459,51.31131501],[-124.81503085,51.31149802],[-124.81503712,51.31168103],[-124.81503325,51.31186262],[-124.8150087,51.312041],[-124.81495316,51.31221511],[-124.81486469,51.31238423],[-124.81475327,51.31255015],[-124.81462903,51.31271429],[-124.81450211,51.31287808],[-124.81438306,51.31304329],[-124.81428143,51.31321134],[-124.81420722,51.31338403],[-124.8141551,51.3135617],[-124.81411683,51.31374257],[-124.81408603,51.31392452],[-124.81405499,51.31410575],[-124.81401661,51.31428449],[-124.81396302,51.31445931],[-124.81388686,51.31462772],[-124.81373852,51.31477441],[-124.81351781,51.31489974],[-124.81330913,51.3150297],[-124.81317532,51.3151853],[-124.81306476,51.315353],[-124.81296912,51.3155264],[-124.81289075,51.315703],[-124.81283153,51.31587889],[-124.81279953,51.31605264],[-124.81288352,51.3162328],[-124.8130601,51.31637309],[-124.81327832,51.31648596],[-124.81352039,51.31658708],[-124.81377214,51.31668107],[-124.81402139,51.3167708],[-124.81427559,51.31685376],[-124.81453445,51.31693173],[-124.81479474,51.31700793],[-124.81535977,51.31717812],[-124.81577871,51.31717883],[-124.81579793,51.31700081],[-124.81580962,51.31694669],[-124.81592027,51.31683702],[-124.81615826,51.31668036],[-124.81649789,51.31619862],[-124.81655351,51.31615269],[-124.8169479,51.31596683],[-124.81722739,51.3157735],[-124.81737582,51.31553743],[-124.81743584,51.31523977],[-124.81751698,51.31512156],[-124.8176704,51.31500229],[-124.81787829,51.31481928],[-124.81807391,51.31469038],[-124.81829905,51.31457004],[-124.81848014,51.31443225],[-124.81857924,51.31440376],[-124.81877858,51.3143646],[-124.81899048,51.31428021],[-124.81955467,51.31402884],[-124.81965276,51.31396439],[-124.81979312,51.31382838],[-124.81983228,51.31379064],[-124.81995834,51.31371658],[-124.82004359,51.31368845],[-124.82027217,51.31366673],[-124.82066468,51.31343601],[-124.82104225,51.31317823],[-124.82120521,51.31295107],[-124.82133753,51.31267014],[-124.82163966,51.31232371],[-124.82166604,51.31226033],[-124.82167231,51.31205346],[-124.82171038,51.31193596],[-124.82209336,51.31146241],[-124.82198672,51.31130219],[-124.82202665,51.31122956],[-124.82212318,51.31112915],[-124.82226736,51.31077595],[-124.822457,51.31049431],[-124.82255736,51.31049288],[-124.8231891,51.31050107],[-124.82331672,51.31046297],[-124.82348525,51.3103704],[-124.82358404,51.31033302],[-124.82366889,51.31030453],[-124.82379749,51.31028459],[-124.8243588,51.31033871],[-124.8244727,51.31031023],[-124.82481219,51.31018775],[-124.82503616,51.3100496],[-124.82516092,51.30993068],[-124.82535682,51.30981069],[-124.82554174,51.30977188],[-124.82562571,51.30971669],[-124.82586937,51.30935316],[-124.82605986,51.30908042],[-124.82618375,51.3089526],[-124.82644142,51.30857056],[-124.82665215,51.30809986],[-124.82673299,51.30797275],[-124.82684363,51.30786308],[-124.8269433,51.3078524],[-124.82733163,51.30786451],[-124.82741618,51.30782712],[-124.82748534,51.30777193],[-124.82752526,51.30768149],[-124.82764219,51.30738277],[-124.82772587,51.30731868],[-124.82781013,51.30727239],[-124.82790921,51.30724391],[-124.82825152,51.30718445],[-124.82840534,51.30708333],[-124.82851529,51.3069644],[-124.82862861,51.30693592],[-124.82888666,51.30692275],[-124.8291166,51.30693734],[-124.8293323,51.30695194],[-124.82949168,51.30698541],[-124.82998084,51.30702244],[-124.83019781,51.3070641],[-124.83079017,51.30716273],[-124.83106317,51.30717661],[-124.83159451,51.30718623],[-124.83195421,51.30721649],[-124.83228223,51.30716664],[-124.83334491,51.30718587],[-124.83347293,51.30716593],[-124.83384104,51.30704309],[-124.8340841,51.30701247],[-124.8346535,51.30690459],[-124.83505054,51.3067903],[-124.83521934,51.30670662],[-124.83563119,51.30659233],[-124.83580011,51.30651792],[-124.83599841,51.30644279],[-124.83638291,51.30637371],[-124.8364961,51.30633597],[-124.83721075,51.30627082],[-124.83853159,51.30628613],[-124.83916258,51.30628506],[-124.83918103,51.30567336],[-124.83924643,51.30551064],[-124.83938314,51.3053465],[-124.83942333,51.30526497],[-124.83945881,51.30507555],[-124.83956244,51.30479498],[-124.83967033,51.30463155],[-124.83982302,51.30450302],[-124.84015214,51.30412026],[-124.84031936,51.30400063],[-124.84066546,51.30368944],[-124.84137773,51.30284203],[-124.84144786,51.302805],[-124.84153397,51.30280358],[-124.84157732,51.30281177],[-124.84193351,51.30239269],[-124.8420209,51.30241833],[-124.8420909,51.30237204],[-124.84218625,51.30225383],[-124.84231156,51.30215271],[-124.84251242,51.30214951],[-124.84252124,51.30201456],[-124.84256713,51.30172616],[-124.84260778,51.30159015],[-124.84264282,51.30147301],[-124.84281473,51.30111055],[-124.84279776,51.30103898],[-124.84264622,51.30083461],[-124.84257866,51.30059285],[-124.84263681,51.30025033],[-124.84266347,51.30019585],[-124.84279948,51.30000465],[-124.8429215,51.29983196],[-124.84313692,51.29961406],[-124.8437123,51.29982876],[-124.84395856,51.29992098],[-124.84416955,51.30000002],[-124.84420521,51.30001355],[-124.84445089,51.30010577],[-124.84469698,51.30019834],[-124.8449429,51.30029127],[-124.84518842,51.30038385],[-124.84543433,51.30047678],[-124.84568026,51.30056971],[-124.84592561,51.30066263],[-124.84617153,51.30075556],[-124.84641689,51.30084849],[-124.84666281,51.30094142],[-124.84690817,51.30103435],[-124.8471541,51.30112728],[-124.84740003,51.30122021],[-124.84764556,51.30131279],[-124.84789166,51.30140536],[-124.84813777,51.30149793],[-124.84838387,51.30159051],[-124.84863015,51.30168272],[-124.84887603,51.30177459],[-124.84912288,51.3018668],[-124.8493695,51.30195831],[-124.84961613,51.30204981],[-124.84986332,51.30214132],[-124.85011086,51.30223211],[-124.85035823,51.30232326],[-124.85060594,51.3024137],[-124.85085382,51.30250378],[-124.8511017,51.30259386],[-124.85135033,51.30268359],[-124.85159929,51.3027726],[-124.85184826,51.30286161],[-124.85209814,51.30294991],[-124.85235137,51.30303359],[-124.85260853,51.30311263],[-124.85286837,51.30318847],[-124.85313094,51.30326217],[-124.85339362,51.30333445],[-124.85365704,51.30340637],[-124.85391995,51.30347936],[-124.85418087,51.30355414],[-124.85443929,51.30363176],[-124.85469402,51.30371472],[-124.85494414,51.30380373],[-124.85519233,51.30389559],[-124.85544052,51.30398745],[-124.85569024,51.30407611],[-124.85594435,51.304158],[-124.85620516,51.30423064],[-124.85647166,51.30429615],[-124.85674215,51.3043581],[-124.85701063,51.30441471],[-124.85729244,51.30446848],[-124.85757065,51.30451548],[-124.85785063,51.30455642],[-124.85813099,51.3045906],[-124.85841265,51.30461731],[-124.85869954,51.30463547],[-124.85898841,51.30464472],[-124.85927853,51.30464544],[-124.85956681,51.30463689],[-124.85985171,51.30461873],[-124.86013228,51.3045906],[-124.86041118,51.30455286],[-124.86068904,51.30450658],[-124.86096467,51.30445424],[-124.86123927,51.30439691],[-124.86151182,51.30433674],[-124.86178203,51.3042755],[-124.86204984,51.30421212],[-124.86231246,51.30414055],[-124.86257251,51.30406365],[-124.86283033,51.30398425],[-124.86308895,51.30390556],[-124.86334946,51.30383008],[-124.86361218,51.30375709],[-124.86387554,51.30368516],[-124.86413946,51.30361324],[-124.86440179,51.30353989],[-124.86466092,51.3034637],[-124.86491697,51.30338323],[-124.86516818,51.30329742],[-124.865418,51.30320734],[-124.86566646,51.30311299],[-124.86591029,51.303014],[-124.86614586,51.30290968],[-124.86637123,51.30279931],[-124.86658218,51.30268216],[-124.86675682,51.3025433],[-124.86688951,51.30238023],[-124.86699941,51.30221004],[-124.86709724,51.30204127],[-124.86718384,51.30186858],[-124.86723045,51.3017664],[-124.8672639,51.30169412],[-124.86734128,51.3015193],[-124.86742213,51.30134554],[-124.86751016,51.30117464],[-124.86761153,51.30100801],[-124.86773147,51.30084778],[-124.86788821,51.30069753],[-124.86807936,51.30055867],[-124.86829075,51.30043227],[-124.86852726,51.30031406],[-124.86857763,51.30029448],[-124.86876033,51.30022327],[-124.86903318,51.30015526],[-124.86931344,51.30012891],[-124.86959594,51.30012286],[-124.86988085,51.30012606],[-124.87009401,51.30013283],[-124.87016816,51.30013496],[-124.87045661,51.30014743],[-124.87074512,51.30016096],[-124.87103368,51.30017199],[-124.87132178,51.30017805],[-124.87160896,51.30017769],[-124.8718958,51.30017449],[-124.87218365,51.30016915],[-124.87247059,51.30016096],[-124.87275713,51.30014885],[-124.87304303,51.30013212],[-124.87332637,51.30011004],[-124.87361534,51.3000869],[-124.87391057,51.30006375],[-124.87420203,51.30003064],[-124.87437789,51.29999753],[-124.87447689,51.29997866],[-124.87472437,51.29989819],[-124.87494676,51.2997928],[-124.87516305,51.29967993],[-124.87537391,51.29956172],[-124.87558073,51.29943888],[-124.87578406,51.29931142],[-124.87598363,51.2991811],[-124.87618155,51.29904829],[-124.87637844,51.29891406],[-124.87657396,51.29877912],[-124.87676947,51.29864417],[-124.87696562,51.2985103],[-124.87716319,51.2983782],[-124.87736259,51.29824824],[-124.87755817,51.29811437],[-124.8777477,51.29797408],[-124.87793443,51.29783131],[-124.8781214,51.29768924],[-124.87831201,51.29755145],[-124.87850953,51.29742185],[-124.87871714,51.29730328],[-124.8789381,51.29719967],[-124.87918163,51.29711671],[-124.87945419,51.2970576],[-124.87974459,51.29701951],[-124.88004226,51.29699957],[-124.88033699,51.2969953],[-124.88061841,51.29700455],[-124.88089855,51.29703197],[-124.88117906,51.29707648],[-124.88145669,51.29713416],[-124.88172932,51.29720109],[-124.88199393,51.29727408],[-124.88224995,51.29735313],[-124.88249951,51.2974457],[-124.88273855,51.29755074],[-124.8829607,51.2976661],[-124.88316321,51.29779036],[-124.88335045,51.29793705],[-124.88348977,51.29810297],[-124.88353315,51.29827424],[-124.88350462,51.29844585],[-124.88344374,51.29861961],[-124.88336322,51.29879514],[-124.88327707,51.29897174],[-124.88319854,51.29914906],[-124.88314075,51.29932708],[-124.88310671,51.29950546],[-124.88308431,51.29963329],[-124.88307483,51.29968527],[-124.88304415,51.29986615],[-124.88302342,51.30000002],[-124.88301615,51.30004738],[-124.88299332,51.30022255],[-124.88297479,51.30041019],[-124.88296461,51.30059107],[-124.88296349,51.30077087],[-124.88297291,51.3009489],[-124.88299439,51.3011255],[-124.88303962,51.3012989],[-124.88314669,51.30146802],[-124.88328808,51.30162611],[-124.8834529,51.30179595],[-124.88359111,51.30195831],[-124.88367944,51.30212138],[-124.88368566,51.30228588],[-124.88359483,51.30244966],[-124.88344437,51.30261309],[-124.88328338,51.30277474],[-124.88314654,51.30294422],[-124.88308682,51.30311441],[-124.88309294,51.30328745],[-124.88312686,51.30346192],[-124.88315996,51.3035666],[-124.8831823,51.30363781],[-124.88325147,51.30381477],[-124.88332771,51.30399244],[-124.88340378,51.30417046],[-124.88347245,51.30434849],[-124.88352632,51.30452651],[-124.88356463,51.3047049],[-124.8835939,51.30488435],[-124.88361827,51.30506451],[-124.88363832,51.30524538],[-124.88365665,51.30542626],[-124.88367613,51.30560713],[-124.8836984,51.30578694],[-124.88372557,51.30596603],[-124.88375951,51.30614406],[-124.88378752,51.30625586],[-124.88380342,51.30632031],[-124.8838582,51.30649406],[-124.88393371,51.30666497],[-124.8840423,51.30682982],[-124.88408769,51.30688501],[-124.88417515,51.3069904],[-124.88432263,51.30714777],[-124.88447609,51.30730337],[-124.8846255,51.30745789],[-124.88476822,51.30762168],[-124.88490959,51.30779543],[-124.88505489,51.30796812],[-124.88520928,51.30813012],[-124.885376,51.30827112],[-124.88556144,51.30838007],[-124.88578032,51.30843455],[-124.88605559,51.30840677],[-124.88635611,51.30833093],[-124.88664744,51.30824691],[-124.88690473,51.30816857],[-124.88714225,51.30806603],[-124.88738097,51.30796456],[-124.88763191,51.30787448],[-124.88788723,51.30778831],[-124.88813919,51.30769965],[-124.88837889,51.3076021],[-124.88859725,51.30748958],[-124.88878978,51.30735962],[-124.88896507,51.30721685],[-124.88913153,51.30706873],[-124.88930027,51.30692061],[-124.88948024,51.30677997],[-124.88967218,51.30664645],[-124.88986681,51.30651329],[-124.89006537,51.30638262],[-124.89026963,51.30625551],[-124.89048005,51.30613338],[-124.89069823,51.30601766],[-124.89092359,51.30590479],[-124.8911543,51.30579264],[-124.89139192,51.30568511],[-124.89163553,51.30558648],[-124.89182408,51.30552204],[-124.89188612,51.30550067],[-124.89214392,51.30543196],[-124.8924147,51.30539208],[-124.89270001,51.3053814],[-124.89299333,51.30538496],[-124.89328732,51.30538709],[-124.89357525,51.30537214],[-124.89385498,51.30533618],[-124.89413494,51.30529737],[-124.89441397,51.30525571],[-124.89469272,51.30521227],[-124.89497055,51.30516598],[-124.8952477,51.30511756],[-124.89552375,51.30506665],[-124.89579855,51.30501359],[-124.89607129,51.30495769],[-124.89634277,51.30489966],[-124.89661242,51.30483948],[-124.89688259,51.30477824],[-124.89715326,51.30471593],[-124.8974233,51.30465256],[-124.89769249,51.3045874],[-124.89796082,51.30452046],[-124.89808171,51.30448913],[-124.89822732,51.30445139],[-124.89849199,51.30438018],[-124.89875386,51.30430647],[-124.89901311,51.30422992],[-124.89926916,51.30415052],[-124.89952122,51.30406756],[-124.89976768,51.30397962],[-124.89999154,51.30386746],[-124.9001965,51.30373643],[-124.90039485,51.303599],[-124.90059731,51.30346726],[-124.9008141,51.30335439],[-124.90105732,51.30326965],[-124.9013322,51.30320805],[-124.90162518,51.30316817],[-124.90192003,51.3031518],[-124.90220184,51.30316034],[-124.90246039,51.30321161],[-124.90270498,51.30330882],[-124.902948,51.30341884],[-124.90320243,51.30350856],[-124.90346842,51.30357408],[-124.90373743,51.30363567],[-124.90400853,51.30369406],[-124.9042814,51.30374996],[-124.90455568,51.30380408],[-124.90483031,51.30385749],[-124.90510436,51.3039109],[-124.90537848,51.30396538],[-124.90554053,51.30399813],[-124.90565112,51.30402056],[-124.90592399,51.30407646],[-124.90619669,51.30413272],[-124.90646922,51.30418933],[-124.90652358,51.30420073],[-124.90674232,51.30424595],[-124.90701502,51.3043022],[-124.90728824,51.30435739],[-124.90756179,51.30441187],[-124.90783585,51.30446527],[-124.9081102,51.3045169],[-124.9083858,51.3045671],[-124.90866144,51.30461482],[-124.90893868,51.30466039],[-124.90921722,51.30470205],[-124.90949916,51.30473659],[-124.90978308,51.30476578],[-124.9100687,51.30479142],[-124.9103546,51.30481527],[-124.91064125,51.30483877],[-124.91092681,51.30486334],[-124.91121067,51.30489147],[-124.91149175,51.30492423],[-124.91177035,51.30496339],[-124.91204503,51.30501075],[-124.91231513,51.30506771],[-124.91258161,51.30513465],[-124.91284509,51.30520907],[-124.91310625,51.30528953],[-124.91336497,51.30537392],[-124.91362324,51.30546044],[-124.91388061,51.30554767],[-124.91413786,51.30563277],[-124.91429557,51.30568297],[-124.91439589,51.30571502],[-124.91465551,51.30579157],[-124.91491682,51.305861],[-124.91518085,51.30592117],[-124.91544786,51.30597031],[-124.91556043,51.30598384],[-124.91560744,51.30598918],[-124.91572001,51.30600271],[-124.91600098,51.30600947],[-124.91628839,51.30599559],[-124.91657815,51.30596603],[-124.91686828,51.30592616],[-124.91715624,51.30588129],[-124.91743832,51.30583679],[-124.91771585,51.30579228],[-124.91799211,51.30573852],[-124.91826394,51.30567372],[-124.91852641,51.30559752],[-124.91877569,51.30550958],[-124.91901201,51.30541059],[-124.91924204,51.30530449],[-124.91946722,51.30519305],[-124.91968738,51.30507662],[-124.91990314,51.30495627],[-124.92011473,51.30483272],[-124.92032164,51.30470703],[-124.92052525,51.30457992],[-124.92072361,51.30445068],[-124.92091667,51.30431822],[-124.92110499,51.30418257],[-124.9212896,51.30404513],[-124.92147221,51.30390592],[-124.92165346,51.30376599],[-124.92183414,51.30362606],[-124.92201578,51.30348649],[-124.92219959,51.30334834],[-124.92238517,51.30321126],[-124.92257172,51.30307453],[-124.92275827,51.30293781],[-124.92294402,51.30280037],[-124.92312686,51.30266187],[-124.92330696,51.30252194],[-124.92348239,51.30237988],[-124.92365217,51.30223532],[-124.92381688,51.30208827],[-124.92397788,51.30193944],[-124.92413695,51.3017899],[-124.92429481,51.30163929],[-124.9244529,51.30148939],[-124.92461293,51.3013402],[-124.9248365,51.30109844],[-124.92498063,51.3009432],[-124.92512493,51.30078761],[-124.92515179,51.30075877],[-124.92526865,51.30063201],[-124.92541238,51.30047642],[-124.92555611,51.30032082],[-124.92569693,51.30016416],[-124.92583227,51.30000465],[-124.92596488,51.29984371],[-124.92609789,51.29968313],[-124.926235,51.29952469],[-124.92637953,51.29936981],[-124.92653534,51.29921991],[-124.92670541,51.29907713],[-124.92688773,51.2989397],[-124.92707941,51.29880653],[-124.92727809,51.29867657],[-124.92748322,51.29854982],[-124.92769246,51.2984252],[-124.92790369,51.29830236],[-124.92811629,51.29818024],[-124.92832741,51.29805882],[-124.9285464,51.2979424],[-124.92877349,51.29783166],[-124.92900354,51.29772307],[-124.92923223,51.29761376],[-124.92945401,51.29749982],[-124.92965541,51.29738446],[-124.92985789,51.29724774],[-124.93003644,51.29710745],[-124.93020752,51.29696254],[-124.9303774,51.29681656],[-124.93054332,51.29668126],[-124.9307341,51.29653207],[-124.9309104,51.29638217],[-124.93108864,51.29623299],[-124.93127699,51.29609484],[-124.93131122,51.29607561],[-124.93148436,51.2959777],[-124.93171862,51.29589367],[-124.93198608,51.29584987],[-124.93227643,51.29583207],[-124.93257501,51.2958221],[-124.93286866,51.29580216],[-124.93314647,51.29575695],[-124.93341729,51.29569535],[-124.93351419,51.29567007],[-124.93368609,51.29562485],[-124.93395352,51.29555008],[-124.93421981,51.29547531],[-124.93448656,51.29540552],[-124.9347546,51.29534499],[-124.93502471,51.29529799],[-124.93516953,51.29528446],[-124.93529773,51.29527236],[-124.93557605,51.29529052],[-124.93585791,51.29533823],[-124.93614134,51.29539342],[-124.9364257,51.29543472],[-124.93671467,51.29545679],[-124.93701184,51.29547602],[-124.93730247,51.29547673],[-124.93757313,51.29544291],[-124.93782261,51.29536636],[-124.9380593,51.29525812],[-124.93827824,51.29513101],[-124.93847421,51.29499713],[-124.93862264,51.29484474],[-124.93869687,51.29466529],[-124.9386882,51.29449011],[-124.93860978,51.29431315],[-124.93854975,51.29413584],[-124.9384855,51.29395781],[-124.93845285,51.2938186],[-124.93844427,51.2937805],[-124.93845223,51.2936039],[-124.93850432,51.29342552],[-124.93858944,51.29325069],[-124.93870054,51.29308584],[-124.93877945,51.29301712],[-124.93887052,51.29293844],[-124.93905599,51.29279673],[-124.93917709,51.29264077],[-124.93917514,51.2924599],[-124.93918588,51.29227867],[-124.93925757,51.29210456],[-124.9393321,51.29193045],[-124.93937742,51.29175314],[-124.93941739,51.29157511],[-124.93945468,51.29139673],[-124.93949026,51.29121835],[-124.93952431,51.29103961],[-124.93952931,51.29101362],[-124.93955761,51.29086123],[-124.93959052,51.29068249],[-124.93962457,51.29050375],[-124.9396622,51.29032466],[-124.93971509,51.29014342],[-124.93976383,51.28996255],[-124.93978263,51.28978595],[-124.9397267,51.28962038],[-124.93957217,51.28950039],[-124.93953903,51.2894744],[-124.93941753,51.28931382],[-124.93936432,51.289139],[-124.93932966,51.28895991],[-124.93930513,51.28877868],[-124.93928083,51.28859816],[-124.93924902,51.28841906],[-124.93922097,51.28823926],[-124.93921934,51.28806016],[-124.93923996,51.28787857],[-124.9392661,51.28769378],[-124.93929243,51.28758732],[-124.93931086,51.28751291],[-124.9393868,51.28734307],[-124.93952131,51.28719602],[-124.93958517,51.28716362],[-124.93974665,51.28708173],[-124.93998617,51.28696993],[-124.94005801,51.28691723],[-124.94017081,51.28683356],[-124.94032341,51.28668082],[-124.94047658,51.28652807],[-124.94063498,51.28639419],[-124.94082556,51.2862418],[-124.9410046,51.28610045],[-124.94117977,51.28595767],[-124.94134468,51.28581134],[-124.94148983,51.28565752],[-124.94159713,51.28548875],[-124.94169321,51.28531607],[-124.94181289,51.28515477],[-124.94199018,51.28501948],[-124.94221734,51.28490732],[-124.94244991,51.28479694],[-124.94250083,51.28476063],[-124.94264353,51.28465844],[-124.94282085,51.28450996],[-124.94306411,51.28444516],[-124.94334877,51.28442843],[-124.94364731,51.28443626],[-124.94377667,51.28444552],[-124.94393689,51.28445691],[-124.94421689,51.28449287],[-124.94449549,51.2845413],[-124.94477308,51.28459186],[-124.94505189,51.28463387],[-124.94533362,51.28465666],[-124.94561872,51.28465808],[-124.94590532,51.28464562],[-124.94619276,51.28462782],[-124.94647957,51.28461251],[-124.94677184,51.28461322],[-124.94705947,51.28460218],[-124.94732117,51.28453809],[-124.94757419,51.28445762],[-124.94782416,51.28437039],[-124.94807139,51.28427817],[-124.94831834,51.28418418],[-124.94856625,51.28409053],[-124.94881547,51.2840001],[-124.94906881,51.28391536],[-124.94933066,51.28384023],[-124.94960032,51.28377258],[-124.94986907,51.28370564],[-124.95013029,51.28363301],[-124.95037543,51.28354755],[-124.95041531,51.28351409],[-124.95054676,51.28340442],[-124.95069625,51.2832474],[-124.95084176,51.28309038],[-124.95099456,51.28293835],[-124.95118163,51.28280519],[-124.95141145,51.28269695],[-124.95164594,51.28259084],[-124.95184736,51.28246337],[-124.95203059,51.28232273],[-124.95220829,51.28217818],[-124.95238885,51.28203718],[-124.95258275,51.28190758],[-124.95280991,51.28180966],[-124.95305049,51.28177192],[-124.95309471,51.28176516],[-124.95336453,51.28170071],[-124.95362015,51.28161953],[-124.95387404,51.28153479],[-124.95412474,51.2814472],[-124.95437241,51.28135641],[-124.9545591,51.28128128],[-124.95461272,51.28125956],[-124.95482588,51.2811385],[-124.95502113,51.28100249],[-124.9552287,51.28088001],[-124.95548364,51.28080382],[-124.95575032,51.28073759],[-124.95602465,51.2806792],[-124.95630345,51.28062935],[-124.95658306,51.28058734],[-124.95686298,51.28055778],[-124.95714938,51.28054568],[-124.95743803,51.28054318],[-124.95772611,51.28054069],[-124.95801332,51.28053642],[-124.95830118,51.28053678],[-124.95840421,51.28053678],[-124.95858864,51.28053678],[-124.95887483,51.28053108],[-124.95915888,51.28051434],[-124.95943765,51.28047767],[-124.95971393,51.28042711],[-124.95999015,51.28037548],[-124.9602819,51.28034024],[-124.96059845,51.28032101],[-124.96086148,51.28027436],[-124.9609779,51.28015081],[-124.96095713,51.2799557],[-124.96097412,51.27976735],[-124.96116166,51.27962955],[-124.96130727,51.27947823],[-124.96136225,51.27930092],[-124.96140276,51.27911933],[-124.96147569,51.27894736],[-124.96161924,51.27879319],[-124.96181247,51.2786554],[-124.96203618,51.2785468],[-124.96229689,51.27846918],[-124.96248357,51.27832961],[-124.96272604,51.27823775],[-124.96300379,51.27818647],[-124.96328149,51.278226],[-124.96357004,51.27828332],[-124.96384602,51.27829543],[-124.96409714,51.278226],[-124.96434131,51.27813413],[-124.96458215,51.27803017],[-124.96482287,51.27792406],[-124.96506708,51.27782615],[-124.96531609,51.27773607],[-124.96557001,51.2776524],[-124.96583262,51.27758154],[-124.96610591,51.27752529],[-124.96637594,51.27746511],[-124.96663232,51.27738464],[-124.96687978,51.27729065],[-124.96712416,51.27719238],[-124.96719921,51.27716389],[-124.96737071,51.27709909],[-124.96762549,51.27702076],[-124.96789241,51.27696593],[-124.96817408,51.27693744],[-124.9684633,51.27692534],[-124.96875453,51.27691857],[-124.96904148,51.27691003],[-124.96933023,51.27690967],[-124.96961978,51.27691359],[-124.96990801,51.2769143],[-124.97019206,51.27690469],[-124.97047048,51.27687585],[-124.97073657,51.27681318],[-124.97099669,51.276732],[-124.97125796,51.27665438],[-124.97152244,51.27658317],[-124.97178794,51.27651338],[-124.97205894,51.27645713],[-124.97234164,51.27641333],[-124.97263086,51.27638093],[-124.9729131,51.2763763],[-124.97317812,51.2764233],[-124.97342055,51.2765141],[-124.97367957,51.27661308],[-124.97392055,51.27671527],[-124.97418272,51.276779],[-124.97446511,51.27680748],[-124.97475299,51.27682564],[-124.97504009,51.27684665],[-124.97531903,51.27688475],[-124.97559222,51.27693851],[-124.97586615,51.27699548],[-124.97613839,51.27705601],[-124.97640751,51.27712188],[-124.97667221,51.27719344],[-124.97692953,51.27727213],[-124.97717834,51.27735794],[-124.97742159,51.27745301],[-124.97766061,51.27755697],[-124.9778914,51.27766984],[-124.97810974,51.2777909],[-124.97831144,51.27791944],[-124.97849266,51.27805509],[-124.97864512,51.27820214],[-124.97876769,51.27836414],[-124.97886934,51.27853541],[-124.978957,51.27871094],[-124.97903948,51.27888541],[-124.97911979,51.27905845],[-124.97918179,51.27923647],[-124.97921409,51.27941592],[-124.97920414,51.27959324],[-124.97916038,51.27976984],[-124.97909744,51.27994609],[-124.97902824,51.28012233],[-124.97896644,51.28029858],[-124.97891227,51.28047553],[-124.97885509,51.28065285],[-124.97879978,51.28082981],[-124.97875171,51.28100712],[-124.97871752,51.28118515],[-124.97870252,51.28136353],[-124.97871138,51.2815444],[-124.97874222,51.28172457],[-124.97879279,51.28190152],[-124.97886284,51.28207706],[-124.97895673,51.28225152],[-124.97904744,51.28237294],[-124.97907825,51.2824146],[-124.97925456,51.28254634],[-124.97939274,51.28259084],[-124.97952089,51.2826325],[-124.97969658,51.28276673],[-124.97981465,51.2829323],[-124.9798597,51.28301454],[-124.97990923,51.28310534],[-124.97996454,51.28328194],[-124.98001497,51.28345925],[-124.9801286,51.28362339],[-124.98025617,51.28378575],[-124.98039716,51.28394384],[-124.98055351,51.28409481],[-124.98072719,51.28423687],[-124.98092168,51.2843711],[-124.98113271,51.28449572],[-124.98135554,51.28460752],[-124.9815882,51.28469511],[-124.98187449,51.28476454],[-124.98215467,51.28479659],[-124.98230551,51.2848062],[-124.98243823,51.28481439],[-124.98272472,51.28482365],[-124.98301307,51.28482899],[-124.98330154,51.2848329],[-124.98358865,51.28483967],[-124.9838753,51.28484857],[-124.98414693,51.28485676],[-124.98444799,51.2848653],[-124.9847347,51.28487171],[-124.98502129,51.28487599],[-124.98530808,51.28487385],[-124.98559594,51.28486708],[-124.98588329,51.28486139],[-124.98617004,51.28486174],[-124.98643849,51.28487421],[-124.98656394,51.28488453],[-124.98673768,51.28489984],[-124.98703143,51.28493687],[-124.98729975,51.2849771],[-124.98757636,51.28502624],[-124.98785036,51.28507965],[-124.98812512,51.28513626],[-124.98839824,51.2851975],[-124.98866478,51.28526658],[-124.98891998,51.28534633],[-124.98915928,51.28544033],[-124.98938271,51.28555213],[-124.98959196,51.28567817],[-124.98978837,51.28581205],[-124.98997454,51.28594948],[-124.99013577,51.28609867],[-124.99028064,51.28625711],[-124.99042931,51.28641235],[-124.99051723,51.28648356],[-124.99060235,51.28655228],[-124.99081557,51.2866712],[-124.99106021,51.28677196],[-124.99132088,51.28685101],[-124.9915908,51.28690228],[-124.99187927,51.28691937],[-124.99216995,51.28691866],[-124.99246033,51.28691261],[-124.99275084,51.28689551],[-124.99302709,51.28685457],[-124.9932761,51.28677517],[-124.99350354,51.28666337],[-124.99372622,51.2865448],[-124.99395508,51.28643478],[-124.99417995,51.2863212],[-124.99427094,51.28627954],[-124.99441207,51.2862151],[-124.99466168,51.28612965],[-124.99492118,51.28605452],[-124.99518468,51.28598295],[-124.99545103,51.28591495],[-124.99572041,51.28585014],[-124.99599135,51.28578926],[-124.99626303,51.28573158],[-124.99653627,51.28567782],[-124.99681295,51.28563473],[-124.99709654,51.28560945],[-124.99738356,51.28559129],[-124.9976695,51.28557064],[-124.99804321,51.28562868],[-124.99883856,51.28575294],[-124.99961775,51.2858035],[-124.99999984,51.28582843],[-125.00006822,51.28583305],[-125.00031738,51.28562654],[-125.00038768,51.28501841],[-125.00074439,51.28458117],[-125.00098575,51.28448433],[-125.00123499,51.28439603],[-125.00149259,51.2843177],[-125.00175607,51.28424613],[-125.00202161,51.28417741],[-125.00228572,51.28410691],[-125.0025501,51.28403463],[-125.00281667,51.28396734],[-125.00308841,51.28391429],[-125.00336934,51.2838826],[-125.00365545,51.28386515],[-125.00394252,51.28384806],[-125.00422488,51.28381815],[-125.00450693,51.28378291],[-125.00478852,51.28374623],[-125.00506999,51.28370742],[-125.00534894,51.28366434],[-125.00562457,51.28361627],[-125.00589602,51.28356144],[-125.0061611,51.28349486],[-125.00641833,51.28341368],[-125.00666778,51.28332253],[-125.00691026,51.28322568],[-125.00714304,51.28312172],[-125.00736423,51.28300742],[-125.00758215,51.28288921],[-125.0078035,51.28277457],[-125.00803216,51.2826649],[-125.00826316,51.28255631],[-125.00848827,51.2824445],[-125.00870124,51.28232594],[-125.00890168,51.28219064],[-125.00906019,51.2820322],[-125.00908043,51.28187126],[-125.00892646,51.28170676],[-125.00885717,51.28153301],[-125.00887006,51.28133967],[-125.00897522,51.28117731],[-125.00917559,51.28105412],[-125.00941714,51.28093769],[-125.00968044,51.28084013],[-125.00994882,51.28077498],[-125.01013349,51.28076251],[-125.01020872,51.28075753],[-125.010477,51.28080382],[-125.0107489,51.28089034],[-125.01101122,51.28098861],[-125.0112535,51.28108474],[-125.01148053,51.28119618],[-125.01170291,51.28131261],[-125.01193237,51.28142014],[-125.0121802,51.28150702],[-125.01244266,51.28157752],[-125.01271509,51.28163662],[-125.01299272,51.28168718],[-125.01327137,51.28173204],[-125.01355118,51.28177085],[-125.01383354,51.28180432],[-125.01411775,51.28183387],[-125.01440322,51.281862],[-125.01468738,51.28189049],[-125.01497092,51.28192146],[-125.01525129,51.28195671],[-125.01552805,51.28199837],[-125.0158004,51.28204929],[-125.01606536,51.28211694],[-125.0161166,51.28213367],[-125.0163227,51.28220061],[-125.01656932,51.28229603],[-125.01680596,51.28239929],[-125.01703028,51.28250931],[-125.01724405,51.28263072],[-125.01744619,51.28276104],[-125.01763464,51.2828974],[-125.01780939,51.28303982],[-125.017964,51.28319827],[-125.01806736,51.28336632],[-125.01808079,51.28353794],[-125.01801433,51.28371597],[-125.01796349,51.28382884],[-125.01793494,51.28389364],[-125.01785913,51.28406739],[-125.01777682,51.28424043],[-125.01770767,51.28441454],[-125.01768197,51.28452243],[-125.01766512,51.28459257],[-125.01765828,51.28477451],[-125.01767266,51.28482685],[-125.01770692,51.28495111],[-125.0177865,51.28513448],[-125.01789696,51.28530681],[-125.01803767,51.28543107],[-125.01807484,51.28544389],[-125.01832826,51.28546525],[-125.01862547,51.28548911],[-125.01888872,51.28556281],[-125.01904916,51.28562405],[-125.01913355,51.2856561],[-125.01935637,51.28576932],[-125.01957415,51.28588717],[-125.01979665,51.28600111],[-125.02002815,51.28610686],[-125.02027963,51.28619338],[-125.02054107,51.28626851],[-125.02062295,51.28628666],[-125.0208106,51.28632904],[-125.02109064,51.28637105],[-125.02135575,51.28643728],[-125.02162135,51.28652522],[-125.02185536,51.28661495],[-125.02208961,51.28671856],[-125.02231722,51.28682893],[-125.02237519,51.28686027],[-125.02253535,51.28694607],[-125.02259123,51.28698061],[-125.02273878,51.2870714],[-125.02292615,51.28720777],[-125.02311226,51.28734556],[-125.02321567,51.28741784],[-125.02330366,51.28747944],[-125.02349433,51.28761367],[-125.02368942,51.28774577],[-125.02389144,51.28787288],[-125.0241021,51.287995],[-125.02431696,51.28811428],[-125.02453437,51.28823178],[-125.02475105,51.28834963],[-125.02496574,51.28846927],[-125.02517436,51.2885921],[-125.02537605,51.28871993],[-125.02556589,51.28885594],[-125.02561531,51.28889688],[-125.02573981,51.28899907],[-125.02588958,51.28915111],[-125.02600929,51.28931489],[-125.0261294,51.28947903],[-125.0262889,51.28962857],[-125.02642156,51.28978666],[-125.02650721,51.28994546],[-125.02662294,51.29013559],[-125.02672697,51.29029403],[-125.02686499,51.29044927],[-125.02707363,51.29057211],[-125.02731615,51.29067038],[-125.02757534,51.29075156],[-125.02765593,51.29078325],[-125.02781557,51.29084627],[-125.02800372,51.29098228],[-125.02807107,51.29105741],[-125.02814455,51.29114002],[-125.02816079,51.29116814],[-125.0282416,51.29131199],[-125.02836158,51.29140456],[-125.0284178,51.291448],[-125.02865275,51.29155624],[-125.02889647,51.29165202],[-125.02915204,51.29173605],[-125.02942251,51.2917923],[-125.02970489,51.2918247],[-125.02999095,51.29185176],[-125.0302532,51.29189057],[-125.03053019,51.29196428],[-125.03079343,51.29205614],[-125.03103771,51.29213518],[-125.0311047,51.29215476],[-125.03129895,51.29221209],[-125.03155406,51.29229469],[-125.03178836,51.29239474],[-125.03182799,51.29242038],[-125.03198926,51.29252435],[-125.03217041,51.29266677],[-125.03232461,51.29282877],[-125.0325621,51.2928658],[-125.03285412,51.2928156],[-125.03302533,51.29278961],[-125.03313349,51.29277287],[-125.03341721,51.29274973],[-125.03370309,51.29273762],[-125.03384274,51.29273371],[-125.0339894,51.29272943],[-125.03427649,51.29272196],[-125.03456324,51.29271163],[-125.0348521,51.29269205],[-125.0351408,51.29267282],[-125.03542574,51.29266748],[-125.0357045,51.29268955],[-125.03597903,51.29274688],[-125.03623952,51.2928302],[-125.0364744,51.29293025],[-125.03668712,51.29305059],[-125.03689231,51.29317841],[-125.03710509,51.29329983],[-125.03732349,51.29342623],[-125.03755297,51.29353767],[-125.03781531,51.29359072],[-125.03809362,51.29361493],[-125.03837883,51.29362704],[-125.03866849,51.29363096],[-125.03896076,51.2936306],[-125.03925182,51.29362918],[-125.03953948,51.29363131],[-125.03982662,51.29363096],[-125.04011374,51.29362704],[-125.04040023,51.29362206],[-125.04068735,51.29361814],[-125.04092512,51.29361743],[-125.04097409,51.29361743],[-125.04126,51.29362206],[-125.04154615,51.29364057],[-125.04183206,51.29366799],[-125.04211636,51.29369398],[-125.04239929,51.29370608],[-125.04252779,51.29368009],[-125.04267221,51.29365054],[-125.04293707,51.29357719],[-125.04319894,51.29349815],[-125.04327549,51.29347963],[-125.04346436,51.29343442],[-125.04358031,51.29342765],[-125.04374373,51.29341804],[-125.0440307,51.293454],[-125.04431457,51.2934953],[-125.04459751,51.29354337],[-125.04485771,51.29361173],[-125.04506872,51.29372495],[-125.04522614,51.29388269],[-125.04535591,51.29404469],[-125.04544474,51.29421738],[-125.04545069,51.29439433],[-125.04539972,51.29457485],[-125.04542716,51.29475573],[-125.04565218,51.29484545],[-125.04594645,51.29486966],[-125.04623198,51.29488711],[-125.04651801,51.29490349],[-125.04679634,51.29493731],[-125.0470735,51.29499037],[-125.04734985,51.29503914],[-125.04763573,51.29506905],[-125.04771469,51.29506585],[-125.0479182,51.29505695],[-125.04818981,51.29500176],[-125.04845897,51.29493375],[-125.04852579,51.29491773],[-125.04872717,51.29486895],[-125.0489937,51.29480166],[-125.04926358,51.29474291],[-125.04954516,51.2946895],[-125.04981787,51.29467277],[-125.05010026,51.29471122],[-125.0503719,51.29477353],[-125.05064372,51.29483904],[-125.05092003,51.29489031],[-125.05120239,51.29492165],[-125.05148622,51.29489708],[-125.0516005,51.29489743],[-125.05177611,51.29489815],[-125.05205912,51.29492449],[-125.05231533,51.29499891],[-125.05236743,51.29501992],[-125.05256023,51.29509718],[-125.05275364,51.29517195],[-125.05280511,51.29519189],[-125.05306044,51.29529337],[-125.05329559,51.29537739],[-125.05354688,51.2954454],[-125.05382546,51.2955159],[-125.05408693,51.29559245],[-125.05435256,51.29566864],[-125.05460582,51.2957541],[-125.05482936,51.2958602],[-125.05501718,51.29599479],[-125.05517504,51.29614931],[-125.05522839,51.29621447],[-125.05530634,51.29631061],[-125.05541837,51.29647653],[-125.0555101,51.29664921],[-125.0555764,51.2968251],[-125.0555999,51.29695079],[-125.05560934,51.2970017],[-125.05560369,51.29718044],[-125.0555784,51.29736096],[-125.05555351,51.29754184],[-125.05555094,51.29772129],[-125.05557627,51.29790074],[-125.05558226,51.29793492],[-125.05559328,51.29799331],[-125.05560957,51.29808019],[-125.05563908,51.29826284],[-125.0557224,51.29842449],[-125.05590984,51.29856834],[-125.05613169,51.29868405],[-125.05637967,51.29877591],[-125.05649908,51.2988279],[-125.05661501,51.29887881],[-125.0568376,51.29899417],[-125.05703573,51.29912271],[-125.05717179,51.29928364],[-125.05739799,51.29940221],[-125.05765066,51.29949621],[-125.05764357,51.29955318],[-125.05763222,51.29964432],[-125.05749176,51.29981559],[-125.05742897,51.29990353],[-125.05736794,51.29998898],[-125.05728562,51.30016131],[-125.05725583,51.30024214],[-125.05722115,51.30033685],[-125.05717423,51.3005138],[-125.05715611,51.30060602],[-125.05713956,51.30069254],[-125.05712299,51.3007755],[-125.05710489,51.30087128],[-125.05719544,51.30111981],[-125.05728442,51.30129],[-125.05736997,51.30138578],[-125.05742721,51.3014488],[-125.05752169,51.30161579],[-125.05757256,51.3017931],[-125.05760768,51.30197362],[-125.05762343,51.30215414],[-125.05761376,51.30233181],[-125.05754395,51.30250663],[-125.05743948,51.30267647],[-125.05732679,51.30284203],[-125.05720292,51.30300475],[-125.0570911,51.30313364],[-125.05706627,51.30316319],[-125.05691068,51.30331594],[-125.05682462,51.30337611],[-125.05671666,51.30345124],[-125.05664996,51.3034694],[-125.05646606,51.30351853],[-125.05617736,51.30355805],[-125.05590031,51.30362107],[-125.05568168,51.30373501],[-125.05549308,51.30390093],[-125.05542658,51.30404834],[-125.05564193,51.30414305],[-125.0559316,51.30422636],[-125.05615979,51.30433603],[-125.05641251,51.3044432],[-125.05665124,51.30452224],[-125.05692249,51.30455073],[-125.05722107,51.30455642],[-125.05750851,51.30455678],[-125.05779517,51.30455037],[-125.058082,51.3045436],[-125.05837144,51.30453613],[-125.05865938,51.30453542],[-125.05892458,51.30458989],[-125.05917303,51.30468567],[-125.05938672,51.30474549],[-125.05943497,51.30475902],[-125.05970318,51.30482275],[-125.05997281,51.3048847],[-125.06023882,51.30495307],[-125.06050294,51.30502784],[-125.06076985,51.30509193],[-125.06104941,51.3051197],[-125.06134298,51.30510474],[-125.06161193,51.30513928],[-125.06167025,51.30516883],[-125.06183979,51.30525571],[-125.06196527,51.30528775],[-125.06210404,51.305323],[-125.06228078,51.30534543],[-125.06239363,51.30535968],[-125.06268077,51.30539671],[-125.06293908,51.30545973],[-125.06312762,51.3055726],[-125.06315247,51.30559467],[-125.06328907,51.3057378],[-125.06339721,51.30583287],[-125.06345829,51.30588663],[-125.06353975,51.30592865],[-125.06367977,51.30600093],[-125.06390783,51.30611095],[-125.06413907,51.30622026],[-125.06434864,51.30634167],[-125.06451829,51.3064848],[-125.06466897,51.3066379],[-125.06481416,51.30679421],[-125.06488333,51.30686578],[-125.06496401,51.30694909],[-125.06504636,51.30704452],[-125.06510732,51.30711537],[-125.06526319,51.30726598],[-125.06549497,51.3073201],[-125.06578068,51.30725566],[-125.06605486,51.30717946],[-125.06631954,51.30713175],[-125.06660091,51.30709686],[-125.06688683,51.30708724],[-125.06717431,51.30710077],[-125.06745491,51.30713602],[-125.06772772,51.3071937],[-125.06799101,51.30726669],[-125.06822084,51.30737422],[-125.06843605,51.30749457],[-125.06870337,51.30754584],[-125.06899268,51.30757112],[-125.06926306,51.30762915],[-125.06952928,51.30769716],[-125.06979945,51.30775805],[-125.06992731,51.30778511],[-125.06997652,51.30779543],[-125.07007113,51.30781573],[-125.07034615,51.30786878],[-125.07061852,51.30792503],[-125.07087348,51.30800479],[-125.07097398,51.30804752],[-125.07111263,51.30810591],[-125.07135184,51.3082081],[-125.07143386,51.30826578],[-125.07153912,51.30834055],[-125.07168468,51.30849614],[-125.07183434,51.30865031],[-125.07202251,51.30878811],[-125.07220113,51.30892803],[-125.07228759,51.30906654],[-125.07230502,51.30909467],[-125.07234548,51.30927376],[-125.07233292,51.30945535],[-125.07232138,51.3096348],[-125.07245742,51.30978648],[-125.072623,51.30993353],[-125.07278948,51.31007986],[-125.07290005,51.31017351],[-125.07296086,51.31022549],[-125.07312874,51.3103761],[-125.07331345,51.31051282],[-125.0733608,51.31053312],[-125.07354202,51.31061109],[-125.07382145,51.3106645],[-125.07409314,51.31069939],[-125.07418282,51.31070367],[-125.07439271,51.3107115],[-125.07466881,51.31071542],[-125.0749668,51.31071043],[-125.07524964,51.31068088],[-125.07553488,51.31065952],[-125.07582178,51.31065026],[-125.07611151,51.31065667],[-125.0762826,51.31070794],[-125.07636301,51.3107318],[-125.07656575,51.31086175],[-125.07673567,51.31100809],[-125.07684902,51.31118006],[-125.07703246,51.31130148],[-125.07731273,51.31135916],[-125.07747357,51.31141043],[-125.07755832,51.31143713],[-125.07780564,51.31154395],[-125.07802777,51.31165824],[-125.07822869,51.31178607],[-125.0784148,51.3119235],[-125.07860914,51.3120556],[-125.07867083,51.31209013],[-125.0788246,51.31217559],[-125.0790587,51.31228027],[-125.07916886,51.31231587],[-125.07922132,51.31233261],[-125.0793123,51.3123618],[-125.07957858,51.31242981],[-125.07974425,51.31246969],[-125.07984751,51.31249461],[-125.08011231,51.31256333],[-125.08037842,51.31263169],[-125.08065044,51.31268759],[-125.08093627,51.31270468],[-125.08122241,51.3127175],[-125.08150992,51.31274669],[-125.08156136,51.31275595],[-125.08161109,51.31276521],[-125.08178389,51.31279725],[-125.08182768,51.31282147],[-125.08199569,51.31291297],[-125.08220334,51.31303866],[-125.082301,51.31307782],[-125.08244498,51.31313586],[-125.08254376,51.31317147],[-125.08269398,51.31322594],[-125.08289892,51.31330321],[-125.0829413,51.31331958],[-125.08319201,51.31340966],[-125.0833729,51.3134499],[-125.08345642,51.31346841],[-125.0835353,51.31346663],[-125.08374728,51.31346165],[-125.08403441,51.31342426],[-125.08431214,51.31341999],[-125.08457089,51.31350153],[-125.08483999,51.31354674],[-125.08510787,51.31348266],[-125.08537251,51.31341216],[-125.0856509,51.31337157],[-125.0859374,51.31335839],[-125.0860028,51.31335982],[-125.08622424,51.31336373],[-125.08650991,51.31338118],[-125.0865905,51.3133794],[-125.08679719,51.31337477],[-125.0869007,51.31339435],[-125.08707238,51.3134264],[-125.08733623,51.31346948],[-125.08763249,51.31345132],[-125.08791936,51.31343494],[-125.0882053,51.31345061],[-125.08848542,51.31348942],[-125.08864099,51.31351577],[-125.08868587,51.31352325],[-125.08876354,51.31353606],[-125.08903607,51.3135909],[-125.08929628,51.31366816],[-125.08952114,51.31377319],[-125.08956728,51.31379847],[-125.08973961,51.31389532],[-125.08996452,51.31400748],[-125.09020057,51.31410931],[-125.09039213,51.31417518],[-125.09046304,51.31419868],[-125.09071049,51.31427523],[-125.09096732,51.31435605],[-125.09121242,51.3144472],[-125.0913517,51.31453087],[-125.09142045,51.31457218],[-125.09154538,51.31463199],[-125.09160207,51.31465905],[-125.09164762,51.31468077],[-125.09175651,51.31472029],[-125.09189631,51.31477157],[-125.0919733,51.31480147],[-125.09214031,51.31486627],[-125.09237554,51.31496989],[-125.09262971,51.31505391],[-125.09268622,51.3150621],[-125.09290519,51.31509415],[-125.09318656,51.31510625],[-125.09344367,51.3151853],[-125.09364694,51.31531312],[-125.09385861,51.31543525],[-125.09404105,51.31548189],[-125.09412088,51.31550218],[-125.09440908,51.31552034],[-125.09445671,51.31551358],[-125.09468617,51.31548011],[-125.09497135,51.31549862],[-125.09503469,51.31552248],[-125.09521751,51.3155912],[-125.09544449,51.31570264],[-125.09568232,51.31580198],[-125.09572331,51.31581409],[-125.095944,51.31588102],[-125.09617159,51.31592375],[-125.09621557,51.31593194],[-125.09650424,51.31591058],[-125.096759,51.31583082],[-125.09699584,51.31572756],[-125.09722534,51.31561933],[-125.09744763,51.31550468],[-125.09766647,51.31538647],[-125.09791217,51.31529817],[-125.09817543,51.31522696],[-125.09826927,51.31520559],[-125.09844643,51.31516465],[-125.09872084,51.31510839],[-125.09899646,51.31506282],[-125.09909123,51.31505997],[-125.09928396,51.31505356],[-125.09955809,51.31501475],[-125.09969122,51.31497416],[-125.09981922,51.31493357],[-125.09995746,51.31485809],[-125.10003634,51.31481536],[-125.10024975,51.31469537],[-125.10047009,51.31458001],[-125.10067182,51.31445219],[-125.10080393,51.31437279],[-125.10087887,51.31432757],[-125.10109325,51.31420793],[-125.10132325,51.31409863],[-125.10157035,51.31400854],[-125.10184972,51.31396226],[-125.10213322,51.31396867],[-125.10240936,51.31402314],[-125.1026903,51.31406266],[-125.10297201,51.31409934],[-125.1032361,51.31416485],[-125.10348821,51.31425208],[-125.10360316,51.31428484],[-125.10373375,51.31432187],[-125.10379662,51.31433469],[-125.10402511,51.3143767],[-125.10431106,51.31440804],[-125.10444271,51.31444044],[-125.10456973,51.31447177],[-125.10477856,51.31459995],[-125.1049836,51.31472528],[-125.10516942,51.31486236],[-125.10537487,51.31498804],[-125.10557037,51.31511551],[-125.10574669,51.31526185],[-125.10580049,51.3153384],[-125.10586081,51.31542528],[-125.10594731,51.31559654],[-125.10614501,51.31572899],[-125.10641008,51.31579486],[-125.10658874,51.31580376],[-125.10669575,51.31580875],[-125.10698337,51.31579201],[-125.10723877,51.31574822],[-125.10751251,51.31566205],[-125.10774136,51.31564069],[-125.10779441,51.3156357],[-125.1080959,51.31566312],[-125.10836089,51.31569303],[-125.10855232,51.31571226],[-125.10864308,51.31572151],[-125.10875632,51.31576032],[-125.10889537,51.31580839],[-125.10895215,51.31582085],[-125.10909399,51.31585218],[-125.10916617,51.31586821],[-125.10925255,51.31587105],[-125.10944923,51.31587675],[-125.10973297,51.31584293],[-125.10997985,51.31575569],[-125.11015698,51.31567985],[-125.11021769,51.31565386],[-125.11048076,51.31558301],[-125.11076035,51.31554349],[-125.11090166,51.31554099],[-125.11104827,51.31553815],[-125.11133308,51.31555986],[-125.11161208,51.31560473],[-125.11187867,51.31567345],[-125.11199292,51.31575712],[-125.11205809,51.31580483],[-125.11216025,51.31582975],[-125.11232717,51.3158707],[-125.11237853,51.31589099],[-125.11257054,51.31596683],[-125.1128349,51.31604267],[-125.11310301,51.31601419],[-125.11337533,51.31595508],[-125.11354407,51.31593194],[-125.11365367,51.31591699],[-125.11394108,51.31591877],[-125.11422895,51.31592197],[-125.11437653,51.31591948],[-125.11451483,51.31591734],[-125.11479602,51.31587924],[-125.11506086,51.31580946],[-125.11511728,51.31579735],[-125.11532771,51.31575106],[-125.11557157,51.31574857],[-125.11563018,51.3157475],[-125.11590211,51.31572899],[-125.11618546,51.31569837],[-125.11646856,51.31567309],[-125.1167544,51.31568662],[-125.11691049,51.31570229],[-125.11703813,51.31571546],[-125.11732039,51.31574501],[-125.11760695,51.31573291],[-125.11789043,51.31570442],[-125.11793404,51.31570015],[-125.11818473,51.31567594],[-125.11846821,51.31564745],[-125.11875265,51.31562538],[-125.11903899,51.31562217],[-125.11932737,51.31563998],[-125.11961048,51.31563036],[-125.11988849,51.31558692],[-125.12016171,51.31552711],[-125.120427,51.31545875],[-125.12068297,51.31537757],[-125.1209352,51.31529105],[-125.12118168,51.31519135],[-125.12123473,51.3151707],[-125.121318,51.31513794],[-125.12142779,51.31509486],[-125.12169471,51.3150532],[-125.12198791,51.31506922],[-125.12224954,51.31512192],[-125.12250156,51.31522874],[-125.1227347,51.31534054],[-125.12299495,51.31539857],[-125.12329073,51.31540071],[-125.12335378,51.31539145],[-125.12357115,51.31535941],[-125.12380918,51.31526434],[-125.12392942,51.31520274],[-125.12403696,51.31514756],[-125.12423439,51.31507813],[-125.12428683,51.31505997],[-125.12455607,51.3149941],[-125.12483297,51.31494817],[-125.12511957,51.31493357],[-125.12540722,51.31492396],[-125.12568275,51.31487731],[-125.12594879,51.31480254],[-125.12621973,51.31475234],[-125.12650771,51.31474807],[-125.12679503,51.31477655],[-125.12705149,51.31483779],[-125.12731252,51.31493036],[-125.12757644,51.31499873],[-125.12785778,51.31503504],[-125.12814552,51.31505178],[-125.12831669,51.31505],[-125.12843112,51.31504893],[-125.12871659,51.31502828],[-125.12891602,51.31501368],[-125.12900279,51.31500727],[-125.12928884,51.31498057],[-125.12957342,51.31496419],[-125.12985903,51.31497701],[-125.13014345,51.31501404],[-125.13025941,51.3150411],[-125.13040967,51.31507635],[-125.13065244,51.31517141],[-125.13088879,51.31527645],[-125.13113035,51.3153765],[-125.13137338,51.31547584],[-125.13157201,51.31552568],[-125.13163411,51.31554135],[-125.1319217,51.31555239],[-125.13221167,51.315562],[-125.13240377,51.31560152],[-125.13248263,51.3156179],[-125.13273879,51.31570513],[-125.13295058,51.31581515],[-125.13313286,51.31596114],[-125.13330858,51.31610534],[-125.13351888,51.31622817],[-125.13373723,51.31634603],[-125.13392245,51.31648097],[-125.13407011,51.31663514],[-125.13420671,51.31679465],[-125.13434079,51.31695345],[-125.13444989,51.31708555],[-125.13447266,51.31711332],[-125.13462311,51.31726642],[-125.13479617,51.31741027],[-125.13485837,51.31746795],[-125.13495661,51.3175591],[-125.13508082,51.31772075],[-125.13518286,51.31788952],[-125.13526744,51.31806149],[-125.13531306,51.31820498],[-125.13532393,51.31823987],[-125.1354056,51.31841078],[-125.13554443,51.31856922],[-125.13572359,51.31871342],[-125.13594447,51.31882237],[-125.13621869,51.31889073],[-125.13647081,51.31897334],[-125.13663776,51.31911327],[-125.13676011,51.31926922],[-125.13692365,51.31943087],[-125.13706506,51.3195537],[-125.13709133,51.31957649],[-125.13725942,51.31972247],[-125.13733255,51.31978478],[-125.13742972,51.31986739],[-125.13759593,51.32001372],[-125.13774658,51.32016647],[-125.13788446,51.32032456],[-125.13801916,51.32048336],[-125.13815255,51.32064251],[-125.13818373,51.32068025],[-125.1382839,51.32080238],[-125.13840697,51.32096652],[-125.13852192,51.32113458],[-125.13867749,51.32128056],[-125.13889708,51.32140197],[-125.13915337,51.32149027],[-125.13942429,51.32151983],[-125.1395605,51.32151128],[-125.13971561,51.32150131],[-125.14000646,51.32148742],[-125.1402933,51.32148564],[-125.14058024,51.32148849],[-125.14086663,51.32150095],[-125.14115234,51.32152089],[-125.14143824,51.32152837],[-125.14160259,51.32152659],[-125.141729,51.32152552],[-125.14201403,51.32150345],[-125.14227967,51.32144399],[-125.14253029,51.32135355],[-125.14277604,51.32125777],[-125.14301387,51.32115701],[-125.14325211,51.3210566],[-125.14344997,51.32098503],[-125.14350069,51.32096688],[-125.143756,51.32088463],[-125.14401857,51.32081235],[-125.14428892,51.32075253],[-125.1445643,51.32070019],[-125.1448401,51.32065177],[-125.14511885,51.32060797],[-125.14539593,51.32056169],[-125.1456723,51.32051326],[-125.1459467,51.32046057],[-125.14621618,51.32039897],[-125.14648122,51.3203299],[-125.14674315,51.32025655],[-125.14700132,51.32017786],[-125.14725766,51.32009704],[-125.14751463,51.32001728],[-125.14777217,51.31993753],[-125.14803392,51.31986454],[-125.14830119,51.31979796],[-125.14857194,51.31973849],[-125.14884751,51.31968936],[-125.14912741,51.31964913],[-125.14940786,51.31961138],[-125.14968917,51.31957542],[-125.14997141,51.31954231],[-125.15025436,51.31951133],[-125.15053726,51.31948285],[-125.15082187,51.31946042],[-125.15110768,51.31944511],[-125.15139432,51.31943407],[-125.15168103,51.3194241],[-125.1519677,51.31941662],[-125.15225411,51.31940487],[-125.15254055,51.31939063],[-125.15282506,51.31936962],[-125.15310543,51.31933081],[-125.15338182,51.3192799],[-125.15366259,51.3192475],[-125.15395144,51.31923539],[-125.15423836,51.31924429],[-125.15451499,51.31928346],[-125.15478449,51.31934862],[-125.15505392,51.31941271],[-125.15532346,51.31947537],[-125.15559411,51.31953448],[-125.15587019,51.31958326],[-125.15614998,51.3196242],[-125.15624497,51.31964022],[-125.15642684,51.31967013],[-125.1566993,51.31972781],[-125.15697304,51.31978158],[-125.15725494,51.31982288],[-125.15754171,51.31985386],[-125.15782254,51.3198503],[-125.15810349,51.31980543],[-125.15836868,51.31972995],[-125.15859338,51.31962313],[-125.15878903,51.31948855],[-125.15900302,51.3193682],[-125.1592585,51.31927705],[-125.15949643,51.31917842],[-125.15957871,51.31910543],[-125.15965555,51.31903672],[-125.15973904,51.31889714],[-125.15975814,51.3188651],[-125.15986216,51.31869526],[-125.15996259,51.31852578],[-125.16007549,51.31836128],[-125.16022403,51.31820818],[-125.16039549,51.31806327],[-125.16057186,51.3179212],[-125.16075511,51.3177827],[-125.1609419,51.31764633],[-125.16112491,51.31750711],[-125.16130969,51.31736897],[-125.16151407,51.31724364],[-125.16173767,51.31712828],[-125.16197971,51.31703179],[-125.16224129,51.31696271],[-125.16252648,51.31691607],[-125.16280898,51.31690289],[-125.16309329,51.31692817],[-125.1631938,51.31694455],[-125.16337503,51.31697339],[-125.16364869,51.31702609],[-125.16377108,51.31705528],[-125.16391738,51.31709053],[-125.16397236,51.31710442],[-125.16418439,51.31715854],[-125.16445861,51.31722334],[-125.1645294,51.3172472],[-125.16470896,51.31730737],[-125.16479371,51.31736683],[-125.16489532,51.31743768],[-125.16504171,51.3175972],[-125.16522143,51.31773677],[-125.16543723,51.31785783],[-125.16567373,51.31796037],[-125.16593371,51.31803122],[-125.16621187,51.31808285],[-125.16633212,51.31811418],[-125.16647685,51.31815157],[-125.16661829,51.3182032],[-125.16672573,51.31824236],[-125.16697786,51.31832746],[-125.16726372,51.31839297],[-125.16752349,51.3184389],[-125.16780355,51.31847807],[-125.16808961,51.31850086],[-125.16837132,51.3185329],[-125.16864623,51.31859023],[-125.16891037,51.31866678],[-125.16913086,51.31877431],[-125.16929921,51.31891993],[-125.16945448,51.31907517],[-125.16962283,51.31922079],[-125.16979045,51.31936678],[-125.16995381,51.31951454],[-125.17011348,51.31966408],[-125.1702676,51.31981576],[-125.17041353,51.31997029],[-125.17055373,51.3201273],[-125.17069263,51.32028468],[-125.17082892,51.32044277],[-125.17096521,51.32060085],[-125.17111179,51.32075645],[-125.17125723,51.32091204],[-125.17136527,51.3210769],[-125.17143084,51.32125207],[-125.17148384,51.32142974],[-125.17152096,51.32161453],[-125.17155875,51.3217979],[-125.17168554,51.32194353],[-125.17192594,51.32204999],[-125.1722041,51.32211621],[-125.17248329,51.32213188],[-125.17277518,51.32211336],[-125.1730632,51.32209699],[-125.17334848,51.32207918],[-125.17363357,51.32205818],[-125.17391828,51.32203432],[-125.17420206,51.32200762],[-125.17448553,51.32197913],[-125.17476878,51.32194994],[-125.17504927,51.32191326],[-125.17532602,51.3218652],[-125.17539312,51.32185095],[-125.17559859,51.32180787],[-125.17586596,51.32174343],[-125.17612865,51.32167079],[-125.17638798,51.32159317],[-125.17664531,51.32151377],[-125.17689928,51.32142939],[-125.1770694,51.32136459],[-125.17714378,51.3213361],[-125.17737913,51.3212332],[-125.17760982,51.32112568],[-125.17783295,51.32101245],[-125.17805446,51.3208978],[-125.17829185,51.32079419],[-125.17854479,51.32069022],[-125.17880462,51.32062969],[-125.17907177,51.3206564],[-125.17934211,51.32074043],[-125.17946763,51.320786],[-125.17959452,51.32083229],[-125.17982557,51.32094409],[-125.18002748,51.321021],[-125.18006813,51.32103631],[-125.18034312,51.32107298],[-125.18061849,51.32108224],[-125.18092211,51.32110289],[-125.18121105,51.32112567],[-125.18148561,51.32117054],[-125.18173059,51.32125884],[-125.18195943,51.32137171],[-125.18212017,51.32144897],[-125.18218849,51.32148173],[-125.18241218,51.32159709],[-125.18264962,51.32169536],[-125.18291569,51.32175945],[-125.18319696,51.32180217],[-125.18347856,51.32183814],[-125.18376264,51.3218652],[-125.18404838,51.32188513],[-125.18433428,51.32189866],[-125.18462098,51.32190685],[-125.18490752,51.3219154],[-125.1851944,51.32192323],[-125.18548051,51.32193391],[-125.18577827,51.32193676],[-125.18606964,51.32194958],[-125.18630653,51.32202364],[-125.18648116,51.3221682],[-125.18662077,51.32230243],[-125.1866448,51.32232522],[-125.18682299,51.32246586],[-125.18699863,51.32260828],[-125.18716288,51.32275675],[-125.18726387,51.32285324],[-125.18732227,51.3229095],[-125.1874393,51.32307115],[-125.18747271,51.32324703],[-125.18746915,51.32343005],[-125.18750407,51.32360878],[-125.18756473,51.3237861],[-125.18765642,51.32395558],[-125.1877983,51.32411046],[-125.18796592,51.32425787],[-125.18811571,51.32441168],[-125.18817602,51.32448325],[-125.18825045,51.32457084],[-125.18839387,51.32472608],[-125.18845979,51.32478696],[-125.18855479,51.32487562],[-125.1887303,51.3250184],[-125.18892615,51.32514942],[-125.18914185,51.32526977],[-125.18937478,51.32537409],[-125.18962926,51.32545563],[-125.18989671,51.32552292],[-125.19016202,51.32559235],[-125.19042676,51.32566178],[-125.19069308,51.32572908],[-125.19095779,51.325801],[-125.19122519,51.32586722],[-125.19150264,51.32590603],[-125.19179028,51.32591956],[-125.19207879,51.32591672],[-125.19221802,51.32590176],[-125.19236459,51.32588574],[-125.19264857,51.32585013],[-125.19292881,51.32586366],[-125.1931958,51.32591743],[-125.19345713,51.32601107],[-125.19363668,51.3261453],[-125.1937848,51.32630517],[-125.1939545,51.32645186],[-125.19413567,51.32659357],[-125.19433969,51.32671819],[-125.19457767,51.32681788],[-125.19483871,51.32689764],[-125.19510907,51.32695639],[-125.19539159,51.32699413],[-125.19567813,51.32701122],[-125.19596488,51.3270073],[-125.19625131,51.32698345],[-125.19653088,51.32694393],[-125.19680676,51.32688803],[-125.1970662,51.32681254],[-125.19729626,51.32670751],[-125.19751259,51.32658681],[-125.19773939,51.32647536],[-125.19797112,51.32636677],[-125.19821732,51.32627704],[-125.19848696,51.32621259],[-125.19877027,51.32617236],[-125.19905205,51.32616809],[-125.19921018,51.32618803],[-125.19933443,51.32620369],[-125.19961755,51.326245],[-125.19990362,51.32626066],[-125.19999915,51.32626956],[-125.20018581,51.32628701],[-125.20042671,51.32636356],[-125.20050082,51.32639133],[-125.20069372,51.32646575],[-125.20095671,51.32654016],[-125.20121363,51.32656936],[-125.20126424,51.32657078],[-125.20139626,51.32657114],[-125.20151461,51.3265715],[-125.2016582,51.32655334],[-125.20179558,51.32653625],[-125.20197412,51.32650313],[-125.2020744,51.32648498],[-125.20212974,51.32648604],[-125.2023539,51.32647465]]]},"geometry_name":"SHAPE","properties":{"id":311,"slug":"powell-river-sunshine-coast","name":"Powell River-Sunshine Coast","abbreviation":"POR","gazetteDate":"2023-12-07Z","boundarySet":11},"bbox":[-126.33892272,49.29733839,-123.24688955,51.32701122]}
