{"type":"Feature","id":312,"geometry":{"type":"Polygon","coordinates":[[[-123.81511536,55.99188324],[-123.93197597,55.92028514],[-123.93207172,55.92023956],[-123.93225836,55.92003162],[-123.93233612,55.91993194],[-123.93235106,55.91985075],[-123.93236484,55.91977954],[-123.93235971,55.91958157],[-123.9324358,55.91935655],[-123.9326397,55.91918423],[-123.93265421,55.91916571],[-123.93263226,55.91916706],[-123.932596,55.91916882],[-123.93243035,55.91917262],[-123.9320322,55.91920053],[-123.93113086,55.91914603],[-123.93010751,55.91897017],[-123.92896213,55.91867294],[-123.92800359,55.91851343],[-123.92726499,55.91862981],[-123.92674632,55.91902222],[-123.92613,55.91868931],[-123.92576145,55.91820971],[-123.92563992,55.91758377],[-123.92605088,55.91692187],[-123.92632848,55.91618982],[-123.9262175,55.91547594],[-123.92571744,55.91477986],[-123.92561501,55.91414038],[-123.92539474,55.91356322],[-123.92506573,55.91296933],[-123.92497114,55.91233627],[-123.92510061,55.9117413],[-123.92545053,55.9112026],[-123.92557598,55.91065428],[-123.92559249,55.91013408],[-123.92562951,55.90967656],[-123.92590676,55.90930911],[-123.92625702,55.90901003],[-123.9265309,55.9086465],[-123.9269205,55.90822814],[-123.92742694,55.9077553],[-123.92826167,55.90714289],[-123.92921605,55.90653155],[-123.92862559,55.90615057],[-123.92828247,55.90564106],[-123.92818747,55.90500266],[-123.92870082,55.90446181],[-123.92884464,55.9039377],[-123.92861905,55.90342997],[-123.92839343,55.90284569],[-123.9282973,55.90223435],[-123.92831347,55.90156034],[-123.92833008,55.9009312],[-123.92834627,55.90025719],[-123.92799733,55.89971777],[-123.92765284,55.89913919],[-123.92731331,55.89852179],[-123.92693247,55.89797953],[-123.92654601,55.89744046],[-123.9261547,55.89690425],[-123.92669287,55.89634987],[-123.92736023,55.89581686],[-123.92725798,55.89516458],[-123.92702172,55.89457032],[-123.92664713,55.89407292],[-123.92640014,55.89353991],[-123.92628404,55.89293177],[-123.92631585,55.89225741],[-123.92636488,55.89161011],[-123.92638,55.89090904],[-123.92639606,55.89025319],[-123.92639709,55.88962405],[-123.9265518,55.88901698],[-123.92684436,55.88846759],[-123.9272582,55.88796413],[-123.92752416,55.88741118],[-123.92765768,55.88682013],[-123.9276743,55.88617319],[-123.92730163,55.88551983],[-123.92681764,55.88490457],[-123.92621802,55.88432705],[-123.92554075,55.88387095],[-123.92509904,55.8841768],[-123.9245612,55.88434557],[-123.92361681,55.88439257],[-123.92267798,55.8844944],[-123.92172688,55.88438758],[-123.92070187,55.88430534],[-123.91960294,55.88424765],[-123.9190916,55.88367548],[-123.9183351,55.88321083],[-123.91733139,55.88285407],[-123.91734841,55.88220676],[-123.91689384,55.88185],[-123.91619381,55.88174425],[-123.91524678,55.88189023],[-123.91485757,55.88143164],[-123.91434342,55.88100509],[-123.9138467,55.88050982],[-123.91336834,55.87994512],[-123.91302636,55.879238],[-123.91244461,55.87880575],[-123.91174622,55.87848352],[-123.91052148,55.87828912],[-123.90956205,55.87805234],[-123.90885212,55.8776881],[-123.90850458,55.87710667],[-123.90840509,55.87642376],[-123.90789853,55.87579924],[-123.9071288,55.87531679],[-123.90622728,55.8749611],[-123.90545098,55.87464742],[-123.90506926,55.87419167],[-123.90495126,55.87360952],[-123.90498315,55.87293552],[-123.90499819,55.87221665],[-123.90514275,55.87161136],[-123.90541346,55.87105734],[-123.90580652,55.87053928],[-123.90619376,55.87000627],[-123.90635401,55.86934722],[-123.90664305,55.86871202],[-123.90705526,55.86813094],[-123.90746325,55.86757978],[-123.90811869,55.8672814],[-123.90852376,55.86683812],[-123.9085469,55.86629799],[-123.90831525,55.8657283],[-123.907946,55.86520419],[-123.90757176,55.86467653],[-123.90823702,55.86412464],[-123.90838516,55.86355247],[-123.9078857,55.86306788],[-123.90671781,55.86277414],[-123.90527202,55.86267195],[-123.90427694,55.86255054],[-123.90343213,55.86225822],[-123.90273762,55.86179499],[-123.90201173,55.86125807],[-123.90307139,55.86102556],[-123.90403295,55.86061112],[-123.90466425,55.86005354],[-123.90471995,55.8593863],[-123.90411596,55.85884759],[-123.90315816,55.85856595],[-123.90209189,55.85850792],[-123.90160712,55.85811519],[-123.90086767,55.85791972],[-123.89987327,55.85792221],[-123.89938261,55.85741662],[-123.89877641,55.85699256],[-123.89804317,55.8567654],[-123.8974177,55.8565774],[-123.8968995,55.85642822],[-123.89652069,55.85608142],[-123.8960467,55.85561962],[-123.89547755,55.85504282],[-123.89489705,55.85464867],[-123.89456026,55.85413916],[-123.89459772,55.85350788],[-123.89502506,55.85287553],[-123.89571778,55.8522916],[-123.89456765,55.85206017],[-123.89348812,55.85189425],[-123.89407887,55.85118143],[-123.89455708,55.85044903],[-123.89398119,55.84985015],[-123.89352371,55.84924344],[-123.89308244,55.84874746],[-123.89252729,55.84829812],[-123.89254508,55.84766897],[-123.89257765,55.84700387],[-123.89250225,55.84635443],[-123.89221648,55.84573668],[-123.89172061,55.8451499],[-123.8911287,55.84587732],[-123.89065143,55.84658657],[-123.88960374,55.84663215],[-123.88854622,55.84672757],[-123.88868492,55.8461027],[-123.88894468,55.84550845],[-123.88932557,55.84492773],[-123.88970567,55.84432885],[-123.88899378,55.8440205],[-123.88829268,55.84383892],[-123.88749987,55.84385779],[-123.88664131,55.84396567],[-123.88571129,55.84402228],[-123.88480378,55.843997],[-123.88399134,55.84392793],[-123.88337642,55.8437905],[-123.8829623,55.84346115],[-123.88265304,55.84296908],[-123.882342,55.84239904],[-123.882135,55.84180871],[-123.88203272,55.84119452],[-123.88206331,55.84043933],[-123.88125029,55.84042438],[-123.88042865,55.84033109],[-123.87959798,55.84016054],[-123.87866379,55.83981659],[-123.87858376,55.83909452],[-123.87839238,55.83838704],[-123.87798857,55.83772692],[-123.87748444,55.8370757],[-123.87661105,55.83650282],[-123.87559122,55.83595699],[-123.87478272,55.83623222],[-123.87442231,55.83676772],[-123.87396149,55.83732743],[-123.87340616,55.83781131],[-123.87276255,55.8380577],[-123.87222604,55.83794661],[-123.8717943,55.83753822],[-123.87100036,55.83678623],[-123.87026578,55.83629132],[-123.86943214,55.83581884],[-123.86847238,55.83535134],[-123.86813521,55.83478451],[-123.86791496,55.83423725],[-123.8678137,55.83373273],[-123.86771205,55.83331187],[-123.86749185,55.83292307],[-123.86845961,55.83262897],[-123.86920649,55.83224621],[-123.86960378,55.83169219],[-123.86974857,55.83100216],[-123.86963936,55.83034026],[-123.86928687,55.82972856],[-123.86857676,55.82921656],[-123.8676339,55.82877399],[-123.86660903,55.82838269],[-123.86765463,55.82825558],[-123.86861562,55.82817475],[-123.86935142,55.82791911],[-123.86986152,55.82748828],[-123.8692533,55.82700726],[-123.86902149,55.82648956],[-123.86928854,55.82597862],[-123.86992921,55.82551077],[-123.87105071,55.82538223],[-123.87219177,55.8253331],[-123.87233801,55.82465126],[-123.87259645,55.82392562],[-123.87306189,55.82325126],[-123.87362086,55.8226214],[-123.87421115,55.82212898],[-123.87374462,55.82165579],[-123.87337498,55.82113738],[-123.87305535,55.82042385],[-123.87273164,55.81973133],[-123.87240259,55.81905981],[-123.87188269,55.8184004],[-123.87122429,55.81774705],[-123.87018928,55.81713464],[-123.87022099,55.81642431],[-123.87023777,55.8157503],[-123.87025475,55.8150674],[-123.8701531,55.81433606],[-123.86981156,55.81356877],[-123.86900408,55.81283068],[-123.86796743,55.81213424],[-123.86694187,55.81146735],[-123.86638237,55.81077447],[-123.86617018,55.81007305],[-123.86608235,55.80938302],[-123.86589029,55.80873928],[-123.86559032,55.80814823],[-123.86539738,55.80751873],[-123.86509908,55.80694691],[-123.86469557,55.80643241],[-123.86409092,55.80601121],[-123.86370353,55.80550276],[-123.86351866,55.80491599],[-123.86355194,55.80425978],[-123.86355417,55.80362209],[-123.86358717,55.80295663],[-123.8635359,55.8023282],[-123.86341718,55.80176279],[-123.86322014,55.80126396],[-123.86307621,55.80069997],[-123.86299671,55.80006762],[-123.86298034,55.79932169],[-123.86246993,55.79901905],[-123.8617112,55.79883568],[-123.86070289,55.79877159],[-123.85987398,55.7987894],[-123.85904882,55.79873848],[-123.85822693,55.79861849],[-123.85767738,55.7978893],[-123.85688886,55.79725801],[-123.85586819,55.79678375],[-123.85487281,55.79665201],[-123.85401201,55.79675776],[-123.85341572,55.79710242],[-123.85280742,55.7975158],[-123.85218734,55.79792846],[-123.85130911,55.79811218],[-123.85030385,55.7981072],[-123.84995909,55.79862775],[-123.8496134,55.79912729],[-123.84926791,55.79960618],[-123.84878196,55.7999957],[-123.848043,55.80026844],[-123.84705244,55.80042403],[-123.84590694,55.80059066],[-123.84485913,55.80104712],[-123.84411116,55.80128995],[-123.84334867,55.80138502],[-123.84257292,55.80133232],[-123.84149935,55.80150465],[-123.84036122,55.8015812],[-123.83947631,55.80181584],[-123.8385666,55.80196182],[-123.83858286,55.80124295],[-123.83775241,55.80143237],[-123.83703505,55.80155379],[-123.83644319,55.80148222],[-123.83591789,55.80118919],[-123.83536357,55.80080536],[-123.83479587,55.80060953],[-123.8342832,55.80052123],[-123.83388476,55.8003603],[-123.833612,55.80002775],[-123.83359653,55.79931778],[-123.83358213,55.79863522],[-123.8335501,55.79788039],[-123.83242883,55.79774331],[-123.83128543,55.79773014],[-123.83011926,55.79784087],[-123.82920823,55.79833721],[-123.82851766,55.798872],[-123.82804818,55.79944524],[-123.82758294,55.79991345],[-123.8268431,55.800225],[-123.82583706,55.80032078],[-123.82468333,55.80026772],[-123.82361692,55.79961864],[-123.82466876,55.79957591],[-123.82482701,55.79918426],[-123.82519142,55.79881361],[-123.82576225,55.79846325],[-123.82499751,55.79802495],[-123.82438245,55.79743212],[-123.82389231,55.7967955],[-123.82376228,55.79616137],[-123.82399158,55.79562053],[-123.82458132,55.79517333],[-123.82517778,55.79472007],[-123.82553086,55.79416677],[-123.82564136,55.79351306],[-123.82665999,55.79323961],[-123.82752193,55.79294337],[-123.82812594,55.79243991],[-123.82861048,55.79187557],[-123.82897449,55.79125319],[-123.82882395,55.79058809],[-123.8284355,55.78998778],[-123.82768039,55.78956159],[-123.82667795,55.78924684],[-123.82554417,55.78892781],[-123.82442313,55.78861698],[-123.82343264,55.78819221],[-123.82281378,55.78767237],[-123.82268406,55.78714186],[-123.82279569,55.78664125],[-123.82278208,55.78608509],[-123.82252156,55.7854887],[-123.82225719,55.7847855],[-123.82223966,55.78414283],[-123.82247037,55.78356032],[-123.8228319,55.78306043],[-123.82306262,55.78248291],[-123.82316225,55.78183027],[-123.82326432,55.78113276],[-123.82348454,55.78050112],[-123.82382391,55.77993607],[-123.82403888,55.77931333],[-123.82413095,55.77863398],[-123.82411675,55.77795108],[-123.82410173,55.77725036],[-123.82408714,55.77655855],[-123.82407091,55.77578592],[-123.82405586,55.77506705],[-123.82402466,55.77435744],[-123.82400973,55.77365673],[-123.82399409,55.77291115],[-123.82397954,55.77220119],[-123.82396489,55.77151828],[-123.82393407,55.77081792],[-123.82391874,55.77009015],[-123.82390392,55.76938944],[-123.82388862,55.76866167],[-123.82387306,55.76792464],[-123.82373831,55.76723995],[-123.82348363,55.76657948],[-123.82311406,55.76593502],[-123.82274978,55.76528167],[-123.82214679,55.76566015],[-123.82179071,55.76616859],[-123.82168205,55.76680735],[-123.82169768,55.76754402],[-123.82121426,55.76790257],[-123.82045902,55.76812332],[-123.8194321,55.76820592],[-123.81831576,55.76842917],[-123.81723327,55.76875674],[-123.81618498,55.76918934],[-123.81605353,55.76858298],[-123.81580516,55.76804463],[-123.81543384,55.76756182],[-123.81505701,55.76706691],[-123.81466125,55.76643171],[-123.81425976,55.76577836],[-123.81411388,55.7651453],[-123.81422873,55.76455069],[-123.81460526,55.76401198],[-123.81484668,55.76343411],[-123.814952,55.76279962],[-123.81493754,55.76209891],[-123.8149233,55.76141601],[-123.81490825,55.76071529],[-123.81489315,55.75999642],[-123.81487877,55.75929571],[-123.81484775,55.7585772],[-123.81370624,55.75852379],[-123.81258057,55.75852201],[-123.81146984,55.75857257],[-123.81049513,55.75880151],[-123.80976433,55.75917465],[-123.80927745,55.759692],[-123.80891883,55.76031153],[-123.80843367,55.76083101],[-123.80781923,55.76115929],[-123.80695105,55.76123584],[-123.80595625,55.76115751],[-123.80484548,55.76112297],[-123.80384899,55.76088584],[-123.80310982,55.76059103],[-123.80285677,55.76017267],[-123.80296094,55.75965853],[-123.80329494,55.75908742],[-123.80362809,55.75852522],[-123.80303168,55.75792812],[-123.80255148,55.75731001],[-123.80151313,55.75716011],[-123.8006238,55.75689948],[-123.79988553,55.75652776],[-123.79911315,55.75591286],[-123.79844137,55.75639852],[-123.7979071,55.7569269],[-123.79727,55.75678519],[-123.79664264,55.75667446],[-123.79662914,55.7560008],[-123.79659957,55.7553179],[-123.79660171,55.75465315],[-123.79658777,55.75397914],[-123.79657435,55.75330549],[-123.79656045,55.75263148],[-123.79654706,55.75195783],[-123.79653319,55.75128382],[-123.79651921,55.75061017],[-123.79565719,55.75025341],[-123.79462193,55.74974176],[-123.79527961,55.74943805],[-123.79553595,55.74898693],[-123.79525823,55.74838983],[-123.79444789,55.74772116],[-123.7933725,55.74705428],[-123.79389578,55.74667651],[-123.79455344,55.74637279],[-123.79467352,55.74577284],[-123.79506302,55.74532101],[-123.79572067,55.7450173],[-123.79504309,55.74434757],[-123.79449852,55.74367748],[-123.79488741,55.74322565],[-123.79527629,55.74277382],[-123.79553143,55.74224793],[-123.79565157,55.74164798],[-123.79484952,55.74135388],[-123.79404396,55.74090953],[-123.79323575,55.74031599],[-123.79389289,55.74001192],[-123.79414922,55.73956116],[-123.79413874,55.73903705],[-123.79399518,55.73851365],[-123.79411907,55.7380636],[-123.79424106,55.73753878],[-123.79436131,55.73693883],[-123.79434773,55.73626518],[-123.79327734,55.73582261],[-123.79247187,55.73537861],[-123.79193207,55.73493283],[-123.79138743,55.73426238],[-123.79071025,55.73359301],[-123.79003325,55.73292327],[-123.78948871,55.73225283],[-123.79068291,55.73224535],[-123.79187725,55.73223752],[-123.79307158,55.73222968],[-123.79305814,55.73155603],[-123.79317853,55.73095608],[-123.79356752,55.73050425],[-123.79422447,55.73020054],[-123.79434536,55.72960095],[-123.79460005,55.72907506],[-123.79485599,55.72862394],[-123.79471316,55.7281009],[-123.79416997,55.72750522],[-123.79469448,55.72720222],[-123.79468533,55.72675324],[-123.79414282,55.72615757],[-123.79520256,55.72607603],[-123.79599388,55.72584602],[-123.79651715,55.72546825],[-123.7959728,55.7247978],[-123.79529531,55.72412842],[-123.79461863,55.72345869],[-123.79407439,55.72278824],[-123.79406055,55.72211459],[-123.79458384,55.72173682],[-123.79524073,55.72143311],[-123.79589825,55.72112939],[-123.79637419,55.72069999],[-123.79666855,55.72014491],[-123.79691577,55.71952609],[-123.79699067,55.71893647],[-123.79698699,55.71877919],[-123.79697805,55.7183974],[-123.79687789,55.7179089],[-123.79694762,55.71733957],[-123.79710293,55.71670331],[-123.79815416,55.71675956],[-123.79926949,55.71696109],[-123.7994711,55.71701635],[-123.80041127,55.71727406],[-123.80158,55.71769883],[-123.80214615,55.71725483],[-123.80247961,55.71670153],[-123.80258104,55.71603891],[-123.80371237,55.71593139],[-123.80483578,55.71576333],[-123.80481926,55.71496399],[-123.80442605,55.71418459],[-123.80415884,55.71365056],[-123.80403928,55.7134116],[-123.80365732,55.71264431],[-123.80400934,55.71196781],[-123.80436106,55.71127386],[-123.80458501,55.71055037],[-123.80468109,55.70981583],[-123.80466516,55.70902539],[-123.80465099,55.70835139],[-123.8046351,55.70756095],[-123.80449399,55.70680398],[-123.80422815,55.70608084],[-123.80384283,55.70539437],[-123.80358443,55.70469331],[-123.80344723,55.70397444],[-123.80343279,55.70327337],[-123.80454727,55.70346101],[-123.80553626,55.70341935],[-123.80627458,55.70311208],[-123.80663113,55.70256483],[-123.80673089,55.70192215],[-123.80784743,55.70204962],[-123.80897206,55.70204819],[-123.81007418,55.7019898],[-123.81117411,55.70185094],[-123.81229541,55.70168751],[-123.81342512,55.70193461],[-123.8143841,55.70214896],[-123.81509085,55.70213151],[-123.81554551,55.70188192],[-123.8166815,55.70217067],[-123.81665319,55.70158675],[-123.81665563,55.7009487],[-123.81667187,55.70018497],[-123.81667395,55.69953802],[-123.81668997,55.69876503],[-123.81670588,55.6979924],[-123.81670758,55.69731839],[-123.81670947,55.69666219],[-123.81672625,55.69592552],[-123.81674256,55.69518849],[-123.81736026,55.69479291],[-123.81773586,55.69426346],[-123.81787092,55.69359943],[-123.81787272,55.69292542],[-123.81788854,55.69216169],[-123.81789077,55.69149658],[-123.81790557,55.69070579],[-123.81790645,55.68995986],[-123.81792455,55.68931291],[-123.81792402,55.68853102],[-123.81794134,55.68784811],[-123.81807071,55.68716129],[-123.8183265,55.6864709],[-123.8187044,55.6857734],[-123.81907644,55.68507304],[-123.81909502,55.684435],[-123.81909638,55.68374283],[-123.8191138,55.68305992],[-123.8191137,55.68228729],[-123.81913168,55.68161292],[-123.81913298,55.68092111],[-123.81913507,55.68024711],[-123.8191502,55.67947447],[-123.81915249,55.67881827],[-123.81917081,55.67815316],[-123.81916982,55.67737163],[-123.81905855,55.67668552],[-123.81869696,55.67611263],[-123.81808478,55.67565368],[-123.81810097,55.67489849],[-123.81921498,55.67487321],[-123.82032969,55.67478491],[-123.82145014,55.67463359],[-123.82256347,55.67447443],[-123.82368005,55.67420419],[-123.82479901,55.67390617],[-123.82591625,55.67375983],[-123.82703049,55.67382321],[-123.82777292,55.6735786],[-123.82851048,55.67338812],[-123.82901267,55.67332794],[-123.82954896,55.67335714],[-123.82970556,55.67348781],[-123.82987184,55.67360638],[-123.83003313,55.67371319],[-123.83025888,55.67384635],[-123.83043557,55.67394427],[-123.83064499,55.67405073],[-123.83090182,55.67418354],[-123.83111085,55.67428109],[-123.83133541,55.6743694],[-123.83159194,55.6744666],[-123.83183229,55.6745549],[-123.83211987,55.67463359],[-123.8323756,55.67469483],[-123.83263091,55.67472901],[-123.83298186,55.67478064],[-123.83333741,55.674802],[-123.83379369,55.6748109],[-123.83404742,55.67479132],[-123.8343173,55.67476248],[-123.83457126,55.67473399],[-123.83480934,55.67471405],[-123.83506345,55.67470337],[-123.83544436,55.67468308],[-123.83571505,55.6746902],[-123.83600103,55.67469696],[-123.83624067,55.6747226],[-123.83649575,55.67476568],[-123.83679895,55.67480841],[-123.83708545,55.67483369],[-123.83734012,55.67484971],[-123.83762655,55.67485363],[-123.83791226,55.67483298],[-123.83819806,55.67479879],[-123.83843561,55.67477031],[-123.83872166,55.67475037],[-123.83899117,55.67473079],[-123.83924542,55.67471975],[-123.83953174,55.67470907],[-123.84010404,55.67470515],[-123.84039028,55.67472118],[-123.84064558,55.6747372],[-123.84091564,55.67474432],[-123.84150435,55.6747404],[-123.84182175,55.67472937],[-123.84242694,55.67459442],[-123.842971,55.67444595],[-123.84322111,55.67438613],[-123.84345079,55.67440144],[-123.84366131,55.67449188],[-123.84391826,55.67459798],[-123.84420613,55.67468593],[-123.84445198,55.67476817],[-123.84468816,55.67482443],[-123.84492538,55.67486965],[-123.84518055,55.67488603],[-123.84546677,55.67488389],[-123.84580032,55.6748636],[-123.84605338,55.67482586],[-123.84630691,55.67477031],[-123.84654402,55.67471477],[-123.84698731,55.67460368],[-123.84722403,55.67453923],[-123.84752465,55.67447443],[-123.84779139,55.67438755],[-123.84800564,55.67423623],[-123.84816679,55.67402046],[-123.84867135,55.67325317],[-123.84929752,55.67262901],[-123.85066049,55.67243069],[-123.85165252,55.67205256],[-123.85227313,55.67149427],[-123.85220849,55.67104422],[-123.85194155,55.67064295],[-123.85169086,55.67008146],[-123.85173004,55.66945516],[-123.85193441,55.66884275],[-123.85230772,55.66821111],[-123.85255965,55.66754352],[-123.85268655,55.66687271],[-123.85270211,55.66614459],[-123.85270282,55.66544388],[-123.85321273,55.66499881],[-123.85384579,55.66461819],[-123.85434057,55.66422938],[-123.85495855,55.66388828],[-123.85558255,55.66352475],[-123.85608552,55.66309286],[-123.85608641,55.66240995],[-123.8560865,55.66169108],[-123.85610415,55.66104378],[-123.85659957,55.66066316],[-123.85721797,55.6603623],[-123.85871117,55.66006143],[-123.85932113,55.65995944],[-123.8593287,55.65995818],[-123.86018892,55.65981433],[-123.86165233,55.65962135],[-123.86172039,55.6598154],[-123.86181983,55.6600066],[-123.86204569,55.66015757],[-123.86224557,55.66032705],[-123.86241894,55.66049653],[-123.86253268,55.66061545],[-123.86261369,55.66069271],[-123.86272692,55.66075502],[-123.86288732,55.66083763],[-123.8631362,55.66091169],[-123.8635354,55.66089602],[-123.86417793,55.66080665],[-123.86500873,55.66068203],[-123.86612962,55.66058127],[-123.86725129,55.66049831],[-123.86835884,55.66059658],[-123.86947064,55.66055278],[-123.87058606,55.66036693],[-123.87107099,55.66095477],[-123.87180721,55.66141657],[-123.87279505,55.66175304],[-123.87314177,55.66194815],[-123.87321346,55.66198861],[-123.87352468,55.66216428],[-123.87425769,55.66256341],[-123.87511934,55.66279876],[-123.87611013,55.66287069],[-123.87612683,55.66217852],[-123.87609071,55.66198607],[-123.87608306,55.66194531],[-123.87600468,55.66152944],[-123.87575905,55.66089637],[-123.87539535,55.66028503],[-123.87515725,55.65965055],[-123.87503795,55.65898758],[-123.87503917,55.65833137],[-123.87505504,55.6576036],[-123.87728725,55.65720126],[-123.87839704,55.65707629],[-123.87889881,55.65630223],[-123.87952146,55.65549577],[-123.88015429,55.65465763],[-123.88066065,55.65384333],[-123.88164812,55.65402278],[-123.88251596,55.65388499],[-123.88326268,55.65349013],[-123.88401113,55.65301943],[-123.88513106,55.65263382],[-123.88639181,55.65216668],[-123.88751455,55.65262564],[-123.8884986,55.65263667],[-123.88936098,55.65259929],[-123.889979,55.65250921],[-123.89047471,55.65232263],[-123.89122516,55.65201394],[-123.89209554,55.65186262],[-123.89308625,55.65186938],[-123.89420525,55.65191211],[-123.89530931,55.65154466],[-123.89642086,55.65128189],[-123.89753361,55.65121994],[-123.89864609,55.65130468],[-123.89975325,55.65153611],[-123.90086188,55.65181846],[-123.90135284,55.65213535],[-123.90208899,55.65236679],[-123.90307044,55.65251241],[-123.90407501,55.65210437],[-123.9048274,55.65165254],[-123.90520326,55.65111384],[-123.9054537,55.65055483],[-123.90582319,55.65004283],[-123.90643671,55.64962091],[-123.90695632,55.64941938],[-123.90700361,55.64940122],[-123.90708592,55.6493026],[-123.90712757,55.64910677],[-123.90724063,55.64873149],[-123.90757989,55.64819278],[-123.90807349,55.64780077],[-123.90881546,55.64750062],[-123.90980441,55.64729268],[-123.91085466,55.64712925],[-123.91157659,55.64703775],[-123.91203298,55.64700072],[-123.91314485,55.64698221],[-123.91413671,55.64672834],[-123.91500819,55.64623841],[-123.91575583,55.64581863],[-123.91650109,55.64554447],[-123.91724573,55.6453732],[-123.91798932,55.64509014],[-123.918858,55.64469706],[-123.91972378,55.64421034],[-123.92058892,55.64369869],[-123.92120794,55.64320876],[-123.92182591,55.64275978],[-123.92244281,55.64235174],[-123.92330922,55.64209396],[-123.92430193,55.64182586],[-123.92529483,55.64163857],[-123.92616158,55.64149437],[-123.92690292,55.64148262],[-123.92776587,55.64153603],[-123.92855282,55.6416699],[-123.92926651,55.64178242],[-123.92957051,55.64179096],[-123.9299318,55.64169518],[-123.93035089,55.64149544],[-123.93097614,55.64105358],[-123.93209909,55.64040093],[-123.93321915,55.63990531],[-123.93428374,55.63956065],[-123.93522257,55.63940256],[-123.9360351,55.63941752],[-123.93682555,55.63948232],[-123.93766597,55.63956172],[-123.93862438,55.63955139],[-123.93923235,55.63943888],[-123.93973014,55.63935236],[-123.94011663,55.63929147],[-123.94053127,55.63933919],[-123.94093457,55.63938191],[-123.94132763,55.63942001],[-123.94182114,55.63933313],[-123.94218645,55.6392516],[-123.94242909,55.6391309],[-123.94286451,55.6390458],[-123.9434229,55.6389226],[-123.94407622,55.63884178],[-123.94456381,55.63872393],[-123.94492992,55.63861035],[-123.94519395,55.63834188],[-123.94547028,55.63794132],[-123.9465912,55.63765399],[-123.94769619,55.63736701],[-123.94815046,55.63723385],[-123.94856309,55.63709072],[-123.94884645,55.6369807],[-123.94960216,55.63692088],[-123.9501209,55.63683222],[-123.95036456,55.63675033],[-123.95045814,55.63667663],[-123.95052698,55.63662322],[-123.95069359,55.63649006],[-123.95074895,55.63639072],[-123.9508463,55.63623726],[-123.95095306,55.63606564],[-123.95107456,55.63584026],[-123.95124615,55.63561417],[-123.95141108,55.63537241],[-123.95145228,55.63509932],[-123.95125631,55.63479631],[-123.95131396,55.63457129],[-123.95136922,55.63421132],[-123.95142814,55.63403116],[-123.95150346,55.633851],[-123.95162596,55.63366122],[-123.95179549,55.63346219],[-123.95198209,55.63328131],[-123.95218415,55.63311788],[-123.95235476,55.63294591],[-123.95254128,55.63277358],[-123.95271149,55.63259271],[-123.9528825,55.63242963],[-123.95309988,55.63223915],[-123.9533823,55.63207501],[-123.95369591,55.63192012],[-123.95401001,55.63175563],[-123.95422828,55.63167908],[-123.9544007,55.63179479],[-123.95452628,55.63210207],[-123.95493271,55.6315979],[-123.95513975,55.63120695],[-123.95514929,55.63092923],[-123.95535202,55.63078396],[-123.95560173,55.63061128],[-123.95580522,55.63046565],[-123.95603988,55.63032928],[-123.95650862,55.63001987],[-123.95672729,55.62984754],[-123.95692956,55.62967521],[-123.957148,55.62951179],[-123.95738347,55.62941814],[-123.9575847,55.62934159],[-123.95775093,55.62928249],[-123.95784571,55.62911087],[-123.95794995,55.62890934],[-123.95806427,55.62867791],[-123.95815491,55.62847069],[-123.95819761,55.62826347],[-123.95832289,55.62805802],[-123.95849826,55.62786184],[-123.95874435,55.62768702],[-123.95903693,55.62752929],[-123.95930488,55.62742817],[-123.95968219,55.62728147],[-123.95994949,55.62718035],[-123.96034365,55.62706072],[-123.96070628,55.62694109],[-123.96108439,55.6268122],[-123.96180832,55.62655477],[-123.96213905,55.62644439],[-123.96245423,55.62632512],[-123.96276918,55.62621474],[-123.96336661,55.62597654],[-123.96369733,55.62586617],[-123.96404354,55.62574653],[-123.96440574,55.625618],[-123.96478365,55.6254713],[-123.96517724,55.62533315],[-123.9655552,55.62520462],[-123.96588523,55.62507608],[-123.96618882,55.6249358],[-123.96645718,55.624777],[-123.96669972,55.62461144],[-123.96707252,55.62426713],[-123.96729133,55.62411261],[-123.96755775,55.62397553],[-123.96787187,55.62384735],[-123.96853235,55.62357248],[-123.9688307,55.6234443],[-123.96914504,55.62330722],[-123.96944316,55.62314308],[-123.96972447,55.62297004],[-123.97000601,55.62278809],[-123.97025611,55.62264247],[-123.97052315,55.62250539],[-123.97080577,55.62239537],[-123.97113663,55.6222679],[-123.97146586,55.6221148],[-123.97179373,55.62187553],[-123.97201248,55.62174771],[-123.97221537,55.62159354],[-123.97240141,55.62141231],[-123.97266717,55.62123036],[-123.97290218,55.6211029],[-123.9732001,55.62096582],[-123.97349906,55.62083764],[-123.97381288,55.6207002],[-123.97409525,55.62055422],[-123.97436146,55.62039934],[-123.97454795,55.62024517],[-123.97470232,55.62006429],[-123.97464761,55.61976806],[-123.97464588,55.61907625],[-123.97464606,55.6184293],[-123.97466193,55.6177909],[-123.97466111,55.61713505],[-123.97479518,55.61648597],[-123.97492593,55.61592376],[-123.97517651,55.61550931],[-123.97530294,55.61511801],[-123.97567398,55.61478653],[-123.97616697,55.61445433],[-123.97690848,55.61406196],[-123.97765044,55.61366674],[-123.97839279,55.61337514],[-123.97913495,55.61314548],[-123.97915056,55.61248963],[-123.97853116,55.61214498],[-123.97818069,55.61174121],[-123.97809901,55.6112787],[-123.97820806,55.61099635],[-123.97773619,55.61053882],[-123.97716786,55.61001329],[-123.97650196,55.6094194],[-123.97564044,55.60953013],[-123.97467971,55.60954686],[-123.97361926,55.60946924],[-123.97250766,55.60944503],[-123.9713948,55.60953369],[-123.97028281,55.6095636],[-123.96917268,55.60946248],[-123.96806682,55.60918084],[-123.9675775,55.60859051],[-123.96696484,55.60806604],[-123.96635709,55.60759178],[-123.96587264,55.60711324],[-123.96475469,55.6067725],[-123.96363966,55.60661157],[-123.96252312,55.60668847],[-123.96140767,55.60694163],[-123.9609238,55.60633242],[-123.96031453,55.6057282],[-123.95957982,55.60511081],[-123.95884559,55.60450552],[-123.95811121,55.60391233],[-123.95699957,55.60386712],[-123.9571273,55.60325114],[-123.95725619,55.60269179],[-123.95738724,55.60218975],[-123.95726256,55.60172048],[-123.95714334,55.60117393],[-123.95702992,55.60055084],[-123.95702903,55.59987719],[-123.95815575,55.59922134],[-123.95843537,55.59881758],[-123.95849563,55.59846865],[-123.95845879,55.5981215],[-123.95842119,55.59773661],[-123.95840538,55.59708076],[-123.95854452,55.59642348],[-123.95882418,55.59581926],[-123.9592439,55.59525599],[-123.95952901,55.5946507],[-123.95967932,55.5940155],[-123.95974185,55.59374846],[-123.95984101,55.59349282],[-123.96004002,55.5932596],[-123.96031687,55.59303707],[-123.96060205,55.59281917],[-123.96080849,55.59268066],[-123.96096479,55.59258453],[-123.96107157,55.59253076],[-123.96153594,55.59243143],[-123.96199802,55.59229007],[-123.96245719,55.59210671],[-123.96278653,55.59193331],[-123.96300596,55.5918418],[-123.96326573,55.59141739],[-123.9628744,55.59078824],[-123.96255011,55.59028764],[-123.96229237,55.5899152],[-123.96279966,55.58987853],[-123.96324231,55.589818],[-123.96274167,55.58932558],[-123.96210734,55.5888385],[-123.96103089,55.58828983],[-123.96088792,55.58806622],[-123.96068687,55.58784298],[-123.96045945,55.58761119],[-123.96035765,55.58734237],[-123.9602998,55.58714512],[-123.96017721,55.58697065],[-123.9600111,55.58680295],[-123.95976758,55.58658042],[-123.95955612,55.58635148],[-123.95834679,55.58600824],[-123.95748425,55.58555677],[-123.95696863,55.5849967],[-123.95657574,55.58516155],[-123.95597147,55.58501628],[-123.95536495,55.58488027],[-123.95485055,55.58468266],[-123.95439288,55.58439568],[-123.95404085,55.58399512],[-123.95350946,55.58337915],[-123.95283723,55.58278241],[-123.95292961,55.58265565],[-123.95182941,55.58242173],[-123.95068446,55.58209202],[-123.94965257,55.58177976],[-123.94872819,55.58144828],[-123.94846283,55.58119584],[-123.94819283,55.58094731],[-123.94788494,55.58076679],[-123.94739597,55.58073582],[-123.94684392,55.58077285],[-123.94608979,55.58072692],[-123.94516406,55.58048836],[-123.9440656,55.58017254],[-123.9429635,55.57986634],[-123.94184166,55.57960535],[-123.94074258,55.57941024],[-123.93977592,55.57923791],[-123.93894231,55.57908836],[-123.93860769,55.57911186],[-123.9383466,55.57917382],[-123.93828384,55.57882809],[-123.93826809,55.57852758],[-123.93831482,55.57843643],[-123.93837286,55.57834208],[-123.93852038,55.57825093],[-123.93876729,55.57817331],[-123.93920291,55.57805012],[-123.93967548,55.57790271],[-123.9400105,55.57775922],[-123.94032861,55.57749823],[-123.94057432,55.57716782],[-123.94068009,55.57680464],[-123.94061719,55.57652372],[-123.94043582,55.57632718],[-123.94018228,55.57609859],[-123.9399652,55.5758636],[-123.93975943,55.57582514],[-123.93946066,55.5757696],[-123.93908521,55.57561792],[-123.93871237,55.57528608],[-123.93837492,55.57480043],[-123.93823075,55.57431335],[-123.93816064,55.57409437],[-123.93812581,55.57390175],[-123.9380898,55.57372052],[-123.9379542,55.57351472],[-123.93766492,55.57333207],[-123.93727844,55.5731665],[-123.93683026,55.57300913],[-123.9362872,55.57275384],[-123.93577601,55.57246294],[-123.93586361,55.57237535],[-123.93593007,55.57228207],[-123.936036,55.57206559],[-123.93610803,55.57175974],[-123.93613372,55.57150765],[-123.93605535,55.57132856],[-123.9359474,55.57107683],[-123.93588609,55.5708778],[-123.93589142,55.57065598],[-123.93594848,55.57036793],[-123.93592643,55.57012546],[-123.93596888,55.56990043],[-123.93607445,55.56967505],[-123.93619476,55.56940445],[-123.93625144,55.56912566],[-123.93628433,55.5689455],[-123.93632325,55.56881056],[-123.93633787,55.56874754],[-123.93636634,55.56860369],[-123.93651965,55.56838686],[-123.93663601,55.56810023],[-123.93672653,55.56775593],[-123.9369478,55.56727206],[-123.93724377,55.56682343],[-123.93733959,55.5664834],[-123.93739195,55.56616651],[-123.93745554,55.56587135],[-123.93759536,55.56561071],[-123.9377483,55.56538498],[-123.93793349,55.56515888],[-123.93807804,55.56486443],[-123.9381618,55.56454612],[-123.93825905,55.56420075],[-123.9383701,55.56396931],[-123.93845075,55.56381087],[-123.93850151,55.56372577],[-123.93853333,55.56348579],[-123.9386016,55.56325756],[-123.93869069,55.56301438],[-123.93874817,55.56275339],[-123.93876835,55.56263625],[-123.93880578,55.56251021],[-123.93887242,55.56227308],[-123.93897931,55.56203274],[-123.93906259,55.5617504],[-123.93908109,55.56142995],[-123.93879083,55.56122557],[-123.93909418,55.56108244],[-123.93927691,55.56098809],[-123.93933902,55.56094251],[-123.93944674,55.56078905],[-123.93952331,55.56061494],[-123.93958563,55.56041057],[-123.93955654,55.56008122],[-123.93942055,55.55978784],[-123.93917841,55.55953005],[-123.93870674,55.5592502],[-123.9382308,55.55900132],[-123.93810325,55.55876169],[-123.93774617,55.55848682],[-123.93708277,55.55821123],[-123.9362394,55.55794704],[-123.93605854,55.55767894],[-123.93595238,55.55742792],[-123.93587228,55.557168],[-123.93575511,55.55691449],[-123.93557519,55.55668519],[-123.93541379,55.55670229],[-123.93523617,55.55670585],[-123.93504195,55.55669516],[-123.93448472,55.55653565],[-123.93385438,55.55630885],[-123.9328327,55.5559382],[-123.93184305,55.55551841],[-123.93141889,55.55523321],[-123.93099036,55.55505661],[-123.93055732,55.55498896],[-123.9304394,55.55424695],[-123.93036327,55.55356689],[-123.93020694,55.55291887],[-123.92997034,55.55229151],[-123.92973322,55.5516524],[-123.92927374,55.55136435],[-123.92883339,55.5511201],[-123.92882338,55.55093068],[-123.92873254,55.55065474],[-123.92856011,55.55029263],[-123.9281048,55.54988353],[-123.92768158,55.54955347],[-123.92730025,55.54938541],[-123.92708139,55.54919741],[-123.92690361,55.54905998],[-123.92675675,55.54888943],[-123.92652624,55.54873846],[-123.92644029,55.54845148],[-123.92633259,55.54815561],[-123.92628819,55.54791634],[-123.92632837,55.54774223],[-123.92640958,55.54758592],[-123.92642165,55.54743923],[-123.92643073,55.54728719],[-123.92650403,55.54713017],[-123.92660643,55.54682967],[-123.92657835,55.54653628],[-123.92642041,55.54625001],[-123.92583085,55.5461197],[-123.92491764,55.54594381],[-123.92428273,55.54590571],[-123.92371767,55.54590215],[-123.92354908,55.54547774],[-123.92351189,55.54523455],[-123.92352105,55.54496894],[-123.92353394,55.54482509],[-123.92352724,55.54454666],[-123.92349184,55.54437611],[-123.92340417,55.54424508],[-123.92332228,55.54413186],[-123.92325378,55.54400831],[-123.92319402,55.54385698],[-123.92323742,55.54368608],[-123.92327763,55.54358104],[-123.9233496,55.54349168],[-123.92342004,55.54336029],[-123.92341177,55.54316161],[-123.92328788,55.54290989],[-123.92296937,55.54261258],[-123.92266828,55.5423783],[-123.92220681,55.54186274],[-123.92150424,55.54140663],[-123.92056043,55.54101035],[-123.92060715,55.54031818],[-123.92062236,55.53959005],[-123.91951594,55.53956264],[-123.91849639,55.53941523],[-123.91756394,55.53914891],[-123.91700801,55.53886228],[-123.91734593,55.53863227],[-123.91769499,55.53842576],[-123.91734681,55.5377546],[-123.91740884,55.53702612],[-123.91745493,55.53628019],[-123.91754789,55.53597683],[-123.91770952,55.53573401],[-123.91785917,55.53549616],[-123.91796977,55.53524693],[-123.91802664,55.53496387],[-123.91801496,55.53469718],[-123.91805004,55.53448248],[-123.91809107,55.53433436],[-123.91824368,55.53409047],[-123.91830873,55.53385832],[-123.91825994,55.53357028],[-123.91809682,55.53322597],[-123.9179015,55.53277201],[-123.91775232,55.53227318],[-123.91761673,55.5318128],[-123.91725055,55.53136809],[-123.916548,55.53096718],[-123.91564267,55.53057837],[-123.91558519,55.53037221],[-123.9154264,55.5302006],[-123.91516647,55.53008274],[-123.91484796,55.5300094],[-123.91461518,55.52999302],[-123.9143423,55.52983351],[-123.91402024,55.52960207],[-123.91366572,55.52944221],[-123.91331392,55.5292211],[-123.9126073,55.52881306],[-123.91180282,55.5282797],[-123.91178756,55.52760604],[-123.91180238,55.52688682],[-123.91062656,55.52672481],[-123.91039746,55.52617258],[-123.91011035,55.52565025],[-123.9101677,55.52538926],[-123.91022564,55.52514643],[-123.91029819,55.52484913],[-123.91035622,55.52462411],[-123.91034889,55.52431861],[-123.91032736,55.52405834],[-123.91032567,55.52397751],[-123.91030364,55.52371688],[-123.91031709,55.5236179],[-123.91023587,55.52336404],[-123.910053,55.52308988],[-123.90977036,55.52279542],[-123.90944778,55.52232152],[-123.90891117,55.52179242],[-123.9081182,55.52128896],[-123.90706872,55.5208115],[-123.90580868,55.52042554],[-123.90470317,55.52055941],[-123.90475041,55.51987615],[-123.90469072,55.51927157],[-123.90450768,55.51872788],[-123.90421092,55.51822976],[-123.90392495,55.51771669],[-123.90365083,55.51705657],[-123.90336134,55.51639396],[-123.90316782,55.51570749],[-123.90308678,55.51500001],[-123.90316634,55.51433455],[-123.90280188,55.51384604],[-123.90244181,55.51335434],[-123.90208726,55.51285978],[-123.90140192,55.51219681],[-123.90070926,55.51169371],[-123.89999717,55.51130668],[-123.89938373,55.51104747],[-123.89902391,55.51083847],[-123.89889029,55.51062662],[-123.89886415,55.51040017],[-123.89879673,55.51022713],[-123.89876181,55.51006441],[-123.89875286,55.50991594],[-123.89874002,55.50973506],[-123.89852981,55.50946731],[-123.89812204,55.50911162],[-123.89760692,55.50850526],[-123.89719132,55.5078544],[-123.89677236,55.50731533],[-123.89636419,55.50675811],[-123.89596539,55.50618309],[-123.89501144,55.50599723],[-123.89424967,55.50590999],[-123.89367958,55.50592103],[-123.89334088,55.50580781],[-123.89300463,55.50562444],[-123.8923823,55.50541829],[-123.89147366,55.50522424],[-123.89031746,55.5049661],[-123.88938648,55.50456875],[-123.88872272,55.5041632],[-123.8883268,55.50374947],[-123.88785073,55.50369927],[-123.88772861,55.50343828],[-123.88734579,55.50316376],[-123.88663879,55.50291809],[-123.8857532,55.5026628],[-123.88495819,55.50242211],[-123.88431713,55.50215222],[-123.88458226,55.50197953],[-123.88477029,55.5018275],[-123.88493075,55.50168828],[-123.88517606,55.50154586],[-123.88564498,55.50136962],[-123.8861033,55.50126173],[-123.88655563,55.50119551],[-123.88700185,55.50117129],[-123.88742922,55.50114708],[-123.88782332,55.50109332],[-123.88825776,55.50091351],[-123.88858823,55.50069027],[-123.88888586,55.5004478],[-123.88899339,55.50031214],[-123.88910162,55.50019429],[-123.8892399,55.50000487],[-123.88935136,55.49988025],[-123.8895341,55.49972394],[-123.89000284,55.49944195],[-123.88933904,55.4995007],[-123.88923657,55.49916921],[-123.88922007,55.49889363],[-123.88913487,55.49863976],[-123.88904667,55.49846067],[-123.88888536,55.49825594],[-123.88877136,55.49802628],[-123.88862807,55.49775355],[-123.88843857,55.49745553],[-123.88820121,55.49701082],[-123.88791376,55.49649383],[-123.8874264,55.49609612],[-123.88673926,55.49581733],[-123.8870831,55.49560833],[-123.88736339,55.49541749],[-123.88767552,55.49521739],[-123.88805607,55.49499628],[-123.88835125,55.49476022],[-123.88856189,55.49451027],[-123.88879238,55.49419409],[-123.88896115,55.493968],[-123.88896042,55.49369241],[-123.8886885,55.49340294],[-123.88814491,55.49309923],[-123.88743904,55.49267019],[-123.88710267,55.49241597],[-123.88686714,55.49219201],[-123.88673246,55.49199832],[-123.88653508,55.49166719],[-123.88629193,55.49139944],[-123.88614462,55.49118474],[-123.88604473,55.49096114],[-123.8859762,55.49072792],[-123.88597331,55.49052497],[-123.88602698,55.49033021],[-123.88613697,55.49014257],[-123.88634173,55.48986556],[-123.8864881,55.4895558],[-123.88635032,55.48914349],[-123.88601481,55.48877142],[-123.88548142,55.48843993],[-123.88670894,55.48813444],[-123.88746888,55.4881291],[-123.88855789,55.488232],[-123.88956754,55.48831745],[-123.89051758,55.48833739],[-123.89143452,55.48831602],[-123.89238415,55.48830605],[-123.89327801,55.48840824],[-123.89407129,55.48858235],[-123.89476488,55.48882767],[-123.89557804,55.48887182],[-123.89653645,55.4887999],[-123.89773547,55.48862045],[-123.89846347,55.48807782],[-123.8990553,55.48750529],[-123.90012856,55.48738958],[-123.9007262,55.48708266],[-123.90109883,55.48667462],[-123.90131556,55.48624059],[-123.90158378,55.48590626],[-123.90201025,55.48570438],[-123.90246521,55.48553134],[-123.90275359,55.48530133],[-123.90287573,55.48501506],[-123.90271191,55.48479751],[-123.90258073,55.48457676],[-123.90240858,55.4839761],[-123.9022995,55.48335693],[-123.90248329,55.48293999],[-123.90243151,55.48252127],[-123.90226906,55.48203099],[-123.90211389,55.48147127],[-123.9011461,55.48118786],[-123.90028552,55.48084961],[-123.8996421,55.48038318],[-123.89910879,55.47989681],[-123.89871146,55.47937555],[-123.89825981,55.47875887],[-123.89766378,55.47821695],[-123.89708101,55.47770104],[-123.89639902,55.47723888],[-123.89573637,55.47678527],[-123.89495604,55.47633878],[-123.8939955,55.47619849],[-123.89346766,55.47607494],[-123.89304951,55.47595531],[-123.89298118,55.47593537],[-123.89288116,55.47590475],[-123.89273046,55.47586381],[-123.89269261,55.47584956],[-123.892639,55.47582891],[-123.8925709,55.47580185],[-123.89241173,55.47573563],[-123.89229213,55.47568898],[-123.89219485,55.47563985],[-123.89211259,55.47559249],[-123.89187529,55.47549102],[-123.89154616,55.47531976],[-123.89115358,55.47502957],[-123.89080417,55.47462581],[-123.89053841,55.47407357],[-123.89027781,55.47350638],[-123.89002188,55.47292388],[-123.89010257,55.47229438],[-123.89021512,55.47165562],[-123.88980991,55.47139677],[-123.88955808,55.47113116],[-123.88945912,55.47085842],[-123.88949861,55.47051341],[-123.88961077,55.47010537],[-123.88954426,55.46996188],[-123.88937941,55.46967277],[-123.88924608,55.46938009],[-123.88920926,55.46912872],[-123.88929712,55.46883747],[-123.88941947,55.46841448],[-123.88957597,55.46785904],[-123.88971096,55.46752541],[-123.89017339,55.46724663],[-123.89058347,55.46694398],[-123.89093267,55.46698635],[-123.89166128,55.46703513],[-123.89163724,55.46669368],[-123.89167673,55.46633406],[-123.89205435,55.46632231],[-123.89241045,55.46619698],[-123.89264421,55.46596875],[-123.89289804,55.46570314],[-123.8932419,55.46544999],[-123.89377601,55.46519861],[-123.89439798,55.46496041],[-123.89474481,55.46483793],[-123.89504094,55.46471011],[-123.89511075,55.46453564],[-123.89522195,55.46434017],[-123.89539818,55.46411942],[-123.8954862,55.46388798],[-123.89548574,55.46364658],[-123.89526842,55.46335035],[-123.89498749,55.46304806],[-123.89467987,55.46273687],[-123.89431123,55.46252359],[-123.89400676,55.46234913],[-123.89379685,55.46216398],[-123.89367602,55.46170075],[-123.89359414,55.46136286],[-123.89361284,55.4610182],[-123.89365243,55.46067639],[-123.89367861,55.46042466],[-123.8937661,55.4601003],[-123.89379484,55.45998351],[-123.89416488,55.45969832],[-123.89437995,55.45942416],[-123.89449125,55.45913575],[-123.89457571,55.45882741],[-123.89476071,55.45855468],[-123.89499663,55.45833713],[-123.89519658,55.4581591],[-123.8954364,55.45797538],[-123.8956217,55.45769374],[-123.89597359,55.4573384],[-123.89628952,55.45692004],[-123.89662625,55.4565031],[-123.89679949,55.45625921],[-123.89690085,55.45606979],[-123.89696369,55.45583052],[-123.89705898,55.45553642],[-123.89718625,55.45518713],[-123.89720718,55.45485636],[-123.89716573,55.45451313],[-123.89703416,55.45428953],[-123.89693317,55.4539997],[-123.89701152,55.45367961],[-123.89724923,55.45337447],[-123.89764455,55.45308393],[-123.89794118,55.45290591],[-123.89812197,55.45274497],[-123.89812125,55.45256303],[-123.89816109,55.452385],[-123.89827537,55.45207595],[-123.89840323,55.45175123],[-123.89854488,55.45141191],[-123.89859302,55.45105301],[-123.89846582,55.45069945],[-123.89815289,55.4503993],[-123.89773055,55.45014187],[-123.89758367,55.44992717],[-123.8978014,55.449773],[-123.89828185,55.44957254],[-123.89882221,55.44938277],[-123.89942248,55.44920367],[-123.89990372,55.44896049],[-123.90014368,55.44863328],[-123.90033715,55.44826548],[-123.90052177,55.44788486],[-123.90097055,55.44754198],[-123.90136242,55.44707982],[-123.90174854,55.44652687],[-123.90202307,55.44584183],[-123.90219927,55.44509768],[-123.90226213,55.44431223],[-123.90232996,55.44367489],[-123.90251237,55.44304646],[-123.9029802,55.44252093],[-123.90357863,55.44211396],[-123.90430751,55.44182591],[-123.90493314,55.4412103],[-123.90523507,55.44082825],[-123.90543292,55.44057759],[-123.90567232,55.44009906],[-123.90592449,55.43978573],[-123.90611084,55.43964937],[-123.90638324,55.4395486],[-123.90682784,55.43943751],[-123.90752211,55.43930399],[-123.90704805,55.4388575],[-123.90645939,55.43846727],[-123.90645982,55.43777546],[-123.90654094,55.43736066],[-123.9066043,55.43703736],[-123.90688157,55.43641534],[-123.90739598,55.43588945],[-123.90794413,55.43536392],[-123.908571,55.43490105],[-123.90917136,55.43448732],[-123.90961959,55.43420746],[-123.90997097,55.43391514],[-123.91010415,55.43359469],[-123.90997458,55.43322013],[-123.91092718,55.43320233],[-123.91170552,55.43313361],[-123.91227597,55.43304424],[-123.91279192,55.4329627],[-123.91346415,55.432795],[-123.91402618,55.43256001],[-123.91439032,55.43228656],[-123.91466852,55.43203091],[-123.91490465,55.43183544],[-123.91516898,55.43164495],[-123.91549527,55.43139963],[-123.91593419,55.43123478],[-123.91652968,55.43104144],[-123.91692458,55.43094994],[-123.91737192,55.43092252],[-123.91787156,55.43095955],[-123.91836362,55.43067329],[-123.91887777,55.43045004],[-123.91934051,55.43027059],[-123.91972658,55.43009791],[-123.92002704,55.42987715],[-123.92031545,55.42967135],[-123.92063567,55.42940432],[-123.9209883,55.42907604],[-123.92150169,55.42896851],[-123.92199406,55.42884389],[-123.92250543,55.42892685],[-123.92325255,55.42888839],[-123.92411484,55.42867512],[-123.92497453,55.42834826],[-123.92541847,55.42811825],[-123.92577289,55.42795269],[-123.92605175,55.42786261],[-123.92623553,55.42770345],[-123.92638734,55.42749872],[-123.92590019,55.42694506],[-123.92527156,55.42641988],[-123.92453462,55.42598514],[-123.9237817,55.4255415],[-123.92308512,55.42503164],[-123.92236994,55.4246236],[-123.92175838,55.42431775],[-123.9211554,55.42405142],[-123.9206646,55.42386343],[-123.92020304,55.42362737],[-123.91995332,55.42332365],[-123.91973072,55.42303098],[-123.91954251,55.42271587],[-123.91924084,55.42248337],[-123.91904351,55.42223413],[-123.91894338,55.42200127],[-123.91896825,55.42170468],[-123.91893113,55.42147111],[-123.9178102,55.42166552],[-123.9167629,55.4218528],[-123.91589307,55.42195748],[-123.91503001,55.42191796],[-123.91439308,55.42177874],[-123.91387837,55.42161709],[-123.91354873,55.42148144],[-123.91321395,55.42134934],[-123.91294029,55.42119873],[-123.91274022,55.42105738],[-123.91261436,55.42092528],[-123.91176809,55.4209057],[-123.91077661,55.42092422],[-123.90920565,55.42109477],[-123.9088357,55.42079568],[-123.90820287,55.42053078],[-123.90730714,55.42030006],[-123.90513231,55.41983078],[-123.90493394,55.41945479],[-123.9049288,55.41923938],[-123.90497214,55.41905921],[-123.90506316,55.41889685],[-123.90517001,55.41873414],[-123.90529368,55.41860738],[-123.90546421,55.41845357],[-123.90564526,55.41832931],[-123.90573053,55.41820291],[-123.90581341,55.41808434],[-123.90578311,55.41789991],[-123.90587987,55.41768058],[-123.90588666,55.41736298],[-123.90602262,55.41707636],[-123.90612418,55.41678297],[-123.9063046,55.41652412],[-123.90633538,55.41632616],[-123.90629924,55.41614065],[-123.9061973,55.41596797],[-123.90590746,55.41573618],[-123.90567082,55.41552255],[-123.90548601,55.41527224],[-123.90486847,55.41520495],[-123.9044693,55.41501909],[-123.9039783,55.41503653],[-123.90346005,55.41509849],[-123.90280217,55.41480474],[-123.9022921,55.41444193],[-123.90177343,55.41386797],[-123.90121652,55.41344961],[-123.90074114,55.41324523],[-123.90036728,55.41317723],[-123.90009859,55.41315515],[-123.89986093,55.41312097],[-123.89963894,55.41308679],[-123.89941678,55.41304335],[-123.8991633,55.41300953],[-123.89890964,55.41296645],[-123.89867199,55.41295007],[-123.89840347,55.41293405],[-123.89819588,55.41282865],[-123.89796058,55.41267982],[-123.89769847,55.41248684],[-123.89702168,55.41222443],[-123.89625086,55.41203644],[-123.89555244,55.41189473],[-123.89524369,55.41144646],[-123.89481466,55.41100923],[-123.89424792,55.41063608],[-123.89368448,55.4103986],[-123.89319827,55.41023054],[-123.89277387,55.4100956],[-123.89234923,55.40994997],[-123.89184117,55.40983675],[-123.89130161,55.40972388],[-123.89079485,55.40965587],[-123.89036628,55.40955119],[-123.8902545,55.40951594],[-123.89024692,55.40941732],[-123.89018941,55.40918695],[-123.8900812,55.4088252],[-123.88990679,55.40832032],[-123.88965261,55.40801162],[-123.88937815,55.40775206],[-123.88915269,55.40756513],[-123.88909696,55.40728492],[-123.88907685,55.40699046],[-123.88858181,55.40675155],[-123.88782342,55.40675689],[-123.88673921,55.40674692],[-123.88585518,55.40679001],[-123.88494923,55.4068395],[-123.88402073,55.4068954],[-123.88333697,55.40686513],[-123.88281768,55.40678431],[-123.88251421,55.4066337],[-123.88188762,55.40662907],[-123.88131465,55.40665115],[-123.88094,55.40637521],[-123.88046961,55.40605832],[-123.88023791,55.40574855],[-123.88016606,55.40543736],[-123.88018255,55.40475445],[-123.88024574,55.40405303],[-123.88069619,55.40346555],[-123.88129214,55.40296209],[-123.88182651,55.40253981],[-123.88233379,55.40224073],[-123.88251045,55.4019598],[-123.88254071,55.40169098],[-123.88241777,55.4014421],[-123.88237822,55.40123203],[-123.88234268,55.40105044],[-123.88237076,55.40089236],[-123.88225908,55.40069368],[-123.88214858,55.40045477],[-123.88203851,55.40017598],[-123.88197191,55.39999688],[-123.8819219,55.3998801],[-123.88175737,55.39960273],[-123.88170833,55.39950446],[-123.88151293,55.39924526],[-123.88099595,55.39896647],[-123.88058233,55.39859582],[-123.88017541,55.39851499],[-123.87962229,55.39848295],[-123.87894299,55.39840604],[-123.87813829,55.39828392],[-123.87706851,55.39796917],[-123.87600116,55.39755935],[-123.87495744,55.3969918],[-123.87555152,55.39665818],[-123.87591514,55.39618819],[-123.87604691,55.39558219],[-123.87606433,55.39491709],[-123.87608084,55.39424308],[-123.87608809,55.39394926],[-123.8760975,55.39356871],[-123.87611434,55.39290361],[-123.8762472,55.39233855],[-123.87649592,55.39184649],[-123.87686552,55.39140961],[-123.8772256,55.3909617],[-123.87753278,55.39056612],[-123.87784533,55.39027131],[-123.8783252,55.39007513],[-123.87727314,55.38961547],[-123.87621229,55.38925763],[-123.87514767,55.38893861],[-123.87407851,55.38865875],[-123.87517866,55.38842625],[-123.87587794,55.38816064],[-123.87647868,55.38780494],[-123.87708454,55.38743607],[-123.87769904,55.38700133],[-123.87843703,55.38656979],[-123.87917821,55.38608805],[-123.87965444,55.38555255],[-123.88000379,55.3850936],[-123.88011693,55.38473933],[-123.88033275,55.38444345],[-123.88043789,55.38419208],[-123.88054141,55.38395779],[-123.88048876,55.38373348],[-123.88039991,55.38351522],[-123.88028287,55.38334859],[-123.88012178,55.38319371],[-123.87996042,55.38303953],[-123.87981074,55.38288109],[-123.87966524,55.38272158],[-123.87952594,55.38256064],[-123.87939603,55.3823965],[-123.87926599,55.38223272],[-123.87912544,55.38207178],[-123.87892569,55.38193257],[-123.87870049,55.38180724],[-123.87846404,55.38168832],[-123.87823912,55.38156227],[-123.87801191,55.3814373],[-123.87780681,55.38130058],[-123.87762822,55.3811521],[-123.87748908,55.38099081],[-123.87740312,55.38081848],[-123.87736881,55.38063903],[-123.87737147,55.38045958],[-123.87738291,55.38028013],[-123.87740863,55.38010103],[-123.87745399,55.37992301],[-123.87749085,55.37974427],[-123.87746553,55.37956589],[-123.8774235,55.37938857],[-123.87745299,55.37920948],[-123.87745211,55.3790311],[-123.87738273,55.37885485],[-123.8773563,55.37867611],[-123.87735487,55.37849595],[-123.87746001,55.37832861],[-123.87757183,55.37816019],[-123.87774951,55.37801421],[-123.87794732,55.37787286],[-123.87810094,55.3777162],[-123.87818163,55.37754244],[-123.87817317,55.37736264],[-123.87809732,55.37718853],[-123.87801584,55.37701442],[-123.87797146,55.37683675],[-123.87796287,55.3766573],[-123.87796068,55.37647749],[-123.8779709,55.37629804],[-123.87777634,55.37623431],[-123.87745361,55.3762311],[-123.87713947,55.37621223],[-123.87683114,55.3761752],[-123.87652855,55.37612179],[-123.87624054,55.37605023],[-123.87596911,55.37595694],[-123.87569645,55.37586686],[-123.87542239,55.37577713],[-123.87515181,55.37568492],[-123.87487865,55.37559128],[-123.87461238,55.37549123],[-123.87441586,55.37535842],[-123.87430544,55.37518466],[-123.87409807,55.37505399],[-123.87382881,55.37495359],[-123.87354006,55.37488558],[-123.87322923,55.37484855],[-123.87291633,55.37481686],[-123.87260296,55.37479123],[-123.87229028,55.37476381],[-123.87198717,55.37471824],[-123.87169328,55.37465379],[-123.87140438,55.37457973],[-123.87111653,55.3745046],[-123.87083555,55.37442307],[-123.87055027,55.37434616],[-123.87026485,55.37426961],[-123.86997811,55.37419484],[-123.86969005,55.37411544],[-123.86939479,55.37406096],[-123.86908732,55.37408624],[-123.86877536,55.3741311],[-123.86846386,55.37416351],[-123.8681518,55.37419092],[-123.86783825,55.37420766],[-123.86752286,55.374213],[-123.86720683,55.37421193],[-123.86689122,55.37420659],[-123.86657643,55.37419591],[-123.86626082,55.37419697],[-123.86594506,55.37418879],[-123.86562909,55.37417953],[-123.86531387,55.37416671],[-123.86500115,55.37414748],[-123.86469611,55.37410369],[-123.86439411,55.37404886],[-123.86408407,55.37401468],[-123.86377024,55.37399509],[-123.86345513,55.37399652],[-123.86313912,55.37400186],[-123.86282272,55.37398726],[-123.86251261,55.37395165],[-123.86224591,55.37386086],[-123.86198115,55.37376188],[-123.86169526,55.37368497],[-123.86140389,55.37361412],[-123.86110579,55.37355252],[-123.86079496,55.37353329],[-123.86047969,55.37352866],[-123.86016243,55.3735308],[-123.85984586,55.37353436],[-123.85953014,55.3735454],[-123.85921443,55.37355964],[-123.85890153,55.37355216],[-123.85858894,55.37352297],[-123.85828182,55.37347811],[-123.85798955,55.37341117],[-123.8577068,55.37332785],[-123.85741108,55.37326981],[-123.85709646,55.37323457],[-123.85678001,55.37322495],[-123.85647596,55.37325593],[-123.85617795,55.37331966],[-123.85587847,55.37338233],[-123.85556363,55.37341366],[-123.8552605,55.37345674],[-123.85500844,55.37356178],[-123.85477404,55.37368746],[-123.85451096,55.37378217],[-123.85420659,55.37383807],[-123.85389319,55.37386086],[-123.85358042,55.37384982],[-123.85326512,55.37382276],[-123.85295087,55.37380104],[-123.85263753,55.37377861],[-123.85232869,55.37374301],[-123.85202283,55.37369814],[-123.85171898,55.37364972],[-123.85141499,55.37360166],[-123.85111093,55.37355216],[-123.85081257,55.37349448],[-123.85052067,55.37342505],[-123.85023085,55.37335349],[-123.84993499,55.3732926],[-123.84962636,55.37325166],[-123.84931268,55.37323172],[-123.84899693,55.37322353],[-123.84868071,55.3732246],[-123.84836652,55.37323813],[-123.8480541,55.37326483],[-123.84774455,55.37330186],[-123.8474387,55.37334708],[-123.8471397,55.3734101],[-123.84684041,55.37346742],[-123.8465307,55.37349199],[-123.84620833,55.37348309],[-123.84590589,55.37343751],[-123.84564125,55.37334316],[-123.84539467,55.37322495],[-123.84514999,55.37310995],[-123.84493153,55.3729807],[-123.84474235,55.37283258],[-123.8446559,55.37266203],[-123.84469491,55.37248472],[-123.84489764,55.3723423],[-123.84496967,55.37217673],[-123.84499238,55.37199942],[-123.84506216,55.37182353],[-123.84515074,55.37165084],[-123.84524719,55.37147887],[-123.84535646,55.37130939],[-123.84549024,55.37114774],[-123.84565724,55.37099571],[-123.84584765,55.37085115],[-123.84604579,55.37071087],[-123.84628363,55.37058767],[-123.84645141,55.37044169],[-123.84654695,55.37027043],[-123.84662105,55.37009312],[-123.84670023,55.36991723],[-123.84673235,55.36973991],[-123.84670035,55.36956153],[-123.84663814,55.3693835],[-123.84655053,55.36921117],[-123.84638352,55.36905772],[-123.84626028,55.36889322],[-123.846193,55.36871697],[-123.84615537,55.36853859],[-123.84613445,55.36835914],[-123.8461104,55.36817969],[-123.84606498,55.36800202],[-123.84600272,55.36782577],[-123.84594951,55.36764882],[-123.84591231,55.36746937],[-123.84589008,55.36728849],[-123.84591637,55.36711331],[-123.84602669,55.36694276],[-123.84609231,55.36676794],[-123.84615299,55.36659134],[-123.84621653,55.36641545],[-123.84628807,55.36623992],[-123.84636546,55.36606545],[-123.84646012,55.3658949],[-123.84661801,55.36573895],[-123.84667605,55.36556271],[-123.84672726,55.36538468],[-123.84678732,55.36520808],[-123.84686673,55.36503326],[-123.84697414,55.36486377],[-123.84720766,55.36474521],[-123.84731549,55.36458107],[-123.84739657,55.36440518],[-123.84753029,55.36424211],[-123.84766624,55.36407975],[-123.84776515,55.36390955],[-123.84784317,55.36373509],[-123.84793052,55.3635624],[-123.84804858,55.36339613],[-123.84818627,55.36323412],[-123.84833621,55.36307604],[-123.84849138,55.36291902],[-123.8486345,55.36275915],[-123.84873612,55.36258682],[-123.84895355,55.36246291],[-123.8492143,55.36235645],[-123.84945401,55.36223967],[-123.84968933,55.36211968],[-123.84992256,55.36199862],[-123.85015029,55.361874],[-123.85039048,55.36175757],[-123.85063987,55.36164649],[-123.85090006,55.36154465],[-123.85117718,55.36145885],[-123.85147171,55.36138942],[-123.85177659,55.36135132],[-123.85209286,55.36134989],[-123.85241101,55.36135167],[-123.85272112,55.36132426],[-123.85302765,55.36127868],[-123.85332784,55.36122207],[-123.8536129,55.36114481],[-123.85389579,55.36106505],[-123.85420324,55.36102517],[-123.85452003,55.36099989],[-123.85483117,55.36096821],[-123.85512419,55.3609091],[-123.85540241,55.36082685],[-123.85567136,55.36073143],[-123.85593334,55.36062818],[-123.85619065,55.36052243],[-123.85644204,55.36041419],[-123.85668479,55.36029918],[-123.85692169,55.36017991],[-123.85715295,55.36005742],[-123.85738288,55.35993352],[-123.85760619,55.35980569],[-123.85781411,55.35967075],[-123.85801332,55.35952441],[-123.85818202,55.35936312],[-123.8582127,55.35919756],[-123.858143,55.35901633],[-123.85800546,55.35884364],[-123.85780868,55.35870727],[-123.85756381,55.35858337],[-123.85728689,55.35846943],[-123.85699509,55.35838077],[-123.85670732,55.35833164],[-123.85641519,55.35835478],[-123.85609177,55.35846623],[-123.85579392,55.35859405],[-123.85558452,55.35866206],[-123.85560417,55.35857304],[-123.85580867,55.35836653],[-123.85590804,55.35818388],[-123.85586468,55.35800905],[-123.85572278,55.35784598],[-123.85555311,55.35773169],[-123.85573077,55.35759888],[-123.85594747,55.35746394],[-123.85617355,55.35732579],[-123.85638126,55.35718337],[-123.85654859,55.35703205],[-123.85668383,55.35686826],[-123.85680103,55.35670092],[-123.85690981,55.35653108],[-123.85700091,55.3563584],[-123.85705882,55.35618251],[-123.85706821,55.35600412],[-123.8570554,55.35582325],[-123.85704921,55.35564309],[-123.85703752,55.35546257],[-123.85705269,55.35528383],[-123.85711081,55.3551058],[-123.85720588,55.35493419],[-123.85733952,55.3547729],[-123.85750184,55.35461837],[-123.85766938,55.35446491],[-123.85781868,55.35430682],[-123.85793589,55.35413948],[-123.85803465,55.35396644],[-123.85812993,55.35379268],[-123.8582367,55.3536232],[-123.85837166,55.35346333],[-123.85854261,55.35331557],[-123.85873556,55.35317564],[-123.85894536,55.3530407],[-123.85916539,55.35291003],[-123.85939133,55.35278185],[-123.85961762,55.35265438],[-123.85983967,55.35252656],[-123.86006882,55.35240301],[-123.86030347,55.35228302],[-123.86053986,55.35216339],[-123.86077207,55.35204162],[-123.86100462,55.35191736],[-123.86124872,55.35179238],[-123.86146331,55.35165957],[-123.86159939,55.35150968],[-123.86160038,55.35133201],[-123.86156232,55.35114365],[-123.86154959,55.3509642],[-123.86153527,55.35078404],[-123.8615492,55.3506053],[-123.86162556,55.3504287],[-123.86173169,55.35025601],[-123.86179434,55.35008404],[-123.8616955,55.3499167],[-123.86151665,55.34976502],[-123.86131417,55.3496258],[-123.8611457,55.34947484],[-123.86099886,55.34931497],[-123.86086468,55.34915154],[-123.86074741,55.34898491],[-123.86065616,55.34881258],[-123.8606054,55.34863277],[-123.86059729,55.34845439],[-123.8606159,55.34827174],[-123.86066931,55.348093],[-123.86079405,55.34793527],[-123.86101065,55.3477989],[-123.8612187,55.3476636],[-123.86143092,55.34753043],[-123.86163799,55.34739442],[-123.86184394,55.34725805],[-123.86204189,55.34711813],[-123.86222196,55.34697108],[-123.86237216,55.34681228],[-123.86249494,55.34664671],[-123.86259803,55.34647545],[-123.86265797,55.34629921],[-123.86267179,55.34612082],[-123.86266341,55.34593995],[-123.86265399,55.34576014],[-123.86263059,55.34557927],[-123.86257039,55.34540445],[-123.86249502,55.34522998],[-123.8624086,55.34505658],[-123.86231132,55.34488532],[-123.86220014,55.34471762],[-123.86206774,55.34455455],[-123.8619279,55.3443929],[-123.86179766,55.34422912],[-123.86167716,55.34406284],[-123.86156223,55.34389514],[-123.86145802,55.34372566],[-123.86137384,55.34355297],[-123.86131324,55.34337602],[-123.86125125,55.34319941],[-123.8611622,55.34302637],[-123.86102878,55.34286116],[-123.86081372,55.34273512],[-123.86053586,55.34264326],[-123.86024001,55.34258309],[-123.8599338,55.34253502],[-123.85964212,55.34246417],[-123.85936629,55.34237195],[-123.85915958,55.34224377],[-123.85894597,55.34198884],[-123.8586796,55.34188843],[-123.85840168,55.34179194],[-123.8581253,55.34169474],[-123.85786123,55.34159326],[-123.8576224,55.34148324],[-123.85742636,55.34135827],[-123.85737011,55.34118309],[-123.85737222,55.34099153],[-123.85733969,55.34081173],[-123.85731259,55.34063085],[-123.85731916,55.34045354],[-123.85739836,55.34027622],[-123.85746539,55.34009962],[-123.85742835,55.33992658],[-123.85733629,55.33975496],[-123.85722608,55.33958335],[-123.85713145,55.3394103],[-123.85707862,55.33923441],[-123.85706155,55.33905354],[-123.85706348,55.33887373],[-123.85707166,55.33869393],[-123.85709522,55.33851483],[-123.85712518,55.33833538],[-123.85714436,55.33815629],[-123.85713864,55.33797684],[-123.85711253,55.33779668],[-123.85708052,55.33761723],[-123.85707341,55.33743493],[-123.85699397,55.33728076],[-123.85672564,55.33719032],[-123.85643408,55.33710487],[-123.85616185,55.33699876],[-123.85593364,55.3368713],[-123.85591821,55.33671036],[-123.85602713,55.33652913],[-123.85613445,55.33635359],[-123.85626432,55.33617806],[-123.85633068,55.33600965],[-123.85622823,55.33585512],[-123.85598723,55.33571875],[-123.85573136,55.33560126],[-123.85544441,55.33550085],[-123.85516444,55.33548198],[-123.85489222,55.33556351],[-123.85463108,55.33568885],[-123.85439783,55.33581168],[-123.85418663,55.33594698],[-123.8539746,55.33608122],[-123.85373724,55.33619693],[-123.85345431,55.33628666],[-123.85314675,55.3363625],[-123.8528458,55.33643905],[-123.85258395,55.33653091],[-123.85239291,55.33665304],[-123.85228994,55.33680934],[-123.85224583,55.33699129],[-123.85222406,55.33718177],[-123.85218663,55.33736906],[-123.85209772,55.33754067],[-123.85195372,55.33770588],[-123.85176721,55.3378597],[-123.85154522,55.33798574],[-123.85128398,55.33806799],[-123.85097709,55.33811321],[-123.85065246,55.33814133],[-123.85033667,55.33817089],[-123.850024,55.33819403],[-123.84970938,55.33821254],[-123.84939692,55.33823676],[-123.84908982,55.3382745],[-123.84878453,55.33832043],[-123.84848161,55.33836992],[-123.84817792,55.33841977],[-123.84787312,55.33846605],[-123.84756553,55.33850344],[-123.84725321,55.3385305],[-123.84694137,55.33855791],[-123.84663329,55.33859494],[-123.84632653,55.3386366],[-123.84601985,55.33867968],[-123.84571323,55.33872099],[-123.84540543,55.33876051],[-123.84509756,55.33880181],[-123.84478968,55.33884311],[-123.84448153,55.33888192],[-123.84417234,55.33891539],[-123.84386154,55.33894174],[-123.84354837,55.33895491],[-123.84323305,55.33895598],[-123.84291682,55.33895135],[-123.84260024,55.33894922],[-123.84228533,55.33895563],[-123.84197064,55.33896631],[-123.84165552,55.33897806],[-123.8413411,55.33899123],[-123.84102689,55.33900547],[-123.84071275,55.33902114],[-123.84039882,55.33903787],[-123.84008496,55.33905603],[-123.83977235,55.3390806],[-123.83946099,55.33911799],[-123.83915081,55.33915395],[-123.83883924,55.33917424],[-123.83852607,55.33917139],[-123.83821214,55.33916249],[-123.83789834,55.33915003],[-123.83758441,55.33913472],[-123.83727019,55.33911692],[-123.83695605,55.33909733],[-123.83664156,55.33907704],[-123.83632755,55.3390571],[-123.83601355,55.33903716],[-123.83569885,55.339019],[-123.83538492,55.33900049],[-123.8350714,55.3389777],[-123.83475733,55.33896595],[-123.83444075,55.33896702],[-123.83412055,55.33897094],[-123.83380349,55.33898447],[-123.83349616,55.33901473],[-123.83320539,55.33907312],[-123.83293277,55.33916356],[-123.83266487,55.33926432],[-123.8323894,55.33935405],[-123.83210905,55.33943701],[-123.83182592,55.33951748],[-123.83153807,55.33959082],[-123.83124325,55.33965313],[-123.83094162,55.33970405],[-123.8306356,55.33974855],[-123.83032778,55.33979128],[-123.83002295,55.33983757],[-123.82972291,55.3398924],[-123.82942315,55.33995293],[-123.82912124,55.34001737],[-123.82882961,55.34009072],[-123.82855893,55.34017938],[-123.82832232,55.34029296],[-123.82812821,55.34044998],[-123.82795525,55.34062017],[-123.82777881,55.34076722],[-123.82757094,55.34084733],[-123.82729346,55.34075155],[-123.82702983,55.34062195],[-123.82680091,55.34049804],[-123.82657304,55.34037307],[-123.82631428,55.34026625],[-123.82599166,55.34017867],[-123.8256817,55.34009392],[-123.82547741,55.33999352],[-123.82550951,55.33986498],[-123.82574342,55.33970868],[-123.82592474,55.33954276],[-123.82601466,55.3393544],[-123.82603099,55.33917175],[-123.82589899,55.33903538],[-123.82562703,55.33893676],[-123.82531576,55.338857],[-123.82502627,55.33878721],[-123.82472807,55.33872846],[-123.82442703,55.33867221],[-123.82413148,55.3386099],[-123.82383941,55.33854189],[-123.82355027,55.33846961],[-123.82326434,55.33837312],[-123.8229864,55.3382866],[-123.82273214,55.33834606],[-123.82251331,55.33849739],[-123.82236272,55.33867434],[-123.8222202,55.33883706],[-123.8219914,55.33884739],[-123.82168878,55.33873594],[-123.82137813,55.33871387],[-123.82106079,55.33871529],[-123.82074512,55.33871565],[-123.82043069,55.33872562],[-123.82011766,55.33874805],[-123.81980393,55.33876585],[-123.81948742,55.33876193],[-123.81917515,55.3387776],[-123.81886635,55.3388132],[-123.81855949,55.33885664],[-123.81825486,55.338904],[-123.81795606,55.33896524],[-123.81766012,55.3390304],[-123.81735382,55.3390628],[-123.81703612,55.33907633],[-123.8167153,55.33907704],[-123.81640075,55.33905852],[-123.81609991,55.33901615],[-123.81580493,55.33895563],[-123.8155151,55.33888192],[-123.81523092,55.33879861],[-123.81495321,55.33870995],[-123.81468239,55.33861809],[-123.81441922,55.33851946],[-123.81416246,55.33841407],[-123.81391218,55.33830334],[-123.81366815,55.3381894],[-123.81344314,55.33805731],[-123.81325264,55.33789459],[-123.81302106,55.33780807],[-123.81273063,55.33782872],[-123.81241528,55.33789388],[-123.81209784,55.33794835],[-123.8117846,55.3379601],[-123.81146747,55.33795939],[-123.81115222,55.33796829],[-123.8108362,55.33797755],[-123.81052171,55.3379925],[-123.81021527,55.33802847],[-123.80991967,55.33808793],[-123.80975955,55.33796758],[-123.80987237,55.33779133],[-123.81002711,55.33762791],[-123.81004573,55.33746199],[-123.80990799,55.3372925],[-123.80976162,55.33713228],[-123.80959646,55.33697847],[-123.80939415,55.33684281],[-123.80914048,55.33673279],[-123.80890394,55.33661423],[-123.80872216,55.33646931],[-123.80855736,55.33631621],[-123.80840036,55.33615919],[-123.80824412,55.33600182],[-123.80808086,55.335848],[-123.80782309,55.3357565],[-123.80755718,55.33566819],[-123.80738919,55.33551687],[-123.80723498,55.33535914],[-123.80706651,55.33520746],[-123.80688573,55.33506006],[-123.80669896,55.33491514],[-123.80650455,55.33477379],[-123.80631257,55.33463101],[-123.80613965,55.33448112],[-123.80599054,55.3343216],[-123.80581735,55.33417242],[-123.80561133,55.33403676],[-123.80538874,55.33390823],[-123.80515467,55.33378824],[-123.80489527,55.33368498],[-123.80464012,55.33357888],[-123.80442025,55.33345141],[-123.80421695,55.33331362],[-123.80401532,55.33317476],[-123.80380228,55.33304266],[-123.80356899,55.33292232],[-123.8033229,55.33280909],[-123.80307563,55.33269729],[-123.80283755,55.33257802],[-123.80260538,55.33245162],[-123.80236925,55.33233056],[-123.80211648,55.33222802],[-123.801833,55.33215752],[-123.80151993,55.33211942],[-123.80120107,55.33210091],[-123.80088421,55.33209485],[-123.80056558,55.33211088],[-123.80026541,55.33215965],[-123.79999958,55.33222624],[-123.79997948,55.33223122],[-123.79969958,55.33231454],[-123.79942343,55.33240426],[-123.79914727,55.33249399],[-123.79887133,55.33258158],[-123.79860025,55.33267593],[-123.79832917,55.33277028],[-123.79805232,55.33285538],[-123.79776291,55.33292303],[-123.79745562,55.33298356],[-123.79713819,55.33303804],[-123.79681987,55.33308041],[-123.79651222,55.33310355],[-123.79622546,55.33309892],[-123.79599317,55.33297929],[-123.79583808,55.33280482],[-123.79576262,55.3326332],[-123.7957255,55.33245162],[-123.79567663,55.33227288],[-123.79561767,55.33209592],[-123.79555607,55.33191932],[-123.79549398,55.33174236],[-123.795433,55.33156576],[-123.79537593,55.3313888],[-123.79532463,55.33121149],[-123.79528146,55.33103417],[-123.79524964,55.33085508],[-123.79525718,55.33067776],[-123.79529185,55.33049831],[-123.79532722,55.33031708],[-123.79534332,55.3301387],[-123.79535998,55.3299589],[-123.79537365,55.32977873],[-123.79537716,55.32959893],[-123.79536587,55.32942019],[-123.79534192,55.3292386],[-123.79531164,55.32905879],[-123.79526572,55.32887899],[-123.7951967,55.32870381],[-123.79509534,55.32853611],[-123.79496608,55.32837411],[-123.79481679,55.32821531],[-123.79465095,55.32806042],[-123.79447293,55.32790946],[-123.79428698,55.32776276],[-123.79409623,55.32762034],[-123.79389644,55.32747863],[-123.79368621,55.3273412],[-123.79346367,55.32721124],[-123.79322588,55.32709303],[-123.79297256,55.32699049],[-123.79270434,55.32690041],[-123.79242387,55.32681923],[-123.79213435,55.32674517],[-123.79183856,55.32667752],[-123.79153957,55.32661485],[-123.79123918,55.32655575],[-123.79093572,55.32650127],[-123.79058362,55.32647029],[-123.79020284,55.32645498],[-123.78983535,55.32643932],[-123.78952185,55.32640727],[-123.78930415,55.32634318],[-123.78921539,55.32623281],[-123.78922404,55.3260943],[-123.789304,55.32593194],[-123.78943219,55.32575356],[-123.78958576,55.32556628],[-123.78974234,55.32537615],[-123.78987936,55.32518957],[-123.78997695,55.32501262],[-123.79005791,55.32483815],[-123.79013442,55.32466226],[-123.79020245,55.32448566],[-123.79025699,55.32430834],[-123.79029533,55.32412925],[-123.79030739,55.32395336],[-123.79027912,55.32377498],[-123.79022908,55.32359624],[-123.79017857,55.32341715],[-123.79015128,55.32323627],[-123.79015451,55.32305896],[-123.79017409,55.32287986],[-123.79020313,55.32269899],[-123.79023529,55.32252132],[-123.79026384,55.32234009],[-123.7902732,55.32215992],[-123.79026811,55.32197513],[-123.79031036,55.32179889],[-123.79046283,55.32165113],[-123.79069412,55.32151939],[-123.79089289,55.32137803],[-123.79100326,55.32121318],[-123.7910909,55.32104085],[-123.79116047,55.32086354],[-123.79121413,55.32068373],[-123.79125451,55.32050428],[-123.79128126,55.32032448],[-123.79128416,55.32014645],[-123.79126732,55.31996451],[-123.79123783,55.31978612],[-123.79120096,55.31960739],[-123.79114915,55.31942687],[-123.79104963,55.31925632],[-123.79087164,55.31911034],[-123.79063577,55.31898109],[-123.79041604,55.31884899],[-123.79028827,55.31869304],[-123.79029308,55.3185054],[-123.79033128,55.31830922],[-123.79028301,55.31814365],[-123.79009204,55.31802438],[-123.78984048,55.31792717],[-123.78955226,55.31784208],[-123.78925089,55.31776019],[-123.78895851,55.31767295],[-123.78869285,55.31757183],[-123.78841837,55.31746609],[-123.78813208,55.31735856],[-123.78785017,55.31724783],[-123.78758997,55.31713282],[-123.78736642,55.31701212],[-123.78719698,55.3168843],[-123.78711815,55.31674401],[-123.78719468,55.31658414],[-123.78736079,55.31640968],[-123.78753483,55.31623094],[-123.78764163,55.31605612],[-123.78771278,55.31587809],[-123.78774813,55.31569722],[-123.78772493,55.31552204],[-123.78764228,55.31535007],[-123.78753308,55.31517881],[-123.78743508,55.31500612],[-123.78738833,55.3148256],[-123.78739951,55.31463618],[-123.78740826,55.31444819],[-123.78735134,55.31427764],[-123.78718778,55.31414127],[-123.78697741,55.31401736],[-123.78673727,55.31390236],[-123.78647863,55.31379305],[-123.78621254,55.31368517],[-123.78594918,55.31357515],[-123.78570042,55.31345979],[-123.78547234,55.31333481],[-123.78525199,55.31320129],[-123.785048,55.31305958],[-123.78487142,55.31291182],[-123.78474339,55.31275195],[-123.78474089,55.31256716],[-123.78483999,55.31239768],[-123.78498828,55.31223995],[-123.78515548,55.31208507],[-123.785316,55.31192805],[-123.78544241,55.31176391],[-123.78553977,55.31159407],[-123.7856229,55.31142067],[-123.78569733,55.3112455],[-123.7857683,55.31106961],[-123.78584211,55.31089443],[-123.785926,55.31072068],[-123.78602039,55.31054728],[-123.78611616,55.31037352],[-123.78620256,55.31019977],[-123.78626984,55.3100253],[-123.78630716,55.30984906],[-123.7862909,55.30967388],[-123.78623119,55.30949621],[-123.78615911,55.30931818],[-123.78610671,55.30913945],[-123.78607211,55.30896],[-123.78604363,55.3087777],[-123.78603273,55.30860003],[-123.78605325,55.308422],[-123.78609712,55.30824184],[-123.78616387,55.30806239],[-123.78626021,55.30789041],[-123.78639426,55.30773233],[-123.78658581,55.30759347],[-123.7868148,55.307466],[-123.78704872,55.30734031],[-123.78727041,55.30721071],[-123.7875037,55.30708502],[-123.78773032,55.3069572],[-123.78792791,55.30682048],[-123.78807543,55.30666631],[-123.7881708,55.30649362],[-123.78822934,55.30631275],[-123.78826217,55.30613365],[-123.78821778,55.30595527],[-123.78813522,55.30578009],[-123.78805191,55.30560207],[-123.78794209,55.30543259],[-123.78777336,55.30528732],[-123.78753831,55.30516911],[-123.7872744,55.30506229],[-123.78702615,55.30494907],[-123.78683224,55.30481056],[-123.78670235,55.30464286],[-123.78663635,55.30446697],[-123.78661568,55.30428717],[-123.78661711,55.30410843],[-123.7866214,55.3039272],[-123.78661074,55.30374739],[-123.78658969,55.30355904],[-123.78654874,55.30337674],[-123.7864387,55.30322221],[-123.78616008,55.30314174],[-123.78585718,55.30307053],[-123.7855806,55.3029833],[-123.78529606,55.30290675],[-123.78499904,55.30284765],[-123.78469658,55.30279602],[-123.78439098,55.3027508],[-123.78406748,55.30271769],[-123.78368254,55.30271519],[-123.78340665,55.3026803],[-123.78338641,55.30255996],[-123.78352384,55.30239332],[-123.78370073,55.30220746],[-123.7838008,55.30202766],[-123.78372348,55.30186316],[-123.78353433,55.30170472],[-123.78333603,55.30156158],[-123.78309012,55.30144729],[-123.78279728,55.30139032],[-123.78248199,55.30135863],[-123.78217787,55.30131128],[-123.78188794,55.30123259],[-123.78162151,55.30113076],[-123.78143014,55.30099867],[-123.78133591,55.30082313],[-123.78123425,55.30064582],[-123.7811724,55.30047384],[-123.78137411,55.30034104],[-123.78156456,55.3001064],[-123.78124095,55.30000208],[-123.78074355,55.29984185],[-123.78049697,55.29972934],[-123.78022935,55.29963534],[-123.77994082,55.2995595],[-123.7796461,55.29948829],[-123.77936127,55.29941103],[-123.77910053,55.29931703],[-123.77887664,55.29919134],[-123.77869148,55.29904038],[-123.77855138,55.29887659],[-123.77854221,55.29866617],[-123.77836494,55.29859531],[-123.77807475,55.29861596],[-123.77774757,55.29866545],[-123.77741331,55.29871388],[-123.77709533,55.29873524],[-123.77677856,55.29874236],[-123.77646211,55.29873916],[-123.77614895,55.29872598],[-123.77584717,55.29867115],[-123.77561975,55.29854974],[-123.77542394,55.29840838],[-123.77522807,55.29826561],[-123.77500846,55.29813707],[-123.77476915,55.29801886],[-123.77454759,55.29789211],[-123.77434984,55.29775254],[-123.77416017,55.29760834],[-123.77397954,55.29746022],[-123.77380865,55.29730961],[-123.7736578,55.29715259],[-123.77353206,55.29698738],[-123.77339951,55.2968236],[-123.77323462,55.29666729],[-123.77321872,55.29646932],[-123.77309866,55.29648677],[-123.77289077,55.2966559],[-123.77278211,55.29682395],[-123.77269441,55.29699913],[-123.77259956,55.29717182],[-123.77246946,55.2973324],[-123.77226478,55.29747268],[-123.77200914,55.29757878],[-123.77171922,55.29764643],[-123.77141288,55.2977002],[-123.77112289,55.29776963],[-123.77086719,55.2978711],[-123.77062992,55.29798931],[-123.77039999,55.29811429],[-123.77016778,55.29823712],[-123.7699357,55.29835961],[-123.76970425,55.29848209],[-123.7694579,55.29859318],[-123.76919897,55.29870284],[-123.7689351,55.29881393],[-123.76866474,55.29891291],[-123.76838729,55.29898697],[-123.76809818,55.29901759],[-123.76779293,55.2989859],[-123.76747791,55.29892822],[-123.76716234,55.29888621],[-123.76684869,55.29887588],[-123.76653319,55.29887659],[-123.76621734,55.2988798],[-123.76590228,55.29887624],[-123.76558941,55.29885915],[-123.76527691,55.29883636],[-123.76496505,55.29881037],[-123.76465355,55.29878188],[-123.76434302,55.29875091],[-123.76403257,55.29871815],[-123.76372373,55.2986829],[-123.76341545,55.29864623],[-123.7631097,55.29860315],[-123.76280815,55.29854938],[-123.76251316,55.29848529],[-123.76222621,55.29841195],[-123.76194518,55.29833148],[-123.76166632,55.29824709],[-123.76138747,55.29816271],[-123.76110596,55.29808188],[-123.76081929,55.29800783],[-123.76052438,55.29794516],[-123.7602255,55.29788784],[-123.75992794,55.29782873],[-123.75963443,55.29776251],[-123.75934296,55.29769272],[-123.75906237,55.29761118],[-123.75879872,55.29751363],[-123.758544,55.2974061],[-123.75829242,55.29729536],[-123.7580391,55.29718748],[-123.75777713,55.29708886],[-123.75750135,55.29700625],[-123.75720791,55.29694465],[-123.75690275,55.29689694],[-123.75659389,55.29685386],[-123.75628825,55.29680579],[-123.75599356,55.2967442],[-123.75571726,55.2966534],[-123.75545291,55.29654338],[-123.75518827,55.29643728],[-123.75491346,55.29635859],[-123.75461625,55.29632405],[-123.75430195,55.2963059],[-123.7539772,55.29629842],[-123.75364851,55.29630091],[-123.75332139,55.29631373],[-123.7530018,55.29633758],[-123.75269599,55.29637248],[-123.75241085,55.29641841],[-123.75217004,55.29655976],[-123.75199333,55.29676698],[-123.75187985,55.29687878],[-123.75185651,55.29678407],[-123.75190887,55.29656866],[-123.75195803,55.29635503],[-123.75199651,55.29617487],[-123.75203659,55.29599221],[-123.75204586,55.29581632],[-123.75199969,55.2956415],[-123.75191035,55.29546989],[-123.75180106,55.29529969],[-123.75169269,55.29512879],[-123.75160843,55.29495539],[-123.75154059,55.29477843],[-123.75145175,55.29460717],[-123.75131368,55.29444339],[-123.75112503,55.29429847],[-123.75087893,55.29418667],[-123.75059026,55.29410514],[-123.75028772,55.29407309],[-123.74997142,55.29407594],[-123.74965204,55.29408342],[-123.74934028,55.29406205],[-123.74903565,55.2940147],[-123.7487282,55.29397447],[-123.74842278,55.29393067],[-123.74812598,55.29386979],[-123.74783555,55.29379751],[-123.74753635,55.29374588],[-123.74722623,55.29371561],[-123.74691218,55.29369532],[-123.74659663,55.29368357],[-123.74628252,55.2936793],[-123.74596829,55.29368642],[-123.74565355,55.29369959],[-123.74533861,55.2937117],[-123.74502361,55.29371918],[-123.74470876,55.2937263],[-123.74439412,55.29373128],[-123.74407921,55.29373377],[-123.74376376,55.29373449],[-123.74344938,55.29372772],[-123.74313566,55.29371134],[-123.74282272,55.2936914],[-123.74251008,55.29366755],[-123.74219884,55.29364013],[-123.74188886,55.29360951],[-123.74157791,55.29357818],[-123.74126725,55.29354613],[-123.74095687,55.29351338],[-123.74064753,55.29347955],[-123.74033828,55.29344395],[-123.74003049,55.29340621],[-123.73972417,55.29336633],[-123.73941245,55.29332111],[-123.7391335,55.29323245],[-123.73906291,55.29306582],[-123.73905842,55.29287747],[-123.73886433,55.29274964],[-123.73855138,55.29273612],[-123.73823741,55.29273149],[-123.73792204,55.29273042],[-123.73760535,55.29273113],[-123.73728859,55.29273042],[-123.73697309,55.2927265],[-123.73665936,55.29271653],[-123.73634604,55.29267381],[-123.73611027,55.2925645],[-123.73593104,55.29241175],[-123.73574323,55.29226648],[-123.73555125,55.29212228],[-123.7353622,55.29197701],[-123.73518302,55.29182889],[-123.73502117,55.2916765],[-123.73488666,55.29151664],[-123.7347886,55.2913468],[-123.73471419,55.29117091],[-123.73464674,55.29099324],[-123.73457344,55.29081771],[-123.73451267,55.29063897],[-123.73445857,55.29045916],[-123.73439258,55.29028256],[-123.73429849,55.29011379],[-123.73415898,55.28995713],[-123.73397336,55.28981114],[-123.7337574,55.28967549],[-123.73352689,55.2895498],[-123.73329245,55.28943088],[-123.73305238,55.28931516],[-123.73280757,55.28920194],[-123.73255941,55.28909085],[-123.73230792,55.2889819],[-123.73205476,55.28887401],[-123.73180041,55.28876756],[-123.73154648,55.28866003],[-123.73128826,55.28853327],[-123.73102614,55.28839584],[-123.73076218,55.28826623],[-123.73049643,55.28816333],[-123.73023124,55.28810494],[-123.72996799,55.28810815],[-123.72970524,55.28815443],[-123.7294427,55.28823027],[-123.72918068,55.28832854],[-123.7289181,55.28844248],[-123.72865576,55.28856532],[-123.72839195,55.28869029],[-123.72812746,55.28881064],[-123.72786122,55.28891959],[-123.72759413,55.28901644],[-123.72732641,55.28911328],[-123.72705544,55.28920728],[-123.72677929,55.2892938],[-123.72649542,55.28936822],[-123.72620057,55.28942768],[-123.72589717,55.28947396],[-123.72558907,55.28951313],[-123.72527869,55.28955016],[-123.72497065,55.28959075],[-123.72466751,55.28963953],[-123.72436429,55.28969009],[-123.72406128,55.28974171],[-123.72375957,55.28979477],[-123.72346007,55.28985173],[-123.72316437,55.28991333],[-123.72287427,55.28998134],[-123.7225921,55.29005931],[-123.72232051,55.29015011],[-123.72205548,55.29024802],[-123.72179134,55.29034843],[-123.72152486,55.29044527],[-123.72125112,55.29053357],[-123.72096578,55.29060692],[-123.72066689,55.29066389],[-123.72036235,55.29071303],[-123.72005835,55.29076394],[-123.71976292,55.29082483],[-123.71947229,55.29089889],[-123.71918751,55.29098505],[-123.7189348,55.29108973],[-123.71874171,55.29122396],[-123.71860718,55.29138881],[-123.71847923,55.29155758],[-123.7183291,55.29171603],[-123.71817251,55.2918734],[-123.71801293,55.29203042],[-123.71785336,55.29218744],[-123.71769913,55.29234517],[-123.71755309,55.29250433],[-123.71741948,55.29266526],[-123.71730128,55.29282833],[-123.71727751,55.29301989],[-123.71733059,55.29322747],[-123.71729975,55.29338627],[-123.71708992,55.29345997],[-123.71679565,55.29349095],[-123.71645544,55.29349735],[-123.71610324,55.29349451],[-123.71577103,55.29349807],[-123.7154566,55.29350412],[-123.71514191,55.29350448],[-123.71482653,55.29350341],[-123.7145117,55.29350412],[-123.71419658,55.29350875],[-123.71388166,55.29351445],[-123.713567,55.29352263],[-123.71325254,55.2935351],[-123.71293854,55.29355112],[-123.7126228,55.29356679],[-123.71230788,55.29358672],[-123.71199723,55.29361485],[-123.71169276,55.2936558],[-123.71140096,55.29372167],[-123.71111825,55.2938057],[-123.71083601,55.29389008],[-123.71054567,55.29395702],[-123.71024142,55.29399583],[-123.70993243,55.29402289],[-123.70961981,55.29404176],[-123.70930463,55.294056],[-123.70898842,55.29406811],[-123.70867256,55.29408092],[-123.7083573,55.29409695],[-123.70804466,55.29411902],[-123.70773199,55.2941443],[-123.70741885,55.29416923],[-123.70710528,55.29419522],[-123.7067926,55.2942237],[-123.70648164,55.29425575],[-123.70617386,55.29429242],[-123.70586979,55.2943355],[-123.7055711,55.29438713],[-123.70528482,55.29445798],[-123.70500653,55.29454344],[-123.70473258,55.2946353],[-123.70445601,55.29472431],[-123.70417405,55.29480478],[-123.70389147,55.29488525],[-123.70360972,55.29496678],[-123.70332734,55.29504832],[-123.70304428,55.29512843],[-123.70275983,55.29520569],[-123.70247242,55.2952794],[-123.70218211,55.29534776],[-123.70188808,55.29540971],[-123.70158999,55.29546454],[-123.7012879,55.29551368],[-123.70098291,55.29555747],[-123.70067496,55.29559771],[-123.70036625,55.29563509],[-123.70005637,55.2956707],[-123.69974614,55.29570559],[-123.69943626,55.2957412],[-123.69912818,55.29577858],[-123.6988179,55.29582309],[-123.69850588,55.29587044],[-123.69819366,55.29591353],[-123.69788303,55.29594628],[-123.69757415,55.29596195],[-123.69726956,55.29595412],[-123.69696795,55.29592136],[-123.69666748,55.29586831],[-123.69636973,55.29580208],[-123.69607459,55.29572767],[-123.69578175,55.29565218],[-123.69549111,55.29558062],[-123.69519761,55.29551154],[-123.69490203,55.2954414],[-123.6946087,55.29536877],[-123.69432094,55.2952915],[-123.69404323,55.29520783],[-123.69377876,55.29511597],[-123.6935371,55.29500915],[-123.69334656,55.29486638],[-123.69319477,55.29470152],[-123.69306404,55.2945356],[-123.69297708,55.29435865],[-123.69291281,55.29417492],[-123.69282325,55.29400295],[-123.69266282,55.29385839],[-123.69244343,55.2937206],[-123.69219067,55.29358815],[-123.69191597,55.29347635],[-123.69163206,55.29340051],[-123.69135031,55.29337452],[-123.69105557,55.29338769],[-123.69074636,55.29342792],[-123.69043328,55.29349059],[-123.69012629,55.29357106],[-123.6898366,55.2936647],[-123.68957292,55.29376689],[-123.68934031,55.29387904],[-123.68912777,55.29400687],[-123.68893044,55.29414679],[-123.68874281,55.29429384],[-123.68855925,55.29444481],[-123.68837409,55.29459506],[-123.68818139,55.29474069],[-123.68797672,55.29487706],[-123.68772716,55.29498779],[-123.68746956,55.29509354],[-123.6872597,55.29522563],[-123.6870614,55.29536485],[-123.68686663,55.2955062],[-123.68667588,55.29565005],[-123.68648942,55.29579567],[-123.68630837,55.29594343],[-123.68613288,55.29609298],[-123.68596404,55.29624466],[-123.68579964,55.29639776],[-123.68563641,55.29655264],[-123.68547637,55.29670895],[-123.68532111,55.29686739],[-123.68517342,55.29702726],[-123.68503441,55.29718891],[-123.68490643,55.29735269],[-123.68479213,55.29751825],[-123.68469471,55.29768702],[-123.68462143,55.29786113],[-123.6845685,55.29803916],[-123.6845312,55.29821718],[-123.68450603,55.29840091],[-123.68448901,55.29858143],[-123.68447881,55.29876052],[-123.68448258,55.29894068],[-123.68449746,55.2991212],[-123.68451769,55.29930243],[-123.68453994,55.29948331],[-123.68456019,55.29966133],[-123.6845725,55.29984363],[-123.68457382,55.29999994],[-123.68457392,55.30002023],[-123.68455943,55.30019755],[-123.68451938,55.30037308],[-123.68443633,55.30054506],[-123.6843214,55.30071382],[-123.68418918,55.30088046],[-123.68405578,55.30104531],[-123.68392703,55.30121265],[-123.68377662,55.30137466],[-123.68357023,55.30150426],[-123.68331347,55.30160467],[-123.68302878,55.3016887],[-123.68273256,55.30175919],[-123.68243641,55.30181687],[-123.68212736,55.30185497],[-123.6818129,55.3018799],[-123.68149862,55.30189485],[-123.68118054,55.30189414],[-123.68086288,55.30189236],[-123.68055152,55.30190624],[-123.68025554,55.30195716],[-123.67997356,55.30204226],[-123.67968805,55.30212201],[-123.67938618,55.30217043],[-123.67907381,55.30220426],[-123.67875848,55.30222028],[-123.67844584,55.3022153],[-123.67813258,55.30219607],[-123.67781978,55.30216937],[-123.677506,55.30214195],[-123.67719296,55.30212059],[-123.67687999,55.30211169],[-123.67656637,55.30212023],[-123.67625317,55.30214195],[-123.67594056,55.30217008],[-123.67562857,55.30219821],[-123.67531844,55.30222954],[-123.67500912,55.30226514],[-123.67470002,55.30229861],[-123.67438762,55.3023246],[-123.67407456,55.30234597],[-123.67376279,55.30237196],[-123.67345678,55.30241184],[-123.67315534,55.30246703],[-123.67285433,55.30252115],[-123.67254708,55.30255782],[-123.67223587,55.30258239],[-123.67192337,55.30260233],[-123.671609,55.30261906],[-123.67129472,55.30263401],[-123.67098009,55.30264826],[-123.67066566,55.30266357],[-123.6703514,55.30267532],[-123.67003658,55.30268529],[-123.66972238,55.30269846],[-123.66941001,55.30271804],[-123.66909775,55.30274368],[-123.66878603,55.30277109],[-123.66847391,55.30279637],[-123.66816078,55.30281631],[-123.66784404,55.30282165],[-123.66752916,55.30279388],[-123.66720501,55.30275792],[-123.66690991,55.30269917],[-123.66670135,55.30258773],[-123.6666016,55.30240685],[-123.66643811,55.30225268],[-123.66620672,55.30212308],[-123.66594842,55.30202196],[-123.66564142,55.30200273],[-123.66546713,55.3020006],[-123.66528761,55.30201484],[-123.66484859,55.30212522],[-123.6646654,55.30219607],[-123.66412412,55.30239724],[-123.66351043,55.30259485],[-123.66302441,55.30277964],[-123.66245485,55.30306163],[-123.66188493,55.30333188],[-123.66146174,55.30347964],[-123.66067809,55.30367832],[-123.66042378,55.30372816],[-123.66012742,55.30381468],[-123.65993684,55.30388839],[-123.65968301,55.30397491],[-123.65938686,55.30407353],[-123.6590059,55.30419673],[-123.65856232,55.30436906],[-123.65824517,55.30449225],[-123.65799044,55.30451789],[-123.65769303,55.30454388],[-123.65743809,55.30455741],[-123.65726766,55.30455812],[-123.65703222,55.3045777],[-123.65540812,55.30458625],[-123.65547501,55.30863456],[-123.65526243,55.30869901],[-123.65497867,55.30877734],[-123.65469098,55.3088482],[-123.65439178,55.30890232],[-123.65408232,55.3089397],[-123.65377108,55.3089721],[-123.65346061,55.30900415],[-123.65314981,55.30903227],[-123.65283729,55.30905684],[-123.65252424,55.30907643],[-123.65221045,55.30909316],[-123.65189674,55.30910811],[-123.65158234,55.30912164],[-123.65126787,55.30913375],[-123.65095321,55.30914479],[-123.65063808,55.30915226],[-123.65032139,55.30915262],[-123.65000436,55.30915226],[-123.64968979,55.30915832],[-123.64937876,55.30917754],[-123.64907076,55.30921279],[-123.64876527,55.30925908],[-123.64846348,55.30931498],[-123.64816714,55.30937765],[-123.64787799,55.30944743],[-123.64760713,55.30953894],[-123.64734157,55.30963756],[-123.64706366,55.30972159],[-123.64677545,55.30979529],[-123.64648179,55.30986223],[-123.6461845,55.30992098],[-123.64588142,55.30996905],[-123.64557251,55.31000501],[-123.64526111,55.31003777],[-123.64495289,55.31007515],[-123.64465133,55.31012571],[-123.64435691,55.3101898],[-123.6440667,55.31026065],[-123.64377641,55.31033329],[-123.6434853,55.31040165],[-123.64318862,55.3104604],[-123.64288382,55.31050491],[-123.64257188,55.31053588],[-123.64225694,55.31055547],[-123.64194347,55.31056188],[-123.64162745,55.31054158],[-123.64131228,55.31051915],[-123.64100097,55.31052485],[-123.64069271,55.3105544],[-123.64038537,55.31059428],[-123.64007923,55.31064056],[-123.63977385,55.3106897],[-123.63946971,55.31073883],[-123.63916469,55.31078548],[-123.63885972,55.31083354],[-123.63855765,55.31088695],[-123.63826364,55.31094997],[-123.6379802,55.31102581],[-123.63770323,55.31111055],[-123.63743074,55.31120135],[-123.63716102,55.31129463],[-123.63689039,55.31138863],[-123.63661853,55.31147942],[-123.63634182,55.31156666],[-123.63606303,55.31166386],[-123.63578229,55.31176284],[-123.63549706,55.31184473],[-123.63520676,55.31189209],[-123.63490712,55.31189672],[-123.63459588,55.31187856],[-123.63427995,55.31184224],[-123.63396585,55.31179026],[-123.63365997,55.31172545],[-123.63337055,55.31165068],[-123.63310116,55.31156488],[-123.63284974,55.31146055],[-123.6326103,55.31134341],[-123.6323768,55.31121915],[-123.63214388,55.31109346],[-123.63190599,55.3109724],[-123.63165789,55.31086132],[-123.63140239,55.31075628],[-123.63114326,55.31065409],[-123.63088155,55.31055369],[-123.63061907,55.31045364],[-123.63035813,55.31035287],[-123.63009977,55.31025033],[-123.62984388,55.31014316],[-123.62961283,55.31002068],[-123.62949923,55.30983553],[-123.62932974,55.30971874],[-123.62903979,55.30971162],[-123.62872527,55.30973014],[-123.62839818,55.30975827],[-123.62806892,55.30977927],[-123.62774903,55.3097782],[-123.62743761,55.30975898],[-123.62712558,55.30973655],[-123.62681371,55.30971055],[-123.626502,55.309681],[-123.62619066,55.30964896],[-123.62588045,55.30961406],[-123.62557137,55.30957632],[-123.62526314,55.30953644],[-123.62495701,55.30949443],[-123.62465249,55.30944992],[-123.62434891,55.3094015],[-123.62404736,55.30934952],[-123.62374674,55.30929362],[-123.62344816,55.30923416],[-123.62315197,55.30917185],[-123.62285739,55.30910705],[-123.62256568,55.30903975],[-123.62227621,55.30896997],[-123.62199264,55.30889163],[-123.62171559,55.30880476],[-123.62144498,55.30871112],[-123.62118163,55.30861178],[-123.62092409,55.30850888],[-123.62067122,55.30840206],[-123.62042165,55.30829169],[-123.62017634,55.30817846],[-123.61993438,55.3080631],[-123.61969501,55.30794596],[-123.61945794,55.30782775],[-123.6192199,55.30770883],[-123.6189834,55.30758919],[-123.61874962,55.30746742],[-123.61852136,55.30734281],[-123.6183014,55.30721463],[-123.61809064,55.30708218],[-123.61789383,55.30694296],[-123.61771298,55.30679662],[-123.61754302,55.30664494],[-123.61737843,55.30649077],[-123.61721321,55.3063366],[-123.61704325,55.30618492],[-123.61686131,55.30603823],[-123.61664835,55.30590507],[-123.61642082,55.30577867],[-123.61621621,55.30564337],[-123.61605545,55.30549062],[-123.61592145,55.30532719],[-123.61580445,55.30515878],[-123.61569824,55.30498681],[-123.61559655,55.30478457],[-123.61550218,55.30457023],[-123.61541641,55.30437831],[-123.6153429,55.30424373],[-123.61528753,55.30422094],[-123.61526872,55.30439897],[-123.61527356,55.304645],[-123.61530647,55.30483299],[-123.61535974,55.30501066],[-123.61527516,55.30518264],[-123.61506519,55.30531438],[-123.61480233,55.30541549],[-123.6145397,55.30551448],[-123.61427532,55.3056131],[-123.61401027,55.30571031],[-123.61374341,55.30580573],[-123.61347476,55.30589937],[-123.61320335,55.30599052],[-123.61292834,55.30607811],[-123.61265009,55.30616285],[-123.61237067,55.30624581],[-123.61209076,55.30632841],[-123.61181037,55.30641066],[-123.611529,55.3064922],[-123.61124579,55.30657053],[-123.61095829,55.30664388],[-123.61066048,55.30670227],[-123.61035524,55.30674784],[-123.610047,55.30678523],[-123.60973876,55.30682261],[-123.60943415,55.30686819],[-123.60912974,55.30691483],[-123.60882184,55.30695293],[-123.60851143,55.30698319],[-123.60820053,55.3070131],[-123.60789046,55.30704408],[-123.60758078,55.30707719],[-123.60727309,55.30711636],[-123.60696798,55.30716158],[-123.60666343,55.30720858],[-123.60636361,55.30726412],[-123.60607872,55.30734031],[-123.60580133,55.30742755],[-123.60551089,55.30749413],[-123.60520443,55.30753329],[-123.60489159,55.30756178],[-123.60457383,55.30758848],[-123.6042948,55.3076515],[-123.60409478,55.30778645],[-123.60391037,55.30793563],[-123.60372645,55.30808518],[-123.60353617,55.30822866],[-123.60334589,55.30837215],[-123.60315305,55.30851422],[-123.60295397,55.30865308],[-123.6027463,55.30878838],[-123.6025308,55.30891976],[-123.60230617,55.30904581],[-123.60207364,55.30916651],[-123.60183488,55.309284],[-123.60159404,55.30940043],[-123.60135528,55.30951793],[-123.60112068,55.30963756],[-123.60088642,55.30975791],[-123.60065263,55.30987861],[-123.60041851,55.3099986],[-123.60018168,55.31011752],[-123.59999963,55.31022612],[-123.59996438,55.31024713],[-123.5997657,55.31038812],[-123.5995657,55.31052769],[-123.5993437,55.31065338],[-123.59908724,55.31075557],[-123.59881231,55.31084601],[-123.59854304,55.31094107],[-123.59827986,55.3110397],[-123.59801717,55.31113868],[-123.5977553,55.31123873],[-123.59749537,55.31134021],[-123.59724102,55.31144809],[-123.59698157,55.31154992],[-123.5967028,55.3116311],[-123.59640699,55.31169377],[-123.59610374,55.31174682],[-123.59579296,55.3117842],[-123.59547695,55.31181269],[-123.59519411,55.31187891],[-123.59494995,55.31199107],[-123.59472213,55.31212032],[-123.5945039,55.31225063],[-123.59428658,55.31238024],[-123.59404218,55.31249453],[-123.59380818,55.31261416],[-123.59360221,55.31274982],[-123.5933237,55.31294992],[-123.59302925,55.31301543],[-123.59273203,55.31307845],[-123.59243972,55.31314646],[-123.59216107,55.31322728],[-123.59190169,55.31332733],[-123.59165811,55.3134427],[-123.59142325,55.31356447],[-123.59119359,55.3136873],[-123.590975,55.31381691],[-123.59075801,55.31394722],[-123.59052869,55.31407077],[-123.59027512,55.31418293],[-123.59003424,55.31429936],[-123.58984798,55.31443893],[-123.58971439,55.31460022],[-123.58960215,55.31477077],[-123.58948152,55.31493883],[-123.58933772,55.31509905],[-123.58917457,55.31525287],[-123.58898501,55.315396],[-123.58878097,55.31553308],[-123.58857692,55.31567016],[-123.58837973,55.31581044],[-123.5881894,55.31595393],[-123.58801592,55.31610383],[-123.58786039,55.31626049],[-123.58773381,55.31642463],[-123.58762811,55.31659447],[-123.58751338,55.31676182],[-123.58736625,55.31692097],[-123.58720726,55.31707692],[-123.58707242,55.31723821],[-123.58699867,55.31741268],[-123.58693456,55.31758964],[-123.58686656,55.31776695],[-123.58675567,55.31793252],[-123.58656249,55.31807529],[-123.58636058,55.31821486],[-123.58615493,55.31835123],[-123.5859112,55.31847478],[-123.58564761,55.31858374],[-123.58537204,55.31860011],[-123.58510052,55.31848511],[-123.58489575,55.31835016],[-123.58470496,55.31820525],[-123.5844915,55.31807173],[-123.58425479,55.31795103],[-123.58396867,55.3178759],[-123.58364778,55.31783318],[-123.5834627,55.31771639],[-123.58340698,55.31752768],[-123.58318552,55.31740485],[-123.58287554,55.31737245],[-123.58255798,55.31734966],[-123.58227271,55.31728343],[-123.58202775,55.31716309],[-123.58187255,55.31701212],[-123.58178344,55.31683659],[-123.58166932,55.31666888],[-123.58154824,55.31650297],[-123.58142172,55.31633811],[-123.58129396,55.31617326],[-123.58115972,55.31601054],[-123.58101453,55.31585175],[-123.58083362,55.31570256],[-123.58060167,55.31558257],[-123.58033355,55.3154843],[-123.58004549,55.31541416],[-123.57973637,55.31537962],[-123.57942348,55.31534829],[-123.57911252,55.31531055],[-123.57884496,55.31522189],[-123.57860035,55.31510546],[-123.5783266,55.31501823],[-123.57803737,55.3149463],[-123.57774485,55.31487794],[-123.57745486,55.31480638],[-123.57716107,55.31474122],[-123.57685647,55.31469849],[-123.57654391,55.31467108],[-123.57622722,55.31463832],[-123.57590182,55.31460699],[-123.57561854,55.31455002],[-123.57548845,55.31439585],[-123.57545173,55.31421141],[-123.57542931,55.31403196],[-123.57541578,55.31385216],[-123.57541718,55.3136663],[-123.57537502,55.313505],[-123.57509603,55.31344198],[-123.57476464,55.31340531],[-123.57444823,55.31338288],[-123.57413046,55.3133843],[-123.57382033,55.31335867],[-123.57351407,55.31331701],[-123.57320855,55.31327037],[-123.57290516,55.31321838],[-123.57260639,55.31316106],[-123.57231493,55.31309483],[-123.5720451,55.31299941],[-123.57177547,55.31290506],[-123.57148137,55.31284702],[-123.57117252,55.31281035],[-123.57085816,55.31278435],[-123.57054545,55.3127605],[-123.57023048,55.31275017],[-123.56990882,55.31273308],[-123.56964389,55.3127872],[-123.5694555,55.31294137],[-123.56918702,55.31302327],[-123.5688776,55.31306813],[-123.56856485,55.31310409],[-123.56825525,55.31313685],[-123.56794373,55.31316497],[-123.56763153,55.31319168],[-123.56732044,55.31321874],[-123.56700819,55.31324402],[-123.56669641,55.31326965],[-123.5663849,55.31329778],[-123.56607452,55.31333089],[-123.56576449,55.31336472],[-123.5654536,55.31339285],[-123.56514096,55.31340495],[-123.56482547,55.31338964],[-123.56451196,55.31336935],[-123.56420132,55.31333873],[-123.56389678,55.3132928],[-123.56358954,55.31325363],[-123.56327635,55.31322942],[-123.56296201,55.31321909],[-123.56264694,55.31322159],[-123.56233179,55.31323369],[-123.56201956,55.31325577],[-123.56171001,55.31328995],[-123.56140202,55.31332805],[-123.56109321,55.31336508],[-123.56078543,55.31340424],[-123.56047736,55.31344412],[-123.56016903,55.3134815],[-123.55985976,55.31351497],[-123.55954895,55.31354132],[-123.55923545,55.31355556],[-123.55892035,55.31356126],[-123.55860443,55.31356589],[-123.55828965,55.3135755],[-123.55797415,55.3135869],[-123.55765824,55.31359936],[-123.55734511,55.31361894],[-123.55703709,55.31365241],[-123.55673252,55.31369763],[-123.55643094,55.31375104],[-123.55613244,55.31381085],[-123.55583792,55.31387637],[-123.55554989,55.31394758],[-123.5552677,55.31402769],[-123.55498978,55.31411279],[-123.55471171,55.31419824],[-123.55443117,55.31428049],[-123.55415193,55.31436416],[-123.5538676,55.31444178],[-123.55357495,55.31450729],[-123.55327804,55.31456782],[-123.55297927,55.31462514],[-123.55267899,55.31467998],[-123.55237788,55.31473374],[-123.55207535,55.31478323],[-123.55176917,55.31482774],[-123.55146396,55.31487296],[-123.55116348,55.31492672],[-123.55086918,55.3149901],[-123.55057823,55.31505917],[-123.55029045,55.31513288],[-123.55000514,55.31520978],[-123.54972162,55.31528847],[-123.54943767,55.31536823],[-123.54915683,55.31545119],[-123.54888262,55.31553949],[-123.54861794,55.31563527],[-123.54836089,55.31574173],[-123.54811598,55.31585851],[-123.54789262,55.31598562],[-123.5477189,55.31612947],[-123.54762833,55.31630642],[-123.54746872,55.31645881],[-123.5472596,55.31659411],[-123.54704113,55.31672621],[-123.54683964,55.31686436],[-123.54668509,55.31701817],[-123.54657657,55.31718837],[-123.54646583,55.31735785],[-123.5463112,55.31751344],[-123.54612945,55.31766013],[-123.54593724,55.31780327],[-123.54574835,55.31794747],[-123.54554925,55.3180906],[-123.54535953,55.31823374],[-123.54523579,55.31839503],[-123.54520478,55.31857483],[-123.54516612,55.318755],[-123.5450799,55.31892733],[-123.54497986,55.31909823],[-123.54488343,55.31926949],[-123.54480498,55.31944431],[-123.54472556,55.31961842],[-123.54458592,55.31977722],[-123.54442997,55.31993139],[-123.54441435,55.32010871],[-123.54444104,55.32029136],[-123.54448889,55.32047117],[-123.54457295,55.32065276],[-123.54465154,55.32083078],[-123.54467364,55.3209967],[-123.54440908,55.32109996],[-123.54414344,55.32119965],[-123.54388243,55.32130184],[-123.54365811,55.32142503],[-123.54346762,55.32156852],[-123.54329611,55.32172091],[-123.54313453,55.32187508],[-123.54298342,55.32203281],[-123.54283834,55.32219268],[-123.54269451,55.32235255],[-123.54256304,55.32251598],[-123.54243884,55.32268154],[-123.5423227,55.32284889],[-123.54223648,55.32302122],[-123.54216555,55.32319604],[-123.54210329,55.32337264],[-123.54204834,55.32354817],[-123.54199872,55.32372762],[-123.54196426,55.32390672],[-123.54194488,55.32408724],[-123.5419255,55.32426775],[-123.54189132,55.32444614],[-123.54182707,55.32461989],[-123.5417265,55.32478902],[-123.54159932,55.32495422],[-123.54145638,55.32511658],[-123.54130894,55.32527609],[-123.54114389,55.32542955],[-123.54095934,55.32557696],[-123.54078951,55.32572828],[-123.5406611,55.32589028],[-123.54055947,55.32606048],[-123.54047554,55.32623494],[-123.54040365,55.32640905],[-123.54033847,55.32658672],[-123.54029477,55.32676546],[-123.54027895,55.32694491],[-123.54029534,55.32712365],[-123.54047266,55.32738072],[-123.53959492,55.32735152],[-123.53875712,55.32743413],[-123.53779335,55.32752029],[-123.53671545,55.3276855],[-123.53551948,55.32784857],[-123.53438044,55.3282032],[-123.53322387,55.32866144],[-123.53268699,55.32912894],[-123.53202701,55.32951739],[-123.53137858,55.32987059],[-123.53086545,55.33028005],[-123.52962214,55.33042034],[-123.52846011,55.33033952],[-123.52728039,55.33027792],[-123.52608329,55.33023484],[-123.52515366,55.33025086],[-123.52446575,55.33025406],[-123.52433751,55.33010167],[-123.52430559,55.33007497],[-123.52416156,55.32992293],[-123.52359526,55.32958362],[-123.52309027,55.32918163],[-123.52264814,55.32871627],[-123.52142171,55.32890997],[-123.52021431,55.32899008],[-123.51899503,55.32900111],[-123.51782493,55.32911007],[-123.51665007,55.32927171],[-123.51540882,55.32955264],[-123.51418674,55.32971963],[-123.51298384,55.32977268],[-123.5126092,55.32921688],[-123.51223411,55.32867639],[-123.51185995,55.32815086],[-123.51132217,55.32758687],[-123.51064752,55.32705066],[-123.51083496,55.32687904],[-123.51095949,55.32676155],[-123.51100119,55.32661165],[-123.51084755,55.32638983],[-123.51049873,55.32609573],[-123.50999428,55.32566633],[-123.50969668,55.32537721],[-123.50952236,55.32519313],[-123.50943672,55.32507849],[-123.5093341,55.32498912],[-123.50923449,55.32485773],[-123.50915233,55.3247203],[-123.50910284,55.32455901],[-123.50906909,55.3243881],[-123.5090511,55.32423571],[-123.5090493,55.32410077],[-123.50906337,55.32394802],[-123.50808219,55.32363754],[-123.50794258,55.32378495],[-123.50787895,55.32388001],[-123.50785378,55.32399003],[-123.50777652,55.32412391],[-123.50748315,55.32428805],[-123.50680718,55.32444649],[-123.50584101,55.32459034],[-123.50584647,55.3246174],[-123.50585811,55.32470107],[-123.50587515,55.32484171],[-123.50587714,55.32498556],[-123.5058778,55.32502152],[-123.50533645,55.32500585],[-123.50461608,55.32497772],[-123.50378508,55.32499624],[-123.50299812,55.32497345],[-123.50231479,55.32494034],[-123.5015877,55.32477869],[-123.50107042,55.3249706],[-123.50042742,55.32526256],[-123.49967059,55.32563108],[-123.49892329,55.32597574],[-123.49895009,55.32641297],[-123.49891703,55.32669461],[-123.49849116,55.32668749],[-123.49844422,55.32668749],[-123.49790406,55.32636027],[-123.49699828,55.32592375],[-123.49600128,55.32561221],[-123.49487673,55.32554776],[-123.49369008,55.32561363],[-123.49245902,55.32575926],[-123.49233194,55.32513474],[-123.49193743,55.32463912],[-123.49127424,55.32427238],[-123.49128173,55.32360728],[-123.49128864,55.32291547],[-123.49129621,55.32222366],[-123.49170053,55.32176969],[-123.49183725,55.32138872],[-123.49197427,55.32101166],[-123.49197881,55.32063104],[-123.49225057,55.320108],[-123.49238998,55.31949345],[-123.49240653,55.31883724],[-123.49216589,55.31821237],[-123.49180496,55.31792112],[-123.49144488,55.31770286],[-123.49162098,55.31763023],[-123.49192611,55.31752127],[-123.49239099,55.31733363],[-123.4927814,55.3171695],[-123.49309108,55.31701319],[-123.49310398,55.31693557],[-123.49309778,55.31684157],[-123.49307157,55.31673191],[-123.49321944,55.31663755],[-123.49344784,55.31656243],[-123.4935728,55.31644244],[-123.49372839,55.31630998],[-123.4939105,55.31618323],[-123.49402537,55.31609315],[-123.49408725,55.31601197],[-123.49411766,55.31595785],[-123.49417914,55.3158229],[-123.49423995,55.31564274],[-123.49400593,55.31526426],[-123.49382039,55.31481777],[-123.49382769,55.31413486],[-123.49377878,55.31371757],[-123.49366532,55.3134726],[-123.49346849,55.3134313],[-123.49322062,55.31350821],[-123.49297013,55.3135901],[-123.49275239,55.31371365],[-123.49245635,55.31381869],[-123.49199605,55.31382759],[-123.49137667,55.3137165],[-123.49074622,55.31345017],[-123.49019098,55.31310694],[-123.49045448,55.31277367],[-123.49064005,55.31249132],[-123.49071262,55.31235531],[-123.49075271,55.31226452],[-123.49076064,55.31217907],[-123.49074654,55.3120986],[-123.49070967,55.31202347],[-123.49070083,55.31200958],[-123.49063672,55.31189778],[-123.49046727,55.3117162],[-123.49008469,55.31149972],[-123.48937911,55.31142281],[-123.48842313,55.31160262],[-123.4873258,55.31200424],[-123.4873172,55.31133024],[-123.48732427,55.31062027],[-123.48658588,55.31037068],[-123.48598207,55.31021152],[-123.48567725,55.31005877],[-123.48547337,55.30983517],[-123.48541582,55.30946488],[-123.48507372,55.3090928],[-123.48467625,55.30865593],[-123.48414418,55.30820374],[-123.48374347,55.30767821],[-123.48336842,55.30703553],[-123.48285534,55.30643772],[-123.48246853,55.30589795],[-123.48207115,55.30546427],[-123.48196459,55.30504947],[-123.48176798,55.30468772],[-123.48177611,55.30435517],[-123.48182552,55.30409134],[-123.48146931,55.30416077],[-123.48113472,55.30426367],[-123.48082083,55.30440075],[-123.48061726,55.30448264],[-123.4805545,55.3045097],[-123.48041338,55.30457307],[-123.48024085,55.30463681],[-123.48014667,55.30466422],[-123.47983975,55.30471834],[-123.47954279,55.30476321],[-123.47925614,55.30479952],[-123.47903479,55.30489922],[-123.47876681,55.30500603],[-123.47845092,55.30511997],[-123.47815251,55.30518406],[-123.47789578,55.30522999],[-123.47771264,55.30525776],[-123.47756017,55.30528233],[-123.47730355,55.30533111],[-123.4770679,55.30536814],[-123.47702036,55.30536814],[-123.47641126,55.30521789],[-123.4757583,55.30517552],[-123.47547375,55.30509576],[-123.47517381,55.30505909],[-123.47476873,55.30500069],[-123.47425851,55.30492058],[-123.47378826,55.30479383],[-123.4733627,55.3046336],[-123.47291381,55.30443172],[-123.47254011,55.30392684],[-123.47229272,55.30344083],[-123.47217203,55.30297582],[-123.47230299,55.30253218],[-123.47244552,55.30212522],[-123.47272036,55.30169866],[-123.47287018,55.30120802],[-123.47301012,55.30063905],[-123.47298649,55.29993834],[-123.47294699,55.29925543],[-123.47292318,55.29858178],[-123.47275434,55.29791739],[-123.47232164,55.29731993],[-123.47162573,55.29678941],[-123.47146768,55.29612324],[-123.47117488,55.29547345],[-123.47063226,55.29488525],[-123.46996938,55.29433657],[-123.4689866,55.29394313],[-123.46777707,55.29360524],[-123.46618401,55.29338164],[-123.46493612,55.29319863],[-123.46403241,55.29301348],[-123.46311367,55.29295616],[-123.46206871,55.2929469],[-123.46090314,55.29294832],[-123.45963853,55.29298927],[-123.45839965,55.29294903],[-123.45835957,55.29223907],[-123.45779837,55.29166831],[-123.45697451,55.29121292],[-123.45588771,55.2908736],[-123.45460925,55.2906176],[-123.45347699,55.29078068],[-123.45225131,55.29101282],[-123.45202989,55.29091491],[-123.45177677,55.29082589],[-123.45158697,55.29074578],[-123.45141339,55.29056776],[-123.4513162,55.29028363],[-123.4512943,55.28989304],[-123.45109625,55.28929665],[-123.4505562,55.28884339],[-123.44967227,55.28853327],[-123.44986964,55.28831288],[-123.45038155,55.28808928],[-123.451208,55.28786247],[-123.45116884,55.28716176],[-123.45114472,55.28646105],[-123.4511056,55.28576034],[-123.45113563,55.2856343],[-123.45113425,55.28550861],[-123.45110089,55.28533806],[-123.45103548,55.28515861],[-123.45095618,55.28492504],[-123.45092565,55.28469147],[-123.45104233,55.28438562],[-123.45100328,55.28368491],[-123.45133145,55.28332423],[-123.45146702,55.2829372],[-123.45170867,55.28278552],[-123.4520197,55.28259966],[-123.45248777,55.28237926],[-123.45324517,55.2822696],[-123.45419867,55.28223506],[-123.4538341,55.28157743],[-123.45338967,55.28094437],[-123.45299511,55.2803957],[-123.45265041,55.2799314],[-123.45251805,55.27967754],[-123.45245007,55.27940195],[-123.45240166,55.27926737],[-123.45235212,55.27910608],[-123.45231949,55.27897113],[-123.45228528,55.27874682],[-123.45225139,55.27853105],[-123.45229367,55.27810877],[-123.45222843,55.27789016],[-123.45225699,55.27766834],[-123.45218716,55.2770399],[-123.45213796,55.27684514],[-123.45205668,55.27664469],[-123.45202392,55.2765101],[-123.45195849,55.27628578],[-123.45194073,55.2761512],[-123.45190795,55.27600735],[-123.45184224,55.27580084],[-123.45182457,55.27563029],[-123.45220379,55.27513965],[-123.45274497,55.27470634],[-123.45344685,55.27433034],[-123.45365475,55.2738041],[-123.45381242,55.27325044],[-123.45378897,55.27256753],[-123.4544009,55.27238559],[-123.45477667,55.27223142],[-123.45547832,55.2716539],[-123.4556818,55.27152715],[-123.45583784,55.2714189],[-123.45597839,55.27131031],[-123.45611845,55.27118427],[-123.45626337,55.27103686],[-123.45641414,55.27090441],[-123.45658622,55.27077801],[-123.45672597,55.27066051],[-123.45686638,55.27055227],[-123.45699096,55.27042588],[-123.45711513,55.27023681],[-123.45731079,55.27006733],[-123.45750259,55.26987791],[-123.45769054,55.26966855],[-123.4575814,55.26944424],[-123.45744263,55.26924699],[-123.4572747,55.26907715],[-123.45739875,55.26864134],[-123.45778642,55.2681126],[-123.45843692,55.26749129],[-123.45769434,55.26726021],[-123.45718425,55.26667807],[-123.45701966,55.26608061],[-123.45659659,55.26561312],[-123.45577993,55.26531937],[-123.45469549,55.265115],[-123.45352656,55.26519511],[-123.45237724,55.26513957],[-123.45124704,55.26494801],[-123.45122384,55.2642651],[-123.45118409,55.26356439],[-123.45103512,55.26289288],[-123.45063974,55.26226231],[-123.44999859,55.26167268],[-123.4494078,55.26108377],[-123.44867948,55.26051836],[-123.44937154,55.25986572],[-123.4499223,55.2590938],[-123.44867386,55.25909558],[-123.44748303,55.25904893],[-123.44630096,55.25891541],[-123.44515184,55.25885987],[-123.44395118,55.25886094],[-123.44273627,55.25890046],[-123.44150803,55.25897772],[-123.4403071,55.25896704],[-123.44026786,55.25828449],[-123.44024438,55.25759232],[-123.43947877,55.25723485],[-123.43869419,55.25682218],[-123.43796181,55.25632656],[-123.43735254,55.2559673],[-123.43662286,55.25555962],[-123.43592742,55.25509497],[-123.43516159,55.25460042],[-123.43443395,55.25424365],[-123.43499754,55.25367326],[-123.43532101,55.2530523],[-123.43540466,55.25238007],[-123.43529789,55.25176339],[-123.43510899,55.25122184],[-123.43525632,55.25083481],[-123.43531863,55.25027759],[-123.43527985,55.24959468],[-123.43420849,55.24947255],[-123.43301342,55.24903461],[-123.43182675,55.24887011],[-123.43048992,55.24886263],[-123.42912258,55.24896945],[-123.42944445,55.24821355],[-123.42940583,55.24753064],[-123.42924536,55.24690826],[-123.42881546,55.24643044],[-123.42811597,55.24609753],[-123.42746119,55.2458102],[-123.4270579,55.24535943],[-123.42690623,55.24474489],[-123.42669067,55.24373014],[-123.42564854,55.24330252],[-123.42614679,55.24266554],[-123.42611528,55.24201966],[-123.42542201,55.241398],[-123.4243324,55.24082689],[-123.42338664,55.24081514],[-123.42265587,55.24060507],[-123.42226807,55.24013187],[-123.42211602,55.23949561],[-123.42207745,55.2387949],[-123.42140455,55.23842781],[-123.42085819,55.23799022],[-123.41969478,55.2380212],[-123.41950408,55.23787806],[-123.41946048,55.23734612],[-123.41927907,55.23686937],[-123.41889656,55.23640044],[-123.41850906,55.23593152],[-123.41736168,55.23567267],[-123.41622293,55.23534617],[-123.41618396,55.23464546],[-123.41616076,55.2339444],[-123.41612197,55.23326184],[-123.41610003,55.2326149],[-123.41606173,55.23195905],[-123.41603905,55.2313032],[-123.41600033,55.23061139],[-123.41597754,55.22993738],[-123.41593886,55.22924557],[-123.41591567,55.2285356],[-123.41625162,55.22805529],[-123.41671954,55.22757747],[-123.41719628,55.22703769],[-123.41768059,55.22643596],[-123.41789405,55.22580005],[-123.41796155,55.22520402],[-123.41782582,55.224791],[-123.41828193,55.22431923],[-123.41853702,55.22379192],[-123.41841548,55.22335006],[-123.41791744,55.22299329],[-123.41849061,55.22236949],[-123.41894143,55.2217318],[-123.41930882,55.22126644],[-123.41980632,55.22077722],[-123.42030353,55.22022855],[-123.42080011,55.2196197],[-123.42103256,55.21896171],[-123.42113727,55.21830943],[-123.42113775,55.21830052],[-123.42208219,55.21795622],[-123.42266197,55.21776039],[-123.42287774,55.21771304],[-123.42300434,55.21760373],[-123.42312623,55.21741965],[-123.42322931,55.21693649],[-123.42215076,55.21654163],[-123.42103709,55.2162429],[-123.42107405,55.21574585],[-123.42116986,55.21539799],[-123.42103262,55.21484717],[-123.42095325,55.21423049],[-123.42053385,55.21375552],[-123.42011561,55.21328695],[-123.41969633,55.21282408],[-123.41965833,55.21215008],[-123.41950484,55.21153945],[-123.41922177,55.21101925],[-123.41881422,55.21059235],[-123.41853273,55.21007607],[-123.41837283,55.20946758],[-123.41822816,55.20884306],[-123.41794897,55.20835669],[-123.41752199,55.20807969],[-123.41706821,55.20794439],[-123.41718695,55.20730598],[-123.41763963,55.2066334],[-123.41821034,55.20596367],[-123.41818724,55.20527186],[-123.41803582,55.20467511],[-123.41777249,55.20415599],[-123.41733834,55.20374902],[-123.41690752,55.20327227],[-123.41647955,55.20272537],[-123.416059,55.20236042],[-123.4157929,55.20193921],[-123.41568091,55.20146103],[-123.41538172,55.20141723],[-123.41514541,55.20134602],[-123.41515885,55.20115732],[-123.41521972,55.20095935],[-123.41528571,55.20077954],[-123.41537305,55.20059938],[-123.41547144,55.20047049],[-123.41555933,55.20039216],[-123.41605092,55.20054313],[-123.41653918,55.20066383],[-123.41691455,55.20067664],[-123.41715092,55.20066917],[-123.41724889,55.2006414],[-123.41801228,55.20057268],[-123.41802324,55.20010518],[-123.41803433,55.19965584],[-123.4172136,55.19948885],[-123.41645978,55.19936459],[-123.41652078,55.19918479],[-123.41656619,55.19900498],[-123.41574724,55.19879206],[-123.41435967,55.1983413],[-123.41334071,55.19801551],[-123.41292155,55.19785991],[-123.41273551,55.19775096],[-123.41276131,55.197715],[-123.41279787,55.19767868],[-123.41295275,55.19750742],[-123.41312358,55.1973091],[-123.41331014,55.19712894],[-123.41340316,55.1970118],[-123.41360608,55.19683128],[-123.41365221,55.19676826],[-123.4138389,55.196597],[-123.41397855,55.19639868],[-123.41407091,55.19621851],[-123.4141017,55.19618255],[-123.41414819,55.19609247],[-123.41419336,55.19589486],[-123.41425363,55.1956969],[-123.41431467,55.19550783],[-123.41435997,55.19531913],[-123.41437346,55.19513042],[-123.41440304,55.19492355],[-123.41438638,55.19483383],[-123.41430581,55.19466328],[-123.41420999,55.19447493],[-123.41406676,55.19429583],[-123.41397165,55.19421501],[-123.41373435,55.19405407],[-123.41351305,55.1939291],[-123.41329149,55.19377706],[-123.41303874,55.19362503],[-123.41338312,55.19336333],[-123.4135932,55.19292823],[-123.4136255,55.19249777],[-123.41353266,55.19212676],[-123.41333232,55.19197473],[-123.41306736,55.19186364],[-123.41342702,55.19134736],[-123.41364663,55.19081649],[-123.41360617,55.19031944],[-123.41325679,55.18989823],[-123.41266684,55.18957351],[-123.41152506,55.18969136],[-123.41043936,55.18984162],[-123.41024891,55.18968068],[-123.41018576,55.18961802],[-123.4100113,55.18948378],[-123.40991063,55.18935525],[-123.40982022,55.18919681],[-123.40969166,55.18897249],[-123.40959592,55.18878414],[-123.40955013,55.18859258],[-123.4095742,55.18840103],[-123.40969292,55.18820983],[-123.4098706,55.18801934],[-123.41005706,55.18783028],[-123.41025939,55.18764976],[-123.4103865,55.18746247],[-123.41032162,55.18724421],[-123.40975791,55.18691344],[-123.4088029,55.18648653],[-123.40766847,55.1861668],[-123.40783988,55.18601334],[-123.40746451,55.1857196],[-123.40703692,55.18554228],[-123.40640074,55.18552092],[-123.40563743,55.1855608],[-123.40472329,55.18554513],[-123.40381309,55.18543369],[-123.40382719,55.18523608],[-123.40385627,55.18502921],[-123.40394624,55.18461548],[-123.40399141,55.18439971],[-123.40403609,55.18419285],[-123.40406593,55.18399488],[-123.40407929,55.18378837],[-123.4040929,55.18359966],[-123.40406493,55.18343196],[-123.40402733,55.18329417],[-123.40396211,55.18308766],[-123.40391298,55.18287225],[-123.40391199,55.18278252],[-123.40392574,55.18260272],[-123.40397118,55.18240475],[-123.40403221,55.18220679],[-123.40406224,55.18210211],[-123.40407727,55.18203588],[-123.40409207,55.18196716],[-123.40410722,55.1819191],[-123.40382098,55.1817133],[-123.40341761,55.18148115],[-123.40254488,55.18114255],[-123.40214793,55.18105282],[-123.40165502,55.18097057],[-123.40112833,55.18082566],[-123.40059858,55.18067754],[-123.40007496,55.18031472],[-123.39947959,55.1798077],[-123.39883854,55.17937332],[-123.39814864,55.1791191],[-123.39751085,55.17902831],[-123.39707158,55.17887093],[-123.39680447,55.17868116],[-123.39639122,55.17856259],[-123.39600072,55.17841412],[-123.39585469,55.1782717],[-123.39571733,55.17813248],[-123.39558879,55.17799611],[-123.39523109,55.17781452],[-123.39493925,55.17760588],[-123.39468705,55.17734881],[-123.39446086,55.17721493],[-123.39379317,55.17693543],[-123.39268448,55.17651066],[-123.39282664,55.17623757],[-123.39290958,55.17597979],[-123.392866,55.17576331],[-123.39282345,55.17555964],[-123.39278365,55.17536916],[-123.39282857,55.17517119],[-123.3928898,55.17499139],[-123.39297443,55.17475247],[-123.39297257,55.17456377],[-123.39288422,55.17442526],[-123.39295103,55.17429922],[-123.39299129,55.17414647],[-123.39298909,55.1739218],[-123.392973,55.17387089],[-123.39300092,55.1737071],[-123.39306907,55.17354403],[-123.39321062,55.17323106],[-123.39313321,55.17297364],[-123.39283607,55.17277211],[-123.39282569,55.17272404],[-123.39280399,55.17267313],[-123.39278781,55.17261936],[-123.39278937,55.17245451],[-123.39279806,55.17226901],[-123.39281358,55.17206214],[-123.39279528,55.1717805],[-123.39269841,55.17152344],[-123.39263361,55.17133473],[-123.39256917,55.17113747],[-123.39255153,55.17092171],[-123.39256575,55.17077786],[-123.39258041,55.17068814],[-123.39259543,55.17062512],[-123.39265609,55.17043605],[-123.392717,55.17022028],[-123.3927831,55.17002552],[-123.39292787,55.1698151],[-123.39315042,55.16958972],[-123.39403884,55.16896698],[-123.39470833,55.16835065],[-123.39504232,55.16772542],[-123.39517022,55.16709806],[-123.39509221,55.1664682],[-123.39482452,55.16583728],[-123.39456502,55.16500234],[-123.39501171,55.16499984],[-123.39548578,55.16494537],[-123.39596016,55.16482111],[-123.39651042,55.1647264],[-123.39713578,55.16466159],[-123.39748166,55.16466943],[-123.39781609,55.1646502],[-123.39812471,55.16462243],[-123.39821863,55.16458611],[-123.39835897,55.16451383],[-123.39850436,55.16441841],[-123.39867564,55.16424395],[-123.39887207,55.16399079],[-123.39928568,55.16403744],[-123.39966199,55.16402711],[-123.40000148,55.16396017],[-123.40085102,55.16342823],[-123.40177071,55.16296287],[-123.40243941,55.16254914],[-123.4029973,55.16213505],[-123.40397426,55.16202396],[-123.40500428,55.16197554],[-123.40621098,55.16174695],[-123.40739134,55.16156323],[-123.40856007,55.16138663],[-123.40973783,55.16127981],[-123.41094669,55.16133571],[-123.41152705,55.16112991],[-123.41187955,55.16080234],[-123.41200369,55.16035265],[-123.4120285,55.1597057],[-123.41203755,55.15902244],[-123.41206189,55.15838439],[-123.41208641,55.15770148],[-123.41209607,55.15708124],[-123.4134554,55.15651049],[-123.41382854,55.15620571],[-123.41426655,55.15601273],[-123.41467799,55.15589737],[-123.41503296,55.15580444],[-123.41529813,55.15565952],[-123.41553211,55.15552387],[-123.41578229,55.15538821],[-123.41610812,55.15525042],[-123.41642616,55.1551226],[-123.41673516,55.15500474],[-123.41695558,55.15488404],[-123.41710656,55.15479467],[-123.41718748,55.15473664],[-123.41737761,55.15470886],[-123.41772219,55.15468287],[-123.41824456,55.15461807],[-123.4187884,55.15441761],[-123.4192632,55.15410642],[-123.41955442,55.15378384],[-123.41987373,55.15348725],[-123.41962128,55.15338008],[-123.41935327,55.1532284],[-123.41910025,55.15306746],[-123.41881583,55.15288872],[-123.41857374,55.15274381],[-123.418295,55.15259712],[-123.41796435,55.15246929],[-123.41776997,55.15238028],[-123.41773243,55.15230551],[-123.41768776,55.15221151],[-123.41778074,55.15206553],[-123.41779187,55.15180205],[-123.41792888,55.15143888],[-123.41793047,55.15104864],[-123.41798441,55.15074885],[-123.41797569,55.1505281],[-123.41805719,55.15031838],[-123.41811196,55.15010546],[-123.41806817,55.14989895],[-123.41799821,55.14969244],[-123.41791764,55.14949519],[-123.41785279,55.14929758],[-123.41777787,55.14915694],[-123.41771107,55.14907754],[-123.41762975,55.1490017],[-123.41759824,55.148975],[-123.41744529,55.14883471],[-123.41736169,55.14868019],[-123.41729489,55.14849967],[-123.4172931,55.14831096],[-123.41727562,55.14811335],[-123.41725763,55.14792464],[-123.41725585,55.14773593],[-123.41723741,55.14750236],[-123.41723575,55.14732256],[-123.41721828,55.14712495],[-123.4171847,55.1469455],[-123.41718103,55.14655918],[-123.41719412,55.14635231],[-123.41719222,55.14615471],[-123.41693432,55.14546361],[-123.4167548,55.14480812],[-123.41661159,55.14464398],[-123.41645299,55.14448553],[-123.41636372,55.14441397],[-123.41621605,55.14430679],[-123.41613675,55.14423523],[-123.41595346,55.14406397],[-123.41580933,55.1439098],[-123.41570806,55.14375135],[-123.41554902,55.14356336],[-123.4154595,55.14345262],[-123.41534289,55.14332729],[-123.41519997,55.14318701],[-123.41513699,55.14312434],[-123.41508419,55.14307343],[-123.41503462,55.14300079],[-123.41498275,55.14290929],[-123.41494787,55.14273162],[-123.41493208,55.14254683],[-123.41497724,55.14236382],[-123.41506412,55.14219006],[-123.4151935,55.14201595],[-123.41529615,55.14183864],[-123.41527811,55.14164103],[-123.41529183,55.14144342],[-123.41529139,55.14139856],[-123.41530021,55.14122374],[-123.41514578,55.1410628],[-123.41482872,55.14091575],[-123.41428864,55.14073808],[-123.41358598,55.14049917],[-123.41291469,55.14019083],[-123.41227335,55.13981199],[-123.41139971,55.13957237],[-123.41051394,55.1393687],[-123.40975466,55.13911448],[-123.40925584,55.13874988],[-123.4087463,55.13835502],[-123.40810368,55.13804383],[-123.40812827,55.13736983],[-123.40813854,55.13683966],[-123.40804344,55.13622868],[-123.40770755,55.13563087],[-123.4071318,55.13504552],[-123.40824759,55.13493016],[-123.40925067,55.13484684],[-123.41001462,55.13473433],[-123.41040774,55.13434089],[-123.41055282,55.13369537],[-123.41056377,55.13322787],[-123.41072334,55.13262329],[-123.41101783,55.13208815],[-123.41144143,55.13159537],[-123.41172413,55.13114425],[-123.41187202,55.13076114],[-123.4120739,55.13059878],[-123.41230746,55.13041826],[-123.41256096,55.13019181],[-123.41318283,55.13013591],[-123.41417198,55.1302502],[-123.41417994,55.12952243],[-123.41527017,55.12924614],[-123.41607681,55.12891073],[-123.41660034,55.12851658],[-123.4176417,55.12826236],[-123.41856105,55.12786572],[-123.41935887,55.12732701],[-123.42011194,55.12686913],[-123.42087602,55.12645611],[-123.42138551,55.12603668],[-123.42176868,55.12567208],[-123.42202521,55.12536161],[-123.4223993,55.12514477],[-123.42200302,55.12474457],[-123.42157812,55.12443765],[-123.42125562,55.12424787],[-123.42111925,55.12408266],[-123.42116259,55.12390891],[-123.42128608,55.12369279],[-123.42139367,55.12351262],[-123.42127559,55.12333923],[-123.42101906,55.12316334],[-123.42048835,55.12289772],[-123.4198533,55.12262534],[-123.41895125,55.12233587],[-123.41792393,55.12209874],[-123.41676809,55.12198302],[-123.41560641,55.12190612],[-123.41470284,55.12176726],[-123.41412841,55.12165652],[-123.4139222,55.12157428],[-123.41379415,55.12149274],[-123.41382062,55.12137275],[-123.41391612,55.12117194],[-123.41415252,55.12079951],[-123.41424556,55.12035408],[-123.41409907,55.11997703],[-123.4135979,55.1197431],[-123.41295933,55.11963557],[-123.41221153,55.11960815],[-123.4122202,55.11892525],[-123.41264744,55.11878283],[-123.41329795,55.11851721],[-123.41224489,55.11827794],[-123.41152148,55.11803796],[-123.41103312,55.11785068],[-123.40988595,55.1175491],[-123.40987214,55.11723471],[-123.40991124,55.11698298],[-123.40998768,55.11679392],[-123.40998729,55.11674905],[-123.40997507,55.11655145],[-123.40991996,55.11628191],[-123.4098051,55.11579697],[-123.40956438,55.11524972],[-123.40907115,55.11470496],[-123.40845626,55.1141869],[-123.40774715,55.11383583],[-123.40733399,55.1133071],[-123.4068506,55.11290333],[-123.40645033,55.112569],[-123.40607549,55.11235857],[-123.40585709,55.1121599],[-123.40550805,55.11192134],[-123.40508516,55.11158914],[-123.40434469,55.11119927],[-123.40360197,55.11083325],[-123.40296267,55.11046402],[-123.40263373,55.1099627],[-123.40210663,55.10951229],[-123.40125422,55.10926733],[-123.40046712,55.10910639],[-123.39966527,55.10903198],[-123.39900901,55.10886926],[-123.39845562,55.10858869],[-123.39807337,55.10831738],[-123.3978807,55.1080742],[-123.39783717,55.10788193],[-123.39784384,55.10768717],[-123.39785057,55.1074892],[-123.39785589,55.10728554],[-123.39780126,55.10706407],[-123.39757316,55.10686504],[-123.39706105,55.10673508],[-123.39632608,55.10668452],[-123.39630902,55.10656774],[-123.39622839,55.10636123],[-123.39617939,55.10614582],[-123.39614606,55.10593931],[-123.3961439,55.10572354],[-123.3961574,55.10551667],[-123.39617128,55.10530126],[-123.396216,55.10510329],[-123.39629211,55.10486047],[-123.39638433,55.1046803],[-123.39650732,55.10445528],[-123.39659919,55.10423025],[-123.39662904,55.10405045],[-123.39664225,55.10381688],[-123.39662444,55.10359221],[-123.39671586,55.1033622],[-123.39691755,55.10310905],[-123.39728572,55.10282314],[-123.39770869,55.10246245],[-123.39797817,55.10207222],[-123.3979209,55.10175676],[-123.39787469,55.10150717],[-123.39784003,55.1013238],[-123.39796348,55.10115254],[-123.39813388,55.10093641],[-123.39822601,55.10074735],[-123.39833361,55.10054939],[-123.39845753,55.10035106],[-123.3986119,55.100162],[-123.39875163,55.09999964],[-123.39878229,55.09994588],[-123.39892202,55.09978352],[-123.39912393,55.099603],[-123.39927927,55.0994588],[-123.39932574,55.09941358],[-123.3994802,55.09923342],[-123.39960423,55.09907141],[-123.39974324,55.09890015],[-123.39995461,55.09874064],[-123.4001914,55.09857223],[-123.40045437,55.09839456],[-123.4006095,55.09824323],[-123.40088122,55.09807767],[-123.40121978,55.09783983],[-123.40169921,55.09750692],[-123.40189754,55.09717971],[-123.40202893,55.09693261],[-123.40210255,55.0967706],[-123.40220795,55.09667554],[-123.40229027,55.09660041],[-123.40233738,55.09656124],[-123.40239427,55.09652706],[-123.40246156,55.09649181],[-123.40262785,55.09640458],[-123.40271661,55.09635331],[-123.40279923,55.09630489],[-123.40294503,55.09622976],[-123.40305444,55.09619344],[-123.40316395,55.09616602],[-123.40336132,55.09606669],[-123.40361073,55.09596486],[-123.40394341,55.09580997],[-123.4043604,55.09568785],[-123.40483427,55.09553154],[-123.40562003,55.09579858],[-123.40603909,55.09588474],[-123.40639446,55.09591964],[-123.40669048,55.09592462],[-123.40703004,55.09592355],[-123.40739752,55.09593032],[-123.407862,55.09588083],[-123.40878149,55.09541333],[-123.40947325,55.09508754],[-123.40993604,55.09490346],[-123.41023284,55.09465957],[-123.41068399,55.09448724],[-123.41102436,55.09440641],[-123.41134061,55.09431455],[-123.41161075,55.0941878],[-123.41190214,55.09406994],[-123.41215137,55.09397915],[-123.41232336,55.09390687],[-123.4124532,55.09384029],[-123.41265043,55.093726],[-123.41286774,55.09353658],[-123.41306607,55.09336318],[-123.41321554,55.09316771],[-123.41331649,55.09295087],[-123.4136444,55.09237158],[-123.41404326,55.09184711],[-123.41440093,55.09142661],[-123.41472848,55.09115459],[-123.41489751,55.09095235],[-123.41501729,55.09077931],[-123.41509375,55.09058134],[-123.41519303,55.09042041],[-123.4153378,55.09026695],[-123.41555383,55.09014162],[-123.41581937,55.09003979],[-123.41612173,55.09000169],[-123.41640903,55.08998068],[-123.41660211,55.08997712],[-123.41677877,55.08990556],[-123.41706995,55.08977595],[-123.41747533,55.0895876],[-123.41797698,55.08944839],[-123.41844736,55.08932483],[-123.41888692,55.08921731],[-123.41905934,55.08906314],[-123.41915987,55.08888084],[-123.41931181,55.08857107],[-123.4196319,55.08822428],[-123.42016269,55.0878871],[-123.42078661,55.08760831],[-123.42115573,55.08746909],[-123.42123292,55.08737296],[-123.42132586,55.08723516],[-123.4214032,55.08714473],[-123.42148046,55.0870728],[-123.42151203,55.08704574],[-123.42168203,55.08685632],[-123.42172844,55.08682036],[-123.42200905,55.08667545],[-123.4221389,55.08662097],[-123.42224331,55.08658466],[-123.42240483,55.08653338],[-123.42251574,55.08650704],[-123.42263376,55.08648461],[-123.42278638,55.08643227],[-123.42293536,55.08638277],[-123.4230813,55.08633613],[-123.42331311,55.08634432],[-123.42362041,55.08628949],[-123.42400395,55.08617128],[-123.42449491,55.0858722],[-123.42495883,55.08562866],[-123.42539592,55.08544173],[-123.42630222,55.08524982],[-123.42540181,55.0848343],[-123.42457222,55.08444193],[-123.42392457,55.0840809],[-123.42335243,55.08380923],[-123.42301072,55.08357957],[-123.42278896,55.08338375],[-123.42266156,55.08315943],[-123.42253432,55.08296218],[-123.42246948,55.08278273],[-123.42230913,55.08240603],[-123.42219687,55.08219952],[-123.42203834,55.08198446],[-123.42189489,55.08179646],[-123.42170469,55.08157215],[-123.42156206,55.08140196],[-123.42149855,55.08131223],[-123.42127731,55.08113349],[-123.42108718,55.08092734],[-123.42100236,55.08083192],[-123.42089675,55.08069448],[-123.42081624,55.08048797],[-123.42079855,55.08028146],[-123.42079332,55.07979616],[-123.42074995,55.07964342],[-123.42071248,55.07954479],[-123.42042817,55.07931798],[-123.42011264,55.07909759],[-123.4198445,55.07896371],[-123.41965324,55.07880456],[-123.41947599,55.07862938],[-123.41935382,55.07844423],[-123.41933644,55.07826442],[-123.41931993,55.07821956],[-123.41927127,55.07802195],[-123.41919649,55.07769795],[-123.41920731,55.07742628],[-123.41941515,55.0769951],[-123.41961707,55.07652511],[-123.41981369,55.07601631],[-123.41985566,55.07565777],[-123.41987798,55.07535192],[-123.41988283,55.07509948],[-123.41997432,55.07489225],[-123.41998944,55.07483849],[-123.41999425,55.07479932],[-123.42005266,55.07472028],[-123.42015906,55.07459531],[-123.42028711,55.07448279],[-123.42046253,55.07430762],[-123.42068623,55.07406906],[-123.42090143,55.07366708],[-123.42071682,55.07352679],[-123.42046525,55.07326118],[-123.420316,55.07294607],[-123.42032636,55.07261779],[-123.42048078,55.07238137],[-123.42065955,55.07219801],[-123.42080584,55.07203173],[-123.42105892,55.0717654],[-123.42134388,55.07156566],[-123.42166056,55.07143285],[-123.42203555,55.07134455],[-123.42241046,55.0712534],[-123.42255003,55.07109139],[-123.4226367,55.07091729],[-123.42270278,55.07074033],[-123.42270155,55.07064134],[-123.4227164,55.07053346],[-123.42288555,55.07040101],[-123.42302634,55.07023295],[-123.42313336,55.06999689],[-123.42321515,55.06981495],[-123.42327125,55.06968677],[-123.42344657,55.06964119],[-123.42381164,55.06963194],[-123.42435438,55.06959419],[-123.42487195,55.06935778],[-123.42526775,55.06894297],[-123.42525806,55.06870335],[-123.42534045,55.06844842],[-123.42553455,55.06818031],[-123.4255613,55.06789262],[-123.42542008,55.06758535],[-123.42524579,55.06704094],[-123.42504654,55.06648158],[-123.42482295,55.06590727],[-123.42455262,55.06550066],[-123.42442818,55.06526958],[-123.42439663,55.06506378],[-123.42440687,55.06501287],[-123.42441648,55.06496195],[-123.42442585,55.06486297],[-123.42443989,55.06473123],[-123.42446909,55.06452437],[-123.4245301,55.0643264],[-123.42474014,55.0641441],[-123.42497981,55.06396536],[-123.4249452,55.06362711],[-123.42497325,55.06334548],[-123.42495981,55.06303607],[-123.42490467,55.06275265],[-123.4251822,55.06251018],[-123.42541594,55.06227447],[-123.42517983,55.06196684],[-123.42512894,55.06160153],[-123.42526376,55.0611789],[-123.4253649,55.06089192],[-123.42538308,55.06065123],[-123.42526113,55.06046288],[-123.42504374,55.06013994],[-123.4248408,55.05967066],[-123.42469317,55.05906003],[-123.42458176,55.05852203],[-123.42437836,55.05809655],[-123.42408359,55.05783984],[-123.42387515,55.05768674],[-123.42362656,55.05757102],[-123.42333798,55.05736914],[-123.42291684,55.05702626],[-123.42249066,55.05655129],[-123.42257566,55.05620663],[-123.4228297,55.05587728],[-123.42306261,55.05555398],[-123.42316168,55.05518404],[-123.42298362,55.05481232],[-123.42279381,55.05458944],[-123.42259467,55.05436049],[-123.42238682,55.0541255],[-123.42205686,55.05356123],[-123.42178845,55.05310221],[-123.42171562,55.05216187],[-123.42216953,55.0513045],[-123.4228701,55.05078466],[-123.42355255,55.05034102],[-123.4241904,55.04999422],[-123.42464163,55.04955664],[-123.42521435,55.04916391],[-123.42516173,55.04857999],[-123.42499937,55.0480395],[-123.42472836,55.04760511],[-123.42430003,55.04734413],[-123.42389016,55.04710486],[-123.42350049,55.04688767],[-123.42349975,55.04686061],[-123.42345089,55.0466808],[-123.42343498,55.04662704],[-123.42339777,55.04656152],[-123.42335513,55.04650171],[-123.42318112,55.04631336],[-123.42313205,55.04613106],[-123.42311958,55.04591244],[-123.42327855,55.04565608],[-123.42335694,55.04533848],[-123.42355145,55.04496036],[-123.4237254,55.04452312],[-123.42391909,55.04405136],[-123.42411821,55.0436483],[-123.42420286,55.0432805],[-123.42448053,55.04289205],[-123.4247179,55.04248971],[-123.42504312,55.04217638],[-123.42526361,55.0419656],[-123.42525272,55.04159744],[-123.42517721,55.04122928],[-123.42532147,55.04100889],[-123.42548958,55.04081982],[-123.42568243,55.04066138],[-123.42589853,55.04052964],[-123.42619995,55.04039897],[-123.42658634,55.04026866],[-123.42730185,55.04005538],[-123.4278795,55.03973102],[-123.42825041,55.03929841],[-123.42845272,55.03886937],[-123.4286509,55.03856886],[-123.42888394,55.03838051],[-123.42911512,55.03824379],[-123.42934715,55.0380063],[-123.42954305,55.03775991],[-123.42972267,55.03751993],[-123.4304162,55.03747258],[-123.43111494,55.03743982],[-123.4318186,55.03742237],[-123.43192644,55.03725147],[-123.43203333,55.03699938],[-123.4321249,55.03680142],[-123.43217036,55.03668428],[-123.43230924,55.03649521],[-123.43249487,55.03630579],[-123.43271229,55.03614343],[-123.43278971,55.03607115],[-123.43292874,55.03588173],[-123.43349872,55.03599959],[-123.43440348,55.03609038],[-123.43526831,55.03618616],[-123.43597415,55.03633036],[-123.43644066,55.03656144],[-123.43723222,55.03640656],[-123.43775206,55.03629013],[-123.43800096,55.03629226],[-123.43823752,55.03630935],[-123.43849715,55.03635208],[-123.43881603,55.03627731],[-123.4392061,55.03614699],[-123.43945761,55.03626271],[-123.43997092,55.0364888],[-123.44066762,55.03675264],[-123.44009401,55.03709018],[-123.43964325,55.03748433],[-123.43999681,55.03740528],[-123.44035126,55.037359],[-123.44092981,55.03733906],[-123.44175863,55.03731485],[-123.442801,55.0372212],[-123.44323806,55.03715676],[-123.44345827,55.03724577],[-123.44380746,55.03737644],[-123.44425173,55.03746759],[-123.44479154,55.03751957],[-123.44585872,55.03782115],[-123.44628741,55.03773463],[-123.44659283,55.03751495],[-123.44677452,55.03716174],[-123.44747062,55.03733906],[-123.4478214,55.03735187],[-123.44813742,55.03729775],[-123.44840178,55.03715569],[-123.44867192,55.03687334],[-123.44891139,55.03654292],[-123.44998964,55.03642222],[-123.45052654,55.03640228],[-123.45097485,55.03634674],[-123.45107365,55.03631327],[-123.45114638,55.03629191],[-123.45141817,55.03620005],[-123.45177473,55.0360619],[-123.4522838,55.03587746],[-123.4527872,55.03565671],[-123.45326387,55.03536759],[-123.45356608,55.03490793],[-123.45387372,55.03444257],[-123.45418694,55.03397116],[-123.45451509,55.0335058],[-123.45491353,55.03308886],[-123.45541881,55.03271144],[-123.45613093,55.03234934],[-123.45693918,55.03203779],[-123.45777666,55.03181882],[-123.45789938,55.03163866],[-123.45794573,55.03158454],[-123.45800742,55.03150656],[-123.45808463,55.03142254],[-123.4582545,55.03120605],[-123.45848624,55.03093546],[-123.45870294,55.03077309],[-123.45892023,55.03059258],[-123.45895123,55.03055626],[-123.45904406,55.03048113],[-123.45918325,55.03035794],[-123.4593078,55.0302675],[-123.45941612,55.03016816],[-123.45952444,55.03006882],[-123.45962755,55.02996094],[-123.45975612,55.02980748],[-123.45990585,55.02967218],[-123.46000364,55.029591],[-123.46023651,55.02940123],[-123.46045329,55.02924777],[-123.46067066,55.02907615],[-123.46088807,55.02892269],[-123.46108938,55.02875997],[-123.46132236,55.02859726],[-123.46160185,55.02842564],[-123.4618824,55.02835479],[-123.46214206,55.02825296],[-123.46240226,55.02806923],[-123.46265769,55.02790937],[-123.46290819,55.02777371],[-123.46305914,55.02773419],[-123.46324611,55.02768861],[-123.46346986,55.02763663],[-123.4638445,55.02755438],[-123.46392283,55.02754512],[-123.46398995,55.02752376],[-123.46407874,55.02749955],[-123.46437422,55.0273906],[-123.46471947,55.02730123],[-123.46512633,55.02731191],[-123.46559509,55.02742193],[-123.46576462,55.02705876],[-123.46596242,55.0267465],[-123.46625394,55.02669131],[-123.46672295,55.02650581],[-123.46717203,55.02625657],[-123.46778831,55.02590978],[-123.4686232,55.02552204],[-123.46956831,55.02519589],[-123.47058688,55.02490428],[-123.47148571,55.02459559],[-123.47236264,55.02424167],[-123.47252777,55.02367484],[-123.47255218,55.02307239],[-123.47300022,55.02261736],[-123.47332334,55.02212601],[-123.47371848,55.02202845],[-123.4743674,55.0218433],[-123.47544897,55.02200993],[-123.47648685,55.02203878],[-123.47751383,55.02201065],[-123.47849705,55.02185398],[-123.47951089,55.0216254],[-123.4798625,55.02121772],[-123.48036216,55.02085811],[-123.48032341,55.02024748],[-123.48088008,55.0198608],[-123.48119266,55.01938903],[-123.48126085,55.01883288],[-123.48216164,55.01872428],[-123.48294103,55.01852667],[-123.48357982,55.01831447],[-123.48433299,55.01810653],[-123.4852068,55.01791035],[-123.48630178,55.01777327],[-123.48749715,55.0176458],[-123.48909661,55.01756142],[-123.48951724,55.01715943],[-123.49005736,55.01681157],[-123.49073472,55.01709641],[-123.49141451,55.01726732],[-123.49209659,55.01732464],[-123.49307648,55.01744962],[-123.49396834,55.01749661],[-123.49477298,55.01746671],[-123.49523905,55.01749946],[-123.49567822,55.01763156],[-123.49602424,55.01793563],[-123.49626945,55.01837713],[-123.49630916,55.01901482],[-123.49711238,55.01878303],[-123.49801766,55.01861462],[-123.49902376,55.01850958],[-123.4996045,55.01893863],[-123.50006735,55.01940399],[-123.50109615,55.01952042],[-123.50211996,55.01971909],[-123.50316237,55.02007016],[-123.50426005,55.02029946],[-123.50541329,55.02040627],[-123.50643079,55.02046218],[-123.5074214,55.02047286],[-123.50823776,55.02044936],[-123.50904154,55.02038206],[-123.50880968,55.02015561],[-123.50845716,55.01991742],[-123.50958178,55.01978674],[-123.50997205,55.01974046],[-123.5108482,55.01978354],[-123.51171367,55.01964717],[-123.51256859,55.019331],[-123.51333576,55.01898634],[-123.51410792,55.01891121],[-123.51485284,55.01911772],[-123.51553432,55.019681],[-123.51614322,55.02044224],[-123.5165655,55.0204134],[-123.51703299,55.01949193],[-123.5177842,55.01872464],[-123.51866056,55.01808909],[-123.51937328,55.01755786],[-123.51967339,55.01709428],[-123.51971852,55.01672149],[-123.51974641,55.01655557],[-123.51981302,55.01636472],[-123.51988879,55.0161575],[-123.52007018,55.01568965],[-123.5201769,55.01547353],[-123.52025292,55.01530227],[-123.52032865,55.0151043],[-123.52040433,55.01488818],[-123.52049481,55.01466315],[-123.52055468,55.01442032],[-123.52062939,55.01415934],[-123.5208728,55.01365517],[-123.52097929,55.01340308],[-123.52105401,55.0131421],[-123.5210826,55.01296229],[-123.52110936,55.01260268],[-123.5211541,55.01242287],[-123.52119827,55.01223381],[-123.5213187,55.01183788],[-123.52139372,55.01163101],[-123.52148499,55.01143304],[-123.52156078,55.01122582],[-123.52165205,55.01102786],[-123.52175879,55.01081173],[-123.52182305,55.01055359],[-123.52182965,55.01025415],[-123.52234863,55.01010212],[-123.52302416,55.00992552],[-123.52385562,55.00972435],[-123.52390111,55.00963712],[-123.52396178,55.00949897],[-123.52407476,55.00924012],[-123.52425501,55.00893356],[-123.52450222,55.00858],[-123.52486512,55.00826097],[-123.52525564,55.00797471],[-123.52525286,55.00775004],[-123.52520262,55.00749867],[-123.52529327,55.0072626],[-123.52569018,55.00691652],[-123.52639284,55.00646006],[-123.52557235,55.0058975],[-123.52512632,55.0054033],[-123.52481436,55.00491835],[-123.5247076,55.00461535],[-123.52466139,55.00437395],[-123.52475168,55.00411296],[-123.5248894,55.00386052],[-123.5251034,55.0035002],[-123.52519478,55.00331113],[-123.52530168,55.00312207],[-123.52542444,55.00295045],[-123.52556248,55.00277029],[-123.52570124,55.00259903],[-123.52584009,55.00243667],[-123.52605578,55.00221983],[-123.5262092,55.00201261],[-123.52631616,55.00181429],[-123.52638788,55.00169323],[-123.5264804,55.00159425],[-123.526594,55.00151663],[-123.5278849,55.00103489],[-123.52658232,55.00062899],[-123.52535418,55.00035875],[-123.52420045,55.00022416],[-123.52417711,55.00002726],[-123.52424233,54.99982325],[-123.52439613,54.99961211],[-123.52454957,54.99940488],[-123.5246712,54.99916455],[-123.52476236,54.99892742],[-123.5247907,54.99870275],[-123.52494411,54.99848342],[-123.52517496,54.99822493],[-123.525347,54.99796145],[-123.52562466,54.99765667],[-123.52598354,54.99724258],[-123.52631181,54.99671028],[-123.52764096,54.99674019],[-123.52879723,54.9967085],[-123.52929452,54.99622284],[-123.52992683,54.99580484],[-123.53046559,54.99532096],[-123.53126591,54.99488515],[-123.53232667,54.99449706],[-123.53345301,54.99416272],[-123.53384395,54.99337621],[-123.53436564,54.99267087],[-123.53501917,54.99205311],[-123.53567795,54.99155179],[-123.53619388,54.99116334],[-123.53656662,54.99088704],[-123.53668928,54.99070653],[-123.53682825,54.99057123],[-123.53702924,54.99041777],[-123.53730868,54.99025149],[-123.53765002,54.99007346],[-123.53769977,54.99003821],[-123.5377428,54.99000119],[-123.53780454,54.98992285],[-123.53789628,54.98979076],[-123.53801878,54.98960454],[-123.53815695,54.98942402],[-123.53827946,54.98924386],[-123.53844915,54.98903628],[-123.53860256,54.98882906],[-123.53875605,54.98862469],[-123.53890962,54.98842316],[-123.53901882,54.98829997],[-123.53908413,54.98821594],[-123.53915569,54.98812265],[-123.53927851,54.9879813],[-123.53936074,54.98790902],[-123.53949487,54.98780078],[-123.53972765,54.98764697],[-123.53999102,54.98751096],[-123.54012046,54.98742942],[-123.54030124,54.98730266],[-123.54045478,54.9871225],[-123.54059282,54.98691492],[-123.54042148,54.98658344],[-123.54019468,54.98622667],[-123.54007937,54.98590694],[-123.54018595,54.9856107],[-123.540462,54.98533405],[-123.54067833,54.98513537],[-123.54083189,54.9849278],[-123.54098562,54.98476544],[-123.54117099,54.98460308],[-123.54130926,54.98443146],[-123.54141237,54.98432927],[-123.54157189,54.98419682],[-123.54178349,54.98404016],[-123.54202623,54.98387709],[-123.54218595,54.98376849],[-123.54234622,54.9836631],[-123.54250367,54.98350074],[-123.54268059,54.98334692],[-123.54287328,54.98324723],[-123.54308406,54.98315643],[-123.54330728,54.9830838],[-123.54338991,54.98306529],[-123.54350397,54.98301081],[-123.5436443,54.98285237],[-123.54378019,54.98252231],[-123.54395621,54.98202846],[-123.54431974,54.98143848],[-123.54490184,54.98082073],[-123.54516201,54.98029555],[-123.54542267,54.97983304],[-123.54550488,54.97945207],[-123.545704,54.97906895],[-123.54578637,54.97872714],[-123.54598204,54.97844373],[-123.54612684,54.97823935],[-123.54633841,54.97807664],[-123.54656564,54.97791962],[-123.54674096,54.97782598],[-123.54695264,54.97768427],[-123.54720093,54.97754861],[-123.54746505,54.97742435],[-123.54772352,54.97730329],[-123.54801374,54.97720324],[-123.54835126,54.97710283],[-123.54852524,54.97691056],[-123.54879782,54.97666062],[-123.54905584,54.97646764],[-123.54935448,54.97621769],[-123.54955465,54.97601901],[-123.54971404,54.97586555],[-123.5497975,54.97572028],[-123.54986133,54.9755775],[-123.54986993,54.97544541],[-123.54970182,54.9752097],[-123.54948107,54.97482018],[-123.54914341,54.97435233],[-123.54903156,54.97392863],[-123.54874737,54.97358824],[-123.54839178,54.97321154],[-123.54776055,54.97274724],[-123.54744969,54.97224735],[-123.54720002,54.97171612],[-123.54677874,54.97101113],[-123.54635749,54.9703001],[-123.54593689,54.96958301],[-123.54603311,54.96927894],[-123.5462687,54.96899054],[-123.5465314,54.96876943],[-123.54675141,54.96860885],[-123.54687422,54.96845539],[-123.5469813,54.96829339],[-123.54710411,54.96813993],[-123.54718035,54.96799573],[-123.54722561,54.96786968],[-123.54679961,54.96767492],[-123.54642064,54.96736801],[-123.54608858,54.96694929],[-123.54672626,54.96675773],[-123.54750427,54.96653235],[-123.54836334,54.96617523],[-123.54928003,54.96586689],[-123.5500806,54.96555427],[-123.55035228,54.96539014],[-123.55050017,54.96529222],[-123.55064476,54.96508998],[-123.55096424,54.96477381],[-123.55140479,54.96428566],[-123.55188687,54.96376867],[-123.55231565,54.96315591],[-123.55260749,54.96241069],[-123.55289954,54.96169538],[-123.55304096,54.96099965],[-123.55333305,54.9603025],[-123.55362529,54.95958221],[-123.55454841,54.95933831],[-123.55538323,54.95908587],[-123.55612914,54.95882489],[-123.55668607,54.95843287],[-123.55738443,54.95809996],[-123.55869206,54.9581961],[-123.56000574,54.95834884],[-123.56136781,54.95857601],[-123.56270288,54.95876756],[-123.56354776,54.95886263],[-123.56392235,54.95898867],[-123.56425454,54.95912895],[-123.56522478,54.95856426],[-123.56604947,54.9579611],[-123.56673976,54.95819182],[-123.567567,54.95780729],[-123.5681855,54.95735225],[-123.56881637,54.9569079],[-123.56945886,54.95647458],[-123.57002275,54.95621716],[-123.5699286,54.95596614],[-123.569875,54.95572367],[-123.56963366,54.95545806],[-123.56933701,54.9552049],[-123.57031113,54.95515933],[-123.57130365,54.95516894],[-123.57160679,54.95452627],[-123.57198878,54.95389855],[-123.57333677,54.95355353],[-123.57445785,54.95331177],[-123.57541173,54.9530725],[-123.57622619,54.95286493],[-123.57709338,54.95271503],[-123.57708157,54.95188827],[-123.57827995,54.95172591],[-123.57932911,54.95146422],[-123.57997947,54.95096574],[-123.58039695,54.95042561],[-123.58035138,54.95007526],[-123.58025114,54.94981641],[-123.58009559,54.94964906],[-123.58007876,54.94961737],[-123.57990309,54.94941122],[-123.57960157,54.94910323],[-123.57899274,54.94871122],[-123.57835812,54.94835054],[-123.57849918,54.94756117],[-123.57879476,54.9468626],[-123.57922764,54.94622562],[-123.57950275,54.94557725],[-123.57963579,54.94494739],[-123.58096617,54.9448242],[-123.58231862,54.94475477],[-123.58379181,54.9441007],[-123.58458443,54.94457531],[-123.5851554,54.94504174],[-123.58556357,54.94547114],[-123.58592277,54.94582613],[-123.58636608,54.94612842],[-123.58723033,54.94650975],[-123.58792428,54.94699255],[-123.58854694,54.94733401],[-123.58932334,54.94762384],[-123.59067551,54.94830034],[-123.59143966,54.94867811],[-123.59228301,54.9489544],[-123.59318314,54.94906407],[-123.59403737,54.94900496],[-123.59453657,54.94885257],[-123.59477333,54.94866564],[-123.59475848,54.94845415],[-123.59486989,54.94826295],[-123.59501394,54.94805252],[-123.59534374,54.94794001],[-123.59571767,54.94786524],[-123.59644111,54.94799769],[-123.59725727,54.94818711],[-123.59857364,54.94849545],[-123.5995855,54.94878279],[-123.6004125,54.94895939],[-123.60083183,54.94906229],[-123.60119656,54.94917444],[-123.60135611,54.94905979],[-123.60154887,54.94895796],[-123.60174115,54.94882231],[-123.60192497,54.94860547],[-123.60208859,54.9482982],[-123.602546,54.94861046],[-123.60310685,54.94888034],[-123.60393918,54.94905303],[-123.60498979,54.94914952],[-123.60595614,54.94913172],[-123.60666399,54.94905445],[-123.60711475,54.94891737],[-123.60775797,54.94862434],[-123.60844014,54.94842745],[-123.60916156,54.94832597],[-123.6091849,54.94847266],[-123.60924659,54.94864392],[-123.6092621,54.94888747],[-123.6095337,54.94927556],[-123.60984282,54.9497573],[-123.610398,54.95024687],[-123.61097745,54.95069514],[-123.61139776,54.95092978],[-123.61172025,54.95105903],[-123.6120451,54.95117332],[-123.61236823,54.95122637],[-123.61281443,54.95137307],[-123.61338194,54.95147312],[-123.61407187,54.95157246],[-123.61525455,54.95164936],[-123.61626415,54.95183771],[-123.61710902,54.95220694],[-123.61768536,54.95266625],[-123.6181198,54.95316045],[-123.61831265,54.9535368],[-123.61812032,54.95375043],[-123.61789885,54.95389855],[-123.61764837,54.95398079],[-123.61810754,54.95440058],[-123.61912196,54.95471604],[-123.6200818,54.9550575],[-123.62113056,54.95535266],[-123.62190441,54.95555846],[-123.62196471,54.95608862],[-123.62192063,54.95659493],[-123.62187662,54.9571194],[-123.62171869,54.95769834],[-123.62167916,54.95815693],[-123.62162609,54.95878608],[-123.62149393,54.95931695],[-123.62217234,54.95963419],[-123.62255815,54.96002443],[-123.62265231,54.96048836],[-123.622599,54.9610908],[-123.62338483,54.96117448],[-123.62403235,54.9610965],[-123.62468132,54.96086542],[-123.62523336,54.96045632],[-123.62581489,54.95998384],[-123.62613953,54.95946898],[-123.62631453,54.95899579],[-123.62745518,54.9590257],[-123.62858009,54.95904706],[-123.62863283,54.95845352],[-123.62881357,54.95790057],[-123.62923637,54.95742489],[-123.63002884,54.95704356],[-123.63106066,54.95679646],[-123.63215202,54.95656609],[-123.63317563,54.95633608],[-123.63390468,54.95603593],[-123.63398938,54.9558077],[-123.63413058,54.95561436],[-123.63429287,54.95546375],[-123.63447685,54.95535587],[-123.63472439,54.9552106],[-123.63502849,54.95500551],[-123.63485714,54.95437138],[-123.63479176,54.95384727],[-123.63484432,54.95323593],[-123.63551853,54.95330857],[-123.63600742,54.95327581],[-123.63631067,54.95313837],[-123.63644838,54.95295821],[-123.6365388,54.95275099],[-123.63662939,54.95257083],[-123.63672671,54.95247327],[-123.63688204,54.9523077],[-123.6370954,54.95207413],[-123.63727166,54.95170455],[-123.63719642,54.95111172],[-123.63708692,54.95054524],[-123.637037,54.95001223],[-123.63718505,54.94963126],[-123.6374383,54.94939413],[-123.63790335,54.94917587],[-123.63804251,54.94909433],[-123.63815005,54.9490128],[-123.638302,54.94883726],[-123.63840545,54.94869413],[-123.63853284,54.94853782],[-123.63876158,54.9483808],[-123.63899004,54.94826259],[-123.63921994,54.94818355],[-123.63949476,54.94812516],[-123.63983724,54.94806961],[-123.64000852,54.94803258],[-123.64036566,54.94793182],[-123.64058954,54.9478218],[-123.64086634,54.94766549],[-123.64120257,54.94751702],[-123.64148994,54.94740486],[-123.6417543,54.94730659],[-123.6419938,54.94722221],[-123.6423815,54.94705842],[-123.64295598,54.94697048],[-123.6435968,54.94689927],[-123.64370848,54.94638655],[-123.64375275,54.9459009],[-123.64372947,54.94544266],[-123.64378187,54.94481351],[-123.64302171,54.94454398],[-123.64239082,54.9441776],[-123.64189139,54.94371509],[-123.64141635,54.94318351],[-123.64101576,54.94265334],[-123.6412518,54.9425622],[-123.64148092,54.94246214],[-123.64168189,54.94232613],[-123.64180463,54.94221789],[-123.64192745,54.94209114],[-123.64206624,54.94196474],[-123.64231242,54.94172974],[-123.64258969,54.94150365],[-123.64283592,54.94128682],[-123.64294405,54.94119923],[-123.64305161,54.94112374],[-123.64326782,54.94095177],[-123.64357572,54.94068081],[-123.64379141,54.94051774],[-123.64352547,54.93993702],[-123.64356486,54.9393798],[-123.64391035,54.93884572],[-123.64421603,54.93832873],[-123.64438896,54.93784557],[-123.6443693,54.93761805],[-123.64438712,54.93741724],[-123.64444182,54.93724313],[-123.6438163,54.9369768],[-123.64346136,54.93658621],[-123.64350237,54.93609985],[-123.64367346,54.93561063],[-123.64396481,54.93520366],[-123.64412403,54.93484725],[-123.64441734,54.9344385],[-123.6445907,54.93397421],[-123.64489785,54.93345829],[-123.64533646,54.93300468],[-123.64603204,54.93260946],[-123.6468636,54.93224558],[-123.64757163,54.93183647],[-123.6481505,54.93136399],[-123.64858716,54.93091359],[-123.649011,54.93053582],[-123.64955566,54.93014131],[-123.65010399,54.92970123],[-123.65065441,54.92921486],[-123.65107748,54.92870642],[-123.65221136,54.92823892],[-123.65318213,54.92780525],[-123.6538601,54.92739828],[-123.65454039,54.92711202],[-123.65509781,54.92692829],[-123.6556619,54.92685459],[-123.65646476,54.92677733],[-123.65736263,54.92655479],[-123.65812943,54.92623399],[-123.65877679,54.92586405],[-123.65906961,54.92552794],[-123.659499,54.92517901],[-123.65993525,54.92481014],[-123.66062203,54.92451995],[-123.66129007,54.92424081],[-123.66220212,54.92402896],[-123.66324203,54.92380892],[-123.66446097,54.92361024],[-123.66459684,54.92331721],[-123.66475434,54.92310963],[-123.66493457,54.92298786],[-123.66527842,54.92310678],[-123.66562584,54.92325348],[-123.6662329,54.92350983],[-123.66671167,54.92381355],[-123.66795993,54.92383384],[-123.66910448,54.92384559],[-123.67024419,54.9238723],[-123.67137845,54.92391395],[-123.6725979,54.92404178],[-123.67287211,54.92417814],[-123.67319934,54.92413827],[-123.67352604,54.92389081],[-123.67377442,54.92350521],[-123.67492451,54.9238342],[-123.67606996,54.9242052],[-123.67722861,54.92444768],[-123.67836602,54.92465703],[-123.67872799,54.92463994],[-123.67911113,54.92463176],[-123.67945845,54.92465988],[-123.67973577,54.9247902],[-123.68017465,54.92508109],[-123.68088101,54.92525805],[-123.68185698,54.92532036],[-123.68290021,54.92530861],[-123.68363157,54.92519361],[-123.68386696,54.92494045],[-123.68373275,54.92461787],[-123.68427401,54.92433623],[-123.68480388,54.92406278],[-123.68519589,54.92390149],[-123.68556386,54.9239047],[-123.68604088,54.92401472],[-123.6868074,54.92424188],[-123.68775214,54.92453527],[-123.68888739,54.92493938],[-123.69007474,54.92500454],[-123.69151323,54.9251669],[-123.69258119,54.92517972],[-123.69355712,54.92515515],[-123.69419407,54.92500703],[-123.69479391,54.92479768],[-123.69561561,54.92448435],[-123.69644079,54.92407845],[-123.69764313,54.92414325],[-123.69867179,54.92417957],[-123.69941356,54.92435795],[-123.69973784,54.92474534],[-123.69980022,54.92525449],[-123.69974639,54.92573089],[-123.6996783,54.92630663],[-123.69963828,54.92672],[-123.6995558,54.92735876],[-123.69950327,54.92792524],[-123.69942016,54.92853658],[-123.70066138,54.92901476],[-123.70181586,54.92899019],[-123.70229974,54.92929604],[-123.70304214,54.92952213],[-123.7040434,54.92966918],[-123.7039775,54.93033465],[-123.70404161,54.93072986],[-123.7039709,54.93097768],[-123.7038672,54.93118917],[-123.70418934,54.93126893],[-123.70464698,54.93143022],[-123.70520707,54.93174853],[-123.70578655,54.93207254],[-123.7063859,54.9324026],[-123.70710763,54.9326173],[-123.70812107,54.93288291],[-123.70887642,54.93323184],[-123.70937293,54.93366445],[-123.70984613,54.93423876],[-123.71057417,54.93480061],[-123.71155704,54.93535],[-123.71112917,54.93558927],[-123.71069189,54.93587624],[-123.71127627,54.9364502],[-123.71162272,54.93691236],[-123.71164816,54.93719079],[-123.71149796,54.93732751],[-123.71120306,54.93741902],[-123.71090814,54.93751978],[-123.71061324,54.93761129],[-123.71047902,54.93767182],[-123.71035038,54.93774766],[-123.71094683,54.93814964],[-123.71147281,54.93854201],[-123.71192708,54.93892476],[-123.71215041,54.9392947],[-123.71224197,54.93967782],[-123.71221495,54.93991139],[-123.71215938,54.94030732],[-123.7121053,54.94079297],[-123.71205251,54.94134129],[-123.71196985,54.94196189],[-123.71193109,54.94242049],[-123.71186257,54.94296026],[-123.71179503,54.94352674],[-123.71172677,54.94408432],[-123.71165883,54.94467786],[-123.71160579,54.94519022],[-123.71192288,54.94519556],[-123.71220533,54.94517776],[-123.71245284,54.94513752],[-123.71275392,54.94510583],[-123.71310708,54.94505883],[-123.71338898,54.94499795],[-123.71361491,54.944936],[-123.71386333,54.94484449],[-123.71416438,54.94480675],[-123.71464243,54.94475904],[-123.7148136,54.94473127],[-123.71520297,54.94469281],[-123.71559313,54.94469068],[-123.71579639,54.94469851],[-123.71618679,54.94471418],[-123.71656252,54.9447569],[-123.71692201,54.94479073],[-123.71712539,54.94480746],[-123.71732865,54.94481529],[-123.71751579,54.94482313],[-123.71787519,54.94483879],[-123.71820346,54.94485482],[-123.71880997,54.94483737],[-123.71945341,54.9449983],[-123.72012113,54.94520802],[-123.72087394,54.94529632],[-123.72157441,54.94518452],[-123.72223412,54.94500187],[-123.72289007,54.94503996],[-123.72345399,54.94512933],[-123.72373018,54.94486799],[-123.72414381,54.94472201],[-123.72469518,54.94469068],[-123.72515426,54.94503925],[-123.72586594,54.94535649],[-123.7266992,54.94570115],[-123.72755443,54.94598849],[-123.72816742,54.9462954],[-123.72880299,54.94654037],[-123.72944265,54.9467921],[-123.73020255,54.94710222],[-123.7301486,54.94755156],[-123.73008161,54.94815435],[-123.73016901,54.94859301],[-123.73038347,54.94903024],[-123.73073439,54.94944433],[-123.73095263,54.94990755],[-123.73116564,54.95035155],[-123.73137264,54.95077668],[-123.73184872,54.95108217],[-123.73245549,54.95134814],[-123.7333184,54.9514927],[-123.73431262,54.95159774],[-123.73425865,54.95204743],[-123.73406693,54.95259255],[-123.7336298,54.95314656],[-123.73294569,54.95370877],[-123.7322609,54.95420511],[-123.73182289,54.95472601],[-123.73163165,54.95527148],[-123.73156412,54.95585612],[-123.73214145,54.95583761],[-123.7329658,54.95577245],[-123.73386095,54.95565638],[-123.73503873,54.9554577],[-123.73615518,54.95510841],[-123.73713896,54.95480968],[-123.73798932,54.95456187],[-123.73878248,54.95438349],[-123.73993003,54.95429946],[-123.74107079,54.95427062],[-123.74222323,54.95427276],[-123.74325859,54.95425923],[-123.74417348,54.95427382],[-123.74496783,54.95418303],[-123.74575728,54.95408903],[-123.74656333,54.95385867],[-123.74738235,54.95357311],[-123.74832888,54.95334951],[-123.7493952,54.95321315],[-123.74953823,54.95363151],[-123.74974607,54.95399682],[-123.74995874,54.95442087],[-123.75017623,54.95490368],[-123.75026438,54.95544737],[-123.75041705,54.95591879],[-123.75076719,54.95628196],[-123.7513789,54.95659778],[-123.75132544,54.95707453],[-123.75128515,54.95743415],[-123.75120542,54.95818969],[-123.7511525,54.95870205],[-123.75092083,54.95958221],[-123.7505781,54.9602904],[-123.75012953,54.96078745],[-123.74993899,54.96128592],[-123.75013664,54.96181679],[-123.75072172,54.96238042],[-123.75194688,54.96194141],[-123.75294336,54.96204324],[-123.75369934,54.96208633],[-123.75445418,54.96208455],[-123.75536468,54.9620582],[-123.75651203,54.96217961],[-123.75748272,54.9623993],[-123.75813662,54.96272793],[-123.75839983,54.9629996],[-123.75844406,54.96320219],[-123.7584267,54.96332218],[-123.75847084,54.96343576],[-123.75866689,54.96354329],[-123.75907139,54.96363373],[-123.75966441,54.96370886],[-123.76014537,54.96350804],[-123.76044026,54.96341654],[-123.76102566,54.963826],[-123.76159821,54.96435972],[-123.76191573,54.96490306],[-123.76197835,54.96545565],[-123.76191057,54.96602248],[-123.76185895,54.9665708],[-123.76193203,54.96704364],[-123.76214647,54.96748586],[-123.76248093,54.96807975],[-123.7626704,54.96875341],[-123.76259912,54.96937222],[-123.76226614,54.9699355],[-123.76180233,54.97048631],[-123.76161426,54.97099475],[-123.76182372,54.97151886],[-123.76243147,54.97205828],[-123.76274414,54.97263117],[-123.76306227,54.97320442],[-123.76338538,54.97377766],[-123.76383253,54.97429714],[-123.76440506,54.97482267],[-123.76321272,54.97536031],[-123.762289,54.97555899],[-123.76150749,54.97553086],[-123.76086742,54.97527628],[-123.7607988,54.9757979],[-123.76074516,54.9762654],[-123.76081376,54.97685609],[-123.7610174,54.97743503],[-123.76135608,54.97799296],[-123.7616945,54.97854235],[-123.76212568,54.97929754],[-123.7628267,54.98002673],[-123.76379853,54.98073065],[-123.76387644,54.98069433],[-123.7641396,54.98058467],[-123.76434105,54.98047572],[-123.76469631,54.98026671],[-123.76502082,54.98009403],[-123.76552654,54.97993203],[-123.7661283,54.97989215],[-123.76682594,54.97997475],[-123.76760911,54.98023645],[-123.76829939,54.98056865],[-123.76876463,54.98102689],[-123.76935884,54.98151468],[-123.76995383,54.982016],[-123.77075481,54.98251127],[-123.77201569,54.9830603],[-123.77322946,54.98352602],[-123.77419917,54.98411884],[-123.77492531,54.98483914],[-123.77483649,54.98510938],[-123.77595258,54.98545262],[-123.77711021,54.98549036],[-123.77746338,54.98571859],[-123.77794905,54.98586421],[-123.77843,54.9860401],[-123.7789059,54.98624554],[-123.77910147,54.98665287],[-123.77915778,54.98714885],[-123.77974529,54.98744259],[-123.78007015,54.98780007],[-123.78013186,54.98822092],[-123.78004971,54.98881446],[-123.78117702,54.98890632],[-123.78227297,54.98901599],[-123.78234078,54.98846731],[-123.78317108,54.98874539],[-123.78361406,54.98913028],[-123.78354555,54.98962982],[-123.78334616,54.99017245],[-123.78314968,54.99069086],[-123.78314794,54.99158348],[-123.78343012,54.99224681],[-123.78412252,54.99268155],[-123.78507685,54.99308389],[-123.7861869,54.99336125],[-123.7871596,54.9936144],[-123.78799418,54.99385296],[-123.78861079,54.99411039],[-123.789207,54.99422539],[-123.78978465,54.99427844],[-123.79058601,54.99449314],[-123.79128951,54.99476303],[-123.79202124,54.99513582],[-123.79272789,54.99558658],[-123.79329573,54.99609716],[-123.79372345,54.99665224],[-123.79489534,54.99670173],[-123.79607116,54.99680179],[-123.79724736,54.99697981],[-123.79806699,54.99707345],[-123.79887116,54.99716389],[-123.79957635,54.99725504],[-123.80050698,54.99740779],[-123.80070849,54.99729848],[-123.80086295,54.99721979],[-123.80103318,54.9971436],[-123.80128233,54.99707025],[-123.80143762,54.99704212],[-123.80157802,54.99702325],[-123.80168724,54.99700473],[-123.80179584,54.99697696],[-123.80188954,54.99695845],[-123.80216651,54.9969086],[-123.80244075,54.99689187],[-123.80290526,54.99695168],[-123.80285699,54.99688012],[-123.80279321,54.99680855],[-123.80268179,54.99671028],[-123.80328665,54.99647279],[-123.8045742,54.99598785],[-123.80583181,54.99555738],[-123.80708379,54.99563002],[-123.80835095,54.99566633],[-123.80947633,54.99567702],[-123.80997278,54.99598999],[-123.81068008,54.99619507],[-123.811599,54.99629192],[-123.81233253,54.99649665],[-123.81291021,54.99678826],[-123.81348769,54.99709588],[-123.81406558,54.99741954],[-123.81491279,54.99774034],[-123.81589605,54.99800667],[-123.81687146,54.99821674],[-123.81770295,54.99844675],[-123.81831584,54.99870026],[-123.81880306,54.99900254],[-123.81901678,54.99941735],[-123.81908187,54.99989018],[-123.81835808,55.0001768],[-123.81790182,55.00053321],[-123.81758268,55.00099359],[-123.81717509,55.00144079],[-123.81640721,55.00186841],[-123.81540867,55.00224262],[-123.81494914,55.00232202],[-123.81427162,55.00243881],[-123.81352409,55.00291627],[-123.81305097,55.0034913],[-123.81302063,55.0038413],[-123.81299872,55.00409587],[-123.81322754,55.00467766],[-123.81373937,55.00514658],[-123.81424535,55.00561622],[-123.81474705,55.00608727],[-123.81497101,55.00668295],[-123.81520009,55.00727364],[-123.81543443,55.00785899],[-123.81594484,55.00829302],[-123.81644528,55.0087039],[-123.81693437,55.009092],[-123.81714706,55.00963391],[-123.81722928,55.01026448],[-123.8171663,55.01100186],[-123.81711771,55.01169403],[-123.81707044,55.01244032],[-123.81716716,55.0131186],[-123.8174256,55.01375593],[-123.81783246,55.01413263],[-123.81807365,55.01443457],[-123.8181473,55.01466173],[-123.81805834,55.01488711],[-123.81793788,55.01512139],[-123.81781744,55.01536493],[-123.81771279,55.01558141],[-123.81762285,55.01577047],[-123.81760256,55.01596239],[-123.81760473,55.01615715],[-123.81765047,55.01635476],[-123.81770116,55.01654311],[-123.81776753,55.0167311],[-123.81781857,55.01694651],[-123.8178541,55.01716193],[-123.81787474,55.0173866],[-123.81790958,55.01775582],[-123.81790865,55.01804529],[-123.81784503,55.01824931],[-123.81776035,55.01843766],[-123.81766321,55.01862922],[-123.81755437,55.01882362],[-123.81729589,55.01901019],[-123.81704602,55.01919855],[-123.81681478,55.01935272],[-123.81668015,55.01949051],[-123.8165693,55.01960302],[-123.81646211,55.01972657],[-123.81631423,55.01995338],[-123.81614782,55.02016594],[-123.81601086,55.02034681],[-123.81588973,55.02053623],[-123.81578446,55.02074346],[-123.81574176,55.02094178],[-123.81580853,55.021149],[-123.81588074,55.02136904],[-123.81595823,55.02160225],[-123.81590861,55.02180236],[-123.8157939,55.02199284],[-123.81589181,55.02217194],[-123.81600496,55.02236884],[-123.81612239,55.02257677],[-123.81621165,55.02278684],[-123.81621098,55.02299656],[-123.81614749,55.02320342],[-123.81605795,55.0234288],[-123.81598392,55.02364493],[-123.81591018,55.02384325],[-123.8160084,55.02415515],[-123.81615772,55.02448842],[-123.81567625,55.02456782],[-123.81534956,55.02474477],[-123.81525376,55.02500291],[-123.81542007,55.02514462],[-123.81565963,55.02530662],[-123.81589681,55.02550566],[-123.81604729,55.02599915],[-123.81614594,55.02672941],[-123.81638955,55.02744365],[-123.8166338,55.0280849],[-123.81659142,55.02864141],[-123.81614241,55.02903414],[-123.81556645,55.02944609],[-123.81501055,55.0298762],[-123.81471261,55.0304644],[-123.81454004,55.03111348],[-123.81392617,55.03178179],[-123.81305752,55.03243159],[-123.81193519,55.03306322],[-123.81271314,55.03333952],[-123.8133687,55.03371373],[-123.81388733,55.03416165],[-123.81426858,55.03469216],[-123.81459016,55.0354],[-123.81491775,55.03609287],[-123.81511755,55.03679928],[-123.81518642,55.03753488],[-123.81513934,55.03828082],[-123.81509063,55.03897334],[-123.81502621,55.0396477],[-123.8163125,55.03954338],[-123.81735878,55.03935859],[-123.81819859,55.03919907],[-123.81883258,55.03906484],[-123.81901747,55.03842786],[-123.8193395,55.03783646],[-123.81979231,55.03729099],[-123.82010737,55.03669994],[-123.82028932,55.03606261],[-123.82047479,55.03536831],[-123.82091081,55.03475447],[-123.82173513,55.03426348],[-123.82282564,55.03385259],[-123.82407836,55.03340112],[-123.82535562,55.03287416],[-123.82657214,55.03342604],[-123.82684393,55.03360727],[-123.8276031,55.03411287],[-123.8284335,55.03472172],[-123.82850311,55.03477299],[-123.82927247,55.03540569],[-123.83020971,55.03591057],[-123.83043374,55.0360295],[-123.83064891,55.03614414],[-123.83113121,55.0364005],[-123.83203635,55.03687548],[-123.83278823,55.03741846],[-123.83355381,55.03812024],[-123.83436254,55.03863615],[-123.83476014,55.0389477],[-123.8343517,55.03919729],[-123.83414955,55.0395092],[-123.83427389,55.03989978],[-123.83466495,55.04037725],[-123.83432634,55.04091275],[-123.83403301,55.04135818],[-123.83386863,55.04165797],[-123.83386415,55.04192145],[-123.8341037,55.0421714],[-123.83450483,55.04246336],[-123.83335869,55.04287353],[-123.83237248,55.0432068],[-123.83167517,55.0435511],[-123.83112794,55.04389149],[-123.83070916,55.04432267],[-123.83173085,55.04471504],[-123.83262033,55.04516936],[-123.83329957,55.04564291],[-123.83386058,55.04610756],[-123.83435483,55.04653553],[-123.83472992,55.04652378],[-123.83507981,55.04653624],[-123.83546054,55.04652592],[-123.8358976,55.04646788],[-123.83663309,55.0462101],[-123.83733521,55.04587078],[-123.83817257,55.04548375],[-123.83914107,55.04524627],[-123.84023929,55.04521173],[-123.84146585,55.04531819],[-123.84163983,55.04590425],[-123.84181087,55.04633721],[-123.84189275,55.04659321],[-123.8418892,55.046825],[-123.84209351,55.04712622],[-123.84222922,55.04737973],[-123.84228011,55.04755918],[-123.84234726,55.04777424],[-123.84238305,55.04799001],[-123.84240282,55.04820542],[-123.84240715,55.04839413],[-123.84239553,55.04860099],[-123.84238413,55.0487808],[-123.84362233,55.04887088],[-123.84486035,55.04895206],[-123.84612971,55.04901544],[-123.84732394,55.04897413],[-123.84852008,55.0488189],[-123.84845703,55.04952922],[-123.84840163,55.04987103],[-123.84966629,55.04971544],[-123.85087834,55.04970903],[-123.85208993,55.0496866],[-123.85330169,55.04964814],[-123.85435803,55.04952708],[-123.85528861,55.04935974],[-123.85609143,55.04908558],[-123.85689435,55.04881427],[-123.85729583,55.04887515],[-123.8576924,55.04888441],[-123.85808419,55.04884168],[-123.85910752,55.04861773],[-123.86001438,55.04834285],[-123.86083543,55.04794479],[-123.86165375,55.04741463],[-123.86293338,55.04674667],[-123.86418997,55.04600074],[-123.86506932,55.04564184],[-123.8656807,55.04544708],[-123.86596706,55.04534596],[-123.86606752,55.04522633],[-123.86618475,55.04486636],[-123.86625893,55.04467694],[-123.86631761,55.04449678],[-123.86639165,55.04430771],[-123.86660292,55.04392852],[-123.86681698,55.04354078],[-123.86715377,55.04318188],[-123.86761255,55.04285217],[-123.86794411,55.04273895],[-123.86822807,55.04260792],[-123.86846492,55.04245945],[-123.86874289,55.04231382],[-123.86900594,55.04216819],[-123.86926917,55.04203147],[-123.86967549,55.04199266],[-123.86998806,55.04197237],[-123.87020188,55.04197379],[-123.87038946,55.04197557],[-123.87064817,55.04194851],[-123.87100322,55.04189332],[-123.87157001,55.04179327],[-123.87210399,55.04163981],[-123.87244637,55.0415743],[-123.87298114,55.04143758],[-123.87360327,55.0412656],[-123.87431303,55.04105767],[-123.87515201,55.04085294],[-123.87611839,55.04060441],[-123.87721295,55.04031174],[-123.87828298,55.03986988],[-123.87917663,55.03945899],[-123.87989313,55.03907944],[-123.8802234,55.03914887],[-123.88053697,55.0391916],[-123.88089729,55.03919801],[-123.88123414,55.03925248],[-123.88152913,55.03930909],[-123.88178274,55.0393682],[-123.88204546,55.03937318],[-123.88232778,55.03939918],[-123.88258366,55.03950101],[-123.88284835,55.03968687],[-123.88313774,55.03986845],[-123.88356627,55.03990335],[-123.88402831,55.03979938],[-123.88452077,55.03959394],[-123.88501639,55.03912288],[-123.88528384,55.03872552],[-123.88586747,55.03867354],[-123.88627403,55.0385856],[-123.88664022,55.03848198],[-123.8868879,55.03835452],[-123.88718228,55.03821744],[-123.88759491,55.03801271],[-123.88812235,55.0378005],[-123.88868653,55.03768336],[-123.88923423,55.03761856],[-123.8894651,55.03744587],[-123.88964931,55.03729206],[-123.89004984,55.03698336],[-123.89029605,55.03680177],[-123.89054249,55.03663835],[-123.89080504,55.03646566],[-123.89106677,55.03628407],[-123.89131316,55.03611139],[-123.89153545,55.03584933],[-123.8918394,55.03553352],[-123.89232276,55.03514933],[-123.89314135,55.03481892],[-123.8942037,55.03451449],[-123.89501731,55.03428092],[-123.89541737,55.03420295],[-123.89543368,55.03399323],[-123.89542275,55.03375361],[-123.89565081,55.03358947],[-123.89591505,55.03337655],[-123.8962169,55.03311592],[-123.89642458,55.03282182],[-123.89659813,55.03257294],[-123.89673768,55.03236892],[-123.89693717,55.03219695],[-123.89736726,55.03183413],[-123.89756633,55.0316351],[-123.89773432,55.03147203],[-123.89791846,55.03130895],[-123.89807154,55.03114588],[-123.89819242,55.03096536],[-123.89850867,55.03039675],[-123.89859854,55.03022549],[-123.89870408,55.03005387],[-123.89880845,55.02981959],[-123.89886646,55.02960346],[-123.89887694,55.02937879],[-123.89890369,55.02918973],[-123.8989154,55.02900102],[-123.89867063,55.02870123],[-123.89854827,55.02829675],[-123.89864557,55.02773989],[-123.89883907,55.02708332],[-123.89876439,55.02637798],[-123.89832444,55.02567122],[-123.89837256,55.02532549],[-123.89837226,55.02499686],[-123.89884399,55.02472768],[-123.89935662,55.02457422],[-123.89983629,55.02448485],[-123.90030225,55.02441436],[-123.90073443,55.0243054],[-123.90187485,55.02392443],[-123.90282765,55.02341705],[-123.90359409,55.02278328],[-123.90395286,55.02274483],[-123.90429652,55.02273343],[-123.90467274,55.02275729],[-123.90476685,55.02276583],[-123.90576207,55.02251553],[-123.9068856,55.02216589],[-123.90813712,55.02171619],[-123.90919535,55.02147443],[-123.91027093,55.02130459],[-123.91151615,55.02104397],[-123.91276726,55.02079188],[-123.91402352,55.0205487],[-123.91523783,55.02029697],[-123.91639151,55.02014458],[-123.91754912,55.01983232],[-123.9184201,55.01939117],[-123.9190048,55.01882184],[-123.92031005,55.0185224],[-123.92173943,55.01824967],[-123.92366407,55.01808553],[-123.92475739,55.01756605],[-123.92611277,55.01708716],[-123.92669653,55.01663248],[-123.92753422,55.01632948],[-123.9286251,55.01617851],[-123.92910606,55.01675282],[-123.92986342,55.01711457],[-123.93091033,55.01716335],[-123.93210027,55.01697251],[-123.93327885,55.016693],[-123.93446566,55.0164662],[-123.93494168,55.01601829],[-123.93552517,55.01563126],[-123.93674604,55.01501066],[-123.93786205,55.01524494],[-123.93847166,55.01484367],[-123.93930708,55.01460868],[-123.94036907,55.0145396],[-123.94153912,55.01465033],[-123.94159953,55.01390405],[-123.94164524,55.01316666],[-123.94169098,55.01246524],[-123.94279992,55.01283909],[-123.94392558,55.01305522],[-123.9450687,55.01311326],[-123.94632405,55.01307943],[-123.94751474,55.01309118],[-123.94869035,55.01305486],[-123.94989764,55.01281987],[-123.95112111,55.01245491],[-123.95234211,55.01185212],[-123.95238836,55.01115995],[-123.95243396,55.01045853],[-123.95249571,55.00975711],[-123.95362411,55.00987389],[-123.95484052,55.00995044],[-123.95605046,55.00998071],[-123.95725252,55.0104126],[-123.95831749,55.01075192],[-123.9591007,55.01104708],[-123.95960288,55.01139958],[-123.96007996,55.01188737],[-123.96081336,55.01224093],[-123.96183797,55.01252256],[-123.96289865,55.0126867],[-123.96385996,55.01285405],[-123.96464681,55.01291173],[-123.96552347,55.01302638],[-123.96652269,55.01310756],[-123.96768432,55.01320512],[-123.96888969,55.01325817],[-123.97008543,55.01333864],[-123.97127282,55.01350598],[-123.97245187,55.0137602],[-123.97362081,55.01359499],[-123.97468354,55.01344082],[-123.97550027,55.01314744],[-123.97607009,55.01271554],[-123.97662625,55.01227582],[-123.97742054,55.01193401],[-123.97845358,55.01169011],[-123.97873871,55.01184963],[-123.97896161,55.01200949],[-123.97916905,55.01217862],[-123.97935929,55.01242251],[-123.97966627,55.01274474],[-123.98017557,55.01312999],[-123.98083697,55.01338528],[-123.98156333,55.01352521],[-123.98176591,55.01370039],[-123.98199393,55.0138631],[-123.98260614,55.01446056],[-123.98295565,55.01509575],[-123.9830417,55.01576905],[-123.98299487,55.01643451],[-123.98308061,55.01714946],[-123.98342575,55.01784768],[-123.9840317,55.01852881],[-123.98431057,55.01904794],[-123.98531903,55.0192224],[-123.98637207,55.01935485],[-123.98759947,55.01944066],[-123.98881406,55.0195667],[-123.99001536,55.01973262],[-123.99120407,55.01994448],[-123.99237001,55.02029554],[-123.99325314,55.02072886],[-123.99372288,55.02130602],[-123.99380362,55.02195439],[-123.99390288,55.02246177],[-123.99413179,55.02301827],[-123.99435922,55.02364137],[-123.99458395,55.02427763],[-123.99490858,55.02483414],[-123.99557485,55.02518806],[-123.99623164,55.02539635],[-123.99672357,55.02562102],[-123.99694757,55.02595464],[-123.99732415,55.02599665],[-123.99692046,55.02674579],[-123.99693991,55.02752768],[-123.99695019,55.02795886],[-123.99661167,55.02838612],[-123.99643237,55.0288789],[-123.99645899,55.02937879],[-123.996663,55.02976155],[-123.9969228,55.03000794],[-123.99748384,55.03011618],[-123.9978332,55.03032304],[-123.99797087,55.03062854],[-123.99811682,55.03097284],[-123.9983183,55.03123169],[-123.99858053,55.03143428],[-123.99890043,55.03157742],[-123.99927883,55.03177218],[-123.9997105,55.03198937],[-124.00009071,55.03217487],[-124.00043461,55.03238779],[-124.00047926,55.01636757],[-124.00048297,55.0000002],[-124.00048295,54.99969151],[-124.00048272,54.99949461],[-124.00048269,54.99691537],[-124.00048054,54.98245644],[-124.00047995,54.98129855],[-124.00048012,54.98125903],[-124.00048276,54.98116788],[-124.00000491,54.90323469],[-123.99995455,54.8955822],[-123.99994943,54.89480347],[-123.99945597,54.89439543],[-123.99894925,54.89393221],[-123.99881267,54.89360874],[-123.99871544,54.89337784],[-123.99862982,54.89279035],[-123.99866489,54.89233175],[-123.99872714,54.8916841],[-123.99960884,54.89118277],[-124.0002894,54.89082245],[-124.00083188,54.89043578],[-124.00111311,54.89002275],[-124.0012779,54.88956024],[-124.00010501,54.88947906],[-123.99891882,54.8893459],[-123.99856147,54.88898344],[-123.99808436,54.88852093],[-123.9975528,54.88809906],[-123.99747785,54.8880399],[-123.99686781,54.88773832],[-123.99619127,54.88749015],[-123.99591051,54.8869283],[-123.99569615,54.88637073],[-123.99646685,54.88623578],[-123.99713261,54.88597764],[-123.99721064,54.88592868],[-123.99767841,54.88563548],[-123.99798508,54.88513878],[-123.99816317,54.8846339],[-123.998335,54.88415715],[-123.99876809,54.88373914],[-123.99946229,54.88338024],[-124.00016722,54.88303167],[-124.00074744,54.88262648],[-124.00117644,54.88237831],[-124.00162364,54.88218539],[-124.00170213,54.88215151],[-124.00233958,54.8819393],[-124.00308057,54.8817716],[-124.00348429,54.8813511],[-124.00395705,54.88104134],[-124.00449729,54.88084159],[-124.00479844,54.8807508],[-124.00537091,54.88063152],[-124.00554865,54.88059093],[-124.00576229,54.88054571],[-124.00595135,54.88050156],[-124.00630722,54.88041789],[-124.00668125,54.8803011],[-124.00684843,54.880242],[-124.00699519,54.88018289],[-124.0070557,54.88015227],[-124.00718646,54.87999062],[-124.00735497,54.87975456],[-124.00756063,54.87944408],[-124.00781287,54.87907272],[-124.00777074,54.87865899],[-124.00743394,54.8782036],[-124.00684387,54.87759831],[-124.00649654,54.87700513],[-124.00639208,54.87642369],[-124.00639259,54.87583051],[-124.00581247,54.87528112],[-124.0053522,54.87473387],[-124.005892,54.87469933],[-124.00642646,54.87468901],[-124.00751635,54.87465304],[-124.00801239,54.87439028],[-124.00877224,54.87424323],[-124.00979667,54.87421154],[-124.00981944,54.87394379],[-124.00979939,54.87369028],[-124.01026782,54.87373834],[-124.01068885,54.87374084],[-124.01106187,54.87369776],[-124.01151489,54.8736682],[-124.01199568,54.87365432],[-124.01220272,54.87347985],[-124.01237567,54.87333031],[-124.01250894,54.87313448],[-124.0128733,54.87287599],[-124.01340085,54.87252492],[-124.01412861,54.8721265],[-124.01485592,54.87169817],[-124.0156188,54.87127838],[-124.01646592,54.87093586],[-124.01743327,54.87070905],[-124.01814854,54.8706471],[-124.01874847,54.87054705],[-124.01923352,54.87040926],[-124.01947776,54.87007955],[-124.0194862,54.86972207],[-124.01937774,54.86933042],[-124.01914719,54.86898113],[-124.01891804,54.8686144],[-124.01844367,54.86806536],[-124.0178529,54.86757081],[-124.01727044,54.86713144],[-124.01682503,54.86676257],[-124.0165039,54.86639085],[-124.01558415,54.86637162],[-124.01495583,54.86637091],[-124.0142293,54.86641008],[-124.01369064,54.86646526],[-124.01336051,54.86647701],[-124.01304697,54.86647666],[-124.01284383,54.86646633],[-124.01273498,54.8664585],[-124.01253126,54.8662235],[-124.01217179,54.86576206],[-124.01144074,54.86560041],[-124.01071426,54.86540565],[-124.00984704,54.86522407],[-124.00883636,54.86508877],[-124.00926146,54.86464584],[-124.00934303,54.86422498],[-124.0091504,54.86380911],[-124.00883056,54.8634082],[-124.00842401,54.86308027],[-124.00786079,54.86284101],[-124.00740157,54.8628848],[-124.00701064,54.8630379],[-124.00668798,54.86330031],[-124.00568503,54.86340428],[-124.00484075,54.86355703],[-124.00424324,54.86376568],[-124.00382301,54.86398892],[-124.00326358,54.86406049],[-124.00259684,54.864173],[-124.00149374,54.86453048],[-124.0003882,54.86496984],[-123.99975015,54.86521481],[-123.99936834,54.86531094],[-123.99906368,54.8653704],[-123.99879311,54.86535545],[-123.9984502,54.86521659],[-123.99803511,54.86495347],[-123.99725482,54.86504355],[-123.99657592,54.86516318],[-123.99644989,54.86519523],[-123.99632666,54.86518312],[-123.99618031,54.86512829],[-123.99599653,54.86505102],[-123.99579485,54.86501079],[-123.99551673,54.86496522],[-123.99516835,54.86494991],[-123.99504357,54.86495097],[-123.99473184,54.86494456],[-123.99443573,54.8649378],[-123.99427987,54.86493922],[-123.99393644,54.86492391],[-123.99359005,54.86435459],[-123.99348679,54.86380235],[-123.99330341,54.8633174],[-123.99290545,54.86297916],[-123.99223254,54.86279009],[-123.99107768,54.86291649],[-123.99003791,54.86301654],[-123.98918023,54.8630728],[-123.98858974,54.86311837],[-123.98814317,54.86312585],[-123.98772294,54.86315255],[-123.98736568,54.86319813],[-123.98721105,54.86324441],[-123.98691756,54.86335479],[-123.98677946,54.86341852],[-123.98644739,54.86323267],[-123.98578119,54.86268684],[-123.98525002,54.86219477],[-123.98485371,54.86175683],[-123.98438337,54.86137407],[-123.98392319,54.86095357],[-123.98347225,54.86049462],[-123.98303442,54.86005703],[-123.98245784,54.85970027],[-123.98174313,54.85942433],[-123.98175984,54.85882189],[-123.98177958,54.85837255],[-123.98192723,54.85815678],[-123.98182455,54.85793283],[-123.98147263,54.85770104],[-123.98062509,54.85742331],[-123.97954303,54.85714737],[-123.97897158,54.85698039],[-123.97861335,54.85684936],[-123.97844502,54.85675073],[-123.97834256,54.85668379],[-123.97820565,54.85660404],[-123.97800361,54.85654173],[-123.97773105,54.85651182],[-123.97704614,54.85653852],[-123.97605685,54.85655918],[-123.97522474,54.85650399],[-123.97454998,54.8563726],[-123.97412116,54.856478],[-123.97362024,54.85657805],[-123.97342419,54.85699783],[-123.9730402,54.8572136],[-123.97246765,54.85722535],[-123.97240933,54.85762092],[-123.9722873,54.8579517],[-123.97212113,54.85816568],[-123.97194791,54.85830775],[-123.97162543,54.85848115],[-123.97142659,54.85856055],[-123.97118251,54.85864635],[-123.97098724,54.85871685],[-123.97088418,54.85876563],[-123.97064905,54.85892016],[-123.97045417,54.85900668],[-123.9702686,54.85907611],[-123.97005135,54.85912275],[-123.9698191,54.85916975],[-123.96960184,54.85920714],[-123.96870648,54.85905653],[-123.96775822,54.85897926],[-123.96655197,54.85935739],[-123.96636705,54.85980637],[-123.96594935,54.860208],[-123.96520353,54.86051456],[-123.96422815,54.86076878],[-123.96310129,54.86099345],[-123.96265863,54.86144955],[-123.96242245,54.86192453],[-123.9622097,54.86200001],[-123.96203611,54.86212748],[-123.96190198,54.86230622],[-123.96171801,54.86243333],[-123.96152691,54.86249492],[-123.96133181,54.86258038],[-123.96099214,54.86271781],[-123.96083296,54.8627908],[-123.96063805,54.86289121],[-123.96028367,54.86305606],[-123.96004645,54.86313083],[-123.95976011,54.86310591],[-123.95942513,54.86298165],[-123.95825531,54.86294604],[-123.9571407,54.86280825],[-123.95599907,54.86262524],[-123.9548317,54.86253267],[-123.95379209,54.86263984],[-123.95288037,54.8629464],[-123.95206011,54.86318068],[-123.95110377,54.86315113],[-123.95001124,54.8628581],[-123.94887171,54.86259747],[-123.94772622,54.8623995],[-123.94722402,54.86210006],[-123.9464513,54.86193521],[-123.94540853,54.8619053],[-123.94464452,54.86164788],[-123.94388247,54.86127616],[-123.9430505,54.86086136],[-123.94221467,54.86063811],[-123.94137418,54.86060678],[-123.94054455,54.8606609],[-123.93955277,54.86065663],[-123.93844122,54.86065947],[-123.93733709,54.86075169],[-123.93658215,54.86081543],[-123.93584162,54.860908],[-123.93512637,54.86111629],[-123.93438194,54.86132173],[-123.93361324,54.86161227],[-123.9326852,54.86183587],[-123.93162882,54.86205093],[-123.93047453,54.86220937],[-123.93017638,54.86278689],[-123.92992919,54.86273384],[-123.92966302,54.862611],[-123.92894059,54.86228414],[-123.92812771,54.86202387],[-123.92719042,54.86191313],[-123.92647851,54.86181273],[-123.92607641,54.86179884],[-123.9259007,54.86182199],[-123.92563698,54.86187789],[-123.92535764,54.86193414],[-123.92501644,54.86199966],[-123.92472087,54.86200393],[-123.92451815,54.86200037],[-123.92439321,54.86197722],[-123.92422565,54.86192773],[-123.92398464,54.86184549],[-123.92365479,54.86171339],[-123.9234548,54.86169381],[-123.9232282,54.86168348],[-123.92293234,54.86169772],[-123.92267785,54.86169986],[-123.92238692,54.86168491],[-123.92210176,54.86170022],[-123.92177695,54.86173262],[-123.92137393,54.86174259],[-123.92089973,54.86169416],[-123.92040116,54.86160016],[-123.91995808,54.86154355],[-123.91978664,54.86153608],[-123.91964329,54.86155103],[-123.91949351,54.86158201],[-123.91933714,54.86162936],[-123.9191813,54.86162153],[-123.91893291,54.86165927],[-123.91879294,54.86167814],[-123.91855987,54.86170698],[-123.91838957,54.86174437],[-123.91807483,54.86183943],[-123.91773988,54.86196476],[-123.91766252,54.86199253],[-123.91735952,54.86214457],[-123.9170624,54.86232046],[-123.9168481,54.86247498],[-123.91672601,54.86259248],[-123.91658629,54.86278155],[-123.91644719,54.86297524],[-123.91630793,54.86317392],[-123.91609278,54.8633644],[-123.91585948,54.86353388],[-123.91561375,54.86369731],[-123.91530701,54.86391557],[-123.9151385,54.86405158],[-123.91487831,54.86426023],[-123.91461826,54.86447778],[-123.91451109,54.86455967],[-123.91426523,54.8647142],[-123.91400363,54.86485092],[-123.91375851,54.86502361],[-123.91352825,54.86518704],[-123.9134367,54.86526857],[-123.91328466,54.86544055],[-123.91323952,54.86551282],[-123.91316008,54.86567198],[-123.91308991,54.86578342],[-123.9129616,54.86608108],[-123.9127488,54.86653505],[-123.91231595,54.86707625],[-123.91150683,54.86760071],[-123.91044769,54.86807604],[-123.90927301,54.86857096],[-123.9092543,54.86911928],[-123.90911034,54.8696498],[-123.90871151,54.87017711],[-123.90805842,54.87070122],[-123.90689513,54.87046729],[-123.90569218,54.87011658],[-123.9051824,54.86985168],[-123.90441514,54.86968398],[-123.90339018,54.86961241],[-123.90229822,54.86953978],[-123.90190824,54.86951556],[-123.90098129,54.86920188],[-123.9004081,54.86887787],[-123.89992331,54.86855102],[-123.89994129,54.86797564],[-123.90008236,54.86747111],[-123.90036173,54.86701964],[-123.90064279,54.86665931],[-123.90052398,54.86630255],[-123.90000501,54.86595006],[-123.89883379,54.86558724],[-123.8978176,54.86519131],[-123.89706272,54.86471954],[-123.89656914,54.86417193],[-123.89596443,54.86361613],[-123.89560891,54.86304075],[-123.8955027,54.86244543],[-123.89550664,54.86193307],[-123.89538235,54.86148267],[-123.89525398,54.86107926],[-123.89526194,54.8607168],[-123.89554944,54.86034223],[-123.89630661,54.85982133],[-123.89675467,54.85946741],[-123.89709725,54.85921568],[-123.89728093,54.85906828],[-123.89741954,54.85898211],[-123.89765831,54.85857799],[-123.8976792,54.85811584],[-123.89748284,54.85759564],[-123.8971172,54.85704732],[-123.89675733,54.8565047],[-123.89559513,54.85655526],[-123.89439005,54.85653105],[-123.89509393,54.85604575],[-123.895524,54.85551843],[-123.89567905,54.85494911],[-123.89642642,54.85468598],[-123.89705656,54.85431462],[-123.89769868,54.85383359],[-123.89822297,54.85329346],[-123.89887708,54.85275654],[-123.89940557,54.85222744],[-123.89993223,54.85170903],[-123.90019918,54.85119204],[-123.90033478,54.85067256],[-123.90035386,54.85011534],[-123.90037138,54.8495129],[-123.9009144,54.84927328],[-123.90159292,54.84909952],[-123.90205963,54.84863167],[-123.90246125,54.84824251],[-123.90279684,54.84793131],[-123.90281534,54.84736484],[-123.90318632,54.84700878],[-123.90343773,54.84663635],[-123.90344699,54.84620802],[-123.90308348,54.84579322],[-123.90244824,54.84542364],[-123.90153023,54.8452157],[-123.90046021,54.84509963],[-123.90048011,54.84461433],[-123.90062204,54.84414078],[-123.90103473,54.84380253],[-123.90184059,54.84361952],[-123.90290113,54.84351805],[-123.90401343,54.84359353],[-123.90514562,54.8436181],[-123.90629919,54.84366332],[-123.90756015,54.84366296],[-123.90830033,54.84380111],[-123.90905696,54.84397522],[-123.90995166,54.84413046],[-123.91096815,54.84423051],[-123.91165957,54.84397379],[-123.91221652,54.84366403],[-123.91337755,54.8435832],[-123.91453741,54.84346072],[-123.91569366,54.84317054],[-123.91569857,54.84268524],[-123.91571577,54.842065],[-123.91508365,54.841809],[-123.9147064,54.84143443],[-123.91458419,54.84094094],[-123.91460351,54.84041078],[-123.91462213,54.8398532],[-123.91565717,54.83964277],[-123.91644398,54.83931022],[-123.9169818,54.8388559],[-123.91739083,54.83834674],[-123.91780492,54.83783118],[-123.91822377,54.83730992],[-123.91861996,54.83692324],[-123.91902099,54.83654298],[-123.91942776,54.83616841],[-123.91823979,54.83619227],[-123.91704569,54.83616841],[-123.91599162,54.83606551],[-123.91521365,54.8358558],[-123.91484167,54.83548693],[-123.91459906,54.83499949],[-123.91422487,54.83452416],[-123.91345932,54.8341763],[-123.91243397,54.83395626],[-123.91229016,54.83440987],[-123.91200732,54.83484034],[-123.91148672,54.83523947],[-123.91086788,54.83563078],[-123.9098902,54.83570198],[-123.90897647,54.83561297],[-123.90825474,54.83536658],[-123.90775559,54.83501587],[-123.90734673,54.8346114],[-123.90680891,54.83423398],[-123.90615463,54.83382345],[-123.90538375,54.83338017],[-123.90501176,54.83299634],[-123.90463467,54.83260682],[-123.90425199,54.83221125],[-123.90477476,54.83190967],[-123.90554958,54.83174802],[-123.90657646,54.8317263],[-123.90783788,54.83175301],[-123.90884393,54.83171242],[-123.90973453,54.83154721],[-123.91051005,54.8311997],[-123.91128683,54.83073862],[-123.91251589,54.8306845],[-123.91367476,54.83054991],[-123.9147021,54.83031064],[-123.91547541,54.82999304],[-123.91587059,54.82957682],[-123.91601367,54.82909437],[-123.91616001,54.82860693],[-123.91643484,54.82821634],[-123.91683688,54.82787204],[-123.91710997,54.82741059],[-123.9172557,54.82688328],[-123.91832316,54.82653043],[-123.91912432,54.82615587],[-123.91965855,54.82575958],[-123.9184969,54.82533695],[-123.9173065,54.82502255],[-123.91611793,54.82476192],[-123.9173195,54.82444432],[-123.91838375,54.82408863],[-123.91918529,54.82366706],[-123.91959517,54.82299198],[-123.91974558,54.82206518],[-123.91988414,54.82147912],[-123.92014602,54.82095358],[-123.92053426,54.82046259],[-123.92079651,54.81991925],[-123.92092916,54.81935099],[-123.92094939,54.8188746],[-123.92134473,54.81847332],[-123.92174599,54.81809876],[-123.92215302,54.81775125],[-123.92164278,54.81727556],[-123.92088249,54.816922],[-123.91987245,54.81668986],[-123.92050486,54.8161451],[-123.92089129,54.81556366],[-123.92103132,54.81494663],[-123.92104997,54.81441611],[-123.92105307,54.81406362],[-123.9210546,54.81392191],[-123.92106896,54.81352313],[-123.92107374,54.81339175],[-123.92107579,54.81280746],[-123.92109625,54.81233997],[-123.92111368,54.81173753],[-123.91997746,54.81172827],[-123.91958969,54.81131098],[-123.9191218,54.8110418],[-123.91857426,54.8109211],[-123.91826727,54.8109592],[-123.91796258,54.81092573],[-123.91738515,54.81056362],[-123.91683971,54.81012532],[-123.91645852,54.80957095],[-123.91713452,54.80903473],[-123.91754317,54.80851953],[-123.91768402,54.80802497],[-123.91769018,54.80761159],[-123.91770484,54.80689237],[-123.91891821,54.80688311],[-123.91992366,54.80685783],[-123.92056,54.80692975],[-123.92098637,54.80713626],[-123.92120353,54.807477],[-123.92147303,54.80778143],[-123.9218263,54.80794557],[-123.92222722,54.80795945],[-123.92250103,54.80783662],[-123.9227266,54.80769704],[-123.9230221,54.80755106],[-123.92350547,54.8074325],[-123.92406915,54.80760803],[-123.92427927,54.80763545],[-123.92449169,54.80762192],[-123.92470641,54.80756744],[-123.92492457,54.80782309],[-123.92515744,54.8079534],[-123.92540814,54.80803031],[-123.92569371,54.80802995],[-123.92597934,54.80797583],[-123.92626922,54.80787899],[-123.92670064,54.80767782],[-123.92690052,54.80757741],[-123.92728493,54.80739476],[-123.92760812,54.80723062],[-123.92773072,54.80714872],[-123.928023,54.80699384],[-123.92837648,54.80682044],[-123.92868774,54.80658937],[-123.92910397,54.80642736],[-123.92951828,54.80631912],[-123.92987774,54.80623047],[-123.93010383,54.80615391],[-123.93028951,54.80611475],[-123.93046019,54.8060852],[-123.93080103,54.80602894],[-123.93098735,54.80600045],[-123.93117378,54.80598087],[-123.93156144,54.80595096],[-123.93173305,54.80594669],[-123.93188863,54.80594847],[-123.93281226,54.80589471],[-123.93353403,54.80573021],[-123.93393023,54.80535885],[-123.93407217,54.80484435],[-123.93409084,54.80431383],[-123.93409763,54.80390936],[-123.93358288,54.80363093],[-123.93358748,54.80338205],[-123.93411113,54.80316343],[-123.93399002,54.80277284],[-123.93361731,54.80243637],[-123.93299375,54.80215367],[-123.93187093,54.8018147],[-123.93185529,54.80112289],[-123.93185128,54.80026908],[-123.9325012,54.79961181],[-123.93291065,54.79892285],[-123.93307931,54.79820148],[-123.93404249,54.79822997],[-123.93479611,54.798314],[-123.93534018,54.79845357],[-123.9359836,54.79869141],[-123.93691017,54.79884594],[-123.93799471,54.79887371],[-123.93808692,54.79822071],[-123.93817849,54.79755098],[-123.93839277,54.79688943],[-123.93848436,54.7962197],[-123.93869932,54.79557489],[-123.9387914,54.79491014],[-123.93888263,54.79424752],[-123.9388507,54.79351975],[-123.93881537,54.7926841],[-123.93764416,54.79223476],[-123.93682994,54.79194458],[-123.93603258,54.79182387],[-123.93512858,54.79197057],[-123.93410857,54.79224402],[-123.93294934,54.79188761],[-123.93174086,54.79141762],[-123.93172307,54.79064463],[-123.93172266,54.78996172],[-123.93154429,54.7895576],[-123.9313422,54.78932546],[-123.93111577,54.78926528],[-123.93089912,54.78929412],[-123.93068256,54.78890816],[-123.93050683,54.78848838],[-123.93050458,54.78771539],[-123.93049056,54.7870955],[-123.93048668,54.78637246],[-123.93048549,54.78620572],[-123.9292141,54.78589382],[-123.92796598,54.78549682],[-123.92607049,54.78586498],[-123.92429509,54.7861452],[-123.92429405,54.78541707],[-123.92427938,54.78477012],[-123.92427816,54.78402419],[-123.92426159,54.78329642],[-123.9242615,54.78261351],[-123.92425857,54.78249451],[-123.92424531,54.78191245],[-123.92424536,54.78123844],[-123.92530987,54.78064526],[-123.92621825,54.78016494],[-123.92696974,54.77979785],[-123.92776821,54.77958493],[-123.9283274,54.77910853],[-123.92902719,54.77865848],[-123.9297242,54.77800441],[-123.93013663,54.77730905],[-123.93026483,54.77657308],[-123.93147471,54.77624018],[-123.93261519,54.77581006],[-123.93370845,54.77533331],[-123.93460525,54.77482024],[-123.93554273,54.77419572],[-123.93679979,54.77344018],[-123.93676715,54.77270351],[-123.93685873,54.77203983],[-123.9371993,54.77145198],[-123.93779625,54.77110804],[-123.93840762,54.77102935],[-123.93890918,54.77120417],[-123.93956408,54.77086343],[-123.93998957,54.77065051],[-123.94018457,54.77056506],[-123.94043081,54.77046429],[-123.94069619,54.77036353],[-123.94094542,54.77023856],[-123.94115953,54.77008439],[-123.94133533,54.76991811],[-123.94146662,54.76977035],[-123.94165406,54.76960122],[-123.94188295,54.76941964],[-123.94200451,54.76929288],[-123.94210985,54.76913907],[-123.94220436,54.76897386],[-123.94228837,54.76878729],[-123.94236096,54.76858007],[-123.94244993,54.76839955],[-123.94253948,54.76822829],[-123.94256756,54.76810224],[-123.94256294,54.76791354],[-123.94255905,54.76773373],[-123.94359946,54.76768068],[-123.94479453,54.7676084],[-123.94617662,54.76755285],[-123.94569609,54.76715799],[-123.94508113,54.76672468],[-123.94435095,54.76621303],[-123.9435048,54.76562341],[-123.94308607,54.76521324],[-123.94254596,54.76480413],[-123.94188591,54.76440784],[-123.94086918,54.76406497],[-123.93976231,54.76391008],[-123.93856447,54.76394213],[-123.93783053,54.76401583],[-123.93715807,54.764055],[-123.93715433,54.76388409],[-123.93652931,54.76351736],[-123.93578143,54.76321186],[-123.93480173,54.76303562],[-123.93365118,54.76295835],[-123.93328564,54.76236517],[-123.93292037,54.7618019],[-123.93255538,54.76126853],[-123.93224528,54.76045602],[-123.93208325,54.75965134],[-123.93222132,54.7587516],[-123.93250786,54.75782657],[-123.93261498,54.75708278],[-123.93272442,54.75637602],[-123.93283678,54.75570628],[-123.9327083,54.7550661],[-123.93258259,54.75440384],[-123.93229805,54.75375298],[-123.93197493,54.75312739],[-123.931506,54.75255878],[-123.93105336,54.75201402],[-123.93160959,54.75134998],[-123.93195647,54.75108317],[-123.93239851,54.75074362],[-123.9334198,54.75019566],[-123.93398733,54.74965303],[-123.9343228,54.74893844],[-123.93442682,54.74805187],[-123.93430267,54.7472917],[-123.93394926,54.74657069],[-123.93336749,54.74588814],[-123.93277498,54.74518956],[-123.93240982,54.74440945],[-123.93227263,54.74354781],[-123.9310037,54.74284745],[-123.92979978,54.74206592],[-123.9285313,54.74250991],[-123.92763404,54.74289623],[-123.92676081,54.74322166],[-123.92585842,54.7434531],[-123.92480276,54.74364109],[-123.92404833,54.74324231],[-123.9233448,54.74283819],[-123.92262172,54.74246719],[-123.92187907,54.74212929],[-123.92095857,54.74195483],[-123.91999322,54.741853],[-123.91885898,54.74184374],[-123.9177036,54.74182273],[-123.91666375,54.74170844],[-123.91575213,54.74144674],[-123.91496765,54.74103728],[-123.91414974,54.74036042],[-123.91442567,54.74017884],[-123.91473117,54.73995168],[-123.91488407,54.73986053],[-123.91393023,54.73912208],[-123.91303595,54.73856841],[-123.91221937,54.73824298],[-123.9114749,54.73797701],[-123.91085385,54.73768505],[-123.91033825,54.73732472],[-123.90983899,54.7372115],[-123.90899002,54.73708011],[-123.90800885,54.73717732],[-123.90689424,54.7375031],[-123.90631612,54.73759034],[-123.90596632,54.73776089],[-123.90576519,54.73803469],[-123.9056091,54.73839359],[-123.90505375,54.73855844],[-123.90464554,54.73873611],[-123.90445254,54.7389914],[-123.90428009,54.73922035],[-123.90406881,54.73943861],[-123.90371692,54.73951088],[-123.90342085,54.73955503],[-123.90318121,54.73957106],[-123.9029187,54.73963586],[-123.90257972,54.73974623],[-123.90222479,54.73986551],[-123.90188581,54.73997589],[-123.90156644,54.7400592],[-123.90122098,54.74011867],[-123.90084866,54.74015463],[-123.90068373,54.74017955],[-123.90052918,54.74021694],[-123.90005881,54.74024222],[-123.89947333,54.74023652],[-123.89842451,54.74010051],[-123.89794162,54.74049857],[-123.89749637,54.74073855],[-123.89708937,54.74082044],[-123.89670087,54.74082329],[-123.89582943,54.74075778],[-123.89487618,54.74064918],[-123.89397743,54.74058865],[-123.89309296,54.74062212],[-123.89230554,54.74068087],[-123.89166155,54.74061571],[-123.89112762,54.74048611],[-123.89064308,54.74029562],[-123.8901279,54.74015783],[-123.88961561,54.74001292],[-123.88837291,54.74002182],[-123.88711363,54.73995915],[-123.88594219,54.73967111],[-123.8849537,54.73945961],[-123.88442214,54.73928479],[-123.8840381,54.73916587],[-123.88380172,54.73910249],[-123.88356829,54.73906831],[-123.88319352,54.73899034],[-123.88292864,54.73895615],[-123.8826481,54.73891343],[-123.88238322,54.73887925],[-123.88200925,54.73881907],[-123.8818068,54.73878454],[-123.88154177,54.73875071],[-123.88140193,54.73873362],[-123.88115255,54.73870834],[-123.8808883,54.73869232],[-123.8806549,54.7386763],[-123.8797912,54.73870727],[-123.87886591,54.73877599],[-123.87762884,54.73888494],[-123.87634481,54.73904873],[-123.87509874,54.73913276],[-123.87389252,54.73913845],[-123.87283582,54.73911923],[-123.87163934,54.73907365],[-123.87034296,54.73900529],[-123.86908707,54.7388586],[-123.86895414,54.73814044],[-123.86856555,54.73762487],[-123.86792006,54.7373119],[-123.86790283,54.73649441],[-123.86790065,54.73568546],[-123.86788767,54.73507447],[-123.86788695,54.73430148],[-123.86787163,54.73358261],[-123.86798315,54.7331614],[-123.86814231,54.73284594],[-123.86830774,54.7326818],[-123.86845682,54.732617],[-123.86865279,54.73259457],[-123.86887481,54.73257783],[-123.86918593,54.7325846],[-123.86949636,54.73258246],[-123.86980687,54.73258923],[-123.87016439,54.73259564],[-123.87050423,54.73258638],[-123.87085692,54.73253796],[-123.8711927,54.73243256],[-123.87143463,54.73228195],[-123.87159812,54.73210891],[-123.87165739,54.73196471],[-123.87167935,54.73179701],[-123.87168173,54.73164106],[-123.87164698,54.73149757],[-123.87153408,54.73055474],[-123.87151565,54.72969203],[-123.87151119,54.72878445],[-123.87150169,54.72834401],[-123.87150901,54.72793954],[-123.87197453,54.72793349],[-123.87228446,54.72789005],[-123.87256229,54.72783913],[-123.87280991,54.72780032],[-123.87302693,54.72777611],[-123.87335289,54.72777362],[-123.8736639,54.72777148],[-123.87398985,54.72776899],[-123.87430509,54.72774585],[-123.87462517,54.7277017],[-123.87480414,54.7276255],[-123.8749662,54.72752723],[-123.87513085,54.72741045],[-123.87529751,54.72721141],[-123.87546425,54.72702128],[-123.87557071,54.72693084],[-123.8759388,54.72671258],[-123.87620058,54.72660256],[-123.87640058,54.72652922],[-123.87660114,54.72646513],[-123.87681725,54.72640068],[-123.87701803,54.72634514],[-123.87732684,54.72627108],[-123.87762031,54.72620592],[-123.87789821,54.72612296],[-123.87808327,54.72604997],[-123.8783905,54.72590399],[-123.87869787,54.72575765],[-123.87889708,54.72564834],[-123.87906585,54.72553049],[-123.87921781,54.72537667],[-123.87936915,54.72522286],[-123.87952126,54.72506869],[-123.87959743,54.72498751],[-123.87979998,54.72478207],[-123.88005431,54.72457057],[-123.88040626,54.72434341],[-123.88057377,54.72418924],[-123.88074114,54.72403543],[-123.88083209,54.72391793],[-123.88087612,54.72382785],[-123.88090536,54.72373777],[-123.88095986,54.72361742],[-123.88103962,54.72348497],[-123.8812231,54.72334006],[-123.8814061,54.72319478],[-123.8816663,54.723031],[-123.88186605,54.72293095],[-123.88206602,54.72283945],[-123.88226592,54.72273904],[-123.88249671,54.72264148],[-123.8827586,54.72255994],[-123.88302096,54.72249087],[-123.88326857,54.72243533],[-123.88359284,54.72237017],[-123.88390231,54.72230501],[-123.88416502,54.72226691],[-123.88444361,54.72222917],[-123.88467612,54.72220318],[-123.88487753,54.72219001],[-123.88512545,54.72217007],[-123.88543571,54.72214087],[-123.88574535,54.72211167],[-123.8862995,54.72187383],[-123.88691309,54.72154591],[-123.88709694,54.7209634],[-123.88737581,54.7206248],[-123.88771962,54.72033568],[-123.88810795,54.72008111],[-123.88803894,54.71968838],[-123.88805235,54.71937648],[-123.88814911,54.71914611],[-123.88830018,54.71894744],[-123.88763302,54.71849311],[-123.88685356,54.71810431],[-123.88562271,54.71815237],[-123.8844333,54.71818192],[-123.88325883,54.7180217],[-123.88210111,54.71777638],[-123.88090793,54.71741071],[-123.87970577,54.71709596],[-123.87893517,54.71662811],[-123.87865723,54.71631443],[-123.87851725,54.71596016],[-123.8785041,54.71536092],[-123.87731306,54.71501306],[-123.87611095,54.71453346],[-123.87483542,54.7136711],[-123.87359344,54.7136711],[-123.87359192,54.71287105],[-123.8724418,54.71281657],[-123.87229049,54.71203789],[-123.87200659,54.71135177],[-123.8716245,54.71088712],[-123.87132686,54.71045879],[-123.8711546,54.70998596],[-123.87115386,54.70920406],[-123.87100508,54.70848306],[-123.87072401,54.70775102],[-123.87044582,54.70707701],[-123.87047453,54.70648774],[-123.87083781,54.70606653],[-123.87129144,54.70574573],[-123.87165407,54.70560437],[-123.87189819,54.7055588],[-123.87217767,54.70558372],[-123.87239517,54.7055823],[-123.87195208,54.70527681],[-123.87123866,54.70496028],[-123.87011718,54.7046879],[-123.86858555,54.70450417],[-123.8674113,54.70452162],[-123.86622172,54.70454192],[-123.86501727,54.70456541],[-123.86381966,54.70397508],[-123.86269823,54.70352147],[-123.86280413,54.70341287],[-123.86298633,54.70321384],[-123.86303182,54.70315972],[-123.86307676,54.70309634],[-123.8631361,54.70294324],[-123.86319483,54.70279014],[-123.8632074,54.70266409],[-123.86322045,54.70253841],[-123.86320214,54.70240346],[-123.86318369,54.70226888],[-123.8631962,54.70213393],[-123.86322337,54.70196303],[-123.86323582,54.70180102],[-123.86326434,54.70168424],[-123.86329626,54.70156817],[-123.863347,54.70145281],[-123.8634429,54.70133246],[-123.86355935,54.70122066],[-123.8637177,54.70111491],[-123.86391761,54.7010145],[-123.86413238,54.700923],[-123.86442481,54.70079518],[-123.86470129,54.70067626],[-123.86499371,54.70054843],[-123.8653627,54.70040209],[-123.86563972,54.70027427],[-123.86590065,54.70013755],[-123.86605788,54.69999976],[-123.86625279,54.69983455],[-123.86648475,54.69964192],[-123.86692565,54.69947031],[-123.86732978,54.69932539],[-123.86769623,54.6992079],[-123.86797317,54.69908933],[-123.86824963,54.69897041],[-123.8685267,54.69885149],[-123.86889492,54.69866919],[-123.86926383,54.69849579],[-123.86938518,54.69827824],[-123.8693517,54.69799767],[-123.8692544,54.69758501],[-123.8692495,54.69710291],[-123.87025806,54.69726919],[-123.871112,54.69727524],[-123.87181036,54.69712036],[-123.87179335,54.69633847],[-123.87177979,54.69570078],[-123.87127745,54.69582825],[-123.87085403,54.69610063],[-123.87050924,54.69651863],[-123.86932782,54.69625052],[-123.86826237,54.69585673],[-123.86731351,54.69533725],[-123.86645879,54.69476828],[-123.86550137,54.69425485],[-123.86456519,54.69377703],[-123.86364816,54.69338822],[-123.86285325,54.69304142],[-123.86208333,54.69284025],[-123.86321744,54.69216696],[-123.86322046,54.69157378],[-123.8632051,54.69084601],[-123.86306433,54.69022185],[-123.86267101,54.68973049],[-123.86202531,54.68937159],[-123.86201155,54.68872465],[-123.86201262,54.68804138],[-123.86223019,54.68757175],[-123.86252555,54.68709713],[-123.86290402,54.68641743],[-123.86313992,54.68557999],[-123.86295306,54.68506906],[-123.86279083,54.68472867],[-123.8627181,54.68456133],[-123.86271134,54.68439683],[-123.86276897,54.68420741],[-123.86297696,54.68374775],[-123.86188806,54.68360283],[-123.8606823,54.68356616],[-123.85945178,54.68357506],[-123.85832133,54.68357114],[-123.85727072,54.68360853],[-123.85654588,54.68357364],[-123.85588303,54.68351062],[-123.85580815,54.68363666],[-123.85570217,54.68376341],[-123.85554998,54.68390833],[-123.85539785,54.68406214],[-123.85523091,54.68423411],[-123.85507951,54.68440573],[-123.85485146,54.68462328],[-123.85476102,54.68474968],[-123.85435148,54.6851748],[-123.8551131,54.68559779],[-123.85595555,54.68598732],[-123.85660723,54.68639606],[-123.85700362,54.68689454],[-123.85714535,54.68748273],[-123.85714275,54.68809408],[-123.85715788,54.68879479],[-123.85610183,54.68893116],[-123.85526716,54.68913482],[-123.85465203,54.68940577],[-123.85423753,54.68961228],[-123.85404868,54.68971874],[-123.8537881,54.6899662],[-123.85357414,54.69027597],[-123.853097,54.69021045],[-123.85272273,54.69019621],[-123.85243718,54.69023929],[-123.85215262,54.69046396],[-123.85179499,54.69076198],[-123.85132508,54.69104682],[-123.85099813,54.69123802],[-123.85070893,54.69140465],[-123.85049743,54.69168273],[-123.85019793,54.69202846],[-123.84990948,54.69258247],[-123.84977138,54.6931696],[-123.84963823,54.69380195],[-123.84920991,54.69432891],[-123.84848595,54.69475154],[-123.84764412,54.6952169],[-123.84693807,54.69559112],[-123.84623507,54.69577377],[-123.84554914,54.6959493],[-123.84459885,54.69602087],[-123.8435174,54.69608923],[-123.84220445,54.6961195],[-123.84094216,54.69609813],[-123.83968692,54.69619676],[-123.83844794,54.6962224],[-123.837354,54.69632886],[-123.83640446,54.69651614],[-123.83532369,54.69669737],[-123.83414522,54.69681914],[-123.83290384,54.69681594],[-123.83166129,54.69676431],[-123.83041998,54.69676395],[-123.83025647,54.69754691],[-123.82982332,54.69810627],[-123.82898971,54.69830673],[-123.82789065,54.69827326],[-123.82677525,54.69826471],[-123.82580321,54.69837722],[-123.82497529,54.69861044],[-123.82443147,54.69868521],[-123.82374038,54.6986877],[-123.82287091,54.69865779],[-123.82332766,54.69795958],[-123.82378015,54.69731548],[-123.82422839,54.6967255],[-123.82294031,54.69673404],[-123.82172849,54.69665251],[-123.8204691,54.69652611],[-123.82057482,54.6961049],[-123.82029843,54.69576238],[-123.81964191,54.69549819],[-123.81963069,54.69495022],[-123.81959857,54.69414163],[-123.81860172,54.69392337],[-123.81824594,54.69398888],[-123.81792189,54.69408074],[-123.81767486,54.69412738],[-123.8174173,54.69420429],[-123.81707303,54.69420251],[-123.8166659,54.69410139],[-123.81584368,54.69386141],[-123.81507173,54.69378166],[-123.81451158,54.69381513],[-123.8141648,54.69396253],[-123.81381257,54.69418044],[-123.81346025,54.6944076],[-123.81318386,54.69456212],[-123.81290741,54.69470775],[-123.81263101,54.69486228],[-123.81243154,54.69495378],[-123.81223159,54.69504493],[-123.81200018,54.69512718],[-123.81176923,54.69520978],[-123.81152303,54.69531909],[-123.81126191,54.69542876],[-123.81104658,54.69554696],[-123.81051138,54.69568048],[-123.80992756,54.69594788],[-123.80929374,54.69634951],[-123.80832389,54.69593577],[-123.80729359,54.69561711],[-123.80657392,54.6953223],[-123.80613557,54.694858],[-123.80597808,54.69422387],[-123.80470687,54.69428618],[-123.80343701,54.69439335],[-123.80216362,54.69434814],[-123.8017062,54.69372148],[-123.80116618,54.69329209],[-123.80054279,54.69306029],[-123.79964039,54.69305246],[-123.79962408,54.69223497],[-123.79864934,54.69185185],[-123.79822241,54.69144738],[-123.79834341,54.69102118],[-123.79713469,54.69109204],[-123.79597965,54.69135516],[-123.79493889,54.69135587],[-123.79413717,54.69101976],[-123.7935858,54.69047714],[-123.79232758,54.6904223],[-123.79105571,54.69043085],[-123.79104451,54.68985547],[-123.79101373,54.68907393],[-123.79059714,54.68838462],[-123.79017701,54.68777612],[-123.7897532,54.68724881],[-123.79085279,54.68689098],[-123.79202513,54.686557],[-123.7932705,54.68624617],[-123.79281788,54.68568396],[-123.79278771,54.68511],[-123.79317996,54.6845243],[-123.79379932,54.683945],[-123.79419199,54.68339134],[-123.79460377,54.6827565],[-123.79498966,54.68215477],[-123.79593902,54.6824891],[-123.79695479,54.68270807],[-123.79692284,54.68186352],[-123.79682555,54.68118595],[-123.79658194,54.68056037],[-123.79613169,54.68001525],[-123.79561137,54.67948936],[-123.79508242,54.67895457],[-123.79554566,54.67867792],[-123.79583988,54.67838845],[-123.79596507,54.67808616],[-123.79613785,54.67795015],[-123.79630073,54.67780523],[-123.79649939,54.67764216],[-123.79658009,54.67753997],[-123.7966652,54.67740752],[-123.79679469,54.6772359],[-123.79703904,54.67705752],[-123.79739885,54.67687237],[-123.79731961,54.67650849],[-123.79736973,54.67615351],[-123.79756628,54.67581988],[-123.79735361,54.67551261],[-123.79673097,54.67523204],[-123.79670116,54.67448647],[-123.79750446,54.67382207],[-123.79817877,54.67322141],[-123.79871656,54.67262182],[-123.79911864,54.67205285],[-123.7996475,54.67140448],[-123.80046941,54.67090779],[-123.80159759,54.6706176],[-123.80288632,54.67044634],[-123.80409521,54.67040219],[-123.80519253,54.67040789],[-123.80615081,54.67032172],[-123.80682592,54.67004472],[-123.80734675,54.6696349],[-123.80772967,54.66915601],[-123.80740473,54.66856105],[-123.80763077,54.66799029],[-123.80840899,54.66744375],[-123.80906679,54.66778093],[-123.81027573,54.66853683],[-123.81083191,54.66800169],[-123.81165887,54.66774462],[-123.81275677,54.66776527],[-123.81274316,54.6670731],[-123.81271457,54.66642651],[-123.8115045,54.66561649],[-123.81215252,54.66528679],[-123.81266796,54.66487199],[-123.81260737,54.66415347],[-123.81259123,54.66333562],[-123.81155805,54.66285424],[-123.81068304,54.66249463],[-123.81058951,54.66179213],[-123.81043379,54.66115124],[-123.81034654,54.66091719],[-123.81021545,54.66056553],[-123.80999715,54.65997377],[-123.81058048,54.65968208],[-123.81072199,54.65961131],[-123.811299,54.65917408],[-123.81072788,54.65910462],[-123.80999334,54.65901528],[-123.80871365,54.65874219],[-123.8074444,54.65840323],[-123.80618272,54.65812088],[-123.80493272,54.6578866],[-123.8037397,54.65789443],[-123.80251397,54.6578485],[-123.80110775,54.65729163],[-123.80042687,54.65708655],[-123.80012506,54.65705557],[-123.79986376,54.65708334],[-123.79964312,54.65716951],[-123.79903848,54.65725247],[-123.79836699,54.65725389],[-123.79769358,54.65715954],[-123.79712122,54.65697653],[-123.79664876,54.65678105],[-123.79621143,54.65658701],[-123.79484741,54.65660516],[-123.79485992,54.65725211],[-123.79495452,54.6575868],[-123.79496808,54.65800943],[-123.79490043,54.65851895],[-123.79493148,54.65930974],[-123.79470012,54.65991218],[-123.7943101,54.66032235],[-123.79376171,54.66053954],[-123.79248354,54.66071258],[-123.79122368,54.66077204],[-123.78996764,54.66074427],[-123.78864871,54.6606898],[-123.78815564,54.66111243],[-123.7875317,54.66146101],[-123.78634436,54.66114305],[-123.78544686,54.66071152],[-123.78484042,54.6601664],[-123.78352585,54.65980323],[-123.78220496,54.65936564],[-123.78141866,54.65903522],[-123.78077744,54.658572],[-123.78027887,54.65809275],[-123.77989508,54.65754692],[-123.77966427,54.65703029],[-123.77962481,54.6565603],[-123.77948298,54.65645313],[-123.77918435,54.65622134],[-123.77957259,54.65547007],[-123.77969403,54.65479143],[-123.77974695,54.65405191],[-123.77971877,54.65328027],[-123.77971511,54.6531803],[-123.77968499,54.65242582],[-123.77967237,54.65177852],[-123.78085209,54.65187893],[-123.78083814,54.65112409],[-123.78081003,54.65048605],[-123.7807985,54.64987506],[-123.78076908,54.64916545],[-123.78137813,54.64849251],[-123.78185936,54.64782812],[-123.78168388,54.64738697],[-123.7814025,54.64690559],[-123.78131371,54.64674892],[-123.78117193,54.64649969],[-123.78107151,54.64632344],[-123.78092353,54.6457153],[-123.78117644,54.64516627],[-123.78197803,54.64468204],[-123.78307654,54.64420742],[-123.78181218,54.64410096],[-123.78075081,54.64387202],[-123.7800404,54.64346007],[-123.77962732,54.6429267],[-123.77841882,54.64296124],[-123.77711707,54.64293382],[-123.77644068,54.64258738],[-123.77589321,54.64215051],[-123.77679612,54.64156373],[-123.77740289,54.64114039],[-123.77771274,54.64088082],[-123.77798699,54.64051943],[-123.77822474,54.64008077],[-123.77831863,54.63933093],[-123.77830911,54.63881893],[-123.77827955,54.63810006],[-123.77868494,54.63796262],[-123.77907809,54.6377294],[-123.77945959,54.63740041],[-123.77942931,54.63664594],[-123.77941581,54.63593597],[-123.77938922,54.63536094],[-123.77938695,54.635226],[-123.77923747,54.63452814],[-123.77895105,54.63378791],[-123.77838727,54.63318653],[-123.77795896,54.63266705],[-123.77752361,54.6322932],[-123.77736839,54.63191578],[-123.77706887,54.63156614],[-123.7767688,54.63118053],[-123.77801634,54.63087112],[-123.7792495,54.6304816],[-123.78031416,54.63053857],[-123.78123419,54.63040007],[-123.78200924,54.63006538],[-123.78266068,54.62973959],[-123.78354208,54.62928847],[-123.78465269,54.62871238],[-123.78372059,54.62855465],[-123.78293068,54.62831004],[-123.78232979,54.62793654],[-123.7814052,54.62753812],[-123.78034294,54.6271664],[-123.77914361,54.62682139],[-123.77793287,54.62641905],[-123.77832032,54.62587713],[-123.77870707,54.62533843],[-123.778956,54.62476554],[-123.77906689,54.62415598],[-123.77905541,54.62355389],[-123.77902969,54.62302373],[-123.77899651,54.62211615],[-123.77907004,54.62161234],[-123.77922664,54.62118899],[-123.77941054,54.62108894],[-123.7797486,54.62094011],[-123.78005594,54.62082404],[-123.78039572,54.62074713],[-123.78074982,54.62063996],[-123.77992459,54.61962058],[-123.77923083,54.61888818],[-123.77859859,54.61829607],[-123.7780271,54.61784459],[-123.77762927,54.61735075],[-123.77716594,54.61679958],[-123.77663847,54.61619073],[-123.77700912,54.61578982],[-123.77733918,54.61531733],[-123.77750504,54.61455859],[-123.77749262,54.61391164],[-123.77876208,54.61387639],[-123.77995443,54.61386856],[-123.78100066,54.61380803],[-123.78179079,54.61356627],[-123.7821887,54.61305142],[-123.78231006,54.61236174],[-123.78357615,54.61244043],[-123.78483503,54.61241729],[-123.78610329,54.61235498],[-123.78733232,54.61176571],[-123.78855735,54.61132634],[-123.78977839,54.61103687],[-123.78974645,54.61018342],[-123.78973394,54.60953647],[-123.78970674,54.60890732],[-123.7900339,54.60850285],[-123.79035374,54.60820412],[-123.79066429,54.6080115],[-123.79095607,54.60786587],[-123.79117083,54.60777436],[-123.79137008,54.60768322],[-123.79157047,54.60761913],[-123.7918937,54.60751801],[-123.79198552,54.60748169],[-123.79224713,54.60738093],[-123.79243155,54.60732574],[-123.79273876,54.60720682],[-123.79306194,54.6070879],[-123.79349233,54.60694156],[-123.79398514,54.60681231],[-123.79446241,54.60667452],[-123.7948011,54.60655524],[-123.79522376,54.60652462],[-123.79582243,54.60655168],[-123.79712814,54.60680982],[-123.79836096,54.60650183],[-123.79955938,54.60604751],[-123.80086731,54.60641068],[-123.80212916,54.60682762],[-123.80323924,54.60718474],[-123.80416439,54.60753118],[-123.80490538,54.60786658],[-123.80542039,54.60806704],[-123.80557406,54.60801185],[-123.80569736,54.60797518],[-123.80592864,54.60791963],[-123.80621104,54.60784593],[-123.80654469,54.60774481],[-123.80682574,54.60761913],[-123.80701959,54.60750519],[-123.80748769,54.60708647],[-123.80794065,54.60659405],[-123.80819746,54.60581358],[-123.80831637,54.60498291],[-123.80829116,54.60447091],[-123.80828088,54.60396745],[-123.80770725,54.60358114],[-123.8069985,54.60329309],[-123.80648059,54.6029641],[-123.80571208,54.60245708],[-123.80502955,54.60185037],[-123.80449578,54.6013138],[-123.8041,54.60077509],[-123.80370213,54.60022356],[-123.80371775,54.59944132],[-123.80248624,54.59933486],[-123.80125779,54.59907636],[-123.80003424,54.59866583],[-123.79879747,54.59866619],[-123.79755623,54.59861029],[-123.79629446,54.59898735],[-123.79504487,54.5992081],[-123.79380949,54.59934518],[-123.79257348,54.59921843],[-123.79133864,54.59913654],[-123.79010471,54.59891685],[-123.78887271,54.59860459],[-123.78764448,54.5983518],[-123.78641399,54.59795551],[-123.7857382,54.59784905],[-123.78533407,54.59751614],[-123.78520345,54.59695678],[-123.78521837,54.59613857],[-123.7852387,54.59557245],[-123.78400736,54.59513095],[-123.78275954,54.59464458],[-123.78276173,54.59394387],[-123.78153484,54.59371813],[-123.78195882,54.59324779],[-123.7818437,54.59279417],[-123.78212892,54.59232205],[-123.78281385,54.59183141],[-123.78351495,54.59135964],[-123.7840794,54.59084372],[-123.78423793,54.5901277],[-123.7846641,54.58975028],[-123.78535776,54.58971183],[-123.78537338,54.58890288],[-123.78660352,54.58894169],[-123.78783693,54.5890485],[-123.78906407,54.58903355],[-123.79029549,54.58895166],[-123.79153399,54.58889576],[-123.79277055,54.58889967],[-123.79319763,54.5883218],[-123.79375682,54.58780054],[-123.79445155,54.58728284],[-123.79542714,54.58671138],[-123.79655017,54.58619653],[-123.79781654,54.58578991],[-123.79907862,54.58543386],[-123.79839343,54.58486525],[-123.79784803,54.58424678],[-123.79785309,54.58369846],[-123.79786967,54.58295253],[-123.79788412,54.58211652],[-123.79662991,54.58216779],[-123.79537744,54.5821062],[-123.79413769,54.58228315],[-123.7928943,54.58254485],[-123.79236299,54.581915],[-123.79155166,54.58146495],[-123.79059844,54.58117263],[-123.78977962,54.58097146],[-123.78923892,54.58072614],[-123.79033785,54.58031881],[-123.79130546,54.579862],[-123.79199936,54.57954582],[-123.79268996,54.57935961],[-123.79337733,54.57933896],[-123.79434023,54.57926098],[-123.79544214,54.57910076],[-123.79641735,54.57883372],[-123.7971179,54.57854745],[-123.79740635,54.57817609],[-123.797831,54.57772924],[-123.79839153,54.5772062],[-123.79936031,54.57681027],[-123.80046564,54.57648235],[-123.80099997,54.57707197],[-123.80181525,54.57762991],[-123.80291223,54.57815579],[-123.80372219,54.57817146],[-123.80453864,54.57808209],[-123.80549561,54.57805859],[-123.80659296,54.57810132],[-123.8078437,54.57823982],[-123.80909006,54.57839043],[-123.81032377,54.57847197],[-123.81153777,54.57857451],[-123.81279788,54.57814369],[-123.81404597,54.57786561],[-123.81486147,54.57843245],[-123.81567319,54.57887146],[-123.816626,54.57907263],[-123.81772035,54.57903631],[-123.81898041,54.57860549],[-123.81981622,54.57810844],[-123.82051362,54.57757757],[-123.82120953,54.57704135],[-123.82176718,54.57648733],[-123.82232495,54.57593154],[-123.82247504,54.57535437],[-123.82234843,54.57477793],[-123.821945,54.57421145],[-123.82168117,54.573588],[-123.8215574,54.57289904],[-123.82143355,54.5721969],[-123.82103519,54.57160942],[-123.82036231,54.57113658],[-123.82078706,54.57047753],[-123.82121177,54.56979177],[-123.82163551,54.5690786],[-123.821642,54.56864742],[-123.82288546,54.56817743],[-123.82413193,54.56783562],[-123.82537885,54.5675433],[-123.82470095,54.56691309],[-123.8242906,54.56624478],[-123.82414703,54.56553872],[-123.82419621,54.56414514],[-123.82421174,54.56338105],[-123.82422779,54.56263512],[-123.82312624,54.56288044],[-123.82216045,54.56313751],[-123.82132909,54.5635078],[-123.82049624,54.56396355],[-123.81995132,54.56361284],[-123.81912623,54.56332799],[-123.81802602,54.56305063],[-123.8167912,54.56274834],[-123.81680854,54.56205618],[-123.81682412,54.56129244],[-123.81682604,54.56063624],[-123.8168418,54.55985435],[-123.81685975,54.55922485],[-123.81810275,54.55925262],[-123.81934917,54.55919921],[-123.82058448,54.55918461],[-123.82182112,54.5590835],[-123.8229336,54.55870145],[-123.82377416,54.55821651],[-123.82434356,54.55762831],[-123.82489757,54.55717114],[-123.82504358,54.55666412],[-123.8247819,54.55610654],[-123.82437944,54.55558813],[-123.82452983,54.55485787],[-123.82495075,54.55427394],[-123.82577869,54.55384774],[-123.82687684,54.55352694],[-123.82797643,54.55325171],[-123.82880363,54.5529626],[-123.8292244,54.55245629],[-123.82937374,54.55176128],[-123.82939266,54.551177],[-123.83061119,54.55154907],[-123.83184904,54.55185207],[-123.83281028,54.55231067],[-123.83297737,54.55236549],[-123.83404531,54.55271586],[-123.83555379,54.55306692],[-123.83678376,54.55322109],[-123.83801777,54.55331936],[-123.83733915,54.5525802],[-123.83707493,54.55184709],[-123.83722509,54.55112003],[-123.8376543,54.55041896],[-123.83808336,54.54975101],[-123.83850033,54.5492269],[-123.83905828,54.54861556],[-123.83975294,54.54798677],[-123.84072176,54.54739572],[-123.84182863,54.5469268],[-123.84293753,54.54654369],[-123.84377399,54.54613351],[-123.84433703,54.54561831],[-123.84489168,54.54503118],[-123.84572607,54.54451882],[-123.84684051,54.54408194],[-123.84725802,54.54358169],[-123.84767828,54.5429885],[-123.84810188,54.54230239],[-123.84701758,54.54193139],[-123.84606057,54.54151374],[-123.84537934,54.54096328],[-123.8448365,54.54036903],[-123.84443159,54.53972172],[-123.8437559,54.53919227],[-123.84335764,54.53859589],[-123.8432356,54.53793256],[-123.84323815,54.53729452],[-123.84326834,54.53651227],[-123.84327031,54.53586532],[-123.84314798,54.53518206],[-123.84288749,54.53453475],[-123.8423484,54.53396329],[-123.84166943,54.53343491],[-123.84084428,54.53288018],[-123.84086491,54.53239488],[-123.84089099,54.53140612],[-123.84131647,54.53078303],[-123.84173745,54.53022581],[-123.84202022,54.52962586],[-123.84216899,54.5289166],[-123.84339932,54.52862963],[-123.84464902,54.52830313],[-123.84589043,54.5280368],[-123.84699627,54.52756681],[-123.84796673,54.52706656],[-123.84880689,54.52660547],[-123.84977939,54.52615221],[-123.85088081,54.52577302],[-123.85007711,54.52527526],[-123.84939491,54.52475969],[-123.84871203,54.52425623],[-123.84802663,54.52376488],[-123.84707572,54.52334901],[-123.8459868,54.52298513],[-123.84475776,54.5225714],[-123.84284281,54.52227516],[-123.84106755,54.52193193],[-123.83983996,54.5217628],[-123.83860962,54.52163747],[-123.83738152,54.52149932],[-123.83615636,54.52127394],[-123.83559066,54.52190629],[-123.83475141,54.52241829],[-123.83363845,54.52281031],[-123.83322929,54.52260842],[-123.83296,54.52221071],[-123.83269253,54.52164246],[-123.8325666,54.52092928],[-123.83244169,54.52019439],[-123.83232063,54.51954816],[-123.83192195,54.51895177],[-123.83110883,54.51847501],[-123.83083815,54.51838373],[-123.83002035,54.51810792],[-123.83126137,54.51768208],[-123.83250379,54.5171772],[-123.83374825,54.51658722],[-123.8349997,54.51607522],[-123.83611069,54.51559135],[-123.83708137,54.51513524],[-123.8379125,54.5145004],[-123.83875022,54.51391042],[-123.83945197,54.51341337],[-123.84001709,54.51291597],[-123.84057407,54.51213123],[-123.84126716,54.51137034],[-123.8420976,54.51094023],[-123.8427886,54.51056104],[-123.84347673,54.51030148],[-123.84416774,54.50995931],[-123.84499926,54.50957691],[-123.84569832,54.50909659],[-123.84626054,54.5085675],[-123.8461341,54.50786038],[-123.84586698,54.50723693],[-123.84546355,54.5066288],[-123.84520239,54.5059466],[-123.84508005,54.50525942],[-123.84564052,54.50473317],[-123.84634034,54.5042258],[-123.84635426,54.50340795],[-123.84635485,54.50268908],[-123.84761453,54.50235652],[-123.84762121,54.50193425],[-123.84749526,54.5011552],[-123.84722988,54.50045093],[-123.84696482,54.49991044],[-123.847116,54.49941019],[-123.84768294,54.49894981],[-123.84644363,54.4985902],[-123.84520478,54.49842215],[-123.84396637,54.49844564],[-123.84452824,54.49788059],[-123.84522569,54.49735826],[-123.84604439,54.49687332],[-123.84687917,54.49650801],[-123.84785181,54.49634138],[-123.84895889,54.4964514],[-123.8502003,54.49673018],[-123.85021437,54.49592123],[-123.85023102,54.49523797],[-123.85078329,54.49466188],[-123.85147367,54.49412388],[-123.85217121,54.49360262],[-123.85259133,54.49301549],[-123.85273403,54.49236249],[-123.85396723,54.49251559],[-123.85519502,54.49266549],[-123.85641772,54.4928129],[-123.85767326,54.49261422],[-123.8589088,54.49257648],[-123.86014319,54.49276234],[-123.86084331,54.49260959],[-123.86126934,54.49215313],[-123.86142116,54.49139332],[-123.86198233,54.49082506],[-123.86267963,54.49028777],[-123.86392044,54.48984734],[-123.86513408,54.4895511],[-123.86637941,54.48929973],[-123.86706614,54.48911102],[-123.86761864,54.48879627],[-123.86802868,54.48823015],[-123.86844423,54.48766402],[-123.86872844,54.48700497],[-123.86887701,54.48625299],[-123.86943892,54.48597028],[-123.87027153,54.48583035],[-123.87137409,54.48583356],[-123.87261747,54.48598239],[-123.87386231,54.48619887],[-123.87387108,54.48540238],[-123.87387818,54.48477893],[-123.87389366,54.4840508],[-123.87399462,54.48329384],[-123.87405301,54.48285625],[-123.8740916,54.48278219],[-123.8744355,54.48211958],[-123.87517446,54.48187248],[-123.87600353,54.48173646],[-123.87687253,54.48149648],[-123.87764822,54.48112049],[-123.87860829,54.4806943],[-123.87929002,54.48045361],[-123.87970978,54.48030549],[-123.88093844,54.48002706],[-123.88204172,54.47974649],[-123.88300797,54.47960763],[-123.88385106,54.47967029],[-123.88482931,54.47969806],[-123.8859421,54.47969094],[-123.88710349,54.47964038],[-123.88766235,54.48018764],[-123.88849576,54.48065193],[-123.88960311,54.48103326],[-123.89083053,54.48139252],[-123.89205784,54.48176103],[-123.89247649,54.48114969],[-123.89286597,54.48073952],[-123.89311882,54.48044791],[-123.89326263,54.48030157],[-123.89329465,54.48022111],[-123.89332058,54.48018799],[-123.89333529,54.48017019],[-123.89336272,54.48017945],[-123.89339721,54.48018942],[-123.89346423,54.48020223],[-123.89348634,54.48020508],[-123.89454276,54.48033148],[-123.89506455,54.47972263],[-123.8957164,54.47918464],[-123.89632719,54.47865554],[-123.89703869,54.47824608],[-123.89771444,54.47778962],[-123.89867477,54.47748093],[-123.89977189,54.47713627],[-123.90100412,54.47697035],[-123.90222917,54.4768322],[-123.90345539,54.47677131],[-123.90468139,54.47676882],[-123.90591621,54.47677167],[-123.90700945,54.47672859],[-123.90782821,54.47652955],[-123.90837233,54.47617493],[-123.90962417,54.47616175],[-123.91087101,54.47626608],[-123.91211441,54.47648861],[-123.9133523,54.47687742],[-123.91458679,54.47732355],[-123.91498324,54.47664954],[-123.91538078,54.4760293],[-123.91564596,54.47538235],[-123.91577737,54.47465423],[-123.91589594,54.47398841],[-123.91628365,54.47337422],[-123.91693973,54.47281201],[-123.91821174,54.47241573],[-123.91943747,54.47202015],[-123.92002398,54.47181791],[-123.92060616,54.47163063],[-123.92118385,54.47145866],[-123.92213714,54.47085906],[-123.92314877,54.47032],[-123.92397051,54.46980159],[-123.92478177,54.46929813],[-123.92571984,54.46885556],[-123.92679471,54.46845856],[-123.92733808,54.46793908],[-123.928022,54.46746945],[-123.92926511,54.46784651],[-123.92992852,54.46724834],[-123.9303205,54.46660424],[-123.93058019,54.46595409],[-123.9308433,54.46531497],[-123.93125061,54.46469758],[-123.93166343,54.46406238],[-123.9320674,54.46351691],[-123.93247138,54.46296254],[-123.93273946,54.46232627],[-123.93287275,54.46161737],[-123.9327315,54.46090135],[-123.93267644,54.46022592],[-123.93299382,54.45985171],[-123.933462,54.4597043],[-123.9340805,54.45978334],[-123.93380503,54.45928131],[-123.93345736,54.45884443],[-123.93309975,54.45841682],[-123.93280457,54.45793294],[-123.93404146,54.45799917],[-123.93527691,54.45790268],[-123.93651029,54.45764347],[-123.93774067,54.45724754],[-123.93829494,54.45780868],[-123.93905515,54.45828793],[-123.93982322,54.45867246],[-123.94047573,54.4589541],[-123.94101225,54.45916951],[-123.94182831,54.45932795],[-123.94291303,54.45947215],[-123.94385305,54.45965979],[-123.94461659,54.45976447],[-123.94527205,54.46009703],[-123.94602286,54.46030389],[-123.94686777,54.46038507],[-123.94782287,54.46033273],[-123.94890604,54.46023126],[-123.9501159,54.460081],[-123.95050797,54.45901427],[-123.95090538,54.45818716],[-123.95117294,54.45755018],[-123.95130625,54.456863],[-123.95253112,54.45646672],[-123.9537574,54.45614271],[-123.95499068,54.4563097],[-123.95622726,54.45642862],[-123.95746821,54.45649983],[-123.95856905,54.45665685],[-123.95953269,54.45677079],[-123.96036069,54.45684235],[-123.96118322,54.45660914],[-123.9618583,54.45601738],[-123.96224993,54.45518457],[-123.96223631,54.45437954],[-123.9619539,54.45373188],[-123.96138093,54.45321418],[-123.96062596,54.4528097],[-123.95968898,54.45251845],[-123.9599855,54.4520919],[-123.96003904,54.45173478],[-123.95984871,54.4514478],[-123.96088843,54.45104119],[-123.96161789,54.45057904],[-123.96225393,54.45008946],[-123.9627434,54.44926769],[-123.96281063,54.4488358],[-123.96293988,54.44842136],[-123.96300918,54.44809735],[-123.96315327,54.44767365],[-123.96326879,54.44733113],[-123.96339696,54.44687182],[-123.96344563,54.44632314],[-123.9627694,54.44605788],[-123.96222847,54.44570361],[-123.96262068,54.44511933],[-123.96288288,54.44454893],[-123.96287468,54.44397498],[-123.96259564,54.4433971],[-123.96231035,54.44277508],[-123.96215947,54.44211816],[-123.96215738,54.44137223],[-123.96214109,54.44067117],[-123.96335171,54.44033826],[-123.96457621,54.43995087],[-123.96580055,54.43958165],[-123.96702502,54.43918536],[-123.96825149,54.43889696],[-123.96949185,54.43852738],[-123.97073336,54.4386374],[-123.97189433,54.43863099],[-123.97297591,54.4385053],[-123.97373313,54.43827244],[-123.97449283,54.43802463],[-123.97525563,54.43776186],[-123.97606827,54.43755785],[-123.97677248,54.43741934],[-123.97747582,54.43732748],[-123.97832733,54.43724594],[-123.97932649,54.43712702],[-123.98056664,54.43697],[-123.98166649,54.43697214],[-123.98260345,54.43703231],[-123.98337676,54.43715088],[-123.98404767,54.43725947],[-123.98473382,54.43707112],[-123.98553484,54.43689666],[-123.98610834,54.4369668],[-123.9867397,54.43699457],[-123.9870124,54.43680373],[-123.98715303,54.4364491],[-123.98724155,54.43607382],[-123.98727908,54.43570495],[-123.9872518,54.43522001],[-123.98777337,54.43502987],[-123.98841315,54.43484401],[-123.98930735,54.4347137],[-123.99039697,54.43458303],[-123.99139563,54.43450078],[-123.99232317,54.43453318],[-123.99324319,54.43459869],[-123.9942426,54.43478206],[-123.99535174,54.43501563],[-123.99659959,54.4354639],[-123.99784181,54.43582779],[-123.99907492,54.43603252],[-124.00029888,54.43599335],[-124.00151826,54.43590434],[-124.00273176,54.43586232],[-124.00394646,54.43580251],[-124.00516297,54.43566543],[-124.00516078,54.43495546],[-124.00517405,54.43422733],[-124.00639066,54.43419101],[-124.00761688,54.43431278],[-124.0088524,54.43459193],[-124.0100814,54.4350402],[-124.01135047,54.43462504],[-124.01257557,54.43429142],[-124.01378485,54.43393074],[-124.01502811,54.43370465],[-124.01504126,54.43299432],[-124.01516385,54.43230963],[-124.01517506,54.43224519],[-124.01558597,54.43161854],[-124.01627456,54.43111437],[-124.01641035,54.43043929],[-124.01662109,54.43012205],[-124.01681633,54.42982759],[-124.01749294,54.42927963],[-124.01817101,54.42877866],[-124.01871517,54.42821788],[-124.01995716,54.42857607],[-124.02105871,54.42885023],[-124.02188606,54.42884916],[-124.02243921,54.42857286],[-124.0225239,54.4284108],[-124.0227155,54.42804413],[-124.02299377,54.42758945],[-124.0232734,54.42720883],[-124.02382712,54.42682251],[-124.0245156,54.42647607],[-124.02533883,54.42616951],[-124.026147,54.42602602],[-124.02696028,54.42587007],[-124.02777778,54.42570237],[-124.02860278,54.42539296],[-124.02847599,54.42472073],[-124.02821088,54.42410512],[-124.02770378,54.42349912],[-124.02709668,54.42289525],[-124.02649005,54.42226504],[-124.02621302,54.42187196],[-124.02630196,54.42140304],[-124.02675761,54.42085792],[-124.02730022,54.42016398],[-124.02752508,54.41963097],[-124.02770451,54.41905523],[-124.02646336,54.418733],[-124.02604758,54.41834419],[-124.0254957,54.41804226],[-124.02494305,54.41765452],[-124.02439025,54.41718097],[-124.02397359,54.41654328],[-124.02383519,54.41587034],[-124.02342568,54.41530457],[-124.02260256,54.41484135],[-124.02150129,54.41441622],[-124.02022806,54.41402243],[-124.01900186,54.4136824],[-124.01777534,54.41329715],[-124.01656799,54.41371195],[-124.01573964,54.41323057],[-124.01491622,54.41275809],[-124.01395664,54.41230875],[-124.01299682,54.41186155],[-124.01203752,54.41141613],[-124.01120884,54.41091658],[-124.01023508,54.41044553],[-124.00912736,54.41004426],[-124.00859583,54.40957355],[-124.007829,54.40931008],[-124.00682778,54.40925453],[-124.00622864,54.40877137],[-124.00539287,54.40840962],[-124.00432077,54.40817],[-124.00425204,54.40725387],[-124.00303863,54.40676964],[-124.00234257,54.40618216],[-124.00177668,54.4055758],[-124.00064547,54.40528847],[-123.99982724,54.40502249],[-123.99913079,54.40468674],[-123.99855614,54.40428119],[-123.99795869,54.40379162],[-123.99696278,54.40357835],[-123.99586167,54.40348364],[-123.99487734,54.40355948],[-123.99415022,54.40392799],[-123.99381397,54.404461],[-123.99373815,54.4050937],[-123.99380491,54.40593826],[-123.99384821,54.40644991],[-123.99313847,54.40597743],[-123.99256156,54.40548109],[-123.9920115,54.40496125],[-123.99121171,54.40453221],[-123.99028302,54.40412061],[-123.98935706,54.40377061],[-123.98855701,54.40340459],[-123.98777411,54.4030756],[-123.98729031,54.40355093],[-123.98653444,54.40384966],[-123.98550202,54.40391304],[-123.98433704,54.40387672],[-123.98316659,54.40360932],[-123.98212369,54.40336934],[-123.98120801,54.40315607],[-123.98043609,54.40308343],[-123.97953683,54.40300368],[-123.97851415,54.40303608],[-123.97735973,54.40308236],[-123.97621338,54.40323048],[-123.97508834,54.40344839],[-123.97393648,54.40381405],[-123.97281037,54.40425057],[-123.97168021,54.40460805],[-123.97054649,54.40486013],[-123.96941187,54.4050848],[-123.96905918,54.40516848],[-123.96887181,54.40507127],[-123.96815126,54.40521761],[-123.9675475,54.40530342],[-123.96706005,54.40532834],[-123.96686093,54.40536608],[-123.96670797,54.40541202],[-123.96646323,54.40550388],[-123.96617308,54.40559609],[-123.96606262,54.40570789],[-123.96586701,54.40591619],[-123.96542827,54.40618429],[-123.96463725,54.40638119],[-123.96359025,54.40648551],[-123.96292605,54.40662865],[-123.96242719,54.40683943],[-123.96227815,54.40683444],[-123.96214587,54.40681557],[-123.96201009,54.40678887],[-123.96186993,54.40671802],[-123.96160986,54.40657915],[-123.96130915,54.40645276],[-123.96105987,54.40633811],[-123.96087264,54.40624945],[-123.96059202,54.40610703],[-123.96032615,54.40593933],[-123.96011272,54.40572321],[-123.95991545,54.4054932],[-123.95975899,54.40537748],[-123.9594765,54.4051642],[-123.95922635,54.40501324],[-123.95902221,54.40484126],[-123.95887604,54.40466965],[-123.95878783,54.40449839],[-123.95874661,54.40427122],[-123.95871255,54.40410958],[-123.95870904,54.40396573],[-123.95868907,54.40378628],[-123.95867175,54.40369655],[-123.95863856,54.40358013],[-123.9585271,54.40343699],[-123.95830977,54.40329991],[-123.95797086,54.40313292],[-123.95728236,54.40290754],[-123.95709357,54.40282423],[-123.95692418,54.40273984],[-123.95684937,54.40261166],[-123.95679543,54.40249808],[-123.95674389,54.40227377],[-123.95669438,54.40213028],[-123.95661357,54.40196044],[-123.9565065,54.40179346],[-123.95628416,54.4016375],[-123.95595224,54.40142708],[-123.95557773,54.40115256],[-123.9553535,54.40077799],[-123.95527171,54.40036818],[-123.95528431,54.4001663],[-123.9552738,54.40000251],[-123.95525751,54.39995765],[-123.95523859,54.39982306],[-123.95522029,54.39967957],[-123.95519304,54.39954],[-123.95515741,54.39942215],[-123.95508812,54.39930287],[-123.95508122,54.39899738],[-123.95504703,54.39885389],[-123.95503014,54.39880012],[-123.9550287,54.3987371],[-123.95502812,54.3987193],[-123.95506426,54.39850638],[-123.95515702,54.3982867],[-123.95524607,54.39814249],[-123.95536501,54.39796447],[-123.9554328,54.39779036],[-123.95542708,54.39761945],[-123.95539921,54.3974489],[-123.95533372,54.39728797],[-123.95528872,54.39711742],[-123.95527726,54.39697963],[-123.95527838,54.39688385],[-123.95524528,54.39671116],[-123.95515656,54.39650145],[-123.95485253,54.39610125],[-123.95433773,54.39574484],[-123.95361171,54.39543187],[-123.95254707,54.39535033],[-123.95234684,54.39497576],[-123.95191102,54.39464143],[-123.95112034,54.39439611],[-123.95008819,54.39424657],[-123.94889601,54.39375842],[-123.94769106,54.39315064],[-123.94711798,54.39258096],[-123.94631454,54.39216295],[-123.94527964,54.39189627],[-123.94421015,54.39180904],[-123.94320798,54.39176595],[-123.94297092,54.39217719],[-123.94252667,54.392566],[-123.94172851,54.39277287],[-123.94067385,54.39273833],[-123.93979971,54.39222989],[-123.93885698,54.39193864],[-123.93780166,54.39174495],[-123.93637601,54.39157725],[-123.93532068,54.39122582],[-123.93463615,54.39069103],[-123.93408451,54.39014698],[-123.93327965,54.38967984],[-123.93222217,54.38928961],[-123.93102422,54.38899337],[-123.93085367,54.38840945],[-123.93043786,54.38793625],[-123.92977558,54.38757379],[-123.93036395,54.38694109],[-123.93067771,54.38606093],[-123.93087399,54.3852267],[-123.93120805,54.38447009],[-123.93195256,54.38403285],[-123.932951,54.38362161],[-123.93216033,54.38316658],[-123.93160955,54.38271546],[-123.93118817,54.38231205],[-123.93102524,54.3819179],[-123.93060259,54.38153087],[-123.93005044,54.38111856],[-123.92926832,54.38078316],[-123.92985861,54.38018428],[-123.93019355,54.37955549],[-123.93027253,54.3788968],[-123.93021049,54.37819644],[-123.93003674,54.37756053],[-123.92973363,54.37686374],[-123.92939997,54.37617727],[-123.92925826,54.37572793],[-123.92906213,54.37529924],[-123.9288119,54.3748905],[-123.92814,54.37431627],[-123.92757166,54.37383053],[-123.92683104,54.37343994],[-123.92599949,54.37306964],[-123.92527138,54.37262992],[-123.92465541,54.37215423],[-123.92507875,54.37182667],[-123.92548699,54.37126909],[-123.92575573,54.37065597],[-123.92572063,54.37009305],[-123.92542547,54.36967362],[-123.92514148,54.36913171],[-123.92525373,54.36858054],[-123.92576266,54.36802047],[-123.92609805,54.36762952],[-123.92629164,54.36735038],[-123.92645259,54.36719834],[-123.92648048,54.3670812],[-123.92650881,54.36696299],[-123.92653099,54.36680811],[-123.92662375,54.36659661],[-123.9266904,54.36615084],[-123.92659558,54.36571716],[-123.92633806,54.3652956],[-123.92618017,54.36506523],[-123.92613788,54.36485374],[-123.92620741,54.36473054],[-123.92624165,54.36466432],[-123.92626769,54.36446635],[-123.92627083,54.36437057],[-123.92626273,54.36422388],[-123.92538157,54.3643752],[-123.92445467,54.36459097],[-123.92334133,54.36506416],[-123.92281372,54.36461767],[-123.92202901,54.36433105],[-123.92099236,54.36432714],[-123.91983675,54.36457851],[-123.91980837,54.36397642],[-123.91978016,54.36341956],[-123.91867014,54.36332022],[-123.91751445,54.3632661],[-123.91755382,54.36435313],[-123.91771189,54.3649901],[-123.91812447,54.36554412],[-123.91879143,54.36601554],[-123.9177531,54.36608319],[-123.91684609,54.36619214],[-123.91619918,54.3663958],[-123.91556605,54.36670592],[-123.91495978,54.36718517],[-123.91409341,54.36762703],[-123.91309034,54.36802723],[-123.91194002,54.36845521],[-123.91117426,54.36885933],[-123.9099701,54.36941085],[-123.90915383,54.36983348],[-123.90834234,54.37028282],[-123.90797452,54.37081904],[-123.90760192,54.3713638],[-123.9072241,54.37191817],[-123.9055616,54.37159915],[-123.90375892,54.37113521],[-123.90181374,54.37066131],[-123.90026629,54.3705082],[-123.89911544,54.37067555],[-123.89801383,54.37051889],[-123.89693026,54.37024544],[-123.8958526,54.37001365],[-123.89468974,54.36962092],[-123.89353616,54.36989615],[-123.89237538,54.37008735],[-123.89240684,54.37080622],[-123.89193431,54.37149661],[-123.89133144,54.37209335],[-123.89059216,54.37256405],[-123.88984136,54.37296105],[-123.88893094,54.37308068],[-123.88788342,54.37306858],[-123.88674532,54.37310667],[-123.88560449,54.37326583],[-123.88446104,54.37338724],[-123.8833151,54.37347056],[-123.88216602,54.37348801],[-123.88100983,54.37341537],[-123.87985192,54.37365072],[-123.87869658,54.37394446],[-123.87796585,54.37458216],[-123.87723675,54.37526435],[-123.87676041,54.37595901],[-123.87640481,54.37661771],[-123.87616995,54.37724044],[-123.87580992,54.37791124],[-123.87545575,54.37863261],[-123.87494702,54.37909975],[-123.87418939,54.37940702],[-123.8731753,54.37951099],[-123.87204023,54.37946648],[-123.87148946,54.37906272],[-123.87069694,54.37873301],[-123.86966608,54.37852793],[-123.86851759,54.37841007],[-123.86736169,54.37835845],[-123.8661846,54.37826231],[-123.86502029,54.37805188],[-123.86387664,54.37802518],[-123.862742,54.37805901],[-123.86158069,54.37848983],[-123.86041815,54.37884873],[-123.85965226,54.37830575],[-123.85899488,54.37778413],[-123.85845991,54.37723581],[-123.85804792,54.37668144],[-123.85804024,54.37629512],[-123.85788251,54.37571013],[-123.85746805,54.37518673],[-123.85667538,54.37482569],[-123.85563539,54.37468256],[-123.85448063,54.37466369],[-123.85329761,54.37444436],[-123.85208971,54.3742642],[-123.85085646,54.37412285],[-123.84962279,54.37400891],[-123.84844601,54.37384655],[-123.84725279,54.37354925],[-123.84612745,54.3734702],[-123.84511864,54.37323058],[-123.84423329,54.37293826],[-123.8434538,54.37262814],[-123.84255405,54.37244655],[-123.84153328,54.37239386],[-123.84037986,54.37235291],[-123.83922376,54.37238282],[-123.83831163,54.37218557],[-123.83728256,54.37204884],[-123.83613481,54.37187723],[-123.83510145,54.37152687],[-123.83418283,54.37101593],[-123.83337543,54.37014076],[-123.83224345,54.37000475],[-123.83110552,54.36978791],[-123.8309628,54.3691844],[-123.83069372,54.36871512],[-123.83029604,54.36832845],[-123.83015583,54.36775414],[-123.83040387,54.36707123],[-123.83103938,54.36628008],[-123.83167238,54.36560465],[-123.83191953,54.36507164],[-123.83178206,54.36468105],[-123.83138485,54.36431539],[-123.83111314,54.36373716],[-123.8309687,54.36302114],[-123.83095351,54.36227521],[-123.83212121,54.36218619],[-123.83325,54.36193731],[-123.83431156,54.36170303],[-123.83431598,54.3616749],[-123.8343244,54.36160796],[-123.83432328,54.36150827],[-123.83432869,54.36141783],[-123.8342114,54.36116183],[-123.83418355,54.36106178],[-123.83409439,54.36073848],[-123.8338402,54.36017699],[-123.83383828,54.35972979],[-123.83396262,54.35937231],[-123.83448175,54.35899133],[-123.83499976,54.35857938],[-123.83538508,54.35809017],[-123.8355055,54.35754327],[-123.83549615,54.35708467],[-123.83624912,54.35678595],[-123.8370008,54.3564274],[-123.83789255,54.35620736],[-123.83892362,54.35612618],[-123.8393042,54.3556804],[-123.8398142,54.35536209],[-123.84044599,54.35509007],[-123.84120079,54.35486433],[-123.84228322,54.35446128],[-123.84318472,54.35398239],[-123.84377305,54.35341805],[-123.84410252,54.35280065],[-123.84322223,54.35273906],[-123.84223646,54.35251617],[-123.84126984,54.35213056],[-123.84038153,54.35167019],[-123.83973017,54.35125539],[-123.83920406,54.35075584],[-123.83893228,54.35018723],[-123.83866141,54.34972899],[-123.8382599,54.34940498],[-123.83759654,54.34914328],[-123.83660565,54.34950859],[-123.83574085,54.34992589],[-123.83497073,54.35024384],[-123.83406118,54.35047884],[-123.83301098,54.35063087],[-123.83263114,54.3501032],[-123.83225198,54.3496236],[-123.83199546,54.34909913],[-123.83198283,54.34845895],[-123.83221334,54.34770341],[-123.83270077,54.34702299],[-123.83332055,54.34639563],[-123.83409963,54.34588683],[-123.83408593,54.34521282],[-123.83328466,54.34464599],[-123.83251448,54.3440852],[-123.83163076,54.34357106],[-123.8307326,54.34309004],[-123.82982123,54.34274573],[-123.82916911,54.34244167],[-123.82864592,54.34218566],[-123.82824936,54.34182854],[-123.8271007,54.34156685],[-123.82594241,54.34134716],[-123.82477509,54.34116949],[-123.82423816,54.34066781],[-123.82357119,54.34019818],[-123.82246806,54.34043033],[-123.82245148,54.33960357],[-123.82130579,54.33947361],[-123.82015316,54.33925963],[-123.818997,54.33991441],[-123.8178541,54.34046166],[-123.81672394,54.34086471],[-123.81619193,54.34024803],[-123.81553646,54.33977305],[-123.81477367,54.33948287],[-123.81404959,54.33940062],[-123.81316825,54.33925785],[-123.81225457,54.33896054],[-123.81129302,54.33846563],[-123.81062387,54.33779625],[-123.8100818,54.3371137],[-123.80993562,54.33644254],[-123.81005569,54.33576853],[-123.81044403,54.33517571],[-123.81083379,54.33466691],[-123.80966714,54.33478262],[-123.80851929,54.33480541],[-123.80738979,54.33473491],[-123.80726673,54.33532703],[-123.80687408,54.33571299],[-123.8060963,54.33576924],[-123.80506897,54.33557733],[-123.80391781,54.33562398],[-123.80277379,54.33584437],[-123.80163643,54.33623817],[-123.80112668,54.33674305],[-123.80049196,54.33722265],[-123.79973269,54.33773999],[-123.79898542,54.33833211],[-123.79822661,54.33886726],[-123.79703855,54.33876721],[-123.7958191,54.33872163],[-123.79471622,54.33858597],[-123.79376257,54.33832463],[-123.79295891,54.33793725],[-123.79205822,54.33768659],[-123.79116786,54.33751177],[-123.79041108,54.3373519],[-123.78990191,54.33707062],[-123.78856625,54.33693247],[-123.78735685,54.3369606],[-123.78618031,54.33710978],[-123.78503249,54.33741314],[-123.78388618,54.33778414],[-123.78338798,54.33817082],[-123.78261876,54.33843928],[-123.78157898,54.33858989],[-123.78041421,54.33864544],[-123.77924406,54.33874869],[-123.77925968,54.33958435],[-123.77815097,54.33951064],[-123.77699404,54.33932051],[-123.77583112,54.33912433],[-123.77467493,54.33896303],[-123.77351869,54.33884554],[-123.77236759,54.33868816],[-123.77132585,54.33837804],[-123.77053853,54.33794793],[-123.77000529,54.33739712],[-123.76887925,54.33749717],[-123.76773682,54.33754025],[-123.76658195,54.33745159],[-123.76543042,54.33728816],[-123.76441269,54.33688048],[-123.76364725,54.33642474],[-123.76313381,54.33592164],[-123.76224068,54.3357785],[-123.76136062,54.3356813],[-123.76037769,54.33575037],[-123.75940972,54.33580129],[-123.75824009,54.3357639],[-123.75746967,54.33579666],[-123.75681089,54.33583262],[-123.75626297,54.33587214],[-123.75565049,54.3358401],[-123.75497972,54.3357753],[-123.75386831,54.33583618],[-123.75284674,54.33585042],[-123.75194677,54.33570622],[-123.75129883,54.33533308],[-123.75078325,54.33478903],[-123.75052012,54.3340456],[-123.75025154,54.33328614],[-123.74984871,54.3325338],[-123.74918775,54.3318929],[-123.74909258,54.33117724],[-123.74899905,54.33053172],[-123.74898938,54.33000476],[-123.74914549,54.32957429],[-123.74913195,54.32884616],[-123.74911846,54.32810059],[-123.74874162,54.32765837],[-123.74809582,54.32736783],[-123.74712222,54.32730196],[-123.74595779,54.32735003],[-123.74473968,54.32744439],[-123.74418909,54.32771961],[-123.74336904,54.32771249],[-123.74227925,54.32742373],[-123.74214316,54.32814866],[-123.74173414,54.32867348],[-123.7409129,54.32889103],[-123.73995171,54.32893482],[-123.7391263,54.32902882],[-123.73857549,54.32927984],[-123.73732049,54.32961096],[-123.73609683,54.32996915],[-123.73487637,54.32964408],[-123.73555797,54.32916234],[-123.73610376,54.32864784],[-123.73665233,54.32805715],[-123.73747832,54.32753696],[-123.73844009,54.32706982],[-123.73940072,54.32669525],[-123.74008438,54.32633172],[-123.74063377,54.32599561],[-123.74104742,54.32563386],[-123.7405,54.32511865],[-123.73981489,54.32463762],[-123.73959747,54.32446529],[-123.73912871,54.32409251],[-123.73871766,54.32347405],[-123.73858249,54.32278188],[-123.73857606,54.32242761],[-123.73856925,54.32206265],[-123.73877404,54.32060569],[-123.73880788,54.31993132],[-123.73756812,54.32023539],[-123.73631366,54.32057578],[-123.73556918,54.32071998],[-123.73495405,54.32106713],[-123.73435838,54.32157237],[-123.73351443,54.32206265],[-123.73242651,54.32245965],[-123.73189217,54.32296418],[-123.73111357,54.32329353],[-123.73022222,54.32339785],[-123.72949325,54.3234153],[-123.72898177,54.3234744],[-123.72855702,54.32362466],[-123.72803541,54.32389027],[-123.72745276,54.32407186],[-123.72687774,54.32410497],[-123.72642444,54.32417084],[-123.72609318,54.32426875],[-123.72583548,54.32449485],[-123.72504109,54.32392445],[-123.72448535,54.32340355],[-123.72379387,54.32291647],[-123.7231077,54.32237634],[-123.72255943,54.32180024],[-123.72215419,54.3212035],[-123.7217491,54.3206007],[-123.72134414,54.31999185],[-123.72015342,54.32001001],[-123.71903747,54.31978],[-123.71799569,54.31930182],[-123.71776838,54.3197857],[-123.71766099,54.3204006],[-123.7176581,54.32111947],[-123.71765542,54.32182054],[-123.71643428,54.32145915],[-123.71520065,54.32123305],[-123.71478968,54.32177746],[-123.71424186,54.32230904],[-123.71369267,54.3228627],[-123.71300537,54.32339785],[-123.71231554,54.32394332],[-123.71136117,54.32437343],[-123.71027959,54.32474907],[-123.70986524,54.32419149],[-123.70931888,54.32363142],[-123.70863659,54.32319098],[-123.70768187,54.32291006],[-123.70659091,54.32284063],[-123.70536224,54.32280965],[-123.70413142,54.32277796],[-123.70289414,54.32264444],[-123.70248535,54.32331204],[-123.70208011,54.32391626],[-123.70181239,54.32452013],[-123.70167666,54.32518595],[-123.7005404,54.32557226],[-123.69955331,54.32601305],[-123.69873153,54.32650334],[-123.69792465,54.32698721],[-123.69683666,54.32741092],[-123.69588414,54.32787094],[-123.69521059,54.32834698],[-123.6945371,54.32874042],[-123.69385608,54.32900995],[-123.69302509,54.3291545],[-123.69247406,54.3286895],[-123.69164987,54.32846946],[-123.69055359,54.32849474],[-123.69055658,54.32774881],[-123.69055897,54.32700288],[-123.69054733,54.32630181],[-123.69055139,54.32561855],[-123.69055472,54.32489078],[-123.69055781,54.32414485],[-123.69056114,54.32343452],[-123.69054986,54.32275161],[-123.69055318,54.32203275],[-123.69055538,54.32127756],[-123.69069447,54.32059287],[-123.6909692,54.31995126],[-123.69137898,54.31935559],[-123.69165392,54.31872075],[-123.69179279,54.31804389],[-123.69214268,54.31761164],[-123.69227022,54.31717833],[-123.69121146,54.31677314],[-123.69026768,54.31632416],[-123.68945522,54.31583459],[-123.68865762,54.31534751],[-123.68745335,54.31503988],[-123.68623593,54.31503774],[-123.68502375,54.31496404],[-123.68444545,54.3155234],[-123.68373475,54.31604074],[-123.68251307,54.31591292],[-123.68129139,54.3157851],[-123.68006986,54.31557324],[-123.67884497,54.31535926],[-123.67761307,54.31522538],[-123.67637355,54.31525529],[-123.67555367,54.31525992],[-123.67473904,54.31524639],[-123.67392889,54.31521505],[-123.67271687,54.31516984],[-123.67149964,54.31520188],[-123.6719062,54.31593036],[-123.67210797,54.31668128],[-123.67212006,54.31740015],[-123.67211614,54.31811937],[-123.67197667,54.31880121],[-123.6715668,54.31932283],[-123.67074911,54.31964969],[-123.66965792,54.31981062],[-123.66842476,54.31991032],[-123.66828877,54.32059109],[-123.66788036,54.32110772],[-123.66705923,54.32134307],[-123.66595748,54.32134414],[-123.66472583,54.32123092],[-123.66352068,54.32119068],[-123.66234718,54.32121418],[-123.66160615,54.32134094],[-123.66096376,54.3215332],[-123.6604765,54.32182339],[-123.65992754,54.32210502],[-123.65940924,54.32241372],[-123.65899934,54.32273025],[-123.65869653,54.32303753],[-123.65816075,54.32282781],[-123.65718745,54.32257145],[-123.65609291,54.32247176],[-123.65487559,54.32252801],[-123.65542285,54.3229745],[-123.65555849,54.32347618],[-123.6551469,54.32399281],[-123.6545985,54.32455573],[-123.65395082,54.32507771],[-123.6535763,54.32559184],[-123.65314139,54.3260597],[-123.6527452,54.32651829],[-123.65185698,54.32704739],[-123.65063287,54.3266924],[-123.64941749,54.32642216],[-123.64894969,54.32600131],[-123.64837491,54.32563706],[-123.64770816,54.3253978],[-123.64700466,54.32522084],[-123.64621852,54.32520731],[-123.64543513,54.32545405],[-123.64459614,54.32589983],[-123.6438981,54.32527745],[-123.64333118,54.32464831],[-123.64217337,54.32531056],[-123.64096023,54.32530914],[-123.63974233,54.32524256],[-123.63957867,54.32460131],[-123.6391644,54.32398961],[-123.63835175,54.32345945],[-123.63726894,54.32304393],[-123.63604056,54.32281357],[-123.63481436,54.32271637],[-123.63364614,54.32274022],[-123.6323863,54.32281891],[-123.63118688,54.32279826],[-123.63002427,54.32262166],[-123.62900777,54.32229338],[-123.62813802,54.32181342],[-123.62750374,54.32135553],[-123.6269814,54.32090869],[-123.62669384,54.32043799],[-123.62652995,54.31987436],[-123.62650406,54.31918255],[-123.62646418,54.31859862],[-123.62633633,54.31826678],[-123.62557702,54.31787227],[-123.62480334,54.31753474],[-123.62386437,54.31711922],[-123.62279227,54.31672116],[-123.62264721,54.31666454],[-123.6222306,54.31673433],[-123.62149548,54.31690025],[-123.62036968,54.31713525],[-123.61925996,54.31728052],[-123.6182365,54.3173649],[-123.61745698,54.31768428],[-123.61681252,54.31811119],[-123.61616726,54.31856871],[-123.61553325,54.31891052],[-123.61465783,54.31897105],[-123.6136767,54.31882614],[-123.61328333,54.31912878],[-123.61284005,54.31939653],[-123.61255909,54.32004704],[-123.61236713,54.32070218],[-123.61240648,54.3212683],[-123.61161233,54.32164358],[-123.61103127,54.32185045],[-123.60997237,54.32195477],[-123.60888199,54.32204984],[-123.60776104,54.32213636],[-123.60665634,54.32209399],[-123.60583903,54.32227201],[-123.60530864,54.32267008],[-123.60412482,54.32268895],[-123.60293811,54.32282389],[-123.60188483,54.32311764],[-123.60110192,54.32354383],[-123.600593,54.32405085],[-123.59953779,54.32406723],[-123.59873518,54.32385823],[-123.59818551,54.32342455],[-123.59711593,54.32354668],[-123.59618691,54.32378203],[-123.59539773,54.32414236],[-123.59448338,54.32434887],[-123.59343486,54.32451763],[-123.59286522,54.32400314],[-123.59217003,54.32373681],[-123.59148796,54.32385929],[-123.59095632,54.32428727],[-123.58991668,54.32398676],[-123.58897846,54.32362288],[-123.58829624,54.32322267],[-123.58787837,54.32277939],[-123.58785178,54.32223712],[-123.58808396,54.32163183],[-123.5883136,54.32095355],[-123.58840765,54.32025533],[-123.58800797,54.3196301],[-123.58734486,54.31916083],[-123.58642,54.31884786],[-123.58520804,54.31869191],[-123.58414182,54.31840137],[-123.58335505,54.31798194],[-123.58298301,54.31740549],[-123.58288498,54.3167589],[-123.58304697,54.3163765],[-123.58293639,54.31603077],[-123.58171214,54.31568006],[-123.58048368,54.31543118],[-123.57938351,54.31539878],[-123.57841999,54.31539237],[-123.5775891,54.31548601],[-123.57662649,54.31552482],[-123.57552261,54.31572065],[-123.57428823,54.31591043],[-123.57305819,54.31612584],[-123.5718303,54.31624868],[-123.57072613,54.31645946],[-123.56975148,54.31676175],[-123.56903608,54.31725951],[-123.5684545,54.31780427],[-123.56813712,54.31846403],[-123.56782214,54.31915549],[-123.5673708,54.31986759],[-123.56664245,54.32057507],[-123.56557122,54.32007695],[-123.56477922,54.31949943],[-123.5644034,54.31886495],[-123.56416557,54.31823189],[-123.56392742,54.31763977],[-123.56355016,54.31706047],[-123.56317306,54.31647512],[-123.56221222,54.31676922],[-123.56165152,54.31712706],[-123.56162192,54.31755361],[-123.56171405,54.31816459],[-123.56166967,54.31880086],[-123.56124461,54.31935488],[-123.56046862,54.31957741],[-123.55946448,54.31959307],[-123.55824807,54.31945493],[-123.55715458,54.31928616],[-123.55630515,54.31901449],[-123.55573936,54.31861144],[-123.55518292,54.31810478],[-123.55441683,54.31765615],[-123.55340194,54.31729298],[-123.55231927,54.31702451],[-123.55151157,54.31668662],[-123.55112611,54.31610127],[-123.55115547,54.31547497],[-123.55145818,54.31486328],[-123.55175717,54.31434486],[-123.5519206,54.31380366],[-123.55180947,54.31330092],[-123.55155944,54.31283485],[-123.55116022,54.31250407],[-123.55119679,54.31179375],[-123.55123431,54.3111557],[-123.55125661,54.3105262],[-123.55129132,54.30965423],[-123.55132815,54.30896206],[-123.55149805,54.30827417],[-123.55180201,54.30762687],[-123.55224024,54.30704971],[-123.55253948,54.30647219],[-123.55270044,54.30586405],[-123.55273694,54.30512702],[-123.55277292,54.30435403],[-123.55252403,54.30375978],[-123.55254137,54.3031666],[-123.55282568,54.30257413],[-123.55287419,54.30163023],[-123.55172397,54.3013899],[-123.55043944,54.30111111],[-123.54900016,54.3007102],[-123.54752933,54.30029753],[-123.5460283,54.29987276],[-123.54446563,54.3002605],[-123.54293636,54.30082164],[-123.54226546,54.30030323],[-123.54141824,54.29985781],[-123.54248512,54.29908482],[-123.54336106,54.29843182],[-123.54421872,54.29797464],[-123.54507636,54.29760043],[-123.54616197,54.29719382],[-123.54754539,54.29658248],[-123.54858665,54.29596081],[-123.54912219,54.29528325],[-123.54949856,54.29455547],[-123.55005787,54.29386366],[-123.55098275,54.29334739],[-123.55209856,54.29300558],[-123.55329095,54.29259576],[-123.55383587,54.2919862],[-123.55450477,54.29145782],[-123.55522142,54.29103198],[-123.556305,54.29052389],[-123.55748821,54.29091057],[-123.55866503,54.29120502],[-123.5592884,54.29132964],[-123.55977662,54.29159525],[-123.56027836,54.29183345],[-123.56091749,54.29189541],[-123.56206792,54.29176118],[-123.56324844,54.29158208],[-123.56445922,54.29135777],[-123.56552345,54.29190502],[-123.56664624,54.29213325],[-123.56782178,54.291983],[-123.56896285,54.29176189],[-123.57002387,54.29169709],[-123.57101062,54.29184805],[-123.57161121,54.29156962],[-123.57226144,54.29118615],[-123.57309914,54.29068768],[-123.57340284,54.29043452],[-123.57373752,54.29019027],[-123.5741437,54.28993997],[-123.57454569,54.28972812],[-123.57498761,54.28950131],[-123.57541574,54.28931972],[-123.57584361,54.28915594],[-123.5763179,54.28902776],[-123.57676102,54.28886967],[-123.57719869,54.28865996],[-123.57761526,54.28842817],[-123.57754664,54.28814689],[-123.57718322,54.28778443],[-123.57660589,54.28728987],[-123.57631705,54.28662797],[-123.57635912,54.28588382],[-123.57664946,54.28514537],[-123.57705832,54.28449522],[-123.57734291,54.28384186],[-123.57748853,54.28315824],[-123.57750711,54.28252803],[-123.57751875,54.28200855],[-123.57755512,54.28157701],[-123.57735127,54.28102086],[-123.57703283,54.28032727],[-123.57683323,54.27949517],[-123.57700598,54.27865952],[-123.5772973,54.27788047],[-123.57720456,54.27724848],[-123.57673033,54.27675749],[-123.57557918,54.27704162],[-123.57443322,54.27724492],[-123.57326511,54.27742722],[-123.57211785,54.27750769],[-123.57149552,54.27693943],[-123.57114303,54.27625189],[-123.57106021,54.27544543],[-123.57109525,54.27462722],[-123.56958939,54.27421207],[-123.56805858,54.27379976],[-123.56650143,54.27339065],[-123.56600063,54.27404116],[-123.56521966,54.27460515],[-123.56415974,54.27508262],[-123.56297202,54.27542371],[-123.56181851,54.27570464],[-123.56120705,54.27512712],[-123.56072695,54.2744962],[-123.56038089,54.27386278],[-123.56003922,54.2731934],[-123.55970212,54.27248771],[-123.55854583,54.27216975],[-123.55734365,54.27183364],[-123.55806141,54.27106243],[-123.55864334,54.27029086],[-123.55800559,54.26970551],[-123.55750607,54.26907352],[-123.5563917,54.26907886],[-123.55527881,54.26904504],[-123.55411253,54.26895353],[-123.55294177,54.26879829],[-123.55185377,54.26898593],[-123.55052036,54.26916859],[-123.54897405,54.26962398],[-123.54742082,54.26982586],[-123.54586068,54.26977423],[-123.54523786,54.26910592],[-123.54424863,54.26864875],[-123.54289451,54.26840343],[-123.542223,54.26770236],[-123.54121253,54.26724946],[-123.53984117,54.26713873],[-123.53828854,54.26727368],[-123.53731217,54.26655587],[-123.53649012,54.26592068],[-123.53583637,54.26527124],[-123.53535166,54.26458156],[-123.53385631,54.2642394],[-123.53235002,54.26396559],[-123.5315245,54.26332897],[-123.53104939,54.26257307],[-123.53092345,54.2616979],[-123.52992295,54.26109724],[-123.52892707,54.26045741],[-123.52793626,54.25977877],[-123.52729828,54.2591304],[-123.5264921,54.25851764],[-123.52566073,54.25829688],[-123.52496742,54.25811102],[-123.52425572,54.25834388],[-123.52337476,54.25843254],[-123.5225216,54.25825985],[-123.52249968,54.25629872],[-123.52241632,54.24899786],[-123.52229055,54.24181771],[-123.52219866,54.23458593],[-123.52203476,54.22735344],[-123.52194369,54.22012202],[-123.52170342,54.21298317],[-123.52154396,54.20000008],[-123.52152578,54.19852032],[-123.52151079,54.18636363],[-123.52151083,54.18619806],[-123.52150825,54.18405605],[-123.52147936,54.17032846],[-123.51828516,54.17033059],[-123.51829567,54.1694223],[-123.51828365,54.16309846],[-123.51828354,54.16301122],[-123.51828019,54.16114943],[-123.51827867,54.16032481],[-123.51827717,54.15957496],[-123.51827688,54.15942328],[-123.51827185,54.15696937],[-123.51826943,54.15567049],[-123.51826915,54.15537924],[-123.51826834,54.1550328],[-123.51826805,54.15495874],[-123.51826648,54.1549356],[-123.51825443,54.15490854],[-123.51823116,54.1548765],[-123.51819411,54.1548327],[-123.51819528,54.15452258],[-123.51809978,54.15410813],[-123.5180329,54.15393189],[-123.5180317,54.15312116],[-123.51802985,54.1520822],[-123.51803752,54.15175427],[-123.51787666,54.15131811],[-123.5180525,54.15008581],[-123.51860532,54.14929181],[-123.51952306,54.14873281],[-123.52077042,54.14865555],[-123.52421118,54.1490618],[-123.52549447,54.14868546],[-123.52688254,54.1475557],[-123.52912276,54.14598765],[-123.532073,54.14449971],[-123.53301117,54.1438816],[-123.53372069,54.14255032],[-123.53354674,54.14150032],[-123.53266068,54.14064864],[-123.53256696,54.14040226],[-123.53257386,54.13988028],[-123.53274862,54.1396047],[-123.53319662,54.13908451],[-123.53489901,54.13841086],[-123.53580343,54.13782159],[-123.53595199,54.13688659],[-123.53505637,54.13517826],[-123.53449544,54.13344677],[-123.53329214,54.13157073],[-123.53265895,54.13037226],[-123.53182383,54.12963345],[-123.53136858,54.12901],[-123.53127506,54.12862974],[-123.53171399,54.12803229],[-123.53285964,54.12693066],[-123.53609865,54.12556947],[-123.53933473,54.12421896],[-123.54209583,54.12337192],[-123.54472344,54.12238067],[-123.54773856,54.12192599],[-123.54928371,54.12175793],[-123.55248238,54.12123667],[-123.55426732,54.12109852],[-123.55550778,54.1205972],[-123.55750703,54.11904196],[-123.55938031,54.11755473],[-123.56106482,54.11599522],[-123.56326316,54.11505133],[-123.56342157,54.11482061],[-123.56467228,54.112523],[-123.56589173,54.11115576],[-123.5659914,54.11031476],[-123.56426569,54.10944778],[-123.56416379,54.1089518],[-123.56457327,54.10846009],[-123.56526044,54.1080314],[-123.56599077,54.1071605],[-123.56605793,54.10708644],[-123.56631446,54.10675923],[-123.56619504,54.10612937],[-123.56601927,54.10556965],[-123.56525708,54.1047575],[-123.56421028,54.10376767],[-123.56273202,54.10282663],[-123.55922583,54.10148146],[-123.55649919,54.10049448],[-123.55611913,54.10037058],[-123.5557039,54.10035064],[-123.55354227,54.10033925],[-123.55154681,54.10116636],[-123.54899341,54.10105669],[-123.5420125,54.10014377],[-123.53512004,54.09909021],[-123.53063007,54.09854759],[-123.52872577,54.09795405],[-123.52651052,54.09750543],[-123.52300282,54.09657791],[-123.52228428,54.09652379],[-123.51957292,54.09632404],[-123.51723553,54.09543569],[-123.51521871,54.0943597],[-123.51360771,54.09376438],[-123.51173912,54.0934977],[-123.5109905,54.09332395],[-123.5100699,54.09310996],[-123.5083039,54.09267522],[-123.50751266,54.09256912],[-123.50674323,54.0924477],[-123.50524295,54.09213829],[-123.50337137,54.0909975],[-123.49956323,54.08986134],[-123.49771397,54.08864186],[-123.49657108,54.08818077],[-123.49319901,54.08692497],[-123.49008484,54.08557482],[-123.48672239,54.0851529],[-123.48489349,54.084585],[-123.48394368,54.08394268],[-123.48391438,54.08374863],[-123.48393578,54.0820937],[-123.48297344,54.08055627],[-123.48157505,54.07869554],[-123.48150332,54.07848333],[-123.48183539,54.07684905],[-123.48316667,54.07516385],[-123.48327299,54.07330348],[-123.48453289,54.07137617],[-123.48650364,54.06974296],[-123.48795056,54.06871788],[-123.48852152,54.06831127],[-123.48927975,54.06813431],[-123.492177,54.06699672],[-123.49502177,54.06605105],[-123.49636648,54.06548315],[-123.49754967,54.0652453],[-123.49795319,54.06531224],[-123.49822769,54.06537313],[-123.50171143,54.06572669],[-123.5053907,54.06641422],[-123.5087774,54.06748701],[-123.51434461,54.06880689],[-123.51573439,54.06906788],[-123.51739165,54.06904082],[-123.51762449,54.06902159],[-123.51889811,54.06891513],[-123.52167525,54.06881152],[-123.5226643,54.06886885],[-123.52609064,54.06818701],[-123.5299005,54.06679627],[-123.53105746,54.0656804],[-123.53291866,54.06483086],[-123.53581751,54.06242501],[-123.53667981,54.06201982],[-123.53784811,54.06176525],[-123.54173648,54.06087939],[-123.54319966,54.06079963],[-123.54552114,54.0611151],[-123.5482573,54.06171006],[-123.55048786,54.06294342],[-123.55091542,54.06338101],[-123.55154341,54.06387557],[-123.55230811,54.06429963],[-123.55266228,54.06458589],[-123.55340415,54.06509362],[-123.55392119,54.06588121],[-123.55398626,54.06635476],[-123.55412053,54.06757139],[-123.55407055,54.06878909],[-123.5537891,54.06980705],[-123.55336975,54.07002459],[-123.55244196,54.07041874],[-123.55194975,54.07112302],[-123.55242972,54.07176961],[-123.55243337,54.07179061],[-123.55295187,54.07246604],[-123.55296691,54.07248598],[-123.55370105,54.07364636],[-123.55412436,54.07467677],[-123.55387453,54.07495556],[-123.55309321,54.07602123],[-123.55313901,54.07628577],[-123.55332258,54.07659661],[-123.55748914,54.07889777],[-123.55924529,54.07925774],[-123.56059827,54.07920255],[-123.56205004,54.07917015],[-123.56487046,54.07942829],[-123.56708988,54.07920647],[-123.56871068,54.07840215],[-123.5695264,54.07685973],[-123.57010564,54.07627758],[-123.57055668,54.07617753],[-123.57175283,54.07599488],[-123.57409435,54.07451513],[-123.57497083,54.07305246],[-123.57533252,54.07065089],[-123.57574998,54.06987576],[-123.57696311,54.06874352],[-123.57840262,54.06432028],[-123.57972197,54.06213661],[-123.58224716,54.06019755],[-123.58487382,54.05889368],[-123.58551046,54.05852944],[-123.5867801,54.05813921],[-123.58739338,54.0581855],[-123.59031395,54.05871388],[-123.59369156,54.05961398],[-123.59547809,54.06011672],[-123.59714047,54.06023422],[-123.59753142,54.06010996],[-123.59810368,54.05997181],[-123.60122628,54.05979129],[-123.60308495,54.05958621],[-123.60433748,54.05913972],[-123.60598075,54.05843723],[-123.6076304,54.05730676],[-123.60949095,54.05572838],[-123.61044054,54.05387157],[-123.6112653,54.05295865],[-123.61204252,54.05203362],[-123.61298319,54.0510559],[-123.61317789,54.04961603],[-123.61395639,54.04827229],[-123.61519214,54.04668145],[-123.61682659,54.04547051],[-123.61777672,54.04458038],[-123.61810519,54.0436315],[-123.6179665,54.04290231],[-123.6171012,54.0421076],[-123.61601821,54.04142113],[-123.61399207,54.04078878],[-123.60612936,54.03894728],[-123.60384652,54.03876925],[-123.60233442,54.03880699],[-123.60026644,54.03839433],[-123.5966364,54.03797525],[-123.59436095,54.03790654],[-123.5926265,54.03801264],[-123.59253054,54.03801442],[-123.59096255,54.03809168],[-123.58834774,54.03801976],[-123.58589159,54.0383224],[-123.58347355,54.03869804],[-123.58171749,54.03904163],[-123.58000854,54.03911106],[-123.57848968,54.03894443],[-123.57697213,54.03843029],[-123.57553213,54.03755654],[-123.57404552,54.03545369],[-123.57294564,54.03449093],[-123.57277495,54.03340283],[-123.57300283,54.0325451],[-123.57550885,54.03167206],[-123.57986671,54.03182231],[-123.58368877,54.03041555],[-123.58439629,54.03017593],[-123.58491487,54.02966286],[-123.5849544,54.02917257],[-123.58536831,54.02812151],[-123.58561388,54.02711067],[-123.58553044,54.02618921],[-123.58452141,54.0237944],[-123.58147706,54.02171826],[-123.58052705,54.02111333],[-123.5787379,54.02060026],[-123.5770681,54.02021323],[-123.57438186,54.019238],[-123.5722264,54.01803134],[-123.57144943,54.0175172],[-123.56963707,54.01442204],[-123.56464061,54.01161456],[-123.56333487,54.01106304],[-123.56211618,54.01026085],[-123.56059667,54.00906594],[-123.55879946,54.00804763],[-123.55683487,54.00667149],[-123.55564641,54.00500694],[-123.55446535,54.00348339],[-123.55323674,54.00279052],[-123.55303725,54.002678],[-123.55282315,54.0025573],[-123.55250583,54.00237856],[-123.55206583,54.00170847],[-123.55188773,54.001445],[-123.55162074,54.00105013],[-123.55009467,53.99990899],[-123.54811787,53.99919047],[-123.54695832,53.99822806],[-123.5467065,53.9980187],[-123.54636543,53.997736],[-123.54449233,53.99538534],[-123.54215403,53.9937208],[-123.5413053,53.99270355],[-123.54065597,53.99192558],[-123.54065732,53.99097456],[-123.54065935,53.98994272],[-123.5407496,53.98933031],[-123.54135818,53.98832981],[-123.54181889,53.98765936],[-123.5399596,53.98722426],[-123.53926092,53.98714878],[-123.53731122,53.98694797],[-123.53598245,53.98702345],[-123.53480883,53.98726557],[-123.53284746,53.98827106],[-123.53033823,53.99008408],[-123.52651866,53.99186291],[-123.52339335,53.99360472],[-123.5226513,53.99492497],[-123.52258179,53.99736606],[-123.52407739,54.00089774],[-123.52384779,54.00247897],[-123.52374272,54.00319926],[-123.52328602,54.00383945],[-123.52247642,54.0043105],[-123.5212455,54.00485598],[-123.51992098,54.00512088],[-123.51859509,54.00503258],[-123.51693887,54.00453411],[-123.51579,54.00401142],[-123.51423594,54.00300023],[-123.51099741,53.99960919],[-123.50999487,53.99902384],[-123.50895341,53.99863361],[-123.50680767,53.99848122],[-123.50575862,53.99864785],[-123.50199237,53.99949525],[-123.50003391,54.00042526],[-123.49931254,54.0007628],[-123.49752121,54.00157602],[-123.49488569,54.00230237],[-123.49136378,54.00286066],[-123.48931413,54.00282648],[-123.4878023,54.0026926],[-123.48390887,54.00179678],[-123.48278856,54.00137094],[-123.4810636,54.00045944],[-123.47783194,53.99924744],[-123.47462876,53.998598],[-123.47340973,53.99835446],[-123.47157232,53.99826758],[-123.4690522,53.99791865],[-123.46776406,53.99747287],[-123.46624832,53.99680492],[-123.46541872,53.99636342],[-123.46324376,53.99488651],[-123.46307258,53.99476261],[-123.46092415,53.99290401],[-123.45919356,53.99087167],[-123.45621847,53.98841206],[-123.45337248,53.98643953],[-123.45089132,53.98516771],[-123.44808656,53.98398276],[-123.44647753,53.98375204],[-123.44157094,53.98313109],[-123.43758532,53.98285764],[-123.43438232,53.98237341],[-123.43307202,53.98208999],[-123.43305577,53.98150215],[-123.4330422,53.98095525],[-123.43301667,53.97989101],[-123.43288434,53.97448115],[-123.43288027,53.97431772],[-123.43287605,53.97415465],[-123.43283982,53.97265959],[-123.4326647,53.96542745],[-123.43031145,53.9545572],[-123.42720026,53.94017693],[-123.42723342,53.92571978],[-123.42726655,53.91126263],[-123.42727622,53.90671478],[-123.42729071,53.89999999],[-123.42729788,53.89676561],[-123.4273017,53.89266459],[-123.42730239,53.89211165],[-123.42730244,53.89160819],[-123.42730916,53.88951389],[-123.42730973,53.88847457],[-123.42731008,53.88791984],[-123.42731036,53.88688409],[-123.42730974,53.88658251],[-123.42731043,53.88624782],[-123.42731168,53.88231665],[-123.42731014,53.87786706],[-123.42730972,53.87663654],[-123.42730936,53.87575413],[-123.42730908,53.87508202],[-123.42730707,53.87085532],[-123.42730604,53.86784739],[-123.42730315,53.86061276],[-123.42730111,53.8555586],[-123.42730042,53.85337814],[-123.42732081,53.80373198],[-123.42736375,53.803748],[-123.42761101,53.80385268],[-123.42783182,53.80397623],[-123.42804548,53.8041037],[-123.4282929,53.80420802],[-123.42855783,53.80429596],[-123.42883089,53.80437643],[-123.42911361,53.80444052],[-123.42940876,53.8044861],[-123.42970883,53.80451102],[-123.4300126,53.80451672],[-123.43031666,53.80451494],[-123.43062064,53.80450924],[-123.43092395,53.80449963],[-123.43122679,53.80448289],[-123.43152989,53.80446829],[-123.43183245,53.80447399],[-123.43213471,53.80448716],[-123.43243749,53.80450461],[-123.43274006,53.80452526],[-123.43304124,53.80454769],[-123.43334236,53.80457297],[-123.4336422,53.80460252],[-123.43394027,53.80463742],[-123.43423567,53.80467836],[-123.43452754,53.80472999],[-123.4348081,53.80479764],[-123.43506751,53.80489128],[-123.43532907,53.80498279],[-123.43559848,53.80506611],[-123.43586526,53.80515263],[-123.43612557,53.80524698],[-123.43640881,53.80530858],[-123.43671089,53.80533172],[-123.43701748,53.80532424],[-123.43730502,53.80527262],[-123.43757711,53.80519322],[-123.43784617,53.80510705],[-123.43812065,53.80502908],[-123.43839702,53.80495502],[-123.43867472,53.80488203],[-123.43895286,53.80480939],[-123.4392304,53.80473676],[-123.43950809,53.80466377],[-123.43978461,53.80458935],[-123.44005995,53.80451351],[-123.44033277,53.80443518],[-123.44060399,53.80435364],[-123.44087344,53.80427068],[-123.44108399,53.80413004],[-123.44163935,53.80395415],[-123.44285254,53.80382989],[-123.4439331,53.80361021],[-123.44486231,53.80341509],[-123.44564032,53.80324419],[-123.44647389,53.80311529],[-123.44716193,53.80293513],[-123.4475799,53.80270583],[-123.44772705,53.80242776],[-123.44777736,53.80195706],[-123.44777927,53.80163661],[-123.44833062,53.80160456],[-123.44865065,53.80155436],[-123.44891641,53.80149739],[-123.44911322,53.80145182],[-123.44932043,53.80140589],[-123.44952234,53.80136921],[-123.4497345,53.80133254],[-123.44976918,53.80092984],[-123.44995221,53.80054887],[-123.45017092,53.80002049],[-123.45035075,53.79933473],[-123.45040341,53.79856174],[-123.45045557,53.79776133],[-123.44984468,53.79725645],[-123.44936654,53.79672273],[-123.44932683,53.79600885],[-123.44901945,53.7953441],[-123.44825447,53.79476266],[-123.44710858,53.79425066],[-123.44650287,53.79346485],[-123.44616541,53.79265732],[-123.44609588,53.79182737],[-123.44687375,53.79199542],[-123.44759436,53.79189395],[-123.44825828,53.79152294],[-123.44901319,53.79103764],[-123.44903241,53.79102554],[-123.44955601,53.79106542],[-123.45006067,53.79094792],[-123.45054672,53.79067233],[-123.45091162,53.78997198],[-123.45112291,53.78935992],[-123.45122245,53.78906974],[-123.45124818,53.7889558],[-123.45142724,53.78815932],[-123.45170329,53.78733434],[-123.45222268,53.78673297],[-123.45272422,53.78613516],[-123.45326492,53.78558363],[-123.45334137,53.78539599],[-123.45355866,53.78486441],[-123.45360255,53.78423313],[-123.45327316,53.78369228],[-123.45269673,53.78312011],[-123.45383922,53.78301685],[-123.45500256,53.78299442],[-123.45615642,53.78307097],[-123.45740071,53.78303038],[-123.4574914,53.78376883],[-123.45772716,53.7842082],[-123.4578462,53.78443074],[-123.45859854,53.78481136],[-123.45962026,53.78478358],[-123.46089208,53.78449981],[-123.4621139,53.78468709],[-123.46337641,53.78497585],[-123.46449737,53.78522224],[-123.46532397,53.78553058],[-123.46583983,53.78599096],[-123.46631438,53.78653251],[-123.4669019,53.78715525],[-123.46791128,53.7878435],[-123.46819833,53.78771639],[-123.46842448,53.78759889],[-123.46860567,53.7875081],[-123.46881675,53.7873906],[-123.46958223,53.78691491],[-123.47043117,53.78649441],[-123.47046957,53.78588307],[-123.47110303,53.78536929],[-123.47188487,53.78487972],[-123.47305046,53.78460841],[-123.4742779,53.78440296],[-123.47554783,53.78444889],[-123.47672742,53.78449198],[-123.47787024,53.78459915],[-123.47906783,53.78477326],[-123.48034098,53.78507092],[-123.48150962,53.78505703],[-123.48202894,53.78459666],[-123.48268777,53.78424737],[-123.48334349,53.78395825],[-123.48394292,53.78369015],[-123.48415124,53.78322301],[-123.48427527,53.78268893],[-123.48431396,53.78208755],[-123.48435692,53.78146838],[-123.48440595,53.78084778],[-123.48431243,53.78063272],[-123.48492937,53.78035358],[-123.48512589,53.77996228],[-123.48490079,53.77945882],[-123.48467361,53.77878161],[-123.48458568,53.77801574],[-123.48328062,53.77802108],[-123.48218095,53.77786584],[-123.48150984,53.77756177],[-123.48139963,53.77705084],[-123.4816995,53.77642739],[-123.48200459,53.77571315],[-123.48200768,53.77566259],[-123.48205181,53.77498395],[-123.48168945,53.77426544],[-123.48091123,53.77372709],[-123.47984832,53.77334611],[-123.47881528,53.77311148],[-123.47806105,53.77276005],[-123.47758582,53.77229149],[-123.47638735,53.77232318],[-123.47612627,53.77144978],[-123.4760388,53.77115604],[-123.47603358,53.77111473],[-123.47600313,53.77084734],[-123.47596852,53.770539],[-123.4759057,53.76998818],[-123.47562682,53.76940426],[-123.47555159,53.7692476],[-123.47519721,53.76886555],[-123.47500534,53.7686594],[-123.47426741,53.76822394],[-123.47333222,53.76779597],[-123.47358935,53.76773224],[-123.47387675,53.76766815],[-123.47416443,53.76761296],[-123.4744369,53.76755813],[-123.47470964,53.7675122],[-123.47498165,53.76745701],[-123.47526249,53.76739007],[-123.47553663,53.76731103],[-123.47578317,53.76721133],[-123.47594798,53.76704862],[-123.47612767,53.76684139],[-123.47629253,53.76666088],[-123.47644244,53.76648961],[-123.47660702,53.76630019],[-123.47673437,53.76608193],[-123.47681291,53.765827],[-123.47684158,53.76553504],[-123.47674731,53.76484323],[-123.47650799,53.76421515],[-123.47610079,53.76378397],[-123.47583241,53.76342294],[-123.47555967,53.76320503],[-123.47530153,53.76300315],[-123.47477851,53.76279415],[-123.47440417,53.76241673],[-123.474171,53.76192324],[-123.47433746,53.76130264],[-123.47437823,53.76071017],[-123.47413834,53.76020885],[-123.47349008,53.75979868],[-123.4728176,53.75937391],[-123.47230244,53.75882381],[-123.47194417,53.75814802],[-123.47161217,53.75740351],[-123.47140386,53.75667895],[-123.47131848,53.75596649],[-123.47124628,53.75526649],[-123.47092645,53.75469858],[-123.47035857,53.75426242],[-123.46918403,53.75361084],[-123.46923474,53.75272071],[-123.46874115,53.75227743],[-123.46794426,53.75203068],[-123.46683744,53.75203211],[-123.46558874,53.75216883],[-123.46450658,53.75169635],[-123.46370747,53.7511872],[-123.46346846,53.7506168],[-123.46364868,53.75000403],[-123.46410672,53.74937311],[-123.46433826,53.74879808],[-123.46440774,53.74822733],[-123.46463501,53.74819956],[-123.46484717,53.74818959],[-123.4650741,53.74817072],[-123.46549801,53.74809737],[-123.46580483,53.74809524],[-123.46627185,53.74812016],[-123.46689877,53.74817286],[-123.46763365,53.74802011],[-123.46827449,53.74776304],[-123.46865036,53.74750063],[-123.46885602,53.74733827],[-123.46908291,53.74729234],[-123.46930991,53.74725567],[-123.46979439,53.7471638],[-123.47003595,53.74709972],[-123.47029217,53.74708405],[-123.47057736,53.74711574],[-123.47113496,53.7472813],[-123.47164153,53.74742479],[-123.47214076,53.74751558],[-123.47227016,53.74751843],[-123.4725377,53.74760353],[-123.47278273,53.74783176],[-123.47300541,53.74820277],[-123.47425401,53.74818283],[-123.475268,53.74828466],[-123.47608649,53.74840643],[-123.47667332,53.74891914],[-123.4772492,53.74932753],[-123.47812214,53.74872189],[-123.47869469,53.74813512],[-123.47921508,53.74752199],[-123.47985416,53.74767225],[-123.48085771,53.74705984],[-123.48160016,53.74653252],[-123.48162404,53.74601126],[-123.48166257,53.74539992],[-123.48171573,53.74474336],[-123.48164075,53.74404585],[-123.48136373,53.74341849],[-123.48088598,53.74286234],[-123.48014716,53.74235603],[-123.47946329,53.74176249],[-123.47877739,53.74116005],[-123.4780896,53.74054835],[-123.47731036,53.74001534],[-123.47775378,53.73943213],[-123.47820154,53.73884322],[-123.47838436,53.73817847],[-123.47814998,53.7375301],[-123.47749767,53.73689846],[-123.47683466,53.73636296],[-123.47658817,53.73588727],[-123.47689216,53.7355127],[-123.4777435,53.73529373],[-123.47886253,53.73515523],[-123.4789005,53.73449012],[-123.47895362,53.73384246],[-123.47886739,53.73305986],[-123.47864313,53.73233066],[-123.4784056,53.73184038],[-123.47856284,53.73147507],[-123.47370555,53.73310721],[-123.47322621,53.73310365],[-123.21070654,53.73085483],[-123.20764009,53.73082527],[-123.19999998,53.73082527],[-123.19545545,53.73082492],[-123.18326992,53.73082385],[-123.17109684,53.73081922],[-123.16345653,53.73081566],[-123.1589146,53.73081353],[-123.14673242,53.7308064],[-123.13455028,53.73079786],[-123.13272598,53.73079394],[-123.13272279,53.73074374],[-123.13207992,53.72992482],[-123.1322746,53.72879222],[-123.13284713,53.72809934],[-123.13226641,53.72783159],[-123.13189583,53.72778067],[-123.13138248,53.72784191],[-123.13103658,53.72785224],[-123.1308813,53.72782696],[-123.13064547,53.72778815],[-123.13042348,53.72765748],[-123.13031717,53.72743601],[-123.13037187,53.72723377],[-123.13113517,53.7264558],[-123.13232643,53.72549125],[-123.13244549,53.72531572],[-123.13245675,53.72514838],[-123.13206842,53.7243793],[-123.13202124,53.72403108],[-123.13208238,53.72365224],[-123.13263781,53.72273114],[-123.13294124,53.72037371],[-123.13310536,53.72015047],[-123.13335536,53.71998882],[-123.13366696,53.71987987],[-123.13435868,53.71983251],[-123.13456371,53.71977163],[-123.13473519,53.71972107],[-123.13487361,53.71967977],[-123.13494687,53.71961354],[-123.13492386,53.71955266],[-123.13480204,53.71946543],[-123.13446989,53.71936431],[-123.13399585,53.71929488],[-123.13337092,53.71927173],[-123.13302327,53.71920622],[-123.13289687,53.71918236],[-123.13241774,53.71903638],[-123.13214405,53.71888185],[-123.13200233,53.71870561],[-123.13191944,53.71843252],[-123.13191095,53.71822245],[-123.13225761,53.71761288],[-123.1322865,53.71756233],[-123.13251862,53.71674839],[-123.13256287,53.71647494],[-123.1325185,53.71628303],[-123.132344,53.71607687],[-123.13205468,53.71591309],[-123.13160293,53.71578384],[-123.13108409,53.71570053],[-123.13075002,53.71569554],[-123.13011164,53.71580734],[-123.12987098,53.71582728],[-123.12947865,53.71585933],[-123.12899215,53.7159519],[-123.12877278,53.71604981],[-123.12870049,53.71614844],[-123.12854698,53.71635744],[-123.12831957,53.71666863],[-123.12830857,53.71669961],[-123.12830183,53.71671848],[-123.12820598,53.71699157],[-123.12818233,53.71744554],[-123.12812497,53.71772931],[-123.12795699,53.71803018],[-123.12722599,53.7186433],[-123.12696783,53.71904243],[-123.12678406,53.71921726],[-123.12581845,53.71968653],[-123.12532459,53.71998419],[-123.12495252,53.72020815],[-123.1240259,53.72059518],[-123.1222133,53.7213525],[-123.12182934,53.72147498],[-123.12138786,53.7215291],[-123.12116259,53.72154157],[-123.12044926,53.72158073],[-123.12012636,53.72163343],[-123.11940811,53.72180184],[-123.11899522,53.72179009],[-123.11635991,53.72171496],[-123.11533313,53.72159177],[-123.11500461,53.72157575],[-123.11474182,53.72159533],[-123.11362187,53.72180433],[-123.11172945,53.72215789],[-123.11160504,53.72226257],[-123.11147427,53.72267915],[-123.11104912,53.7231997],[-123.11098615,53.72340265],[-123.11086787,53.72351374],[-123.11070821,53.72357534],[-123.10978459,53.72367752],[-123.10966388,53.72373414],[-123.10935581,53.72405316],[-123.10851816,53.72479766],[-123.10817689,53.72496002],[-123.10774221,53.72512132],[-123.10722856,53.72531216],[-123.10574727,53.72726724],[-123.10535022,53.7275528],[-123.10510783,53.72764288],[-123.10417343,53.72799074],[-123.10394575,53.72840732],[-123.10379497,53.72855829],[-123.1021625,53.72958408],[-123.10210987,53.72964318],[-123.10196423,53.72980803],[-123.10176528,53.73059598],[-123.10078042,53.73216688],[-123.10022443,53.73261337],[-123.09960263,53.73281561],[-123.09891594,53.73308407],[-123.09815766,53.73350136],[-123.09692247,53.73418107],[-123.0964693,53.73437903],[-123.09606543,53.73447873],[-123.09564787,53.73449297],[-123.09521759,53.73442496],[-123.09486729,53.73428397],[-123.09476991,53.73417466],[-123.0946654,53.73405716],[-123.09464341,53.73403259],[-123.09437777,53.73373387],[-123.09436236,53.73371606],[-123.09417152,53.73350208],[-123.0938977,53.73341556],[-123.09364312,53.73340487],[-123.09312808,53.73359323],[-123.09185042,53.73392649],[-123.09154337,53.73402903],[-123.09136308,53.73408956],[-123.09103563,53.73427435],[-123.08848674,53.73665207],[-123.0878975,53.73702949],[-123.08757482,53.73717048],[-123.08753449,53.73717048],[-123.08557953,53.7371687],[-123.08510218,53.73718864],[-123.08460219,53.73729047],[-123.08362455,53.73761626],[-123.08322047,53.73767643],[-123.08225638,53.73760807],[-123.08071655,53.73772771],[-123.08051978,53.73775014],[-123.08019945,53.73779286],[-123.07989637,53.73789185],[-123.07962321,53.73798193],[-123.07930552,53.73808127],[-123.07903233,53.73816209],[-123.07871258,53.73825003],[-123.07816568,53.73839424],[-123.0734408,53.73964184],[-123.07275828,53.73966677],[-123.07092273,53.73973335],[-123.0702238,53.73975863],[-123.06887737,53.73976076],[-123.0683497,53.73976148],[-123.0673089,53.73970558],[-123.06669206,53.73958559],[-123.06543032,53.7391658],[-123.06538905,53.73915191],[-123.06479143,53.73903869],[-123.06421531,53.73901483],[-123.06348652,53.73906219],[-123.06300377,53.73915904],[-123.06257561,53.73931606],[-123.06212912,53.73959983],[-123.06185161,53.73977643],[-123.06147248,53.7399687],[-123.06097441,53.7402215],[-123.06051454,53.74037674],[-123.0600166,53.74045791],[-123.05949083,53.74046504],[-123.05913754,53.74041305],[-123.05791943,53.73978426],[-123.05788635,53.73977358],[-123.05726381,53.73957063],[-123.05672903,53.73955781],[-123.0566935,53.73956315],[-123.05616012,53.73964683],[-123.05560666,53.73983981],[-123.05548997,53.73988075],[-123.05514452,53.74013676],[-123.05501258,53.74050207],[-123.05499968,53.74180771],[-123.05492672,53.74189957],[-123.05484933,53.74199855],[-123.05452007,53.74215379],[-123.05414888,53.74222358],[-123.05376511,53.74222287],[-123.0519585,53.74222002],[-123.05073202,53.74261061],[-123.04975679,53.74292108],[-123.04917592,53.74319168],[-123.04897053,53.74328746],[-123.04807259,53.74389738],[-123.0463278,53.74526605],[-123.04539121,53.74600094],[-123.04482994,53.74627866],[-123.04471652,53.74633492],[-123.04373108,53.74667566],[-123.04194658,53.74701391],[-123.03964771,53.74744936],[-123.03803658,53.74797204],[-123.03722394,53.74837901],[-123.03685812,53.74850185],[-123.03644297,53.74852108],[-123.03525891,53.74843812],[-123.03462582,53.74844666],[-123.03405985,53.74850897],[-123.03250695,53.74893232],[-123.03208588,53.74909859],[-123.03178409,53.7492581],[-123.03010504,53.75069976],[-123.02980718,53.75095541],[-123.02915244,53.75171487],[-123.02872053,53.75214783],[-123.02863027,53.75223791],[-123.02859501,53.75227316],[-123.02852646,53.75236715],[-123.02841834,53.75251385],[-123.02828153,53.75283394],[-123.02783932,53.75462203],[-123.02768875,53.75485169],[-123.02745708,53.75496278],[-123.02714163,53.75501298],[-123.02632803,53.75526649],[-123.02374304,53.75711974],[-123.023214,53.75749858],[-123.02298276,53.75763922],[-123.02283561,53.75772859],[-123.02245843,53.75785107],[-123.0213506,53.75806933],[-123.0206461,53.75824024],[-123.02021669,53.75841542],[-123.01955682,53.75877325],[-123.0191749,53.75898047],[-123.01908802,53.75903388],[-123.01869753,53.75927457],[-123.01842314,53.75953413],[-123.01825976,53.75979725],[-123.01822266,53.75990158],[-123.01804279,53.76041073],[-123.01786643,53.76067991],[-123.01763054,53.76085331],[-123.01689212,53.76115061],[-123.01658089,53.76125244],[-123.01564769,53.76155687],[-123.01337541,53.76229817],[-123.01245117,53.76256022],[-123.0113519,53.76287212],[-123.01116684,53.76291093],[-123.01054845,53.76304053],[-123.0092182,53.76323494],[-123.0085808,53.76337985],[-123.00775739,53.76368107],[-123.00726798,53.76390467],[-123.00681125,53.76411332],[-123.00648336,53.76435793],[-123.00617714,53.76470472],[-123.00494348,53.76703081],[-123.00467419,53.76728432],[-123.00426618,53.76741215],[-123.00356308,53.76749333],[-123.00314758,53.76758056],[-123.00284037,53.76776499],[-123.00263505,53.76801423],[-123.00254881,53.76811926],[-123.00181,53.76961006],[-123.00193569,53.77033249],[-123.00256197,53.77163243],[-123.00268144,53.77188025],[-123.00269874,53.77223238],[-123.00264035,53.77231855],[-123.00250225,53.77252328],[-123.00239918,53.77267602],[-123.0012365,53.77346432],[-123.0009282,53.77367368],[-123.00020671,53.7741629],[-123.00000584,53.77425369],[-122.99954269,53.77446305],[-122.99890624,53.77463609],[-122.99817955,53.77472653],[-122.99801197,53.77472938],[-122.99622886,53.77475929],[-122.99542206,53.77488284],[-122.99540663,53.77488497],[-122.99472436,53.77516554],[-122.99384091,53.77571671],[-122.9935801,53.77587978],[-122.99324453,53.77611727],[-122.9921476,53.77689311],[-122.99170682,53.7776928],[-122.99162225,53.7778459],[-122.99061395,53.77884321],[-122.99019151,53.77917647],[-122.98954559,53.77968741],[-122.9891012,53.78003847],[-122.98876833,53.78043191],[-122.98869472,53.78080114],[-122.98868446,53.78085027],[-122.98888544,53.78161151],[-122.98964013,53.78329706],[-122.98968795,53.78340281],[-122.98968968,53.78370439],[-122.98970033,53.78529559],[-122.98957945,53.7857492],[-122.9890132,53.78641929],[-122.98874161,53.78702173],[-122.98873208,53.78704273],[-122.98868972,53.7880817],[-122.98868633,53.78815825],[-122.98878199,53.78866598],[-122.98894026,53.78950733],[-122.98896713,53.78964868],[-122.98829738,53.79080336],[-122.9882979,53.79126053],[-122.98830773,53.79128403],[-122.98874168,53.79232833],[-122.98874393,53.79281897],[-122.98842819,53.79431226],[-122.98824194,53.79519064],[-122.98821936,53.79529888],[-122.98748799,53.79629333],[-122.98748544,53.79630294],[-122.98736951,53.79683097],[-122.98733268,53.79846062],[-122.98749045,53.79928382],[-122.98758707,53.79978727],[-122.9875713,53.80000019],[-122.98751404,53.80077389],[-122.98687883,53.80344856],[-122.9868077,53.80460146],[-122.98679023,53.80488203],[-122.98674051,53.80514729],[-122.98656408,53.80544601],[-122.98650342,53.80549337],[-122.98617601,53.80575008],[-122.98578543,53.80594662],[-122.97459869,53.80963889],[-122.97422017,53.8097635],[-122.97406909,53.80989453],[-122.9739707,53.80988278],[-122.97207718,53.8104254],[-122.97065276,53.81078324],[-122.97020624,53.81091284],[-122.96991238,53.8109691],[-122.96966443,53.81096269],[-122.96923584,53.81124682],[-122.96786045,53.81129845],[-122.96649094,53.81129987],[-122.96519264,53.81124005],[-122.96508323,53.81122866],[-122.96402315,53.81111828],[-122.9638873,53.81110404],[-122.96257545,53.81091996],[-122.96156908,53.81072449],[-122.96054357,53.81047953],[-122.95928722,53.8101573],[-122.95833711,53.809834],[-122.95797872,53.80971223],[-122.95600406,53.80889901],[-122.95499545,53.80857322],[-122.95391475,53.80830796],[-122.9531332,53.8081634],[-122.9520565,53.80802882],[-122.95096354,53.80793802],[-122.9496765,53.80792805],[-122.94798521,53.80807795],[-122.94707585,53.80818299],[-122.9462026,53.80830939],[-122.94354484,53.80869392],[-122.94268031,53.80881569],[-122.93904702,53.80932592],[-122.93726889,53.80957515],[-122.9370763,53.80960221],[-122.935589,53.80987886],[-122.93463647,53.81008537],[-122.93260723,53.81060308],[-122.9304051,53.8112543],[-122.92960613,53.81149036],[-122.91951874,53.81446339],[-122.91673887,53.81528231],[-122.91627053,53.81540907],[-122.91561576,53.81558638],[-122.91424387,53.81590434],[-122.9132352,53.81609198],[-122.9110593,53.81645515],[-122.90932768,53.81664635],[-122.90763523,53.81676599],[-122.9059704,53.81681298],[-122.90462281,53.81680693],[-122.90299934,53.81674711],[-122.90198371,53.81669015],[-122.8998426,53.8165698],[-122.89919106,53.81653313],[-122.89905108,53.81652529],[-122.89855199,53.81651675],[-122.8975282,53.81655591],[-122.89619467,53.81671507],[-122.89504582,53.81696003],[-122.89425226,53.81718363],[-122.89392715,53.81727514],[-122.89372494,53.81733246],[-122.89080517,53.8181553],[-122.88724111,53.81915973],[-122.88608278,53.81948622],[-122.88145909,53.82078795],[-122.87896681,53.82149116],[-122.8781521,53.82172117],[-122.87559323,53.82244324],[-122.87106922,53.82371969],[-122.86955824,53.82414588],[-122.8576313,53.8275088],[-122.85411041,53.82850183],[-122.84849815,53.83008412],[-122.84690643,53.83053311],[-122.84670636,53.83060538],[-122.84519795,53.83114943],[-122.84369584,53.8318238],[-122.8421262,53.83271891],[-122.84079481,53.83368951],[-122.83967151,53.83472633],[-122.83910953,53.83524546],[-122.83886295,53.83547654],[-122.83837754,53.8359508],[-122.83633735,53.83793686],[-122.83404932,53.840154],[-122.83364485,53.84054601],[-122.83337468,53.84080628],[-122.82804216,53.84593273],[-122.8279262,53.84604274],[-122.82745913,53.84648461],[-122.82502231,53.84879325],[-122.82435087,53.84945159],[-122.82432616,53.84947875],[-122.82374146,53.85012158],[-122.8236766,53.85019289],[-122.82310661,53.85107875],[-122.82289122,53.85153912],[-122.82273753,53.8518788],[-122.82266318,53.85214168],[-122.82252857,53.85261761],[-122.82219751,53.85376588],[-122.82185312,53.85496328],[-122.82178736,53.85518296],[-122.8215244,53.85571597],[-122.8211458,53.85620341],[-122.82069698,53.85663566],[-122.82008021,53.85705758],[-122.81947043,53.85738871],[-122.81883166,53.85765895],[-122.81798409,53.85791709],[-122.81711035,53.85810153],[-122.81596458,53.85825498],[-122.81472718,53.85840417],[-122.81061157,53.85888235],[-122.80818728,53.85916787],[-122.80786951,53.85920529],[-122.80701566,53.85931424],[-122.8060985,53.85948123],[-122.80535969,53.85967279],[-122.80506793,53.85974328],[-122.80431225,53.86000356],[-122.80337468,53.86046002],[-122.80192758,53.86117177],[-122.80103459,53.86165334],[-122.80037064,53.86198925],[-122.79976847,53.86231041],[-122.79968919,53.86235269],[-122.79941197,53.86250674],[-122.79710441,53.8637152],[-122.79690218,53.86379924],[-122.79637023,53.86400655],[-122.79621566,53.86406679],[-122.79547916,53.86428613],[-122.79547134,53.86428846],[-122.79361804,53.86466065],[-122.79359656,53.86466496],[-122.79163889,53.86505452],[-122.78680092,53.86603182],[-122.78589361,53.86621507],[-122.7847379,53.86643562],[-122.78471487,53.86644002],[-122.78422737,53.86656453],[-122.78320079,53.86689036],[-122.78263201,53.8671457],[-122.78238668,53.86726853],[-122.78225404,53.86733494],[-122.78162297,53.86776898],[-122.78130951,53.86801602],[-122.78108125,53.86819591],[-122.7806373,53.86882006],[-122.78045482,53.86914164],[-122.78042387,53.86921086],[-122.7805499,53.8692281],[-122.78555496,53.86985873],[-122.78618713,53.8699456],[-122.78697937,53.86995964],[-122.78764798,53.86984933],[-122.78898655,53.86945432],[-122.78979771,53.86930153],[-122.79065036,53.86923883],[-122.7918698,53.86918864],[-122.7919481,53.86918556],[-122.79204197,53.86918187],[-122.79300849,53.86913391],[-122.79410116,53.86918045],[-122.7945412,53.86921392],[-122.79570717,53.86936043],[-122.79638326,53.86952831],[-122.79721533,53.86979713],[-122.79754132,53.86994561],[-122.79783875,53.87008126],[-122.79823831,53.87030807],[-122.79943975,53.8709892],[-122.7997784,53.87112363],[-122.80208483,53.8720392],[-122.8022029,53.87208619],[-122.80250763,53.87220725],[-122.80332782,53.87265338],[-122.80356024,53.87283106],[-122.80415417,53.87328609],[-122.80491403,53.87421574],[-122.80544517,53.87506843],[-122.8064719,53.87671665],[-122.80764632,53.87860195],[-122.80942094,53.88145073],[-122.80988344,53.88204783],[-122.81061885,53.88270225],[-122.81119424,53.88305296],[-122.81170086,53.88336237],[-122.81259977,53.88374157],[-122.81560693,53.88477341],[-122.81664616,53.88531959],[-122.81734891,53.88590565],[-122.81751191,53.88611288],[-122.81755579,53.88624437],[-122.81759011,53.88634716],[-122.81758869,53.88646572],[-122.81738937,53.88681465],[-122.81701095,53.88708988],[-122.81647761,53.88725687],[-122.81547619,53.88734268],[-122.81358379,53.88733271],[-122.81222792,53.88730138],[-122.81164193,53.88733983],[-122.81126192,53.88740357],[-122.8110187,53.88744416],[-122.81036385,53.88761791],[-122.80974272,53.8878967],[-122.80936152,53.88815804],[-122.80924807,53.88823602],[-122.80923308,53.88825168],[-122.80918517,53.88830117],[-122.80900524,53.88848668],[-122.80896137,53.88853261],[-122.80868934,53.888988],[-122.80855218,53.88974425],[-122.80855292,53.89008891],[-122.8085537,53.89022386],[-122.80855487,53.89057421],[-122.80856013,53.89250793],[-122.80856127,53.89293804],[-122.80856316,53.89349527],[-122.80856398,53.89370712],[-122.80857348,53.89382696],[-122.80877981,53.89488637],[-122.80928323,53.89609804],[-122.80974205,53.89687278],[-122.81054479,53.89793962],[-122.81145629,53.89906483],[-122.81212239,53.90020507],[-122.81361736,53.90310929],[-122.81380312,53.90361383],[-122.8139496,53.9041133],[-122.81427828,53.9051264],[-122.81484632,53.90640167],[-122.81574961,53.90790722],[-122.815915,53.90833313],[-122.8159106,53.9087052],[-122.81577444,53.9091078],[-122.8155727,53.90937552],[-122.81539301,53.90955704],[-122.81520741,53.90970765],[-122.8149633,53.90985502],[-122.81484294,53.90991808],[-122.81443654,53.91008907],[-122.81370171,53.91027055],[-122.81306975,53.91034329],[-122.81169353,53.9103604],[-122.81157019,53.91035942],[-122.81146642,53.91036004],[-122.80712374,53.91035007],[-122.80702158,53.91034218],[-122.80692361,53.9103369],[-122.80587354,53.91033496],[-122.80511993,53.91028547],[-122.80481414,53.91027032],[-122.80461338,53.91026744],[-122.80449106,53.91026569],[-122.80448158,53.91026569],[-122.80447534,53.91026569],[-122.80073765,53.91025323],[-122.80053407,53.91025429],[-122.80033422,53.91025536],[-122.80000132,53.91025698],[-122.79756985,53.91026889],[-122.79744231,53.91026889],[-122.79743197,53.91155744],[-122.79742713,53.91238465],[-122.79740824,53.91321166],[-122.79739883,53.91330388],[-122.79713125,53.91402183],[-122.79670183,53.91486048],[-122.79626036,53.91571162],[-122.79581302,53.91651975],[-122.79544994,53.91728618],[-122.79442962,53.91923722],[-122.79422598,53.91985112],[-122.79418865,53.92055809],[-122.79419011,53.92060469],[-122.79411055,53.92060616],[-122.79325045,53.9206083],[-122.79280084,53.92060826],[-122.79228047,53.92060847],[-122.79176595,53.92061008],[-122.79138361,53.92060817],[-122.79082005,53.92060781],[-122.79025026,53.92060865],[-122.78956525,53.92060865],[-122.78874718,53.92061008],[-122.78726206,53.9206026],[-122.78578468,53.92060865],[-122.78502744,53.92060655],[-122.78428846,53.9206083],[-122.78352076,53.92061262],[-122.78279834,53.92061159],[-122.78178992,53.92061435],[-122.78167788,53.92061527],[-122.78167699,53.92065921],[-122.78167119,53.92264209],[-122.78167001,53.92304832],[-122.78166163,53.92360875],[-122.78149622,53.92460463],[-122.78140697,53.92483927],[-122.78043363,53.92713758],[-122.78031974,53.92711942],[-122.77967452,53.92701581],[-122.77859282,53.92678972],[-122.77776711,53.9266416],[-122.77729125,53.92655651],[-122.77508986,53.92657716],[-122.77371191,53.92674557],[-122.77210354,53.9269738],[-122.7674602,53.92719669],[-122.76694036,53.92716571],[-122.76579263,53.92709272],[-122.76171254,53.92736403],[-122.759794,53.92729994],[-122.75695908,53.92722054],[-122.75228794,53.92759974],[-122.74911338,53.92765386],[-122.74808548,53.92748651],[-122.74560425,53.92695493],[-122.74410898,53.9268207],[-122.74197445,53.92683921],[-122.74015352,53.92701866],[-122.73684632,53.92703753],[-122.73529345,53.92700442],[-122.73084501,53.92657573],[-122.72487091,53.92362904],[-122.72372109,53.92284715],[-122.72218776,53.92212009],[-122.72027408,53.92121323],[-122.71730397,53.9198054],[-122.71593841,53.91915774],[-122.71566165,53.91888215],[-122.71490491,53.91740098],[-122.71312305,53.91548185],[-122.70731648,53.91725037],[-122.70131633,53.91693562],[-122.68966102,53.91477188],[-122.68311768,53.91457392],[-122.67772041,53.91534014],[-122.67379375,53.91686298],[-122.67304766,53.91742163],[-122.66656123,53.92227747],[-122.6642988,53.92677619],[-122.66479258,53.92828514],[-122.66742795,53.92937502],[-122.66966843,53.92982435],[-122.67909784,53.9296093],[-122.68404254,53.92892603],[-122.68747664,53.92978198],[-122.68812448,53.93058453],[-122.68934292,53.93424439],[-122.6897431,53.93537628],[-122.69095209,53.93879545],[-122.69122485,53.93956737],[-122.6915552,53.94042118],[-122.69176286,53.94095704],[-122.69317571,53.94460765],[-122.69048465,53.94948984],[-122.69020202,53.95146308],[-122.69007455,53.95235321],[-122.69002296,53.9527114],[-122.6905953,53.9538116],[-122.6920761,53.95500829],[-122.6957422,53.95599527],[-122.69999267,53.95630397],[-122.7028125,53.95689038],[-122.70453931,53.95729023],[-122.70507081,53.95757507],[-122.70781889,53.95947924],[-122.70866401,53.96025508],[-122.70804184,53.96250533],[-122.70413359,53.96461031],[-122.69916677,53.96419409],[-122.69311464,53.96340294],[-122.67100284,53.96093193],[-122.66854608,53.96067166],[-122.66611831,53.96074536],[-122.66562145,53.96080233],[-122.66412052,53.96097466],[-122.66396731,53.96099211],[-122.65904735,53.96155574],[-122.65569911,53.96216672],[-122.65224431,53.96439276],[-122.65013727,53.96748472],[-122.64919018,53.96899652],[-122.64970574,53.97122185],[-122.65245222,53.97400653],[-122.65338269,53.97420129],[-122.65535531,53.97461147],[-122.65581209,53.97470618],[-122.65763668,53.9744637],[-122.66089325,53.97356182],[-122.66334025,53.9736398],[-122.66753086,53.97379575],[-122.66935891,53.97386376],[-122.67411826,53.97545851],[-122.67489647,53.9759342],[-122.67500297,53.97678481],[-122.67505479,53.97720068],[-122.67591126,53.97824284],[-122.6760593,53.97842265],[-122.67669124,53.97913832],[-122.67984872,53.98271094],[-122.68095438,53.9833935],[-122.68326256,53.98481878],[-122.68542172,53.9862088],[-122.68556187,53.98699746],[-122.6849355,53.98913199],[-122.68379102,53.99253941],[-122.68067658,53.99578839],[-122.67955542,53.99617791],[-122.67652856,53.99642822],[-122.67501822,53.99644887],[-122.6660527,53.9969801],[-122.66523708,53.99708976],[-122.66235338,53.99757969],[-122.65801965,53.99894586],[-122.64792636,54.00020273],[-122.64296821,54.00053065],[-122.63060239,54.00184876],[-122.6295625,54.00260964],[-122.62599418,54.00521915],[-122.62599441,54.0052193],[-122.62563705,54.00548065],[-122.62519104,54.00580683],[-122.62241144,54.00581286],[-122.6213339,54.00581518],[-122.6210284,54.00581554],[-122.61928945,54.00581198],[-122.61699505,54.00580582],[-122.61676863,54.00580521],[-122.6153429,54.00580165],[-122.61511886,54.00580116],[-122.6150191,54.00580094],[-122.61525293,54.00561935],[-122.61552203,54.00540964],[-122.61604539,54.00502795],[-122.61658815,54.00465552],[-122.61714981,54.00429341],[-122.6180759,54.00371447],[-122.61801264,54.00367922],[-122.6179135,54.00362439],[-122.61698742,54.00420333],[-122.61641447,54.00457292],[-122.61586102,54.00495282],[-122.61532785,54.0053427],[-122.61474377,54.00580023],[-122.60757505,54.00578136],[-122.60758191,54.00771158],[-122.60759638,54.0117876],[-122.60760052,54.01295474],[-122.60760422,54.01403145],[-122.60760455,54.01410764],[-122.60761066,54.01574657],[-122.60761074,54.01576791],[-122.6064774,54.01612503],[-122.60346913,54.0172142],[-122.60038362,54.01951323],[-122.59897319,54.02085982],[-122.59846816,54.02165737],[-122.5975168,54.02335218],[-122.59638345,54.0244531],[-122.5948309,54.02695971],[-122.5950975,54.02874851],[-122.59606282,54.03224637],[-122.59782469,54.03426661],[-122.59922557,54.03564667],[-122.60237957,54.03805323],[-122.60249064,54.03814331],[-122.60310309,54.03864],[-122.60456489,54.0398253],[-122.60803642,54.04257616],[-122.61035633,54.04385403],[-122.6127433,54.0448962],[-122.6142089,54.04620256],[-122.6141746,54.04704533],[-122.61318154,54.04824594],[-122.61154528,54.04863048],[-122.60975872,54.04891496],[-122.60821504,54.04915886],[-122.59779464,54.04766486],[-122.58495529,54.04786069],[-122.57589909,54.05021242],[-122.57289324,54.05124568],[-122.56977241,54.05294334],[-122.56756552,54.05491053],[-122.56339591,54.05798326],[-122.56066335,54.06253646],[-122.55817044,54.06602862],[-122.55640744,54.0670512],[-122.55638954,54.06706117],[-122.55621984,54.06715374],[-122.54582575,54.07297199],[-122.54532116,54.07333268],[-122.53827543,54.07836726],[-122.53703906,54.07872616],[-122.53308379,54.079664],[-122.53234281,54.07986837],[-122.5308549,54.08031273],[-122.52909299,54.08078948],[-122.52007899,54.08336979],[-122.51935268,54.08357773],[-122.51847534,54.08378673],[-122.5118464,54.08536511],[-122.51027055,54.08607401],[-122.51019932,54.0866412],[-122.51004936,54.08726643],[-122.51009141,54.0907868],[-122.51010375,54.09181927],[-122.51006367,54.09206495],[-122.50986651,54.09332217],[-122.51166626,54.09478127],[-122.51514638,54.09746911],[-122.51570385,54.09778386],[-122.51609736,54.09800568],[-122.51724995,54.09840802],[-122.51766726,54.09869606],[-122.51814422,54.09899444],[-122.51861895,54.0997603],[-122.51891403,54.10003553],[-122.52228469,54.10193294],[-122.52607468,54.1024898],[-122.52753533,54.10269418],[-122.53307265,54.10479987],[-122.5371343,54.10890017],[-122.53755017,54.10933598],[-122.53873241,54.11228409],[-122.53885722,54.11280962],[-122.53932555,54.1140259],[-122.54045823,54.11581043],[-122.54173431,54.11726348],[-122.54420477,54.1181675],[-122.54714432,54.11894227],[-122.55169616,54.11917584],[-122.55372197,54.11894547],[-122.55689135,54.11807279],[-122.55909239,54.11809914],[-122.56761369,54.11851643],[-122.57227629,54.11957355],[-122.57530195,54.11993209],[-122.58819384,54.11956714],[-122.59431296,54.12004354],[-122.59809171,54.12122278],[-122.59920555,54.12242589],[-122.59975238,54.12318819],[-122.5995245,54.12595472],[-122.59869702,54.12669709],[-122.59466809,54.12913427],[-122.59080656,54.12944724],[-122.5893194,54.12917094],[-122.58231739,54.12739994],[-122.5803509,54.12730024],[-122.57817268,54.12746047],[-122.57262388,54.12933401],[-122.57128768,54.13082267],[-122.57100498,54.13247083],[-122.57337452,54.13604275],[-122.5743006,54.13882067],[-122.57384605,54.14105027],[-122.57292624,54.14449828],[-122.57172017,54.14830947],[-122.57215209,54.14981058],[-122.57317152,54.15571286],[-122.576039,54.16054129],[-122.57556233,54.16142625],[-122.57551006,54.16152328],[-122.57512493,54.16206377],[-122.57459192,54.16281219],[-122.57397295,54.16345522],[-122.56667635,54.16412531],[-122.55828,54.16493996],[-122.54979035,54.16459388],[-122.54636281,54.16479184],[-122.5438803,54.16515181],[-122.54092751,54.16613024],[-122.54034195,54.16674016],[-122.53949879,54.16833705],[-122.53962678,54.17055419],[-122.54024132,54.1714372],[-122.54086348,54.17179753],[-122.54145796,54.17229244],[-122.55218824,54.17308608],[-122.5537771,54.17371309],[-122.55653063,54.1757198],[-122.55708365,54.17630408],[-122.55645077,54.17820398],[-122.54989698,54.18141379],[-122.54673927,54.18298078],[-122.54636563,54.18437899],[-122.5462268,54.18477065],[-122.54588891,54.18587975],[-122.5464288,54.18757278],[-122.54655937,54.18899343],[-122.54657753,54.18957166],[-122.54629381,54.19024389],[-122.54553783,54.19098056],[-122.54467818,54.19185182],[-122.54110482,54.19511326],[-122.53943876,54.19674896],[-122.53957136,54.19807989],[-122.54041223,54.20233685],[-122.53819864,54.20638944],[-122.53362574,54.20972707],[-122.53233326,54.21040215],[-122.52737815,54.21272503],[-122.524555,54.21330041],[-122.51646545,54.21473602],[-122.51279128,54.2159409],[-122.50652591,54.21922904],[-122.49896794,54.2216178],[-122.49375641,54.22238687],[-122.48147597,54.22353478],[-122.47572297,54.22194216],[-122.47074572,54.2214209],[-122.46582985,54.22179725],[-122.46393772,54.22236479],[-122.45380359,54.23079682],[-122.45247487,54.23181086],[-122.44733015,54.23499967],[-122.44427854,54.23653568],[-122.43427971,54.23976308],[-122.43383993,54.239905],[-122.4197032,54.24414024],[-122.41478055,54.24589914],[-122.40312357,54.24815224],[-122.39203776,54.25121144],[-122.38965949,54.25182955],[-122.38782792,54.25258118],[-122.38385237,54.2556742],[-122.382709,54.25640126],[-122.37904103,54.25809322],[-122.37397716,54.25938249],[-122.37266561,54.25942343],[-122.3691539,54.25899866],[-122.36836205,54.25854185],[-122.36663599,54.25694388],[-122.36586271,54.25453555],[-122.36501603,54.25223794],[-122.36293693,54.25024298],[-122.35704676,54.24592763],[-122.35457834,54.24440586],[-122.34990493,54.24270179],[-122.34619817,54.24219477],[-122.34433881,54.24177321],[-122.34228788,54.24140291],[-122.33956161,54.24095998],[-122.33506107,54.24015246],[-122.33375248,54.23992316],[-122.32629029,54.2375433],[-122.32478212,54.23684544],[-122.32340485,54.23621309],[-122.32194523,54.23560638],[-122.32007603,54.23450547],[-122.31798698,54.23308695],[-122.31541109,54.23050344],[-122.31469159,54.22953213],[-122.31186187,54.22522959],[-122.31173237,54.22504444],[-122.31103419,54.22428249],[-122.30749521,54.22092421],[-122.30616123,54.22019608],[-122.30601955,54.22014516],[-122.30258049,54.21890468],[-122.29621173,54.2158412],[-122.29610482,54.21575575],[-122.28973543,54.21206562],[-122.28659176,54.21085077],[-122.27948612,54.20845988],[-122.27624676,54.20737],[-122.27079976,54.20569086],[-122.26285108,54.20493033],[-122.25964229,54.20465404],[-122.24784634,54.20493603],[-122.24181925,54.20533339],[-122.2341177,54.20484631],[-122.23211355,54.20480963],[-122.23001955,54.20482921],[-122.23006676,54.20676578],[-122.23006611,54.2070168],[-122.23006634,54.20718272],[-122.23005944,54.21063073],[-122.23005188,54.21424502],[-122.23004497,54.21785895],[-122.23003777,54.22147324],[-122.23002377,54.22870146],[-122.23000927,54.23592968],[-122.23000426,54.23848649],[-122.22999489,54.24315789],[-122.22999224,54.24459029],[-122.22998078,54.25038576],[-122.22996603,54.25760863],[-122.22995196,54.26484219],[-122.22931726,54.32864713],[-122.22880727,54.37981897],[-122.22877339,54.38321642],[-122.22858485,54.40198216],[-122.22808392,54.45219302],[-122.22852267,54.475703],[-122.22864982,54.4825115],[-122.22939597,54.52241877],[-122.22995252,54.55213429],[-122.22986167,54.55178028],[-122.22942448,54.55118732],[-122.22857296,54.55070258],[-122.22745185,54.55039484],[-122.22633059,54.55018695],[-122.22535998,54.55009786],[-122.22465824,54.54987068],[-122.22396074,54.54969246],[-122.22339619,54.54938925],[-122.22270535,54.54922305],[-122.22200727,54.54889601],[-122.22103568,54.54858919],[-122.21992282,54.54821553],[-122.21906362,54.54850158],[-122.21843464,54.54878511],[-122.21805217,54.5490233],[-122.2178205,54.54919056],[-122.21762452,54.54928816],[-122.21745844,54.54934999],[-122.21728805,54.54945575],[-122.2171295,54.54957255],[-122.21706612,54.54965303],[-122.21618136,54.54920891],[-122.21538292,54.54874339],[-122.21452561,54.54830344],[-122.2136792,54.54783358],[-122.21296673,54.5473666],[-122.21238878,54.54687253],[-122.21112941,54.54644192],[-122.2100098,54.54589138],[-122.20902335,54.54529576],[-122.20844241,54.5446938],[-122.20800554,54.54419264],[-122.20798269,54.54377608],[-122.20782694,54.54339359],[-122.20793958,54.5429869],[-122.20805066,54.54257221],[-122.2084299,54.5421463],[-122.20719762,54.54192253],[-122.20605233,54.5419959],[-122.20492355,54.54201546],[-122.20455593,54.54184227],[-122.20428036,54.54170566],[-122.20392908,54.54148764],[-122.20365438,54.54130608],[-122.20351756,54.54118835],[-122.20333595,54.54098943],[-122.20327553,54.54091713],[-122.20300172,54.54069065],[-122.20286525,54.54055494],[-122.20268399,54.54033804],[-122.20246089,54.54015383],[-122.20213497,54.53995696],[-122.20127997,54.53941506],[-122.20056337,54.53891003],[-122.19998151,54.53836694],[-122.19953458,54.53777382],[-122.19827821,54.5374749],[-122.19702899,54.53707416],[-122.19631051,54.53693258],[-122.19567489,54.53676859],[-122.19653875,54.53632796],[-122.19721684,54.53581517],[-122.19774461,54.53526047],[-122.19811354,54.53457388],[-122.19767658,54.53400178],[-122.19724031,54.53339373],[-122.19706881,54.53268359],[-122.19716132,54.53190729],[-122.19754432,54.53146445],[-122.19778175,54.5309148],[-122.19787361,54.53025833],[-122.19826198,54.52962879],[-122.19864524,54.52899622],[-122.19889055,54.52839269],[-122.19900303,54.52782124],[-122.20020237,54.52733487],[-122.20128503,54.5269306],[-122.20222775,54.52648246],[-122.20302656,54.5259305],[-122.20396579,54.52548232],[-122.20490531,54.52501916],[-122.2058451,54.52454101],[-122.20636124,54.52404111],[-122.20674431,54.52358627],[-122.20685595,54.52314062],[-122.20724066,54.52268878],[-122.2076219,54.52215004],[-122.20813803,54.52156024],[-122.2083789,54.52091073],[-122.20863152,54.52027528],[-122.20904484,54.51967283],[-122.20975622,54.51910228],[-122.21007487,54.51913432],[-122.21036382,54.51910526],[-122.21063415,54.51906209],[-122.21087684,54.51902772],[-122.2111015,54.51903917],[-122.21144322,54.51894253],[-122.21156733,54.51891639],[-122.21181319,54.51880614],[-122.2121119,54.51862635],[-122.21246344,54.51837699],[-122.2132848,54.5179749],[-122.2135237,54.51769086],[-122.21371239,54.51742945],[-122.21515364,54.51718076],[-122.21546901,54.5171263],[-122.21695426,54.51674048],[-122.21705693,54.516129],[-122.21729708,54.51550842],[-122.2176743,54.51489972],[-122.21805111,54.51431198],[-122.2168125,54.51437088],[-122.21570146,54.51422087],[-122.21485732,54.51384791],[-122.21428566,54.51331694],[-122.21369414,54.51274988],[-122.2128381,54.51228296],[-122.21171758,54.51191616],[-122.21207888,54.5110677],[-122.21258829,54.51028013],[-122.21310517,54.50954952],[-122.21376762,54.50892371],[-122.21429046,54.50832695],[-122.21494797,54.507778],[-122.21560201,54.50722902],[-122.21653696,54.50670681],[-122.21761842,54.50623848],[-122.21883011,54.50586884],[-122.21832969,54.50547515],[-122.21804648,54.50494007],[-122.21784911,54.50431267],[-122.21763206,54.5036382],[-122.21741174,54.50295573],[-122.21757072,54.50226872],[-122.21798564,54.50174614],[-122.21852929,54.50140015],[-122.21815991,54.50133485],[-122.21788302,54.50127913],[-122.21756015,54.50120514],[-122.21731425,54.50114363],[-122.21700653,54.50108472],[-122.21671438,54.50101991],[-122.21646836,54.5009644],[-122.21634518,54.50094563],[-122.21599074,54.50090738],[-122.21551209,54.50090427],[-122.21519703,54.50069252],[-122.21457146,54.50020913],[-122.21391217,54.49969555],[-122.21321915,54.4991518],[-122.2124808,54.49873656],[-122.21181381,54.49835874],[-122.21126002,54.49798265],[-122.21123151,54.49785963],[-122.2112333,54.49776678],[-122.21141569,54.49765013],[-122.21163909,54.49754174],[-122.21201164,54.49743932],[-122.21227409,54.49744103],[-122.21250586,54.49743355],[-122.21286164,54.49739991],[-122.21320182,54.49737517],[-122.21357234,54.49737758],[-122.21381971,54.49736122],[-122.21408251,54.49734495],[-122.21422146,54.49734585],[-122.21459182,54.49735725],[-122.21483832,54.49738581],[-122.21519222,54.49745101],[-122.21561832,54.49750771],[-122.21603142,54.49752737],[-122.21634366,54.49752739],[-122.2164482,54.49744419],[-122.21656428,54.49729514],[-122.21666362,54.49703515],[-122.21704768,54.49668813],[-122.21761841,54.49626842],[-122.21854857,54.49571321],[-122.21962052,54.49518788],[-122.2202562,54.49495831],[-122.22079223,54.49473708],[-122.22090222,54.49463593],[-122.22104698,54.49451104],[-122.22122651,54.4943624],[-122.22149219,54.49419336],[-122.22161724,54.49411328],[-122.221774,54.49398846],[-122.22186816,54.49390817],[-122.22210331,54.49372096],[-122.22230633,54.49359943],[-122.22244668,54.49352544],[-122.22261272,54.4934546],[-122.22288235,54.49334849],[-122.22324047,54.49318902],[-122.22381364,54.49299698],[-122.22438964,54.4928369],[-122.22470993,54.49250043],[-122.22503361,54.49225684],[-122.22534557,54.49208808],[-122.22567314,54.49191043],[-122.22598511,54.49174167],[-122.22631284,54.49155503],[-122.22651555,54.49144848],[-122.22667144,54.49136858],[-122.22621608,54.49086537],[-122.22549777,54.4904803],[-122.22451649,54.49021338],[-122.22392235,54.49006577],[-122.22339407,54.4899725],[-122.22320663,54.49008813],[-122.22306583,54.49018609],[-122.22278372,54.49040896],[-122.22259525,54.49057851],[-122.22248497,54.49069464],[-122.22240558,54.49081096],[-122.22230954,54.49099009],[-122.22211754,54.49107374],[-122.22169102,54.49104204],[-122.22102996,54.49089498],[-122.21994293,54.49041762],[-122.22027086,54.49022202],[-122.22044305,54.49009731],[-122.22053333,54.48986022],[-122.22033121,54.48957431],[-122.21982442,54.48916461],[-122.21929628,54.48870584],[-122.21906107,54.48817705],[-122.21913108,54.48765324],[-122.21892654,54.48758601],[-122.21877847,54.48752514],[-122.21867179,54.48745254],[-122.21845863,54.48729838],[-122.21822984,54.4871531],[-122.21800072,54.4870258],[-122.21775599,54.48690737],[-122.21741899,54.48677038],[-122.21712848,54.4866247],[-122.21691445,54.48651547],[-122.2167713,54.48646661],[-122.21661297,54.48640567],[-122.21643941,54.48633264],[-122.21598212,54.48611897],[-122.21561871,54.48592887],[-122.21527859,54.485687],[-122.21429182,54.48562666],[-122.21375421,54.48513086],[-122.21344295,54.48454765],[-122.21343695,54.48387754],[-122.21364469,54.4831509],[-122.21333776,54.48305904],[-122.21316868,54.48302199],[-122.21298451,54.48296686],[-122.21266213,54.48287489],[-122.21243235,54.48278352],[-122.21223346,54.48269234],[-122.21198877,54.48257392],[-122.21174389,54.48247349],[-122.21079357,54.48266184],[-122.20991554,54.48283809],[-122.20910952,54.48300152],[-122.20833919,54.48319699],[-122.20738365,54.48330772],[-122.20632431,54.48336362],[-122.2051497,54.48342771],[-122.2042036,54.48365523],[-122.20362655,54.48371932],[-122.20307357,54.48373178],[-122.20245639,54.48365487],[-122.2015549,54.48360075],[-122.20056967,54.48363921],[-122.19971633,54.4838945],[-122.19911225,54.48432283],[-122.19796405,54.48385676],[-122.1982439,54.4833152],[-122.19858639,54.48280035],[-122.19885436,54.48226876],[-122.19903233,54.48184755],[-122.19913308,54.48161647],[-122.19924582,54.48146551],[-122.19941769,54.48134089],[-122.19963662,54.48118957],[-122.19985579,54.48104715],[-122.19999615,54.48095813],[-122.20005866,54.48091363],[-122.20024646,54.48078901],[-122.20038821,54.48065513],[-122.20048264,54.48053906],[-122.20053114,54.48044043],[-122.20054864,54.48035071],[-122.20055127,54.48019796],[-122.2005235,54.48005412],[-122.20044936,54.47988286],[-122.20039079,54.4797205],[-122.20037872,54.47956775],[-122.20039993,54.47943209],[-122.20044039,54.47928647],[-122.20052602,54.47911022],[-122.20058005,54.47899272],[-122.20063856,54.47889232],[-122.20073301,54.47878835],[-122.20092211,54.47860961],[-122.2011408,54.47844939],[-122.20134428,54.47831587],[-122.2015632,54.47816455],[-122.20179782,54.47800432],[-122.2020174,54.47782594],[-122.20211166,54.47775473],[-122.20223669,54.47766572],[-122.2024713,54.47750549],[-122.20270555,54.47735417],[-122.20184491,54.47691124],[-122.20115835,54.47666913],[-122.20051593,54.47647686],[-122.19982697,54.47652849],[-122.19923946,54.47642167],[-122.19861404,54.47621765],[-122.19796918,54.47588795],[-122.19707594,54.47559242],[-122.19607414,54.4752702],[-122.19496083,54.47486715],[-122.19440843,54.47469268],[-122.19481789,54.47428821],[-122.19513161,54.47401476],[-122.19533093,54.47383922],[-122.19546265,54.47368434],[-122.19560718,54.47346359],[-122.19576998,54.47329695],[-122.1959506,54.47318409],[-122.19601874,54.47284299],[-122.19574137,54.47284121],[-122.19499585,54.47281522],[-122.19428333,54.4726938],[-122.19360335,54.47247661],[-122.19349429,54.47253856],[-122.19313509,54.4727611],[-122.19282185,54.47298363],[-122.1925243,54.47319726],[-122.1923368,54.47334004],[-122.19200816,54.47355331],[-122.19171136,54.47374914],[-122.19133676,54.47396242],[-122.19116425,54.47408704],[-122.19102337,54.47420275],[-122.19088159,54.47433663],[-122.19072418,54.47448866],[-122.18980596,54.474123],[-122.18907979,54.47389014],[-122.18858874,54.47367117],[-122.18829586,54.47346644],[-122.18825162,54.47329838],[-122.18834366,54.47315133],[-122.18835017,54.47298755],[-122.18820645,54.47278495],[-122.18791305,54.47253429],[-122.18777553,54.47231674],[-122.1877923,54.47214121],[-122.18711404,54.47178302],[-122.18624364,54.47140276],[-122.18569796,54.47123933],[-122.18534536,54.47111613],[-122.18510472,54.47106059],[-122.18485475,54.47104172],[-122.18453183,54.47107946],[-122.18410383,54.47122153],[-122.18377512,54.47136217],[-122.18357733,54.47149248],[-122.18281498,54.47155337],[-122.18203283,54.47155408],[-122.18207777,54.4717111],[-122.18215501,54.47188734],[-122.18236084,54.4721405],[-122.18218707,54.4722409],[-122.18199043,54.47230677],[-122.18176545,54.47232315],[-122.18152418,54.47230535],[-122.18132534,54.47228719],[-122.18113304,54.47230179],[-122.18094711,54.4723495],[-122.18073518,54.47241395],[-122.1805175,54.47246949],[-122.18030625,54.47250688],[-122.18008397,54.47255637],[-122.17975379,54.47260194],[-122.17943983,54.47262402],[-122.17918929,54.47260906],[-122.17891506,54.47260443],[-122.17855893,54.47267066],[-122.17811821,54.47284869],[-122.17773591,54.47312178],[-122.17751783,54.47338276],[-122.17739526,54.47360352],[-122.17722283,54.47380326],[-122.17695252,54.47402686],[-122.17668505,54.47413119],[-122.17628017,54.47421699],[-122.17579514,54.47429177],[-122.17547254,54.47438256],[-122.17526021,54.47447478],[-122.17513451,54.47456379],[-122.1749651,54.47464248],[-122.17474757,54.47472188],[-122.1745612,54.47477457],[-122.1743668,54.47512885],[-122.17417373,54.47535102],[-122.17398329,54.4754557],[-122.17379023,54.47551231],[-122.17358764,54.47561272],[-122.17343078,54.47572844],[-122.1732017,54.47585875],[-122.1729939,54.47595311],[-122.17280783,54.47601185],[-122.17285124,54.47614395],[-122.17293128,54.47625753],[-122.17301693,54.47635473],[-122.17291925,54.4764441],[-122.17277562,54.47656979],[-122.17258755,54.4767325],[-122.17243999,54.47691124],[-122.1724061,54.47720641],[-122.17247372,54.47753433],[-122.17264029,54.47793703],[-122.1728028,54.4782208],[-122.17289769,54.47843906],[-122.17291011,54.47859217],[-122.17287861,54.47871251],[-122.17279552,54.47882502],[-122.17266117,54.47892899],[-122.1724428,54.47904115],[-122.17222526,54.47913265],[-122.17197082,54.4791558],[-122.17168391,54.47910488],[-122.17139171,54.47895926],[-122.17123069,54.4788001],[-122.17118046,54.47865198],[-122.17118321,54.47849924],[-122.17102643,54.47836038],[-122.17075736,54.4781909],[-122.17044188,54.47802106],[-122.17017265,54.47793133],[-122.16991518,54.47786155],[-122.16957635,54.47782915],[-122.16916083,54.47777538],[-122.16891421,54.4777558],[-122.16866677,54.47778108],[-122.16842937,54.47782737],[-122.16818601,54.4778854],[-122.16795351,54.4779559],[-122.16772522,54.47803601],[-122.16748633,54.47813535],[-122.16723707,54.47826958],[-122.16704363,54.47841984],[-122.1669063,54.47858683],[-122.16665192,54.47846719],[-122.16641271,54.47840844],[-122.166179,54.47843586],[-122.16596415,54.4785295],[-122.16575796,54.47865661],[-122.1656053,54.47881149],[-122.16560254,54.47896424],[-122.16561485,54.47910809],[-122.16558923,54.47935946],[-122.16554398,54.47955707],[-122.16546453,54.47966424],[-122.16511889,54.47988357],[-122.16480738,54.48001317],[-122.16453044,54.4800534],[-122.16428216,54.48012355],[-122.16350114,54.48007299],[-122.16243092,54.48007477],[-122.16221498,54.48007121],[-122.16198812,54.48008759],[-122.16175096,54.4801239],[-122.1615277,54.48021042],[-122.16132463,54.48033469],[-122.16114159,54.48049705],[-122.16076336,54.48086592],[-122.16045924,54.48113936],[-122.16024952,54.48132665],[-122.16013315,54.48148794],[-122.15995519,54.48139964],[-122.15968492,54.48127182],[-122.15936147,54.48114506],[-122.15898792,54.48106637],[-122.15864831,54.48106388],[-122.1583847,54.48113402],[-122.15828555,54.48126826],[-122.15740283,54.48117319],[-122.15663228,54.48103504],[-122.15610596,54.48085452],[-122.15590298,54.48072029],[-122.15589083,54.48063128],[-122.15596502,54.48053301],[-122.15601868,54.48041658],[-122.15549928,54.48017517],[-122.15494656,54.48000961],[-122.15452042,54.47998184],[-122.15423577,54.48005376],[-122.15362571,54.47996831],[-122.15306696,54.47986576],[-122.15282109,54.47979206],[-122.15259154,54.47970946],[-122.15236144,54.47963611],[-122.15214759,54.47954461],[-122.15197969,54.47943565],[-122.15178932,54.4792886],[-122.15156145,54.47911628],[-122.15122973,54.47898489],[-122.15074398,54.47900056],[-122.15011892,54.47914974],[-122.14986534,54.47929466],[-122.14973114,54.47941429],[-122.14967649,54.47962294],[-122.1495661,54.47987858],[-122.14922948,54.480324],[-122.14912256,54.48045503],[-122.14903411,54.48058321],[-122.14901283,54.48068504],[-122.1490041,54.48078082],[-122.14904709,54.48093392],[-122.14899969,54.48108631],[-122.14890657,54.4812476],[-122.1487194,54.48144984],[-122.14856445,54.4816446],[-122.14844186,54.48183153],[-122.14832015,54.48199638],[-122.14818853,54.4821413],[-122.14814653,54.48235849],[-122.14818354,54.48263229],[-122.14831774,54.48310976],[-122.14831408,54.48368799],[-122.14824854,54.48421779],[-122.14815363,54.48457669],[-122.14849653,54.48472267],[-122.1488019,54.48489856],[-122.14906852,54.48510436],[-122.14923767,54.48514745],[-122.14934469,54.48518697],[-122.14961723,54.48544973],[-122.15021117,54.48584922],[-122.15030219,54.4859037],[-122.15043964,54.48599485],[-122.150638,54.4860949],[-122.15056609,54.4865097],[-122.15036231,54.48699464],[-122.14988779,54.4876124],[-122.14930813,54.48819454],[-122.14867228,54.48857979],[-122.1483715,54.48851748],[-122.14796439,54.48847867],[-122.14717465,54.48842135],[-122.14653058,54.48820309],[-122.1461292,54.48781677],[-122.14592508,54.48738096],[-122.14578796,54.48698646],[-122.1452776,54.48677211],[-122.14471776,54.48648478],[-122.14358564,54.48599129],[-122.14287874,54.48551703],[-122.14238293,54.48510009],[-122.14209882,54.48474048],[-122.14205805,54.48448839],[-122.14175063,54.48409389],[-122.14150428,54.48364882],[-122.14129762,54.48303605],[-122.14098481,54.48241688],[-122.14047273,54.48181408],[-122.13986685,54.48127324],[-122.13922077,54.48101012],[-122.13850823,54.48080539],[-122.13798023,54.48021755],[-122.13797899,54.47955244],[-122.13799285,54.47887843],[-122.13800425,54.47834827],[-122.13796933,54.47779069],[-122.13797833,54.47737732],[-122.13795369,54.47706862],[-122.13795929,54.47679303],[-122.13801192,54.4765057],[-122.13811112,54.47620092],[-122.13827214,54.47586943],[-122.1380996,54.47544573],[-122.13779145,54.47499426],[-122.13732276,54.47430779],[-122.13688832,54.47383637],[-122.13644935,54.47351059],[-122.13600566,54.47333078],[-122.13548637,54.47299574],[-122.13495077,54.47260515],[-122.13448204,54.47215937],[-122.13388176,54.47169579],[-122.13338367,54.4712379],[-122.13275719,54.47085194],[-122.13209897,54.4705436],[-122.13121451,54.47028262],[-122.13034188,54.47018363],[-122.12953016,54.47015657],[-122.12871739,54.47022173],[-122.12783424,54.47032427],[-122.12662789,54.47045032],[-122.12544645,54.47061837],[-122.12433714,54.47078145],[-122.12326342,54.47079142],[-122.1222256,54.47064899],[-122.12181953,54.47016975],[-122.12098475,54.47022672],[-122.12022971,54.46899584],[-122.1196117,54.46808079],[-122.11930166,54.46765709],[-122.11916307,54.46740927],[-122.11918489,54.46734946],[-122.11924387,54.46725119],[-122.11931838,54.4671109],[-122.1194302,54.46694391],[-122.11956305,54.46674702],[-122.11906422,54.46674061],[-122.11817624,54.46664732],[-122.11791451,54.46661813],[-122.11765267,54.46659854],[-122.11759151,54.46658893],[-122.11740742,54.46654264],[-122.11719811,54.46646039],[-122.11699426,54.46636889],[-122.11681146,54.46626884],[-122.11667573,54.46613283],[-122.11655482,54.46601533],[-122.1162969,54.46581558],[-122.1162059,54.46572515],[-122.11613034,54.46565856],[-122.11600919,54.46556172],[-122.11592032,54.46544921],[-122.11574159,54.46531212],[-122.1154724,54.46515048],[-122.11508741,54.464887],[-122.11460579,54.4645548],[-122.11402331,54.46414712],[-122.11333935,54.46366396],[-122.11259394,54.46320002],[-122.11203087,54.46281833],[-122.11173697,54.46247368],[-122.11139734,54.46208166],[-122.11104915,54.46161595],[-122.10961193,54.46101208],[-122.10843318,54.46060796],[-122.1083698,54.4599603],[-122.1083054,54.45938457],[-122.10789518,54.45965339],[-122.10755803,54.46002226],[-122.1072938,54.46049153],[-122.10699738,54.46089993],[-122.10670947,54.46134998],[-122.1064316,54.4618424],[-122.10596565,54.46254382],[-122.10536682,54.4632545],[-122.10473486,54.46395592],[-122.10424112,54.46464844],[-122.10427677,54.4651519],[-122.10435288,54.46588038],[-122.10417664,54.46642123],[-122.10396367,54.4667463],[-122.10381769,54.4669959],[-122.10354798,54.46734056],[-122.10304882,54.46781589],[-122.10224499,54.46844432],[-122.10137602,54.4685935],[-122.10054202,54.46870103],[-122.09993288,54.46926003],[-122.09932287,54.46965881],[-122.09874399,54.47001095],[-122.09819685,54.47031644],[-122.09794797,54.47049625],[-122.09783475,54.4706554],[-122.09785751,54.4707932],[-122.09788516,54.47094309],[-122.09792804,54.4710905],[-122.09807848,54.47126532],[-122.09828988,54.47147966],[-122.09839473,54.47162422],[-122.098531,54.47175098],[-122.09840519,54.47225123],[-122.09847818,54.47273617],[-122.09894005,54.47325779],[-122.09926659,54.47377656],[-122.09946215,54.47431918],[-122.09822727,54.47433698],[-122.09671148,54.47447869],[-122.09675452,54.47463785],[-122.09678147,54.4748027],[-122.09681412,54.47494975],[-122.09687818,54.4750911],[-122.09697257,54.4752264],[-122.09707784,54.47536206],[-122.09718312,54.47548561],[-122.09727277,54.47561521],[-122.09730021,54.47576831],[-122.09729717,54.47592106],[-122.0972778,54.47608271],[-122.09724368,54.4762351],[-122.09726606,54.47648505],[-122.09740486,54.47670153],[-122.09766158,54.47688525],[-122.0975201,54.47701913],[-122.09739294,54.4771619],[-122.0973246,54.47732213],[-122.09741075,54.47751974],[-122.09765296,54.47775402],[-122.09806683,54.47796801],[-122.09848272,54.47815885],[-122.09857731,54.47829913],[-122.09875315,54.47847218],[-122.09900626,54.47867192],[-122.09911597,54.47883143],[-122.09910422,54.47896709],[-122.09897145,54.47907925],[-122.09874879,54.47916149],[-122.09850515,54.47923733],[-122.09840288,54.47927472],[-122.09826118,54.47933133],[-122.09808453,54.47942284],[-122.09803706,54.4794677],[-122.09796234,54.47957487],[-122.09789302,54.4797091],[-122.09829095,54.47999964],[-122.09879179,54.48024603],[-122.09890158,54.48062131],[-122.09901177,54.48107349],[-122.0991907,54.48152817],[-122.09951248,54.48184328],[-122.09977546,54.48212883],[-122.09997946,54.48238519],[-122.1000683,54.48254755],[-122.10011305,54.48261057],[-122.10015753,54.48270101],[-122.10021556,54.48288117],[-122.10024377,54.48300721],[-122.1002421,54.48306988],[-122.10023255,54.48326784],[-122.10020249,54.4834651],[-122.10010506,54.48368906],[-122.09991553,54.48389058],[-122.09966438,54.48408748],[-122.09909296,54.48447557],[-122.098545,54.48490889],[-122.09797245,54.48536784],[-122.0973865,54.48581184],[-122.0969209,54.48629963],[-122.09645972,54.48682872],[-122.09613345,54.48740731],[-122.09568905,54.48787552],[-122.09512434,54.48836153],[-122.09518685,54.48902699],[-122.09524452,54.48921606],[-122.09524883,54.48970171],[-122.09455988,54.49014571],[-122.09457867,54.49030451],[-122.09443914,54.49031875],[-122.09414224,54.49018772],[-122.09392327,54.48962587],[-122.09368937,54.48901489],[-122.09323356,54.48846301],[-122.09255507,54.48797058],[-122.09173751,54.48762023],[-122.0910384,54.48719047],[-122.09034306,54.48675787],[-122.08977843,54.4861654],[-122.08911731,54.48567013],[-122.08860105,54.48513285],[-122.08796284,54.48467069],[-122.08730801,54.48418326],[-122.08643227,54.48376347],[-122.08514581,54.48332517],[-122.08390341,54.48273163],[-122.08272059,54.48216337],[-122.08157514,54.48171047],[-122.08065972,54.48144877],[-122.08008981,54.48124369],[-122.07963527,54.48102756],[-122.0794526,54.48092716],[-122.07925345,54.48083601],[-122.078948,54.48077761],[-122.07856635,54.48074379],[-122.07811403,54.48072243],[-122.07775021,54.48066973],[-122.07746889,54.48059745],[-122.07725498,54.48049705],[-122.07704068,54.48040554],[-122.0767812,54.48029089],[-122.0765264,54.480162],[-122.07629395,54.47997757],[-122.07602071,54.47977782],[-122.07573211,54.47956882],[-122.07540099,54.47934557],[-122.07510449,54.4791177],[-122.07489928,54.47887914],[-122.0745574,54.47874776],[-122.07428735,54.47862279],[-122.07401414,54.47842304],[-122.07386239,54.47831409],[-122.07352798,54.47807803],[-122.07325439,54.47788718],[-122.07307195,54.47776897],[-122.07287454,54.4776326],[-122.07260204,54.47739654],[-122.07242106,54.47719751],[-122.07233185,54.47707111],[-122.07222758,54.47689059],[-122.07213776,54.47676419],[-122.07204776,54.4766556],[-122.07194257,54.47651994],[-122.07168754,54.47621231],[-122.07156738,54.4760585],[-122.0715233,54.47588439],[-122.07149452,54.47564476],[-122.07153995,54.47521359],[-122.0714645,54.47446694],[-122.07204689,54.47411303],[-122.07238414,54.47377122],[-122.07247521,54.47344116],[-122.07263241,54.4733347],[-122.07285598,54.47322646],[-122.07316189,54.47309899],[-122.07346888,54.47295443],[-122.07359627,54.47270698],[-122.07362641,54.47235342],[-122.07464838,54.4715345],[-122.07503478,54.4710492],[-122.07542069,54.47057565],[-122.07577557,54.47005617],[-122.07609836,54.46947829],[-122.07653399,54.46880785],[-122.07699482,54.46812921],[-122.07748191,54.46744274],[-122.07770655,54.46675948],[-122.07778023,54.46605806],[-122.07765653,54.46470007],[-122.07757918,54.46403425],[-122.07632742,54.46366823],[-122.07510487,54.46337627],[-122.07402085,54.46308146],[-122.07321741,54.46277062],[-122.07266399,54.46237007],[-122.07238063,54.46195633],[-122.07203473,54.46155613],[-122.0723857,54.46104947],[-122.07265371,54.46077602],[-122.07290654,54.46051432],[-122.07302817,54.4602836],[-122.0731028,54.4600365],[-122.07344836,54.45996814],[-122.07372341,54.45987449],[-122.0739263,54.45975522],[-122.07403398,54.45955227],[-122.07412136,54.45932546],[-122.07414517,54.45911575],[-122.07405685,54.45877643],[-122.07370606,54.45828543],[-122.07302075,54.45774388],[-122.07208169,54.45720944],[-122.07140646,54.45688793],[-122.07103359,54.45664439],[-122.07103552,54.45647847],[-122.0712574,54.45636453],[-122.07135073,54.45632928],[-122.07174113,54.45612562],[-122.07208469,54.45592124],[-122.0726631,54.45559332],[-122.07248359,54.45534622],[-122.0722374,54.45510161],[-122.07206921,54.45486056],[-122.07200556,54.45465334],[-122.07202265,54.45459068],[-122.07208764,54.45444754],[-122.07220071,54.45422359],[-122.07223249,54.45416092],[-122.07234382,54.45400889],[-122.07244066,54.45383905],[-122.07253724,54.45365105],[-122.0726179,54.45348976],[-122.07266602,54.4534182],[-122.07269842,54.45335553],[-122.07277892,54.4531946],[-122.07284387,54.45304221],[-122.07290963,54.45287201],[-122.07299148,54.45267476],[-122.07310378,54.45247786],[-122.07318312,54.45237959],[-122.07330996,54.45220976],[-122.07331815,54.4520182],[-122.07322173,54.45179567],[-122.0729693,54.4513684],[-122.07274059,54.45071576],[-122.07258886,54.45001149],[-122.07241348,54.44942293],[-122.07223931,54.44887319],[-122.07193715,54.44843168],[-122.07176394,54.44814969],[-122.07146264,54.44797344],[-122.07122279,54.4478328],[-122.07091358,54.44769786],[-122.07067001,54.44756398],[-122.07052937,54.447418],[-122.07042289,54.44728163],[-122.07032761,54.44716093],[-122.07018799,54.44705412],[-122.06997477,54.44693555],[-122.06974624,54.44681699],[-122.06954837,54.44670768],[-122.07003224,54.44644171],[-122.06969721,54.44626831],[-122.06948453,54.44612589],[-122.06930222,54.44598667],[-122.06930704,54.44579191],[-122.06934245,54.44558255],[-122.06955906,54.44532655],[-122.07007204,54.44490499],[-122.07088244,54.44431821],[-122.07053148,54.44413556],[-122.07035919,54.4440266],[-122.07019787,54.44390839],[-122.07003085,54.44378128],[-122.06987918,54.44366343],[-122.06977326,54.44357264],[-122.06971273,54.44352706],[-122.06962175,54.44345443],[-122.06954612,54.44339105],[-122.06944139,54.4432643],[-122.06890931,54.44329634],[-122.06853785,54.44327854],[-122.06832703,54.44321089],[-122.06818491,54.44312294],[-122.06802741,54.44303785],[-122.06779353,54.44293103],[-122.06758538,54.44281887],[-122.06717265,54.44265082],[-122.06666788,54.4424792],[-122.06605885,54.44236669],[-122.06526683,54.44231542],[-122.06435534,54.44222961],[-122.06345477,54.44219471],[-122.0625678,54.44217157],[-122.06183615,54.44224492],[-122.06114303,54.44229833],[-122.06048751,54.44233251],[-122.06005371,54.44220112],[-122.05950434,54.4421908],[-122.05883818,54.44230153],[-122.05754347,54.4422823],[-122.05675255,54.44241404],[-122.05615102,54.44256002],[-122.05576661,54.44267717],[-122.0555282,54.44274304],[-122.05535687,54.44275479],[-122.05517808,54.44277615],[-122.05473705,54.44289258],[-122.05429357,54.44309304],[-122.05384842,54.44337716],[-122.05392182,54.44352137],[-122.05307626,54.44341597],[-122.05272516,54.44350321],[-122.0522762,54.44355555],[-122.05168704,54.44364385],[-122.0509554,54.44376775],[-122.05005466,54.44405722],[-122.04993206,54.4440202],[-122.04971814,54.44392869],[-122.04953587,54.44380158],[-122.04935138,54.44370331],[-122.04912419,54.44368337],[-122.04885413,54.44374212],[-122.04853729,54.44387742],[-122.04834714,54.44394614],[-122.04820647,54.4439618],[-122.04803235,54.44399029],[-122.04778198,54.44408749],[-122.04722329,54.44445743],[-122.04702521,54.44429008],[-122.04687466,54.44411526],[-122.04690264,54.44395967],[-122.04711723,54.44377238],[-122.04749626,54.44355768],[-122.04770097,54.4432999],[-122.04771923,54.44310016],[-122.04755131,54.44295916],[-122.047365,54.44286089],[-122.04720282,54.44274873],[-122.04706539,54.44262269],[-122.04728966,54.44249166],[-122.04741977,54.44234568],[-122.047456,54.44218546],[-122.04744416,54.4420206],[-122.04742277,54.44185255],[-122.0472341,54.44169945],[-122.04713306,54.44139289],[-122.04711993,54.44093358],[-122.04642126,54.44026598],[-122.04572189,54.43961334],[-122.04486033,54.43916186],[-122.043832,54.43888022],[-122.04263705,54.43876807],[-122.04155095,54.43861354],[-122.04041534,54.43860143],[-122.03931759,54.43867478],[-122.03827361,54.43877234],[-122.0375936,54.43883857],[-122.03720707,54.43880973],[-122.03676445,54.43868048],[-122.03626652,54.43845047],[-122.03566999,54.43801146],[-122.03465281,54.43798546],[-122.03349835,54.43791319],[-122.03232655,54.43790393],[-122.03119741,54.43784981],[-122.02999952,54.43794523],[-122.02875424,54.43813572],[-122.02772447,54.43864701],[-122.02682591,54.43927366],[-122.02619031,54.4397878],[-122.02553408,54.44027488],[-122.02486575,54.44080291],[-122.02395252,54.44128963],[-122.02293596,54.44169482],[-122.02177787,54.44188317],[-122.02059676,54.44184863],[-122.01939313,54.4416674],[-122.01825258,54.44143027],[-122.01713711,54.4412145],[-122.01600422,54.44102864],[-122.01502745,54.44087875],[-122.01430594,54.44082213],[-122.01389603,54.4407616],[-122.01369469,54.44072814],[-122.01350867,54.44071461],[-122.01313649,54.44079828],[-122.0125786,54.44097951],[-122.01237618,54.44085525],[-122.01218453,54.44068897],[-122.01209573,54.44055331],[-122.01192826,54.44045291],[-122.01153573,54.44032402],[-122.01100888,54.44034467],[-122.010283,54.4406142],[-122.00944577,54.44109772],[-122.00922008,54.44107992],[-122.00900521,54.44103327],[-122.00880173,54.44094462],[-122.00858878,54.44082997],[-122.00848221,54.44077549],[-122.00817834,54.44065087],[-122.00789505,54.44059462],[-122.00764269,54.44061349],[-122.00747097,54.44063805],[-122.00735936,54.44064909],[-122.00717744,54.44053088],[-122.00691915,54.4403671],[-122.0064487,54.44004843],[-122.00623761,54.43985794],[-122.00607083,54.43973083],[-122.00517536,54.44000428],[-122.00444901,54.44028271],[-122.00376528,54.44049385],[-122.00320434,54.44079863],[-122.00254891,54.44104004],[-122.00192655,54.4412907],[-122.00140417,54.44140001],[-122.00122288,54.44154243],[-122.00087171,54.44174929],[-122.00035127,54.44202061],[-121.99956499,54.44243042],[-121.99876864,54.44283419],[-121.99797096,54.44328601],[-121.99754052,54.44365702],[-121.99715963,54.44402945],[-121.99687029,54.44444639],[-121.99648759,54.44482274],[-121.99604793,54.44514461],[-121.99550945,54.44536857],[-121.99542315,54.44596424],[-121.99523549,54.44648087],[-121.99498745,54.44694908],[-121.99477982,54.44744791],[-121.99378537,54.44789476],[-121.99302289,54.44839501],[-121.99249166,54.4489476],[-121.99144647,54.44941546],[-121.99122881,54.4494945],[-121.99118787,54.45003428],[-121.99109462,54.45056266],[-121.99022109,54.45033977],[-121.9897024,54.44988224],[-121.98892148,54.44946495],[-121.98787661,54.44908896],[-121.98671075,54.44884542],[-121.98556067,54.44855701],[-121.98489562,54.44795351],[-121.98411898,54.44756042],[-121.98323054,54.44737812],[-121.98246892,54.44700035],[-121.98181636,54.44656134],[-121.98116248,54.44612126],[-121.98050711,54.44568047],[-121.97973523,54.44529059],[-121.97973595,54.44464329],[-121.97902572,54.44405331],[-121.9785682,54.44446277],[-121.97760733,54.44467035],[-121.97642733,54.44498403],[-121.97529108,54.44539669],[-121.9747224,54.44594893],[-121.97390582,54.44645844],[-121.97301643,54.44694125],[-121.97262862,54.44641963],[-121.97210605,54.44592472],[-121.97145446,54.44548393],[-121.97065576,54.4451325],[-121.97025281,54.44460804],[-121.96976227,54.44420321],[-121.96918147,54.44387065],[-121.96861208,54.4436143],[-121.96803345,54.44333551],[-121.96739892,54.44306775],[-121.96672032,54.44287299],[-121.96596461,54.44280962],[-121.9651665,54.44206298],[-121.96437374,54.44155168],[-121.96347175,54.44139004],[-121.96246709,54.44148546],[-121.96243891,54.44076623],[-121.96143818,54.44068861],[-121.96097089,54.44068363],[-121.96063664,54.4406968],[-121.95995228,54.4405081],[-121.95930501,54.44029874],[-121.95880588,54.44011466],[-121.95841902,54.43997651],[-121.95771816,54.4396379],[-121.95712606,54.43940326],[-121.95645827,54.43924375],[-121.95557216,54.43920708],[-121.95478777,54.43918216],[-121.95410676,54.43916934],[-121.95371093,54.43909314],[-121.9533042,54.43898882],[-121.95286802,54.438882],[-121.95246096,54.43880759],[-121.95220419,54.4387816],[-121.95190734,54.43873104],[-121.95157033,54.43864416],[-121.95116656,54.43848572],[-121.95073667,54.43829238],[-121.95043131,54.43817275],[-121.95003367,54.4380435],[-121.949676,54.43796161],[-121.94934376,54.43790286],[-121.94941286,54.43761268],[-121.94939458,54.43731288],[-121.94927031,54.43702519],[-121.94912606,54.43675958],[-121.94905488,54.43652529],[-121.94904668,54.43625541],[-121.9489944,54.43600937],[-121.94890013,54.43575088],[-121.948712,54.43547957],[-121.94925552,54.43505693],[-121.94992521,54.43465139],[-121.95095524,54.43422377],[-121.95176354,54.43378049],[-121.95220609,54.43334183],[-121.95241048,54.43292311],[-121.952437,54.43268278],[-121.95243787,54.43245027],[-121.95246775,54.43229147],[-121.95249677,54.43216899],[-121.95249343,54.43208212],[-121.95248572,54.43199809],[-121.95247224,54.43191726],[-121.95247363,54.43184534],[-121.95253132,54.43159717],[-121.95265637,54.43134366],[-121.95231531,54.43120872],[-121.95204967,54.43114641],[-121.95175546,54.43107306],[-121.95143223,54.43098832],[-121.95103565,54.43080531],[-121.95065585,54.43058598],[-121.95026111,54.43036986],[-121.94989236,54.43011208],[-121.94959603,54.429834],[-121.94937238,54.42955628],[-121.94910152,54.42928141],[-121.9487997,54.42902719],[-121.94858543,54.42876763],[-121.94845872,54.42851198],[-121.94831941,54.42825313],[-121.94814285,54.42799677],[-121.947877,54.42774291],[-121.9476938,54.42747444],[-121.94758268,54.42720099],[-121.94738891,54.42694749],[-121.94693295,54.42669184],[-121.94649187,54.42646361],[-121.94605079,54.42621687],[-121.94565563,54.42599789],[-121.94523163,54.42571554],[-121.94512787,54.42560766],[-121.94504938,54.42546631],[-121.9449957,54.42529113],[-121.94489406,54.42503833],[-121.94468547,54.42477592],[-121.94493494,54.42451956],[-121.94513024,54.42425858],[-121.94520921,54.4239805],[-121.94524682,54.42370848],[-121.94524341,54.42344179],[-121.94494188,54.42319647],[-121.94456279,54.42293228],[-121.94410636,54.42277847],[-121.9435545,54.4225862],[-121.94290816,54.42235477],[-121.94193304,54.42211835],[-121.94130801,54.42152588],[-121.9409297,54.42104307],[-121.940799,54.42067064],[-121.94081563,54.42052751],[-121.94081991,54.42036871],[-121.94081125,54.42019424],[-121.94081213,54.4195651],[-121.93963263,54.41928524],[-121.93848392,54.41901428],[-121.9379005,54.41891032],[-121.93715953,54.41862441],[-121.93644227,54.41829256],[-121.93584433,54.41798458],[-121.9355115,54.41792761],[-121.93513736,54.4179123],[-121.93472008,54.41793865],[-121.93377413,54.41777451],[-121.93272699,54.41755269],[-121.93221464,54.416962],[-121.93156948,54.41641902],[-121.9313619,54.41598962],[-121.93108668,54.41569053],[-121.93076666,54.41555701],[-121.93042162,54.41552782],[-121.92986258,54.41563179],[-121.9293488,54.41570406],[-121.92899903,54.415656],[-121.92866454,54.41553921],[-121.92793926,54.41538896],[-121.92697568,54.41529354],[-121.92577501,54.41525295],[-121.92541888,54.41498733],[-121.92516958,54.41470641],[-121.92502633,54.41441053],[-121.92436543,54.41434466],[-121.92352848,54.41426917],[-121.92285527,54.41414135],[-121.92242525,54.41396404],[-121.92212841,54.4137885],[-121.92185695,54.41364537],[-121.9210467,54.41338545],[-121.92006753,54.41311378],[-121.91891771,54.41289089],[-121.91815652,54.41255158],[-121.91738223,54.4126883],[-121.91679644,54.41271002],[-121.91679793,54.41264736],[-121.91677298,54.41234329],[-121.91670266,54.41196943],[-121.91657858,54.4116205],[-121.91659882,54.41136023],[-121.91670876,54.41108856],[-121.91690826,54.41080585],[-121.91610874,54.4105349],[-121.91513501,54.41025967],[-121.91402284,54.40997696],[-121.91289916,54.40973627],[-121.91176552,54.40950128],[-121.91091924,54.40926272],[-121.91041378,54.40906369],[-121.91000022,54.40884721],[-121.90967779,54.40861364],[-121.9093862,54.40838612],[-121.90908285,54.40819456],[-121.90874392,54.40800586],[-121.90837426,54.40779899],[-121.90787961,54.40768363],[-121.90711937,54.40747605],[-121.90610281,54.40728699],[-121.90509663,54.40694624],[-121.90421142,54.40663755],[-121.90346076,54.40633027],[-121.90259387,54.40611273],[-121.90161195,54.40581613],[-121.90048433,54.40555408],[-121.8993407,54.40528704],[-121.8983283,54.40512219],[-121.89746481,54.40497656],[-121.89684318,54.40460235],[-121.89638754,54.40435561],[-121.89588927,54.40397926],[-121.89540702,54.40356446],[-121.89500565,54.40303074],[-121.89495713,54.40254473],[-121.89387595,54.40232006],[-121.89287975,54.40207046],[-121.89228691,54.40185327],[-121.89177215,54.40163786],[-121.89135185,54.40141533],[-121.8909065,54.40117428],[-121.89040957,54.40094819],[-121.89016974,54.40070322],[-121.88972005,54.40042942],[-121.88925903,54.40018267],[-121.88898707,54.40000038],[-121.88886606,54.39991848],[-121.88851959,54.39961869],[-121.88808033,54.39934488],[-121.88768803,54.39903583],[-121.88729337,54.3988254],[-121.88683666,54.39861426],[-121.88639788,54.39834082],[-121.88603539,54.39806772],[-121.88565716,54.39780353],[-121.88512593,54.39752902],[-121.88444492,54.3976337],[-121.88366986,54.39783024],[-121.88241023,54.39825892],[-121.88132326,54.39857261],[-121.88053171,54.39886386],[-121.87984393,54.3991608],[-121.87934374,54.39905256],[-121.87867286,54.39898919],[-121.87783096,54.39897138],[-121.87748062,54.39888949],[-121.87711806,54.39876808],[-121.87667801,54.39863705],[-121.87618109,54.39847968],[-121.87553851,54.39831198],[-121.87496428,54.39808802],[-121.8744399,54.39794239],[-121.87398011,54.39785124],[-121.87353051,54.39777505],[-121.87309047,54.39771381],[-121.87298174,54.39774906],[-121.8725767,54.39791391],[-121.87226379,54.39809372],[-121.8720424,54.39828848],[-121.87179842,54.39839102],[-121.87150139,54.39854982],[-121.87110565,54.39874992],[-121.87071399,54.39898598],[-121.87032815,54.39920424],[-121.86997804,54.39942856],[-121.86957132,54.39964041],[-121.86919531,54.39987042],[-121.86899153,54.40000358],[-121.86878776,54.40012749],[-121.86867311,54.40037815],[-121.86857936,54.40062596],[-121.8685228,54.400799],[-121.86844812,54.40097418],[-121.86832255,54.40117464],[-121.86808895,54.40145093],[-121.86792845,54.40169234],[-121.86778837,54.4019227],[-121.86760785,54.40215058],[-121.8673222,54.40244147],[-121.86695491,54.40273165],[-121.86668826,54.40297377],[-121.86643422,54.40317031],[-121.86622318,54.40325719],[-121.86594063,54.40332947],[-121.86558613,54.40338679],[-121.86509166,54.40344518],[-121.86468959,54.40349823],[-121.86427059,54.40360612],[-121.86383574,54.40373893],[-121.86338584,54.40385144],[-121.86287224,54.40404442],[-121.8625763,54.40414945],[-121.86240082,54.4043638],[-121.86234196,54.40445886],[-121.86225527,54.404623],[-121.86216943,54.40493669],[-121.86210017,54.4052055],[-121.86201686,54.40543872],[-121.86191671,54.40571608],[-121.86175526,54.40597529],[-121.86166101,54.40603724],[-121.86219272,54.40631212],[-121.86226913,54.40633989],[-121.86262207,54.40658877],[-121.86298129,54.40678068],[-121.86331096,54.40692168],[-121.86363621,54.40705377],[-121.86411444,54.40721079],[-121.86456917,54.40730515],[-121.8649881,54.40738704],[-121.86540625,54.40749563],[-121.86582217,54.40768541],[-121.86617183,54.40784136],[-121.86642945,54.4079966],[-121.86680761,54.40825189],[-121.86712478,54.40849756],[-121.86745678,54.40875214],[-121.86789469,54.40906191],[-121.86835487,54.40932111],[-121.86897412,54.40959349],[-121.86967228,54.40998052],[-121.87006383,54.41030061],[-121.87037919,54.41060433],[-121.87068939,54.41072681],[-121.87092548,54.41090875],[-121.87119227,54.41111419],[-121.87148886,54.41134242],[-121.87193649,54.41151155],[-121.87230357,54.41166572],[-121.87252933,54.41179354],[-121.8725536,54.41197976],[-121.87247693,54.41220549],[-121.87252266,54.41241272],[-121.87259091,54.41256618],[-121.87261725,54.41272818],[-121.87255182,54.41285066],[-121.87251764,54.41298489],[-121.87251316,54.41313159],[-121.87253731,54.41337477],[-121.87253575,54.41343744],[-121.87257966,54.41371053],[-121.87265972,54.41396902],[-121.8727672,54.41417375],[-121.87280739,54.41428092],[-121.87282906,54.41436602],[-121.87283224,54.41442904],[-121.87281069,54.41466261],[-121.87275764,54.41490473],[-121.87275046,54.4151561],[-121.87275951,54.41521307],[-121.87276293,54.41528214],[-121.87270988,54.41552426],[-121.87271925,54.41574003],[-121.87272735,54.41600991],[-121.87272564,54.41606368],[-121.87267259,54.41631505],[-121.87266465,54.41660238],[-121.87329752,54.41687619],[-121.87386146,54.4171799],[-121.87427772,54.41748539],[-121.87466742,54.41775849],[-121.87503039,54.41799953],[-121.87545511,54.41826444],[-121.87578673,54.41851901],[-121.87613425,54.41878285],[-121.87652158,54.41907695],[-121.87689501,54.41933509],[-121.87725332,54.41955726],[-121.87729177,54.41985421],[-121.87728915,54.41993503],[-121.87729996,54.42011484],[-121.87729825,54.42017786],[-121.87738434,54.42040645],[-121.87753166,54.4206653],[-121.8775017,54.42082089],[-121.8774223,54.42095904],[-121.87731958,54.4210947],[-121.87705126,54.42132613],[-121.87684382,54.42158462],[-121.87660342,54.42184027],[-121.87640796,54.42210197],[-121.87636859,54.42236224],[-121.87636853,54.42260507],[-121.87628467,54.42285573],[-121.87621733,54.42307079],[-121.87618268,54.42321143],[-121.87616175,54.42340298],[-121.87610847,54.42367216],[-121.87609386,54.42419306],[-121.87607241,54.42442663],[-121.8760522,54.42460608],[-121.87600028,54.4249924],[-121.8759752,54.4253367],[-121.87605845,54.42562297],[-121.87622197,54.42589321],[-121.87648792,54.42613925],[-121.87672967,54.42638599],[-121.87694706,54.4266338],[-121.87703428,54.42688518],[-121.87707695,54.42714153],[-121.87593919,54.42760725],[-121.87552158,54.42820542],[-121.87510983,54.42880679],[-121.87482246,54.42941315],[-121.87465515,54.430022],[-121.87457271,54.43057851],[-121.87456952,54.4308929],[-121.87485545,54.43113822],[-121.87512135,54.43139244],[-121.87533493,54.43164595],[-121.87548305,54.43188095],[-121.87573702,54.43216223],[-121.8760083,54.43239829],[-121.8763087,54.43269168],[-121.87653206,54.4329783],[-121.87592598,54.43345897],[-121.87553189,54.43397489],[-121.87534889,54.43452535],[-121.87524234,54.43477494],[-121.87513658,54.43495154],[-121.8755459,54.43521609],[-121.87546892,54.43551019],[-121.8752588,54.43592641],[-121.87479234,54.43644661],[-121.87433356,54.43698852],[-121.87410102,54.43728012],[-121.87388352,54.4375525],[-121.87371189,54.43788043],[-121.87356887,54.43815459],[-121.87310394,54.43873353],[-121.87286316,54.43895179],[-121.87250474,54.43927722],[-121.87156498,54.43973938],[-121.87141043,54.43981522],[-121.87109062,54.44042051],[-121.87076187,54.44097773],[-121.8705658,54.44156308],[-121.87051136,54.44222462],[-121.8705575,54.44280926],[-121.87064472,54.44355626],[-121.87069164,54.44409568],[-121.87063967,54.44479034],[-121.8705735,54.44538886],[-121.87036173,54.44586027],[-121.87027448,54.44628896],[-121.86992856,54.44673011],[-121.86958658,54.4472592],[-121.8689882,54.44781963],[-121.86864804,54.44835406],[-121.86830518,54.44879521],[-121.86821876,54.44919969],[-121.86801554,54.44966327],[-121.86782386,54.45020767],[-121.86735988,54.45057191],[-121.86674142,54.45087171],[-121.8673359,54.45113768],[-121.86778329,54.45132461],[-121.86820993,54.45156032],[-121.86864329,54.45183305],[-121.86826757,54.45239277],[-121.86810585,54.45285279],[-121.86774103,54.45314973],[-121.86738372,54.45350187],[-121.86668971,54.45404663],[-121.86602178,54.45459459],[-121.86563303,54.45451626],[-121.86533196,54.45444434],[-121.86524038,54.45439877],[-121.86478289,54.45420578],[-121.86437104,54.45404912],[-121.86392887,54.45385614],[-121.86351778,54.45366352],[-121.8633192,54.45358981],[-121.86307561,54.45347054],[-121.86255662,54.45327684],[-121.86214418,54.45312944],[-121.86168223,54.45309811],[-121.86122054,54.45306357],[-121.86075894,54.45302618],[-121.86031249,54.45298915],[-121.85987535,54.45299414],[-121.85944768,54.45304078],[-121.85898242,54.45312623],[-121.85853971,54.45315116],[-121.85810198,54.45316006],[-121.85765569,54.45313193],[-121.85724279,54.45300802],[-121.85683072,54.45285457],[-121.85639912,54.45264948],[-121.85599363,54.452433],[-121.85558315,54.45221937],[-121.85524186,54.4521154],[-121.854827,54.4520684],[-121.85438481,54.45205523],[-121.85387201,54.45194343],[-121.85342093,54.45177644],[-121.8529889,54.45159877],[-121.85258259,54.4514211],[-121.85247561,54.45139297],[-121.85203095,54.45129007],[-121.85177545,54.45105401],[-121.8514138,54.45086459],[-121.85096389,54.4506595],[-121.850342,54.450474],[-121.84903782,54.45022797],[-121.84890059,54.45009872],[-121.84866902,54.44987583],[-121.84837053,54.44952263],[-121.8481289,54.44909572],[-121.84786938,54.44898855],[-121.84753355,54.44887426],[-121.84708818,54.44880732],[-121.84673557,54.44873184],[-121.84622854,54.44864603],[-121.84581685,54.44848936],[-121.84550255,54.44833662],[-121.8453144,54.44825117],[-121.84423779,54.44858123],[-121.84312359,54.44882334],[-121.84308884,54.44842848],[-121.84312976,54.44805925],[-121.84231659,54.44773987],[-121.84168098,54.44749313],[-121.8411679,54.44732543],[-121.84074033,54.44716877],[-121.84027572,54.44700747],[-121.83983426,54.44679634],[-121.8394237,54.44658591],[-121.83910466,54.44642106],[-121.83878702,54.44621099],[-121.838453,54.44601907],[-121.83808791,54.44583606],[-121.83772515,54.44558077],[-121.83736317,54.44528952],[-121.83715726,54.4450499],[-121.83699085,54.44481882],[-121.83655922,54.4448174],[-121.83578955,54.44475936],[-121.83504609,54.44458027],[-121.83448091,54.44438123],[-121.83409493,54.44416155],[-121.83388576,54.44404369],[-121.83363386,54.44391765],[-121.83334893,54.44382187],[-121.83308861,54.44375351],[-121.83285962,54.4436823],[-121.83240202,54.44349822],[-121.83105172,54.44326928],[-121.82988347,54.4431322],[-121.82979843,54.44304639],[-121.82975014,54.44295133],[-121.82892681,54.44291928],[-121.82816273,54.44291786],[-121.8276779,54.44261058],[-121.82734721,54.44231684],[-121.82687265,54.44217727],[-121.82648111,54.44204482],[-121.82618614,54.44192198],[-121.82591711,54.44181445],[-121.82560616,54.44171547],[-121.82520808,54.44161293],[-121.82475776,54.44154243],[-121.824317,54.4415054],[-121.82388583,54.44147407],[-121.82347183,54.44140713],[-121.82297899,54.44137544],[-121.82247669,54.44131669],[-121.82198084,54.44123088],[-121.82169428,54.44101227],[-121.82130423,54.44079899],[-121.82088856,54.44060921],[-121.82045598,54.4404611],[-121.81998871,54.44026776],[-121.81954653,54.44008368],[-121.8191351,54.43991776],[-121.8186765,54.43978744],[-121.8182487,54.43963043],[-121.81772844,54.43949975],[-121.81751399,54.4394435],[-121.817038,54.439373],[-121.81659683,54.4393527],[-121.81615997,54.4393495],[-121.81535238,54.43884141],[-121.81473105,54.43846079],[-121.81440267,54.43820194],[-121.81418058,54.43793704],[-121.81414527,54.43768389],[-121.8141493,54.43743038],[-121.81404006,54.43705581],[-121.81364526,54.43666344],[-121.81296551,54.43625327],[-121.81253896,54.4357726],[-121.8120485,54.43542936],[-121.81149427,54.43522321],[-121.81102491,54.4351018],[-121.81061149,54.4350167],[-121.81018598,54.43497077],[-121.80974963,54.43494549],[-121.80929897,54.43490098],[-121.80884363,54.4348376],[-121.80839576,54.4347963],[-121.80790488,54.43476853],[-121.80724127,54.43479488],[-121.80609765,54.43489244],[-121.80496685,54.43505978],[-121.80389072,54.43495047],[-121.80364113,54.43469625],[-121.80326149,54.43438079],[-121.80263017,54.43406818],[-121.80201942,54.43374559],[-121.80142635,54.43346396],[-121.80098137,54.43321401],[-121.80041703,54.4328957],[-121.79973435,54.43261726],[-121.79963626,54.43228364],[-121.79956908,54.43194148],[-121.79949017,54.43148252],[-121.79831868,54.43147968],[-121.79755133,54.431537],[-121.79691406,54.43153451],[-121.79614847,54.43135933],[-121.79594938,54.43131233],[-121.79557078,54.43126569],[-121.79517692,54.43119661],[-121.79472425,54.43103959],[-121.79391618,54.43090572],[-121.79324224,54.43070206],[-121.79256057,54.43046243],[-121.79187162,54.43018721],[-121.79093367,54.42987103],[-121.78991003,54.42961004],[-121.78908925,54.42938929],[-121.78855376,54.42924723],[-121.78804008,54.42908202],[-121.78741321,54.42883527],[-121.78676633,54.42853299],[-121.78620489,54.4282339],[-121.78559713,54.4279252],[-121.78505853,54.42772688],[-121.78440205,54.42751753],[-121.78351938,54.42730496],[-121.78345326,54.42692683],[-121.78323636,54.42644545],[-121.78314348,54.42594093],[-121.7831743,54.42541397],[-121.78294834,54.42524093],[-121.78289487,54.42496178],[-121.78277779,54.42457226],[-121.78238691,54.42423971],[-121.78172207,54.42396448],[-121.78101925,54.42371168],[-121.78044333,54.4234361],[-121.77938467,54.42378503],[-121.77930436,54.42337058],[-121.77922489,54.42292943],[-121.77840545,54.42302913],[-121.77694131,54.42301133],[-121.77570564,54.4231007],[-121.77464212,54.42293513],[-121.77375207,54.42279129],[-121.77311228,54.42260293],[-121.77250954,54.42243488],[-121.77194249,54.42219953],[-121.77133694,54.42196275],[-121.77088287,54.42166759],[-121.77038505,54.42143081],[-121.76982845,54.42120721],[-121.76952119,54.42099749],[-121.76921555,54.42073971],[-121.76883636,54.42042318],[-121.768382,54.42009597],[-121.76783447,54.4198478],[-121.76753559,54.41953626],[-121.76709016,54.4192621],[-121.76663219,54.41894663],[-121.76616153,54.41859022],[-121.76529101,54.41877324],[-121.76432999,54.41879353],[-121.76327743,54.41865075],[-121.76278371,54.41829007],[-121.76218061,54.4180654],[-121.76149108,54.41793936],[-121.7607552,54.41785889],[-121.76005092,54.41781688],[-121.75944109,54.41788845],[-121.75882844,54.41797781],[-121.75832382,54.4180298],[-121.75784164,54.41800487],[-121.75742774,54.41792547],[-121.75643344,54.41785854],[-121.75537996,54.41786851],[-121.75430453,54.41825304],[-121.75381133,54.41825696],[-121.75322526,54.41827761],[-121.75266578,54.41843392],[-121.75205416,54.41810706],[-121.75148736,54.41775635],[-121.75096599,54.4173857],[-121.75048916,54.41702716],[-121.74997408,54.41678718],[-121.74941837,54.41663941],[-121.74881686,54.41655432],[-121.74819295,54.41651195],[-121.74752788,54.41643326],[-121.74675982,54.41633535],[-121.74599165,54.41631754],[-121.74525437,54.41635279],[-121.74471352,54.41639196],[-121.7439314,54.41638306],[-121.74320079,54.41637131],[-121.74262805,54.41627838],[-121.74209883,54.41628479],[-121.74166878,54.41623743],[-121.74117492,54.4163122],[-121.74058207,54.41627802],[-121.73988028,54.41627268],[-121.73914953,54.41614735],[-121.73845331,54.41600315],[-121.73826869,54.41567166],[-121.73814632,54.41529603],[-121.73808759,54.41487589],[-121.73781856,54.41425386],[-121.73751267,54.41378921],[-121.7371398,54.41350188],[-121.73685604,54.41331709],[-121.7366552,54.41316826],[-121.7363916,54.41289588],[-121.73606093,54.41262564],[-121.73560668,54.41235148],[-121.73527206,54.41211719],[-121.73491711,54.41190677],[-121.73435439,54.41171806],[-121.73366993,54.41153718],[-121.73296494,54.41146562],[-121.73221988,54.4114261],[-121.73150492,54.41146348],[-121.7304599,54.41148057],[-121.72974188,54.41144603],[-121.72935025,54.41135987],[-121.72856931,54.41137874],[-121.72781243,54.41143642],[-121.72707988,54.41153362],[-121.72658657,54.41143464],[-121.72602944,54.41128902],[-121.72521822,54.41095682],[-121.72458012,54.41065346],[-121.72409328,54.41045051],[-121.72400307,54.41037788],[-121.72342752,54.40990433],[-121.72297044,54.40940514],[-121.72263244,54.40888032],[-121.72202497,54.40891557],[-121.72147658,54.40888602],[-121.72107048,54.40878775],[-121.72056687,54.40867167],[-121.71993692,54.4085759],[-121.71922675,54.40854955],[-121.71853736,54.40859121],[-121.7179075,54.40869517],[-121.71742861,54.40874716],[-121.71694796,54.40882905],[-121.71646235,54.40876994],[-121.71571363,54.40872401],[-121.71490004,54.40874217],[-121.71402078,54.40882478],[-121.71353483,54.40892447],[-121.71313808,54.40896827],[-121.71204422,54.40895652],[-121.71091652,54.40905229],[-121.71112034,54.40921145],[-121.71108257,54.40938876],[-121.71080198,54.40958424],[-121.71045917,54.40983027],[-121.7101351,54.41005067],[-121.70983115,54.41024507],[-121.70911436,54.41050712],[-121.7086579,54.41070189],[-121.70833577,54.41097427],[-121.70814894,54.41132355],[-121.70797502,54.41173016],[-121.70756524,54.41202248],[-121.70691899,54.41220051],[-121.70624836,54.41196551],[-121.70546243,54.41165148],[-121.70456058,54.41125839],[-121.70391988,54.411435],[-121.70318361,54.41159095],[-121.702067,54.41166287],[-121.70106559,54.41180494],[-121.69999703,54.41197014],[-121.69886117,54.41215885],[-121.69775812,54.41244334],[-121.69665395,54.41276414],[-121.69546855,54.41272426],[-121.69370241,54.41253449],[-121.69313404,54.41215066],[-121.69252796,54.41183556],[-121.69188357,54.41158917],[-121.69143115,54.41165112],[-121.69101006,54.41160056],[-121.69057787,54.41135702],[-121.69004535,54.41114481],[-121.68941238,54.41096287],[-121.68844422,54.41072467],[-121.68727945,54.4105235],[-121.68730405,54.41023617],[-121.68718388,54.40976048],[-121.68692991,54.40924919],[-121.68654133,54.40871191],[-121.68615243,54.40818317],[-121.68501975,54.4079464],[-121.68397494,54.40763841],[-121.68307752,54.40733185],[-121.68245043,54.40696939],[-121.68182059,54.40659197],[-121.68131948,54.40615011],[-121.68081918,54.40568048],[-121.68045784,54.40510118],[-121.6802069,54.40469991],[-121.67995587,54.40435881],[-121.67983854,54.40402092],[-121.67959126,54.4036784],[-121.67960727,54.40328318],[-121.6796226,54.40291288],[-121.67976882,54.40257392],[-121.67952709,54.4022079],[-121.67916176,54.40175856],[-121.67854167,54.4012252],[-121.67792538,54.40065124],[-121.67715631,54.40013959],[-121.67637936,54.39969951],[-121.67573909,54.39933705],[-121.67523309,54.39894397],[-121.6748621,54.39850567],[-121.67410128,54.39869188],[-121.67349377,54.39879514],[-121.67296162,54.39872749],[-121.6725056,54.39848858],[-121.67239324,54.39816386],[-121.6722951,54.39800684],[-121.67212695,54.3978192],[-121.67185704,54.39758385],[-121.67150128,54.39736203],[-121.67105993,54.39715445],[-121.67059782,54.39698461],[-121.67013522,54.39684184],[-121.66986169,54.39678095],[-121.6696355,54.39674036],[-121.66938149,54.39649077],[-121.66919954,54.39624011],[-121.66908965,54.39598838],[-121.66902057,54.39574484],[-121.66889056,54.39549168],[-121.66868422,54.39520186],[-121.66850689,54.39496615],[-121.66825492,54.39466671],[-121.66809272,54.39443136],[-121.66790162,54.39415079],[-121.66761772,54.3938777],[-121.66730267,54.39362277],[-121.66696178,54.39336819],[-121.66665743,54.39310613],[-121.66652908,54.39293024],[-121.66645213,54.39278426],[-121.66642482,54.39266926],[-121.66645067,54.39240079],[-121.66655144,54.39214729],[-121.66672651,54.39190873],[-121.66694961,54.3916773],[-121.66653453,54.39149607],[-121.66608505,54.39128137],[-121.66559994,54.3910332],[-121.66576997,54.39053472],[-121.66579926,54.38995578],[-121.66571311,54.38944164],[-121.66551231,54.38899195],[-121.66506834,54.38890614],[-121.66460809,54.38885629],[-121.66416312,54.38880645],[-121.66325392,54.38924083],[-121.66227234,54.38963925],[-121.66164991,54.38983294],[-121.66129005,54.39001702],[-121.66100146,54.39020039],[-121.66075239,54.39044927],[-121.66049772,54.39068925],[-121.66022943,54.39089576],[-121.65973499,54.39110334],[-121.65901428,54.39131092],[-121.65873505,54.39137679],[-121.65836212,54.39148325],[-121.65795378,54.3917275],[-121.65757502,54.39199596],[-121.65749012,54.39223772],[-121.65742951,54.39247984],[-121.6573302,54.39273014],[-121.65709582,54.39299718],[-121.65686755,54.39323431],[-121.65666439,54.39347785],[-121.65644206,54.39372317],[-121.65615764,54.39395354],[-121.65580976,54.39416931],[-121.65540332,54.39436264],[-121.655229,54.39451361],[-121.65508516,54.39465567],[-121.65493606,54.39482195],[-121.65469202,54.39500674],[-121.65440528,54.39519652],[-121.65420204,54.39528411],[-121.6540397,54.39538095],[-121.65390107,54.39549631],[-121.65375958,54.39562948],[-121.6536635,54.39573629],[-121.65356745,54.39586127],[-121.65345573,54.39597663],[-121.65321684,54.39620771],[-121.65305622,54.39641279],[-121.65281742,54.39665277],[-121.65259375,54.39689311],[-121.65238446,54.3971783],[-121.65233569,54.39724952],[-121.65225371,54.3974044],[-121.65217001,54.39759809],[-121.65199206,54.39785694],[-121.65179651,54.39803746],[-121.65150228,54.39823792],[-121.65146873,54.3983223],[-121.65139032,54.39846828],[-121.65126706,54.39867586],[-121.65096606,54.39908069],[-121.65061459,54.39947449],[-121.65027486,54.39997082],[-121.64986634,54.40036497],[-121.64941624,54.40078511],[-121.64909478,54.40061279],[-121.64859375,54.40059213],[-121.64778908,54.40070999],[-121.64689008,54.40097382],[-121.64599011,54.40128003],[-121.64532852,54.40165816],[-121.64479449,54.40202774],[-121.64438469,54.40246355],[-121.64387218,54.40279645],[-121.64323969,54.40308272],[-121.64248668,54.40333516],[-121.64197493,54.40360007],[-121.64158441,54.4038582],[-121.64144459,54.40414518],[-121.64117445,54.40445174],[-121.64103081,54.40486654],[-121.64078894,54.40533546],[-121.64048478,54.40584711],[-121.63999623,54.40622916],[-121.63941844,54.40650047],[-121.63854586,54.4066493],[-121.63738582,54.40678887],[-121.63657425,54.40710326],[-121.63575665,54.40742656],[-121.63493468,54.40775911],[-121.63414168,54.40812763],[-121.6334553,54.4084203],[-121.63289971,54.40871583],[-121.63247483,54.40897147],[-121.63208569,54.40923958],[-121.63169658,54.40951409],[-121.63130725,54.40979431],[-121.63018931,54.40974268],[-121.62905904,54.40975372],[-121.62791626,54.40982778],[-121.62674872,54.40987121],[-121.62558544,54.40979894],[-121.62442434,54.40966221],[-121.62338713,54.40954828],[-121.62247795,54.40948988],[-121.62169601,54.40953296],[-121.62078371,54.40956964],[-121.61974183,54.40959955],[-121.61857544,54.40962233],[-121.61741666,54.40956394],[-121.61639493,54.40939767],[-121.61548781,54.40918546],[-121.61471371,54.4089818],[-121.61382082,54.40875891],[-121.61279693,54.40854919],[-121.61163844,54.40832915],[-121.61048667,54.408217],[-121.60934145,54.40821308],[-121.60828135,54.40807386],[-121.6073596,54.4078994],[-121.60657475,54.40771354],[-121.60578952,54.40755189],[-121.60460266,54.40771176],[-121.6034193,54.40792005],[-121.6022547,54.40804431],[-121.60131877,54.40817534],[-121.60046521,54.40826008],[-121.59992635,54.40823907],[-121.59939331,54.40836155],[-121.59892187,54.40842208],[-121.59837755,54.40846979],[-121.59760453,54.40854456],[-121.59698568,54.40861542],[-121.59632183,54.4086026],[-121.59573909,54.40853709],[-121.59523596,54.40841816],[-121.5947982,54.40846694],[-121.59409883,54.40849187],[-121.59313801,54.40849258],[-121.5920015,54.40838968],[-121.59096681,54.40835764],[-121.59006784,54.40821415],[-121.58930444,54.40795957],[-121.58854352,54.40767508],[-121.58738756,54.40738383],[-121.58621837,54.40719335],[-121.58503472,54.40710362],[-121.58387852,54.40702315],[-121.58271523,54.40689675],[-121.58178532,54.40706552],[-121.58124447,54.40710718],[-121.58039246,54.40723785],[-121.58037484,54.40774095],[-121.58036196,54.40812763],[-121.58060502,54.40857483],[-121.58085132,54.4089672],[-121.58123127,54.40932005],[-121.58135567,54.4096323],[-121.58160817,54.40996486],[-121.5818585,54.41030204],[-121.58210108,54.41070367],[-121.58234236,54.4111587],[-121.58258139,54.41166785],[-121.58308727,54.41239491],[-121.58385382,54.41295712],[-121.58475566,54.41337904],[-121.58554435,54.41373082],[-121.58608814,54.41410895],[-121.58487396,54.41431332],[-121.58382809,54.41445396],[-121.58303669,54.41466225],[-121.58263088,54.41494816],[-121.58248794,54.41528001],[-121.58233692,54.41597822],[-121.58206129,54.41662019],[-121.58166229,54.41717598],[-121.58139048,54.41769689],[-121.58124614,54.41821352],[-121.58125035,54.41854607],[-121.58123494,54.41898651],[-121.58121867,54.41946255],[-121.58133295,54.41985635],[-121.58157798,54.42020385],[-121.58195354,54.42049902],[-121.58232847,54.42078778],[-121.5826957,54.42131367],[-121.58301235,54.42162486],[-121.58316143,54.42200726],[-121.58325667,54.42243381],[-121.58336723,54.42285253],[-121.58358504,54.42323849],[-121.58387686,54.42371809],[-121.58408607,54.42434973],[-121.58406346,54.42455624],[-121.5843657,54.42489556],[-121.58455351,54.42530893],[-121.58475994,54.42573085],[-121.58498457,54.42616097],[-121.58534209,54.42658182],[-121.58564331,54.4270365],[-121.58588849,54.42752571],[-121.58602787,54.42794977],[-121.58628649,54.4284924],[-121.58662371,54.42899941],[-121.58657126,54.4296282],[-121.58658341,54.42972719],[-121.58648742,54.43006366],[-121.58648478,54.43035526],[-121.5869246,54.4307576],[-121.58753565,54.43107057],[-121.58831767,54.43129346],[-121.58887833,54.43142876],[-121.58928774,54.43162922],[-121.5896221,54.4319137],[-121.58988202,54.43228222],[-121.59002914,54.43277855],[-121.59010125,54.4332197],[-121.59012752,54.43371924],[-121.59002654,54.43421345],[-121.5897938,54.43469625],[-121.58955674,54.43517265],[-121.58955851,54.43556823],[-121.58904665,54.43564905],[-121.58854359,54.43578399],[-121.58804874,54.43597306],[-121.58766319,54.43628496],[-121.58729044,54.43659828],[-121.5867957,54.43693796],[-121.5862402,54.43730006],[-121.58555546,54.43763368],[-121.5848892,54.43802427],[-121.58434879,54.4384024],[-121.5838089,54.43880545],[-121.58340009,54.43922524],[-121.58298341,54.43963185],[-121.58283928,54.44003953],[-121.58285038,54.44051415],[-121.5822838,54.43995016],[-121.58177408,54.43953073],[-121.58106346,54.43911807],[-121.57994607,54.43888022],[-121.57877629,54.43866268],[-121.57804684,54.43860998],[-121.57742696,54.43859894],[-121.57631403,54.43873139],[-121.57521972,54.43881257],[-121.57442736,54.43882717],[-121.57371367,54.43891262],[-121.57279443,54.43908353],[-121.5718715,54.43931817],[-121.57107036,54.4394346],[-121.57038207,54.43941929],[-121.56970649,54.4393406],[-121.56920916,54.43930464],[-121.56873595,54.43936303],[-121.5683366,54.43947127],[-121.5679551,54.43959233],[-121.56793712,54.43948231],[-121.56787112,54.43934558],[-121.567704,54.4391818],[-121.56730662,54.43898953],[-121.5667194,54.43882468],[-121.56599755,54.43868831],[-121.56546182,54.43872997],[-121.56492422,54.43881329],[-121.56438502,54.43893897],[-121.56378816,54.43911166],[-121.56315645,54.43923877],[-121.56196292,54.43912376],[-121.56069238,54.43885388],[-121.55934531,54.43842946],[-121.55898001,54.43829915],[-121.55819025,54.43794843],[-121.55757493,54.43766537],[-121.55698274,54.43735276],[-121.55649851,54.43709818],[-121.55600423,54.43692336],[-121.55557094,54.43677239],[-121.55519866,54.43664528],[-121.5545176,54.43656802],[-121.55391085,54.43644091],[-121.55351459,54.43644518],[-121.55305396,54.43643664],[-121.55255007,54.43639783],[-121.55206507,54.43630205],[-121.55159999,54.43623547],[-121.55119038,54.43619274],[-121.55086506,54.43609589],[-121.55048788,54.43599869],[-121.55008605,54.43587977],[-121.54971093,54.43574055],[-121.5493722,54.43556573],[-121.54901262,54.43542474],[-121.54863175,54.43529905],[-121.54823321,54.4352225],[-121.54789625,54.43515556],[-121.54778189,54.43491131],[-121.54762048,54.43467596],[-121.54740152,54.4344666],[-121.54715656,54.43432275],[-121.54688218,54.43419066],[-121.54654698,54.4340785],[-121.54601483,54.43400622],[-121.5455428,54.43398949],[-121.5450903,54.43399234],[-121.54477604,54.43401228],[-121.54423888,54.43394285],[-121.54374958,54.43383817],[-121.5434526,54.433658],[-121.5430075,54.43345185],[-121.54241473,54.43322006],[-121.54215136,54.43325282],[-121.54173032,54.43323573],[-121.54136198,54.43319514],[-121.54105997,54.4331606],[-121.54075752,54.43313995],[-121.5404431,54.43316024],[-121.54011002,54.43312927],[-121.53974181,54.43308583],[-121.53933786,54.43302993],[-121.53891233,54.43300678],[-121.53850638,54.4330018],[-121.53812311,54.43293451],[-121.53775584,54.43285795],[-121.53744937,54.43280953],[-121.53714166,54.43274687],[-121.53684785,54.43267031],[-121.53660341,54.43255531],[-121.53636841,54.43243069],[-121.53617308,54.4322726],[-121.53593907,54.43206289],[-121.53572624,54.43184463],[-121.53556209,54.43168405],[-121.53535631,54.43154163],[-121.53512531,54.43140597],[-121.53493155,54.43121477],[-121.5341209,54.43141879],[-121.53348749,54.4314989],[-121.53303977,54.43142556],[-121.53267922,54.43125964],[-121.53235038,54.43111472],[-121.5320257,54.43099082],[-121.53181232,54.4309164],[-121.53136617,54.4308929],[-121.53103716,54.43090394],[-121.53068656,54.43092957],[-121.53036117,54.43097052],[-121.53002003,54.43102927],[-121.52959772,54.4309164],[-121.52908954,54.43075725],[-121.52841792,54.43056961],[-121.52780171,54.43040333],[-121.52702717,54.43022886],[-121.52639488,54.43003446],[-121.52595726,54.42977134],[-121.52558501,54.42946442],[-121.52507703,54.42919738],[-121.52430329,54.42909128],[-121.52339263,54.42912083],[-121.52277805,54.42919738],[-121.52256041,54.42924865],[-121.52226455,54.42934372],[-121.52198419,54.42941244],[-121.52185567,54.42942276],[-121.52165705,54.42946228],[-121.52142541,54.42952246],[-121.52100435,54.42966096],[-121.52067781,54.42972897],[-121.52018112,54.42982154],[-121.51960107,54.42994936],[-121.5189422,54.4300341],[-121.51825438,54.43009463],[-121.51755092,54.43009499],[-121.51702631,54.43010674],[-121.51625425,54.43013309],[-121.51534516,54.43012169],[-121.51464473,54.43002627],[-121.5140741,54.42989061],[-121.51347256,54.4296015],[-121.51283918,54.42936294],[-121.51217273,54.42917495],[-121.51185336,54.42905425],[-121.51159555,54.42894316],[-121.51140163,54.42875516],[-121.51120179,54.42860562],[-121.51098237,54.4284664],[-121.51077463,54.42828695],[-121.51057902,54.42806763],[-121.51039549,54.42774504],[-121.51023109,54.42745842],[-121.51017227,54.42717892],[-121.51015558,54.42688411],[-121.51013561,54.42658716],[-121.50997199,54.42633258],[-121.50970983,54.42610649],[-121.50956439,54.42600893],[-121.50934704,54.42590425],[-121.50857937,54.42567424],[-121.50766756,54.42545527],[-121.50689194,54.42531071],[-121.50639648,54.42522989],[-121.50605317,54.4253424],[-121.50534351,54.42512699],[-121.50467328,54.42484891],[-121.50399283,54.42449286],[-121.50354856,54.4242689],[-121.50279307,54.42399261],[-121.50202134,54.42369245],[-121.50125102,54.42331433],[-121.50042529,54.42284897],[-121.49964649,54.42223406],[-121.49911951,54.42197165],[-121.49869538,54.42167684],[-121.49834207,54.42136174],[-121.4978859,54.42105838],[-121.4973261,54.42076713],[-121.49669333,54.42036372],[-121.49664952,54.42016148],[-121.49655619,54.4199126],[-121.49648011,54.41959109],[-121.49625838,54.41919979],[-121.49591995,54.41880813],[-121.49546499,54.41841576],[-121.49492252,54.41807644],[-121.49449871,54.41782258],[-121.49411256,54.41761713],[-121.49371279,54.41730345],[-121.49324201,54.41697695],[-121.49283842,54.4167683],[-121.49256134,54.4166298],[-121.49223481,54.41647812],[-121.49190007,54.41630116],[-121.49144398,54.41599282],[-121.49102353,54.41568804],[-121.49037508,54.41530529],[-121.49010218,54.4150443],[-121.48991373,54.41466831],[-121.48977188,54.41425208],[-121.48963183,54.41377782],[-121.48942703,54.41342996],[-121.48892019,54.4131088],[-121.48830747,54.4127296],[-121.48783445,54.41232548],[-121.48745753,54.41223255],[-121.48698894,54.41212004],[-121.48642902,54.41198723],[-121.4857299,54.41186155],[-121.48508372,54.41169776],[-121.48418539,54.41158062],[-121.4833696,54.41152045],[-121.48262667,54.41146918],[-121.48192966,54.41142431],[-121.4811639,54.41129471],[-121.48060162,54.41121602],[-121.48018897,54.41113271],[-121.47926604,54.4110882],[-121.47839627,54.41099349],[-121.47757984,54.41084822],[-121.47721778,54.41104156],[-121.47675414,54.41121816],[-121.47617126,54.41143464],[-121.47546031,54.41162442],[-121.47443414,54.41173444],[-121.47382645,54.41190641],[-121.47337315,54.41208052],[-121.47234897,54.41222116],[-121.47129934,54.4123148],[-121.47127904,54.41245829],[-121.47128616,54.41268332],[-121.47127361,54.41300661],[-121.47125471,54.41352787],[-121.47124479,54.41420188],[-121.47121693,54.41495635],[-121.47055533,54.41524582],[-121.47002217,54.41558835],[-121.47000334,54.41609145],[-121.46985637,54.41671775],[-121.46970865,54.41723723],[-121.4694295,54.41760538],[-121.46928539,54.41797781],[-121.46887555,54.41837125],[-121.46832896,54.41882985],[-121.46752603,54.41928702],[-121.46673669,54.4196445],[-121.46608684,54.41999556],[-121.46544503,54.42031031],[-121.46479782,54.42066352],[-121.46398999,54.42110253],[-121.463841,54.42166082],[-121.46369685,54.42212369],[-121.46368866,54.42247404],[-121.46394264,54.42279164],[-121.46327485,54.42319469],[-121.46273914,54.4236483],[-121.46272199,54.42409764],[-121.46270035,54.42467267],[-121.46334786,54.42500451],[-121.46373461,54.42536875],[-121.46386226,54.42576575],[-121.46451145,54.42603991],[-121.46489292,54.4264102],[-121.46500772,54.42687699],[-121.46499796,54.42754209],[-121.46497707,54.42809896],[-121.46378043,54.42835354],[-121.46376008,54.4289015],[-121.46376015,54.4289104],[-121.46375328,54.42950359],[-121.46359027,54.42987602],[-121.46355895,54.43024311],[-121.46354987,54.43059168],[-121.46361032,54.43098085],[-121.46368085,54.43142627],[-121.46337514,54.43177306],[-121.46308252,54.43217362],[-121.46280388,54.43262866],[-121.46291104,54.43305236],[-121.46301811,54.43348532],[-121.46315308,54.434008],[-121.46327476,54.43445022],[-121.46339604,54.43491914],[-121.46342348,54.43552158],[-121.46318169,54.43607596],[-121.46267099,54.43658155],[-121.46213506,54.43706934],[-121.46173939,54.43757636],[-121.46184707,54.43800042],[-121.46181255,54.43836929],[-121.46150339,54.43870789],[-121.46078346,54.43899345],[-121.45993098,54.43928221],[-121.45907923,54.43956812],[-121.45848605,54.43985616],[-121.45789366,54.44015418],[-121.45730327,54.44046216],[-121.45657893,54.44072849],[-121.45550413,54.44114009],[-121.45439777,54.4414438],[-121.45324232,54.44159263],[-121.45207006,54.44169553],[-121.4512076,54.44179843],[-121.45062892,54.44188388],[-121.45027821,54.44178027],[-121.44946599,54.441635],[-121.44832893,54.44153958],[-121.44806437,54.44200351],[-121.44791878,54.44246318],[-121.44779855,54.44291714],[-121.44778797,54.44329349],[-121.44792937,54.44362177],[-121.4482238,54.44390234],[-121.44749526,54.44413342],[-121.44683345,54.44437874],[-121.44629608,54.44462762],[-121.44598594,54.44494095],[-121.44590333,54.44531943],[-121.44588104,54.44591048],[-121.44594118,54.44648265],[-121.44635742,54.44699216],[-121.44690129,54.44747141],[-121.44658089,54.44778189],[-121.44648413,54.44812441],[-121.446322,54.44851571],[-121.44552441,54.44876317],[-121.44465399,54.44898855],[-121.44407424,54.4491769],[-121.44370698,54.4494208],[-121.44355146,54.44972059],[-121.44350316,54.45004353],[-121.44334984,54.45041881],[-121.44324941,54.45064241],[-121.44261752,54.4510209],[-121.44210016,54.45143036],[-121.44166147,54.45182629],[-121.44100623,54.45194378],[-121.44030938,54.45210258],[-121.43953274,54.45228631],[-121.43872291,54.45244439],[-121.43835939,54.45258859],[-121.43785009,54.45281682],[-121.43740401,54.45309775],[-121.43700994,54.45341108],[-121.43672913,54.45376713],[-121.43591376,54.45370553],[-121.43497691,54.45378137],[-121.43394506,54.45408864],[-121.4328871,54.45458925],[-121.43197593,54.4551187],[-121.43119141,54.45563676],[-121.43065803,54.45614698],[-121.4302709,54.45670919],[-121.43003641,54.45733833],[-121.4297792,54.45787455],[-121.42934461,54.45825517],[-121.42889965,54.45859306],[-121.42830369,54.45885405],[-121.42789335,54.45931015],[-121.4273574,54.45978441],[-121.42697632,54.46033772],[-121.42658493,54.46084687],[-121.42634647,54.461434],[-121.42617967,54.46180145],[-121.42599645,54.4621105],[-121.42593895,54.46239855],[-121.42576594,54.46275069],[-121.42575036,54.46319717],[-121.42560437,54.46365648],[-121.42544755,54.46408303],[-121.42516362,54.4645167],[-121.42489767,54.46500165],[-121.42472153,54.46534488],[-121.42453559,54.4656429],[-121.42447811,54.46593094],[-121.42430046,54.46626706],[-121.42413953,54.4666726],[-121.42398189,54.46706604],[-121.42380509,54.46738613],[-121.42374641,54.46765993],[-121.42356281,54.46797112],[-121.42353662,54.46838842],[-121.42338734,54.46883277],[-121.42336189,54.46923689],[-121.42344284,54.4695406],[-121.42377238,54.46979554],[-121.42305622,54.47008892],[-121.4224695,54.47036771],[-121.42201634,54.47065042],[-121.42169184,54.47091888],[-121.42061175,54.47132727],[-121.4196259,54.47207854],[-121.41951869,54.47245738],[-121.41955861,54.47274685],[-121.41957802,54.47300072],[-121.41953828,54.47323073],[-121.41938354,54.47341766],[-121.41917121,54.47360067],[-121.4189898,54.47375982],[-121.41886601,54.47391115],[-121.41877824,54.47404467],[-121.41872689,54.4741789],[-121.41865915,54.47433093],[-121.41850639,54.47469731],[-121.41809946,54.47483581],[-121.41805541,54.47504517],[-121.41797425,54.47528373],[-121.41770507,54.47545997],[-121.41749863,54.47560987],[-121.41748251,54.47576547],[-121.41748622,54.47593352],[-121.4175657,54.47613825],[-121.41756414,54.47631486],[-121.41753128,54.47650321],[-121.41750464,54.47678449],[-121.41747724,54.47722777],[-121.41740141,54.47760127],[-121.41721575,54.47791424],[-121.41701293,54.47819232],[-121.41681496,54.47853128],[-121.41672622,54.47869791],[-121.41666544,54.47879903],[-121.41639145,54.47901907],[-121.41619286,54.47923128],[-121.4162184,54.47945808],[-121.41623204,54.47971907],[-121.41647283,54.48001673],[-121.41669693,54.4803354],[-121.41698452,54.48066368],[-121.41711169,54.48097095],[-121.41717296,54.48125045],[-121.4171916,54.48155915],[-121.41716315,54.4818974],[-121.41705445,54.48230935],[-121.41685253,54.4827473],[-121.41646898,54.48308092],[-121.41622568,54.48339531],[-121.41585669,54.48374994],[-121.41542847,54.48404974],[-121.41494024,54.48429506],[-121.41543001,54.48457705],[-121.41576731,54.48490533],[-121.41595187,54.48527918],[-121.4157249,54.4856096],[-121.41576125,54.48594571],[-121.41594507,54.48634058],[-121.41629221,54.48676855],[-121.41661764,54.48722038],[-121.41700803,54.48751306],[-121.41660967,54.48783137],[-121.41627333,54.48815075],[-121.41598341,54.48845232],[-121.4157381,54.48881763],[-121.41553251,54.4891185],[-121.41532028,54.48936346],[-121.41504577,54.48954576],[-121.41488727,54.48966041],[-121.41464803,54.48984591],[-121.41417426,54.4901215],[-121.41368801,54.49032765],[-121.41264333,54.49098813],[-121.41274693,54.49149301],[-121.41279299,54.4919071],[-121.4128332,54.49206946],[-121.41315182,54.49220832],[-121.41368392,54.49242195],[-121.4140488,54.49256152],[-121.41427582,54.49268151],[-121.41451655,54.49284637],[-121.41483301,54.49305715],[-121.41516912,54.49327434],[-121.41549543,54.49349153],[-121.41576524,54.49370766],[-121.41599401,54.49394443],[-121.41616694,54.49422536],[-121.4163434,54.49459209],[-121.41665711,54.49494992],[-121.41703773,54.49530633],[-121.41752307,54.49563319],[-121.41805803,54.49603659],[-121.41868044,54.49648842],[-121.41939066,54.49698797],[-121.42051645,54.49741523],[-121.42169094,54.49779407],[-121.4233183,54.498049],[-121.42413399,54.49820139],[-121.4247904,54.49840149],[-121.42515027,54.49864005],[-121.42529327,54.49889249],[-121.42558748,54.49886935],[-121.4263742,54.49929305],[-121.42683406,54.49952377],[-121.42728989,54.49971248],[-121.42774229,54.49985917],[-121.42841458,54.50009452],[-121.42884442,54.50039396],[-121.42903093,54.50075678],[-121.42914456,54.50105978],[-121.42935245,54.50136314],[-121.4297241,54.50174554],[-121.4299926,54.5021347],[-121.43019877,54.50251568],[-121.43031646,54.50281405],[-121.43030702,54.50319716],[-121.43041747,54.50366003],[-121.43064921,54.5042023],[-121.4308863,54.50486171],[-121.43139914,54.50505718],[-121.43197922,54.50532707],[-121.43247062,54.5055731],[-121.43287397,54.50579528],[-121.43334024,54.50598683],[-121.43377813,54.50625921],[-121.4341186,54.50667936],[-121.43445488,54.50705001],[-121.43475017,54.50740748],[-121.43509084,54.50773256],[-121.43524855,54.50810997],[-121.43528652,54.50855005],[-121.43528131,54.50908022],[-121.43515851,54.5095997],[-121.43504536,54.51013769],[-121.4349416,54.51069349],[-121.43497391,54.51107162],[-121.43512466,54.51157685],[-121.43516771,54.51165839],[-121.43576032,54.51168403],[-121.43638746,54.51166516],[-121.43695745,54.51170753],[-121.43751073,54.51179049],[-121.43820004,54.51189837],[-121.43887842,54.51196709],[-121.43931702,54.51208637],[-121.43977739,54.51215829],[-121.44044564,54.51220173],[-121.44112217,54.51227436],[-121.44149039,54.51247517],[-121.44190379,54.512718],[-121.44236141,54.51300356],[-121.44265137,54.51336495],[-121.44281294,54.51371637],[-121.44286227,54.51404964],[-121.44297518,54.5143327],[-121.44315166,54.51456556],[-121.44338608,54.51489526],[-121.44358461,54.51536205],[-121.44376391,54.51593066],[-121.44394322,54.51649928],[-121.44436161,54.51686423],[-121.44376652,54.51708142],[-121.44286488,54.51735416],[-121.44227127,54.51767212],[-121.44176305,54.51803529],[-121.44137975,54.51848854],[-121.44114349,54.51902405],[-121.44101959,54.51956453],[-121.44100895,54.52011072],[-121.44121275,54.52040019],[-121.44158852,54.52067755],[-121.4421361,54.52094317],[-121.44239457,54.52123513],[-121.44270148,54.52151677],[-121.44249987,54.52172684],[-121.44234004,54.52199139],[-121.44226252,54.52227908],[-121.44218602,54.52261661],[-121.44208957,54.52297694],[-121.44179419,54.52343767],[-121.44136274,54.52354591],[-121.44095473,54.52366554],[-121.44062247,54.52381188],[-121.44036701,54.52398528],[-121.43985336,54.52421565],[-121.43920624,54.52444672],[-121.43874253,54.52466356],[-121.43835559,54.52486722],[-121.43793055,54.52506839],[-121.43727782,54.52530873],[-121.43658892,54.52553339],[-121.43601797,54.5257837],[-121.43569207,54.5259984],[-121.43538692,54.5262601],[-121.4349721,54.52655527],[-121.43435362,54.52688283],[-121.43372581,54.52721717],[-121.43323052,54.5275515],[-121.43273898,54.5277986],[-121.43200941,54.52800404],[-121.43113656,54.52812047],[-121.43033293,54.52821376],[-121.42970964,54.52829672],[-121.42939002,54.52842917],[-121.42902937,54.52857444],[-121.42862663,54.52873217],[-121.42858258,54.52867734],[-121.42799224,54.52889061],[-121.42754716,54.52907433],[-121.42709259,54.52928334],[-121.42667547,54.52950658],[-121.42616116,54.52979142],[-121.42574188,54.5301076],[-121.42551366,54.53046614],[-121.42542318,54.53084748],[-121.42552942,54.53126441],[-121.42548778,54.5316372],[-121.4252979,54.53196655],[-121.4248586,54.53240699],[-121.42450311,54.53293893],[-121.42419204,54.53343918],[-121.423811,54.53392128],[-121.4234462,54.53442616],[-121.42321786,54.53500724],[-121.42312361,54.53558119],[-121.42317819,54.53616619],[-121.4232254,54.53694879],[-121.42326527,54.53751562],[-121.42332831,54.53829858],[-121.42337515,54.53908083],[-121.423424,54.53981857],[-121.42334822,54.54066954],[-121.42327445,54.54159954],[-121.42307011,54.5426645],[-121.42301916,54.54381419],[-121.42297998,54.5450561],[-121.42320794,54.54636032],[-121.4235709,54.54763748],[-121.42391106,54.54870421],[-121.42412113,54.54980477],[-121.42419455,54.55070452],[-121.42424061,54.55152308],[-121.42431207,54.55247659],[-121.42449943,54.55322216],[-121.4248131,54.55391219],[-121.42525631,54.55458015],[-121.42557182,54.55527552],[-121.42575513,54.55596483],[-121.42578266,54.55644159],[-121.42581184,54.55690054],[-121.42585536,54.55737729],[-121.42590566,54.55807017],[-121.42594449,54.55866371],[-121.42599602,54.55933843],[-121.42588956,54.55978563],[-121.42565977,54.56031081],[-121.42528289,54.56063873],[-121.42504362,54.56099906],[-121.42494243,54.56139214],[-121.42497176,54.56184183],[-121.42503017,54.56273268],[-121.42505141,54.5629755],[-121.4247504,54.56357367],[-121.4243977,54.56428542],[-121.42427186,54.56497189],[-121.42442258,54.56551985],[-121.42498706,54.56594961],[-121.42568299,54.5663872],[-121.4265094,54.56689849],[-121.42732533,54.56730439],[-121.42800184,54.56759172],[-121.42866657,54.56769035],[-121.42920396,54.56783633],[-121.42987413,54.56797163],[-121.43041706,54.56819843],[-121.43108783,54.5683729],[-121.43161733,54.56859045],[-121.43213805,54.5688201],[-121.43248767,54.56912097],[-121.43288888,54.56877773],[-121.43323103,54.56841776],[-121.43343537,54.56797875],[-121.43358422,54.56755327],[-121.4337407,54.56722499],[-121.43402856,54.56698287],[-121.43446636,54.56686573],[-121.4349117,54.56680947],[-121.43534615,54.56677636],[-121.43566669,54.56666171],[-121.4359591,54.56653247],[-121.43636611,54.56652891],[-121.43703409,54.56641853],[-121.43770708,54.56630139],[-121.43837011,54.56622626],[-121.43900149,54.56624834],[-121.43948844,54.56605678],[-121.44008855,54.56586095],[-121.44080278,54.56566014],[-121.44146567,54.56530622],[-121.44209761,54.56496975],[-121.44251536,54.56468776],[-121.44281293,54.5644549],[-121.44338637,54.56428827],[-121.44399023,54.56414051],[-121.44446341,54.56395465],[-121.44490739,54.56375383],[-121.44524063,54.56352738],[-121.44570547,54.56324575],[-121.44636683,54.56293669],[-121.44666398,54.56284163],[-121.44692919,54.56278181],[-121.44754047,54.56256996],[-121.44808149,54.5623104],[-121.44855179,54.56200277],[-121.4487247,54.56219895],[-121.44901622,54.5624432],[-121.44942602,54.56273624],[-121.44972753,54.56312754],[-121.44989952,54.563584],[-121.44991731,54.56392581],[-121.44994949,54.56430358],[-121.44998045,54.56470877],[-121.45000605,54.56525709],[-121.45003956,54.56559035],[-121.45007834,54.56620205],[-121.45010752,54.56666064],[-121.45013975,54.56703842],[-121.45017689,54.56767717],[-121.45020818,54.56809091],[-121.45026064,54.56873892],[-121.45031116,54.5694407],[-121.45034236,54.56984553],[-121.45035777,54.57025001],[-121.45038893,54.5706641],[-121.45042061,54.57104187],[-121.45047236,54.57172549],[-121.45052229,54.57243653],[-121.45054908,54.57296704],[-121.45059251,54.57345306],[-121.45063244,54.57402879],[-121.45066059,54.57450555],[-121.45068993,54.57496414],[-121.45073485,54.57540529],[-121.45062565,54.57583718],[-121.45037891,54.57622457],[-121.44999747,54.57662406],[-121.44962341,54.57701963],[-121.44937967,54.57732619],[-121.44913727,54.57754766],[-121.4491006,54.57774705],[-121.44894035,54.57801978],[-121.44891549,54.57836907],[-121.44860408,54.57876856],[-121.44820979,54.57915096],[-121.44777226,54.57940589],[-121.44735416,54.57967827],[-121.44695627,54.57996775],[-121.44666724,54.58025437],[-121.4465429,54.58053173],[-121.44658438,54.58079877],[-121.44655283,54.58081622],[-121.44604348,54.58118722],[-121.44564848,54.5813948],[-121.44523939,54.58158137],[-121.44501394,54.58167146],[-121.4447672,54.58179109],[-121.44439777,54.58196912],[-121.44405899,54.58210548],[-121.44352398,54.58247613],[-121.44296427,54.58281047],[-121.4431363,54.58317222],[-121.44293589,54.58346632],[-121.44263125,54.58373905],[-121.44230154,54.58404027],[-121.44204859,54.5844565],[-121.44195318,54.58497277],[-121.44197329,54.58526046],[-121.44199119,54.58559337],[-121.44201075,54.58589922],[-121.44193238,54.58632969],[-121.4420908,54.58677796],[-121.4421575,54.58719525],[-121.44221122,54.58748864],[-121.44238871,54.58775141],[-121.44268965,54.58798426],[-121.44307983,54.58829261],[-121.44345356,54.58864118],[-121.44460253,54.58895237],[-121.4451079,54.58932551],[-121.44574546,54.58970115],[-121.44641032,54.59011025],[-121.44697175,54.59054072],[-121.44721166,54.59079245],[-121.44749668,54.59099397],[-121.44806225,54.59099611],[-121.44862258,54.5910983],[-121.44909555,54.59113141],[-121.44973389,54.59127027],[-121.45051199,54.59147002],[-121.45149398,54.59170145],[-121.45167497,54.59200018],[-121.45195646,54.59228253],[-121.45234004,54.59251503],[-121.45259152,54.59277103],[-121.45284159,54.59308365],[-121.45322446,54.59345109],[-121.45387473,54.59381711],[-121.45450733,54.59414753],[-121.45487695,54.59446086],[-121.4549842,54.59475709],[-121.45497345,54.59505333],[-121.45495708,54.59548451],[-121.45492524,54.59590678],[-121.45491488,54.59618522],[-121.45488523,54.59656228],[-121.4550037,54.5969315],[-121.45538773,54.59728364],[-121.45603681,54.59761975],[-121.45667591,54.59801639],[-121.45704598,54.59844935],[-121.45728323,54.59896883],[-121.45751711,54.59955312],[-121.45802161,54.6000847],[-121.45852777,54.60057748],[-121.45903496,54.60103145],[-121.45927835,54.60142809],[-121.45939293,54.60180586],[-121.45945427,54.60223811],[-121.45956648,54.60254502],[-121.45934805,54.60258739],[-121.45902,54.60265504],[-121.45894203,54.60268104],[-121.45859775,54.60277539],[-121.45828401,54.60287936],[-121.45819021,54.60290499],[-121.45783004,54.60301751],[-121.45751645,54.60312112],[-121.45731235,54.60319055],[-121.45709304,54.60325962],[-121.45688906,54.60333795],[-121.4567261,54.60341664],[-121.45649446,54.60353948],[-121.456379,54.60357722],[-121.45621176,54.6036349],[-121.45599196,54.60371288],[-121.45590981,54.6038407],[-121.45584736,54.60399985],[-121.45580519,54.60415118],[-121.45578592,54.6042498],[-121.45576325,54.60443815],[-121.45575742,54.6045998],[-121.45576934,54.60469878],[-121.45579596,54.60480702],[-121.45583791,54.60492452],[-121.45586417,54.60505056],[-121.45584296,54.60515204],[-121.45580345,54.60524141],[-121.45574566,54.60531867],[-121.45568202,54.60537172],[-121.45561772,54.60543403],[-121.45553713,54.60551664],[-121.45543987,54.60562951],[-121.45536302,54.60575128],[-121.45525732,54.60585987],[-121.45511687,54.60598485],[-121.4549573,54.60609949],[-121.45476474,54.60628571],[-121.45468257,54.60640178],[-121.45455177,54.60658871],[-121.45449174,54.60667203],[-121.45429408,54.60680626],[-121.45400798,54.60700316],[-121.45363982,54.60731328],[-121.45338563,54.60784807],[-121.45331717,54.60843769],[-121.45349641,54.60900915],[-121.45382446,54.60943784],[-121.45414854,54.60945992],[-121.45447238,54.6095087],[-121.45476322,54.60958454],[-121.45508539,54.60966963],[-121.4552544,54.60970773],[-121.45556176,54.60976541],[-121.45576082,54.60982202],[-121.45589351,54.60986546],[-121.45608213,54.60993382],[-121.45626549,54.60999898],[-121.45641864,54.61004598],[-121.45663356,54.61009369],[-121.45692556,54.61015137],[-121.45708684,54.61021119],[-121.45743932,54.61030376],[-121.45798333,54.61042838],[-121.45895531,54.61051882],[-121.46019742,54.61001928],[-121.4614213,54.60973408],[-121.46253159,54.60944461],[-121.4635283,54.60915086],[-121.464324,54.60895005],[-121.46501567,54.60890804],[-121.46547568,54.60903479],[-121.46582852,54.60920392],[-121.46605111,54.6093296],[-121.46626968,54.60941933],[-121.46645855,54.60952258],[-121.46661806,54.60962156],[-121.4667437,54.60975081],[-121.46685593,54.60988504],[-121.46694767,54.61005381],[-121.46707559,54.61017558],[-121.46725271,54.61027243],[-121.46748604,54.6103294],[-121.46774173,54.61035183],[-121.46793215,54.61022507],[-121.46813784,54.61010508],[-121.46834403,54.60998794],[-121.46852374,54.60987614],[-121.46873544,54.60977217],[-121.46898647,54.60969313],[-121.46930258,54.60965753],[-121.46963235,54.6096675],[-121.46994953,54.60970559],[-121.47022724,54.60972696],[-121.47058176,54.60976149],[-121.47092093,54.60980778],[-121.47124428,54.60985371],[-121.47156823,54.60988789],[-121.47181108,54.60992456],[-121.47204995,54.60997762],[-121.47230477,54.6100766],[-121.47251821,54.61016027],[-121.47277308,54.60969028],[-121.47311434,54.60912523],[-121.47354184,54.60846546],[-121.47412941,54.60802147],[-121.47485749,54.60764619],[-121.47515323,54.60760809],[-121.47549477,54.60758245],[-121.4758821,54.60756928],[-121.47613071,54.60755432],[-121.47647161,54.6075497],[-121.47670839,54.60756785],[-121.47691868,54.60759135],[-121.47711875,54.60762091],[-121.47738023,54.60766897],[-121.47764167,54.6077263],[-121.4778566,54.60777401],[-121.47807103,54.60783062],[-121.4783735,54.6078883],[-121.47868077,54.60791607],[-121.4789808,54.60793174],[-121.47924426,54.60793494],[-121.47952192,54.60796557],[-121.47979909,54.60800509],[-121.4800763,54.60803535],[-121.48033924,54.60805671],[-121.48063226,54.60808734],[-121.48091044,54.6080998],[-121.48121968,54.60810371],[-121.48157592,54.60810834],[-121.48186995,54.6081119],[-121.48216447,54.60810656],[-121.4824904,54.60807487],[-121.48278492,54.60806953],[-121.48311001,54.60806455],[-121.48345104,54.60806882],[-121.48374459,54.60808128],[-121.48400727,54.60808484],[-121.48434831,54.60808912],[-121.48467918,54.60806918],[-121.48503165,54.60803464],[-121.48532752,54.60798444],[-121.48562388,54.60792533],[-121.48573255,54.6079086],[-121.48596704,54.60785163],[-121.48614459,54.6077968],[-121.48632702,54.60775122],[-121.48656702,54.6076825],[-121.48694677,54.60760026],[-121.48721871,54.60754471],[-121.48742791,54.60752335],[-121.48757374,54.60753617],[-121.48783523,54.60758423],[-121.48812826,54.60761485],[-121.4878329,54.60792498],[-121.48759267,54.60827355],[-121.48743087,54.6088824],[-121.4872849,54.60934206],[-121.48727402,54.60962762],[-121.48733304,54.60985193],[-121.48752269,54.61003103],[-121.48770791,54.61018021],[-121.48788897,54.61031729],[-121.48806894,54.61046327],[-121.48820345,54.6106],[-121.48839249,54.61070432],[-121.48852557,54.61082573],[-121.4885523,54.6109799],[-121.48859674,54.61112517],[-121.4886866,54.61126403],[-121.4888555,54.61138118],[-121.48914425,54.61152858],[-121.48934167,54.61164786],[-121.48955567,54.61171337],[-121.48974092,54.61172477],[-121.49021976,54.61167777],[-121.49080183,54.61174898],[-121.49148323,54.61198611],[-121.49228398,54.61233468],[-121.49290365,54.61280076],[-121.49325129,54.61330421],[-121.49332795,54.61384541],[-121.49341328,54.61418829],[-121.49371879,54.61429083],[-121.49391906,54.61432929],[-121.49425856,54.61454043],[-121.49468248,54.61475513],[-121.49515435,54.61494099],[-121.49549155,54.61512293],[-121.49566029,54.6153508],[-121.49580623,54.61563921],[-121.49605889,54.61593473],[-121.49658421,54.61615619],[-121.4971036,54.61643498],[-121.49761779,54.61677216],[-121.49799212,54.61726494],[-121.49731755,54.61782181],[-121.496773,54.61840039],[-121.49688473,54.6190128],[-121.49700023,54.61956468],[-121.49725188,54.61998732],[-121.49737017,54.62037435],[-121.49761635,54.62079164],[-121.49785864,54.62130791],[-121.49783679,54.6219011],[-121.49904036,54.62244621],[-121.49897302,54.62301447],[-121.49884932,54.62343248],[-121.498649,54.62339403],[-121.49832609,54.62332709],[-121.49797739,54.6232719],[-121.4976135,54.62324128],[-121.4972459,54.62322383],[-121.49693607,54.62322882],[-121.49652666,54.62355033],[-121.49617784,54.62371874],[-121.49589675,54.62382129],[-121.4956498,54.62384301],[-121.49539484,54.62385689],[-121.49503891,54.62385262],[-121.49479231,54.62386045],[-121.49454732,54.62387933],[-121.49432469,54.62393843],[-121.49408818,54.62401142],[-121.49380452,54.6241339],[-121.49367362,54.62418624],[-121.49352198,54.62423823],[-121.49327148,54.62430694],[-121.49303622,54.62438777],[-121.49286246,54.62448568],[-121.49270346,54.62458751],[-121.49252731,54.62474702],[-121.49238173,54.62490689],[-121.49228353,54.62504967],[-121.49221376,54.62526437],[-121.49214529,54.62544346],[-121.49206052,54.6256311],[-121.49191337,54.62580486],[-121.49171471,54.62595725],[-121.49144333,54.62607581],[-121.49110073,54.62618227],[-121.49068981,54.62625206],[-121.49055598,54.62633822],[-121.49041968,54.62643756],[-121.49030724,54.62655292],[-121.49019416,54.62667754],[-121.49003419,54.62681035],[-121.48989021,54.62694316],[-121.49068819,54.62699514],[-121.49171858,54.62707098],[-121.49287534,54.627296],[-121.49401803,54.62757871],[-121.49412164,54.62832321],[-121.49449005,54.62896589],[-121.49512434,54.62950709],[-121.49509699,54.63024376],[-121.49506642,54.63107016],[-121.49635876,54.63089142],[-121.49763978,54.630608],[-121.4977827,54.63065749],[-121.49799107,54.63074722],[-121.49828059,54.63087647],[-121.49856024,54.63099396],[-121.49885295,54.63108618],[-121.49915334,54.63116594],[-121.49938335,54.63122255],[-121.49961368,54.63127062],[-121.49989063,54.63133079],[-121.5001974,54.63141268],[-121.50051912,54.63151522],[-121.50088612,54.63164589],[-121.50110029,54.63171141],[-121.50129972,54.63176766],[-121.50154558,54.63182463],[-121.50169987,54.63184457],[-121.50202887,54.6318816],[-121.50237838,54.63193394],[-121.50262916,54.63199091],[-121.50287059,54.63202972],[-121.5031949,54.63205179],[-121.50343901,54.63207173],[-121.50366345,54.6320995],[-121.50390991,54.63213547],[-121.50421901,54.63215719],[-121.50457005,54.63214971],[-121.50449196,54.63239823],[-121.5044586,54.63266029],[-121.50435259,54.63325525],[-121.50416038,54.63390042],[-121.50372308,54.63469477],[-121.50331945,54.63550265],[-121.50294581,54.63645296],[-121.50285284,54.63700306],[-121.50271456,54.63734879],[-121.50253017,54.63749049],[-121.50275752,54.63762793],[-121.50289329,54.63772834],[-121.50312156,54.63785723],[-121.50333482,54.6379498],[-121.50354729,54.63806908],[-121.50372949,54.6381702],[-121.50395885,54.63825992],[-121.50420355,54.6383379],[-121.50441872,54.63838561],[-121.50463406,54.63843296],[-121.50489592,54.63847818],[-121.50514253,54.6385113],[-121.50542094,54.63852376],[-121.50558798,54.63847569],[-121.50577986,54.63845611],[-121.50606456,54.63849065],[-121.50637298,54.63852447],[-121.50670571,54.63855758],[-121.50699997,54.63856114],[-121.50732688,54.6385291],[-121.50763872,54.63847925],[-121.50799141,54.63843546],[-121.50835417,54.63840697],[-121.50869533,54.63840234],[-121.50894197,54.63870784],[-121.50942186,54.63924619],[-121.50998965,54.6397703],[-121.510508,54.6402791],[-121.51102258,54.64071704],[-121.51139876,54.6411589],[-121.51178407,54.64164313],[-121.51216638,54.64207324],[-121.51254507,54.64244923],[-121.51294053,54.64293952],[-121.51333141,54.64340274],[-121.51358254,54.64388199],[-121.51369832,54.64440467],[-121.51358908,54.64483479],[-121.51366214,54.6449708],[-121.51376395,54.64514277],[-121.513851,54.64530549],[-121.51398401,54.64548707],[-121.51411813,54.64564124],[-121.51466809,54.64589582],[-121.51507749,54.64614043],[-121.51533134,54.64632024],[-121.51549928,54.64644023],[-121.51571233,54.6465506],[-121.51604232,54.64670442],[-121.5163838,54.64683758],[-121.51669068,54.64691306],[-121.5170603,54.64698071],[-121.51733763,54.64702593],[-121.51755372,54.64704943],[-121.51789402,54.64706261],[-121.51800288,54.64706403],[-121.51828167,54.64705869],[-121.51957982,54.64702629],[-121.52062328,54.6471242],[-121.52137463,54.64724811],[-121.5218343,54.64739836],[-121.52187933,54.64743504],[-121.52213463,54.64765401],[-121.52229847,54.64783559],[-121.52249866,54.64796698],[-121.52274937,54.64808376],[-121.52335639,54.6483508],[-121.52394717,54.64867374],[-121.52470231,54.64922206],[-121.52560149,54.64983234],[-121.52660679,54.65043157],[-121.52737818,54.65090441],[-121.5281618,54.65123768],[-121.52895718,54.65143101],[-121.52966651,54.65196972],[-121.52953064,54.65201031],[-121.52931659,54.65206941],[-121.52908221,54.6521246],[-121.5288865,54.65214703],[-121.52868275,54.65216163],[-121.52853797,54.6521659],[-121.52831061,54.65216911],[-121.52809345,54.65217552],[-121.52781448,54.65217196],[-121.52769036,54.65217943],[-121.52739415,54.65222073],[-121.52709931,54.65223533],[-121.52680449,54.65224067],[-121.52650982,54.65225492],[-121.52618237,54.65230512],[-121.52588475,54.65238238],[-121.52580678,54.65239912],[-121.52565133,54.65241834],[-121.52541813,54.65243935],[-121.52540945,54.65267292],[-121.52539627,54.65304144],[-121.52538032,54.65347262],[-121.52548607,54.65402022],[-121.52559265,54.65455288],[-121.52582697,54.65502287],[-121.52581662,54.65532338],[-121.52593231,54.65559255],[-121.52592162,54.65588985],[-121.52615813,54.65631035],[-121.5262636,54.65685476],[-121.52649611,54.65752271],[-121.52673211,54.65824656],[-121.52710382,54.65882337],[-121.52735095,54.65922785],[-121.52746776,54.65961879],[-121.52746148,54.66022088],[-121.52744566,54.66065205],[-121.52775401,54.66109035],[-121.5281438,54.66149661],[-121.52782944,54.66156747],[-121.52751942,54.66162372],[-121.52724976,54.66163832],[-121.52699547,54.66167143],[-121.52675628,54.66172235],[-121.52690512,54.66217667],[-121.52678565,54.66250282],[-121.526418,54.66266019],[-121.52605406,54.66274493],[-121.52580399,54.66279407],[-121.52564685,54.66284854],[-121.5254025,54.66295536],[-121.52515745,54.66314157],[-121.52491213,54.66340754],[-121.52519118,54.6634111],[-121.52553162,54.66342428],[-121.52573316,54.66342641],[-121.52607452,54.66342179],[-121.52638527,54.66340754],[-121.52671216,54.6633666],[-121.52705536,54.66330785],[-121.52734101,54.66364183],[-121.52772792,54.66399895],[-121.52851783,54.664449],[-121.5290356,54.66490973],[-121.529339,54.66538399],[-121.52942773,54.66587107],[-121.52930371,54.66635103],[-121.52897328,54.6666227],[-121.52843705,54.66668607],[-121.52840259,54.66764742],[-121.52838994,54.66798887],[-121.52837304,54.66846491],[-121.52835765,54.66887829],[-121.52715991,54.66898048],[-121.52597801,54.66908302],[-121.52596048,54.66955906],[-121.52582095,54.66998383],[-121.52543607,54.67034451],[-121.52480507,54.67064146],[-121.52357989,54.67067956],[-121.52237871,54.67060016],[-121.52121547,54.67031923],[-121.52008634,54.66990977],[-121.51940075,54.67027615],[-121.51857419,54.67069131],[-121.51755351,54.67104344],[-121.51646621,54.67136674],[-121.51680146,54.67195494],[-121.51732092,54.67259049],[-121.51760009,54.67298215],[-121.51783386,54.67342365],[-121.5178768,54.67393637],[-121.51782646,54.67438108],[-121.51764911,54.67475351],[-121.51731471,54.67498601],[-121.51692036,54.67508428],[-121.51663033,54.67514766],[-121.51623544,54.67534349],[-121.51573567,54.67567177],[-121.51519555,54.67587792],[-121.51501097,54.67596871],[-121.51491112,54.67603494],[-121.5148936,54.67608835],[-121.51487748,54.67618235],[-121.51485796,54.6762678],[-121.51477863,54.67635076],[-121.51458443,54.67643443],[-121.51427413,54.67651882],[-121.51478693,54.67658255],[-121.515002,54.67664165],[-121.51515255,54.67670574],[-121.51522014,54.67675096],[-121.51531219,54.67680579],[-121.51537785,54.67683535],[-121.51545192,54.67686668],[-121.51552365,54.67688056],[-121.51561971,54.67688982],[-121.51580683,54.6769151],[-121.51604603,54.67694359],[-121.51623016,54.67697527],[-121.51639426,54.67698916],[-121.51658626,54.67702512],[-121.51689796,54.67708565],[-121.51732922,54.6771711],[-121.51820479,54.67729287],[-121.51842238,54.67783799],[-121.51862937,54.67825528],[-121.51876676,54.67848636],[-121.51884593,54.67865869],[-121.51888829,54.67877654],[-121.51895694,54.67890935],[-121.51911612,54.67910162],[-121.51948982,54.67963036],[-121.5201196,54.68021357],[-121.52100643,54.68085055],[-121.52107552,54.68151637],[-121.52114236,54.68224521],[-121.52120906,54.68295589],[-121.52110639,54.68341413],[-121.52094032,54.68377053],[-121.52079021,54.68405039],[-121.52080103,54.68438009],[-121.52050326,54.68445736],[-121.52012731,54.68455171],[-121.51960125,54.68470517],[-121.51895762,54.68486112],[-121.51784492,54.68502704],[-121.51746378,54.68537704],[-121.51694167,54.68564622],[-121.5164317,54.68598055],[-121.51576338,54.6861511],[-121.51507238,54.68638218],[-121.51420652,54.68652851],[-121.51358322,54.68684825],[-121.51323541,54.68731432],[-121.51316312,54.68792673],[-121.51199964,54.68806132],[-121.51082098,54.68833156],[-121.50954043,54.68865913],[-121.50828656,54.68900344],[-121.50704014,54.68913482],[-121.50616431,54.68933278],[-121.50538188,54.68942286],[-121.50487121,54.68979814],[-121.50422689,54.69012179],[-121.50375538,54.69066015],[-121.50317194,54.69105536],[-121.50271895,54.69151432],[-121.50211437,54.69191523],[-121.50149191,54.69238486],[-121.500776,54.69283029],[-121.49998204,54.69321981],[-121.49965902,54.69315287],[-121.4994587,54.69311477],[-121.49910488,54.69302932],[-121.49895121,54.69299158],[-121.49870578,54.69290755],[-121.49856826,54.6928431],[-121.49843137,54.6927694],[-121.49826429,54.69268644],[-121.49809614,54.69261238],[-121.49792754,54.69255648],[-121.49775803,54.69251838],[-121.49759879,54.69249524],[-121.4974341,54.69247851],[-121.49726384,54.69246711],[-121.49709296,54.69246498],[-121.49598725,54.69243044],[-121.49507702,54.69243115],[-121.49473488,54.69251091],[-121.49445485,54.69261202],[-121.49422844,54.69272632],[-121.49396047,54.69283064],[-121.49377161,54.69290933],[-121.4935986,54.69297911],[-121.49341019,54.69303964],[-121.49325289,54.69308237],[-121.49309664,54.69312545],[-121.49292347,54.69318634],[-121.49278146,54.69325043],[-121.49266356,54.69332093],[-121.49255358,54.69339427],[-121.49246252,54.69347723],[-121.49239743,54.69355734],[-121.49231664,54.69365526],[-121.49222001,54.69375282],[-121.49204243,54.69393939],[-121.4918003,54.69409],[-121.491477,54.69425877],[-121.49093803,54.69442896],[-121.49021576,54.69464473],[-121.49024292,54.69516634],[-121.49038641,54.69562352],[-121.49048875,54.69593114],[-121.49055085,54.69621278],[-121.49048671,54.69655637],[-121.49042223,54.69703811],[-121.49033431,54.69772601],[-121.4900948,54.69832809],[-121.48976855,54.69834198],[-121.48945709,54.69836512],[-121.48919228,54.69838862],[-121.48921432,54.69863465],[-121.48926097,54.6989138],[-121.4892064,54.69917087],[-121.48894248,54.6993642],[-121.48846843,54.69949416],[-121.48841499,54.699873],[-121.48832185,54.70015464],[-121.48820432,54.70034192],[-121.48800763,54.70047829],[-121.48765108,54.70060469],[-121.48711951,54.70071791],[-121.48736662,54.70103231],[-121.48748677,54.70127941],[-121.4866413,54.70151476],[-121.48608401,54.70189716],[-121.48581413,54.70242696],[-121.48569975,54.70291404],[-121.48544009,54.70344705],[-121.484939,54.70416877],[-121.48447912,54.70484705],[-121.48405166,54.70539502],[-121.48376354,54.70580804],[-121.48374103,54.70599639],[-121.48371853,54.70618474],[-121.48371142,54.70638235],[-121.48367244,54.7065796],[-121.48360479,54.70674054],[-121.48352067,54.70691038],[-121.48340635,54.7070617],[-121.48329294,54.70719522],[-121.48317727,54.7073825],[-121.48307836,54.70753382],[-121.48297945,54.7076944],[-121.48289623,54.70784644],[-121.48279596,54.70803372],[-121.48268057,54.7082032],[-121.48253561,54.70835417],[-121.48239048,54.70849623],[-121.48228641,54.70865468],[-121.48220781,54.70881134],[-121.48217046,54.70897868],[-121.48210281,54.70913962],[-121.48195331,54.70926068],[-121.48178327,54.70937817],[-121.48123867,54.70996459],[-121.48080984,54.71050757],[-121.47963039,54.71090635],[-121.47992703,54.71109363],[-121.48029972,54.71128305],[-121.4807449,54.7115444],[-121.48105264,54.71180574],[-121.48122199,54.71206779],[-121.4812574,54.7122298],[-121.4818076,54.71246159],[-121.48252813,54.71274714],[-121.48295457,54.71298],[-121.48308553,54.71316052],[-121.48311048,54.71332252],[-121.48312047,54.71347562],[-121.48270789,54.71385696],[-121.48244399,54.71413219],[-121.48236999,54.71426713],[-121.48232266,54.71442023],[-121.48232128,54.71459114],[-121.48238407,54.71476453],[-121.48249144,54.71494149],[-121.48256291,54.71510421],[-121.48260221,54.71529363],[-121.4826598,54.71542003],[-121.48277779,54.71558345],[-121.4829871,54.71579958],[-121.48330026,54.71604419],[-121.48371789,54.71631728],[-121.48390353,54.7168567],[-121.48385841,54.71754744],[-121.48355548,54.71804271],[-121.48334371,54.71839662],[-121.48322386,54.71860883],[-121.48315654,54.71874271],[-121.48308832,54.7189129],[-121.48303418,54.7191098],[-121.48296686,54.71925293],[-121.48283107,54.719416],[-121.48265915,54.71959047],[-121.48245032,54.71977668],[-121.48233693,54.71990095],[-121.48226424,54.72005298],[-121.48219628,54.72021071],[-121.48212918,54.72034281],[-121.4820579,54.72044286],[-121.48190027,54.72055359],[-121.48184893,54.72068889],[-121.48184351,54.72088044],[-121.48184861,54.72115923],[-121.48173368,54.72150247],[-121.48051127,54.7209837],[-121.48020179,54.72108161],[-121.47998234,54.7211927],[-121.47978482,54.721307],[-121.47963999,54.72143126],[-121.47947963,54.72157297],[-121.47930385,54.72171468],[-121.47914377,54.72182932],[-121.47890561,54.72197922],[-121.47869946,54.72209352],[-121.47852441,54.72219926],[-121.47822342,54.72236625],[-121.47804854,54.7224809],[-121.47787365,54.72258629],[-121.47761901,54.72274509],[-121.47742872,54.72285048],[-121.47722362,54.72294662],[-121.47693966,54.72305984],[-121.47645314,54.72319763],[-121.47618423,54.72332617],[-121.47600487,54.72345969],[-121.47584827,54.72359463],[-121.47566738,54.72371818],[-121.47545654,54.72382927],[-121.47521436,54.72392825],[-121.47486907,54.72403151],[-121.47553688,54.72479987],[-121.47606409,54.72555648],[-121.47664583,54.72601223],[-121.47740446,54.72639142],[-121.47794152,54.72698817],[-121.47863536,54.72753827],[-121.47932984,54.72811222],[-121.48018954,54.72860821],[-121.48098732,54.72913659],[-121.48187898,54.7294873],[-121.48254098,54.72976716],[-121.482976,54.72995052],[-121.4831819,54.73013069],[-121.48328505,54.73027595],[-121.48335709,54.73042977],[-121.48345038,54.73056578],[-121.48356401,54.73070179],[-121.48371386,54.73084742],[-121.4838483,54.73099304],[-121.48398275,54.73113867],[-121.48414891,54.73126649],[-121.48434531,54.73141283],[-121.48452734,54.73153175],[-121.48469729,54.73168058],[-121.48485729,54.73184152],[-121.48627848,54.73199818],[-121.48732845,54.73230189],[-121.4880072,54.73275265],[-121.48869059,54.73307559],[-121.48955747,54.73324151],[-121.49047275,54.73322264],[-121.49107815,54.73323226],[-121.49131499,54.73332625],[-121.49131775,54.73353098],[-121.49197383,54.73352315],[-121.49262133,54.73354701],[-121.49261474,54.73372681],[-121.49332862,54.73416725],[-121.49354692,54.73428653],[-121.49388193,54.73454858],[-121.49414151,54.73486013],[-121.49422391,54.73519197],[-121.4942919,54.73545936],[-121.49434469,54.73566267],[-121.49444766,54.73582574],[-121.4945352,54.73597956],[-121.49466911,54.73612518],[-121.49481923,54.73627971],[-121.49495331,54.73643424],[-121.49508678,54.73658876],[-121.49523674,54.73673439],[-121.49541885,54.73686257],[-121.49559904,54.73701745],[-121.49577984,54.73717233],[-121.49596004,54.73733647],[-121.49614216,54.73746465],[-121.49637038,54.73759319],[-121.49659843,54.73771282],[-121.49679555,54.73785916],[-121.49708816,54.73801368],[-121.49749379,54.7381586],[-121.49842648,54.73846053],[-121.49943072,54.73884471],[-121.50018027,54.7392912],[-121.50057223,54.73953189],[-121.50090638,54.73968072],[-121.50084569,54.740103],[-121.500722,54.74049501],[-121.50053667,54.74085641],[-121.50011352,54.74119074],[-121.49968393,54.74151902],[-121.49918693,54.7418384],[-121.49871829,54.74214318],[-121.49879397,54.74304292],[-121.49881422,54.74332171],[-121.49904878,54.7437034],[-121.49921905,54.74405091],[-121.49946503,54.74444256],[-121.49945903,54.74480574],[-121.49948223,54.74524938],[-121.49926601,54.74568127],[-121.49919207,54.74627552],[-121.4991302,54.74696591],[-121.49917993,54.74772145],[-121.49924772,54.74841433],[-121.49965467,54.74875187],[-121.50005678,54.74908656],[-121.5004536,54.74941804],[-121.49977657,54.74988981],[-121.49920463,54.75041819],[-121.49895152,54.75054067],[-121.4987304,54.75063681],[-121.49846211,54.75074149],[-121.49823969,54.75087358],[-121.49804856,54.75099678],[-121.49784243,54.75111107],[-121.49760588,54.7512072],[-121.49738519,54.75129444],[-121.49714733,54.75141727],[-121.4969249,54.75154937],[-121.49675007,54.75166402],[-121.49654436,54.75176015],[-121.4963228,54.75186519],[-121.49606951,54.75198803],[-121.49586425,54.75208452],[-121.49564224,54.75219845],[-121.49544747,54.75229494],[-121.49522181,54.75237292],[-121.49496574,54.75243274],[-121.49474633,54.75248401],[-121.49447992,54.75254347],[-121.49419766,54.75261183],[-121.49393213,54.75265349],[-121.49255364,54.75294189],[-121.49254717,54.7531217],[-121.49260295,54.75342505],[-121.49267737,54.75365649],[-121.49277009,54.75381671],[-121.4928406,54.75400613],[-121.49294267,54.7541781],[-121.49299906,54.75434082],[-121.49427038,54.75428172],[-121.4957028,54.75434723],[-121.49715677,54.75452704],[-121.49847074,54.75472002],[-121.49978591,54.75486528],[-121.50092995,54.75502302],[-121.50148332,54.75561015],[-121.50202246,54.75602744],[-121.50237721,54.75627454],[-121.50255616,54.75643654],[-121.5025969,54.75659855],[-121.50263704,54.75676981],[-121.50267762,54.75693217],[-121.50276476,54.75709524],[-121.50287357,54.75724621],[-121.50301852,54.75738578],[-121.50320024,54.75751396],[-121.50339782,54.75763324],[-121.50366376,54.75777138],[-121.5040135,54.7579284],[-121.5044062,54.75809788],[-121.50469072,54.75824921],[-121.5049085,54.75838878],[-121.50507522,54.7584988],[-121.50522643,54.75862627],[-121.50540774,54.75876335],[-121.50557318,54.75890933],[-121.50575113,54.75904036],[-121.50591049,54.75917423],[-121.5060246,54.75931914],[-121.50614238,54.75948542],[-121.50629139,54.75966416],[-121.50644073,54.75982759],[-121.50657464,54.75999101],[-121.50667895,54.76010922],[-121.50675173,54.76025414],[-121.50686326,54.76040332],[-121.50699934,54.76055678],[-121.50717,54.76069956],[-121.50732192,54.76080032],[-121.50747383,54.76090108],[-121.50766581,54.76102321],[-121.50785279,54.76115744],[-121.50795771,54.76126639],[-121.50804659,54.76137535],[-121.50816612,54.76152062],[-121.50840807,54.7616933],[-121.50867768,54.76187952],[-121.5089745,54.76207891],[-121.50912479,54.76229752],[-121.50926694,54.76246985],[-121.50940064,54.76259661],[-121.5095519,54.76266426],[-121.5097934,54.76272229],[-121.5101606,54.76283659],[-121.51077751,54.762958],[-121.51138725,54.76319193],[-121.51188605,54.76348674],[-121.51216664,54.76388872],[-121.51237901,54.76389121],[-121.51248765,54.76390047],[-121.51257016,54.76391151],[-121.51264573,54.76395744],[-121.51288997,54.76407743],[-121.51312359,54.76407137],[-121.51338747,54.76407458],[-121.51362923,54.76408953],[-121.5138472,54.76411588],[-121.51421782,54.76408455],[-121.51465912,54.76406319],[-121.51517062,54.76405144],[-121.51555914,54.76420098],[-121.51591842,54.76434304],[-121.51624831,54.76447799],[-121.51649526,54.76453496],[-121.51671073,54.76458267],[-121.5169274,54.76462112],[-121.51716838,54.76468699],[-121.51738107,54.76476461],[-121.51757163,54.76484472],[-121.51773946,54.76493658],[-121.51799998,54.76502951],[-121.51833943,54.76511461],[-121.51857035,54.76517158],[-121.51878515,54.76524599],[-121.51906533,54.76537239],[-121.51931958,54.76550413],[-121.5199908,54.76543149],[-121.52113235,54.76567005],[-121.52293635,54.76607844],[-121.52240943,54.76659045],[-121.52228838,54.76679553],[-121.52227849,54.76696323],[-121.52238099,54.76709355],[-121.52252929,54.76724487],[-121.52270167,54.76739085],[-121.52292111,54.76749126],[-121.52314563,54.76758205],[-121.5234078,54.76764222],[-121.52353932,54.76768068],[-121.52363815,54.76771379],[-121.52366635,54.76778607],[-121.52372254,54.76795769],[-121.52578243,54.76817132],[-121.52718875,54.76854197],[-121.52800838,54.76888948],[-121.52850573,54.76928113],[-121.52850177,54.76966246],[-121.5281442,54.77000641],[-121.52760753,54.77023072],[-121.52724524,54.77059283],[-121.52705863,54.77112584],[-121.52706139,54.77189883],[-121.52705121,54.7725999],[-121.52703838,54.77295915],[-121.52702592,54.77373179],[-121.52717992,54.7744916],[-121.52733417,54.77508977],[-121.52738541,54.77567049],[-121.52722336,54.77628789],[-121.5269586,54.77686184],[-121.52662103,54.77717731],[-121.52641897,54.77735355],[-121.52612044,54.77745289],[-121.52606741,54.77762593],[-121.52607085,54.77790757],[-121.52616314,54.77836118],[-121.52607598,54.7789063],[-121.52574981,54.78003783],[-121.52557957,54.78100344],[-121.52470912,54.78138834],[-121.52418538,54.781963],[-121.52400881,54.78272781],[-121.52398759,54.78373437],[-121.52404215,54.78436422],[-121.52379811,54.78466971],[-121.52357946,54.78512831],[-121.52338605,54.78574036],[-121.52324079,54.78587531],[-121.52313186,54.78602378],[-121.52305866,54.78618579],[-121.52300613,54.78633782],[-121.52298412,54.78651727],[-121.52300872,54.78669743],[-121.52304917,54.78686869],[-121.52315207,54.78703177],[-121.52328631,54.78719519],[-121.52282222,54.78759184],[-121.52254089,54.78806183],[-121.52244125,54.78860481],[-121.52243142,54.78930587],[-121.52251858,54.78975628],[-121.52267503,54.78996777],[-121.52285286,54.79011981],[-121.52309798,54.79023054],[-121.52337241,54.79036869],[-121.52353944,54.79047871],[-121.52370705,54.79057947],[-121.52390542,54.79068985],[-121.52407245,54.79079987],[-121.52425371,54.79094585],[-121.52443434,54.79111854],[-121.52456842,54.79127306],[-121.52467342,54.79138237],[-121.52479302,54.79150948],[-121.52488233,54.79162733],[-121.52497186,54.79172738],[-121.52503156,54.79179717],[-121.52504989,54.79185628],[-121.5250717,54.79193318],[-121.52509544,54.7920286],[-121.52515824,54.79216106],[-121.52523963,54.79239071],[-121.52530029,54.79266914],[-121.52528499,54.79294758],[-121.52522919,54.79320144],[-121.5252298,54.79328547],[-121.5252387,54.79336629],[-121.52532656,54.79352331],[-121.52535367,54.79363547],[-121.52536552,54.79373659],[-121.52525057,54.79389681],[-121.52511814,54.7941108],[-121.52498532,54.79434294],[-121.52486958,54.79453023],[-121.52477135,54.79467301],[-121.52471401,54.79482219],[-121.52468227,54.79497743],[-121.52467743,54.79512128],[-121.52467213,54.79526476],[-121.52469638,54.79545383],[-121.52479374,54.79557702],[-121.5248914,54.79568491],[-121.52509492,54.79580027],[-121.52525354,54.79604594],[-121.52557173,54.79637921],[-121.52594405,54.79677834],[-121.52627373,54.79703613],[-121.52656095,54.7972202],[-121.52678927,54.79734874],[-121.52697185,54.79746802],[-121.52712243,54.79760438],[-121.52724171,54.79774965],[-121.52735918,54.79793088],[-121.52780769,54.79801741],[-121.52771132,54.79823495],[-121.52770779,54.79847742],[-121.52779634,54.79874518],[-121.52804133,54.79881105],[-121.52828903,54.79889507],[-121.52852895,54.7990026],[-121.52874494,54.79914716],[-121.52900305,54.79931415],[-121.5293039,54.79950357],[-121.52965228,54.79966237],[-121.52992861,54.7998087],[-121.5301332,54.79994187],[-121.53035879,54.80016048],[-121.5314604,54.80023063],[-121.53258908,54.80028902],[-121.53359381,54.8002762],[-121.5344722,54.8002641],[-121.53510076,54.80028866],[-121.53573323,54.80029009],[-121.53637945,54.80030184],[-121.53719818,54.80032391],[-121.53791494,54.80033139],[-121.53850743,54.80034848],[-121.53897502,54.80037518],[-121.53957591,54.80037946],[-121.53987798,54.80058775],[-121.54029214,54.80074868],[-121.54081918,54.80086191],[-121.54126475,54.80090819],[-121.54162797,54.80100433],[-121.54186308,54.80128668],[-121.54197505,54.80173246],[-121.54218738,54.80227116],[-121.54249284,54.80267528],[-121.5428908,54.80294481],[-121.54332843,54.80304308],[-121.54378783,54.80308759],[-121.54427085,54.80307833],[-121.54511363,54.80329303],[-121.54590274,54.80356506],[-121.54532469,54.80363021],[-121.54533699,54.80415148],[-121.54525211,54.80478276],[-121.54500714,54.80538484],[-121.54460299,54.80595844],[-121.54482809,54.8061945],[-121.54533739,54.80629954],[-121.5457405,54.80662497],[-121.54619692,54.80686317],[-121.54666333,54.80707039],[-121.54711864,54.80729364],[-121.54756575,54.80750656],[-121.54797702,54.80775828],[-121.54846435,54.80805666],[-121.54872345,54.80850137],[-121.54898456,54.8089297],[-121.54924799,54.80934236],[-121.54963936,54.80970945],[-121.55002443,54.8101036],[-121.55037981,54.81061418],[-121.55086383,54.81114327],[-121.55136739,54.81167557],[-121.55188927,54.81221108],[-121.55229615,54.81272806],[-121.55281937,54.81328351],[-121.55347047,54.81382969],[-121.55406479,54.81408142],[-121.55442592,54.8144421],[-121.55455244,54.81491209],[-121.55454882,54.81545115],[-121.5545443,54.81601763],[-121.55465311,54.81645914],[-121.55496919,54.81674754],[-121.55537469,54.81701493],[-121.55579178,54.81725456],[-121.55638109,54.81746249],[-121.55711665,54.81763874],[-121.55720231,54.81813721],[-121.55728865,54.81843879],[-121.55747184,54.81862963],[-121.55784667,54.81874001],[-121.55830508,54.81883935],[-121.55883231,54.8189864],[-121.55937883,54.81922958],[-121.55941164,54.81971417],[-121.55957037,54.82011473],[-121.55986727,54.82037393],[-121.5602242,54.8205459],[-121.56063287,54.82073034],[-121.5611712,54.82091371],[-121.56170584,54.82096177],[-121.56222974,54.82105186],[-121.56300916,54.8211601],[-121.56371332,54.82116223],[-121.56434127,54.82105898],[-121.5647951,54.82098349],[-121.56536038,54.82085531],[-121.56549927,54.8208838],[-121.56607498,54.82089377],[-121.56658894,54.82088487],[-121.56704115,54.82085709],[-121.56755592,54.82081829],[-121.56873861,54.82084143],[-121.56975554,54.82088629],[-121.5705885,54.82099774],[-121.57112132,54.8211811],[-121.57140554,54.82131925],[-121.57155153,54.8214047],[-121.57206172,54.82150048],[-121.57244216,54.82159484],[-121.57278766,54.82166177],[-121.57332769,54.82135379],[-121.57386867,54.82150475],[-121.57440829,54.82160908],[-121.57484113,54.82153217],[-121.57524601,54.82138726],[-121.57562183,54.82117398],[-121.57647945,54.82128293],[-121.5770764,54.82141574],[-121.57752258,54.82156457],[-121.57801929,54.82175933],[-121.57849056,54.82192347],[-121.57893731,54.8220577],[-121.57937744,54.82224249],[-121.57976369,54.82247179],[-121.58009622,54.82274524],[-121.58021996,54.82292327],[-121.58033458,54.82304468],[-121.58144327,54.82294961],[-121.58264063,54.82283781],[-121.58381489,54.82279758],[-121.58430949,54.8230842],[-121.58491034,54.82336157],[-121.58571248,54.82357769],[-121.58622742,54.82368878],[-121.58676307,54.82379381],[-121.58735118,54.82389636],[-121.58799095,54.82399676],[-121.5884918,54.82393054],[-121.58918076,54.8240986],[-121.58974002,54.82428659],[-121.59027782,54.82434676],[-121.5908263,54.82438913],[-121.59088434,54.8246576],[-121.59108597,54.82497128],[-121.59143147,54.82533089],[-121.59154182,54.8254402],[-121.59170337,54.82557657],[-121.59188744,54.82565063],[-121.59229774,54.82578237],[-121.59271962,54.82589702],[-121.59316901,54.82595327],[-121.59376481,54.82626873],[-121.59446075,54.82656141],[-121.5950556,54.8268669],[-121.59565485,54.82712931],[-121.59615875,54.82726995],[-121.59663207,54.82738033],[-121.5970034,54.82745047],[-121.59730251,54.827511],[-121.59754258,54.82762458],[-121.59777669,54.82775917],[-121.59810843,54.82791263],[-121.5985216,54.82806644],[-121.59897498,54.82821349],[-121.59951631,54.82831853],[-121.59990389,54.82835876],[-121.5999968,54.82836909],[-121.60044788,54.82839223],[-121.6008041,54.82843211],[-121.6009127,54.82845134],[-121.60134661,54.82851044],[-121.6017952,54.82858735],[-121.6021897,54.82864075],[-121.60257615,54.82867138],[-121.60293873,54.82868135],[-121.60325788,54.82870912],[-121.60354868,54.82875149],[-121.60381418,54.82882733],[-121.60406769,54.82891314],[-121.60432123,54.82902707],[-121.60459983,54.82911608],[-121.60487522,54.82915703],[-121.60509763,54.82914386],[-121.60528431,54.82913175],[-121.60548146,54.82913318],[-121.60576037,54.82918124],[-121.60601857,54.82922326],[-121.60628737,54.82925032],[-121.60652018,54.82927097],[-121.60676696,54.82933648],[-121.60696583,54.8294376],[-121.60718132,54.82951202],[-121.60739696,54.82956863],[-121.60762635,54.82954833],[-121.6078959,54.82950525],[-121.60820532,54.82945612],[-121.60858892,54.82947819],[-121.60898565,54.82955367],[-121.60918531,54.82962488],[-121.60936835,54.8297349],[-121.60956746,54.82984492],[-121.60973992,54.82995779],[-121.60990142,54.83008241],[-121.61002166,54.83021878],[-121.61015767,54.83033699],[-121.61030904,54.83046481],[-121.61047509,54.83061044],[-121.61064115,54.83075606],[-121.61077592,54.83091059],[-121.61092746,54.83103806],[-121.61106316,54.83117442],[-121.61121409,54.83130189],[-121.61134941,54.83144716],[-121.61146867,54.83159243],[-121.61156364,54.83176227],[-121.61164664,54.83196486],[-121.61171812,54.83220057],[-121.61187227,54.83239497],[-121.61205158,54.83255484],[-121.61225683,54.83267981],[-121.61242445,54.83278983],[-121.61259085,54.8329173],[-121.61274187,54.83305402],[-121.61292387,54.83320001],[-121.61309034,54.83333673],[-121.61325744,54.83347345],[-121.61340839,54.83360092],[-121.61352442,54.83369812],[-121.61362524,54.83378001],[-121.6137113,54.83384695],[-121.61386233,54.83398368],[-121.61399198,54.83413464],[-121.61411551,54.83431908],[-121.61419711,54.83452345],[-121.6142226,54.83468581],[-121.61421272,54.83481755],[-121.61426256,54.83492294],[-121.61436164,54.83502477],[-121.61450856,54.8351234],[-121.61466144,54.83525478],[-121.61478446,54.83539329],[-121.61497667,54.83553998],[-121.61520555,54.83567955],[-121.61563204,54.83595407],[-121.61586436,54.83600143],[-121.61607443,54.83607299],[-121.61627902,54.83615916],[-121.61647798,54.83626028],[-121.61671363,54.83635285],[-121.61695499,54.83642762],[-121.61718068,54.83651094],[-121.61739231,54.83664232],[-121.61768421,54.83681429],[-121.61805559,54.83702721],[-121.61850583,54.83721521],[-121.61885387,54.8373619],[-121.61909972,54.83746729],[-121.61923496,54.83761292],[-121.61938635,54.83773148],[-121.61958024,54.8378383],[-121.6197843,54.83793372],[-121.62016825,54.83804267],[-121.6206592,54.8381502],[-121.6215868,54.83830046],[-121.62236422,54.83853403],[-121.62299208,54.83885091],[-121.62324317,54.83879964],[-121.62347855,54.83873947],[-121.62374561,54.83866149],[-121.62435808,54.83852477],[-121.62503091,54.83856749],[-121.62563284,54.83858423],[-121.62594041,54.83854862],[-121.62623565,54.83856002],[-121.62654029,54.83860346],[-121.62698337,54.83871027],[-121.62742559,54.83882029],[-121.6277455,54.83887762],[-121.62800974,54.83889862],[-121.62828846,54.83894064],[-121.62853253,54.83900152],[-121.62876137,54.83907807],[-121.62897584,54.83917919],[-121.62917524,54.83927141],[-121.62935896,54.83937217],[-121.62954678,54.83948825],[-121.62972418,54.83961892],[-121.62985964,54.83976419],[-121.62995226,54.83989237],[-121.63003196,54.8400298],[-121.63011479,54.84019679],[-121.63023293,54.8403798],[-121.63052076,54.84066856],[-121.63090669,54.84097263],[-121.63139086,54.84129165],[-121.6317557,54.84160533],[-121.63199715,54.84194536],[-121.63312524,54.84173066],[-121.63428131,54.84162064],[-121.6355112,54.84164343],[-121.63670594,54.84177375],[-121.63793417,54.84183249],[-121.63922948,54.8420536],[-121.64044503,54.84217502],[-121.64163705,54.84239221],[-121.64271589,54.84257308],[-121.64371053,54.84278387],[-121.64417231,54.84300782],[-121.64450939,54.84318015],[-121.64472142,54.84330157],[-121.64495126,54.84340304],[-121.64516552,54.84352232],[-121.64534932,54.84362308],[-121.64559462,54.84372456],[-121.64574839,54.84389617],[-121.6458403,54.84413793],[-121.64582994,54.84445838],[-121.64584988,54.84472898],[-121.64594328,54.8449419],[-121.64609364,54.84511423],[-121.64622867,54.84526876],[-121.6463487,54.84540477],[-121.64645266,54.84554078],[-121.64671048,54.84560558],[-121.64714586,54.84561626],[-121.64775989,54.84557318],[-121.64826166,54.84563193],[-121.64857815,54.84574409],[-121.64870905,54.84591036],[-121.64880372,54.84603427],[-121.64829479,54.84666662],[-121.64788977,54.84717755],[-121.64757014,54.84757918],[-121.64741082,54.84784835],[-121.64731963,54.84803101],[-121.64722137,54.84817379],[-121.64710818,54.84830731],[-121.64697743,54.84847643],[-121.64687918,54.84861921],[-121.64678544,54.84878584],[-121.64671263,54.84894998],[-121.64667926,54.84917109],[-121.64666376,54.84947053],[-121.64664274,54.84963503],[-121.6466374,54.84979098],[-121.64664805,54.84993767],[-121.64662644,54.85012638],[-121.64660603,54.85027877],[-121.64658381,54.85046748],[-121.64657796,54.85063802],[-121.64664056,54.85079148],[-121.64672377,54.8509364],[-121.64681337,54.85105389],[-121.64691701,54.85121091],[-121.64697908,54.85137363],[-121.6469999,54.85154133],[-121.64704147,54.85169479],[-121.64711397,54.85184825],[-121.6472186,54.85198426],[-121.64733741,54.85214733],[-121.64738166,54.85222887],[-121.64750109,54.85239194],[-121.6476051,54.85252795],[-121.64769443,54.85266361],[-121.64779742,54.85283558],[-121.64787067,54.85297124],[-121.64797354,54.85316101],[-121.64812374,54.85332444],[-121.64825119,54.8534957],[-121.64830612,54.85372393],[-121.64828778,54.85400949],[-121.64862468,54.85412591],[-121.64888559,54.8542516],[-121.64908228,54.85437978],[-121.6492529,54.85450547],[-121.64945209,54.85460658],[-121.64966638,54.8547166],[-121.64992646,54.8548455],[-121.65010983,54.85495552],[-121.65029336,54.85506518],[-121.65052867,54.85516986],[-121.65076975,54.85525923],[-121.65106285,54.85535251],[-121.65132412,54.85544509],[-121.65158622,54.85552912],[-121.65186431,54.85560389],[-121.65212705,54.85566086],[-121.65258205,54.85572886],[-121.65280937,54.85576731],[-121.65331272,54.85577301],[-121.65369517,54.85577123],[-121.65406537,54.85578405],[-121.65452079,54.8558282],[-121.65497483,54.85591721],[-121.65535673,54.85598415],[-121.65553738,54.85600836],[-121.65572275,54.85600338],[-121.65591341,54.85595852],[-121.656108,54.85588481],[-121.65633827,54.85578049],[-121.65657085,54.85570892],[-121.65680653,54.85568863],[-121.65705711,54.85571141],[-121.65731118,54.85576304],[-121.65757329,54.85584707],[-121.65784154,54.85590689],[-121.65809714,54.85592683],[-121.65834943,54.85593644],[-121.65868451,54.85591116],[-121.65902036,54.85589905],[-121.6593517,54.85592647],[-121.65962638,54.85595068],[-121.66024644,54.85589336],[-121.6609551,54.85580328],[-121.66119651,54.85558146],[-121.66134304,54.85543441],[-121.6614101,54.85530017],[-121.6613969,54.85517912],[-121.66198568,54.8552724],[-121.66250493,54.85537032],[-121.66293847,54.85545684],[-121.66324061,54.85553588],[-121.66346608,54.85556757],[-121.66387206,54.85568863],[-121.66449273,54.8559311],[-121.66505659,54.85615719],[-121.66550292,54.85631172],[-121.66584429,54.8563605],[-121.66613972,54.8563637],[-121.66640501,54.85636655],[-121.66667075,54.85633059],[-121.66692199,54.85627362],[-121.66711274,54.85626365],[-121.66732983,54.85628395],[-121.66757577,54.85634661],[-121.66783592,54.85643634],[-121.66805112,54.85651075],[-121.66827732,54.85663003],[-121.66848424,54.85676711],[-121.66869003,54.85698501],[-121.66866523,54.85726345],[-121.66867844,54.85732647],[-121.66871993,54.85748847],[-121.66871866,54.85754259],[-121.66869417,54.85765012],[-121.66864817,54.85778435],[-121.66858834,54.85797448],[-121.66867831,54.85818598],[-121.66891778,54.85841955],[-121.66973492,54.85884788],[-121.67051779,54.85935383],[-121.67126631,54.85985515],[-121.67201772,54.86027992],[-121.67262223,54.86069187],[-121.67335497,54.86103725],[-121.67407653,54.8613787],[-121.6749247,54.86163684],[-121.67619298,54.86145276],[-121.67642014,54.86164716],[-121.676608,54.86177605],[-121.67677109,54.86187254],[-121.67692481,54.86194625],[-121.67708274,54.86202565],[-121.67723056,54.86212036],[-121.67736738,54.86222967],[-121.67801131,54.86222575],[-121.67877654,54.86217305],[-121.68002602,54.86192595],[-121.68084573,54.86210576],[-121.68104741,54.8626021],[-121.68129226,54.86274843],[-121.68149558,54.86288551],[-121.68167246,54.86302224],[-121.68183882,54.86318602],[-121.6820199,54.8633555],[-121.68221733,54.86351359],[-121.68244601,54.86367773],[-121.6825978,54.8637963],[-121.68270921,54.86394228],[-121.68279617,54.86408897],[-121.68280091,54.86425988],[-121.6828302,54.86441903],[-121.68288467,54.86456644],[-121.6830769,54.86466827],[-121.68331466,54.86474767],[-121.68331524,54.8651144],[-121.6835387,54.86541313],[-121.68398643,54.86564492],[-121.68438054,54.86567198],[-121.68467933,54.86574105],[-121.68488344,54.86585214],[-121.68506628,54.86597996],[-121.68520873,54.86623134],[-121.68535873,54.86652437],[-121.68551597,54.86685977],[-121.68561929,54.86719944],[-121.68595386,54.86728098],[-121.68618329,54.86741521],[-121.68637049,54.86757686],[-121.68656756,54.86773993],[-121.6867957,54.86790407],[-121.68710183,54.86808708],[-121.68712324,54.86838403],[-121.68711123,54.86874329],[-121.68711809,54.86949847],[-121.68706393,54.87004608],[-121.6869468,54.87045804],[-121.68720584,54.87063179],[-121.68743596,54.87075107],[-121.68769649,54.8708796],[-121.68794228,54.87099033],[-121.68809591,54.87105763],[-121.68826454,54.87114628],[-121.68847832,54.87128372],[-121.68876921,54.87139054],[-121.68905099,54.87151053],[-121.68931937,54.87167609],[-121.68950926,54.87189969],[-121.68969746,54.87213647],[-121.68989043,54.87232624],[-121.69010883,54.87247934],[-121.69031569,54.87261571],[-121.69051939,54.87273463],[-121.69076501,54.87285391],[-121.69099499,54.87297354],[-121.69116021,54.87310493],[-121.69131351,54.87324343],[-121.69141715,54.87340935],[-121.69150206,54.87367995],[-121.69137134,54.8739769],[-121.69128077,54.87424964],[-121.69134543,54.87440203],[-121.69149468,54.87454267],[-121.69168421,54.87463168],[-121.69197537,54.87472853],[-121.69231775,54.87479724],[-121.69273466,54.87481256],[-121.69310434,54.87483641],[-121.69341612,54.8748827],[-121.69367299,54.87497064],[-121.6939298,54.87507497],[-121.69418724,54.8752416],[-121.69447557,54.87543137],[-121.69479464,54.87564465],[-121.69517799,54.87584048],[-121.69557253,54.8760064],[-121.69580211,54.87612568],[-121.69604753,54.87626311],[-121.69626104,54.87640945],[-121.69644462,54.87651021],[-121.69664342,54.87662913],[-121.6968257,54.87677476],[-121.69695415,54.87693391],[-121.69704726,54.87710268],[-121.69710567,54.87728107],[-121.69716279,54.87744058],[-121.69727551,54.8775976],[-121.69741273,54.87774571],[-121.69760073,54.87787069],[-121.69780521,54.87797181],[-121.69800054,54.87804551],[-121.69827922,54.87814948],[-121.69848827,54.87827445],[-121.69862755,54.87842079],[-121.69924007,54.87875192],[-121.69994813,54.87903106],[-121.70073627,54.87920126],[-121.70141151,54.87936255],[-121.70205351,54.87943803],[-121.70254958,54.87957832],[-121.70308016,54.87966199],[-121.70344882,54.87981972],[-121.7037472,54.87997959],[-121.70399944,54.88015512],[-121.70433341,54.88032246],[-121.70474909,54.88048162],[-121.70553939,54.88078961],[-121.70618144,54.88119194],[-121.70667477,54.88168828],[-121.70750778,54.8812069],[-121.70829797,54.88085868],[-121.70904871,54.88068101],[-121.70978002,54.88060695],[-121.71031623,54.88041789],[-121.71054555,54.88028152],[-121.71065952,54.88013483],[-121.71065734,54.87997816],[-121.71060021,54.8798158],[-121.71052726,54.87966234],[-121.71040853,54.87947221],[-121.71031976,54.87932765],[-121.71024826,54.87912898],[-121.71016094,54.8789392],[-121.7112016,54.87871881],[-121.71229264,54.87855751],[-121.71352039,54.87834887],[-121.71445264,54.87828869],[-121.71531029,54.87826591],[-121.7155794,54.87862837],[-121.7160753,54.87920873],[-121.71615194,54.87952918],[-121.71628809,54.87986707],[-121.71640777,54.88002124],[-121.71654355,54.88017542],[-121.71669419,54.88032959],[-121.71686076,54.88048411],[-121.71705873,54.880639],[-121.71727202,54.88079423],[-121.71743952,54.8809128],[-121.71760695,54.88104917],[-121.717805,54.88118625],[-121.7180195,54.88131443],[-121.71817108,54.88143264],[-121.7183529,54.88160532],[-121.71847296,54.88175059],[-121.71860842,54.88191366],[-121.71877466,54.88207709],[-121.71898289,54.88223126],[-121.71938768,54.88229642],[-121.71998948,54.88227292],[-121.72102676,54.88210201],[-121.72197035,54.88194927],[-121.72282039,54.88181432],[-121.72290872,54.88196814],[-121.72301187,54.88216682],[-121.72306788,54.88235624],[-121.72314032,54.88253675],[-121.72390808,54.8826774],[-121.72478204,54.88287429],[-121.72590197,54.88317658],[-121.72674232,54.88353691],[-121.72718557,54.88393604],[-121.72736069,54.88431239],[-121.72745645,54.88452602],[-121.72751138,54.88474642],[-121.72760879,54.88496325],[-121.7277374,54.88521213],[-121.72801188,54.88541259],[-121.72833403,54.88563477],[-121.72870403,54.88587831],[-121.72898328,54.88602892],[-121.72924631,54.88614178],[-121.72947761,54.8862251],[-121.72977037,54.88634473],[-121.7300154,54.88648217],[-121.7301988,54.88659184],[-121.73039849,54.88669295],[-121.73065108,54.88686137],[-121.73088635,54.8870515],[-121.73114568,54.88723095],[-121.73130219,54.88737657],[-121.73140343,54.88744921],[-121.73207333,54.88725053],[-121.73251551,54.88690765],[-121.73272995,54.88642057],[-121.73271972,54.88575547],[-121.73270916,54.88509926],[-121.73269952,54.8844071],[-121.73275332,54.88424011],[-121.73276878,54.88407846],[-121.73274574,54.88392251],[-121.73270459,54.88376015],[-121.73267846,54.88358925],[-121.73268391,54.88341834],[-121.73271491,54.88325384],[-121.73283336,54.88311748],[-121.73303944,54.88300888],[-121.73266538,54.88289388],[-121.73238931,54.88276214],[-121.73221,54.88261366],[-121.73206013,54.88244133],[-121.73213699,54.88196565],[-121.73290618,54.88168615],[-121.73372638,54.88133543],[-121.73481622,54.88076646],[-121.73597261,54.88033528],[-121.73720571,54.8801772],[-121.73844779,54.88022491],[-121.73967771,54.88043248],[-121.74092402,54.88061906],[-121.74179795,54.88075899],[-121.74251217,54.88090034],[-121.74312391,54.88095553],[-121.74358753,54.88107231],[-121.74405325,54.88108798],[-121.74446325,54.88109011],[-121.74463747,54.8810011],[-121.74473452,54.88089535],[-121.74473909,54.88075756],[-121.74530853,54.88097903],[-121.74555877,54.88046346],[-121.74581014,54.87989378],[-121.74597377,54.87929525],[-121.74604915,54.87872201],[-121.74604069,54.87798498],[-121.74573193,54.87783402],[-121.74557372,54.87768269],[-121.74556622,54.87753066],[-121.74566962,54.87738788],[-121.74577279,54.87724831],[-121.74579524,54.87696667],[-121.74573369,54.87665477],[-121.74553549,54.87618229],[-121.74530158,54.8756945],[-121.74526488,54.87554139],[-121.74516166,54.87540253],[-121.74503419,54.87526937],[-121.74497918,54.87519994],[-121.74489863,54.87510915],[-121.74473197,54.87489765],[-121.74452215,54.8746858],[-121.74427563,54.87449068],[-121.74407804,54.87431586],[-121.74393061,54.87416134],[-121.74382721,54.87398082],[-121.74378545,54.87381846],[-121.74370757,54.87364577],[-121.74351852,54.87343321],[-121.74321847,54.87318041],[-121.74269741,54.87289664],[-121.74223777,54.87264918],[-121.74203184,54.87247507],[-121.74186979,54.87228886],[-121.74181163,54.8721354],[-121.74180692,54.87197055],[-121.74181064,54.87183881],[-121.74182403,54.87174018],[-121.74172957,54.87161342],[-121.74162015,54.87146246],[-121.74149578,54.87128728],[-121.74146971,54.87111638],[-121.74127112,54.870656],[-121.741184,54.87028642],[-121.74106557,54.87008738],[-121.74091466,54.86992431],[-121.74074861,54.86976053],[-121.7406744,54.86957716],[-121.74064077,54.86936994],[-121.74069428,54.86899324],[-121.74075734,54.86846663],[-121.74130788,54.86803795],[-121.74212345,54.86769293],[-121.74320529,54.86743159],[-121.74390626,54.86709904],[-121.74448432,54.86677147],[-121.74506544,54.86645209],[-121.74561121,54.86627406],[-121.74609629,54.86616404],[-121.74631573,54.86611562],[-121.74672524,54.86590804],[-121.74721092,54.86571115],[-121.7476752,54.86554629],[-121.74802164,54.86542417],[-121.74826274,54.8653526],[-121.74842944,54.86527462],[-121.74864959,54.86521374],[-121.74883881,54.86515286],[-121.7490753,54.86506562],[-121.74926771,54.86498551],[-121.74950908,54.86491608],[-121.74979817,54.86485733],[-121.74970919,54.86472132],[-121.74966697,54.86456822],[-121.74967196,54.86440657],[-121.74966079,54.86426272],[-121.74965047,54.86410072],[-121.74965512,54.86394797],[-121.74967814,54.86376033],[-121.74982371,54.86352641],[-121.75016511,54.86323338],[-121.75065319,54.86291578],[-121.75014962,54.86256008],[-121.7502737,54.86236247],[-121.75031199,54.86212641],[-121.75026543,54.86185118],[-121.75028682,54.86165357],[-121.75032286,54.86150118],[-121.75037443,54.86134594],[-121.75047448,54.86112234],[-121.75062363,54.86083038],[-121.75117309,54.86041878],[-121.75197032,54.86000647],[-121.75301452,54.85959381],[-121.75397549,54.85924701],[-121.75414423,54.85882652],[-121.75417371,54.85872789],[-121.75422975,54.85864564],[-121.75438471,54.85855129],[-121.75464074,54.8584021],[-121.75495233,54.8581785],[-121.75512751,54.85788369],[-121.75516519,54.85756075],[-121.75551036,54.85758923],[-121.75589099,54.85760098],[-121.7564119,54.85754651],[-121.75640264,54.85683654],[-121.75642438,54.85663003],[-121.75662047,54.85661508],[-121.75688489,54.85662255],[-121.75721795,54.85665317],[-121.75801553,54.85672723],[-121.75921033,54.85676034],[-121.76009295,54.85672652],[-121.76072486,54.85665104],[-121.76110366,54.85660297],[-121.76160426,54.85653603],[-121.76210996,54.8564253],[-121.76257431,54.85629534],[-121.76307529,54.8561515],[-121.76370214,54.85603008],[-121.76352235,54.85579473],[-121.76432406,54.85544829],[-121.76496446,54.85504453],[-121.76534108,54.85455994],[-121.76553401,54.85402373],[-121.76565221,54.8537371],[-121.76574363,54.85351742],[-121.76580905,54.85336432],[-121.76581342,54.85320267],[-121.76586531,54.85303853],[-121.76593238,54.85288044],[-121.76603021,54.85273767],[-121.76611342,54.85257673],[-121.76619533,54.8524336],[-121.7658661,54.8519928],[-121.7656649,54.8514516],[-121.76557623,54.8509485],[-121.76560071,54.8504835],[-121.76560035,54.85026168],[-121.76556186,54.85006656],[-121.76550973,54.84990135],[-121.7666531,54.85002384],[-121.76750325,54.85007724],[-121.76819059,54.85010929],[-121.76871652,54.85011961],[-121.76904411,54.8501716],[-121.76930479,54.85024423],[-121.76949932,54.85033716],[-121.76979212,54.85044789],[-121.77008714,54.85051982],[-121.77036946,54.85057073],[-121.77057059,54.8505718],[-121.7707541,54.85056539],[-121.77101437,54.85054118],[-121.77145661,54.85050985],[-121.77290634,54.85047032],[-121.77330088,54.8504867],[-121.77350044,54.85052516],[-121.77365263,54.85057394],[-121.77376149,54.85063909],[-121.77383931,54.85069499],[-121.77393041,54.85076656],[-121.77413895,54.85091432],[-121.77434173,54.85100547],[-121.7745175,54.85105817],[-121.77466765,54.85107205],[-121.77481074,54.85105389],[-121.77491306,54.85104108],[-121.77506005,54.85101437],[-121.77520516,54.8509809],[-121.77546328,54.85091931],[-121.77576125,54.85085985],[-121.77601543,54.85083813],[-121.77622064,54.85086554],[-121.77643477,54.850925],[-121.77662958,54.85103502],[-121.77687336,54.85114754],[-121.77718184,54.85125649],[-121.77773688,54.85142704],[-121.77825241,54.85156483],[-121.77870954,54.85171544],[-121.77903467,54.85179057],[-121.77908378,54.85148436],[-121.77922786,54.85116926],[-121.77949085,54.85089047],[-121.7797422,54.85070924],[-121.77995921,54.85058034],[-121.78008724,54.85046214],[-121.78012283,54.85030654],[-121.78017405,54.85015735],[-121.78026183,54.85000532],[-121.7803205,54.84978136],[-121.78034745,54.84958091],[-121.78031664,54.84939184],[-121.78032557,54.849269],[-121.78037702,54.84911661],[-121.78042865,54.84895568],[-121.78043349,54.84878477],[-121.78043879,54.84861422],[-121.78051008,54.84848889],[-121.78061787,54.84835537],[-121.78076193,54.84822506],[-121.78087525,54.8480862],[-121.78097268,54.84794556],[-121.78104028,54.84777536],[-121.78104455,54.84763152],[-121.78109933,54.8474243],[-121.78112909,54.84712806],[-121.78113383,54.84674281],[-121.78107274,54.84636362],[-121.78096816,54.84603106],[-121.78105134,54.84587013],[-121.78108792,54.84569068],[-121.78109255,54.84553793],[-121.78109718,54.84538518],[-121.7811171,54.84523279],[-121.78110582,54.84507969],[-121.7811251,54.84497216],[-121.78111205,54.84487318],[-121.78106893,54.84475604],[-121.78103246,54.84460258],[-121.78101607,54.84444984],[-121.78104765,54.84427323],[-121.78105821,54.84408168],[-121.78106841,54.84392893],[-121.78107242,54.84379114],[-121.78104718,54.84365513],[-121.78102366,54.84351805],[-121.7810017,54.84338025],[-121.78103702,54.84324567],[-121.78102432,54.84313778],[-121.78096649,54.84299323],[-121.78094137,54.84278636],[-121.78099413,54.84266103],[-121.78105058,54.84255065],[-121.78119672,54.84247553],[-121.78129461,54.84239363],[-121.7815082,54.84230889],[-121.78168996,54.84218677],[-121.78189815,54.84205004],[-121.78204244,54.84191652],[-121.78220179,54.84180152],[-121.78239366,54.84163275],[-121.78249578,54.84150493],[-121.78256283,54.84136179],[-121.78259356,54.84120335],[-121.78373402,54.84146612],[-121.78472877,54.84182074],[-121.78538691,54.84232669],[-121.78605742,54.84276072],[-121.78663405,54.84314704],[-121.78737386,54.84345609],[-121.78812765,54.84376301],[-121.78898621,54.84405034],[-121.79007791,54.84433768],[-121.79090742,54.84473646],[-121.79147305,54.84524632],[-121.79268177,54.84545604],[-121.79363254,54.84560344],[-121.794292,54.84576865],[-121.79453731,54.84538447],[-121.79468995,54.84513737],[-121.79475318,54.84493727],[-121.79472651,54.84479343],[-121.7947898,54.84462715],[-121.79504746,54.84447405],[-121.79563256,54.84434195],[-121.79642982,54.84419205],[-121.7973032,54.84401616],[-121.79799688,54.84374734],[-121.79810009,54.84392822],[-121.7981569,54.84411728],[-121.79818529,54.84421662],[-121.7982732,54.84439714],[-121.79839284,54.84456911],[-121.79848166,54.84471367],[-121.79858634,54.84487639],[-121.79868922,54.84506616],[-121.79870355,54.84512028],[-121.79873593,54.84525843],[-121.79878816,54.84540868],[-121.79887744,54.8455536],[-121.79893709,54.84564404],[-121.79910364,54.84579856],[-121.79924048,54.84591641],[-121.79940703,54.84607094],[-121.7994835,54.84612577],[-121.79953416,54.8461653],[-121.79961554,54.84622974],[-121.7997435,54.84634403],[-121.79991837,54.84650746],[-121.8000381,54.84668335],[-121.80017611,54.84680548],[-121.80033346,54.8468742],[-121.80083403,54.84703264],[-121.8012946,54.84726407],[-121.80162515,54.84754892],[-121.80179989,54.84784729],[-121.80180991,54.84803599],[-121.80180627,54.84815278],[-121.80184068,54.84826885],[-121.80189779,54.84839347],[-121.80197086,54.84856188],[-121.80199408,54.84871071],[-121.80199306,54.84885848],[-121.80196971,54.84899413],[-121.80196387,54.84914296],[-121.801959,54.84930461],[-121.80196938,54.84948442],[-121.80198138,54.84959266],[-121.80199383,54.84970944],[-121.80208922,54.84992806],[-121.80235705,54.85018228],[-121.80279655,54.85047246],[-121.80304146,54.85067648],[-121.80319154,54.85087551],[-121.80324601,54.85106992],[-121.80335143,54.85119988],[-121.8033994,54.85132699],[-121.8034367,54.85147617],[-121.8034791,54.85162643],[-121.8034792,54.85178807],[-121.80343809,54.85196147],[-121.80340465,54.85202414],[-121.80326996,54.85237342],[-121.80320365,54.85251656],[-121.8031223,54.85262337],[-121.80305604,54.8527487],[-121.80295902,54.85287368],[-121.80289727,54.85304351],[-121.80285527,54.85322297],[-121.80285199,54.8533458],[-121.80283291,54.85344763],[-121.80281433,54.85355516],[-121.80278463,54.8537307],[-121.80273206,54.8538749],[-121.80258218,54.85402907],[-121.80284696,54.85420852],[-121.80300915,54.85433883],[-121.80351108,54.85423202],[-121.80413176,54.8541252],[-121.80523768,54.85395643],[-121.80625831,54.85386778],[-121.80699786,54.85378517],[-121.80701815,54.85362352],[-121.80788729,54.8537307],[-121.80907627,54.8539194],[-121.80949706,54.8540782],[-121.80972121,54.85423415],[-121.80970589,54.8543958],[-121.80967004,54.85454819],[-121.80961868,54.85471839],[-121.80961421,54.85487113],[-121.80960858,54.85505094],[-121.80960356,54.85523074],[-121.80959727,54.85542835],[-121.80959275,54.8555989],[-121.80960497,54.85570679],[-121.80962687,54.85584778],[-121.80969788,54.85601548],[-121.80979344,54.85618496],[-121.80985322,54.8562576],[-121.80997417,54.85640251],[-121.81008833,54.85656238],[-121.81028326,54.85672011],[-121.81051581,54.8568604],[-121.81114546,54.85705516],[-121.81190678,54.85723924],[-121.8129365,54.85742616],[-121.81371356,54.85772133],[-121.81410985,54.85821339],[-121.81424752,54.85887992],[-121.81557439,54.85879412],[-121.81636917,54.85900953],[-121.8171858,54.85920002],[-121.81806655,54.85927657],[-121.81886049,54.85937128],[-121.81952966,54.85939478],[-121.82003221,54.85943643],[-121.82089052,54.85960876],[-121.82184745,54.85987046],[-121.8228989,54.86031232],[-121.82307343,54.86020586],[-121.82329415,54.86010937],[-121.82353145,54.86000363],[-121.82375266,54.85989788],[-121.82395779,54.85979213],[-121.82415771,54.85970739],[-121.8243636,54.85965719],[-121.8245966,54.85961268],[-121.82485269,54.8595582],[-121.82507222,54.85950658],[-121.82530798,54.85943964],[-121.82554303,54.85938516],[-121.82571615,54.85934172],[-121.8258753,54.85921461],[-121.82600357,54.85909284],[-121.82623718,54.85897748],[-121.82649796,54.85888811],[-121.82719058,54.85881085],[-121.82825773,54.85871935],[-121.82869337,54.85867947],[-121.8292431,54.85859401],[-121.82943413,54.85867875],[-121.82967944,54.85877204],[-121.82991508,54.85888527],[-121.8300733,54.85897962],[-121.83014285,54.85920393],[-121.83028783,54.85944605],[-121.83066032,54.85975118],[-121.83125214,54.85999152],[-121.8320639,54.86016705],[-121.83232476,54.86032016],[-121.83259291,54.86037677],[-121.83291764,54.86040276],[-121.83335613,54.86051207],[-121.83390099,54.86075098],[-121.83417578,54.86060073],[-121.83444089,54.86041451],[-121.83463542,54.86031161],[-121.83482082,54.8601934],[-121.83491837,54.86005062],[-121.83503186,54.85995591],[-121.83515767,54.85986405],[-121.83536338,54.85975831],[-121.83553791,54.85963404],[-121.83568232,54.85949162],[-121.83591353,54.85939513],[-121.83617489,54.85933852],[-121.83648811,54.85929579],[-121.83699754,54.85927051],[-121.83816239,54.85958135],[-121.83915196,54.85994452],[-121.83998021,54.86029381],[-121.84032784,54.86048893],[-121.84033898,54.86064167],[-121.84036478,54.86081258],[-121.84043903,54.86095713],[-121.8405743,54.86112946],[-121.84066457,54.86122916],[-121.84072491,54.86129254],[-121.84075532,54.8613196],[-121.84095389,54.86146558],[-121.84115842,54.86157524],[-121.84129678,54.86164253],[-121.84140985,54.86168241],[-121.84152305,54.86173155],[-121.84175307,54.86185047],[-121.84199994,54.8619377],[-121.84232123,54.86208048],[-121.84271739,54.86227916],[-121.8430473,54.86253801],[-121.84337424,54.86273384],[-121.84377016,54.86280754],[-121.84434397,54.86277407],[-121.84499638,54.86265728],[-121.84539076,54.86261705],[-121.84571955,54.86263414],[-121.84596076,54.86273526],[-121.84619621,54.86285454],[-121.84636442,54.86296385],[-121.84662422,54.86313724],[-121.84679212,54.86325545],[-121.84702231,54.86338363],[-121.84723625,54.86352035],[-121.84745117,54.86363037],[-121.84771262,54.86374965],[-121.84779337,54.86384721],[-121.84800635,54.86402702],[-121.84843521,54.86429156],[-121.84902977,54.86456181],[-121.85065476,54.86439446],[-121.85150535,54.86424991],[-121.85211206,54.86412066],[-121.85253155,54.86402773],[-121.85279839,54.86390169],[-121.85305646,54.86377315],[-121.85319998,54.86366669],[-121.85326931,54.86359833],[-121.85339203,54.86347086],[-121.85355197,54.8633377],[-121.8537601,54.86314187],[-121.85398371,54.86294604],[-121.85416026,54.86276802],[-121.85433652,54.86258109],[-121.85450104,54.86246786],[-121.85469576,54.86237672],[-121.85492115,54.862308],[-121.8551455,54.86226207],[-121.85540736,54.86218658],[-121.85561252,54.8621079],[-121.85591146,54.8619847],[-121.8561944,54.86190637],[-121.85646108,54.8618462],[-121.85671183,54.86178567],[-121.85689991,54.86175149],[-121.85721197,54.86174543],[-121.85749232,54.86174793],[-121.8578018,54.8618049],[-121.85806489,54.86187005],[-121.85835839,54.86197188],[-121.85864677,54.8620495],[-121.85891377,54.86215383],[-121.8591594,54.86228485],[-121.85932632,54.86245718],[-121.85935594,54.8625024],[-121.85938506,54.86257468],[-121.85956854,54.862705],[-121.85976743,54.86282997],[-121.85995768,54.86295352],[-121.86008292,54.86306354],[-121.86012465,54.86317356],[-121.86013857,54.86330672],[-121.86009158,54.86348012],[-121.86003485,54.86365316],[-121.85998907,54.86381161],[-121.85996316,54.86398215],[-121.85990154,54.86415235],[-121.85983449,54.86431542],[-121.85983489,54.86447707],[-121.85990321,54.86463765],[-121.86015105,54.86468465],[-121.8604199,54.86474126],[-121.86070386,54.86479182],[-121.86100402,54.86483668],[-121.86127246,54.86489009],[-121.86152656,54.86497518],[-121.86176086,54.86506847],[-121.86200706,54.86518739],[-121.86226746,54.86533373],[-121.86252783,54.86549787],[-121.86277388,54.86561715],[-121.86291173,54.8656994],[-121.86300383,54.86575423],[-121.86333848,54.86585001],[-121.86374685,54.8659319],[-121.86449345,54.86597462],[-121.86558433,54.8661028],[-121.86653289,54.86623241],[-121.86733639,54.86628475],[-121.86813397,54.86617935],[-121.86939381,54.86625413],[-121.87006731,54.86661694],[-121.87060254,54.86704741],[-121.871184,54.8674291],[-121.87181405,54.86775951],[-121.87246723,54.8681031],[-121.87302787,54.86836409],[-121.8730275,54.86856455],[-121.87306438,54.8687237],[-121.87315267,54.86892238],[-121.87318232,54.8689854],[-121.87331718,54.86917553],[-121.873432,54.8693443],[-121.87358755,54.86952838],[-121.87363219,54.86960066],[-121.87381361,54.86980005],[-121.87391961,54.8699268],[-121.87407089,54.87009023],[-121.87416432,54.87027075],[-121.87423411,54.87050219],[-121.87427978,54.87078418],[-121.87446075,54.87119934],[-121.87445647,54.87134282],[-121.87445266,54.87148667],[-121.87445092,54.87153153],[-121.87446352,54.87164867],[-121.87444441,54.87177436],[-121.87444298,54.87182812],[-121.87442275,54.87199867],[-121.87440094,54.87222334],[-121.87439841,54.87230417],[-121.87436178,54.87250142],[-121.87446842,54.87265417],[-121.87485678,54.87270259],[-121.87552669,54.87264704],[-121.87456864,54.87310564],[-121.87381636,54.87355391],[-121.8731975,54.87402461],[-121.87296301,54.87459358],[-121.87283722,54.87520136],[-121.87271664,54.8758565],[-121.87239514,54.87638666],[-121.87187319,54.87679221],[-121.87188266,54.87700797],[-121.87192511,54.87716998],[-121.87195099,54.87735904],[-121.87203984,54.87753066],[-121.87217337,54.87775675],[-121.87218884,54.87777455],[-121.87233847,54.87798285],[-121.8726876,54.8783275],[-121.87398264,54.87847455],[-121.87536204,54.87855004],[-121.87676436,54.87857211],[-121.87581153,54.87919841],[-121.87528123,54.87966769],[-121.8749884,54.88004154],[-121.87506033,54.8803068],[-121.87530759,54.88050868],[-121.87549757,54.8807921],[-121.8757296,54.88104276],[-121.87586648,54.88115207],[-121.87589726,54.88117023],[-121.87620289,54.88139774],[-121.87624522,54.88155191],[-121.87593447,54.88169576],[-121.8752711,54.88182963],[-121.8752525,54.88248548],[-121.87427012,54.8826952],[-121.8736453,54.88291488],[-121.87316084,54.88314311],[-121.87281689,54.88337953],[-121.87230661,54.88366758],[-121.87173412,54.88394672],[-121.87118576,54.88429708],[-121.87054676,54.88459189],[-121.86980195,54.88496325],[-121.8688461,54.88526198],[-121.86796994,54.88556925],[-121.86729209,54.88581849],[-121.86683284,54.88607983],[-121.86632986,54.88640776],[-121.86573337,54.88674672],[-121.86568067,54.88689199],[-121.86558729,54.8870191],[-121.86545214,54.88712769],[-121.86518884,54.88725409],[-121.86484142,54.88742144],[-121.86466668,54.8875368],[-121.86452259,54.88766106],[-121.86431534,54.88782093],[-121.86414029,54.88794519],[-121.86393305,54.88812286],[-121.86378831,54.88827454],[-121.86369031,54.88843512],[-121.86359168,54.88862311],[-121.863524,54.88879331],[-121.86278246,54.88893003],[-121.86215332,54.8892398],[-121.86150311,54.88957698],[-121.86081891,54.8899989],[-121.8598342,54.89039127],[-121.85869631,54.89082387],[-121.85808416,54.89132733],[-121.85785896,54.89181156],[-121.85786368,54.89219396],[-121.8581557,54.89246955],[-121.85833801,54.89264686],[-121.85838013,54.89280424],[-121.85798459,54.89301217],[-121.85763448,54.89319767],[-121.85732996,54.89336039],[-121.85732224,54.89358007],[-121.85718701,54.89382433],[-121.85709146,54.89414513],[-121.85708134,54.89449335],[-121.857396,54.89490103],[-121.8565642,54.89520973],[-121.85594909,54.89551842],[-121.85551633,54.89574701],[-121.8551698,54.89586842],[-121.85442236,54.89600835],[-121.85356913,54.89622198],[-121.85411429,54.8966115],[-121.85493381,54.89685576],[-121.85602754,54.89695509],[-121.85648234,54.89686537],[-121.85682525,54.89688068],[-121.85705581,54.89700067],[-121.85723856,54.8971552],[-121.85797494,54.8970822],[-121.85884832,54.89702666],[-121.86001852,54.89699248],[-121.86135819,54.8970409],[-121.86276347,54.89698251],[-121.86433762,54.89701491],[-121.86445115,54.89716374],[-121.86476749,54.89737346],[-121.86528666,54.89764406],[-121.86625954,54.89778897],[-121.86728364,54.89798907],[-121.86828596,54.89819629],[-121.86911671,54.89840779],[-121.86914459,54.89853383],[-121.86918268,54.89865097],[-121.86923161,54.89875921],[-121.86932007,54.89894578],[-121.86939249,54.89914731],[-121.86940751,54.89917437],[-121.86957285,54.89940046],[-121.86968807,54.8995525],[-121.86976711,54.89969278],[-121.86979336,54.89986084],[-121.8697929,54.8998879],[-121.87048378,54.90009797],[-121.87111755,54.90040845],[-121.87163374,54.90078871],[-121.87203233,54.90122096],[-121.87224067,54.9017002],[-121.87255223,54.90216343],[-121.87295855,54.90267329],[-121.87330533,54.90318067],[-121.87385638,54.90355524],[-121.87461172,54.903797],[-121.8744424,54.90439552],[-121.87412308,54.90491892],[-121.87365358,54.90534013],[-121.87344885,54.9057236],[-121.87339744,54.9060857],[-121.87349891,54.90642609],[-121.87337626,54.90683626],[-121.8731413,54.90731551],[-121.87369978,54.90792079],[-121.8744022,54.90851327],[-121.87440061,54.90914241],[-121.87324236,54.90926738],[-121.8723722,54.90951698],[-121.87179014,54.90989119],[-121.87138173,54.91036367],[-121.87089893,54.91077455],[-121.87041327,54.91116158],[-121.86992428,54.9115244],[-121.86958287,54.91195273],[-121.86937501,54.91246117],[-121.86929962,54.91304937],[-121.86928028,54.91372338],[-121.86841123,54.91338584],[-121.86772018,54.91324128],[-121.86687432,54.91312272],[-121.86600554,54.91313447],[-121.86511753,54.91326015],[-121.86421168,54.91349942],[-121.86305033,54.91374617],[-121.86188254,54.91403457],[-121.86104246,54.91430232],[-121.86076691,54.91412928],[-121.86032346,54.91380135],[-121.86021643,54.91372836],[-121.85967798,54.91400715],[-121.85912919,54.91429235],[-121.85856974,54.91458467],[-121.85803806,54.91476341],[-121.85761144,54.91488233],[-121.85729112,54.91494143],[-121.85713864,54.91499377],[-121.85701903,54.91511732],[-121.85688486,54.91532383],[-121.85673631,54.91561295],[-121.85663498,54.9158839],[-121.85653004,54.91610252],[-121.85643511,54.91627841],[-121.85610724,54.91658462],[-121.85554674,54.91702185],[-121.85489672,54.91757907],[-121.8549696,54.91775923],[-121.854938,54.91796361],[-121.85470168,54.9182221],[-121.85418943,54.91867179],[-121.85350635,54.91928848],[-121.85286463,54.92008105],[-121.85220533,54.92078497],[-121.85152691,54.92139951],[-121.85085811,54.92175272],[-121.85011968,54.92205429],[-121.85027184,54.92219066],[-121.85040789,54.92234483],[-121.85052863,54.92249865],[-121.85066378,54.92267952],[-121.85086119,54.92286111],[-121.85116703,54.92307972],[-121.85135038,54.9232225],[-121.85150249,54.92336172],[-121.85162232,54.92352443],[-121.85048602,54.92398125],[-121.85036952,54.92405673],[-121.8502628,54.92414076],[-121.85014908,54.92431024],[-121.85003565,54.92445302],[-121.84989028,54.92462535],[-121.84974578,54.92477382],[-121.84958512,54.92492514],[-121.8494401,54.92508572],[-121.84923147,54.92529935],[-121.84900778,54.92546812],[-121.84884648,54.92561125],[-121.84872212,54.92576863],[-121.84863578,54.9259406],[-121.84864686,54.9260848],[-121.84864309,54.92621939],[-121.84865526,54.92635434],[-121.84863356,54.92655195],[-121.84859971,54.92665022],[-121.8485657,54.92674884],[-121.84856102,54.92691975],[-121.84858625,54.92711771],[-121.84861801,54.92727651],[-121.84868664,54.92743602],[-121.8487715,54.92755957],[-121.84885135,54.92766817],[-121.84891105,54.92776786],[-121.84901648,54.92790352],[-121.84916837,54.92804879],[-121.84930494,54.9281937],[-121.84937984,54.9283023],[-121.84947082,54.92839309],[-121.8495927,54.9284992],[-121.84973011,54.92860245],[-121.84988277,54.92871176],[-121.85005229,54.92880291],[-121.85043628,54.92901334],[-121.85065046,54.92915932],[-121.85078832,54.92926435],[-121.85090967,54.92937437],[-121.85102068,54.92949223],[-121.85117901,54.92960545],[-121.85135244,54.92971405],[-121.85166136,54.92983688],[-121.85197021,54.92994477],[-121.85217876,54.93005657],[-121.85236973,54.930173],[-121.85266966,54.93029655],[-121.85311728,54.93041689],[-121.8538451,54.93059741],[-121.85441917,54.9308495],[-121.85486638,54.93110123],[-121.85506357,54.93123688],[-121.85527024,54.93134192],[-121.85549229,54.93141562],[-121.85568829,54.93147152],[-121.85578581,54.93150535],[-121.85587316,54.93154522],[-121.8560389,54.93158581],[-121.85623029,54.93162035],[-121.85649488,54.931641],[-121.85664521,54.93166628],[-121.85678972,54.93169761],[-121.85699707,54.93173251],[-121.85721493,54.9317496],[-121.85744408,54.93174853],[-121.85771946,54.93176313],[-121.85798875,54.93178983],[-121.85828422,54.93184644],[-121.8585935,54.93193012],[-121.85885646,54.93201343],[-121.85891829,54.9320412],[-121.85914442,54.93215122],[-121.85939961,54.93224629],[-121.85967472,54.93233566],[-121.85993769,54.93241898],[-121.85999983,54.93243785],[-121.86012318,54.93247488],[-121.86037171,54.93253113],[-121.86061933,54.93259629],[-121.86091375,54.93267996],[-121.86119221,54.93276328],[-121.86140855,54.93283734],[-121.86168719,54.93292991],[-121.86185704,54.93299436],[-121.86201082,54.9330766],[-121.862057,54.93309512],[-121.8622115,54.93314141],[-121.86242755,54.93322437],[-121.86266974,54.93331943],[-121.8629069,54.93339954],[-121.86309256,54.93345509],[-121.86330861,54.93353805],[-121.86343359,54.93358932],[-121.86356063,54.93364842],[-121.86369304,54.93373957],[-121.86380437,54.93385137],[-121.86395239,54.93395463],[-121.86413712,54.93404934],[-121.86421416,54.93408601],[-121.86427525,54.93412233],[-121.86436705,54.93419496],[-121.864459,54.93425905],[-121.86459112,54.93435911],[-121.86469301,54.934441],[-121.8647642,54.93450437],[-121.86485569,54.93456811],[-121.86502409,54.93468667],[-121.86524437,54.93482625],[-121.8654378,54.93496902],[-121.86557551,54.93506907],[-121.86571276,54.93517838],[-121.86580382,54.93526917],[-121.86584963,54.93530229],[-121.86590597,54.93534501],[-121.86597209,54.93539629],[-121.86606286,54.93549598],[-121.86612307,54.93556862],[-121.86624323,54.93574059],[-121.86637918,54.93590366],[-121.86647041,54.9359941],[-121.86656118,54.93609379],[-121.86671292,54.93624796],[-121.86679774,54.93637187],[-121.86686248,54.93649221],[-121.86692106,54.93660971],[-121.86696198,54.93682548],[-121.86698872,54.93698748],[-121.86701811,54.93705976],[-121.86707744,54.9371591],[-121.86715244,54.9372677],[-121.86722671,54.93741225],[-121.86733094,54.93758387],[-121.86743503,54.93777365],[-121.86748808,54.93790895],[-121.86755257,54.93803535],[-121.86759511,54.93818845],[-121.86760607,54.93835935],[-121.86760226,54.9384943],[-121.86759932,54.93859292],[-121.86755318,54.93873926],[-121.86752883,54.9388799],[-121.86748685,54.93926586],[-121.86761713,54.93944709],[-121.8677123,54.93956459],[-121.86787121,54.93965894],[-121.86805066,54.9397476],[-121.86812802,54.93977537],[-121.86839182,54.93984053],[-121.86856191,54.93988397],[-121.86873246,54.93992776],[-121.86891295,54.93998936],[-121.86908729,54.94006876],[-121.86924117,54.94014816],[-121.86936434,54.94020904],[-121.8694417,54.94023682],[-121.86959583,54.94031016],[-121.86982644,54.94043799],[-121.87002619,54.94054765],[-121.87019436,54.94067512],[-121.87033271,54.94075737],[-121.87039399,54.94080294],[-121.87043931,54.94084816],[-121.87048509,54.94089373],[-121.87057665,54.94097527],[-121.87077512,54.94111805],[-121.8709902,54.94124872],[-121.87110848,54.94130675],[-121.87125183,54.94138615],[-121.87143013,54.94151042],[-121.8716044,54.94160513],[-121.87172895,54.94167812],[-121.87182482,54.94174185],[-121.87194152,54.9418419],[-121.87210854,54.94200497],[-121.87224012,54.94213529],[-121.87233834,54.94227771],[-121.87242448,54.94243046],[-121.8724694,54.94250273],[-121.87249344,54.94257181],[-121.87251198,54.94265584],[-121.87252296,54.94280894],[-121.87253542,54.94292572],[-121.87256484,54.942998],[-121.87268464,54.94316962],[-121.87275898,54.94331418],[-121.87287874,54.94349826],[-121.87295225,54.94366667],[-121.87297918,54.94381051],[-121.87299521,54.94397857],[-121.8729569,54.94410212],[-121.87290575,54.94421428],[-121.87274322,54.94430258],[-121.87261575,54.94440939],[-121.87253535,54.94454932],[-121.87248541,54.94471382],[-121.87243415,54.94488401],[-121.87360092,54.94502964],[-121.87362745,54.94520054],[-121.8736031,54.94532338],[-121.87358347,54.94547292],[-121.87355904,54.94560146],[-121.87354844,54.94566626],[-121.87353519,54.94571219],[-121.87351824,54.9457567],[-121.87350113,54.94580156],[-121.87343954,54.9459479],[-121.87339027,54.94604902],[-121.87336476,54.94609601],[-121.87335134,54.94613269],[-121.87336582,54.94622989],[-121.87339714,54.94635166],[-121.87343608,54.946451],[-121.87345552,54.94649729],[-121.87346497,54.94653823],[-121.87347746,54.94665502],[-121.87351963,54.94681738],[-121.87355774,54.94694057],[-121.87355519,54.94702745],[-121.87354254,54.94710507],[-121.87350423,54.94718874],[-121.87346718,54.94727099],[-121.87342119,54.94734967],[-121.87333006,54.94746254],[-121.87324363,54.94756081],[-121.87316762,54.94766763],[-121.87310216,54.94778406],[-121.87307265,54.94790049],[-121.87306439,54.94802617],[-121.87307742,54.94810735],[-121.87308098,54.94817928],[-121.87307412,54.94823304],[-121.8730385,54.94839469],[-121.87301822,54.94854708],[-121.87303158,54.94863716],[-121.87304465,54.94873614],[-121.87310205,54.9489074],[-121.87314468,54.94906051],[-121.87321721,54.94925598],[-121.87330557,54.9494397],[-121.87341067,54.94959316],[-121.87351721,54.94970211],[-121.87359328,54.94976585],[-121.87362416,54.949784],[-121.87368548,54.94982958],[-121.8738069,54.94993853],[-121.87395954,54.95007454],[-121.87402011,54.95013828],[-121.87405071,54.95016534],[-121.87415606,54.95029209],[-121.87424521,54.95045481],[-121.87428987,54.95053599],[-121.87437059,54.95064173],[-121.87447094,54.95077134],[-121.87459139,54.95092515],[-121.8747281,54.95107042],[-121.87481898,54.95117012],[-121.87492406,54.95130577],[-121.87499489,54.95137841],[-121.87507626,54.95145104],[-121.87529122,54.95158777],[-121.875444,54.95171523],[-121.87561114,54.9518783],[-121.87576331,54.95200577],[-121.87581958,54.95205704],[-121.87589596,54.95211188],[-121.87599337,54.95216956],[-121.87633081,54.95238817],[-121.87638175,54.95241274],[-121.87645366,54.95245547],[-121.87654545,54.95251599],[-121.87686626,54.95277983],[-121.87692759,54.9528254],[-121.87715647,54.95300699],[-121.87721706,54.95307072],[-121.87726747,54.9531309],[-121.87732351,54.95318822],[-121.87736871,54.9532338],[-121.87739931,54.95326086],[-121.87749153,54.95332459],[-121.87755224,54.95337016],[-121.87767489,54.95346131],[-121.87781145,54.95359733],[-121.87792511,54.95368919],[-121.87810734,54.95381879],[-121.87851771,54.95403527],[-121.8787714,54.95401854],[-121.87900851,54.95398079],[-121.87922903,54.95392205],[-121.87951189,54.95384051],[-121.87982113,54.95377749],[-121.87983648,54.95377784],[-121.88033568,54.95379422],[-121.88075676,54.95383125],[-121.8808963,54.95385048],[-121.88123994,54.95386258],[-121.88162992,54.95387505],[-121.88191018,54.9538957],[-121.88223684,54.95393451],[-121.88239325,54.95394519],[-121.8827048,54.95395694],[-121.88281407,54.95395801],[-121.88312682,54.95395195],[-121.88320462,54.95395267],[-121.88350141,54.95394626],[-121.88363738,54.95394448],[-121.88379837,54.95394911],[-121.88403168,54.95399005],[-121.88431057,54.95405236],[-121.88466728,54.95414565],[-121.88485339,54.95419229],[-121.88514808,54.95427596],[-121.88547305,54.95437779],[-121.88579831,54.95447072],[-121.88615491,54.95457255],[-121.88644888,54.95467438],[-121.88663471,54.95472993],[-121.88692879,54.9548136],[-121.88728597,54.95489763],[-121.88751298,54.95495673],[-121.88778139,54.95503685],[-121.88824711,54.9551401],[-121.88849727,54.95514224],[-121.88871438,54.9551255],[-121.88894606,54.95509844],[-121.8892338,54.95503222],[-121.88959606,54.95493679],[-121.88992538,54.95486772],[-121.89030241,54.95479046],[-121.89055906,54.95472993],[-121.89080561,54.95466014],[-121.89110398,54.95460887],[-121.89140162,54.95457576],[-121.89171476,54.95454264],[-121.89204798,54.95447179],[-121.8923383,54.95439844],[-121.89261235,54.9542813],[-121.89301085,54.95434788],[-121.89340513,54.95439631],[-121.89371788,54.95439025],[-121.8940088,54.95441482],[-121.89432541,54.95445256],[-121.8946067,54.95449992],[-121.89481269,54.95452306],[-121.89502581,54.95452484],[-121.89532273,54.95453054],[-121.89547806,54.95454086],[-121.89571273,54.954543],[-121.89599329,54.95455475],[-121.89638176,54.95462988],[-121.89665274,54.9547374],[-121.89688569,54.95485918],[-121.89716477,54.95510449],[-121.8977953,54.95528395],[-121.89815822,54.95545592],[-121.8984318,54.95561009],[-121.89864206,54.95572581],[-121.89883173,54.95582942],[-121.89898135,54.95594763],[-121.89909296,54.95605658],[-121.89916658,54.95615627],[-121.8992233,54.95635424],[-121.89925309,54.95641762],[-121.89935639,54.956643],[-121.89942735,54.95688654],[-121.89943773,54.95708415],[-121.89948028,54.9572433],[-121.89952353,54.95736365],[-121.89962741,54.95757123],[-121.89974763,54.9577521],[-121.89982033,54.95795042],[-121.89983473,54.95799564],[-121.89990976,54.95809498],[-121.90011214,54.95830968],[-121.90029905,54.95851192],[-121.90047139,54.9587024],[-121.90054046,54.9588288],[-121.90060391,54.95899116],[-121.90069213,54.95918948],[-121.90071815,54.95937855],[-121.90076218,54.95947789],[-121.90089727,54.95969472],[-121.90091122,54.95973958],[-121.90096816,54.95994681],[-121.90102632,54.96010027],[-121.90113089,54.96027188],[-121.90126665,54.96045276],[-121.90140115,54.96061298],[-121.90152299,54.96080276],[-121.90159247,54.96111181],[-121.90182113,54.96130265],[-121.90194365,54.96139986],[-121.90206582,54.96151166],[-121.90226363,54.96170214],[-121.90240734,54.96178119],[-121.90258708,54.961867],[-121.90297263,54.961982],[-121.90343539,54.96206318],[-121.90403766,54.96218032],[-121.90448774,54.96236013],[-121.90474042,54.96258729],[-121.904915,54.96280057],[-121.90508727,54.96296791],[-121.90536445,54.9631171],[-121.90560014,54.96325097],[-121.90579495,54.96336954],[-121.90659154,54.96317015],[-121.90749162,54.96299853],[-121.90829359,54.96319721],[-121.90942519,54.96345321],[-121.91055324,54.96370886],[-121.91167759,54.9639645],[-121.91248825,54.9642116],[-121.91261209,54.9646499],[-121.91276349,54.96502269],[-121.91308576,54.9652235],[-121.91320894,54.96528759],[-121.9135799,54.96544354],[-121.91367232,54.96548912],[-121.91388875,54.96551404],[-121.91425015,54.96542467],[-121.91475746,54.9652203],[-121.9144803,54.96565112],[-121.91438308,54.96597406],[-121.91446547,54.9661884],[-121.91466337,54.96638174],[-121.91483689,54.96653128],[-121.91500102,54.96667548],[-121.91514214,54.96684746],[-121.91525386,54.96708494],[-121.9154978,54.96730285],[-121.91556526,54.96738332],[-121.91563889,54.96749013],[-121.91572246,54.9676646],[-121.91576673,54.96776358],[-121.91587045,54.96796226],[-121.91597452,54.96816984],[-121.91612577,54.96835107],[-121.91623264,54.96844186],[-121.91644694,54.96860564],[-121.91661059,54.9687178],[-121.91672345,54.96877869],[-121.91687715,54.96887019],[-121.91707173,54.96900051],[-121.91724823,54.96907991],[-121.91750809,54.96910625],[-121.91783882,54.96913225],[-121.91817686,54.96921521],[-121.91837716,54.96937151],[-121.91850722,54.96951571],[-121.91860691,54.96962253],[-121.91877629,54.96971368],[-121.91902279,54.9698237],[-121.91922267,54.96994226],[-121.91953023,54.9701388],[-121.91982272,54.97029013],[-121.92010123,54.97039659],[-121.92036417,54.97048382],[-121.92056308,54.97058245],[-121.92066938,54.97069531],[-121.92072983,54.97082741],[-121.92075631,54.97100757],[-121.92075229,54.97116032],[-121.92073222,54.97133087],[-121.92091516,54.9715121],[-121.9210544,54.97156123],[-121.92125496,54.97164099],[-121.92139397,54.97169618],[-121.92156364,54.97177843],[-121.92177896,54.97191515],[-121.9219327,54.97200666],[-121.92212756,54.97213092],[-121.92226037,54.97222207],[-121.92233188,54.97227975],[-121.92253152,54.97240721],[-121.92266917,54.97251937],[-121.92274447,54.97261978],[-121.92280403,54.9727152],[-121.92291369,54.97290498],[-121.92302928,54.97306769],[-121.92317954,54.97328453],[-121.92334084,54.97335503],[-121.92350867,54.97343727],[-121.92365458,54.97355869],[-121.92375224,54.97367013],[-121.92376766,54.97374918],[-121.92377453,54.97382929],[-121.92378791,54.97391011],[-121.92378659,54.97396423],[-121.92378453,54.9740269],[-121.9237719,54.97410487],[-121.92374836,54.97416148],[-121.92372262,54.9742092],[-121.92370299,54.97422807],[-121.92368498,54.97424195],[-121.92366936,54.9742505],[-121.923648,54.9742594],[-121.92361167,54.974274],[-121.92355899,54.97429465],[-121.92348017,54.974321],[-121.92341845,54.97435624],[-121.92334239,54.97440965],[-121.92322473,54.97452537],[-121.92314324,54.97465034],[-121.92313731,54.97485721],[-121.92315061,54.97495619],[-121.92316372,54.97504592],[-121.92317667,54.975136],[-121.92317447,54.97523498],[-121.92318758,54.97532471],[-121.92318502,54.97541479],[-121.92319832,54.97551377],[-121.92321144,54.9756035],[-121.92320861,54.97570248],[-121.92320621,54.9757922],[-121.92314715,54.97592252],[-121.92303185,54.97608417],[-121.92269065,54.97637186],[-121.92216708,54.97668162],[-121.9221552,54.97725594],[-121.92194437,54.9777302],[-121.92170007,54.97809373],[-121.92162011,54.97841453],[-121.92180436,54.97874245],[-121.9221601,54.97925802],[-121.92258371,54.97977999],[-121.92311696,54.98029413],[-121.92386345,54.9808129],[-121.92446811,54.98137546],[-121.92486518,54.98191808],[-121.92502157,54.98217409],[-121.92513571,54.98238594],[-121.92520775,54.98255328],[-121.92528065,54.98268965],[-121.92537797,54.98282139],[-121.92549923,54.98294814],[-121.92542142,54.98314112],[-121.92491948,54.98340959],[-121.92399309,54.98375282],[-121.92409744,54.98394224],[-121.9241465,54.98406259],[-121.92422863,54.98418115],[-121.9243223,54.98429473],[-121.9245668,54.98450374],[-121.92468923,54.98461269],[-121.92490252,54.98481243],[-121.925087,54.9849837],[-121.92528987,54.98513609],[-121.92557779,54.98528563],[-121.92580088,54.98543446],[-121.92605778,54.98564631],[-121.92644651,54.98611096],[-121.92647704,54.98613837],[-121.92669908,54.98627296],[-121.92699074,54.98639758],[-121.9275279,54.98656706],[-121.92796063,54.98668847],[-121.92825547,54.98677001],[-121.92841258,54.98681131],[-121.92847467,54.98682093],[-121.92863008,54.98684941],[-121.92872356,54.98686792],[-121.92889468,54.98690567],[-121.92903358,54.9869516],[-121.92929749,54.98702601],[-121.92956182,54.98709117],[-121.92967038,54.98711894],[-121.92989097,54.98717092],[-121.93011527,54.9872368],[-121.93035994,54.98729875],[-121.93068335,54.98741767],[-121.93121802,54.98756508],[-121.931891,54.9877196],[-121.93271498,54.98781965],[-121.93330634,54.98837118],[-121.9340298,54.98891879],[-121.93456912,54.9892111],[-121.93533713,54.98911889],[-121.93560381,54.98909432],[-121.93572896,54.98908649],[-121.93591715,54.98906121],[-121.93605807,54.98904447],[-121.9363093,54.98900175],[-121.93646636,54.98898501],[-121.93676252,54.98899854],[-121.93705874,54.98903415],[-121.93737461,54.98911177],[-121.93771059,54.98922072],[-121.93797434,54.98928588],[-121.93830054,54.98936955],[-121.93854799,54.98946141],[-121.93888723,54.98963516],[-121.93904207,54.98969961],[-121.93936714,54.98980108],[-121.93973994,54.98989437],[-121.93984872,54.9899314],[-121.94008452,54.99007702],[-121.94027387,54.99020164],[-121.940474,54.99032021],[-121.94072633,54.99043308],[-121.94086027,54.99049432],[-121.94097285,54.990552],[-121.94129602,54.99076171],[-121.94161806,54.99098923],[-121.94184865,54.99114376],[-121.94212573,54.99129009],[-121.94221848,54.99134493],[-121.94240265,54.99146314],[-121.94251024,54.99153613],[-121.94272094,54.99165469],[-121.9428685,54.9917729],[-121.94297486,54.9918847],[-121.94309194,54.99200861],[-121.94329064,54.99217204],[-121.94342655,54.99234401],[-121.94368474,54.99263384],[-121.94378927,54.99282326],[-121.94382418,54.99288948],[-121.94387932,54.99297707],[-121.94390884,54.99304009],[-121.94399749,54.99322061],[-121.94405027,54.99340362],[-121.94408202,54.99358094],[-121.94412377,54.9937789],[-121.94415262,54.99386008],[-121.94420492,54.99405805],[-121.94423612,54.99425601],[-121.94426169,54.99447213],[-121.94427215,54.994679],[-121.94428439,54.99481395],[-121.94428495,54.99491257],[-121.94427397,54.9950023],[-121.94421355,54.99512763],[-121.94356625,54.99530779],[-121.94305906,54.99555489],[-121.94270157,54.99581837],[-121.94242249,54.99606476],[-121.94213552,54.99626913],[-121.94205618,54.99631328],[-121.94191352,54.99638378],[-121.94156615,54.99652478],[-121.94147145,54.99656857],[-121.94110596,54.99677223],[-121.94096325,54.99686089],[-121.9406784,54.99700224],[-121.94042568,54.99708983],[-121.94017238,54.99721338],[-121.94012469,54.99723118],[-121.93996626,54.99731058],[-121.93983943,54.99739426],[-121.93969254,54.99749502],[-121.93950238,54.99758012],[-121.93924857,54.99765489],[-121.93893914,54.99766806],[-121.9386652,54.9976588],[-121.93841021,54.99764741],[-121.93805039,54.9976442],[-121.93798786,54.99764385],[-121.93773804,54.99764171],[-121.93744095,54.99764812],[-121.93744766,54.99798958],[-121.93746605,54.99827442],[-121.93749628,54.99850229],[-121.93749306,54.99861908],[-121.9374727,54.99880743],[-121.93746973,54.99891531],[-121.93746651,54.9990321],[-121.93750379,54.99921511],[-121.93759221,54.99935183],[-121.9377052,54.99948357],[-121.9378518,54.99963454],[-121.93798593,54.99981755],[-121.93809773,54.99999913],[-121.93812732,55.00005646],[-121.93817183,55.00015259],[-121.93818662,55.00018891],[-121.93827718,55.00031531],[-121.9383831,55.00044206],[-121.93847444,55.00054176],[-121.93865821,55.00068738],[-121.93878033,55.00079598],[-121.93899389,55.00099573],[-121.93920203,55.00119511],[-121.93940567,55.00139486],[-121.93961853,55.00160315],[-121.93989527,55.00180325],[-121.94017097,55.00201261],[-121.94027935,55.00223799],[-121.94044062,55.0023854],[-121.94062889,55.00250574],[-121.94084339,55.00259939],[-121.94109072,55.00271261],[-121.94144425,55.00293123],[-121.94159774,55.00304053],[-121.94168977,55.00312207],[-121.9418429,55.00322248],[-121.9419817,55.00331327],[-121.94223813,55.00347421],[-121.94247441,55.00360523],[-121.94270622,55.003706],[-121.94283488,55.00376118],[-121.94300017,55.00381637],[-121.94316504,55.00388082],[-121.94336141,55.00394562],[-121.94355284,55.00399511],[-121.94370828,55.00402929],[-121.94391758,55.00407629],[-121.94414311,55.00414394],[-121.94447249,55.00430559],[-121.94456412,55.00439638],[-121.9448088,55.00459613],[-121.94494695,55.00470508],[-121.94516008,55.00492263],[-121.94530719,55.0050768],[-121.94544857,55.00525767],[-121.94543148,55.00589572],[-121.94541197,55.00605737],[-121.94540512,55.00630874],[-121.94541742,55.00644368],[-121.94545575,55.00656901],[-121.94555674,55.00669862],[-121.94571962,55.00683285],[-121.94584231,55.00692364],[-121.94624343,55.00714297],[-121.94677711,55.00726438],[-121.94714021,55.00739933],[-121.94746761,55.00754887],[-121.94777658,55.00769521],[-121.94794565,55.00780451],[-121.9482024,55.00795655],[-121.94841203,55.00804734],[-121.94865632,55.00813422],[-121.94895095,55.0082446],[-121.94935241,55.00843686],[-121.94952199,55.00852837],[-121.94995542,55.00869358],[-121.95026367,55.00880823],[-121.95058558,55.00890899],[-121.95090123,55.00900156],[-121.95120114,55.00908488],[-121.95144361,55.00918279],[-121.95176912,55.00929637],[-121.95201678,55.00940355],[-121.95223315,55.00950431],[-121.95253215,55.00961469],[-121.95277844,55.00970548],[-121.95301238,55.00980446],[-121.95325162,55.00995828],[-121.95356636,55.01013488],[-121.9539574,55.01033391],[-121.95442164,55.01046779],[-121.95482692,55.01057104],[-121.95517431,55.01064403],[-121.95545417,55.01071809],[-121.95567044,55.01080105],[-121.95604204,55.01094774],[-121.95621282,55.01100329],[-121.95652382,55.0110688],[-121.95685085,55.01111651],[-121.95719361,55.01117348],[-121.95755099,55.01125751],[-121.95861302,55.0109011],[-121.95957272,55.01047491],[-121.96032458,55.01023457],[-121.96108528,55.01003839],[-121.96133272,55.01015446],[-121.96164249,55.01027694],[-121.96195608,55.01043539],[-121.96235785,55.0106216],[-121.96285885,55.01080532],[-121.96349024,55.01099047],[-121.96402785,55.01114785],[-121.96446144,55.01130736],[-121.96484835,55.01141845],[-121.96529637,55.01149144],[-121.96596172,55.011563],[-121.96645607,55.01165878],[-121.96678516,55.01177842],[-121.9669479,55.01192155],[-121.967054,55.0120483],[-121.96711959,55.01214479],[-121.96717341,55.01228294],[-121.9672317,55.0124542],[-121.96735149,55.01265324],[-121.96753399,55.01285227],[-121.96767111,55.01299718],[-121.96779278,55.01312109],[-121.96793484,55.01328416],[-121.96809621,55.01348604],[-121.96820257,55.01360389],[-121.96834085,55.01371285],[-121.96854439,55.01389123],[-121.96878481,55.01407602],[-121.96883822,55.01422627],[-121.96887132,55.01437332],[-121.9688989,55.01449937],[-121.96895085,55.01471549],[-121.96902897,55.01492307],[-121.96904372,55.01496793],[-121.96912306,55.01511854],[-121.96924962,55.0152663],[-121.96942325,55.01541157],[-121.96960731,55.01553904],[-121.96976914,55.01568431],[-121.96988512,55.01583492],[-121.96993843,55.01598126],[-121.96993689,55.01611691],[-121.96986791,55.01624224],[-121.96974772,55.01636686],[-121.96953611,55.01650287],[-121.96938465,55.01663354],[-121.96926383,55.01675816],[-121.96928885,55.01698319],[-121.96963555,55.01701203],[-121.96997686,55.01700704],[-121.9702202,55.01726055],[-121.97048141,55.01745175],[-121.97077458,55.01761589],[-121.97095866,55.01774336],[-121.97119942,55.01790109],[-121.97140942,55.01799972],[-121.97163782,55.01809051],[-121.97189056,55.01820053],[-121.97209233,55.01833013],[-121.97224901,55.01846615],[-121.97235983,55.01860892],[-121.97251037,55.01876986],[-121.97268922,55.01890907],[-121.97290438,55.01900592],[-121.97315799,55.01906111],[-121.97343722,55.01908532],[-121.97376432,55.01913588],[-121.97405053,55.0192224],[-121.97424273,55.01931782],[-121.97435735,55.01940755],[-121.97446328,55.0195432],[-121.97458431,55.01969097],[-121.97469049,55.01981772],[-121.97475635,55.01990816],[-121.97482251,55.01996869],[-121.97487334,55.02002601],[-121.97493366,55.02009544],[-121.97506164,55.02020119],[-121.97517395,55.02028913],[-121.97527139,55.02035892],[-121.97548438,55.02045648],[-121.97569239,55.02054015],[-121.97589603,55.02060994],[-121.9759275,55.02066192],[-121.97603263,55.02075485],[-121.97621173,55.02088801],[-121.97634045,55.02096706],[-121.97650553,55.02110521],[-121.9766872,55.0212786],[-121.9767943,55.02136014],[-121.97696267,55.02149651],[-121.97706925,55.02163216],[-121.97709902,55.02166848],[-121.9772355,55.02185826],[-121.9773716,55.02203913],[-121.97749382,55.02214808],[-121.97769113,55.02237418],[-121.977719,55.02250948],[-121.97773053,55.02268003],[-121.97848274,55.02289722],[-121.97933106,55.02310088],[-121.98035151,55.02329742],[-121.98124631,55.0234345],[-121.98201636,55.02351283],[-121.98242426,55.02359544],[-121.98276759,55.02369193],[-121.98304665,55.02380301],[-121.98334612,55.02392265],[-121.98353159,55.0240138],[-121.98376394,55.02410566],[-121.984074,55.02420713],[-121.98437955,55.02429365],[-121.98465291,55.02440083],[-121.98489471,55.02452865],[-121.9851912,55.02463689],[-121.98562714,55.02471237],[-121.98612283,55.02477646],[-121.9866213,55.02479248],[-121.98711118,55.0247316],[-121.98767326,55.0245728],[-121.98856466,55.0241726],[-121.98873285,55.02431787],[-121.98894666,55.02445139],[-121.98922658,55.02458847],[-121.98953103,55.02471095],[-121.98980415,55.02484518],[-121.98999436,55.02496339],[-121.99009077,55.02504813],[-121.99018302,55.02512967],[-121.99033657,55.02524788],[-121.99045861,55.02536573],[-121.99059481,55.0255466],[-121.99070148,55.0256641],[-121.99084292,55.02583323],[-121.99092844,55.02597173],[-121.99125192,55.02617005],[-121.99161277,55.02632493],[-121.99210049,55.02643068],[-121.99234161,55.02651969],[-121.99259705,55.02665464],[-121.99287019,55.02679172],[-121.99321969,55.02691634],[-121.99364802,55.02689604],[-121.99405064,55.02685118],[-121.99439634,55.0267821],[-121.99456974,55.02673867],[-121.99477404,55.02669558],[-121.99502515,55.02666176],[-121.99518231,55.02662687],[-121.99550255,55.02653963],[-121.99584351,55.02646166],[-121.99607973,55.02640967],[-121.99625265,55.02638404],[-121.99650312,55.02636837],[-121.99685398,55.0263114],[-121.99721026,55.02623948],[-121.99755159,55.0261551],[-121.99790833,55.02606537],[-121.99828016,55.0259906],[-121.99866176,55.02596781],[-121.9990476,55.02595784],[-121.99926646,55.02596852],[-121.99972945,55.02601125],[-122.00003101,55.02604686],[-122.00030105,55.02608211],[-122.00059493,55.02614335],[-122.00094891,55.02625515],[-122.00139819,55.02642356],[-122.0018362,55.02663684],[-122.00200596,55.02672015],[-122.00213441,55.02680418],[-122.00229106,55.02694624],[-122.0024918,55.02710647],[-122.00292353,55.02736461],[-122.00347896,55.02766583],[-122.00444924,55.0282939],[-122.00563851,55.02829461],[-122.00657114,55.0283053],[-122.00748254,55.02836369],[-122.00837343,55.02838861],[-122.00909139,55.02847549],[-122.00963621,55.02857874],[-122.0101506,55.02866384],[-122.01092944,55.02878703],[-122.01166291,55.02878882],[-122.01227888,55.02885504],[-122.01279923,55.02897005],[-122.01318382,55.02915982],[-122.01353781,55.02938627],[-122.01391547,55.02980392],[-122.01425197,55.03024293],[-122.01442589,55.03067874],[-122.01453144,55.03112167],[-122.01456889,55.03157243],[-122.01467758,55.03217737],[-122.01488273,55.03281826],[-122.01546052,55.03327508],[-122.01615821,55.03375432],[-122.01699318,55.03416521],[-122.0173383,55.03435178],[-122.017744,55.0346117],[-122.01839269,55.035165],[-122.0189482,55.03547512],[-122.01934801,55.03577492],[-122.01983253,55.03578774],[-122.02037881,55.03584613],[-122.02107966,55.03597751],[-122.02184963,55.0360708],[-122.02273728,55.03623067],[-122.02374368,55.03645747],[-122.02330138,55.03684735],[-122.02298395,55.03724007],[-122.02275507,55.03759292],[-122.02252971,55.03791551],[-122.02225377,55.03830574],[-122.02205862,55.03877146],[-122.02195557,55.03920192],[-122.021926,55.03978585],[-122.0219012,55.04014511],[-122.02182334,55.0403623],[-122.02166805,55.04074256],[-122.0214869,55.04132506],[-122.02153753,55.04186982],[-122.02165807,55.04241672],[-122.02240997,55.04253564],[-122.0230442,55.04270263],[-122.02356093,55.04291733],[-122.02395061,55.04318722],[-122.02443462,55.04345461],[-122.02494957,55.04371951],[-122.02543315,55.04400471],[-122.02588503,55.04431092],[-122.02641447,55.04463564],[-122.0270104,55.04500095],[-122.02767347,55.04540685],[-122.0281898,55.04586615],[-122.02858387,55.04616275],[-122.02895771,55.04632155],[-122.02937134,55.04639774],[-122.02982538,55.04639133],[-122.02925116,55.0468364],[-122.02933273,55.0471426],[-122.02945557,55.04745806],[-122.02961228,55.04779382],[-122.02978053,55.04816661],[-122.02988253,55.04856966],[-122.02982535,55.04898268],[-122.02964372,55.04937363],[-122.02946114,55.04960292],[-122.0293103,55.04978451],[-122.02919244,55.04991839],[-122.02903122,55.05009677],[-122.02886936,55.05033817],[-122.02889518,55.05056284],[-122.02961754,55.05067037],[-122.03033125,55.05070918],[-122.03137039,55.05067856],[-122.03219274,55.05069387],[-122.03298403,55.05076935],[-122.03376378,55.05095628],[-122.03454032,55.05122189],[-122.03497786,55.05139707],[-122.0353996,55.0515224],[-122.03594148,55.05160251],[-122.03646934,55.05179549],[-122.03698209,55.05210099],[-122.03761219,55.05260017],[-122.03805542,55.05302601],[-122.03837028,55.05339096],[-122.03855614,55.05369503],[-122.03809319,55.05406889],[-122.03760307,55.05448155],[-122.03719358,55.05481055],[-122.03686439,55.05505658],[-122.03641637,55.05544859],[-122.03611289,55.05570673],[-122.0361947,55.05598196],[-122.03625544,55.05629208],[-122.03624158,55.0568671],[-122.03631463,55.0571523],[-122.03659034,55.05741507],[-122.03704783,55.05762122],[-122.03759732,55.05778251],[-122.03814128,55.05793668],[-122.03880605,55.05815067],[-122.03935299,55.05841451],[-122.03978194,55.05872855],[-122.04024497,55.05908353],[-122.04067169,55.0594994],[-122.04106823,55.05987681],[-122.04154792,55.06018729],[-122.04219763,55.06036389],[-122.04296666,55.06043404],[-122.04337871,55.06043012],[-122.04376254,55.06046323],[-122.04411768,55.06053302],[-122.0445998,55.06067259],[-122.04507603,55.06083388],[-122.04549001,55.06098414],[-122.04591328,55.06116394],[-122.04637273,55.06139538],[-122.04713076,55.06176959],[-122.04756183,55.06192483],[-122.04805665,55.06198251],[-122.04861444,55.06194299],[-122.04920792,55.06200672],[-122.04987088,55.06221252],[-122.0505437,55.06245641],[-122.0511908,55.0626672],[-122.0519851,55.06285306],[-122.05307055,55.06308627],[-122.0542166,55.06339746],[-122.05495646,55.06388881],[-122.05555723,55.06433067],[-122.05601734,55.06472375],[-122.05652495,55.06510509],[-122.05714373,55.06566088],[-122.05754746,55.06602975],[-122.05773645,55.06621098],[-122.05750615,55.06667635],[-122.05798315,55.06681378],[-122.05863611,55.06692879],[-122.05938227,55.06695264],[-122.05996108,55.06683906],[-122.0605599,55.06665498],[-122.06093786,55.06656811],[-122.06144634,55.06656704],[-122.06208762,55.06658199],[-122.06286509,55.06667278],[-122.06377998,55.06668489],[-122.06476212,55.06673331],[-122.06574639,55.06668703],[-122.06651919,55.06667599],[-122.06714795,55.06662792],[-122.06765518,55.06660157],[-122.06781036,55.06664572],[-122.06797541,55.06673082],[-122.06815016,55.06685722],[-122.06874912,55.06698753],[-122.06957026,55.06708367],[-122.07025254,55.06766795],[-122.07069288,55.06818779],[-122.07089094,55.06864247],[-122.07106007,55.06915696],[-122.07128495,55.06965793],[-122.07162788,55.07004104],[-122.07196842,55.07035508],[-122.07229007,55.07073997],[-122.07255483,55.07118041],[-122.07269873,55.07152293],[-122.0729558,55.07175864],[-122.07332014,55.07196693],[-122.07379858,55.07212252],[-122.07409987,55.07232156],[-122.07426801,55.07250243],[-122.07438572,55.07283676],[-122.0745169,55.07309846],[-122.07477904,55.07329322],[-122.07494924,55.07361296],[-122.07509339,55.07406336],[-122.07617091,55.07450985],[-122.07711317,55.07498946],[-122.07784468,55.07542954],[-122.07842739,55.07575746],[-122.07908849,55.07605583],[-122.07974142,55.07628264],[-122.08052368,55.07654612],[-122.08119538,55.07684449],[-122.08175683,55.07717847],[-122.08251091,55.07775919],[-122.08312794,55.07817719],[-122.08349771,55.07844957],[-122.0840671,55.07888538],[-122.08468378,55.07932119],[-122.08474671,55.0793308],[-122.08529384,55.0797481],[-122.0857292,55.08019174],[-122.08623741,55.08050008],[-122.08623081,55.08079667],[-122.08570878,55.08108151],[-122.08569895,55.08153049],[-122.08626295,55.08197734],[-122.08668143,55.08239178],[-122.08706029,55.08251142],[-122.08758536,55.08275496],[-122.08795146,55.08304016],[-122.08819354,55.0833428],[-122.08848405,55.08366538],[-122.0889221,55.083999],[-122.08962836,55.08438176],[-122.08916801,55.08458329],[-122.08884707,55.08483537],[-122.08875155,55.08513908],[-122.08880453,55.08548125],[-122.08948625,55.08566604],[-122.09021566,55.08583018],[-122.09086278,55.0860018],[-122.09134152,55.08622789],[-122.09132583,55.0869019],[-122.09247943,55.08716217],[-122.09345432,55.08746375],[-122.09430894,55.087708],[-122.09493232,55.08794905],[-122.09552789,55.08815022],[-122.09600668,55.08838343],[-122.09653949,55.08853511],[-122.09705263,55.08863409],[-122.09776913,55.08882209],[-122.09851476,55.08910907],[-122.09928938,55.08949538],[-122.09985733,55.08994971],[-122.10047683,55.09035774],[-122.10125467,55.09058312],[-122.10176254,55.09083663],[-122.1020548,55.0910994],[-122.10223016,55.09142127],[-122.10245037,55.09177127],[-122.10267111,55.09218215],[-122.10277748,55.0925674],[-122.1027651,55.09312463],[-122.1027371,55.09366369],[-122.10268826,55.09397061],[-122.10254577,55.09428108],[-122.10230899,55.09459512],[-122.10201846,55.0949704],[-122.10215463,55.09542366],[-122.10252895,55.09580392],[-122.10294123,55.09606847],[-122.10350198,55.09619949],[-122.10402997,55.09643591],[-122.10466784,55.09670117],[-122.10504837,55.09705758],[-122.10543049,55.09732711],[-122.10557256,55.09760341],[-122.10584694,55.09785905],[-122.10602523,55.09822686],[-122.10623005,55.0986559],[-122.10641911,55.09905859],[-122.10668375,55.09939008],[-122.10728725,55.099718],[-122.10767714,55.10005056],[-122.10806938,55.10025493],[-122.10846252,55.10042761],[-122.10968465,55.10045467],[-122.110898,55.10024176],[-122.11211198,55.10015452],[-122.11330589,55.10011144],[-122.11447901,55.10004913],[-122.11550958,55.09999679],[-122.11641457,55.1000883],[-122.11719477,55.10032329],[-122.11800052,55.10073062],[-122.11917219,55.10091897],[-122.12026387,55.10116037],[-122.12108448,55.10104643],[-122.1219114,55.10099872],[-122.12274308,55.10101653],[-122.12328559,55.10096739],[-122.1238469,55.10102543],[-122.12435754,55.10126078],[-122.12489677,55.10151037],[-122.12544931,55.10173397],[-122.1261266,55.10182263],[-122.12694043,55.10188244],[-122.12736634,55.10126256],[-122.12752019,55.10077726],[-122.12760042,55.10035035],[-122.12761329,55.09977533],[-122.12762701,55.09913764],[-122.1276363,55.098715],[-122.12764107,55.09849069],[-122.1276546,55.09787045],[-122.1288354,55.09786119],[-122.13000632,55.09783057],[-122.13104,55.09770595],[-122.13194573,55.0975087],[-122.13274769,55.09716119],[-122.13357166,55.09673535],[-122.13345469,55.09633942],[-122.13335884,55.09620092],[-122.1331971,55.09594207],[-122.13311129,55.09563088],[-122.13316876,55.09532076],[-122.13342273,55.09500102],[-122.13376242,55.09467879],[-122.13406252,55.09433058],[-122.13501757,55.09386699],[-122.1361549,55.09345575],[-122.13734288,55.09310469],[-122.13862234,55.09288927],[-122.13908078,55.09342264],[-122.13988181,55.09334431],[-122.14073094,55.09320046],[-122.14133341,55.09334573],[-122.14208713,55.09352483],[-122.14299149,55.09373775],[-122.14403663,55.09395174],[-122.144693,55.09402829],[-122.1454228,55.09409914],[-122.14610695,55.09419884],[-122.14673731,55.09434304],[-122.14731496,55.0945321],[-122.14798711,55.09453459],[-122.14860161,55.09462289],[-122.14915817,55.09479629],[-122.14997279,55.09458658],[-122.15065199,55.09440748],[-122.15127974,55.09426898],[-122.15190422,55.09412656],[-122.1525594,55.09402045],[-122.15310241,55.0938086],[-122.15380671,55.09359782],[-122.15420814,55.09378724],[-122.15460743,55.09401974],[-122.15538735,55.09443241],[-122.15616871,55.09478241],[-122.15694903,55.09517727],[-122.15766947,55.09545784],[-122.15833111,55.09568393],[-122.15900437,55.09580855],[-122.15969967,55.09576831],[-122.16033642,55.0958146],[-122.16098227,55.095894],[-122.16162307,55.09587727],[-122.16237203,55.09596842],[-122.16330833,55.09630026],[-122.16437872,55.09683398],[-122.16435725,55.09703159],[-122.16438603,55.09722955],[-122.16486119,55.09740153],[-122.16542875,55.09751617],[-122.16608744,55.0975735],[-122.16666624,55.09760448],[-122.16757361,55.09770061],[-122.16813597,55.09777609],[-122.16869143,55.09795092],[-122.16925083,55.09817345],[-122.16985312,55.09842304],[-122.17049877,55.09870005],[-122.17102621,55.09896424],[-122.17228103,55.09890976],[-122.17310506,55.09922701],[-122.17379093,55.09940539],[-122.17344525,55.09970661],[-122.17307477,55.10003453],[-122.17267872,55.10038952],[-122.17257731,55.10068006],[-122.17258326,55.10096988],[-122.17264384,55.10132665],[-122.17252794,55.10171118],[-122.17232402,55.10215447],[-122.17218886,55.10260274],[-122.17199179,55.10304175],[-122.17176315,55.10348041],[-122.17185178,55.10375065],[-122.17192944,55.10430538],[-122.17200376,55.10474012],[-122.17199004,55.10508478],[-122.17197283,55.10538493],[-122.17195414,55.10564165],[-122.17195264,55.10594714],[-122.17197757,55.10626474],[-122.172191,55.10663788],[-122.17244491,55.10699678],[-122.17273886,55.10734251],[-122.17297417,55.10784739],[-122.17310917,55.1081568],[-122.17329103,55.10845161],[-122.17346382,55.10868625],[-122.1735799,55.10887567],[-122.17363395,55.10929866],[-122.17367434,55.10962231],[-122.1736789,55.11015247],[-122.17434871,55.11060929],[-122.17529042,55.11106219],[-122.175781,55.11151473],[-122.17640179,55.11191458],[-122.17712024,55.11237851],[-122.17773646,55.11283996],[-122.17811764,55.11335481],[-122.1783916,55.11375501],[-122.17859378,55.11408187],[-122.17873438,55.11437454],[-122.17930761,55.11469285],[-122.17950833,55.11484702],[-122.18003257,55.11527286],[-122.18022997,55.11559794],[-122.18041492,55.11592159],[-122.180572,55.11626198],[-122.18069515,55.1166045],[-122.18076102,55.11695841],[-122.18089007,55.11731874],[-122.18096342,55.11781045],[-122.18109611,55.11840256],[-122.18138337,55.11900429],[-122.18182552,55.11961634],[-122.1815579,55.11966868],[-122.18120105,55.11974417],[-122.18084984,55.11978974],[-122.18056533,55.11990475],[-122.18008155,55.12004824],[-122.1796504,55.12017392],[-122.17927172,55.12028216],[-122.17892382,55.12042387],[-122.17864379,55.12056273],[-122.1784005,55.12069874],[-122.17810391,55.12088247],[-122.17786083,55.12110749],[-122.17770834,55.12132611],[-122.17764646,55.12153831],[-122.17750464,55.12182209],[-122.17731716,55.12229101],[-122.17796918,55.12277382],[-122.17838241,55.12328297],[-122.17855635,55.12381812],[-122.17871967,55.12425962],[-122.17885964,55.12455408],[-122.17899167,55.1248496],[-122.17914737,55.12514512],[-122.17932783,55.125441],[-122.17949876,55.12577854],[-122.17970393,55.12612747],[-122.17994414,55.12648744],[-122.18032556,55.1270112],[-122.1807242,55.12745448],[-122.18121771,55.12785326],[-122.18172809,55.12819792],[-122.18136569,55.12854614],[-122.18134749,55.12892035],[-122.18167399,55.12932091],[-122.18223191,55.12964812],[-122.18235829,55.13036485],[-122.18277634,55.13106272],[-122.18337165,55.13169862],[-122.18430208,55.13203865],[-122.18536212,55.13229323],[-122.18555817,55.13284262],[-122.18585656,55.13333896],[-122.18625684,55.13378189],[-122.18650306,55.13402044],[-122.18678011,55.1342768],[-122.18708846,55.13455132],[-122.1871787,55.13474074],[-122.18768017,55.13493977],[-122.18830558,55.13520859],[-122.18909946,55.13551942],[-122.18998121,55.13577471],[-122.19035633,55.13634653],[-122.19086277,55.13682613],[-122.1914988,55.13725874],[-122.19218563,55.13761087],[-122.19280895,55.13788753],[-122.19330014,55.13766606],[-122.19378628,55.13793595],[-122.19425654,55.13819943],[-122.19471124,55.13845721],[-122.19516378,55.1385861],[-122.19559841,55.13863488],[-122.19611932,55.13866728],[-122.19698237,55.13863381],[-122.19817789,55.1384711],[-122.19935597,55.13840095],[-122.2005507,55.13826708],[-122.20174044,55.13815314],[-122.2029241,55.13805879],[-122.20409269,55.1381713],[-122.20526627,55.13833793],[-122.20645823,55.13843834],[-122.20765283,55.13849709],[-122.20885792,55.13819124],[-122.21005431,55.13798936],[-122.21124137,55.13789144],[-122.21125579,55.13715441],[-122.21249112,55.13710279],[-122.21371025,55.13706255],[-122.21492017,55.13696357],[-122.21612388,55.13690731],[-122.2173235,55.13678341],[-122.2185357,55.13657227],[-122.21962175,55.13638178],[-122.22043576,55.13619521],[-122.22123313,55.1360624],[-122.2221557,55.13594241],[-122.22300496,55.13590182],[-122.22378201,55.13594099],[-122.22430641,55.1361151],[-122.22484429,55.13642095],[-122.22543144,55.13680228],[-122.22606755,55.13725838],[-122.22685212,55.13776682],[-122.22765786,55.13801428],[-122.2284327,55.13834968],[-122.22933699,55.13872104],[-122.23037152,55.13912801],[-122.23149998,55.13935268],[-122.23262326,55.13951077],[-122.23270248,55.13946626],[-122.23327788,55.13943671],[-122.23384289,55.13945238],[-122.23431755,55.13960512],[-122.23476597,55.13982944],[-122.23513156,55.13959836],[-122.23548557,55.13931102],[-122.23586871,55.13904256],[-122.23638701,55.13876128],[-122.23689469,55.13845009],[-122.23753026,55.13802283],[-122.23848271,55.13789572],[-122.23934912,55.13769455],[-122.24013026,55.13741896],[-122.24079504,55.13711454],[-122.24122435,55.13680157],[-122.24163927,55.13642166],[-122.24197789,55.13620518],[-122.24241587,55.13599511],[-122.24252643,55.13569033],[-122.24274401,55.13543717],[-122.24301183,55.13526306],[-122.2433411,55.13520218],[-122.24370986,55.13522639],[-122.24408677,55.13530757],[-122.24443476,55.13542364],[-122.24474705,55.13549735],[-122.24532755,55.13519755],[-122.24588896,55.13482156],[-122.24669464,55.13397273],[-122.24736664,55.13334608],[-122.2479096,55.13276108],[-122.24831977,55.13235625],[-122.24904866,55.13194751],[-122.24978079,55.13196388],[-122.25066261,55.1320383],[-122.25139957,55.13177802],[-122.25199091,55.13148036],[-122.25307215,55.13153164],[-122.25425081,55.13139812],[-122.25529837,55.1312767],[-122.25621692,55.13108265],[-122.25700646,55.13081597],[-122.25779712,55.13045529],[-122.25843771,55.13050015],[-122.25914887,55.13057742],[-122.26014134,55.13062228],[-122.26085298,55.13058276],[-122.26145075,55.13050443],[-122.26213715,55.1306885],[-122.26250074,55.13083449],[-122.26291075,55.13098972],[-122.26336779,55.13115422],[-122.2638407,55.13130661],[-122.26433493,55.13143871],[-122.26441397,55.1314031],[-122.26487846,55.13175346],[-122.26525528,55.13209206],[-122.26528899,55.1323648],[-122.26527805,55.13265142],[-122.26500959,55.13295442],[-122.26486331,55.13342868],[-122.26471083,55.13402009],[-122.26475482,55.13448367],[-122.26491018,55.13485894],[-122.26517689,55.13514592],[-122.26573821,55.13532003],[-122.26629823,55.13555716],[-122.26691575,55.13581245],[-122.26757576,55.1360503],[-122.26807363,55.13626001],[-122.26908589,55.13667018],[-122.26992702,55.13698992],[-122.27018767,55.1373239],[-122.27068049,55.1378213],[-122.27114434,55.13821937],[-122.27156281,55.13849139],[-122.27205122,55.13893183],[-122.27238356,55.13935019],[-122.27277412,55.1397479],[-122.27320356,55.14019368],[-122.27378256,55.14065227],[-122.27454525,55.14098945],[-122.27521715,55.141395],[-122.27574293,55.14184718],[-122.27616178,55.1421744],[-122.27657339,55.14246244],[-122.27697714,55.14271132],[-122.27780361,55.14296804],[-122.27875487,55.14330593],[-122.27934273,55.14375883],[-122.27993174,55.14415761],[-122.28049128,55.14446666],[-122.28115749,55.14462938],[-122.2817404,55.14480028],[-122.28212654,55.14501249],[-122.2826293,55.145266],[-122.2832485,55.14556117],[-122.28420452,55.14562063],[-122.28475341,55.14600445],[-122.28535962,55.14632241],[-122.28602301,55.14657485],[-122.28675588,55.14683085],[-122.28755017,55.14716198],[-122.28829708,55.14753192],[-122.28879326,55.14785806],[-122.28919524,55.14819311],[-122.28963153,55.14865704],[-122.2901363,55.14908822],[-122.29063318,55.14948166],[-122.29107933,55.14988435],[-122.29152818,55.15024646],[-122.29084388,55.15047326],[-122.2899233,55.15077342],[-122.28887756,55.15116365],[-122.2879423,55.15157062],[-122.28727258,55.15190139],[-122.28660832,55.15218089],[-122.28610636,55.15245256],[-122.28563113,55.15270429],[-122.28539075,55.15298771],[-122.2847998,55.15267865],[-122.28425677,55.15263059],[-122.28371405,55.15275805],[-122.2830651,55.15306675],[-122.28250426,55.15352392],[-122.28196715,55.15400388],[-122.28169243,55.1544436],[-122.28154141,55.15499584],[-122.28100277,55.15537326],[-122.28033578,55.15570759],[-122.28097074,55.15636557],[-122.28147307,55.15705347],[-122.28110393,55.15748251],[-122.28128859,55.15771715],[-122.28164378,55.15803404],[-122.2819679,55.15832351],[-122.28232852,55.15862508],[-122.28270604,55.15889497],[-122.28312961,55.1591937],[-122.28359955,55.15952198],[-122.28399036,55.15990474],[-122.28431288,55.16031704],[-122.284499,55.16071048],[-122.28508117,55.16103449],[-122.28559316,55.16128337],[-122.28627483,55.16147599],[-122.28719746,55.16168785],[-122.28719025,55.16207452],[-122.28719865,55.16246974],[-122.2876487,55.16277808],[-122.28806807,55.163038],[-122.28845659,55.16324985],[-122.28834072,55.16356388],[-122.28887778,55.16368494],[-122.289467,55.16379496],[-122.28943987,55.16446007],[-122.28943141,55.16482823],[-122.28951339,55.1652092],[-122.28977187,55.16557131],[-122.29016179,55.16590778],[-122.29066547,55.1661474],[-122.29118567,55.16642797],[-122.29164346,55.16686805],[-122.29203885,55.16746764],[-122.2922372,55.16781907],[-122.29232607,55.16809821],[-122.29335726,55.16809216],[-122.29445689,55.16804765],[-122.29558657,55.16817085],[-122.29670171,55.16836632],[-122.29656678,55.16889541],[-122.29666434,55.16928244],[-122.29682578,55.16953524],[-122.29697596,55.16973356],[-122.29625031,55.16990019],[-122.29583985,55.17004155],[-122.29559766,55.170127],[-122.29542898,55.17020106],[-122.29487391,55.17022171],[-122.29452621,55.17026586],[-122.29423301,55.17034099],[-122.29387359,55.17054856],[-122.29339208,55.17087222],[-122.29364797,55.17116738],[-122.29400358,55.17141092],[-122.29438284,55.17164164],[-122.29418781,55.17192435],[-122.29399546,55.17225975],[-122.29375219,55.17268951],[-122.2936468,55.17302135],[-122.29373807,55.17329942],[-122.2939245,55.17359815],[-122.29333844,55.17380359],[-122.29260121,55.17405995],[-122.29187174,55.17435298],[-122.2914317,55.17468304],[-122.29130937,55.17498498],[-122.2912639,55.17516443],[-122.29114293,55.17549627],[-122.29095689,55.17585161],[-122.2906228,55.17621193],[-122.29004558,55.17650033],[-122.28955037,55.17675491],[-122.28913812,55.17697638],[-122.28858265,55.17733243],[-122.28847195,55.17736768],[-122.28853218,55.17750903],[-122.28860596,55.17777287],[-122.28875003,55.17811325],[-122.28896593,55.17844616],[-122.28922527,55.1788428],[-122.28939542,55.17931422],[-122.28947255,55.17967098],[-122.28969885,55.17998288],[-122.29001077,55.18030013],[-122.29056416,55.18069606],[-122.29007832,55.18091467],[-122.28964566,55.18114005],[-122.28912363,55.18143629],[-122.28858837,55.18169977],[-122.28809264,55.18190663],[-122.28764967,55.18208965],[-122.2872333,55.18226019],[-122.2868117,55.18240831],[-122.28644444,55.18273873],[-122.28620347,55.1830339],[-122.28587947,55.1833077],[-122.28562622,55.18361248],[-122.28543942,55.18392509],[-122.28530075,55.18434666],[-122.28518294,55.1847992],[-122.28499736,55.1852254],[-122.2847458,55.18552341],[-122.28496115,55.18576731],[-122.28447579,55.18616288],[-122.28370987,55.18654101],[-122.28277757,55.18695474],[-122.28194502,55.18744325],[-122.28148457,55.18803145],[-122.28120323,55.1886079],[-122.28089049,55.18913022],[-122.28041634,55.18956888],[-122.28013021,55.18968495],[-122.27977397,55.18977575],[-122.27932273,55.18982097],[-122.27882532,55.18982025],[-122.27829284,55.18974513],[-122.2777748,55.18973302],[-122.27744528,55.18972198],[-122.27678737,55.18962834],[-122.27640334,55.18999436],[-122.27561003,55.19016954],[-122.27490272,55.19028597],[-122.27424616,55.19038317],[-122.27364129,55.19046044],[-122.2730949,55.1905409],[-122.27273771,55.1905936],[-122.27243217,55.19069685],[-122.27217858,55.19084996],[-122.27169489,55.19093398],[-122.27132664,55.19103368],[-122.27100317,55.19117966],[-122.27061539,55.19139187],[-122.27026503,55.19164431],[-122.27011843,55.19184405],[-122.26964777,55.19179029],[-122.26906067,55.19183088],[-122.26842487,55.19194482],[-122.26777136,55.19219868],[-122.26662067,55.19210789],[-122.26559018,55.19205056],[-122.26488793,55.19198861],[-122.26427371,55.19190779],[-122.26380187,55.19174329],[-122.26351036,55.1915528],[-122.26327622,55.19127188],[-122.26299217,55.19098668],[-122.26250552,55.19068404],[-122.26196587,55.19060677],[-122.26132637,55.19055408],[-122.26055256,55.1904875],[-122.25965623,55.19043017],[-122.2585366,55.19041735],[-122.25770854,55.1901699],[-122.25699786,55.19036715],[-122.25619345,55.19055906],[-122.25501206,55.19072854],[-122.25380436,55.19091262],[-122.25261863,55.19104614],[-122.25145424,55.1911291],[-122.25069898,55.19120209],[-122.25005286,55.19131817],[-122.2494213,55.19149975],[-122.24889941,55.19169736],[-122.24841068,55.19178424],[-122.24805301,55.19184797],[-122.24782766,55.19188856],[-122.24780287,55.19236745],[-122.24768601,55.19273241],[-122.24776794,55.19308347],[-122.24778141,55.19347869],[-122.24808053,55.19400173],[-122.24852137,55.19441404],[-122.24896922,55.19482314],[-122.24955919,55.19519522],[-122.25003415,55.19558652],[-122.25064584,55.19591587],[-122.25125978,55.19621709],[-122.25209111,55.19646597],[-122.25303138,55.19669242],[-122.25333011,55.19714923],[-122.25373241,55.19747538],[-122.25423857,55.19767014],[-122.25505558,55.19735468],[-122.2558506,55.19712573],[-122.25674607,55.19694557],[-122.25773615,55.19683769],[-122.25890137,55.19689964],[-122.26007879,55.19701393],[-122.26114108,55.19715493],[-122.26206291,55.19735218],[-122.26283192,55.19767441],[-122.26364772,55.19802975],[-122.26452652,55.19834059],[-122.26525047,55.19857273],[-122.26552946,55.19915737],[-122.26589996,55.19968789],[-122.26641639,55.20008346],[-122.26676111,55.20043916],[-122.26728885,55.20088351],[-122.26791753,55.20132964],[-122.26798286,55.20189221],[-122.26816902,55.20247827],[-122.26848834,55.20304653],[-122.26868493,55.2035799],[-122.2687468,55.20412038],[-122.26868938,55.20466835],[-122.26865007,55.20510843],[-122.26859357,55.20561117],[-122.26854004,55.20597043],[-122.2684642,55.20665298],[-122.26855584,55.20710054],[-122.26864374,55.20754952],[-122.26887254,55.20793121],[-122.2688351,55.20825059],[-122.26893794,55.20854291],[-122.26876207,55.20888508],[-122.26885877,55.2092333],[-122.2689553,55.20957617],[-122.26933268,55.2098571],[-122.26966175,55.2099041],[-122.27008287,55.20981366],[-122.27054467,55.20974743],[-122.27101347,55.20971254],[-122.27144253,55.20965415],[-122.27178539,55.20961035],[-122.27216404,55.20961641],[-122.27257881,55.20967302],[-122.27301389,55.20973747],[-122.27344669,55.20977984],[-122.273829,55.20976737],[-122.27408329,55.20990339],[-122.27439495,55.21006397],[-122.27476336,55.21024911],[-122.27529266,55.21041005],[-122.27577308,55.21059448],[-122.27627844,55.21077037],[-122.27661416,55.21100074],[-122.2769063,55.21118624],[-122.27700205,55.21137566],[-122.27722657,55.21151274],[-122.27751928,55.21164947],[-122.27794175,55.21177765],[-122.27824393,55.21183924],[-122.27851494,55.21193965],[-122.27875352,55.21207886],[-122.27907862,55.21233237],[-122.27948063,55.21271228],[-122.27986753,55.21302917],[-122.2801142,55.21331828],[-122.2803749,55.21367006],[-122.28061964,55.21404],[-122.28097688,55.21456945],[-122.28126783,55.2149725],[-122.28150948,55.21515373],[-122.2817601,55.2152869],[-122.28176044,55.21557423],[-122.28185835,55.21593456],[-122.28210172,55.21639422],[-122.28217995,55.21671502],[-122.28227884,55.21701838],[-122.28239997,55.21730358],[-122.28273952,55.21715368],[-122.2832814,55.21702514],[-122.28402576,55.21691762],[-122.28527198,55.21694112],[-122.28654077,55.21689661],[-122.28643776,55.21719356],[-122.28659017,55.21736624],[-122.28699814,55.21741431],[-122.28733464,55.2174314],[-122.28757516,55.2175635],[-122.28780223,55.2178405],[-122.28816793,55.21818801],[-122.28877784,55.21847606],[-122.28954787,55.21867545],[-122.29018627,55.21874203],[-122.29132786,55.21876944],[-122.29248327,55.21889905],[-122.29365755,55.21908455],[-122.2948355,55.21922412],[-122.29599072,55.21937153],[-122.29711878,55.21957306],[-122.29829246,55.21989421],[-122.29946496,55.22005657],[-122.3006505,55.22017728],[-122.30168664,55.2202581],[-122.3025602,55.22034106],[-122.30277197,55.22080962],[-122.30289817,55.22110088],[-122.30307567,55.22141349],[-122.30315925,55.22172824],[-122.30318983,55.22207895],[-122.3035556,55.22223775],[-122.30384481,55.22240616],[-122.30444783,55.2223556],[-122.30502014,55.2223111],[-122.30550821,55.22224487],[-122.30595542,55.22215764],[-122.30659103,55.22205047],[-122.30746825,55.22195042],[-122.30779381,55.22219502],[-122.30812481,55.2221701],[-122.30872603,55.22192158],[-122.30991995,55.22199136],[-122.31054551,55.22195505],[-122.31137177,55.22176491],[-122.31239733,55.22142132],[-122.31355899,55.22152671],[-122.31416076,55.22137646],[-122.31483693,55.22124615],[-122.31598103,55.22144126],[-122.31698713,55.22175352],[-122.31785647,55.22210494],[-122.31862437,55.22235169],[-122.31948444,55.22250942],[-122.3204368,55.22257778],[-122.3213695,55.22259487],[-122.3215366,55.22291318],[-122.32178875,55.22320515],[-122.32214257,55.22343373],[-122.32251536,55.22362564],[-122.32299663,55.2238699],[-122.32352268,55.22403653],[-122.32407654,55.22415758],[-122.3246264,55.22426333],[-122.32514299,55.22441287],[-122.32562055,55.22458342],[-122.32604321,55.22468739],[-122.32641068,55.22472549],[-122.32639766,55.22498113],[-122.32635509,55.22522859],[-122.32703486,55.22562773],[-122.32758698,55.22593215],[-122.32802862,55.2261643],[-122.32828968,55.22632452],[-122.32868682,55.22638647],[-122.32914982,55.2264],[-122.32976907,55.2263466],[-122.33040974,55.22627538],[-122.33104963,55.22655738],[-122.3313763,55.22674787],[-122.33185709,55.22692411],[-122.33235895,55.22710071],[-122.33288205,55.22727732],[-122.33319452,55.22760346],[-122.33340941,55.22801684],[-122.33360752,55.22839247],[-122.33382143,55.2287503],[-122.33399964,55.22908962],[-122.33412873,55.22950371],[-122.33408109,55.22952151],[-122.33338423,55.22985015],[-122.33304099,55.22998581],[-122.33278263,55.23009547],[-122.33260822,55.23017843],[-122.33222982,55.23023932],[-122.33185154,55.230297],[-122.33134107,55.23040203],[-122.33084195,55.23050101],[-122.33036816,55.2306064],[-122.33013261,55.23069791],[-122.32991402,55.23082538],[-122.32951328,55.23107105],[-122.32899823,55.23133275],[-122.32835058,55.2315357],[-122.3278179,55.23170661],[-122.32779346,55.23192522],[-122.32774212,55.23215844],[-122.32762166,55.23239557],[-122.32738973,55.23256113],[-122.32698963,55.2326505],[-122.32660355,55.23278117],[-122.32623024,55.23295315],[-122.32587508,55.23317853],[-122.32594581,55.23331988],[-122.32603226,55.23350004],[-122.32613302,55.23371937],[-122.32628707,55.23392375],[-122.3265033,55.23413453],[-122.32667676,55.23432145],[-122.32679618,55.23450482],[-122.32680786,55.23472949],[-122.32678292,55.23498692],[-122.32672447,55.23531911],[-122.32663376,55.23572608],[-122.3267403,55.23594221],[-122.32678262,55.23623915],[-122.32721737,55.23655284],[-122.32781412,55.23690355],[-122.32845435,55.23728666],[-122.32916434,55.23766301],[-122.32965187,55.23768366],[-122.33027086,55.23766016],[-122.33089563,55.23759144],[-122.33172328,55.23753732],[-122.33246889,55.23753732],[-122.3327702,55.23771463],[-122.33302793,55.23786702],[-122.33328608,55.23798808],[-122.33359379,55.23809846],[-122.33394571,55.2382772],[-122.33429768,55.23852964],[-122.33461622,55.23890599],[-122.33497172,55.23927628],[-122.33535797,55.23970995],[-122.33578863,55.24027821],[-122.33580268,55.24038609],[-122.33584762,55.24051214],[-122.3359037,55.24094403],[-122.33588163,55.24132109],[-122.33579513,55.24166219],[-122.33575503,55.24198548],[-122.33584078,55.24230949],[-122.33599509,55.24259184],[-122.33621779,55.24283289],[-122.33614604,55.24337159],[-122.33615683,55.24366819],[-122.3365706,55.24402673],[-122.3369986,55.24442765],[-122.33744239,55.24487022],[-122.33771337,55.24527612],[-122.33790116,55.2456635],[-122.33816352,55.24597932],[-122.33842658,55.24624138],[-122.33892239,55.2463489],[-122.33948904,55.24645002],[-122.34001472,55.24658247],[-122.34081951,55.24674555],[-122.34170236,55.24684346],[-122.34266294,55.2468755],[-122.34351338,55.24679931],[-122.34444069,55.24684916],[-122.34513872,55.247437],[-122.34538564,55.24774392],[-122.34579014,55.24811136],[-122.34623902,55.24846136],[-122.34674939,55.24878466],[-122.34710965,55.24918094],[-122.34726535,55.24961711],[-122.34728231,55.2500636],[-122.34722736,55.25053928],[-122.34717219,55.25102423],[-122.3471171,55.25150027],[-122.34698887,55.25198806],[-122.3467695,55.25254101],[-122.34699861,55.25265886],[-122.34722146,55.25281303],[-122.3476007,55.25291593],[-122.34790146,55.25304732],[-122.34810094,55.25324706],[-122.34835035,55.25349772],[-122.34858635,55.25380856],[-122.34883064,55.25413933],[-122.34911355,55.2544936],[-122.34953705,55.25479126],[-122.35010081,55.25503302],[-122.3507626,55.2552082],[-122.35140043,55.25541435],[-122.35209937,55.25564258],[-122.3525402,55.25563297],[-122.35307935,55.2555938],[-122.35366443,55.25551903],[-122.35438632,55.25533104],[-122.35524375,55.25515906],[-122.35593833,55.25501273],[-122.35662728,55.2549027],[-122.35718001,55.25477097],[-122.3577477,55.25469299],[-122.3581797,55.25467341],[-122.35861303,55.25468266],[-122.35907524,55.25474675],[-122.35957024,55.25484645],[-122.36006018,55.25503053],[-122.36050749,55.2552527],[-122.36083413,55.2554998],[-122.36124044,55.25565469],[-122.36125534,55.25569991],[-122.36126962,55.25579889],[-122.36106094,55.25607341],[-122.36085094,55.25641344],[-122.36071952,55.25673637],[-122.36057359,55.25702335],[-122.3605064,55.25725942],[-122.36034485,55.25754639],[-122.36011932,55.25787752],[-122.35979905,55.25819939],[-122.35954757,55.25850952],[-122.35936495,55.25879899],[-122.35922441,55.2590589],[-122.35901529,55.25931847],[-122.35877132,55.25959369],[-122.35856092,55.2598853],[-122.35848357,55.26021038],[-122.35850525,55.260497],[-122.35865702,55.26072665],[-122.3588814,55.26091536],[-122.35912737,55.26107131],[-122.35929284,55.26122121],[-122.35936519,55.26138713],[-122.35938336,55.26157299],[-122.35947392,55.2617852],[-122.35963314,55.26202375],[-122.35992466,55.26236877],[-122.36026164,55.26271271],[-122.36105648,55.26289288],[-122.36185472,55.26314069],[-122.3625043,55.26353519],[-122.3629662,55.26395498],[-122.36331096,55.26435946],[-122.36366547,55.26471658],[-122.36409086,55.2649975],[-122.3645175,55.26524211],[-122.36481142,55.26554547],[-122.36484321,55.26585096],[-122.36461257,55.2661593],[-122.36505524,55.2663594],[-122.36547686,55.26659831],[-122.36587634,55.26687568],[-122.36627923,55.26727018],[-122.36667163,55.26755681],[-122.36705352,55.26773554],[-122.36741255,55.26789043],[-122.36783942,55.26811723],[-122.36838584,55.26829561],[-122.36893417,55.26854521],[-122.36957472,55.26862817],[-122.37019583,55.26873747],[-122.37108864,55.26889663],[-122.37205885,55.26902837],[-122.37312509,55.26925375],[-122.37416012,55.26951545],[-122.37395325,55.26964933],[-122.37431241,55.26981275],[-122.37424543,55.27008513],[-122.37410971,55.27037496],[-122.37380034,55.27069078],[-122.37366869,55.27093183],[-122.37361509,55.27114831],[-122.37468296,55.27128859],[-122.37472401,55.27166601],[-122.37489396,55.2719747],[-122.37519258,55.27225883],[-122.37561856,55.2725273],[-122.37591505,55.2728805],[-122.37608318,55.27330848],[-122.37602298,55.27369764],[-122.37595138,55.27403767],[-122.37586822,55.27432892],[-122.3760104,55.27463833],[-122.37628354,55.27493101],[-122.37672,55.27519413],[-122.37720988,55.27542022],[-122.37782658,55.27559113],[-122.37783891,55.2758158],[-122.37793858,55.27612093],[-122.37813408,55.27639652],[-122.37851722,55.27660196],[-122.37904669,55.27675043],[-122.37963122,55.27693522],[-122.38004365,55.27717876],[-122.3802843,55.27748176],[-122.38081761,55.27770002],[-122.38148709,55.27786025],[-122.38229165,55.27796208],[-122.38292325,55.27816111],[-122.38343869,55.27845023],[-122.38383673,55.27882942],[-122.38421453,55.27915094],[-122.38463572,55.2794048],[-122.38509985,55.27959066],[-122.38545851,55.27980821],[-122.38592695,55.27994031],[-122.38633682,55.28002825],[-122.38647137,55.28027571],[-122.38650748,55.28054132],[-122.3863393,55.28089702],[-122.38615109,55.28131253],[-122.38595517,55.28166004],[-122.3858699,55.28194488],[-122.38563687,55.28220836],[-122.38558672,55.2825046],[-122.38560109,55.28282825],[-122.38584942,55.28304223],[-122.38605057,55.28328898],[-122.38644659,55.28347056],[-122.38695797,55.28365286],[-122.3875843,55.28387184],[-122.3881016,55.28403598],[-122.38850895,55.284146],[-122.38896381,55.28425602],[-122.3895923,55.28434895],[-122.39015756,55.28446253],[-122.39066011,55.28454299],[-122.39112599,55.2846142],[-122.391602,55.28472743],[-122.39205667,55.28484671],[-122.39276236,55.28501192],[-122.3932798,55.28517],[-122.39370185,55.28538292],[-122.39410759,55.28562076],[-122.39445132,55.285802],[-122.39509194,55.28609289],[-122.39549867,55.28627448],[-122.39603073,55.2865109],[-122.39663986,55.2868374],[-122.3972178,55.28710978],[-122.39746743,55.28727285],[-122.39770211,55.2873818],[-122.39826525,55.28764207],[-122.39876589,55.28784538],[-122.39918877,55.2879821],[-122.39954461,55.28807681],[-122.3998633,55.28814731],[-122.40000475,55.28817473],[-122.40014598,55.2882114],[-122.4004766,55.28832997],[-122.40084975,55.28852152],[-122.40126604,55.28878607],[-122.4017083,55.28903673],[-122.40205847,55.28914034],[-122.40244943,55.28928597],[-122.40288227,55.28947396],[-122.40310142,55.28957401],[-122.4034173,55.28974314],[-122.40367396,55.28990016],[-122.40381909,55.29003581],[-122.40395519,55.29027579],[-122.40402692,55.29050402],[-122.40398059,55.29081521],[-122.40392653,55.29124817],[-122.40391997,55.29170748],[-122.40397682,55.29210341],[-122.40401781,55.29253495],[-122.40407342,55.29300244],[-122.40403862,55.29323566],[-122.40331439,55.29355575],[-122.40257499,55.29389079],[-122.40181871,55.29424044],[-122.40224986,55.29455091],[-122.40281708,55.29489415],[-122.40338708,55.29526159],[-122.40396018,55.29565254],[-122.40427555,55.29610651],[-122.40446087,55.29658967],[-122.4045006,55.29708423],[-122.40455587,55.29759659],[-122.4046262,55.29815416],[-122.40466719,55.2986035],[-122.40467747,55.29893605],[-122.40494494,55.29898626],[-122.40519693,55.29907848],[-122.40541491,55.29924724],[-122.40559874,55.29947975],[-122.4059491,55.299212],[-122.40636039,55.29946835],[-122.40671981,55.29967201],[-122.40701083,55.29986891],[-122.40731464,55.3000213],[-122.40761505,55.30019043],[-122.40801385,55.3003211],[-122.40840409,55.30042791],[-122.40914086,55.30064724],[-122.40957552,55.30075406],[-122.4100359,55.30084022],[-122.41083555,55.30108661],[-122.41138696,55.30143376],[-122.41177231,55.30165736],[-122.41186624,55.30169368],[-122.41232081,55.30185782],[-122.41272795,55.30203051],[-122.41316647,55.30218539],[-122.41369274,55.30243641],[-122.4143701,55.30281097],[-122.41466676,55.3029744],[-122.41508819,55.30323076],[-122.4154626,55.30349032],[-122.4158054,55.30373457],[-122.41605552,55.30388839],[-122.41638416,55.30404291],[-122.41641543,55.30404291],[-122.41679036,55.30425156],[-122.41735282,55.3045688],[-122.41772761,55.30480415],[-122.41792278,55.30508365],[-122.41806618,55.3053628],[-122.41823927,55.30573203],[-122.4183545,55.30607419],[-122.41838024,55.30650573],[-122.4183768,55.3067304],[-122.41825946,55.30718792],[-122.41827129,55.30748665],[-122.41831456,55.3077455],[-122.41874879,55.30787119],[-122.41922513,55.30797444],[-122.4196362,55.30821585],[-122.42015824,55.30842592],[-122.42065625,55.30860003],[-122.4212515,55.30871788],[-122.42186574,55.3088806],[-122.42276268,55.30903762],[-122.42369927,55.3091487],[-122.42463638,55.30913411],[-122.42542643,55.30897317],[-122.42619322,55.30872607],[-122.42723119,55.30882683],[-122.42787324,55.30899774],[-122.42831117,55.3091925],[-122.42849817,55.30945776],[-122.42857279,55.30977963],[-122.42859907,55.31011218],[-122.42864111,55.31048105],[-122.42879651,55.31078227],[-122.42907983,55.31104326],[-122.42950026,55.31136264],[-122.42979622,55.31174646],[-122.43009334,55.31212316],[-122.43025645,55.3124753],[-122.43054993,55.31277118],[-122.43070544,55.31302683],[-122.43112201,55.31325719],[-122.43140977,55.3135812],[-122.43182685,55.31391446],[-122.43198458,55.31428369],[-122.43214228,55.31463689],[-122.43205107,55.31501182],[-122.43173763,55.3154017],[-122.43248497,55.31529844],[-122.43317482,55.31515103],[-122.43370753,55.31502143],[-122.43427591,55.31491818],[-122.43483472,55.31479925],[-122.43531456,55.31465861],[-122.43570563,55.31447382],[-122.43594462,55.31429793],[-122.43642099,55.31403054],[-122.43697348,55.31397036],[-122.43726638,55.31391589],[-122.4375632,55.31386106],[-122.43791988,55.31377881],[-122.43833799,55.31368018],[-122.438965,55.31353918],[-122.4393805,55.31311085],[-122.43993072,55.31283456],[-122.44061533,55.31271101],[-122.44113142,55.31296487],[-122.44165955,55.31312011],[-122.44226165,55.31324865],[-122.44285279,55.31341314],[-122.44327394,55.31359188],[-122.44365634,55.31378522],[-122.44395566,55.31392835],[-122.44449784,55.3140786],[-122.44534248,55.3141872],[-122.44636007,55.31424381],[-122.44741729,55.31417082],[-122.44767354,55.31422281],[-122.44808156,55.31433852],[-122.44864087,55.31451762],[-122.44919063,55.31414982],[-122.44986412,55.31379554],[-122.4505974,55.31356518],[-122.45118906,55.31333089],[-122.4515219,55.31318563],[-122.45173371,55.31306599],[-122.45187741,55.31294173],[-122.45255389,55.3129898],[-122.45326251,55.3130197],[-122.45344078,55.31269107],[-122.45366636,55.31242759],[-122.45391471,55.31218405],[-122.45409571,55.31204127],[-122.45426488,55.31191594],[-122.45438264,55.31179382],[-122.45454634,55.3117048],[-122.45472627,55.31162469],[-122.45495304,55.31153888],[-122.45527007,55.31141747],[-122.45564962,55.31129321],[-122.45625074,55.31110414],[-122.45684237,55.31087128],[-122.45726563,55.31065623],[-122.45775784,55.31034397],[-122.45822736,55.31044011],[-122.45871043,55.31047215],[-122.45920628,55.31044046],[-122.45956955,55.31038812],[-122.45990114,55.31031762],[-122.46021701,55.31026493],[-122.46042215,55.31021223],[-122.46091203,55.31010648],[-122.46121218,55.31005984],[-122.46146489,55.31000999],[-122.46167018,55.30995694],[-122.46207516,55.30991386],[-122.46261681,55.30988039],[-122.46311495,55.30992846],[-122.46362874,55.31000145],[-122.46420422,55.31017485],[-122.46464119,55.31019763],[-122.46503076,55.31013639],[-122.46537231,55.30999112],[-122.46646981,55.31039738],[-122.46746291,55.31061849],[-122.46837948,55.31079901],[-122.46917897,55.31098415],[-122.46993479,55.31124834],[-122.47066607,55.31155989],[-122.47120873,55.31181198],[-122.47176376,55.31208792],[-122.47239876,55.31235531],[-122.47307785,55.31264265],[-122.47376313,55.31285521],[-122.47438104,55.31297769],[-122.47485775,55.31310266],[-122.47530177,55.3131575],[-122.4757752,55.31319025],[-122.47624795,55.31318349],[-122.47673733,55.31314646],[-122.47724246,55.31307098],[-122.4776373,55.31298268],[-122.47804262,55.31290648],[-122.47837982,55.31282423],[-122.47856833,55.3128958],[-122.47881414,55.31297093],[-122.47911754,55.3130489],[-122.47964612,55.31317993],[-122.48024802,55.31335333],[-122.4806869,55.31353491],[-122.48128467,55.31360043],[-122.481861,55.3136987],[-122.48237516,55.3137578],[-122.48275842,55.31378344],[-122.48316637,55.31387601],[-122.48358459,55.31404442],[-122.48412676,55.31436416],[-122.48464639,55.31463689],[-122.48517031,55.31486868],[-122.48557303,55.31502214],[-122.48595909,55.31519269],[-122.48625457,55.31550851],[-122.48647162,55.31579691],[-122.48689192,55.31621207],[-122.48722845,55.31656385],[-122.48751302,55.31692453],[-122.48768183,55.31723964],[-122.48778897,55.31751878],[-122.48783295,55.31774345],[-122.48797139,55.3180226],[-122.48779628,55.31812977],[-122.48763709,55.31827895],[-122.48758905,55.31845662],[-122.48765295,55.31866242],[-122.48787017,55.31893587],[-122.48805048,55.31934319],[-122.48816887,55.31982992],[-122.48926088,55.31983419],[-122.49012971,55.31998658],[-122.49080302,55.32018526],[-122.49122822,55.32044945],[-122.49181352,55.32067269],[-122.4923465,55.3209027],[-122.49287947,55.32111954],[-122.49328614,55.32138765],[-122.49328277,55.32166644],[-122.49320852,55.32209726],[-122.49326103,55.32251989],[-122.49326852,55.32278052],[-122.49325689,55.32312589],[-122.49320521,55.32347127],[-122.49315516,55.32379955],[-122.49320385,55.32412818],[-122.49338414,55.32442549],[-122.49370054,55.3247324],[-122.49412198,55.32504252],[-122.49438634,55.32532024],[-122.49465641,55.32556984],[-122.49493202,55.32579166],[-122.49534391,55.32602416],[-122.49576146,55.32626841],[-122.49615101,55.32658744],[-122.49668482,55.3268851],[-122.49723677,55.32715926],[-122.49790698,55.32735544],[-122.49842969,55.32755554],[-122.49896738,55.32769832],[-122.49935432,55.32784679],[-122.49971156,55.327965],[-122.50021241,55.32827263],[-122.50057205,55.32848982],[-122.50081823,55.32894913],[-122.50088211,55.32901536],[-122.50099397,55.32907767],[-122.50115256,55.32913606],[-122.50140867,55.32923896],[-122.50170358,55.32942588],[-122.50203865,55.32967298],[-122.50214825,55.32973031],[-122.50225792,55.32978158],[-122.50243537,55.32986632],[-122.50260285,55.32995391],[-122.50280792,55.33007532],[-122.50298389,55.33016505],[-122.50316648,55.33023768],[-122.50336524,55.33033417],[-122.50357366,55.33046983],[-122.50383929,55.3306329],[-122.50412135,55.33079562],[-122.50441476,55.33086968],[-122.50471871,55.33091596],[-122.50502309,55.33091703],[-122.50524966,55.33089496],[-122.50539687,55.33086078],[-122.50556584,55.33081663],[-122.50572431,55.33077212],[-122.50587139,55.33073972],[-122.50608112,55.33063789],[-122.5062992,55.33045594],[-122.50652484,55.33019425],[-122.50686137,55.33028468],[-122.5071923,55.33032492],[-122.50751079,55.33032812],[-122.50783114,55.33031958],[-122.50811815,55.33034236],[-122.50837695,55.33037263],[-122.5085237,55.33039114],[-122.50881774,55.33043422],[-122.5090953,55.33050437],[-122.50930994,55.3305738],[-122.50946693,55.33062863],[-122.50965518,55.33070126],[-122.50976493,55.33074648],[-122.51008213,55.33085152],[-122.51033297,55.33099643],[-122.51051633,55.33118087],[-122.51063581,55.3312592],[-122.51069113,55.33135747],[-122.51078782,55.33147034],[-122.51092606,55.33159887],[-122.5111509,55.33171067],[-122.51138349,55.33184847],[-122.51159395,55.33200299],[-122.51178023,55.33219241],[-122.51198362,55.33235477],[-122.51230659,55.33255986],[-122.51263052,55.33271403],[-122.51289859,55.3328479],[-122.51303171,55.33297822],[-122.5128576,55.33319826],[-122.5125948,55.33348275],[-122.51231229,55.3338299],[-122.51249902,55.33403747],[-122.51260746,55.33419058],[-122.51265272,55.33434653],[-122.51266588,55.33453239],[-122.51264883,55.33467588],[-122.5126462,55.33488274],[-122.51272156,55.33513447],[-122.51331881,55.33515797],[-122.51401526,55.33535344],[-122.51481154,55.33572089],[-122.51536952,55.33604953],[-122.51570423,55.33618874],[-122.51561611,55.33651311],[-122.5154595,55.33686168],[-122.51515888,55.33736087],[-122.51498927,55.33791132],[-122.51495205,55.33837847],[-122.51485523,55.33872633],[-122.51469674,55.33905425],[-122.51447833,55.33930206],[-122.51433783,55.33948721],[-122.51427414,55.33966987],[-122.51426351,55.33983223],[-122.51422849,55.33999601],[-122.51412599,55.34019932],[-122.51494623,55.34057709],[-122.51554188,55.34089398],[-122.51574903,55.34109942],[-122.51581511,55.34130237],[-122.5161725,55.34143553],[-122.51651103,55.34158365],[-122.51678682,55.34177342],[-122.51694296,55.34190872],[-122.51713022,55.34206218],[-122.51696206,55.34222846],[-122.51665785,55.34244387],[-122.51617164,55.34265145],[-122.51587614,55.34279316],[-122.51579141,55.3429605],[-122.51591857,55.34315384],[-122.51601716,55.34329199],[-122.51615188,55.34344829],[-122.51632274,55.34362276],[-122.51654108,55.34382108],[-122.51618059,55.34407032],[-122.51548947,55.34432846],[-122.51446615,55.34459478],[-122.51386482,55.34479026],[-122.51416428,55.3450897],[-122.51437568,55.34539305],[-122.51450026,55.34570033],[-122.51472956,55.34582708],[-122.51495383,55.34596274],[-122.51517307,55.34610729],[-122.51536625,55.34620699],[-122.51555937,55.34634229],[-122.51571556,55.34646869],[-122.51583,55.34656803],[-122.51609586,55.3467489],[-122.51626754,55.34688456],[-122.51649062,55.34712204],[-122.51678199,55.34734173],[-122.51704789,55.34753435],[-122.51723418,55.34766217],[-122.51737581,55.3477875],[-122.51746957,55.34790465],[-122.51763953,55.34814783],[-122.51776444,55.34827423],[-122.51804472,55.34856299],[-122.51826335,55.34872535],[-122.5185555,55.34890337],[-122.51889037,55.34906039],[-122.5189666,55.34929432],[-122.51904804,55.34949228],[-122.51913533,55.34965429],[-122.51921716,55.34987646],[-122.51933542,55.35009544],[-122.51947431,55.35031156],[-122.51962951,55.35050988],[-122.52029725,55.35050062],[-122.52117568,55.35060601],[-122.52200827,55.35077087],[-122.5226425,55.35103292],[-122.52314687,55.35133841],[-122.5233878,55.35172473],[-122.52348945,55.35214274],[-122.52383433,55.35232361],[-122.52472734,55.3519348],[-122.52567242,55.35163892],[-122.52633013,55.35142565],[-122.52668832,55.35122163],[-122.52674667,55.35102616],[-122.526644,55.35081609],[-122.52652072,55.35059996],[-122.52625622,55.35025744],[-122.52680888,55.3502286],[-122.52738271,55.35013496],[-122.52801886,55.35001248],[-122.52865778,55.34990708],[-122.5289193,55.35017092],[-122.52906761,55.35050098],[-122.52910334,55.35089727],[-122.52922237,55.3510347],[-122.52939435,55.35118318],[-122.52977607,55.35137616],[-122.5300171,55.35156273],[-122.53020892,55.35177529],[-122.53032697,55.35203343],[-122.53042689,55.35231222],[-122.53053799,55.35255718],[-122.53062048,55.3527085],[-122.53056195,55.35278612],[-122.53035811,55.35282529],[-122.53102455,55.3529257],[-122.53153831,55.35302432],[-122.53195296,55.35311298],[-122.53241975,55.35319238],[-122.53264029,55.3532262],[-122.53289193,55.35327534],[-122.53314271,55.35339604],[-122.53342526,55.3535349],[-122.53373834,55.35369192],[-122.53406845,55.35382793],[-122.53435051,55.35394579],[-122.53453796,55.35410815],[-122.53466314,55.35420748],[-122.5349603,55.35443322],[-122.53518973,55.35457778],[-122.53549675,55.35469884],[-122.53581596,55.35483698],[-122.53610827,55.35502391],[-122.5363224,55.35527422],[-122.53670713,55.35563205],[-122.53706637,55.35595392],[-122.5373995,55.35623983],[-122.53776289,55.35663042],[-122.53813276,55.35694054],[-122.53836549,55.35726989],[-122.53845491,55.35769965],[-122.53939495,55.35782284],[-122.54012887,55.35801724],[-122.54065667,55.35828286],[-122.54125548,55.35834802],[-122.54157038,55.3584032],[-122.54186799,55.35857482],[-122.5417941,55.35871546],[-122.54173833,55.35886216],[-122.5417352,55.35915839],[-122.54243677,55.3592709],[-122.54297197,55.35948062],[-122.54346992,55.35977401],[-122.54407399,55.36014679],[-122.54473833,55.36059043],[-122.54526201,55.36105864],[-122.54501519,55.36154323],[-122.5448109,55.36191388],[-122.54475765,55.36211541],[-122.54483422,55.36229735],[-122.54504122,55.36245971],[-122.54511581,55.36284638],[-122.5452928,55.36299379],[-122.54546474,55.36313835],[-122.54560857,55.36325157],[-122.54573032,55.36333702],[-122.54583518,55.3634061],[-122.54603765,55.36358662],[-122.54616276,55.36373082],[-122.54628151,55.36387822],[-122.54636475,55.36400142],[-122.54648829,55.36422644],[-122.54656516,55.36438844],[-122.54665284,55.36451449],[-122.54677619,55.36463768],[-122.54692377,55.36476728],[-122.54701726,55.36485737],[-122.54714655,55.36504358],[-122.54726514,55.36525365],[-122.54742065,55.36546087],[-122.54762378,55.36565029],[-122.54774923,55.36570477],[-122.54810519,55.36585574],[-122.54839312,55.36595864],[-122.54871345,55.36597893],[-122.54917134,55.36596576],[-122.54976631,55.36591876],[-122.55075951,55.36594938],[-122.55142551,55.36614058],[-122.55195446,55.36633142],[-122.55301859,55.36661982],[-122.55410993,55.36685126],[-122.5552595,55.36702644],[-122.55610054,55.36722013],[-122.55693803,55.36727389],[-122.55777181,55.36718808],[-122.55863047,55.3670834],[-122.55932999,55.36702323],[-122.55940786,55.36714002],[-122.56014984,55.367098],[-122.55987953,55.36727674],[-122.55949804,55.36756301],[-122.55902841,55.36786957],[-122.55858847,55.36817257],[-122.55812021,55.36847735],[-122.55792399,55.36880705],[-122.55787113,55.36912964],[-122.55793136,55.36940843],[-122.55791217,55.36967796],[-122.55781573,55.36987521],[-122.55770407,55.36995568],[-122.55759209,55.37007994],[-122.55751203,55.37022058],[-122.55748389,55.37038223],[-122.55749216,55.37055705],[-122.55758359,55.3708807],[-122.55764336,55.37113243],[-122.55773662,55.37125883],[-122.55790897,55.37136707],[-122.55808175,55.37148172],[-122.55825401,55.37160207],[-122.55829071,55.3717541],[-122.55832581,55.3719129],[-122.55835916,55.37207882],[-122.55840434,55.37224047],[-122.55843433,55.37239357],[-122.55859195,55.37257088],[-122.55888303,55.3727304],[-122.55920716,55.37291554],[-122.55930308,55.37310247],[-122.5591736,55.37326376],[-122.55898725,55.3734247],[-122.55887851,55.37358136],[-122.55889802,55.37375191],[-122.55893309,55.37391676],[-122.55898372,55.37407592],[-122.55909205,55.37424682],[-122.55919911,55.3744252],[-122.55935508,55.37458721],[-122.55956011,55.3747339],[-122.56031327,55.37514087],[-122.56096212,55.37546096],[-122.56147917,55.37578604],[-122.56180332,55.37610791],[-122.56213918,55.37647927],[-122.56248709,55.37690084],[-122.56295208,55.37687556],[-122.56337796,55.3769222],[-122.56373623,55.3770073],[-122.56404756,55.37709524],[-122.56436281,55.37713227],[-122.56466152,55.37724122],[-122.56492829,55.37737688],[-122.5651329,55.37737759],[-122.56524156,55.37757164],[-122.56539223,55.37775821],[-122.56558458,55.37793659],[-122.56578822,55.37808079],[-122.56597604,55.37821645],[-122.56641511,55.3784696],[-122.56660294,55.37861416],[-122.56677525,55.37875836],[-122.56690006,55.3788666],[-122.56700917,55.3789898],[-122.5671181,55.3791461],[-122.56719505,55.37934407],[-122.56727212,55.37949717],[-122.56733843,55.37970404],[-122.56737856,55.37989274],[-122.5674237,55.38008145],[-122.56748423,55.38029758],[-122.56749803,55.38047738],[-122.56749631,55.38064793],[-122.56747816,55.38083664],[-122.56749761,55.38101645],[-122.56753774,55.38119625],[-122.56765743,55.38133155],[-122.56780849,55.3814519],[-122.56796524,55.38155729],[-122.56810072,55.38164773],[-122.56819497,55.38172891],[-122.56831908,55.38189091],[-122.56842799,55.38205327],[-122.56858406,55.38220637],[-122.5686619,55.38232351],[-122.56875468,55.38248552],[-122.56878489,55.38260266],[-122.56881453,55.38277321],[-122.56887584,55.38295337],[-122.56890609,55.38310612],[-122.56896692,55.38327702],[-122.56906032,55.38343012],[-122.56915515,55.38357539],[-122.56923012,55.38374843],[-122.56927026,55.383961],[-122.56926781,55.38414971],[-122.5693204,55.38432382],[-122.56942756,55.38448297],[-122.5694999,55.38461471],[-122.56953507,55.38476176],[-122.56955405,55.38491451],[-122.56961062,55.38504945],[-122.56976732,55.38517585],[-122.56993883,55.38537417],[-122.57009468,55.38556359],[-122.57026546,55.38579787],[-122.57048476,55.38597803],[-122.57065543,55.38623938],[-122.5706956,55.38641028],[-122.57073588,55.38657798],[-122.57073422,55.38671578],[-122.57073998,55.38684787],[-122.57072655,55.3869675],[-122.5706781,55.38707503],[-122.5706295,55.38717401],[-122.57058116,55.38724558],[-122.57054899,55.38733531],[-122.57046859,55.38745174],[-122.57035025,55.38768495],[-122.57025901,55.38785835],[-122.57019402,55.38801999],[-122.57011348,55.38818734],[-122.57000098,55.38833083],[-122.56988918,55.38848607],[-122.56980863,55.38864451],[-122.56985941,55.38880367],[-122.56988901,55.38898632],[-122.56994468,55.38920529],[-122.5699578,55.38945382],[-122.5699396,55.38966068],[-122.56995265,55.38993022],[-122.57002341,55.39017589],[-122.57010543,55.39036211],[-122.57024589,55.39049741],[-122.57126903,55.39046002],[-122.57232987,55.39047747],[-122.57283639,55.39085097],[-122.57361683,55.39118886],[-122.57467137,55.39149222],[-122.57461356,55.39181551],[-122.57461717,55.39212101],[-122.57502618,55.39227518],[-122.57516749,55.39232965],[-122.57538756,55.39243825],[-122.5757055,55.39254222],[-122.57601025,55.392612],[-122.57630104,55.39264796],[-122.57688027,55.39308128],[-122.57762444,55.39287726],[-122.57784441,55.39301292],[-122.57825204,55.39326571],[-122.5787382,55.39360005],[-122.57895688,55.39379837],[-122.57839086,55.39389343],[-122.57802829,55.39402197],[-122.57786855,55.39418397],[-122.57784465,55.39444175],[-122.57800076,55.39461302],[-122.57810995,55.39475722],[-122.57821857,55.39493702],[-122.57831145,55.39507232],[-122.57848314,55.39527955],[-122.57861292,55.39545081],[-122.57875276,55.39563987],[-122.57899661,55.39583356],[-122.57932592,55.39606108],[-122.57976671,55.39632314],[-122.58017343,55.39668702],[-122.58057097,55.39694017],[-122.58109449,55.39719938],[-122.58174373,55.39747425],[-122.58248243,55.3978271],[-122.58244712,55.39820452],[-122.58240972,55.39870762],[-122.58239102,55.39899495],[-122.58240403,55.3993008],[-122.58246438,55.39953437],[-122.5830931,55.39978218],[-122.58353817,55.40002537],[-122.58383964,55.40024327],[-122.58409725,55.40043874],[-122.58431682,55.40055624],[-122.58466198,55.40075528],[-122.58494661,55.40089698],[-122.58541694,55.40105934],[-122.58603963,55.40127689],[-122.5867738,55.40151117],[-122.58724842,55.40176326],[-122.58762913,55.40195838],[-122.58774257,55.40214637],[-122.58798631,55.40231977],[-122.58819248,55.40257506],[-122.58858766,55.40289088],[-122.58904175,55.40326794],[-122.58902244,55.40359123],[-122.58939467,55.40376036],[-122.5899067,55.40396687],[-122.59040958,55.40420115],[-122.59090329,55.4044632],[-122.5911599,55.40479255],[-122.5913633,55.4051187],[-122.59151461,55.40544199],[-122.59178043,55.40565847],[-122.59199994,55.40584789],[-122.59224014,55.40601346],[-122.59245406,55.40618187],[-122.59259536,55.40631717],[-122.59271986,55.40644321],[-122.59295504,55.40662373],[-122.59312768,55.40675013],[-122.59334714,55.40691284],[-122.59351919,55.40703319],[-122.593645,55.40713823],[-122.59378077,55.40723151],[-122.59392887,55.40732978],[-122.59406289,55.40743019],[-122.59417733,55.40756228],[-122.5942555,55.40765237],[-122.59441181,55.40782363],[-122.59463568,55.40802515],[-122.59485024,55.40818466],[-122.59516445,55.40835628],[-122.59549097,55.40848517],[-122.59587766,55.40859626],[-122.59632436,55.4086899],[-122.59694005,55.40889036],[-122.59756959,55.4091161],[-122.5982125,55.40936676],[-122.59899015,55.40951915],[-122.59963098,55.40985989],[-122.60004326,55.41021772],[-122.60022697,55.41059265],[-122.60125859,55.41062576],[-122.60241798,55.41055775],[-122.60370403,55.41038827],[-122.60378291,55.41038863],[-122.60445698,55.40988268],[-122.60500924,55.40937708],[-122.60544506,55.40894412],[-122.60588716,55.40848125],[-122.60607738,55.40802978],[-122.60601147,55.40761925],[-122.60568878,55.40724077],[-122.60549651,55.40681457],[-122.60543439,55.40635028],[-122.60550211,55.40585608],[-122.60570041,55.40535262],[-122.60602887,55.40481249],[-122.60658126,55.40429016],[-122.60710341,55.40382338],[-122.60759566,55.40341285],[-122.60786902,55.40292328],[-122.60818129,55.40239632],[-122.6086655,55.40186758],[-122.60941564,55.40141184],[-122.60962661,55.4008215],[-122.60996398,55.4002333],[-122.61042313,55.39976865],[-122.61074703,55.39942898],[-122.61093724,55.39921499],[-122.61098484,55.39919719],[-122.61109569,55.39914378],[-122.61125427,55.39904836],[-122.61142411,55.39895899],[-122.61160332,55.39887567],[-122.61185769,55.3987418],[-122.61198431,55.39867023],[-122.6121911,55.39856306],[-122.61273055,55.39829531],[-122.61292936,55.39822802],[-122.61314543,55.39819277],[-122.61337877,55.39818956],[-122.61369442,55.39822623],[-122.614164,55.39775162],[-122.61455606,55.39724958],[-122.61536414,55.39682588],[-122.6161588,55.39647588],[-122.61694492,55.39625371],[-122.61773112,55.39601337],[-122.61838491,55.39573601],[-122.61903483,55.39548428],[-122.61968057,55.3952589],[-122.62059122,55.39527456],[-122.62148628,55.39538707],[-122.62224641,55.39549247],[-122.62276852,55.3954241],[-122.62361229,55.39467177],[-122.62445019,55.39402446],[-122.62541603,55.39352634],[-122.6261174,55.39318774],[-122.62622822,55.39313433],[-122.62680963,55.39285447],[-122.62704856,55.3926736],[-122.62713767,55.39252406],[-122.62728449,55.39237594],[-122.62746658,55.39219756],[-122.62785449,55.39183652],[-122.62729927,55.39114471],[-122.62700584,55.39046999],[-122.62697371,55.38981201],[-122.62808216,55.38942498],[-122.62893864,55.38901694],[-122.62954223,55.38858861],[-122.63064309,55.38844797],[-122.63178769,55.38820016],[-122.63287359,55.38780992],[-122.6338219,55.38747417],[-122.63451598,55.3871288],[-122.63519225,55.38686318],[-122.63586322,55.38654594],[-122.63664647,55.38624045],[-122.63743381,55.38587442],[-122.63824323,55.38540052],[-122.63903049,55.38503165],[-122.63982288,55.38465352],[-122.64051997,55.38441283],[-122.64112036,55.38430993],[-122.64138978,55.3841668],[-122.64162845,55.38401476],[-122.64183514,55.38385383],[-122.64199447,55.38368328],[-122.64210607,55.38350098],[-122.64220271,55.38330657],[-122.64225177,55.38310006],[-122.6422859,55.38287539],[-122.64228877,55.38251614],[-122.64232217,55.38230963],[-122.64238694,55.38211202],[-122.64246795,55.38189661],[-122.6425803,55.3816812],[-122.64269257,55.38149284],[-122.6428048,55.38128669],[-122.64293287,55.38108908],[-122.64309262,55.38090108],[-122.64329941,55.38072199],[-122.64352188,55.3805518],[-122.64377559,55.38039976],[-122.64399796,55.38024773],[-122.64420482,55.38009534],[-122.6444115,55.3799344],[-122.64460201,55.37976421],[-122.64475611,55.37962998],[-122.64485642,55.37953135],[-122.64503201,55.3793519],[-122.64515993,55.37915465],[-122.64525648,55.37894849],[-122.64533692,55.37875088],[-122.64538605,55.37856218],[-122.645435,55.37836492],[-122.64550043,55.37817622],[-122.64558076,55.37799677],[-122.64566108,55.37780841],[-122.64574205,55.37762896],[-122.64585372,55.37744951],[-122.64596604,55.37727896],[-122.64611096,55.37696208],[-122.64620785,55.37668649],[-122.64622556,55.37646218],[-122.6461838,55.375869],[-122.64616971,55.37564433],[-122.64617125,55.37546452],[-122.64615712,55.37528472],[-122.64615867,55.37510491],[-122.64611319,55.3749162],[-122.64609902,55.37471859],[-122.64613261,55.37451172],[-122.64614972,55.37435008],[-122.64616691,55.37416137],[-122.64621662,55.37394596],[-122.64628137,55.37373055],[-122.64634677,55.37352404],[-122.64647285,55.37332073],[-122.64681117,55.37309998],[-122.64736217,55.37286213],[-122.6464808,55.37261681],[-122.6464986,55.37241921],[-122.64637372,55.37223014],[-122.6462808,55.37204108],[-122.64621976,55.37182531],[-122.64618996,55.3716277],[-122.6461915,55.37143899],[-122.6462244,55.37125919],[-122.64627346,55.37108864],[-122.64628993,55.37099571],[-122.64633859,55.37089922],[-122.64641847,55.3707657],[-122.64656214,55.37059515],[-122.64662614,55.37046661],[-122.64665873,55.37038899],[-122.64670719,55.37022735],[-122.64672436,55.3700835],[-122.64680482,55.36987699],[-122.6468852,55.3697214],[-122.64693352,55.36960782],[-122.64696699,55.36940131],[-122.64709965,55.36929876],[-122.64730625,55.3691186],[-122.64756132,55.36883198],[-122.64776385,55.36848696],[-122.64798625,55.36835273],[-122.64806569,55.36829932],[-122.64825625,55.36814693],[-122.64838344,55.36804546],[-122.648468,55.36797389],[-122.64851071,55.36793188],[-122.6485426,55.36790517],[-122.64871172,55.36776204],[-122.6489078,55.36762781],[-122.64908197,55.36756514],[-122.64936689,55.36744017],[-122.64966805,55.36729739],[-122.64993743,55.36716316],[-122.65004818,55.36710085],[-122.65017536,55.36703819],[-122.650397,55.36691321],[-122.65067128,55.36679714],[-122.65103269,55.36659739],[-122.65150832,55.3663211],[-122.65216333,55.36598463],[-122.65294771,55.3656802],[-122.65301252,55.36548259],[-122.65309364,55.36523122],[-122.65274768,55.36511372],[-122.65244885,55.36499587],[-122.65210294,55.36488122],[-122.65167771,55.36477797],[-122.65105845,55.36464445],[-122.65054093,55.36453122],[-122.65016095,55.36443509],[-122.65001964,55.36437776],[-122.64988038,55.36429765],[-122.64974271,55.3641944],[-122.64960209,55.3640534],[-122.64947095,55.36397186],[-122.6493353,55.36389959],[-122.64923519,55.36386647],[-122.6490832,55.3638152],[-122.6488787,55.36374577],[-122.64883183,55.36372761],[-122.64864866,55.36362827],[-122.64845493,55.36350187],[-122.64826753,55.36333061],[-122.64813744,55.36312731],[-122.64803426,55.36292258],[-122.64802958,55.36266978],[-122.64814411,55.36241057],[-122.64846317,55.36219089],[-122.64872995,55.36198082],[-122.64894353,55.36178107],[-122.64900855,55.3615443],[-122.64905763,55.36136485],[-122.64912732,55.3612064],[-122.64917067,55.36110173],[-122.64918643,55.36105081],[-122.64920434,55.360871],[-122.64904777,55.36069796],[-122.64887412,55.36054771],[-122.64868212,55.36042024],[-122.64870375,55.36034939],[-122.64866949,55.36027141],[-122.64857933,55.36018631],[-122.6482962,55.36005066],[-122.64813924,55.35996058],[-122.64802994,55.3598972],[-122.64796677,55.35987014],[-122.64770003,55.35970742],[-122.64740195,55.35953581],[-122.64731395,55.35940086],[-122.6472005,55.35914913],[-122.64722127,55.35912207],[-122.64725884,55.35906546],[-122.64731226,55.35897859],[-122.64735992,55.35893372],[-122.64755106,55.35875463],[-122.64794791,55.35844522],[-122.64819744,55.3581853],[-122.64829902,55.35797487],[-122.64841135,55.35777762],[-122.64850752,55.35757111],[-122.64857238,55.3573646],[-122.64862145,55.35716735],[-122.64868857,55.35677213],[-122.64873719,55.35658342],[-122.64877077,55.35639471],[-122.64877152,55.35630499],[-122.6487576,55.35608922],[-122.6487273,55.35590051],[-122.64871338,55.35568474],[-122.64877366,55.35545936],[-122.6488757,55.35522401],[-122.64919397,55.35489146],[-122.6495915,55.35453719],[-122.6497977,55.3543759],[-122.65006762,55.35420606],[-122.65032079,55.354085],[-122.650606,55.35393688],[-122.6509231,55.35376206],[-122.65117053,55.35350713],[-122.65136899,55.35323012],[-122.6514131,55.35302681],[-122.65142045,55.3528171],[-122.65137452,55.35263729],[-122.65137699,55.35238556],[-122.65139431,55.35220576],[-122.65142713,55.35201741],[-122.65150767,55.3518109],[-122.65162014,55.35160439],[-122.65177944,55.35139823],[-122.65197055,55.35121024],[-122.65220867,55.35104004],[-122.65247806,55.35085205],[-122.65274795,55.35067331],[-122.65299147,55.3504992],[-122.65318555,55.35031904],[-122.65330792,55.35013069],[-122.65335739,55.34993699],[-122.65335546,55.34974045],[-122.65330967,55.34954249],[-122.65324871,55.34935378],[-122.65320776,55.34920388],[-122.65313698,55.34908175],[-122.65305623,55.34889696],[-122.65294747,55.34867301],[-122.65284667,55.34843908],[-122.65273918,55.34824788],[-122.65261298,55.34808481],[-122.65275843,55.34805312],[-122.65293397,55.34802285],[-122.65312854,55.34800541],[-122.65327627,55.3479787],[-122.6530743,55.34763689],[-122.65263882,55.3469166],[-122.65286113,55.34674676],[-122.65305167,55.34658547],[-122.65313129,55.3464929],[-122.65319537,55.34640602],[-122.65325948,55.34628033],[-122.65335558,55.34610088],[-122.65351477,55.34591289],[-122.65359447,55.34584097],[-122.6538162,55.34569783],[-122.65407033,55.34555506],[-122.65430776,55.34543863],[-122.65454573,55.34527769],[-122.65479948,55.3450986],[-122.6550213,55.3449284],[-122.65525988,55.34475857],[-122.65556047,55.34459763],[-122.65576653,55.3444545],[-122.65598898,55.34428431],[-122.65618011,55.34410521],[-122.6563551,55.34392576],[-122.6565298,55.34377978],[-122.65667211,55.3436751],[-122.65689456,55.34350491],[-122.65733942,55.34314672],[-122.65752992,55.34297652],[-122.65794204,55.34269026],[-122.65819567,55.34253822],[-122.65838287,55.34236696],[-122.65853504,55.34218965],[-122.6586522,55.34200628],[-122.65886771,55.34180939],[-122.6590446,55.34166412],[-122.65918164,55.34157047],[-122.6594614,55.34147541],[-122.6597511,55.34139245],[-122.66006709,55.34130949],[-122.66036735,55.3411984],[-122.66066809,55.34107129],[-122.66092332,55.34092139],[-122.66122042,55.3407925],[-122.6615594,55.34068462],[-122.66187718,55.34059738],[-122.66220203,55.3405276],[-122.66253351,55.34050161],[-122.66284337,55.34049128],[-122.66311211,55.34045817],[-122.6633386,55.34040191],[-122.6635969,55.34028192],[-122.66384517,55.34014555],[-122.66408238,55.34002058],[-122.66435167,55.33988635],[-122.66455823,55.33974642],[-122.66474808,55.33960008],[-122.66506443,55.33948792],[-122.66545395,55.33940425],[-122.66593312,55.3393188],[-122.6664074,55.33919133],[-122.66675923,55.33923904],[-122.66708451,55.33929779],[-122.66738322,55.33938253],[-122.66743006,55.33940069],[-122.66779277,55.33942846],[-122.66813918,55.33943843],[-122.6684861,55.33946656],[-122.66874303,55.33950323],[-122.6689431,55.33952175],[-122.66910072,55.33952211],[-122.66927387,55.33954062],[-122.66963609,55.33955023],[-122.6698824,55.33899978],[-122.6702344,55.33843472],[-122.67069082,55.33785507],[-122.67118996,55.33727506],[-122.67175051,55.3368275],[-122.67223801,55.33651204],[-122.67265899,55.3362685],[-122.67298164,55.33603101],[-122.67332732,55.33591601],[-122.67371875,55.33584408],[-122.6740084,55.33579388],[-122.67432176,55.33575578],[-122.67466008,55.33572979],[-122.67515907,55.33574902],[-122.67577766,55.33572196],[-122.67651617,55.3356479],[-122.6772211,55.33553005],[-122.67762382,55.33551616],[-122.67796142,55.33557384],[-122.67829121,55.33573656],[-122.67855544,55.33578712],[-122.67882362,55.33579993],[-122.67905789,55.33582343],[-122.67925706,55.33587684],[-122.67941386,55.33598793],[-122.67956551,55.33610828],[-122.67935057,55.33641733],[-122.67922749,55.33673422],[-122.67919473,55.33705965],[-122.67924208,55.33709596],[-122.67944568,55.33723126],[-122.67955555,55.33730354],[-122.67960241,55.3373306],[-122.67973368,55.33740858],[-122.67983294,55.3374659],[-122.6799011,55.33750186],[-122.68019981,55.33761046],[-122.6808284,55.33782801],[-122.6811116,55.33792735],[-122.68147351,55.33801814],[-122.68186666,55.33807333],[-122.68226056,55.33811926],[-122.68296625,55.33795939],[-122.68374585,55.33774576],[-122.68445168,55.33753783],[-122.68508289,55.33741962],[-122.68594036,55.33733808],[-122.6864732,55.33769876],[-122.68685474,55.33734912],[-122.68698236,55.33761331],[-122.68715017,55.33784439],[-122.68724454,55.33788355],[-122.68737042,55.33791773],[-122.68752779,55.33795298],[-122.6878273,55.33798966],[-122.68814181,55.33801743],[-122.68845766,55.33801814],[-122.68877283,55.33799215],[-122.68904612,55.33797791],[-122.68945142,55.33794301],[-122.68993982,55.33794729],[-122.69057022,55.33796972],[-122.69105168,55.33759373],[-122.69182819,55.33729785],[-122.6927586,55.33705288],[-122.69411044,55.33683747],[-122.69497066,55.33705217],[-122.69538432,55.33723304],[-122.69564624,55.33736229],[-122.69575611,55.33744062],[-122.69601109,55.33752821],[-122.69638464,55.33767491],[-122.69687739,55.3378807],[-122.69712501,55.33803808],[-122.69734478,55.33817231],[-122.69753656,55.33828376],[-122.69791234,55.3383774],[-122.69842877,55.33842084],[-122.69903443,55.33845003],[-122.69943835,55.33857216],[-122.69963971,55.33878614],[-122.69965864,55.33908879],[-122.69944827,55.33977099],[-122.69967295,55.33995328],[-122.70005534,55.34014021],[-122.70059513,55.34033106],[-122.70133889,55.34066254],[-122.70191669,55.34096732],[-122.70249543,55.3413102],[-122.70295104,55.34177058],[-122.7034185,55.34229682],[-122.7037611,55.34290887],[-122.70397679,55.34334575],[-122.70419623,55.34371248],[-122.70428843,55.3440721],[-122.70452903,55.34442423],[-122.70467657,55.34487891],[-122.70486189,55.34537347],[-122.70490935,55.34538273],[-122.70590861,55.34556075],[-122.7069414,55.34568715],[-122.70787594,55.34578507],[-122.70858864,55.34588191],[-122.70903121,55.3459136],[-122.70927468,55.3459841],[-122.70946147,55.34603145],[-122.70986684,55.34592179],[-122.71031499,55.3457459],[-122.71146651,55.34573095],[-122.71180317,55.34590933],[-122.71211065,55.34604676],[-122.71218946,55.34602006],[-122.712237,55.34600226],[-122.71255446,55.34571528],[-122.71303528,55.34562876],[-122.71347606,55.34551375],[-122.71374392,55.34529585],[-122.71385967,55.3450046],[-122.71382393,55.34464],[-122.71491167,55.34466065],[-122.71541659,55.34463466],[-122.71574737,55.34463573],[-122.71607834,55.34464534],[-122.71641488,55.3446222],[-122.71677268,55.3445752],[-122.71710422,55.34429641],[-122.71748629,55.34404646],[-122.71796582,55.34388375],[-122.71846599,55.34378832],[-122.71880186,55.34359036],[-122.71917261,55.34342123],[-122.71960421,55.34330267],[-122.72014359,55.34312108],[-122.72065847,55.34291279],[-122.72113285,55.34270699],[-122.72137377,55.34257276],[-122.72153394,55.34249229],[-122.72209902,55.3425603],[-122.72269991,55.34256671],[-122.7232158,55.34248304],[-122.72371512,55.34242251],[-122.72405218,55.34236518],[-122.72434201,55.34226513],[-122.7250853,55.34219463],[-122.72560899,55.34222988],[-122.72593403,55.3423164],[-122.72617544,55.34240079],[-122.72686659,55.3425012],[-122.72766644,55.34265002],[-122.72877353,55.34287113],[-122.72989177,55.34304916],[-122.73100543,55.34318731],[-122.73212386,55.34327668],[-122.73322165,55.34345577],[-122.73426695,55.34376483],[-122.73527196,55.34415826],[-122.73623022,55.3446635],[-122.7373657,55.34460297],[-122.73778912,55.34502027],[-122.73808701,55.34522571],[-122.73835451,55.3453781],[-122.73904715,55.34547815],[-122.73940929,55.34556894],[-122.73974017,55.34563268],[-122.74008678,55.34571421],[-122.74041707,55.34578685],[-122.74073234,55.34585948],[-122.74109919,55.34568751],[-122.74145882,55.34565404],[-122.74197698,55.34596772],[-122.74233299,55.34625292],[-122.74243578,55.34652672],[-122.74249215,55.34675282],[-122.74285451,55.34681619],[-122.74320111,55.34685287],[-122.74353425,55.34688277],[-122.74385292,55.34692337],[-122.74418729,55.34695185],[-122.74454058,55.34700846],[-122.74491343,55.3470932],[-122.74516459,55.34727728],[-122.74542978,55.3474578],[-122.74571723,55.34766894],[-122.74611719,55.34787759],[-122.7465515,55.3482258],[-122.74664535,55.34831589],[-122.74686491,55.34847825],[-122.74714713,55.34875739],[-122.74771463,55.34880047],[-122.74833264,55.34894147],[-122.74870898,55.34920673],[-122.74884491,55.34959625],[-122.74912767,55.34977677],[-122.74937924,55.34994803],[-122.74958329,55.35010113],[-122.75016548,55.35027097],[-122.75062377,55.35045861],[-122.75092557,55.35066405],[-122.75110065,55.35090902],[-122.75121671,55.35118282],[-122.75123654,55.3513377],[-122.75131068,55.35149152],[-122.75143961,55.35164462],[-122.75165933,55.35181873],[-122.75185948,55.35200672],[-122.75202999,55.35219971],[-122.75215517,55.35238877],[-122.75232768,55.35256501],[-122.75255076,55.35271313],[-122.75282721,55.35281746],[-122.75311397,55.35288511],[-122.75330307,55.35291217],[-122.75355521,55.35295774],[-122.75385943,55.35305708],[-122.75409033,55.35314752],[-122.75429442,55.35326466],[-122.75453035,55.35339106],[-122.75481394,55.3534993],[-122.75511246,55.35361679],[-122.75538029,55.35373429],[-122.75549043,55.35377951],[-122.75566322,55.35387564],[-122.75580948,55.35398282],[-122.75597509,55.35410067],[-122.75616036,55.35422992],[-122.7564483,55.35439228],[-122.75597959,55.3545233],[-122.75561114,55.35464222],[-122.75587163,55.35495733],[-122.75620554,55.35543408],[-122.75608038,55.35579833],[-122.7560745,55.35618892],[-122.7561511,55.35654248],[-122.75613084,55.35678601],[-122.75599625,55.35697935],[-122.75581277,55.35714278],[-122.75565232,55.35731404],[-122.75557287,55.35745183],[-122.75552983,55.35754441],[-122.75669418,55.3580411],[-122.75600038,55.35830315],[-122.75544469,55.35855097],[-122.75539108,55.35874537],[-122.7552448,55.35891272],[-122.75504212,55.35908611],[-122.75463615,55.35928586],[-122.75438277,55.35944715],[-122.75416061,55.3596177],[-122.7539549,55.35976083],[-122.7537873,55.35993423],[-122.75375242,55.36014679],[-122.75388769,55.36038392],[-122.7538762,55.3605915],[-122.75368023,55.36078484],[-122.75345871,55.36086531],[-122.75324235,55.36098743],[-122.75292054,55.36118362],[-122.7525046,55.36159023],[-122.75212062,55.36210935],[-122.7520311,55.36272141],[-122.75225241,55.36317716],[-122.75265358,55.36352324],[-122.75380304,55.36387609],[-122.75413699,55.36431723],[-122.75461093,55.36475625],[-122.75522008,55.36519704],[-122.75598166,55.36561789],[-122.75664596,55.36588458],[-122.75709586,55.36597145],[-122.75748492,55.366027],[-122.75793272,55.36612491],[-122.75861181,55.36639978],[-122.75943705,55.36672379],[-122.76040957,55.36709729],[-122.76130325,55.36739851],[-122.76207804,55.36772644],[-122.76267028,55.36809103],[-122.76325144,55.36850477],[-122.76382175,55.36897013],[-122.76448215,55.36938172],[-122.76497033,55.36953625],[-122.76539035,55.36960782],[-122.76574331,55.36959678],[-122.76607446,55.36957043],[-122.7663957,55.36955583],[-122.7666499,55.3695277],[-122.76683252,55.36949993],[-122.76717987,55.36940166],[-122.76754336,55.36930375],[-122.7678281,55.36921438],[-122.7681285,55.36909795],[-122.76844447,55.36899078],[-122.76872911,55.36888361],[-122.76895624,55.36878213],[-122.7691402,55.36871056],[-122.76933388,55.36857811],[-122.7696453,55.36839617],[-122.77015669,55.36816438],[-122.7708694,55.36802374],[-122.7716745,55.36796357],[-122.7722211,55.3680095],[-122.77264573,55.36828793],[-122.77294309,55.36862974],[-122.773293,55.36905593],[-122.77364801,55.36955263],[-122.77431915,55.36992221],[-122.77512818,55.37014439],[-122.77525128,55.37067597],[-122.77563231,55.37112994],[-122.77627188,55.37150629],[-122.77683622,55.37190685],[-122.77704916,55.37238538],[-122.77691117,55.37294225],[-122.77744809,55.37311992],[-122.77808871,55.37329687],[-122.77883301,55.37347312],[-122.77959071,55.37346529],[-122.78044272,55.37339799],[-122.78064249,55.37344642],[-122.78108926,55.37357281],[-122.78176954,55.37383665],[-122.7824231,55.37428207],[-122.78279868,55.37484285],[-122.78290882,55.37546025],[-122.78297082,55.37575684],[-122.78301729,55.37584692],[-122.78334852,55.37591528],[-122.78366825,55.37611966],[-122.78397663,55.37645969],[-122.78442325,55.37692078],[-122.78512231,55.377337],[-122.78607399,55.37770943],[-122.78713962,55.37818156],[-122.78707339,55.37841299],[-122.78711279,55.37856075],[-122.78725783,55.37862484],[-122.7873704,55.37864799],[-122.78747166,55.37868929],[-122.78756237,55.37874839],[-122.78765702,55.37877545],[-122.7878984,55.37887159],[-122.78809265,55.37895597],[-122.7883706,55.37907418],[-122.78872593,55.37924437],[-122.78915788,55.37946691],[-122.78953011,55.37971401],[-122.78984269,55.37991019],[-122.79009623,55.38005546],[-122.79042707,55.38016406],[-122.7907894,55.3802723],[-122.79108898,55.38038979],[-122.79135668,55.38049803],[-122.79167184,55.38057957],[-122.79175086,55.38058847],[-122.79211358,55.38063404],[-122.79217688,55.38063405],[-122.79235526,55.38063761],[-122.79252372,55.38062586],[-122.79280845,55.38053649],[-122.79309813,55.38043822],[-122.79340547,55.3803638],[-122.79370909,55.38030434],[-122.79402517,55.38024203],[-122.79432508,55.38019752],[-122.79447779,55.38018898],[-122.7947145,55.38016833],[-122.79505145,55.38017189],[-122.79539852,55.38019931],[-122.79571366,55.38025378],[-122.79585068,55.38021818],[-122.79605596,55.38016762],[-122.79633013,55.3801021],[-122.79668309,55.38000989],[-122.79707251,55.37993547],[-122.79742557,55.37987316],[-122.79770474,55.37985287],[-122.79846705,55.37986889],[-122.79937165,55.37995719],[-122.8001285,55.3800843],[-122.80045966,55.3801726],[-122.80069568,55.38025912],[-122.80091253,55.38036914],[-122.80119988,55.38047845],[-122.80164059,55.38062586],[-122.80216593,55.38081243],[-122.80305486,55.38080281],[-122.80391731,55.3808961],[-122.80462111,55.38117204],[-122.80516706,55.38139956],[-122.80548904,55.38159147],[-122.8057619,55.38173567],[-122.80603267,55.38190302],[-122.80627926,55.38206822],[-122.80638924,55.38217005],[-122.80649902,55.38225729],[-122.80664078,55.38233847],[-122.80689241,55.38249157],[-122.80716024,55.38260871],[-122.80740148,55.38273404],[-122.80758571,55.38283516],[-122.80771114,55.38288928],[-122.80783748,55.38289747],[-122.80808977,55.38303241],[-122.80832564,55.38314956],[-122.80840958,55.38318587],[-122.80848295,55.38321293],[-122.8088302,55.38330337],[-122.80925369,55.38387412],[-122.80978762,55.38443704],[-122.81051568,55.38464889],[-122.81106213,55.38489813],[-122.8114447,55.38511033],[-122.81175648,55.38526664],[-122.81187184,55.38529975],[-122.81197717,55.38533892],[-122.81224492,55.38543826],[-122.81256565,55.38551267],[-122.81289654,55.3855611],[-122.81323886,55.38558353],[-122.81356508,55.38555718],[-122.81394384,55.38553261],[-122.81441739,55.38553938],[-122.81497466,55.38560418],[-122.81529052,55.3856405],[-122.81564274,55.38564513],[-122.81608019,55.385523],[-122.81660223,55.38527412],[-122.81716686,55.38494228],[-122.8176784,55.38471868],[-122.81797752,55.38479986],[-122.81833992,55.3848992],[-122.81867105,55.38500744],[-122.81897071,55.38509787],[-122.81930172,55.38518831],[-122.81962265,55.38525169],[-122.81991307,55.38534177],[-122.8201846,55.38544111],[-122.82045237,55.38554045],[-122.82071803,55.38532325],[-122.82092819,55.38507971],[-122.820988,55.38499604],[-122.82107764,55.38494619],[-122.82118646,55.38488638],[-122.82130805,55.38481089],[-122.82141357,55.38470016],[-122.82151413,55.38459833],[-122.82168884,55.38440998],[-122.82181549,55.38424833],[-122.82192703,55.38407778],[-122.82214719,55.38390225],[-122.82244384,55.38374025],[-122.82313952,55.38345647],[-122.82415714,55.38303882],[-122.82520559,55.38262687],[-122.82627499,55.3823139],[-122.82741067,55.38208282],[-122.82852896,55.38186492],[-122.829515,55.38177234],[-122.8302704,55.38177947],[-122.83080677,55.38192473],[-122.8309175,55.38189803],[-122.83110152,55.38183821],[-122.8312491,55.3817816],[-122.83135978,55.38172784],[-122.8315832,55.38162138],[-122.83184096,55.38154696],[-122.83213445,55.38150424],[-122.83244497,55.38146578],[-122.8327327,55.38139315],[-122.83301884,55.3813077],[-122.83325573,55.38123827],[-122.83342989,55.38117952],[-122.83358807,55.3811019],[-122.8337937,55.38096731],[-122.83401493,55.38082382],[-122.83406242,55.38080602],[-122.83427311,55.38071665],[-122.83464223,55.38058527],[-122.83516902,55.38041222],[-122.83505581,55.38020322],[-122.83490254,55.37998959],[-122.83490527,55.37932448],[-122.83599489,55.3791105],[-122.83710595,55.37889615],[-122.83823779,55.37874198],[-122.8393739,55.37870139],[-122.83987366,55.37827769],[-122.84062029,55.37790241],[-122.84161788,55.37752037],[-122.84274211,55.37709738],[-122.84299383,55.37723232],[-122.84323024,55.37733166],[-122.84340331,55.37739788],[-122.84351365,55.377431],[-122.84413495,55.3772989],[-122.84484094,55.37710913],[-122.84538712,55.37726543],[-122.84610741,55.37746126],[-122.84700025,55.3776959],[-122.84799369,55.37802952],[-122.84906203,55.37777138],[-122.84988914,55.37752072],[-122.85047423,55.3772779],[-122.85062457,55.37732489],[-122.85084686,55.377478],[-122.8512259,55.37776996],[-122.85165969,55.37816269],[-122.85239435,55.37863695],[-122.85351255,55.37929422],[-122.85464668,55.37986177],[-122.85467557,55.38049981],[-122.85474771,55.38100327],[-122.85487773,55.38136253],[-122.85476681,55.38153343],[-122.85470323,55.38160215],[-122.85459217,55.38171288],[-122.85394715,55.38207463],[-122.85351426,55.38257631],[-122.8531715,55.38318267],[-122.85258748,55.38374808],[-122.85200663,55.38428465],[-122.85155051,55.38482727],[-122.85103673,55.38524279],[-122.85018137,55.3855554],[-122.84898455,55.38576476],[-122.84729978,55.38599904],[-122.84643056,55.3862497],[-122.84732869,55.38665525],[-122.84685822,55.38683612],[-122.84667111,55.38711064],[-122.84687299,55.3875023],[-122.84737106,55.38794914],[-122.84740066,55.38858719],[-122.84742965,55.38922523],[-122.84744305,55.38987218],[-122.84800927,55.39032116],[-122.84835987,55.39084278],[-122.84849483,55.39143703],[-122.84841925,55.39191307],[-122.84829539,55.39220147],[-122.84815888,55.39244323],[-122.84814343,55.3924881],[-122.84803211,55.39266755],[-122.84792078,55.39286516],[-122.84785656,55.39306561],[-122.84782478,55.39326037],[-122.84783932,55.39344018],[-122.84781758,55.39362283],[-122.84777522,55.39380834],[-122.84769517,55.3940152],[-122.84758408,55.39423952],[-122.84747284,55.39444603],[-122.84744109,55.39449089],[-122.84750329,55.3946828],[-122.84770242,55.39487863],[-122.84797525,55.39512359],[-122.84832115,55.39541769],[-122.84863991,55.39569862],[-122.84897213,55.39594857],[-122.84920819,55.39605681],[-122.84933791,55.39615686],[-122.84947247,55.39624979],[-122.84961249,55.3963356],[-122.84994377,55.39643494],[-122.85030633,55.39652537],[-122.85065336,55.39661545],[-122.8510004,55.39672369],[-122.85134729,55.39681413],[-122.85169481,55.39688641],[-122.85199404,55.39695869],[-122.8522889,55.39703702],[-122.85256203,55.39712995],[-122.85279874,55.39725635],[-122.8530189,55.39740909],[-122.85418195,55.39700925],[-122.85541443,55.39669307],[-122.85671682,55.39646093],[-122.85765378,55.39650116],[-122.85866394,55.39650543],[-122.85975326,55.39652751],[-122.86088519,55.39644811],[-122.8617737,55.39668275],[-122.86222788,55.39686398],[-122.86251499,55.39698682],[-122.86270577,55.39704094],[-122.86298992,55.39706942],[-122.86341969,55.39711571],[-122.86390192,55.39725492],[-122.86440317,55.39742547],[-122.86468701,55.39753051],[-122.86503384,55.39759389],[-122.86539705,55.39764801],[-122.86579163,55.39772029],[-122.86671969,55.39762451],[-122.86802361,55.39754012],[-122.86892391,55.39741444],[-122.86962978,55.39727522],[-122.87060898,55.39722252],[-122.87166661,55.39716057],[-122.87276688,55.39711678],[-122.87387737,55.39710894],[-122.87488572,55.3971798],[-122.87577819,55.3973945],[-122.87655429,55.39775269],[-122.87731593,55.39826576],[-122.877958,55.39879058],[-122.87848104,55.3993243],[-122.87899027,55.39971703],[-122.87971754,55.39991748],[-122.88066362,55.39992532],[-122.881632,55.39982455],[-122.88255341,55.39971453],[-122.88207931,55.40000151],[-122.88187314,55.40013325],[-122.88165727,55.4003006],[-122.88143016,55.40050426],[-122.88120857,55.40067481],[-122.88116119,55.40071967],[-122.8811272,55.40091728],[-122.88120188,55.4011569],[-122.88146881,55.40160054],[-122.8816547,55.40221758],[-122.88175465,55.40284993],[-122.8819175,55.40304469],[-122.8820468,55.40314154],[-122.88217479,55.4032188],[-122.88234315,55.40328182],[-122.88259001,55.4033719],[-122.88295288,55.40346199],[-122.88328422,55.40353426],[-122.88258696,55.40385293],[-122.88181409,55.40415273],[-122.88172628,55.40477368],[-122.88153697,55.40536865],[-122.88124005,55.40596147],[-122.88112992,55.40648166],[-122.88116029,55.40688187],[-122.88129839,55.4070987],[-122.88142073,55.40718665],[-122.88148919,55.40720766],[-122.88164512,55.40776096],[-122.88147891,55.40825303],[-122.88087236,55.40866783],[-122.87994397,55.40914209],[-122.87885987,55.40968507],[-122.87775807,55.4101782],[-122.87667718,55.41072545],[-122.87563604,55.41077708],[-122.87472327,55.41087322],[-122.87401013,55.41117693],[-122.87318597,55.41151553],[-122.8722508,55.41188903],[-122.87117595,55.4121664],[-122.87062268,55.41233659],[-122.86992052,55.41238893],[-122.86917375,55.41258262],[-122.86864078,55.4129344],[-122.86863398,55.41333496],[-122.86911761,55.41370988],[-122.87018887,55.41389681],[-122.8712486,55.41414356],[-122.87233585,55.41439813],[-122.87340927,55.41451919],[-122.87444652,55.4146139],[-122.87545356,55.41474991],[-122.8759669,55.41495286],[-122.87638589,55.41510027],[-122.87671019,55.41519142],[-122.87707361,55.41524554],[-122.87737353,55.41530001],[-122.87770494,55.41533597],[-122.87808399,55.41539935],[-122.87835219,55.41558842],[-122.879236,55.4158437],[-122.88021946,55.41611751],[-122.88127741,55.41634004],[-122.88230924,55.41649671],[-122.88342469,55.41670464],[-122.88421428,55.41683424],[-122.88483366,55.41686558],[-122.88528316,55.41679935],[-122.88553956,55.41671461],[-122.88583454,55.416658],[-122.88616824,55.41662916],[-122.88682031,55.41687163],[-122.88741997,55.41715754],[-122.88818278,55.41751786],[-122.88876673,55.41766705],[-122.88927205,55.41770728],[-122.8896775,55.41768094],[-122.88997276,55.41765708],[-122.89003383,55.41776603],[-122.89008244,55.41795082],[-122.89008057,55.41843897],[-122.89011049,55.41910408],[-122.89001242,55.41970687],[-122.88966321,55.42020677],[-122.88906346,55.42060377],[-122.88909337,55.42125072],[-122.88910793,55.4218528],[-122.88968018,55.42238047],[-122.89011586,55.42291384],[-122.89047772,55.42285331],[-122.89086913,55.42275005],[-122.89156529,55.42254675],[-122.89253496,55.42228718],[-122.8931364,55.4217734],[-122.89361172,55.42123683],[-122.89333845,55.42051654],[-122.89344889,55.41991552],[-122.89394364,55.41943378],[-122.89472363,55.41913505],[-122.89444043,55.41872346],[-122.89442015,55.41829192],[-122.89466374,55.41784116],[-122.89502836,55.41738292],[-122.89552039,55.41709487],[-122.89613482,55.41701654],[-122.89686009,55.41685347],[-122.89757339,55.41658251],[-122.89793266,55.41621934],[-122.89820757,55.41584014],[-122.89855504,55.41593913],[-122.89888655,55.41601141],[-122.8992652,55.41609259],[-122.89965963,55.41618267],[-122.90043475,55.41577997],[-122.90128919,55.4153933],[-122.90241615,55.41533455],[-122.90353215,55.41521563],[-122.90425082,55.41505932],[-122.90486006,55.41489305],[-122.90514409,55.41498313],[-122.90539695,55.41509101],[-122.90568081,55.41525301],[-122.90594847,55.41542392],[-122.90686033,55.41517326],[-122.90786625,55.41505505],[-122.9088828,55.414908],[-122.90990998,55.41473211],[-122.91061212,55.414558],[-122.91117229,55.41445439],[-122.91159347,55.41443694],[-122.91195339,55.41452097],[-122.9121355,55.41400897],[-122.91249938,55.41357494],[-122.91304626,55.41321889],[-122.91419826,55.41359701],[-122.91456811,55.4130373],[-122.91487943,55.41260292],[-122.91513316,55.41229458],[-122.91530926,55.41212901],[-122.91560788,55.41193247],[-122.91639819,55.41161274],[-122.91748297,55.41149773],[-122.91858889,55.41128268],[-122.91971643,55.41096792],[-122.91998526,55.4108604],[-122.92038,55.41095119],[-122.92097111,55.41093374],[-122.9217595,55.41080734],[-122.92289191,55.41053247],[-122.92404534,55.41040144],[-122.92514247,55.41041319],[-122.9261841,55.41056737],[-122.92695246,55.41077744],[-122.92771418,55.4109138],[-122.92865598,55.41103629],[-122.92978793,55.41106406],[-122.93088321,55.41103771],[-122.93178632,55.41113385],[-122.93262537,55.41131401],[-122.93346023,55.41153334],[-122.93432482,55.41176121],[-122.93519345,55.41184061],[-122.93604624,55.41187621],[-122.93610953,55.41185806],[-122.936394,55.41175053],[-122.93667867,55.4116608],[-122.93702649,55.41155327],[-122.9373895,55.41144539],[-122.9376898,55.41136492],[-122.93805349,55.4112752],[-122.93835351,55.41121218],[-122.93866949,55.41113171],[-122.93884888,55.41105088],[-122.93901712,55.41099107],[-122.93917546,55.41095226],[-122.93953852,55.41086253],[-122.94009666,55.41081696],[-122.94064946,55.41074931],[-122.9410924,55.41065139],[-122.94139563,55.41056986],[-122.94160162,55.41047622],[-122.94183143,55.41039326],[-122.94210845,55.41029463],[-122.94249342,55.4101928],[-122.94295135,55.41005536],[-122.94407314,55.41004682],[-122.94458188,55.41007708],[-122.94505726,55.41002225],[-122.94549976,55.40988268],[-122.94588067,55.40979829],[-122.946253,55.40974239],[-122.94660042,55.40967083],[-122.94674785,55.40949992],[-122.94690125,55.40922149],[-122.94760141,55.40919194],[-122.94822793,55.40920725],[-122.94878033,55.40926706],[-122.94925479,55.40899789],[-122.94942524,55.40893415],[-122.94960753,55.40887825],[-122.94978664,55.40884229],[-122.9499501,55.40881844],[-122.95072389,55.40848019],[-122.95123832,55.40831355],[-122.95158081,55.40820816],[-122.95175103,55.4081633],[-122.95198835,55.40803761],[-122.95222508,55.40790267],[-122.95228874,55.40787597],[-122.95239183,55.40775491],[-122.95251534,55.40750638],[-122.95265755,55.40713004],[-122.95271643,55.40654611],[-122.95318378,55.40601808],[-122.9538461,55.40560613],[-122.95470226,55.4053099],[-122.95549777,55.40520842],[-122.95571861,55.40505568],[-122.95589235,55.40488477],[-122.95609794,55.40471422],[-122.95627226,55.40455257],[-122.95647721,55.40438202],[-122.9566831,55.40423818],[-122.95688826,55.40408543],[-122.95707826,55.40392379],[-122.95715717,55.40383406],[-122.95733097,55.40368131],[-122.95754143,55.40353854],[-122.95779432,55.40341],[-122.95808936,55.40331315],[-122.9584055,55.40324123],[-122.95869149,55.40317251],[-122.95897367,55.40309169],[-122.95924285,55.40296316],[-122.95940085,55.40287628],[-122.95959694,55.40283248],[-122.95984245,55.40281646],[-122.96034823,55.40288269],[-122.96058525,55.40272104],[-122.96100101,55.40264627],[-122.96168022,55.40257435],[-122.96262258,55.40250598],[-122.96319238,55.40282074],[-122.9634922,55.40323091],[-122.96352113,55.40373721],[-122.96385288,55.40381804],[-122.96405488,55.40387429],[-122.96425249,55.40394123],[-122.96449983,55.40405196],[-122.96486501,55.40419795],[-122.96531022,55.4043628],[-122.96589656,55.4045337],[-122.96654218,55.40472668],[-122.96721528,55.40491539],[-122.96773145,55.40461916],[-122.96830562,55.40434962],[-122.96942661,55.40434108],[-122.96986594,55.40424708],[-122.97030588,55.40413635],[-122.9707483,55.40400888],[-122.97124361,55.40384118],[-122.97162254,55.40367134],[-122.97192236,55.40348798],[-122.97209667,55.40331707],[-122.97222306,55.40313762],[-122.97236517,55.40294891],[-122.97252815,55.40278727],[-122.97271255,55.40263452],[-122.97293899,55.40248783],[-122.97329203,55.40232297],[-122.97395883,55.40210258],[-122.97464154,55.40197475],[-122.97524866,55.40201107],[-122.97573636,55.40212287],[-122.97615518,55.40226957],[-122.97698677,55.40245863],[-122.97820788,55.40272531],[-122.97841369,55.40258147],[-122.9786204,55.40240487],[-122.9787893,55.40219515],[-122.97891898,55.40195268],[-122.97943494,55.40178498],[-122.97971956,55.40162938],[-122.97994594,55.40147664],[-122.98030903,55.40132389],[-122.98054614,55.4011893],[-122.98075663,55.40108747],[-122.9808707,55.4009746],[-122.98098972,55.40083289],[-122.98111445,55.40066199],[-122.98133558,55.40048539],[-122.98155153,55.40031377],[-122.98176229,55.40014714],[-122.981936,55.39999439],[-122.98201518,55.39993137],[-122.98206266,55.39990431],[-122.98222041,55.3997156],[-122.98234688,55.39954505],[-122.98250474,55.39936525],[-122.98266267,55.3992036],[-122.98288381,55.39903305],[-122.98291551,55.39899709],[-122.98300467,55.39892196],[-122.98313648,55.39879948],[-122.9832949,55.39860151],[-122.98343704,55.39843096],[-122.98381615,55.39808951],[-122.98398975,55.39792786],[-122.98417923,55.39778402],[-122.98436868,55.39764943],[-122.98462149,55.39750559],[-122.98487395,55.3973977],[-122.9851319,55.39726881],[-122.98537963,55.39712817],[-122.98594259,55.39729017],[-122.98636375,55.39742191],[-122.98654418,55.39750167],[-122.98668981,55.39758677],[-122.98680031,55.39767649],[-122.98691084,55.39777227],[-122.98703695,55.3978652],[-122.98713146,55.39792822],[-122.98742826,55.39806815],[-122.98775264,55.39824475],[-122.98810509,55.39845838],[-122.98832649,55.398698],[-122.98851241,55.39889882],[-122.988663,55.39906047],[-122.98910504,55.39936596],[-122.98929447,55.39953686],[-122.98942777,55.39978646],[-122.98954673,55.40009088],[-122.98961001,55.40061499],[-122.98965723,55.40126229],[-122.98968824,55.40189108],[-122.99066563,55.40162262],[-122.9914133,55.40134703],[-122.9919311,55.40106468],[-122.9921992,55.40118147],[-122.99248351,55.40128935],[-122.99277831,55.40137623],[-122.99305215,55.4014332],[-122.99319405,55.40152292],[-122.99341502,55.40163081],[-122.99369962,55.40177465],[-122.99380992,55.40184052],[-122.99396763,55.4019452],[-122.99409392,55.40205309],[-122.99417684,55.40220405],[-122.99425534,55.40235965],[-122.99433103,55.40252058],[-122.9944149,55.40269825],[-122.99440794,55.40290476],[-122.99430998,55.40314047],[-122.99406221,55.40342496],[-122.99397479,55.40359372],[-122.99391319,55.4037454],[-122.99392037,55.40388533],[-122.99388672,55.40403309],[-122.99393233,55.40415273],[-122.99406761,55.40423569],[-122.99431522,55.40428482],[-122.99477274,55.40431758],[-122.99451987,55.40473986],[-122.99404964,55.40514932],[-122.99340598,55.40548472],[-122.99281804,55.40562465],[-122.99245459,55.40566524],[-122.99224947,55.40566844],[-122.99208799,55.40571046],[-122.99220881,55.40589596],[-122.99223855,55.40602983],[-122.9922461,55.40615054],[-122.99226164,55.4063542],[-122.99212446,55.4066718],[-122.99187717,55.4070193],[-122.99128205,55.40752525],[-122.99052405,55.40807358],[-122.99042892,55.4081633],[-122.99028731,55.40833421],[-122.99009716,55.40852256],[-122.98995504,55.40870236],[-122.98986018,55.40889997],[-122.98981306,55.40911574],[-122.98982847,55.40930445],[-122.98982891,55.40951131],[-122.98979732,55.40969076],[-122.98973379,55.40989763],[-122.98969183,55.4099724],[-122.9896442,55.41004112],[-122.98959138,55.41010414],[-122.98951242,55.41017891],[-122.98937047,55.41030175],[-122.98928825,55.41036762],[-122.9892017,55.4104456],[-122.98913343,55.41052642],[-122.98910733,55.41091879],[-122.98911752,55.4114429],[-122.98915398,55.41167362],[-122.98914899,55.41189224],[-122.98905412,55.4119492],[-122.9889911,55.41199122],[-122.98896482,55.41227855],[-122.98904337,55.41273394],[-122.98922751,55.41335704],[-122.98849033,55.41354254],[-122.98804293,55.41367143],[-122.98807458,55.41377931],[-122.98809025,55.41385124],[-122.98799521,55.41402179],[-122.98780943,55.41416278],[-122.98759491,55.41432336],[-122.98735277,55.41450388],[-122.98716824,55.41475347],[-122.98703463,55.41495535],[-122.9869521,55.41510917],[-122.98687351,55.4152167],[-122.98682571,55.41527972],[-122.98677842,55.41533384],[-122.98671516,55.41541466],[-122.98681029,55.41566604],[-122.98664856,55.41582483],[-122.98650945,55.41598969],[-122.98644641,55.41616024],[-122.9864429,55.41638597],[-122.98646762,55.41665764],[-122.98659041,55.41689513],[-122.98673079,55.41711268],[-122.9868883,55.41727468],[-122.98706203,55.41749045],[-122.98717256,55.41770586],[-122.98722532,55.41792448],[-122.98725167,55.4181463],[-122.98720389,55.4183439],[-122.98712515,55.41852371],[-122.98707778,55.41870352],[-122.9870776,55.41888297],[-122.98710875,55.41907168],[-122.98714042,55.41925148],[-122.98718777,55.41943129],[-122.98723179,55.41965596],[-122.98730872,55.41991054],[-122.98751917,55.42028475],[-122.98654013,55.42032391],[-122.98595178,55.42037874],[-122.98544254,55.42052829],[-122.98501226,55.42077289],[-122.98429637,55.4211204],[-122.98406615,55.42132691],[-122.98390805,55.42152737],[-122.98382192,55.42172213],[-122.98380611,55.421929],[-122.98379034,55.42198276],[-122.98374481,55.42203261],[-122.98364437,55.42210773],[-122.98348993,55.42220743],[-122.98375326,55.42233027],[-122.98401108,55.42246806],[-122.98429583,55.42259375],[-122.98454124,55.42273581],[-122.98476443,55.42288464],[-122.98494353,55.42304308],[-122.98525221,55.42318693],[-122.98569436,55.42325315],[-122.98627025,55.42324105],[-122.98657055,55.42336709],[-122.98685469,55.42349278],[-122.98707095,55.42353764],[-122.98728144,55.4235736],[-122.987471,55.42359176],[-122.98746378,55.42397523],[-122.98757236,55.42424761],[-122.98780587,55.4243943],[-122.98810824,55.42446943],[-122.98844996,55.42450824],[-122.98870998,55.42494084],[-122.9889243,55.42540691],[-122.98943319,55.42591821],[-122.99019157,55.4263444],[-122.99119912,55.42668621],[-122.99214136,55.42704048],[-122.99303194,55.42743819],[-122.99344226,55.42776149],[-122.99348985,55.42842659],[-122.99427826,55.42867405],[-122.99495929,55.4289386],[-122.99508034,55.42900767],[-122.99527508,55.4291006],[-122.99552833,55.42920849],[-122.99582837,55.42934307],[-122.99616386,55.42943707],[-122.99652898,55.42952003],[-122.99697651,55.4295948],[-122.99747189,55.42968453],[-122.99777185,55.42976571],[-122.99805651,55.42986433],[-122.99807751,55.43009506],[-122.99810363,55.43052018],[-122.99890418,55.43109841],[-122.99933618,55.43154383],[-122.99969627,55.43188137],[-122.99998443,55.43211103],[-123.00004755,55.43213773],[-123.00049001,55.4323446],[-123.00149275,55.43278788],[-123.00239153,55.43325217],[-123.00318717,55.43374317],[-123.00398272,55.43424057],[-123.00500637,55.43489535],[-123.00589343,55.43547145],[-123.00664342,55.4359685],[-123.00727553,55.43623518],[-123.00817133,55.43650471],[-123.00780748,55.43664856],[-123.00755499,55.43675644],[-123.00717557,55.43690919],[-123.00679617,55.43705268],[-123.00646395,55.43716982],[-123.00630599,55.43768182],[-123.00526335,55.43792465],[-123.00420981,55.43820023],[-123.00357033,55.43829209],[-123.00303437,55.43833802],[-123.00290791,55.43859652],[-123.00278502,55.43894296],[-123.00250774,55.43932927],[-123.00220215,55.43965898],[-123.00165971,55.43989255],[-123.00185472,55.44006025],[-123.00200722,55.4402429],[-123.00208137,55.44031483],[-123.00221311,55.44043161],[-123.00241839,55.44056656],[-123.00260824,55.4407193],[-123.00275051,55.44088095],[-123.0029244,55.44100058],[-123.00309799,55.44110562],[-123.00320894,55.44121956],[-123.00338233,55.44134809],[-123.00350924,55.44142607],[-123.00363569,55.441519],[-123.0037288,55.44180241],[-123.00370409,55.44206696],[-123.00364815,55.44230658],[-123.00362523,55.4425284],[-123.00375003,55.4426929],[-123.00387814,55.44282784],[-123.0040627,55.44295674],[-123.00433106,55.44310022],[-123.00456863,55.44326223],[-123.00480522,55.44343278],[-123.00539021,55.4434958],[-123.00568695,55.44374646],[-123.00605453,55.4439989],[-123.00590521,55.44415378],[-123.00572254,55.44437026],[-123.00540654,55.44483456],[-123.00490209,55.44509803],[-123.00426843,55.44525683],[-123.00314918,55.44536579],[-123.00202164,55.44560861],[-123.00088531,55.44598496],[-123.00092378,55.44634529],[-123.0009011,55.44666787],[-123.00079741,55.44734366],[-123.00055487,55.4478877],[-123.00015459,55.44822026],[-122.99971547,55.44839294],[-122.99916904,55.44900001],[-122.9987349,55.44962417],[-122.99802876,55.45000764],[-122.99744912,55.45031206],[-122.99699596,55.45053745],[-122.99675887,55.45081018],[-122.997075,55.45090916],[-122.99673239,55.45152905],[-122.99675861,55.45220199],[-122.99709078,55.45283612],[-122.99784436,55.45338408],[-122.99882963,55.45383841],[-122.99884557,55.45458434],[-122.99780233,55.45497065],[-122.99794448,55.45510524],[-122.99811813,55.45525799],[-122.9983395,55.45547376],[-122.99849796,55.45567136],[-122.99865591,55.45588713],[-122.99886146,55.456094],[-122.99920943,55.45639949],[-122.99939943,55.45655224],[-122.9995097,55.45664196],[-122.9998997,55.45692146],[-123.00044306,55.45712228],[-123.00113866,55.45724405],[-123.00104908,55.45761541],[-123.00096472,55.45795402],[-123.00070979,55.45830437],[-123.00036393,55.45867289],[-122.99979997,55.45912792],[-122.99932503,55.45952029],[-122.99908465,55.45973819],[-122.99897192,55.45991266],[-122.99899341,55.46010137],[-122.99897206,55.46028117],[-122.99902504,55.46053575],[-122.99908253,55.46087614],[-122.99909306,55.46125462],[-122.99900359,55.46163809],[-122.99931469,55.46189267],[-122.99950945,55.46213229],[-122.99946753,55.46238402],[-122.99963639,55.46259943],[-123.00001574,55.46277924],[-122.99953959,55.46292095],[-122.9990352,55.46304877],[-122.99792617,55.46293483],[-122.99680506,55.46286896],[-122.99577761,55.46293198],[-122.99468598,55.46303987],[-122.99423261,55.46327023],[-122.99390063,55.4634771],[-122.99374399,55.46358071],[-122.99349655,55.4636975],[-122.99314646,55.46374734],[-122.99262983,55.46365762],[-122.99209249,55.46340803],[-122.99172853,55.46390828],[-122.99147517,55.46412868],[-122.99124681,55.46427252],[-122.99104297,55.46433946],[-122.99073357,55.4643804],[-122.99040505,55.46440818],[-122.98997286,55.46440533],[-122.98968797,55.46454917],[-122.98940346,55.46466596],[-122.98902367,55.46473468],[-122.9885649,55.46476459],[-122.98779001,55.46477349],[-122.98678853,55.46472827],[-122.98576567,55.46475533],[-122.98456334,55.46478203],[-122.98457909,55.46538412],[-122.98441591,55.46545604],[-122.98428234,55.46547705],[-122.98412048,55.46548274],[-122.98407274,55.46548274],[-122.9837567,55.46547384],[-122.9832345,55.46544073],[-122.98257761,55.4654037],[-122.98194464,55.4654418],[-122.98133652,55.46555431],[-122.9810201,55.46550945],[-122.98078319,55.46550055],[-122.98064114,55.46548239],[-122.98059328,55.46547349],[-122.98036128,55.46539266],[-122.9801033,55.46528478],[-122.97983451,55.46522176],[-122.97957072,55.46509892],[-122.97931241,55.46496113],[-122.97919105,55.46488315],[-122.97910708,55.46483508],[-122.9788858,55.46469124],[-122.97864843,55.46452069],[-122.97855375,55.46446657],[-122.97850626,55.46443987],[-122.97825334,55.46432272],[-122.97807927,55.4642508],[-122.97778235,55.46412298],[-122.97751503,55.46398732],[-122.97739609,55.46388656],[-122.97728865,55.46379149],[-122.9771938,55.46370248],[-122.97697239,55.46355899],[-122.97675114,55.46340589],[-122.97652962,55.46329801],[-122.97624504,55.46317232],[-122.97611895,55.46312746],[-122.9759662,55.46304948],[-122.97579199,55.4629626],[-122.97559692,55.46286683],[-122.97529691,55.46274969],[-122.97498068,55.46265996],[-122.97491701,55.4626329],[-122.97455357,55.46252502],[-122.97445863,55.46250686],[-122.97408973,55.46241998],[-122.97373108,55.46235411],[-122.97357819,55.46233026],[-122.97332027,55.46228219],[-122.97324965,55.46227827],[-122.97313879,55.46227293],[-122.9729846,55.46227222],[-122.97281424,55.46228183],[-122.9726086,55.46231779],[-122.9723518,55.46238366],[-122.97198266,55.46245238],[-122.97153786,55.4625065],[-122.97076656,55.46241927],[-122.96990391,55.46230818],[-122.96956146,55.46191581],[-122.96921924,55.46153519],[-122.9688771,55.46116668],[-122.96769074,55.46109475],[-122.96651555,55.46099862],[-122.96535031,55.46082451],[-122.96423668,55.46086795],[-122.96311542,55.46086866],[-122.96209116,55.46081347],[-122.96119115,55.4607355],[-122.96041681,55.46063438],[-122.95964212,55.46051724],[-122.95852435,55.46023809],[-122.95747761,55.460106],[-122.95658654,55.46005686],[-122.95585239,55.46009069],[-122.95558486,55.46009531],[-122.9553883,55.46007538],[-122.95518279,55.45999455],[-122.95513553,55.4599796],[-122.95507192,55.45995859],[-122.95500903,55.45994043],[-122.95494031,55.45991658],[-122.95478231,55.45987456],[-122.95451861,55.45980549],[-122.95447139,55.45979659],[-122.95428152,55.45976953],[-122.95412381,55.45975137],[-122.95380709,55.45972431],[-122.95342799,55.45967019],[-122.95317509,55.45962533],[-122.95285891,55.45958011],[-122.95244733,55.45948112],[-122.95214722,55.45942736],[-122.95181495,55.45939994],[-122.95149863,55.45935508],[-122.95118296,55.45930096],[-122.95084535,55.45925289],[-122.9505065,55.45923082],[-122.95015497,55.45921978],[-122.9498229,55.45922868],[-122.94950643,55.45921943],[-122.94930108,55.45921943],[-122.94895309,55.45920127],[-122.94876363,55.4591564],[-122.94871584,55.4591443],[-122.9486159,55.45912614],[-122.94846304,55.45910229],[-122.94832091,55.45907523],[-122.94808332,55.45904817],[-122.94800414,55.45903606],[-122.94786718,55.45908982],[-122.9476003,55.45915569],[-122.947203,55.45923331],[-122.94628554,55.45915213],[-122.94545161,55.45907095],[-122.94469931,55.45898977],[-122.94428828,55.45903962],[-122.94392243,55.45908341],[-122.94352723,55.45915284],[-122.94307049,55.45923758],[-122.94231092,55.45944979],[-122.94217917,55.45945869],[-122.94198901,55.45946759],[-122.9417417,55.4594765],[-122.94138323,55.45941347],[-122.94102496,55.45937751],[-122.94066642,55.45936826],[-122.93984399,55.45950249],[-122.93875803,55.45946012],[-122.93781977,55.45949857],[-122.93712724,55.45965595],[-122.93668046,55.45993224],[-122.93592067,55.46013875],[-122.9353884,55.46028509],[-122.93507023,55.46032283],[-122.93474005,55.4603118],[-122.93438674,55.46026373],[-122.93402285,55.46021851],[-122.93370697,55.46014659],[-122.93357845,55.46018433],[-122.93336919,55.46027192],[-122.93283621,55.46055925],[-122.93285116,55.46117949],[-122.93259185,55.46166159],[-122.93235062,55.46190976],[-122.93222561,55.46208743],[-122.93221696,55.46219424],[-122.93221716,55.4622213],[-122.93220067,55.46241001],[-122.9322319,55.46259872],[-122.93227398,55.46273651],[-122.93229486,55.46282339],[-122.93231057,55.46289531],[-122.93232616,55.4630242],[-122.93235223,55.46310609],[-122.93238925,55.4631919],[-122.93242055,55.46325492],[-122.9324366,55.46328163],[-122.93251363,55.46333575],[-122.93261178,55.46344862],[-122.93273106,55.46362023],[-122.93278668,55.46384597],[-122.93279905,55.46406387],[-122.93287752,55.46426148],[-122.9329879,55.46445019],[-122.93309151,55.46458193],[-122.93325798,55.46467984],[-122.93355871,55.46468625],[-122.93399998,55.46457659],[-122.93396723,55.4651128],[-122.9339456,55.46549022],[-122.93397528,55.46566291],[-122.93404514,55.46578966],[-122.93425108,55.4659246],[-122.93436501,55.46611545],[-122.93449639,55.46625609],[-122.93464555,55.46634724],[-122.93486318,55.46642308],[-122.93492107,55.4665331],[-122.93481889,55.46667659],[-122.93433666,55.46702089],[-122.93373706,55.46736804],[-122.93306139,55.46770309],[-122.93263376,55.46823894],[-122.93209476,55.4687538],[-122.93183387,55.46928894],[-122.93150812,55.46981376],[-122.93166614,55.46992165],[-122.93193463,55.47009255],[-122.93204522,55.47016447],[-122.93229768,55.47029942],[-122.93247204,55.4704073],[-122.93260839,55.47049454],[-122.93270889,55.4705604],[-122.93285113,55.47065013],[-122.93310381,55.47081213],[-122.93337271,55.47096524],[-122.93360963,55.47111514],[-122.93375332,55.4712718],[-122.93378096,55.47144342],[-122.93374011,55.47162429],[-122.93371742,55.47173787],[-122.93374183,55.47182083],[-122.93381412,55.47187281],[-122.93401945,55.47193584],[-122.93413022,55.4719629],[-122.93431976,55.47202307],[-122.93457251,55.472116],[-122.93491529,55.47210425],[-122.93524753,55.47210745],[-122.93557809,55.47216229],[-122.93588534,55.4722602],[-122.93604356,55.47232322],[-122.93628062,55.47243146],[-122.93649695,55.47252439],[-122.93669176,55.47260237],[-122.936739,55.47261127],[-122.93701325,55.47267322],[-122.93732605,55.47272236],[-122.93768976,55.47279748],[-122.93802508,55.47288365],[-122.93826614,55.47303426],[-122.93836079,55.47316813],[-122.93839922,55.4732721],[-122.93843094,55.47332195],[-122.93850984,55.47336396],[-122.93857287,55.47339102],[-122.9386623,55.47341808],[-122.93879402,55.47345689],[-122.9388891,55.47348395],[-122.93917222,55.47355801],[-122.93942161,55.47359789],[-122.93990696,55.47365521],[-122.94066042,55.47376345],[-122.94160774,55.47399346],[-122.94241239,55.47424056],[-122.94307449,55.4745044],[-122.94388613,55.47474829],[-122.94481956,55.4749694],[-122.94485024,55.47559855],[-122.94496429,55.47580328],[-122.94513421,55.47598201],[-122.9453979,55.47615577],[-122.94568904,55.47643741],[-122.94592943,55.47674325],[-122.94605066,55.47694585],[-122.94620354,55.47708186],[-122.94636699,55.47714453],[-122.94652513,55.47719865],[-122.9466829,55.47727057],[-122.94684105,55.47732469],[-122.94693615,55.47735175],[-122.94718914,55.47745963],[-122.94744237,55.47759458],[-122.94767418,55.47770816],[-122.94785326,55.47778328],[-122.94793073,55.47780429],[-122.9480378,55.4778374],[-122.94815389,55.47788227],[-122.94827985,55.47798125],[-122.94848559,55.478134],[-122.94853307,55.47816996],[-122.94856471,55.47819702],[-122.94859085,55.47822372],[-122.94861181,55.47825078],[-122.94862762,55.47826894],[-122.94869129,55.47834976],[-122.94875434,55.4784904],[-122.94879609,55.47858333],[-122.94881731,55.4786282],[-122.94884841,55.47872718],[-122.94895755,55.47883506],[-122.94913841,55.4789611],[-122.94942819,55.4790989],[-122.9497339,55.47920393],[-122.94982372,55.47923776],[-122.94994676,55.47928867],[-122.95010301,55.47935668],[-122.95030882,55.47941258],[-122.95051929,55.47946171],[-122.95069899,55.47953079],[-122.95088845,55.47962051],[-122.95106229,55.47973765],[-122.95119925,55.47986049],[-122.95127876,55.47995022],[-122.95136278,55.4800581],[-122.95135758,55.48009691],[-122.95135219,55.48013002],[-122.95134678,55.48015708],[-122.95136216,55.48036359],[-122.95137836,55.48040846],[-122.95139367,55.48043552],[-122.95142552,55.48048358],[-122.95147267,55.4805434],[-122.95158321,55.48066019],[-122.95178922,55.48083999],[-122.95199425,55.48098384],[-122.95209438,55.48106466],[-122.95216337,55.48112483],[-122.95219964,55.48116364],[-122.95238423,55.48133135],[-122.95256332,55.48146949],[-122.9527372,55.48157738],[-122.95297461,55.48162829],[-122.95322767,55.48168241],[-122.95349653,55.48173938],[-122.95359166,55.48175718],[-122.95368678,55.48178424],[-122.95373403,55.48179315],[-122.95386069,55.48182911],[-122.95422265,55.48188429],[-122.95448091,55.48197331],[-122.95466876,55.48209009],[-122.95489547,55.48215026],[-122.95518935,55.48219833],[-122.95543156,55.48229126],[-122.95566357,55.48236924],[-122.95579542,55.48242015],[-122.95585529,55.48245505],[-122.95588849,55.48248602],[-122.95589187,55.48251308],[-122.95588862,55.48259782],[-122.95591135,55.48272351],[-122.95599015,55.48287341],[-122.9561219,55.48298912],[-122.95654212,55.48300942],[-122.95694993,55.48305855],[-122.95734383,55.48312941],[-122.95775139,55.48315148],[-122.9577194,55.48339716],[-122.95763488,55.48366064],[-122.95759795,55.48390916],[-122.95764174,55.48410784],[-122.95783278,55.4842937],[-122.95814043,55.48449558],[-122.95852509,55.48472737],[-122.95887136,55.48504996],[-122.95914023,55.48530062],[-122.95930839,55.48545336],[-122.95947408,55.48551532],[-122.95966372,55.48556944],[-122.95971111,55.48558724],[-122.95997993,55.48569512],[-122.96006442,55.48572823],[-122.96020124,55.4857763],[-122.96029637,55.48580336],[-122.96050198,55.48587529],[-122.96028002,55.48626445],[-122.96002985,55.48667961],[-122.95975207,55.48712076],[-122.95924678,55.48755122],[-122.95861178,55.48795926],[-122.95785683,55.48839934],[-122.95713754,55.4886646],[-122.95652688,55.48894695],[-122.95668464,55.48918052],[-122.95622019,55.48966475],[-122.95563899,55.4901148],[-122.95569155,55.49038433],[-122.95570148,55.49078275],[-122.95566954,55.49130971],[-122.95568457,55.49189399],[-122.95569963,55.49246902],[-122.95569911,55.4930622],[-122.95569824,55.49366393],[-122.95569788,55.49426601],[-122.95566534,55.4948592],[-122.95599202,55.4953655],[-122.9562287,55.49586291],[-122.95637616,55.49635106],[-122.95682461,55.49627344],[-122.95726794,55.49623142],[-122.95793967,55.49631652],[-122.95847597,55.49655151],[-122.95887637,55.49693605],[-122.95849627,55.49734017],[-122.95862939,55.49749897],[-122.95877922,55.49763071],[-122.95894436,55.49773574],[-122.95903042,55.49778666],[-122.95908104,55.49782583],[-122.95910249,55.49788564],[-122.9592396,55.49794546],[-122.95946958,55.49805334],[-122.95979307,55.49820929],[-122.96015714,55.49845212],[-122.96053695,55.49867181],[-122.96093236,55.4988687],[-122.96129613,55.49895843],[-122.96157927,55.49901468],[-122.9618502,55.49905777],[-122.96204376,55.49910868],[-122.96223506,55.49918666],[-122.96242489,55.49929134],[-122.96267325,55.49941738],[-122.96296316,55.49954022],[-122.96338169,55.49965594],[-122.96381612,55.49979586],[-122.9642658,55.49996],[-122.96450834,55.50017577],[-122.96472633,55.50037623],[-122.96498878,55.5005571],[-122.96538946,55.50071199],[-122.96604358,55.50086509],[-122.96612243,55.50104454],[-122.96606798,55.50121331],[-122.96597986,55.50139525],[-122.96502995,55.50165552],[-122.96472541,55.50186097],[-122.96406537,55.50202867],[-122.96300981,55.5020981],[-122.96174715,55.50203579],[-122.96045453,55.50186061],[-122.95973782,55.50249332],[-122.95887011,55.50304627],[-122.95757241,55.50256951],[-122.95708104,55.5030306],[-122.9564544,55.50350272],[-122.95583639,55.50399372],[-122.955227,55.50450359],[-122.95490484,55.50496289],[-122.95485341,55.50541508],[-122.95507258,55.5058605],[-122.95540444,55.50635791],[-122.95571536,55.50688202],[-122.95491845,55.50711523],[-122.95406264,55.50742642],[-122.9531492,55.50781559],[-122.951935,55.50801284],[-122.95066278,55.50813817],[-122.94946479,55.50826955],[-122.94836503,55.50847749],[-122.94751874,55.50873598],[-122.94692511,55.50904397],[-122.94645475,55.50948725],[-122.94581541,55.51006406],[-122.9453131,55.51066863],[-122.94480916,55.51120485],[-122.94459225,55.51179269],[-122.94422515,55.51237875],[-122.9439919,55.51311436],[-122.94375177,55.51391298],[-122.94363901,55.51488323],[-122.94354267,55.51575484],[-122.94343068,55.51668948],[-122.94333417,55.5175878],[-122.9433809,55.51848042],[-122.94373864,55.51929222],[-122.94440791,55.52002355],[-122.94431188,55.52090407],[-122.94394675,55.5211914],[-122.94348378,55.52162436],[-122.94284785,55.52197258],[-122.941934,55.52218194],[-122.9414814,55.52244008],[-122.94091051,55.52280147],[-122.94022164,55.52326541],[-122.94012534,55.52411887],[-122.94002886,55.52500829],[-122.94022036,55.52554984],[-122.94042205,55.52600488],[-122.94050209,55.52641434],[-122.94071628,55.52678178],[-122.94092897,55.52717451],[-122.94146819,55.52760106],[-122.9421633,55.52799556],[-122.94232774,55.52805965],[-122.94266602,55.52819104],[-122.94301306,55.52832563],[-122.94385749,55.52862257],[-122.9446646,55.52895548],[-122.94421039,55.52925457],[-122.94360958,55.52946891],[-122.94299694,55.5297153],[-122.94237122,55.52999373],[-122.94202394,55.53041458],[-122.94182622,55.53085894],[-122.94314109,55.53093442],[-122.94439061,55.53104978],[-122.94558559,55.53121713],[-122.94660984,55.53139124],[-122.94665895,55.53165792],[-122.94666183,55.53194846],[-122.94661903,55.53230166],[-122.94665605,55.53255944],[-122.94631623,55.53251031],[-122.94600078,55.5325541],[-122.94571033,55.53269083],[-122.94523847,55.5329422],[-122.94472912,55.53309886],[-122.94418368,55.53316046],[-122.94402494,55.53336911],[-122.94380818,55.53353645],[-122.94353312,55.53366321],[-122.94321605,55.53377109],[-122.94363976,55.53443192],[-122.94386051,55.53516005],[-122.94402438,55.53588889],[-122.94409597,55.536554],[-122.94417283,55.53712297],[-122.94398568,55.53750928],[-122.94378584,55.53798533],[-122.94357381,55.53855145],[-122.94438633,55.53908482],[-122.94513078,55.53950282],[-122.94528945,55.53957973],[-122.94572277,55.53979015],[-122.94586929,55.53986137],[-122.94617574,55.53997245],[-122.94647838,55.54008212],[-122.94649256,55.54008746],[-122.9468515,55.54034916],[-122.9468866,55.54041431],[-122.94703074,55.54068278],[-122.94706027,55.54074616],[-122.94723061,55.54111396],[-122.9475947,55.54160851],[-122.94857546,55.54254315],[-122.94968489,55.54244595],[-122.95068881,55.54245627],[-122.95142081,55.54274005],[-122.95187127,55.54325454],[-122.95272074,55.54379681],[-122.95330667,55.54447011],[-122.9539029,55.54515836],[-122.95438258,55.54591034],[-122.95500161,55.54660927],[-122.95559074,55.5472936],[-122.95606544,55.54779386],[-122.9559861,55.54788358],[-122.95581168,55.54807229],[-122.95573202,55.54818907],[-122.95566856,55.54829696],[-122.95555787,55.54849457],[-122.9554888,55.54859925],[-122.95535486,55.54872102],[-122.95516072,55.54887163],[-122.9549866,55.5490055],[-122.95478046,55.5491052],[-122.95459361,55.5492348],[-122.95444001,55.54942956],[-122.95431982,55.54968912],[-122.95379323,55.54989563],[-122.95332107,55.5501292],[-122.95303553,55.55023994],[-122.95273425,55.55034141],[-122.95241693,55.55043434],[-122.95228992,55.5504881],[-122.95194131,55.55064085],[-122.95164023,55.55075728],[-122.95143902,55.55086801],[-122.95115179,55.55100296],[-122.9507782,55.5511614],[-122.95040845,55.55128103],[-122.9501016,55.5514765],[-122.94986862,55.55173322],[-122.94975225,55.5521765],[-122.94842004,55.55242752],[-122.94835611,55.55288576],[-122.94820567,55.55327208],[-122.94785118,55.55359217],[-122.94729299,55.55384675],[-122.9473416,55.55437798],[-122.94760471,55.55486327],[-122.94808357,55.55530264],[-122.94707949,55.55533825],[-122.94623397,55.55548067],[-122.94562218,55.55569679],[-122.94531512,55.55598235],[-122.94517741,55.55622304],[-122.9450261,55.55639359],[-122.94478976,55.55649934],[-122.94443535,55.55658586],[-122.9448793,55.55679878],[-122.94525049,55.55709145],[-122.9455388,55.55742222],[-122.9455717,55.55784842],[-122.94536678,55.55821088],[-122.94492418,55.55850925],[-122.94407325,55.55889201],[-122.94325855,55.55922136],[-122.94248162,55.55949658],[-122.94111766,55.55982807],[-122.93983255,55.56018697],[-122.93848458,55.5606445],[-122.93750591,55.56109953],[-122.93662322,55.56142247],[-122.93579825,55.56173046],[-122.93456627,55.5620623],[-122.93342355,55.56243615],[-122.9322339,55.56292359],[-122.93112414,55.562977],[-122.93034599,55.56345268],[-122.93031336,55.56390202],[-122.93021222,55.56440512],[-122.93010567,55.56498335],[-122.92999335,55.56563599],[-122.93054836,55.56576204],[-122.93030121,55.56601163],[-122.93039059,55.56626514],[-122.93080948,55.56656921],[-122.9313017,55.56705344],[-122.93154909,55.56781254],[-122.93155744,55.56879988],[-122.93146103,55.56975232],[-122.93257607,55.56989972],[-122.93369629,55.57014575],[-122.93482156,55.57049077],[-122.93528613,55.5709134],[-122.93588313,55.57130008],[-122.93643671,55.57185374],[-122.9371496,55.57236111],[-122.93849781,55.57241559],[-122.93923172,55.57287454],[-122.94001337,55.57328898],[-122.94079567,55.57365394],[-122.94152449,55.57393985],[-122.94211287,55.57424748],[-122.94264827,55.57453054],[-122.94318509,55.5747374],[-122.94380687,55.57486238],[-122.94484325,55.57503649],[-122.94582103,55.57525867],[-122.94710521,55.57554671],[-122.94710955,55.5760021],[-122.94706186,55.57642438],[-122.94701384,55.5768196],[-122.94689669,55.57728104],[-122.94760997,55.57753277],[-122.94827767,55.57784859],[-122.94881479,55.57821604],[-122.94917503,55.57873658],[-122.94950063,55.57930983],[-122.9499527,55.57992687],[-122.95061642,55.58041537],[-122.95149178,55.58077534],[-122.95240088,55.58110504],[-122.95305798,55.58159141],[-122.95372755,55.58196812],[-122.9542555,55.58239573],[-122.95499212,55.58266954],[-122.95562254,55.58317371],[-122.95643284,55.58353759],[-122.95704745,55.58398622],[-122.95756889,55.58438358],[-122.95786412,55.5849408],[-122.95892269,55.58452778],[-122.95994321,55.58418668],[-122.96038582,55.58390041],[-122.96092727,55.58367788],[-122.961807,55.5835732],[-122.96262318,55.58348383],[-122.9633761,55.58340906],[-122.9642594,55.58329868],[-122.96542275,55.58337666],[-122.96660691,55.58346389],[-122.96754261,55.58351766],[-122.96820762,55.58352905],[-122.96840437,55.58349131],[-122.9685343,55.58345677],[-122.96882011,55.58333002],[-122.96927239,55.583147],[-122.96851112,55.58239217],[-122.9687017,55.58228429],[-122.96901956,55.58205998],[-122.9692575,55.58191613],[-122.96947982,55.58174558],[-122.96960648,55.5816555],[-122.96994351,55.58149101],[-122.9703344,55.58138312],[-122.97099953,55.58126847],[-122.97176816,55.58102921],[-122.97237598,55.5806849],[-122.97260546,55.58029965],[-122.97265348,55.57991298],[-122.97271735,55.57932906],[-122.97276493,55.57896054],[-122.97296456,55.57847667],[-122.97331579,55.57794828],[-122.97381296,55.57744518],[-122.97430475,55.57701116],[-122.97472985,55.57658781],[-122.97507922,55.57632148],[-122.97535252,55.57621146],[-122.97571712,55.57613099],[-122.97605008,55.57602916],[-122.97636785,55.57587321],[-122.97682409,55.57569269],[-122.977397,55.5754342],[-122.97808637,55.57513084],[-122.97846892,55.57473776],[-122.97882889,55.57440806],[-122.9791652,55.5741428],[-122.97965152,55.57388502],[-122.98003464,55.57364254],[-122.98025469,55.57340613],[-122.9802709,55.57331035],[-122.98048902,55.57322917],[-122.98087166,55.57312591],[-122.98149088,55.5729518],[-122.98233311,55.57280546],[-122.98326007,55.5726164],[-122.98408959,55.5724284],[-122.98474339,55.57218771],[-122.98509231,55.57164153],[-122.98550494,55.57116335],[-122.98556855,55.57103766],[-122.98566386,55.5708308],[-122.9857746,55.57061539],[-122.98591233,55.57042347],[-122.98609217,55.57023797],[-122.98626685,55.57004036],[-122.98648876,55.56984275],[-122.98666319,55.569669],[-122.98684828,55.56948919],[-122.98711611,55.56931651],[-122.98740876,55.56915094],[-122.98742448,55.56914169],[-122.98767663,55.56897505],[-122.98794831,55.56876961],[-122.98823904,55.568525],[-122.98864062,55.56829428],[-122.98907959,55.56812658],[-122.98937561,55.56808457],[-122.98969958,55.56804967],[-122.98999394,55.56800089],[-122.990295,55.56792007],[-122.99064436,55.56782109],[-122.99091395,55.56774952],[-122.9911607,55.56764271],[-122.99136846,55.56756366],[-122.99172246,55.56744082],[-122.99226167,55.56724642],[-122.99338233,55.56684194],[-122.99476726,55.56642857],[-122.99483077,55.56586244],[-122.99622601,55.56552135],[-122.99562386,55.56511687],[-122.9959566,55.56508981],[-122.99632105,55.5650389],[-122.99661187,55.56498015],[-122.99682879,55.56492816],[-122.99698705,55.56485624],[-122.99724108,55.56470349],[-122.9974789,55.56455965],[-122.99766945,55.56445782],[-122.99789138,55.56435314],[-122.99826137,55.56416443],[-122.99856748,55.56395472],[-122.99881095,55.56372399],[-122.9988903,55.56364637],[-122.99905908,55.56343061],[-122.9993184,55.56307705],[-122.99982033,55.5629154],[-123.00014253,55.56278081],[-123.00044375,55.56261881],[-123.00074498,55.56246606],[-123.0010464,55.56233147],[-123.00114142,55.56228661],[-123.00122084,55.56224139],[-123.00148522,55.56210965],[-123.00179188,55.56198076],[-123.00199414,55.56188107],[-123.00219849,55.56176535],[-123.00236229,55.56164251],[-123.00244197,55.56158269],[-123.00250498,55.56154068],[-123.00269509,55.56140574],[-123.00291699,55.56125299],[-123.00315481,55.5611184],[-123.00337722,55.56100162],[-123.00362375,55.56092471],[-123.00395317,55.56086383],[-123.00446049,55.56086881],[-123.00518791,55.56084958],[-123.00604614,55.56083071],[-123.00707114,55.56074063],[-123.00794138,55.56066266],[-123.00857929,55.56061886],[-123.00909537,55.56066586],[-123.00989847,55.56085742],[-123.01095531,55.56101016],[-123.01203383,55.56117466],[-123.0131381,55.56142318],[-123.01426953,55.56175538],[-123.01455474,55.56201316],[-123.01480315,55.56208687],[-123.01510968,55.56210574],[-123.01518947,55.56209683],[-123.01530011,55.56208793],[-123.01557469,55.56204271],[-123.01578103,55.561995],[-123.01595019,55.56193803],[-123.0160398,55.56190492],[-123.01613864,55.5618832],[-123.01625138,55.56186291],[-123.01650006,55.56178529],[-123.01692789,55.5616742],[-123.01753522,55.56153036],[-123.0186612,55.56196153],[-123.01980831,55.56214027],[-123.02096734,55.56219795],[-123.02213891,55.56213458],[-123.02324187,55.56205874],[-123.02436606,55.56212318],[-123.02551119,55.56232862],[-123.02644644,55.56205909],[-123.02649329,55.56161866],[-123.02750257,55.5612829],[-123.02853307,55.56101906],[-123.02958479,55.56082715],[-123.03064145,55.5606712],[-123.0319732,55.56034434],[-123.03328382,55.56016133],[-123.034481,55.5600563],[-123.03559779,55.55999897],[-123.03631146,55.55991103],[-123.03684888,55.55983697],[-123.03720944,55.5597768],[-123.03747922,55.55975579],[-123.03755855,55.55975579],[-123.03768526,55.55976469],[-123.03810108,55.55976861],[-123.03866272,55.55974048],[-123.03954758,55.55970238],[-123.04039128,55.55980172],[-123.04118795,55.56013392],[-123.04187713,55.56066479],[-123.04258093,55.56129963],[-123.04326301,55.56181555],[-123.04378853,55.56218478],[-123.04415123,55.56235426],[-123.04430471,55.5624682],[-123.04437884,55.56254795],[-123.04439524,55.56275482],[-123.0444114,55.56293427],[-123.04444292,55.56314114],[-123.04447485,55.56332984],[-123.04452306,55.56354526],[-123.04457032,55.56375212],[-123.04461843,55.56392267],[-123.04465058,55.56412954],[-123.0446663,55.56431789],[-123.04468244,55.56454256],[-123.04496858,55.56503676],[-123.04514351,55.56562068],[-123.0452599,55.56593223],[-123.04538188,55.56615369],[-123.04555164,55.56633955],[-123.04568375,55.56648304],[-123.04571521,55.56652826],[-123.04589026,55.56671661],[-123.04617557,55.56704027],[-123.0463665,55.56715669],[-123.04663096,55.56727348],[-123.04676674,55.56731763],[-123.04685804,55.56734255],[-123.04701863,55.56734718],[-123.04723849,55.5673454],[-123.04769854,55.56731799],[-123.04811125,55.56749174],[-123.04843686,55.56757256],[-123.04881615,55.56760318],[-123.04924771,55.56758396],[-123.05004561,55.56746076],[-123.05005121,55.56793431],[-123.05001493,55.56821559],[-123.05022097,55.56837724],[-123.05044347,55.56851219],[-123.05055433,55.56858375],[-123.05079232,55.5687365],[-123.05099882,55.56888925],[-123.0511732,55.56904199],[-123.0513164,55.56913172],[-123.05155418,55.5692663],[-123.05167049,55.56933217],[-123.05180308,55.5693952],[-123.05195081,55.56945501],[-123.05222053,55.5695807],[-123.05254009,55.56966722],[-123.05289897,55.56966117],[-123.05329918,55.56956218],[-123.05332757,55.56982068],[-123.05341095,55.57004748],[-123.05426344,55.56988121],[-123.05523434,55.56973202],[-123.05548333,55.57024402],[-123.055727,55.57054952],[-123.05580672,55.57083685],[-123.05597396,55.57106971],[-123.05619828,55.57129224],[-123.05658469,55.57153756],[-123.05669032,55.57160343],[-123.0568265,55.57172307],[-123.05694956,55.57185801],[-123.05700844,55.5720396],[-123.05704574,55.57222937],[-123.0570614,55.57240882],[-123.05712518,55.57261569],[-123.05725271,55.5728222],[-123.05742748,55.57302871],[-123.05753865,55.57323522],[-123.05763411,55.57345099],[-123.05774581,55.5738074],[-123.05797352,55.57408868],[-123.0583171,55.57429519],[-123.05885888,55.57462845],[-123.05950743,55.57488766],[-123.06003026,55.57540358],[-123.06066716,55.5758757],[-123.06088746,55.5761552],[-123.06113669,55.57636777],[-123.06141358,55.57651339],[-123.06171512,55.57661202],[-123.06204794,55.57673771],[-123.06233371,55.57682708],[-123.06265145,55.5769168],[-123.0629317,55.57703074],[-123.06320669,55.57715927],[-123.06342885,55.57729386],[-123.0634765,55.57732092],[-123.06352415,55.57734798],[-123.06377863,55.57749147],[-123.06406397,55.57763496],[-123.06430233,55.57776065],[-123.06438677,55.57780266],[-123.06451901,55.57787138],[-123.06469891,55.57796716],[-123.06495984,55.57812275],[-123.06522827,55.57831751],[-123.06589127,55.57865362],[-123.06664109,55.57888079],[-123.06742176,55.57893633],[-123.06807042,55.57890072],[-123.06860271,55.57883663],[-123.06888853,55.57897122],[-123.06915797,55.57910581],[-123.06945958,55.57924966],[-123.06969772,55.57939315],[-123.06989893,55.57955479],[-123.07009485,55.57973424],[-123.07038138,55.58005754],[-123.07059989,55.58021847],[-123.07082258,55.5803082],[-123.07104817,55.58032671],[-123.071149,55.58070128],[-123.07128728,55.58097366],[-123.07160469,55.58133292],[-123.07177988,55.58155759],[-123.07192315,55.5817552],[-123.0720022,55.58188088],[-123.07232584,55.58227005],[-123.07246389,55.58252747],[-123.07256976,55.58267417],[-123.07287311,55.58291379],[-123.07318793,55.58321715],[-123.07339961,55.58356537],[-123.07348139,55.58398266],[-123.07337143,55.58443805],[-123.07332941,55.58470936],[-123.07335641,55.58495326],[-123.07338827,55.58500702],[-123.07379608,55.58533922],[-123.07423019,55.58559059],[-123.07458937,55.58533886],[-123.07478449,55.5851409],[-123.07481648,55.58498815],[-123.07496021,55.58482544],[-123.07531781,55.58467447],[-123.07597316,55.58456623],[-123.07703974,55.58461145],[-123.07843303,55.58477915],[-123.07933729,55.58492228],[-123.0791313,55.58507538],[-123.07889357,55.58521033],[-123.07878312,55.58527335],[-123.07870329,55.58531821],[-123.07849769,55.58545316],[-123.07824421,55.5855881],[-123.07795904,55.58571414],[-123.07767342,55.58584909],[-123.07741994,55.58598403],[-123.07718196,55.58613678],[-123.07697659,55.58628988],[-123.07688139,55.58635254],[-123.07669109,55.58653235],[-123.07654871,55.58672141],[-123.07639048,55.58692792],[-123.07619491,55.58710203],[-123.07597886,55.58725193],[-123.0757498,55.58740753],[-123.07553525,55.58757558],[-123.07555153,55.58778209],[-123.07556743,55.5879708],[-123.07564201,55.58816556],[-123.07576778,55.5883443],[-123.07591795,55.58851877],[-123.07594812,55.58870961],[-123.07583391,55.5889382],[-123.0752371,55.58939964],[-123.07493571,55.58957055],[-123.07458139,55.58946017],[-123.07394646,55.58929567],[-123.07303129,55.58907777],[-123.07219014,55.58890758],[-123.07191524,55.58903932],[-123.07174073,55.58916429],[-123.07160201,55.58929425],[-123.07149796,55.58942884],[-123.07127451,55.58951892],[-123.07097658,55.58952497],[-123.07060402,55.58944735],[-123.07018127,55.58933484],[-123.06976292,55.58925045],[-123.06922097,55.58981159],[-123.0689206,55.59040798],[-123.06886149,55.59103891],[-123.06891041,55.59167695],[-123.06895931,55.59230574],[-123.06902357,55.59298865],[-123.06907298,55.59368971],[-123.069406,55.59377018],[-123.06966049,55.59397669],[-123.07009033,55.59402334],[-123.07041357,55.59409526],[-123.07062861,55.59419175],[-123.07066055,55.59421881],[-123.07108486,55.59479348],[-123.07139768,55.59527272],[-123.07159929,55.59565584],[-123.07114025,55.59614434],[-123.07077072,55.59670156],[-123.07064471,55.59730187],[-123.07067239,55.59787582],[-123.07090422,55.59843269],[-123.07131072,55.59895181],[-123.07189203,55.59943284],[-123.0728554,55.59989322],[-123.0736356,55.60042195],[-123.07428614,55.60100979],[-123.07483194,55.60166529],[-123.07540493,55.60233004],[-123.07597172,55.60298838],[-123.07642838,55.6036542],[-123.07677374,55.60431788],[-123.07701289,55.60498868],[-123.07726789,55.60555445],[-123.07765682,55.60612734],[-123.0780533,55.60671909],[-123.07845657,55.60733008],[-123.07864144,55.60796065],[-123.07871826,55.60859976],[-123.07870366,55.60921075],[-123.07868934,55.60983989],[-123.0786903,55.61046868],[-123.07867595,55.61108857],[-123.07861398,55.61176258],[-123.07847925,55.6124138],[-123.07834426,55.61299202],[-123.07809126,55.61349228],[-123.07807292,55.61392951],[-123.07793446,55.61436603],[-123.0779139,55.61481038],[-123.07754648,55.61521272],[-123.07706539,55.61557946],[-123.07635204,55.6160142],[-123.07569844,55.61667645],[-123.07529241,55.61732981],[-123.07513286,55.61797391],[-123.07499103,55.61854893],[-123.07486143,55.61904812],[-123.07474392,55.61947182],[-123.07487411,55.61993967],[-123.07501106,55.62047696],[-123.07515506,55.62108296],[-123.07517222,55.62169394],[-123.07510203,55.62220702],[-123.07502932,55.62266525],[-123.07483066,55.6230149],[-123.07485601,55.62334852],[-123.07475399,55.62363194],[-123.07487646,55.62397339],[-123.07499157,55.62432375],[-123.07533659,55.62472181],[-123.07433599,55.62474959],[-123.07531976,55.62504119],[-123.07630608,55.62525126],[-123.07731741,55.6253976],[-123.07836591,55.62553148],[-123.07945131,55.6256536],[-123.08009377,55.62563829],[-123.08058825,55.62575579],[-123.08097636,55.62594022],[-123.08127832,55.62609582],[-123.08159628,55.62616454],[-123.0819761,55.62621901],[-123.08224246,55.62627491],[-123.08245454,55.62637959],[-123.08340934,55.62663061],[-123.08431376,55.62691759],[-123.08483755,55.62679119],[-123.08528729,55.62675487],[-123.08575838,55.62675487],[-123.08620306,55.62665268],[-123.0865943,55.62658931],[-123.08680428,55.62654231],[-123.08698928,55.62646327],[-123.08725381,55.62634328],[-123.08772681,55.62620513],[-123.08812077,55.62642374],[-123.08850207,55.62656403],[-123.08885306,55.62664165],[-123.08915715,55.62672924],[-123.08942755,55.62685991],[-123.0896495,55.62688982],[-123.09000448,55.62689943],[-123.09039594,55.62689516],[-123.09085666,55.6269037],[-123.09123832,55.62700233],[-123.09169854,55.6270828],[-123.09196908,55.6271095],[-123.09282571,55.62688448],[-123.09368535,55.62754851],[-123.0946068,55.62766459],[-123.09525403,55.62772227],[-123.09585444,55.62774577],[-123.09642407,55.62777211],[-123.09693781,55.62774292],[-123.09737908,55.62775752],[-123.09770535,55.62779312],[-123.09797771,55.62790172],[-123.09823375,55.6280274],[-123.09849874,55.62815594],[-123.09884854,55.62829943],[-123.09900775,55.62837099],[-123.09937312,55.62850558],[-123.09975439,55.62861311],[-123.10021514,55.62872064],[-123.1006288,55.62883707],[-123.10105911,55.62890258],[-123.10141968,55.62901616],[-123.10170939,55.62917745],[-123.10218012,55.62892857],[-123.10272413,55.62858356],[-123.1037831,55.62860385],[-123.10483647,55.62855792],[-123.10587959,55.62854225],[-123.1069012,55.62851733],[-123.10813138,55.62859816],[-123.10930221,55.62880965],[-123.11041292,55.62915217],[-123.1110871,55.62931418],[-123.11181787,55.6292565],[-123.11260381,55.62897949],[-123.11357582,55.62931097],[-123.11442184,55.62953991],[-123.11513134,55.62976173],[-123.11595072,55.62993762],[-123.11688915,55.63026021],[-123.11796597,55.6305098],[-123.11906589,55.63064047],[-123.12018449,55.6305625],[-123.12080355,55.63029261],[-123.12115562,55.63005156],[-123.1214546,55.62983437],[-123.12170147,55.62964174],[-123.12202357,55.62940461],[-123.12235586,55.62908701],[-123.12297357,55.62910838],[-123.12372208,55.62909449],[-123.12462691,55.62909342],[-123.12559603,55.62912867],[-123.12519835,55.62948045],[-123.12494723,55.62984897],[-123.12505963,55.63022318],[-123.12552125,55.63056641],[-123.12657496,55.63056534],[-123.12766549,55.63051016],[-123.1286889,55.63061306],[-123.12971498,55.63078645],[-123.13056544,55.631192],[-123.13131133,55.63156265],[-123.13195327,55.6318984],[-123.13270889,55.632122],[-123.13357971,55.63231],[-123.13443239,55.6327953],[-123.13503751,55.6333098],[-123.13539569,55.63385349],[-123.13624961,55.63425084],[-123.13709774,55.63455242],[-123.13728735,55.63471691],[-123.1375065,55.63483441],[-123.13770954,55.63491808],[-123.13794566,55.63515237],[-123.13818707,55.6355515],[-123.13853987,55.63606635],[-123.1389951,55.6365602],[-123.13958486,55.63708359],[-123.13950785,55.63773944],[-123.13939918,55.63839565],[-123.13929009,55.63899773],[-123.13922975,55.63951899],[-123.1393002,55.63995622],[-123.13950081,55.64030943],[-123.13992992,55.64024605],[-123.14048547,55.64021828],[-123.14088305,55.64021792],[-123.14132777,55.64023537],[-123.14182034,55.64027988],[-123.14224923,55.64035109],[-123.14272647,55.6404134],[-123.14323504,55.6404668],[-123.14383922,55.64056507],[-123.14426776,55.64059142],[-123.14474782,55.64042906],[-123.14528013,55.64031584],[-123.14587353,55.6402991],[-123.14647518,55.64036426],[-123.14699977,55.64030978],[-123.14798447,55.64031157],[-123.14894311,55.64033435],[-123.14973602,55.64048603],[-123.15029159,55.64078796],[-123.15060934,55.64123979],[-123.1505801,55.64187784],[-123.15063043,55.64254259],[-123.15063254,55.64317173],[-123.15060318,55.64382758],[-123.15044572,55.64416939],[-123.15038689,55.64444284],[-123.15032963,55.64471237],[-123.15027394,55.64497799],[-123.15017971,55.64523897],[-123.15037165,55.64552595],[-123.15078554,55.64581329],[-123.15142246,55.64609991],[-123.15169293,55.64617147],[-123.15145513,55.64635128],[-123.15118595,55.6465496],[-123.15088496,55.64675647],[-123.15056805,55.64696369],[-123.15023474,55.6471346],[-123.14993315,55.6472877],[-123.14958418,55.6474141],[-123.14915593,55.6475494],[-123.14879101,55.6476936],[-123.14844222,55.64788266],[-123.14846957,55.64819314],[-123.14835969,55.64853281],[-123.14799556,55.64894655],[-123.14781333,55.64926201],[-123.14776545,55.64957284],[-123.14749445,55.64982778],[-123.14732004,55.6500763],[-123.14724382,55.65031913],[-123.14719643,55.65046297],[-123.14712308,55.65071755],[-123.14702331,55.65094827],[-123.14699213,55.65102945],[-123.14692882,55.65113734],[-123.1468977,55.65124522],[-123.1467716,55.65154181],[-123.14674506,55.65159558],[-123.14670829,55.6516497],[-123.14655013,55.65186546],[-123.14636009,55.65209939],[-123.14629701,55.65221618],[-123.145981,55.65266587],[-123.14587094,55.6529176],[-123.14576065,55.65316043],[-123.14574444,55.65322309],[-123.14570179,55.65347197],[-123.1456091,55.65372762],[-123.14546686,55.65399038],[-123.14524052,55.65438311],[-123.14507291,55.65497629],[-123.14499058,55.65559618],[-123.14391073,55.65579521],[-123.14284651,55.65604516],[-123.14192088,55.65633677],[-123.14110619,55.65667609],[-123.14058862,55.65707415],[-123.14018171,55.65744801],[-123.13999797,55.65783041],[-123.13969178,55.65823809],[-123.13937568,55.65871164],[-123.13837414,55.65873977],[-123.13804946,55.65874831],[-123.13770672,55.65874048],[-123.13725305,55.65872908],[-123.13684675,55.6587476],[-123.13648846,55.65879602],[-123.13628213,55.65885904],[-123.13614981,55.65890426],[-123.13600679,55.65894628],[-123.13589597,55.65898509],[-123.13551997,55.65911255],[-123.13503493,55.65926174],[-123.13444007,55.659433],[-123.13345589,55.65976662],[-123.13238711,55.66022023],[-123.13362756,55.66043458],[-123.13335798,55.66057842],[-123.1333585,55.66065924],[-123.13342371,55.66113564],[-123.13339386,55.66179149],[-123.13278601,55.6622305],[-123.13243262,55.66261718],[-123.13233294,55.66295187],[-123.1323041,55.66319932],[-123.13223917,55.66345497],[-123.13117587,55.66395949],[-123.13042629,55.66430451],[-123.12988018,55.66466163],[-123.12965853,55.66504403],[-123.12954873,55.66544352],[-123.12965166,55.6660926],[-123.12974897,55.66674632],[-123.12973526,55.66738721],[-123.12950411,55.6679925],[-123.12948856,55.66851483],[-123.12962761,55.66894102],[-123.12992187,55.66927108],[-123.13020874,55.66941742],[-123.13046324,55.669531],[-123.13008343,55.67007078],[-123.1300381,55.67076259],[-123.13000858,55.67140063],[-123.13053324,55.67191904],[-123.13072888,55.67241396],[-123.13049367,55.67278781],[-123.12993433,55.67300892],[-123.12980319,55.67344152],[-123.12957139,55.67396492],[-123.12922921,55.67457021],[-123.12899423,55.67520434],[-123.12887853,55.67587657],[-123.12886481,55.67650535],[-123.12883454,55.6771345],[-123.12867019,55.67755393],[-123.12841112,55.67786583],[-123.12805873,55.67806985],[-123.12885969,55.67834436],[-123.12974641,55.678673],[-123.13071776,55.6790554],[-123.13067203,55.67969345],[-123.13064218,55.6803582],[-123.13171666,55.68038597],[-123.13274614,55.68062773],[-123.13373029,55.68108276],[-123.13368425,55.68172971],[-123.13458551,55.68160616],[-123.1355176,55.68147335],[-123.13636054,55.68149116],[-123.13700524,55.68178098],[-123.13720477,55.68222106],[-123.13695903,55.68272452],[-123.13627626,55.68315677],[-123.1353925,55.68356089],[-123.13457979,55.68360967],[-123.13395306,55.68385392],[-123.13367765,55.68433673],[-123.13372902,55.68489964],[-123.13401534,55.68549425],[-123.13360254,55.68565661],[-123.13328254,55.68568296],[-123.13289768,55.68569934],[-123.13252076,55.68568474],[-123.13211093,55.68568296],[-123.13172924,55.68565341],[-123.13137568,55.68559608],[-123.13088313,55.68567655],[-123.13050723,55.68589837],[-123.13043056,55.68626297],[-123.13058935,55.68669913],[-123.1309249,55.68717197],[-123.13125559,55.68768077],[-123.13067272,55.6879179],[-123.13001645,55.68822339],[-123.12933902,55.68851856],[-123.12863967,55.68880376],[-123.12800582,55.68889633],[-123.127442,55.68893372],[-123.12702852,55.68892517],[-123.12694061,55.68956642],[-123.12671398,55.69010264],[-123.1263495,55.69052527],[-123.12608621,55.69100772],[-123.1259236,55.69155925],[-123.12574145,55.69220406],[-123.12557384,55.69276342],[-123.12541962,55.69323697],[-123.12550633,55.69370517],[-123.12570918,55.69421006],[-123.12671752,55.69438559],[-123.12761088,55.69471636],[-123.12838986,55.69510268],[-123.1290331,55.69553635],[-123.12967609,55.69590415],[-123.12963034,55.6965511],[-123.13071428,55.69704423],[-123.13117639,55.69743803],[-123.13176641,55.69777094],[-123.13228858,55.69798884],[-123.13260253,55.69825517],[-123.13270779,55.69856956],[-123.13278939,55.69906376],[-123.13294808,55.69958965],[-123.13328388,55.70005644],[-123.13379616,55.70046412],[-123.13470887,55.70051717],[-123.13566381,55.70064499],[-123.13666162,55.70084758],[-123.13698689,55.70131722],[-123.13736345,55.70179611],[-123.13754667,55.70224331],[-123.13743867,55.70260791],[-123.1371246,55.7029077],[-123.1368127,55.70308466],[-123.13615838,55.70355963],[-123.13565421,55.70398441],[-123.13597236,55.70404707],[-123.1362594,55.70412754],[-123.13656172,55.70421726],[-123.13684872,55.70432479],[-123.13721507,55.70446792],[-123.13758188,55.70463527],[-123.13798215,55.70482967],[-123.13848162,55.70504473],[-123.13911168,55.70524768],[-123.13964901,55.70564219],[-123.14024277,55.70606482],[-123.14083494,55.70655653],[-123.14142569,55.70711695],[-123.14174132,55.70777636],[-123.14190827,55.70845215],[-123.14194209,55.70915286],[-123.1421005,55.70985179],[-123.14239809,55.71053933],[-123.14284118,55.71121547],[-123.14314603,55.71189126],[-123.14330786,55.71256598],[-123.14332576,55.71325779],[-123.14321343,55.71390367],[-123.14295405,55.71446801],[-123.14255205,55.71495082],[-123.14215636,55.71543362],[-123.14241359,55.7161881],[-123.14290955,55.71695112],[-123.14276193,55.71707111],[-123.14257662,55.7172032],[-123.1423381,55.71732925],[-123.14211076,55.71755107],[-123.14191554,55.71776684],[-123.14180807,55.7179559],[-123.14175713,55.7181236],[-123.14176312,55.71826424],[-123.14177406,55.71835112],[-123.14178512,55.71844405],[-123.1418496,55.71865056],[-123.14184958,55.71867762],[-123.14184975,55.71881541],[-123.14181497,55.71890122],[-123.14177075,55.71897421],[-123.14172319,55.71901907],[-123.1415807,55.71919923],[-123.14146964,55.71930997],[-123.14134843,55.71942711],[-123.14121611,55.71954995],[-123.14104127,55.71972085],[-123.14081915,55.71987395],[-123.14070822,55.71996368],[-123.14056512,55.72011678],[-123.14041181,55.72023677],[-123.14029568,55.72032685],[-123.14021625,55.72038667],[-123.1400098,55.72055757],[-123.139883,55.72072848],[-123.13983555,55.7207826],[-123.1397246,55.72089938],[-123.13964488,55.72100122],[-123.1395763,55.72109414],[-123.13951821,55.72117817],[-123.13907688,55.72182975],[-123.13881906,55.72249201],[-123.13860545,55.72310513],[-123.13834404,55.7236684],[-123.13780068,55.72416011],[-123.13711632,55.72463437],[-123.13628462,55.7251802],[-123.13672008,55.72526957],[-123.13711294,55.72532298],[-123.13746371,55.72534078],[-123.13781422,55.72539419],[-123.13810436,55.72545472],[-123.13831871,55.72551347],[-123.13854704,55.72561815],[-123.1388186,55.72577944],[-123.13927493,55.72586881],[-123.13985382,55.72594892],[-123.1402113,55.72597847],[-123.14063431,55.72603402],[-123.141123,55.7261152],[-123.14166472,55.72626652],[-123.14214844,55.72643173],[-123.14240336,55.72653],[-123.14260409,55.7266596],[-123.14281105,55.72679739],[-123.14302579,55.72694266],[-123.14312175,55.72701458],[-123.14326513,55.72713101],[-123.1435262,55.72733467],[-123.14377643,55.72754973],[-123.14401614,55.72770853],[-123.14416496,55.72784312],[-123.14425228,55.72796382],[-123.14433563,55.72811835],[-123.14435193,55.72818706],[-123.14436835,55.72828889],[-123.14438489,55.72842384],[-123.1444008,55.72853172],[-123.14442279,55.72860044],[-123.14446009,55.72869907],[-123.14451381,55.72882796],[-123.14454579,55.72889383],[-123.14460977,55.72899851],[-123.14463669,55.72908823],[-123.14467259,55.72916015],[-123.14471157,55.72921321],[-123.14475377,55.72924703],[-123.14479626,55.72927374],[-123.14483407,55.72929474],[-123.14500958,55.72943538],[-123.14510531,55.72951906],[-123.14528218,55.7299951],[-123.14529873,55.73010298],[-123.1454778,55.73030629],[-123.14559568,55.73055374],[-123.14565177,55.73084535],[-123.14545399,55.7310661],[-123.14517519,55.73124413],[-123.14517695,55.73159448],[-123.14517718,55.73181025],[-123.14517818,55.7319541],[-123.14526848,55.73204988],[-123.14547059,55.7321364],[-123.1457329,55.73227989],[-123.1460152,55.7325131],[-123.14614044,55.73288055],[-123.14612245,55.73331885],[-123.14627248,55.73357307],[-123.14652292,55.73387536],[-123.14684166,55.73394692],[-123.1472401,55.734063],[-123.14737834,55.7341018],[-123.14752722,55.73413456],[-123.14760323,55.73416768],[-123.14774654,55.73423034],[-123.14795765,55.73432291],[-123.14844847,55.73445002],[-123.14899371,55.73456432],[-123.14912134,55.73460918],[-123.14951965,55.73467149],[-123.14983829,55.7347338],[-123.15001372,55.73476976],[-123.15021534,55.73481142],[-123.15044429,55.73485913],[-123.15077874,55.73492144],[-123.15120931,55.73501081],[-123.15178666,55.73479753],[-123.1524814,55.73459601],[-123.1532305,55.73479255],[-123.15398044,55.73513507],[-123.15484915,55.73553848],[-123.15570009,55.7360074],[-123.15613817,55.73655892],[-123.15629769,55.73718771],[-123.15742474,55.73747113],[-123.1584131,55.73781401],[-123.15925891,55.73818145],[-123.16014464,55.73846273],[-123.16114568,55.73871802],[-123.16127281,55.73871802],[-123.16151747,55.73872942],[-123.16168736,55.73874437],[-123.16192829,55.73879386],[-123.16227009,55.73886329],[-123.16271277,55.73895266],[-123.16342476,55.73902957],[-123.16347209,55.73904737],[-123.16371176,55.7391638],[-123.16391408,55.73923252],[-123.16410488,55.73929839],[-123.1642862,55.73936105],[-123.16436541,55.73938776],[-123.16452549,55.73945932],[-123.16458369,55.73948638],[-123.16465305,55.73952199],[-123.16488182,55.73961172],[-123.16510679,55.73967438],[-123.16537047,55.73973669],[-123.16572517,55.73983104],[-123.16608818,55.73999055],[-123.16643255,55.74023053],[-123.16669173,55.74041105],[-123.16686599,55.7405314],[-123.16702342,55.74060012],[-123.16722211,55.74069874],[-123.16780751,55.7409227],[-123.16857856,55.7413197],[-123.16947292,55.74181568],[-123.16963166,55.74166899],[-123.16977439,55.74155469],[-123.17003385,55.74140764],[-123.17036458,55.74128659],[-123.17071258,55.74117621],[-123.17103064,55.74106797],[-123.17129017,55.74099249],[-123.17149682,55.74093231],[-123.1716458,55.74089635],[-123.1718382,55.74083226],[-123.17208009,55.74075179],[-123.17237184,55.74065566],[-123.17268689,55.74057733],[-123.17300855,55.74049508],[-123.17333696,55.74040856],[-123.17354384,55.74033664],[-123.17365007,55.74030958],[-123.17377705,55.74027326],[-123.17390972,55.74024015],[-123.17406882,55.74020098],[-123.17437106,55.74009274],[-123.17467303,55.7399756],[-123.17497487,55.7398492],[-123.17529301,55.73972316],[-123.1758556,55.73962026],[-123.1763006,55.73948211],[-123.17661166,55.73934681],[-123.17684671,55.73923252],[-123.17705814,55.73916345],[-123.17726528,55.73910042],[-123.17755661,55.73898613],[-123.17785341,55.73888359],[-123.17810822,55.73880241],[-123.17839439,55.73871233],[-123.17869648,55.73859483],[-123.17892945,55.73845704],[-123.17911453,55.73834274],[-123.17928546,55.73824661],[-123.1794904,55.73814442],[-123.17952213,55.73812662],[-123.17976046,55.73801838],[-123.17987209,55.73795536],[-123.17995136,55.73791014],[-123.18012091,55.73783501],[-123.18034902,55.73774778],[-123.1804121,55.73772108],[-123.18058711,55.7376577],[-123.18068258,55.73763064],[-123.18100079,55.73757616],[-123.18122418,55.73757581],[-123.18159024,55.73756655],[-123.18184526,55.73756299],[-123.182004,55.73755979],[-123.18206788,55.73755658],[-123.18238612,55.73752917],[-123.1827367,55.73748395],[-123.18303885,55.73744763],[-123.18343116,55.73736894],[-123.18391235,55.73729737],[-123.18448192,55.73723257],[-123.18528694,55.73727423],[-123.18593126,55.73731447],[-123.18641452,55.73735256],[-123.18657377,55.73734331],[-123.18663752,55.73733405],[-123.18696117,55.73729773],[-123.18729041,55.73727922],[-123.18755549,55.73726782],[-123.18781594,55.73724575],[-123.18799098,55.73720623],[-123.18822247,55.737187],[-123.18851122,55.73718451],[-123.1888347,55.73721406],[-123.18914962,55.73718379],[-123.18934502,55.73724931],[-123.18960039,55.73738852],[-123.18996728,55.73757189],[-123.19078077,55.73775027],[-123.19085389,55.73757047],[-123.19089031,55.73746258],[-123.19092206,55.73736965],[-123.19093768,55.73730948],[-123.19096862,55.73709407],[-123.19103511,55.7369901],[-123.19109329,55.73689112],[-123.19114192,55.73679712],[-123.19117343,55.73662657],[-123.19123578,55.73641971],[-123.19134656,55.73620394],[-123.19145664,55.73603303],[-123.19165207,55.73583186],[-123.19182826,55.73566487],[-123.19196395,55.73551711],[-123.19208026,55.73536401],[-123.19216976,55.73523227],[-123.19223291,55.73515109],[-123.1923597,55.73498909],[-123.19250203,55.73481818],[-123.19270278,55.73462912],[-123.19291404,55.73445821],[-123.19299883,55.73438309],[-123.19312022,55.73426025],[-123.19315181,55.73423319],[-123.19335788,55.73405303],[-123.19355875,55.73387322],[-123.19371066,55.73377709],[-123.19384983,55.73370196],[-123.19406182,55.73360582],[-123.19426875,55.73350969],[-123.19446998,55.73341356],[-123.19469236,55.73332312],[-123.19486693,55.7332512],[-123.19518506,55.73316966],[-123.19539179,55.73311234],[-123.19556147,55.73306712],[-123.1956941,55.733034],[-123.19594862,55.73297098],[-123.19608605,55.73292256],[-123.19628199,55.73284458],[-123.19648871,55.73269148],[-123.19653611,55.73266442],[-123.19661552,55.73255654],[-123.19664654,55.73248462],[-123.19671032,55.73240344],[-123.19674164,55.73236747],[-123.19677332,55.73232261],[-123.19689983,55.73215171],[-123.19705846,55.73197154],[-123.19726426,55.73178248],[-123.19731681,55.73173762],[-123.19739136,55.7316835],[-123.19758137,55.73152149],[-123.19772936,55.73136341],[-123.19788747,55.73120852],[-123.19805646,55.73105649],[-123.19832607,55.73084357],[-123.19853962,55.73068121],[-123.19870659,55.73051351],[-123.19878541,55.7303337],[-123.19886479,55.73019876],[-123.19907075,55.7300364],[-123.19921895,55.72992246],[-123.19930878,55.72984734],[-123.19954651,55.72972129],[-123.19967367,55.72967323],[-123.19985424,55.72961804],[-123.20000782,55.72957674],[-123.20019862,55.72954042],[-123.19986772,55.72920253],[-123.19948366,55.72881372],[-123.19918545,55.72829922],[-123.19902705,55.7277096],[-123.19899151,55.72704449],[-123.19897199,55.72634378],[-123.19924246,55.72591011],[-123.19922945,55.72545472],[-123.19893344,55.72497796],[-123.19848561,55.7245685],[-123.19796888,55.72415904],[-123.19753525,55.72383824],[-123.19725489,55.72360609],[-123.19712648,55.72340849],[-123.19701401,55.72322013],[-123.19696547,55.72310335],[-123.19689048,55.72296556],[-123.19683704,55.72287868],[-123.19680501,55.72284307],[-123.19674625,55.72274409],[-123.19667669,55.7226006],[-123.19664443,55.72257354],[-123.19651702,55.72249307],[-123.19601397,55.72243682],[-123.19555022,55.72236276],[-123.19520507,55.72227339],[-123.19492685,55.72218901],[-123.1947162,55.72210961],[-123.19456696,55.7220619],[-123.1944769,55.72202914],[-123.1941898,55.72193051],[-123.19388675,55.72183224],[-123.19370095,55.72176352],[-123.19356801,55.72171296],[-123.19350401,55.72168306],[-123.19344037,55.72164425],[-123.19316838,55.72147405],[-123.19291848,55.72124974],[-123.19265167,55.72105534],[-123.19243856,55.72088016],[-123.19222582,55.72072955],[-123.19214572,55.72063982],[-123.1920655,55.7205711],[-123.19194858,55.72045147],[-123.1917937,55.72028092],[-123.19169748,55.72010752],[-123.19165456,55.71997187],[-123.19163284,55.7198768],[-123.19163215,55.71980524],[-123.19165333,55.71971836],[-123.19166353,55.71964323],[-123.1916631,55.71958057],[-123.19166281,55.71951754],[-123.1927215,55.71901266],[-123.19380631,55.71846897],[-123.19445078,55.71816846],[-123.19496542,55.71788611],[-123.19506139,55.71790392],[-123.19553157,55.71785799],[-123.19598405,55.71784552],[-123.19624285,55.71788789],[-123.1964214,55.71792065],[-123.19652045,55.71794344],[-123.19668126,55.71792528],[-123.19687041,55.71792172],[-123.19708826,55.71793347],[-123.19743332,55.71796872],[-123.19779765,55.71796338],[-123.19821097,55.71786475],[-123.19867377,55.71767319],[-123.19918896,55.71781027],[-123.19956617,55.71789359],[-123.19980478,55.71792314],[-123.19999608,55.71793169],[-123.20020305,55.71794059],[-123.20036238,55.71795804],[-123.20045772,55.71797584],[-123.20053776,55.71799079],[-123.20066525,55.7180264],[-123.20085646,55.71808301],[-123.201032,55.71814568],[-123.20115416,55.71817238],[-123.20129731,55.71820514],[-123.20146208,55.71824395],[-123.20166921,55.71827955],[-123.20180741,55.7182913],[-123.20203551,55.7183059],[-123.20227449,55.71832335],[-123.2023219,55.71832335],[-123.20251333,55.71834115],[-123.20266701,55.71834257],[-123.20287962,55.71833723],[-123.20324535,55.71829486],[-123.20345328,55.71851027],[-123.20386963,55.71863525],[-123.20433033,55.71874242],[-123.20538903,55.7182913],[-123.20631555,55.71791531],[-123.20697705,55.71753967],[-123.20761876,55.71723632],[-123.20820939,55.71689593],[-123.20886645,55.71663993],[-123.20934598,55.71637253],[-123.20956896,55.71613362],[-123.20955213,55.7158762],[-123.20939159,55.71563373],[-123.20996321,55.7154322],[-123.21032327,55.71531791],[-123.21052487,55.71522071],[-123.21077829,55.71508042],[-123.2113125,55.71477706],[-123.21161157,55.71408454],[-123.2117219,55.71392254],[-123.21180078,55.71379685],[-123.2120866,55.71364339],[-123.21253221,55.71363378],[-123.21296211,55.71369573],[-123.21342436,55.71376694],[-123.21409779,55.71371994],[-123.21480317,55.71371674],[-123.21559402,55.71379294],[-123.21611651,55.71383495],[-123.21659228,55.71385133],[-123.21750863,55.71366974],[-123.21822926,55.71348281],[-123.21875368,55.71329019],[-123.21883862,55.71305341],[-123.21917143,55.71278922],[-123.21991473,55.7125115],[-123.22094406,55.71227117],[-123.22214934,55.71240362],[-123.2233501,55.71265606],[-123.22454584,55.71302814],[-123.22575189,55.71246913],[-123.22674958,55.71247305],[-123.22752325,55.7123819],[-123.22807443,55.71219497],[-123.22848625,55.71247981],[-123.22889732,55.71260693],[-123.22930699,55.7125763],[-123.22971506,55.71247946],[-123.23070225,55.7125674],[-123.23110008,55.71256669],[-123.23156228,55.71258378],[-123.23200772,55.71263683],[-123.23231588,55.71269024],[-123.23250187,55.71271695],[-123.23283648,55.71278816],[-123.23325072,55.71285937],[-123.23366484,55.71292132],[-123.23412672,55.71297437],[-123.23452477,55.71302742],[-123.23492322,55.71309863],[-123.23533802,55.71318765],[-123.23564053,55.71326491],[-123.23591167,55.71333042],[-123.2362091,55.71338063],[-123.23656453,55.71342798],[-123.23688339,55.71352625],[-123.23786452,55.71335962],[-123.23888704,55.71322574],[-123.23928249,55.71277569],[-123.23967794,55.71232564],[-123.24007276,55.71187559],[-123.24020174,55.71127636],[-123.24046357,55.71075189],[-123.24085903,55.71030184],[-123.24125385,55.70985179],[-123.2416493,55.70940174],[-123.24204411,55.70895169],[-123.24243956,55.70850164],[-123.24296734,55.70812601],[-123.24362859,55.70782514],[-123.24415686,55.70744986],[-123.24481809,55.707149],[-123.24494709,55.70654976],[-123.24534189,55.70609971],[-123.24613593,55.70587362],[-123.24719653,55.70579636],[-123.24838995,55.70579386],[-123.24719255,55.70512271],[-123.24798671,55.70489626],[-123.24878072,55.70467016],[-123.24957487,55.70444371],[-123.25076825,55.70444122],[-123.25161363,55.7042162],[-123.25237194,55.70393491],[-123.25271453,55.70352403],[-123.25298708,55.70308893],[-123.25295377,55.7028105],[-123.2542664,55.70234656],[-123.25547744,55.70181676],[-123.2552484,55.70164977],[-123.25517817,55.70154295],[-123.25517414,55.70144611],[-123.25527202,55.70124814],[-123.25542367,55.7009366],[-123.25551542,55.70038828],[-123.2563184,55.70016005],[-123.25698513,55.69990405],[-123.25764861,55.69972495],[-123.25831085,55.69958253],[-123.25910581,55.69953589],[-123.25990024,55.6993276],[-123.26069438,55.6991104],[-123.26148839,55.69888396],[-123.26233407,55.69878248],[-123.26309357,55.69865608],[-123.26375203,55.69854072],[-123.26438102,55.69848233],[-123.26473226,55.69866142],[-123.2653152,55.69881702],[-123.26595937,55.69895517],[-123.26624718,55.69912536],[-123.26658238,55.69929555],[-123.26704577,55.69954586],[-123.26752891,55.69968863],[-123.2680975,55.69983106],[-123.26860787,55.70000089],[-123.26900673,55.70013477],[-123.26941032,55.70023268],[-123.27010199,55.70029392],[-123.27104436,55.70034591],[-123.27133633,55.7006368],[-123.27165267,55.70083085],[-123.27199288,55.7009277],[-123.27217139,55.70095725],[-123.27231148,55.70101208],[-123.27242008,55.70113065],[-123.27253102,55.70130404],[-123.2726285,55.70156432],[-123.27277345,55.70180679],[-123.27344301,55.70202968],[-123.27409713,55.70225007],[-123.27467115,55.70247652],[-123.27533721,55.70212439],[-123.27573551,55.7022134],[-123.27610782,55.70233944],[-123.27641679,55.70249148],[-123.27666179,55.7026695],[-123.27733568,55.7027279],[-123.27826937,55.70275567],[-123.27876989,55.70304514],[-123.27907691,55.70320536],[-123.27923018,55.70333568],[-123.27922895,55.70343644],[-123.2796427,55.70341757],[-123.2804045,55.70317332],[-123.28078759,55.70328013],[-123.28117012,55.70336915],[-123.28154677,55.70342825],[-123.28190954,55.70343929],[-123.2822681,55.70343858],[-123.28298178,55.70384127],[-123.28359421,55.70412754],[-123.28454123,55.70432978],[-123.28553865,55.70459005],[-123.28673389,55.70481187],[-123.28774081,55.70514905],[-123.28859484,55.70541253],[-123.28928383,55.7055546],[-123.28992214,55.70555923],[-123.29008269,55.7058106],[-123.29035047,55.70611538],[-123.2908296,55.70637779],[-123.29152072,55.70659783],[-123.29223509,55.70676375],[-123.29282849,55.70697204],[-123.29305065,55.70681894],[-123.29374115,55.70694605],[-123.29432493,55.70700729],[-123.29480233,55.70700337],[-123.29527411,55.70697525],[-123.29573423,55.70698308],[-123.29617077,55.70700907],[-123.29658455,55.70703506],[-123.29706231,55.7070607],[-123.29748207,55.70714366],[-123.29785403,55.70725653],[-123.2981788,55.7073993],[-123.29853027,55.70755134],[-123.29883919,55.70771833],[-123.29912214,55.70790953],[-123.30007951,55.70829121],[-123.30108478,55.70859635],[-123.30154387,55.70879289],[-123.30196308,55.70901044],[-123.30227268,55.7092255],[-123.3026025,55.70939248],[-123.3028901,55.70951746],[-123.3030178,55.70960718],[-123.30311367,55.7096638],[-123.30339088,55.70977667],[-123.30391164,55.70994828],[-123.30467751,55.71017794],[-123.30591134,55.71054645],[-123.30690807,55.71092814],[-123.30762976,55.71117702],[-123.30854313,55.71125855],[-123.30950394,55.71138495],[-123.31065778,55.71169045],[-123.31093399,55.7117257],[-123.31124721,55.71175204],[-123.31206618,55.71137036],[-123.31296068,55.71106486],[-123.31415391,55.71106166],[-123.31534777,55.71105845],[-123.31658516,55.7112112],[-123.31788149,55.71147432],[-123.31820102,55.71156334],[-123.31891868,55.71176807],[-123.31917046,55.71203404],[-123.31956975,55.71225764],[-123.32011782,55.71243887],[-123.32037502,55.71276181],[-123.32080628,55.71290743],[-123.3212242,55.71297936],[-123.3215906,55.71301033],[-123.32190485,55.71300036],[-123.32212805,55.71301781],[-123.3226216,55.71301639],[-123.32311457,55.71299716],[-123.32363771,55.71294304],[-123.32420631,55.71285367],[-123.32504896,55.71273439],[-123.32611943,55.71262081],[-123.32731334,55.71261761],[-123.32799185,55.71272763],[-123.32853969,55.71273439],[-123.32895524,55.71268704],[-123.32931389,55.71263648],[-123.32974364,55.7126671],[-123.33016886,55.71272692],[-123.33056199,55.71284263],[-123.330617,55.71309009],[-123.3306141,55.71335464],[-123.33041265,55.71355189],[-123.33027813,55.71375092],[-123.33021054,55.71395174],[-123.33024727,55.71428108],[-123.33039194,55.71466704],[-123.33091719,55.71530367],[-123.33092273,55.71597767],[-123.33146845,55.71650605],[-123.33121829,55.7166086],[-123.33092898,55.71669654],[-123.33061172,55.7168411],[-123.33082894,55.71738835],[-123.33082602,55.71790071],[-123.33076844,55.71840417],[-123.33076989,55.71862884],[-123.33074002,55.7188592],[-123.33074241,55.71909598],[-123.33088786,55.71937406],[-123.33116049,55.71958911],[-123.33144161,55.71979384],[-123.33169992,55.72000676],[-123.33188247,55.72023392],[-123.3319959,55.72050345],[-123.33220471,55.72071851],[-123.33242933,55.72093357],[-123.3324797,55.72120274],[-123.33251353,55.72145447],[-123.33262133,55.72169979],[-123.3327721,55.7219387],[-123.33320401,55.72218936],[-123.33354627,55.72246388],[-123.33379811,55.72276261],[-123.33418131,55.72286052],[-123.33430943,55.72297695],[-123.33433767,55.72318666],[-123.33429727,55.72342629],[-123.33418767,55.72366021],[-123.33381663,55.72386601],[-123.33337961,55.72405792],[-123.33331971,55.72451616],[-123.33349725,55.72481418],[-123.33391901,55.72512466],[-123.33458512,55.72544724],[-123.33540518,55.7257417],[-123.33579916,55.72590406],[-123.33619171,55.72608778],[-123.33658297,55.72629251],[-123.3370363,55.72658874],[-123.33740022,55.72689531],[-123.33779843,55.7269391],[-123.33818955,55.72699286],[-123.3385357,55.72707262],[-123.33883546,55.72717872],[-123.33917078,55.7273215],[-123.33947979,55.72741051],[-123.3398143,55.72746677],[-123.34012212,55.72748956],[-123.3404992,55.72750665],[-123.34107839,55.72755009],[-123.34150853,55.72757857],[-123.34184861,55.72760456],[-123.34208589,55.72765405],[-123.34234281,55.72772598],[-123.34274192,55.72782389],[-123.34307746,55.72793071],[-123.34382901,55.72815039],[-123.34459389,55.72819596],[-123.34537118,55.72806814],[-123.34558243,55.7285449],[-123.34591524,55.72896326],[-123.34636961,55.72932323],[-123.34681868,55.72969032],[-123.34682062,55.72992389],[-123.34639931,55.73005812],[-123.3459787,55.73015995],[-123.3452937,55.73068904],[-123.34450649,55.73114337],[-123.34467153,55.73135771],[-123.34470146,55.7315425],[-123.34453755,55.73166854],[-123.34425702,55.73173726],[-123.34421264,55.73211468],[-123.3440732,55.73255547],[-123.34404239,55.73269041],[-123.34396502,55.73289728],[-123.34388702,55.73310415],[-123.34383019,55.73331991],[-123.34379516,55.73354458],[-123.34382808,55.73365247],[-123.34387636,55.73374219],[-123.34392482,55.73379596],[-123.34408582,55.73401101],[-123.34423059,55.7341723],[-123.3443606,55.73441477],[-123.34442594,55.73464799],[-123.34448992,55.73469285],[-123.34476272,55.73488085],[-123.34509366,55.73510445],[-123.34553142,55.73536365],[-123.34589822,55.73547973],[-123.3459674,55.73569514],[-123.34599418,55.73589453],[-123.34597841,55.73607825],[-123.34598417,55.73618934],[-123.34611404,55.73642255],[-123.34664292,55.73682525],[-123.34667362,55.73731625],[-123.34664026,55.73768191],[-123.3466575,55.73785246],[-123.34679321,55.73802087],[-123.3469896,55.73820388],[-123.34721951,55.73841111],[-123.34739148,55.73863221],[-123.34748928,55.73889249],[-123.34760305,55.73915561],[-123.34778103,55.73940983],[-123.34798954,55.73962489],[-123.34825135,55.73982179],[-123.34855048,55.74001868],[-123.34880754,55.74024549],[-123.34903234,55.7404755],[-123.3492254,55.74068165],[-123.34938697,55.74091487],[-123.34953227,55.74112992],[-123.34960863,55.74137239],[-123.34971189,55.74160596],[-123.34984153,55.74184808],[-123.34998638,55.74207239],[-123.35013169,55.74228745],[-123.35021345,55.74252102],[-123.34946405,55.74298709],[-123.34868403,55.74329401],[-123.34796828,55.74349019],[-123.34731476,55.743576],[-123.34664179,55.74364365],[-123.34590846,55.74379106],[-123.34511364,55.74401786],[-123.34431944,55.74424467],[-123.34351567,55.74442163],[-123.34284816,55.74458826],[-123.3421835,55.74467015],[-123.3416546,55.74489624],[-123.34102106,55.74513266],[-123.34041692,55.74545382],[-123.33979293,55.74574009],[-123.33955366,55.74555174],[-123.33928517,55.74536695],[-123.3389863,55.74520316],[-123.3387413,55.74509884],[-123.33849075,55.74500057],[-123.33814441,55.7448998],[-123.3377405,55.74482325],[-123.33737312,55.74471323],[-123.3368831,55.7445498],[-123.3363729,55.74446044],[-123.33584167,55.74447788],[-123.33529068,55.74460214],[-123.33474688,55.74431624],[-123.33360884,55.74473246],[-123.33299004,55.74500377],[-123.33244989,55.74519711],[-123.33217436,55.74527544],[-123.33185863,55.745582],[-123.33162109,55.74578922],[-123.33141581,55.74599645],[-123.33116248,55.74618587],[-123.33081291,55.74631262],[-123.33046364,55.74644828],[-123.33006665,55.74655723],[-123.32966933,55.74667508],[-123.32933617,55.74681964],[-123.32900273,55.74693429],[-123.32865839,55.74704609],[-123.32830314,55.74715504],[-123.32788988,55.74722803],[-123.32770263,55.74774075],[-123.32744805,55.74837025],[-123.32712474,55.74911689],[-123.32654518,55.7491703],[-123.32591467,55.74936969],[-123.32523446,55.74971506],[-123.32534499,55.750038],[-123.32536714,55.75035239],[-123.32517578,55.75037091],[-123.32399066,55.75024237],[-123.32302264,55.75024095],[-123.32225815,55.75027869],[-123.32176145,55.75036592],[-123.32144328,55.7504706],[-123.32113701,55.75061907],[-123.32077302,55.75073408],[-123.32035222,55.7508149],[-123.31985315,55.75079532],[-123.31908282,55.75080921],[-123.31804236,55.75085692],[-123.31751469,55.75123255],[-123.316853,55.75153377],[-123.31709334,55.75171287],[-123.31741403,55.75189196],[-123.31771778,55.7520707],[-123.31797472,55.75227685],[-123.31818869,55.75247802],[-123.31836147,55.75264715],[-123.31844582,55.75279171],[-123.31855147,55.75290137],[-123.31861454,55.75308082],[-123.31868388,55.75332329],[-123.31859196,55.75356398],[-123.31839162,55.75374236],[-123.318083,55.75385808],[-123.317685,55.75393072],[-123.31733555,55.75402151],[-123.31698593,55.75413046],[-123.31662074,55.75428392],[-123.31628123,55.75438967],[-123.31592116,55.75448331],[-123.31552881,55.75460116],[-123.31517051,55.75472899],[-123.31487269,55.75489455],[-123.31463535,55.75509786],[-123.31418916,55.75510783],[-123.31401365,55.75506332],[-123.31349522,55.75555396],[-123.31292167,55.75599155],[-123.31227847,55.75634867],[-123.3116439,55.75667089],[-123.31101746,55.75695787],[-123.31128994,55.75715513],[-123.31160986,55.75734277],[-123.31185577,55.75753681],[-123.31205961,55.75774617],[-123.31199599,55.75803564],[-123.31179326,55.75836677],[-123.31139286,55.75874205],[-123.31100274,55.75912338],[-123.31131085,55.75929927],[-123.31169429,55.75945416],[-123.31215382,55.75958768],[-123.31205787,55.76021112],[-123.31198197,55.76069642],[-123.31192661,55.76104393],[-123.31116377,55.7613156],[-123.31109736,55.76141066],[-123.31100572,55.76151356],[-123.31091037,55.76170334],[-123.31087091,55.76191839],[-123.310949,55.76234352],[-123.31106493,55.76290608],[-123.31102118,55.76340954],[-123.31145662,55.76360786],[-123.31184634,55.76390659],[-123.31208585,55.76438014],[-123.3121971,55.76497902],[-123.31233183,55.76526315],[-123.31250425,55.76551737],[-123.31268067,55.76571463],[-123.31284188,55.76592968],[-123.31298479,55.76608812],[-123.31315285,55.76623731],[-123.3133768,55.76635374],[-123.31360665,55.76654067],[-123.31386462,55.76672368],[-123.31412881,55.76694087],[-123.31439126,55.76721254],[-123.31460864,55.7675604],[-123.31492877,55.76773344],[-123.3152644,55.76789117],[-123.31563233,55.76803431],[-123.31600009,55.76818598],[-123.31628289,55.76835903],[-123.31654511,55.76854097],[-123.31677521,55.76874997],[-123.31704218,55.76896503],[-123.31736189,55.7690811],[-123.31744193,55.7691078],[-123.31752228,55.76914341],[-123.31748493,55.76918863],[-123.31742759,55.76929936],[-123.31734936,55.76947632],[-123.31736761,55.76971879],[-123.31725237,55.76996269],[-123.31708442,55.77019091],[-123.31686261,55.77040312],[-123.31662899,55.7706164],[-123.31646611,55.77087525],[-123.31642287,55.77117611],[-123.31650495,55.77150119],[-123.31666712,55.77181416],[-123.31608045,55.77219335],[-123.31581552,55.7723137],[-123.31560378,55.77239203],[-123.31528556,55.77247392],[-123.31506259,55.7725373],[-123.31487205,55.77258252],[-123.31447409,55.77264661],[-123.3142353,55.77269218],[-123.31390093,55.77278298],[-123.31310604,55.77300052],[-123.31277749,55.77313298],[-123.31248644,55.77327148],[-123.31219539,55.7734342],[-123.31186715,55.77357875],[-123.31153323,55.77370551],[-123.31123188,55.77385897],[-123.31089825,55.77399142],[-123.31054834,55.77411212],[-123.31024622,55.77422072],[-123.31019305,55.77424493],[-123.31013511,55.77427484],[-123.30993933,55.77438023],[-123.30967425,55.77447992],[-123.30934064,55.77457356],[-123.30895846,55.77465546],[-123.30857659,55.77474625],[-123.30837005,55.77480963],[-123.30856239,55.77496166],[-123.30872294,55.77511405],[-123.30880314,55.77516781],[-123.30896323,55.77528424],[-123.30921983,55.77544518],[-123.30927315,55.77549325],[-123.30937484,55.77560362],[-123.30947181,55.7757083],[-123.30964957,55.77582651],[-123.30982967,55.77592905],[-123.3100646,55.77608714],[-123.31027377,55.77630932],[-123.31047714,55.77656247],[-123.31058485,55.77672697],[-123.31067717,55.77698404],[-123.31071619,55.77720265],[-123.31074139,55.77745331],[-123.31082282,55.77768973],[-123.31096111,55.77791191],[-123.31118577,55.77810596],[-123.31139494,55.77831532],[-123.31155646,55.77855743],[-123.31174742,55.77876964],[-123.31196846,55.77896974],[-123.31221512,55.77921755],[-123.31243821,55.77946252],[-123.31267567,55.77968861],[-123.31292749,55.77989583],[-123.31329035,55.78008953],[-123.31319522,55.78012549],[-123.31306,55.78031384],[-123.31294876,55.78053958],[-123.31293003,55.78091699],[-123.31270813,55.78105834],[-123.31248116,55.7812207],[-123.3122485,55.78140407],[-123.31220116,55.78144893],[-123.31244865,55.78184664],[-123.31265357,55.78217849],[-123.31282534,55.78241882],[-123.31300793,55.78263316],[-123.31326953,55.78283006],[-123.31351596,55.78303016],[-123.31370704,55.78323418],[-123.31385957,55.78343962],[-123.31406326,55.78366963],[-123.31435734,55.7839324],[-123.31470118,55.78411826],[-123.31511763,55.78436287],[-123.31560746,55.78466587],[-123.31580281,55.78495605],[-123.3159426,55.78518926],[-123.31608085,55.78536658],[-123.3162994,55.78549084],[-123.3164281,55.78557131],[-123.31671557,55.78570554],[-123.31695064,55.78584262],[-123.31705275,55.7859473],[-123.31711872,55.78603596],[-123.3171498,55.78610859],[-123.31723609,55.78625208],[-123.317456,55.7864942],[-123.31754134,55.78658677],[-123.31763792,55.78665869],[-123.31773923,55.7867121],[-123.31780872,55.78674486],[-123.31782587,55.78693072],[-123.31778017,55.78714933],[-123.31770676,55.78731418],[-123.31772204,55.78743204],[-123.31777284,55.78754491],[-123.31789079,55.78770299],[-123.31799278,55.78784684],[-123.31804711,55.78798143],[-123.31810682,55.78808611],[-123.31820831,55.78818758],[-123.31831582,55.78828015],[-123.3184713,55.78844429],[-123.31860513,55.78861199],[-123.3186322,55.78866255],[-123.31863873,55.78877044],[-123.31859715,55.78892034],[-123.31853499,55.78910014],[-123.31855084,55.78929099],[-123.31862789,55.78945655],[-123.31870946,55.78962674],[-123.31855062,55.78975101],[-123.3184558,55.78987028],[-123.31822672,55.79000736],[-123.31807027,55.79012878],[-123.31798136,55.79030253],[-123.31794266,55.79035772],[-123.31788818,55.79040792],[-123.31781742,55.79045279],[-123.31766928,55.79054002],[-123.31748997,55.79068422],[-123.31728395,55.79088859],[-123.31723843,55.79111326],[-123.31712868,55.79137425],[-123.31705153,55.79166194],[-123.31700507,55.79189551],[-123.31694328,55.79212944],[-123.31690136,55.79220741],[-123.31683332,55.79230034],[-123.31676433,55.79236657],[-123.31669074,55.79244454],[-123.31661178,55.79253462],[-123.31644557,55.79282659],[-123.31631346,55.79312852],[-123.31618761,55.79332221],[-123.31609325,55.79352124],[-123.31606342,55.79373986],[-123.31603361,55.79398269],[-123.31604475,55.79409663],[-123.31609976,55.79427002],[-123.31618125,55.7945214],[-123.3162144,55.79462928],[-123.31634368,55.79484433],[-123.31636612,55.79503625],[-123.31636206,55.79518579],[-123.31620451,55.79542007],[-123.31611016,55.7955689],[-123.31603178,55.79573197],[-123.31601716,55.79595059],[-123.31605117,55.79618416],[-123.3161003,55.79629169],[-123.31619765,55.79654306],[-123.31631116,55.79678553],[-123.31642481,55.79700985],[-123.31650634,55.79726122],[-123.31665198,55.79749443],[-123.31679645,55.79762866],[-123.31689999,55.79768456],[-123.31703305,55.79771198],[-123.31719598,55.79771163],[-123.31753068,55.79768991],[-123.31772262,55.79776112],[-123.31801083,55.79785013],[-123.31836811,55.79797795],[-123.3186882,55.79809723],[-123.31893352,55.7982101],[-123.31911472,55.79828772],[-123.31964309,55.79852876],[-123.31999498,55.79862668],[-123.32036456,55.79872958],[-123.32076784,55.79886452],[-123.32122924,55.79914082],[-123.32167684,55.79944916],[-123.32204636,55.79979845],[-123.32219175,55.80000496],[-123.32246549,55.8003546],[-123.32267622,55.80069534],[-123.32303172,55.8012426],[-123.32321001,55.80158049],[-123.32348289,55.80185145],[-123.3238149,55.80209107],[-123.32425299,55.80234458],[-123.3247975,55.80259488],[-123.32479893,55.80277433],[-123.32543874,55.80298832],[-123.32601507,55.80322047],[-123.326538,55.80340775],[-123.32706767,55.80357616],[-123.32761537,55.80377626],[-123.32823141,55.80412413],[-123.3288074,55.80453074],[-123.32949149,55.80491528],[-123.33033097,55.80525566],[-123.33132597,55.80555154],[-123.33210353,55.80571319],[-123.3328022,55.80589193],[-123.33332971,55.80600444],[-123.3340212,55.80606533],[-123.33458512,55.80604895],[-123.33501985,55.80595459],[-123.33516463,55.80624086],[-123.33523203,55.8064933],[-123.33567683,55.80690525],[-123.33618791,55.80730652],[-123.33677146,55.80761308],[-123.33742961,55.807826],[-123.33800446,55.80790825],[-123.3385382,55.8080877],[-123.3390502,55.80830988],[-123.33944676,55.8086022],[-123.33983191,55.80887992],[-123.34026431,55.80910316],[-123.34077264,55.80944034],[-123.34119573,55.80976542],[-123.34167264,55.81015067],[-123.34204831,55.81051776],[-123.34221026,55.8108318],[-123.34227479,55.81086776],[-123.34218142,55.81117361],[-123.3421863,55.81170341],[-123.3422358,55.81191918],[-123.34226861,55.81202671],[-123.34228521,55.81208973],[-123.34240008,55.81245789],[-123.34248207,55.8126911],[-123.34249936,55.81287091],[-123.34253727,55.8134997],[-123.34253872,55.8136795],[-123.34253862,55.81371547],[-123.342541,55.81397574],[-123.34254143,55.81402986],[-123.34237297,55.81460132],[-123.34218533,55.81507416],[-123.34191571,55.81545015],[-123.34179116,55.81577914],[-123.34161914,55.81616973],[-123.34146357,55.8166205],[-123.34146765,55.81708764],[-123.34133812,55.81750742],[-123.34117115,55.8179062],[-123.34117263,55.81808601],[-123.34091943,55.81829644],[-123.34061891,55.81860869],[-123.34050034,55.81904913],[-123.34032871,55.81948102],[-123.34010351,55.81990401],[-123.3397856,55.82007563],[-123.33926164,55.82036439],[-123.3387854,55.8206624],[-123.33854976,55.82109429],[-123.33828893,55.82168498],[-123.33802773,55.82224577],[-123.33796554,55.82261321],[-123.3379755,55.82294683],[-123.3383123,55.82355889],[-123.33882174,55.82403066],[-123.33956714,55.82429236],[-123.34046183,55.82441341],[-123.34125943,55.82453803],[-123.34191185,55.82468223],[-123.34256823,55.82494963],[-123.3433751,55.82532206],[-123.34406455,55.82568844],[-123.34469532,55.82597613],[-123.34536874,55.82631865],[-123.34608484,55.826716],[-123.34698383,55.82727358],[-123.34780412,55.82796005],[-123.34775532,55.82864011],[-123.34753746,55.82925786],[-123.34715003,55.82981295],[-123.34715161,55.82999275],[-123.34784375,55.8300305],[-123.34849406,55.83016259],[-123.34906117,55.83045135],[-123.34958585,55.83080349],[-123.35011532,55.83110755],[-123.35054849,55.83137566],[-123.35101696,55.83154016],[-123.35153594,55.83167261],[-123.35208445,55.8317488],[-123.35271184,55.83169896],[-123.35326002,55.83167831],[-123.35376014,55.83165409],[-123.35421233,55.83162597],[-123.3546853,55.83155262],[-123.35514131,55.83137139],[-123.35562303,55.83129021],[-123.35613505,55.83125496],[-123.35678454,55.83129484],[-123.35754095,55.83136462],[-123.35805608,55.83102175],[-123.35853862,55.83068599],[-123.35908062,55.83041574],[-123.3598944,55.83031854],[-123.36093198,55.83036625],[-123.36176969,55.83040791],[-123.36257697,55.83041539],[-123.36350011,55.83029291],[-123.36447499,55.83019713],[-123.36565603,55.83020852],[-123.36591142,55.82964667],[-123.36623692,55.82911971],[-123.36647903,55.82942449],[-123.36689299,55.82985461],[-123.36732177,55.83018965],[-123.36770585,55.83046524],[-123.36810277,55.83065572],[-123.36855441,55.83092882],[-123.36913543,55.83121971],[-123.36978747,55.83155298],[-123.37044749,55.8315512],[-123.37110794,55.83159392],[-123.3717046,55.83164911],[-123.37227921,55.83165338],[-123.37325291,55.83163238],[-123.37405259,55.83161707],[-123.37485453,55.83163344],[-123.37564859,55.83172388],[-123.37660778,55.83185598],[-123.37784861,55.83195994],[-123.37903523,55.83196528],[-123.38020572,55.83247373],[-123.38111369,55.83280948],[-123.38162405,55.83309824],[-123.38205889,55.83334641],[-123.38241949,55.83355399],[-123.38286849,55.83374127],[-123.38320536,55.83393817],[-123.3841157,55.83451604],[-123.38484007,55.83509783],[-123.38537795,55.83568318],[-123.38520454,55.8358815],[-123.38488827,55.83618807],[-123.38449231,55.83650388],[-123.38411605,55.83670861],[-123.38377713,55.83685638],[-123.38364607,55.83706645],[-123.38343028,55.83728898],[-123.38287404,55.83755709],[-123.38236581,55.83785831],[-123.38195351,55.83817697],[-123.38160577,55.83850739],[-123.38120977,55.83885917],[-123.38084625,55.83921059],[-123.38056321,55.83963394],[-123.38010382,55.84007544],[-123.37988965,55.84043577],[-123.37977534,55.84075942],[-123.37960243,55.84100866],[-123.37948247,55.84126359],[-123.37941548,55.84152422],[-123.37923943,55.84202804],[-123.37903123,55.84249874],[-123.37879059,55.84293704],[-123.37876291,55.84335932],[-123.37863157,55.84357829],[-123.37844299,55.84383358],[-123.37819543,55.84412483],[-123.37770274,55.84436303],[-123.37725813,55.84461298],[-123.37695773,55.8449733],[-123.37668908,55.84522574],[-123.37646717,55.84543296],[-123.3763885,55.84554405],[-123.37632613,55.84568505],[-123.37589644,55.84584919],[-123.37567969,55.84600229],[-123.3755183,55.84623657],[-123.37530708,55.84655667],[-123.37493239,55.84693515],[-123.37454486,55.84720789],[-123.37407327,55.84744395],[-123.37351825,55.84764334],[-123.37297149,55.84780677],[-123.37242309,55.84799725],[-123.37179862,55.84824151],[-123.37117186,55.84839532],[-123.37055528,55.84849679],[-123.37054588,55.84880834],[-123.37044772,55.84909532],[-123.3702603,55.84935737],[-123.36997494,55.84960376],[-123.36967451,55.84992813],[-123.36924724,55.85033082],[-123.36882022,55.85075737],[-123.36839281,55.85120778],[-123.36801416,55.85167634],[-123.36761281,55.85205803],[-123.36738129,55.85233397],[-123.36576008,55.85245788],[-123.36435351,55.85251093],[-123.36319725,55.85244542],[-123.36335572,55.85283422],[-123.36344503,55.85333412],[-123.36348356,55.85398107],[-123.36347059,55.85435243],[-123.36348611,55.85486764],[-123.36352964,55.85552634],[-123.3636909,55.85625268],[-123.36398972,55.85692384],[-123.36438852,55.85738991],[-123.36474786,55.85770609],[-123.36532097,55.85801906],[-123.36592093,55.8584214],[-123.36627818,55.85902241],[-123.36664016,55.85957536],[-123.36696416,55.8600628],[-123.36725043,55.86048401],[-123.36756145,55.86071081],[-123.36799521,55.86094011],[-123.36850807,55.86113238],[-123.36904734,55.86128442],[-123.36959114,55.86135776],[-123.3701958,55.86146066],[-123.37067969,55.86157887],[-123.37113455,55.86176046],[-123.37164808,55.86201646],[-123.37239175,55.86234652],[-123.37331169,55.86275705],[-123.37387509,55.86263278],[-123.37442693,55.86248111],[-123.37496882,55.86230272],[-123.3758659,55.8622162],[-123.37690667,55.8622041],[-123.37810076,55.86232017],[-123.37862256,55.86217882],[-123.37904017,55.86202963],[-123.37967253,55.86170135],[-123.3803608,55.86142684],[-123.38099339,55.8611274],[-123.38150406,55.86074642],[-123.3823594,55.86073467],[-123.38313405,55.86075924],[-123.38397847,55.86054988],[-123.3843132,55.86044093],[-123.38488702,55.86032236],[-123.38597043,55.86001366],[-123.38732492,55.85969464],[-123.38861611,55.85940303],[-123.38875087,55.86005853],[-123.38879278,55.86108289],[-123.38889763,55.86176331],[-123.38908357,55.86246865],[-123.38939347,55.86308177],[-123.38974435,55.86357775],[-123.38992874,55.86391564],[-123.39012943,55.86424748],[-123.39034581,55.86457327],[-123.39059124,55.86515648],[-123.3906195,55.86532098],[-123.39064389,55.86562647],[-123.39061073,55.8660281],[-123.39064942,55.86638024],[-123.39062228,55.8666779],[-123.39051357,55.86696665],[-123.39019648,55.86725114],[-123.39138786,55.86760078],[-123.39225851,55.86784966],[-123.39280904,55.86799778],[-123.3936538,55.86797606],[-123.39445489,55.86798354],[-123.39521959,55.86774748],[-123.39587319,55.86761965],[-123.39655857,55.86747367],[-123.3972612,55.86738146],[-123.39777604,55.86723013],[-123.39833882,55.86703039],[-123.39899181,55.86681889],[-123.39956311,55.866643],[-123.40000042,55.866528],[-123.40049499,55.86644539],[-123.40118998,55.86614667],[-123.40186369,55.86592093],[-123.40253318,55.86572902],[-123.40320189,55.86552927],[-123.40337466,55.86521416],[-123.40420854,55.86519743],[-123.40495639,55.86521773],[-123.40534392,55.86523944],[-123.40575837,55.8651572],[-123.40620024,55.86497134],[-123.40672541,55.86509809],[-123.40710697,55.86525653],[-123.40736246,55.86543741],[-123.40750809,55.86557591],[-123.40763053,55.86573008],[-123.40768509,55.86586289],[-123.40775227,55.86603522],[-123.40784816,55.86622357],[-123.40800114,55.86658247],[-123.40815553,55.86704926],[-123.40832046,55.86738715],[-123.40861568,55.86779341],[-123.40917191,55.86817296],[-123.40972993,55.86853969],[-123.41041509,55.86882881],[-123.41109612,55.86911223],[-123.41198553,55.86929666],[-123.41297449,55.86945012],[-123.4141761,55.86970683],[-123.41519969,55.86982006],[-123.41529703,55.86994574],[-123.41544683,55.87014585],[-123.41561352,55.87030393],[-123.41585057,55.87037194],[-123.41614861,55.87037087],[-123.41675435,55.87025515],[-123.41724469,55.87059376],[-123.41796206,55.87089996],[-123.41890598,55.87117341],[-123.41944019,55.87130017],[-123.41988849,55.87140948],[-123.42021949,55.87147748],[-123.42047597,55.87155439],[-123.42082892,55.87166085],[-123.42114969,55.87179472],[-123.42151936,55.87199091],[-123.42191039,55.87214828],[-123.422338,55.87226685],[-123.42292311,55.87252143],[-123.42358958,55.87272972],[-123.42351702,55.87308826],[-123.4236458,55.87338236],[-123.42395932,55.87363694],[-123.42438467,55.87388297],[-123.42476581,55.87415143],[-123.4252165,55.87441242],[-123.42575205,55.87465418],[-123.42574445,55.87495148],[-123.42578809,55.87519502],[-123.42588247,55.87538444],[-123.42598575,55.87556069],[-123.42611659,55.87582986],[-123.42614888,55.87589253],[-123.42616518,55.87593739],[-123.42629938,55.87600896],[-123.4264376,55.87611613],[-123.42648216,55.87628668],[-123.42633163,55.87651206],[-123.42719625,55.8766349],[-123.42788677,55.87661033],[-123.42859252,55.87666303],[-123.42925034,55.87688912],[-123.42980831,55.87726369],[-123.43003583,55.87763113],[-123.43037332,55.87778281],[-123.4306563,55.87798363],[-123.43087356,55.87822645],[-123.43102636,55.8785113],[-123.43127811,55.8788029],[-123.43161346,55.87907528],[-123.43181138,55.87918245],[-123.43195509,55.87931989],[-123.43195537,55.87952142],[-123.43163943,55.87981694],[-123.43107104,55.8801794],[-123.43066467,55.88051516],[-123.43039086,55.88081994],[-123.43064925,55.88102538],[-123.43085332,55.88119557],[-123.43104208,55.88137752],[-123.43112149,55.8815089],[-123.43111575,55.88165203],[-123.43102528,55.88180585],[-123.43084894,55.88204725],[-123.43078734,55.882294],[-123.43084161,55.88254644],[-123.43105911,55.88291709],[-123.4313519,55.88339206],[-123.43152903,55.88400554],[-123.43167447,55.88412873],[-123.43182536,55.884274],[-123.43199881,55.88450722],[-123.43212959,55.88476713],[-123.43216191,55.8848298],[-123.43221158,55.88496759],[-123.43227785,55.88518906],[-123.43229676,55.88544933],[-123.43231345,55.88552125],[-123.43272214,55.88554796],[-123.43312915,55.88555437],[-123.43367251,55.88539165],[-123.43416791,55.88534501],[-123.43461471,55.88541444],[-123.4351275,55.88509399],[-123.43588682,55.88480096],[-123.43685969,55.88448585],[-123.43792579,55.8841825],[-123.43896145,55.88387736],[-123.4400391,55.88352914],[-123.44084091,55.88328382],[-123.44121612,55.88317344],[-123.4415108,55.88312538],[-123.44179838,55.88313357],[-123.44223037,55.88312289],[-123.44245372,55.88311327],[-123.44253346,55.88310401],[-123.44264509,55.8830944],[-123.44302874,55.88306912],[-123.4433908,55.88304384],[-123.4436357,55.88303102],[-123.44379365,55.88303957],[-123.44391812,55.88305096],[-123.44412175,55.88310401],[-123.44445324,55.88319588],[-123.44474703,55.88329664],[-123.44504605,55.88335254],[-123.44539329,55.88340523],[-123.44578277,55.88346363],[-123.44618496,55.88351704],[-123.44660589,55.8835416],[-123.44704633,55.88353697],[-123.44755467,55.88370859],[-123.44808898,55.88384745],[-123.44836679,55.88386454],[-123.44869151,55.88387522],[-123.4490649,55.88387985],[-123.45015147,55.88383107],[-123.45130214,55.8838268],[-123.45238359,55.88377482],[-123.4532067,55.88371286],[-123.45383162,55.88369079],[-123.45419953,55.88367833],[-123.45441834,55.88369862],[-123.45453021,55.88369827],[-123.45489769,55.88367868],[-123.45515538,55.88370681],[-123.45542587,55.88375773],[-123.45570068,55.88386169],[-123.45602996,55.88390834],[-123.45649951,55.88384959],[-123.45713578,55.88367939],[-123.45820484,55.88398418],[-123.45934985,55.88440823],[-123.45985145,55.88445417],[-123.4603203,55.88442853],[-123.46075592,55.88433097],[-123.4613774,55.88415793],[-123.46182943,55.88409028],[-123.46208271,55.88401943],[-123.46225586,55.88395391],[-123.4623495,55.88389374],[-123.46260363,55.88373992],[-123.462683,55.88370361],[-123.46334948,55.8833148],[-123.46349199,55.8831706],[-123.46373702,55.88301073],[-123.46408826,55.88285691],[-123.46454664,55.88270844],[-123.46503023,55.88260162],[-123.46520074,55.88256602],[-123.46534383,55.88252579],[-123.46546023,55.88247736],[-123.46563018,55.88241683],[-123.46586358,55.88233494],[-123.46594295,55.88229862],[-123.46614981,55.88220819],[-123.46635692,55.88215335],[-123.46645279,55.88211704],[-123.4665639,55.88208072],[-123.46674202,55.8819561],[-123.46691845,55.88186388],[-123.46709361,55.881803],[-123.46724221,55.88175173],[-123.4674958,55.88170971],[-123.46775828,55.88168087],[-123.46882795,55.88157192],[-123.4699629,55.88155554],[-123.47086333,55.88155804],[-123.47139414,55.88152635],[-123.47188193,55.88150748],[-123.47232784,55.88150178],[-123.47272717,55.8815],[-123.47320673,55.88148932],[-123.47363805,55.88147864],[-123.47406987,55.88145015],[-123.47446844,55.88141241],[-123.47490025,55.88140208],[-123.47512377,55.88137716],[-123.47539468,55.88132802],[-123.47568189,55.881291],[-123.47572989,55.88128174],[-123.47594818,55.88125717],[-123.47618736,55.88122619],[-123.4764479,55.88118917],[-123.47653092,55.88114003],[-123.47662278,55.88109267],[-123.47680273,55.88101434],[-123.47700101,55.88091643],[-123.47714687,55.88083596],[-123.47733633,55.88076261],[-123.47763528,55.88066043],[-123.47810243,55.88054507],[-123.47853323,55.8804532],[-123.47886797,55.88036028],[-123.47910703,55.88030153],[-123.47924488,55.88027981],[-123.47937832,55.88026129],[-123.4797921,55.88016089],[-123.4801589,55.88007864],[-123.48055744,55.87997823],[-123.48087569,55.87987533],[-123.48118862,55.87976317],[-123.48142319,55.8796204],[-123.48159879,55.87947086],[-123.48169517,55.87932594],[-123.48173056,55.87920097],[-123.48174478,55.87907493],[-123.48180674,55.87890402],[-123.48197965,55.878679],[-123.48203416,55.87849278],[-123.48207081,55.87829197],[-123.48265731,55.87817483],[-123.48306434,55.87806053],[-123.48336129,55.87793378],[-123.48362093,55.87780667],[-123.48394425,55.87769878],[-123.48425224,55.87761262],[-123.48434031,55.87756847],[-123.48443239,55.87750402],[-123.48458494,55.87737478],[-123.48472733,55.87724553],[-123.48489614,55.87710702],[-123.48512656,55.87693541],[-123.4854403,55.87674848],[-123.48580068,55.8765822],[-123.48618259,55.87644904],[-123.48640518,55.87637035],[-123.48659658,55.87632157],[-123.48669768,55.87630626],[-123.48682539,55.87628775],[-123.48725551,55.87621405],[-123.48814604,55.8762436],[-123.48887137,55.87630662],[-123.48930328,55.8763586],[-123.48970886,55.87638993],[-123.49013521,55.87640026],[-123.49056685,55.87641664],[-123.49079106,55.87644263],[-123.49117523,55.87651313],[-123.49154896,55.87658932],[-123.49198189,55.87666837],[-123.49244579,55.87672961],[-123.49295239,55.87675738],[-123.49304837,55.87675703],[-123.49344828,55.87679156],[-123.49383285,55.8768528],[-123.49432862,55.87689553],[-123.49465435,55.87693648],[-123.49503338,55.87700057],[-123.49547508,55.87695285],[-123.49585773,55.87685565],[-123.49618084,55.8767086],[-123.49632365,55.87663597],[-123.4972571,55.87713836],[-123.49794221,55.87767101],[-123.4984803,55.87823286],[-123.49880841,55.87861775],[-123.49908576,55.87892004],[-123.49931235,55.87913973],[-123.49952757,55.87926185],[-123.49965631,55.87934802],[-123.49980136,55.87944629],[-123.5000531,55.87957411],[-123.50040669,55.87971938],[-123.50087103,55.87977136],[-123.50128738,55.87983261],[-123.50170398,55.87988495],[-123.50215218,55.87996078],[-123.50261656,55.88001597],[-123.50293697,55.88006262],[-123.50325209,55.88012136],[-123.50356206,55.88019186],[-123.50402562,55.88031862],[-123.50451904,55.88043042],[-123.50504553,55.88049415],[-123.50558056,55.88053403],[-123.50580455,55.88056892],[-123.50617371,55.88065722],[-123.50663073,55.88070849],[-123.50709357,55.88077436],[-123.50756145,55.88085519],[-123.50801599,55.88099227],[-123.508418,55.88114217],[-123.50846575,55.88115997],[-123.50854627,55.88118667],[-123.50893147,55.88131093],[-123.50931666,55.88141704],[-123.50973319,55.88149608],[-123.51010199,55.88159364],[-123.51027333,55.88164669],[-123.51053573,55.88173535],[-123.51076054,55.88182436],[-123.51103391,55.88196714],[-123.51144081,55.88211098],[-123.51193247,55.88217792],[-123.51250774,55.8821676],[-123.51293809,55.88206683],[-123.51314228,55.88181439],[-123.51318932,55.88175137],[-123.51325247,55.88166129],[-123.51342023,55.88146902],[-123.51358321,55.88131236],[-123.51374176,55.88119201],[-123.51402687,55.88099334],[-123.51419265,55.88078967],[-123.51440108,55.88054934],[-123.51465115,55.88027162],[-123.51504959,55.88005549],[-123.51538131,55.87990239],[-123.51564694,55.87981231],[-123.51590087,55.87967665],[-123.51615037,55.87948474],[-123.51636986,55.879285],[-123.51640129,55.87923123],[-123.51647982,55.87915895],[-123.5168129,55.87895102],[-123.51690808,55.87889654],[-123.51734184,55.87864624],[-123.51793534,55.87841303],[-123.51854924,55.87825067],[-123.51910368,55.87815061],[-123.51958308,55.87814848],[-123.51999548,55.87814563],[-123.52033969,55.87811537],[-123.52062089,55.87805412],[-123.52090763,55.87799003],[-123.52138808,55.87803312],[-123.52172899,55.87804949],[-123.52201226,55.87807549],[-123.52219373,55.87811038],[-123.5223324,55.87814599],[-123.52278401,55.87762579],[-123.52321617,55.8771348],[-123.52363918,55.87665769],[-123.52417842,55.87621511],[-123.524757,55.87577254],[-123.52546561,55.87552864],[-123.52625894,55.87536166],[-123.52566622,55.87511669],[-123.5252353,55.87490164],[-123.52501373,55.87469014],[-123.52484013,55.87445123],[-123.52460308,55.87423048],[-123.52440284,55.87400973],[-123.52424005,55.87378897],[-123.52396501,55.87355647],[-123.52380234,55.87335032],[-123.52360805,55.87313562],[-123.52333286,55.87288531],[-123.52318271,55.872802],[-123.52297303,55.87269518],[-123.52279096,55.87259086],[-123.5226085,55.87249579],[-123.5224047,55.87240179],[-123.52209403,55.87227041],[-123.52172385,55.87207422],[-123.52138565,55.8718873],[-123.52121864,55.87176197],[-123.52101399,55.87157433],[-123.52138004,55.87145398],[-123.52171828,55.87128379],[-123.52217803,55.87098221],[-123.522647,55.87062687],[-123.52305314,55.8701608],[-123.52338498,55.86965022],[-123.52370879,55.86914569],[-123.5241632,55.86863654],[-123.52474444,55.86814412],[-123.52565045,55.8676371],[-123.52670712,55.86712937],[-123.52782165,55.86684275],[-123.52893135,55.86658354],[-123.52964575,55.86626309],[-123.53033887,55.86588568],[-123.53119295,55.86553853],[-123.53228956,55.86520918],[-123.53335463,55.86518675],[-123.53449933,55.86531065],[-123.53566457,55.86550007],[-123.53674986,55.86526294],[-123.53783979,55.86511127],[-123.53893408,55.86504575],[-123.53949944,55.86549224],[-123.53971143,55.86578812],[-123.54011347,55.86598395],[-123.54099723,55.86595618],[-123.54172578,55.8659989],[-123.5422664,55.86605017],[-123.54270338,55.86606228],[-123.54280422,55.86604092],[-123.54291035,55.86602561],[-123.54309263,55.86608471],[-123.54334396,55.86618547],[-123.54387423,55.86638949],[-123.54433358,55.86644753],[-123.54475523,55.86652942],[-123.54516069,55.86659066],[-123.54557185,55.86663374],[-123.54599255,55.86666187],[-123.54638743,55.86671101],[-123.54680032,55.86674626],[-123.54721783,55.86678934],[-123.54773843,55.86681676],[-123.54830746,55.86685521],[-123.54899441,55.86687907],[-123.54949775,55.86742489],[-123.55000899,55.86741386],[-123.55072332,55.86746726],[-123.55136299,55.86750358],[-123.55192776,55.86752174],[-123.55232778,55.86753598],[-123.55267097,55.86757764],[-123.55297539,55.86763105],[-123.55328851,55.86768659],[-123.55355534,55.86772718],[-123.55370493,55.86774748],[-123.55389644,55.86773786],[-123.55408751,55.86768303],[-123.55439482,55.86757657],[-123.55468736,55.86753847],[-123.55503838,55.86751996],[-123.55534074,55.86755556],[-123.55554018,55.86758654],[-123.5559879,55.86762037],[-123.55629346,55.86760292],[-123.55656255,55.86757301],[-123.55688088,55.86749076],[-123.55710853,55.86736365],[-123.55722273,55.8673074],[-123.55730939,55.86727001],[-123.55741398,55.86725043],[-123.55757528,55.86722693],[-123.55794616,55.86720129],[-123.55833094,55.86718741],[-123.55870962,55.86723085],[-123.55911015,55.86730668],[-123.55942069,55.86740709],[-123.55967777,55.86752281],[-123.5599032,55.86761182],[-123.56025598,55.86771792],[-123.56054498,55.86778842],[-123.56072691,55.86783863],[-123.56080678,55.86786533],[-123.56101018,55.86792408],[-123.56134678,55.86799458],[-123.56179295,55.86813522],[-123.56215734,55.86832037],[-123.56237925,55.86853791],[-123.56247627,55.86873196],[-123.5627639,55.86873979],[-123.56319497,55.8687227],[-123.56357838,55.86869422],[-123.56391311,55.86865363],[-123.56413646,55.8686255],[-123.56476735,55.86854397],[-123.56529965,55.86851441],[-123.56569041,55.86851477],[-123.56598856,55.86851833],[-123.56616393,55.86851441],[-123.56629203,55.868508],[-123.56669159,55.86849697],[-123.5670481,55.86847738],[-123.56730344,55.86845851],[-123.56745725,55.86843964],[-123.5676329,55.86843003],[-123.56776982,55.86844035],[-123.56792127,55.86846741],[-123.56819405,55.86856212],[-123.56830667,55.86857957],[-123.56877187,55.86871202],[-123.56912621,55.8688904],[-123.56943164,55.86901752],[-123.56960261,55.86907484],[-123.56973629,55.86911187],[-123.56984854,55.86913857],[-123.57019061,55.86921477],[-123.57048705,55.86931731],[-123.57084407,55.86945724],[-123.57126156,55.86959005],[-123.57169492,55.86972286],[-123.57217651,55.86985566],[-123.57227264,55.86987311],[-123.57264198,55.86997921],[-123.57295787,55.87010063],[-123.57325238,55.87020994],[-123.5735205,55.8703285],[-123.57382093,55.87045882],[-123.57412643,55.87060408],[-123.57435125,55.87068989],[-123.57460481,55.8707636],[-123.57492392,55.87084015],[-123.57534102,55.87094589],[-123.57543887,55.87097046],[-123.5755868,55.8710018],[-123.57588581,55.87105129],[-123.5763342,55.87112997],[-123.57652651,55.87116807],[-123.57676168,55.87122682],[-123.57693286,55.87127702],[-123.57722724,55.87134361],[-123.5775689,55.87140271],[-123.57820919,55.87146253],[-123.57867516,55.8716612],[-123.57891198,55.87181359],[-123.57906901,55.87197382],[-123.5791104,55.87212941],[-123.57917862,55.8723078],[-123.57927431,55.87250896],[-123.57950692,55.87275037],[-123.57963141,55.87291771],[-123.5797674,55.87310642],[-123.57991914,55.87327555],[-123.58022069,55.87349274],[-123.57997509,55.8737815],[-123.57963752,55.87404355],[-123.57988749,55.87434085],[-123.58022375,55.87474782],[-123.5806472,55.87526374],[-123.58110102,55.8757202],[-123.58140049,55.87602925],[-123.58155731,55.87630804],[-123.58152833,55.87649675],[-123.58149856,55.87662279],[-123.58137382,55.87684782],[-123.58120219,55.87710916],[-123.58105129,55.87736445],[-123.58084251,55.87756028],[-123.58061976,55.87774115],[-123.58061147,55.8778907],[-123.58056164,55.87810077],[-123.58054893,55.87834324],[-123.58053689,55.87860387],[-123.58054029,55.87883744],[-123.5805604,55.87910697],[-123.58054988,55.87934375],[-123.58055114,55.87957625],[-123.58056534,55.87980483],[-123.58069261,55.87998998],[-123.58088496,55.88016267],[-123.5810556,55.88028088],[-123.58125091,55.88039766],[-123.58153019,55.88052228],[-123.58200683,55.88070849],[-123.58237379,55.8808794],[-123.58277378,55.88104033],[-123.58319231,55.88112614],[-123.58351826,55.88116353],[-123.58375037,55.88115249],[-123.58395798,55.88111582],[-123.58426971,55.88107914],[-123.58468149,55.88104639],[-123.58501167,55.88103286],[-123.58534184,55.88101933],[-123.58567201,55.8810058],[-123.58610316,55.8809855],[-123.58673249,55.88100971],[-123.58711422,55.88110549],[-123.58746625,55.88124578],[-123.58775672,55.88143591],[-123.588047,55.88162319],[-123.5883008,55.88185285],[-123.58851774,55.8820793],[-123.58869755,55.88233316],[-123.58890901,55.88258062],[-123.58911942,55.88277431],[-123.58926595,55.88292919],[-123.58935964,55.88302461],[-123.58949819,55.88314389],[-123.58975109,55.88330447],[-123.59005816,55.88352772],[-123.59059279,55.88365376],[-123.59134206,55.88386276],[-123.59227498,55.88354089],[-123.59290121,55.88335218],[-123.59315497,55.88357543],[-123.59335596,55.88381719],[-123.59353491,55.88403189],[-123.59362717,55.88413941],[-123.59374716,55.88430071],[-123.59408871,55.88421917],[-123.59441886,55.88421241],[-123.59473748,55.88428077],[-123.59503798,55.88442319],[-123.59525388,55.88456276],[-123.59597315,55.88434486],[-123.59669571,55.8840917],[-123.59709527,55.88383321],[-123.59741235,55.88357294],[-123.597586,55.88340737],[-123.59776008,55.88330056],[-123.59793448,55.88321119],[-123.59803001,55.88318377],[-123.59842772,55.88306485],[-123.59894887,55.8828886],[-123.59953087,55.88273586],[-123.60000143,55.88269883],[-123.60043663,55.88270452],[-123.60101291,55.88274974],[-123.60128117,55.88276042],[-123.6014518,55.88277075],[-123.60152494,55.88278036],[-123.6019869,55.88270595],[-123.60216255,55.88267818],[-123.60254558,55.88262263],[-123.60274208,55.88260341],[-123.60296086,55.88260234],[-123.60334604,55.88258774],[-123.60362099,55.88256922],[-123.6039568,55.8824827],[-123.60434795,55.88235595],[-123.60493518,55.88208962],[-123.60493298,55.88196393],[-123.60525563,55.88212985],[-123.60543266,55.88223988],[-123.60566736,55.8823385],[-123.60588793,55.88246917],[-123.60609438,55.88263189],[-123.6062576,55.88283804],[-123.60642509,55.88298972],[-123.6066946,55.88319516],[-123.60674323,55.88323077],[-123.60685595,55.88329308],[-123.60695266,55.88335574],[-123.60719527,55.88352522],[-123.60743765,55.88370361],[-123.60761665,55.88387344],[-123.60764899,55.88390015],[-123.60769749,55.88393611],[-123.60781041,55.88401622],[-123.60793052,55.88407248],[-123.60805216,55.88412304],[-123.6081488,55.88419425],[-123.6082618,55.88426581],[-123.60841278,55.88437263],[-123.60860147,55.88451541],[-123.60879613,55.88469414],[-123.60921675,55.88499786],[-123.6094431,55.88515844],[-123.60968571,55.88535462],[-123.60997618,55.8855152],[-123.61005676,55.88556861],[-123.6103621,55.88565691],[-123.61065122,55.88575447],[-123.61090921,55.88587873],[-123.61129522,55.88601189],[-123.61137574,55.88604714],[-123.61150895,55.88608239],[-123.61161663,55.886118],[-123.61176082,55.88615609],[-123.61190528,55.8861885],[-123.61201729,55.88618778],[-123.61211858,55.88617853],[-123.61245931,55.88617069],[-123.61303998,55.88616464],[-123.61340808,55.88618992],[-123.61350386,55.88619847],[-123.61379293,55.88627787],[-123.61409835,55.88638432],[-123.61417914,55.88641388],[-123.6142489,55.88643738],[-123.61430764,55.88645482],[-123.61456532,55.88656164],[-123.61470468,55.88662074],[-123.61482249,55.8866681],[-123.6151017,55.88681337],[-123.61556394,55.88705976],[-123.61562888,55.88710426],[-123.61588696,55.88724668],[-123.61620985,55.88743397],[-123.61641975,55.88759455],[-123.61659841,55.88775548],[-123.61682592,55.88796983],[-123.61697275,55.88817598],[-123.61786297,55.88819236],[-123.61848458,55.88827389],[-123.61889206,55.88833086],[-123.61908619,55.88836291],[-123.61926184,55.88833514],[-123.61937302,55.88831662],[-123.61945287,55.88830701],[-123.61956496,55.88829775],[-123.61977234,55.88829668],[-123.62012453,55.8883038],[-123.62041223,55.88830523],[-123.62059848,55.88830131],[-123.62067358,55.88830416],[-123.62074461,55.88831769],[-123.62086113,55.88836682],[-123.62102235,55.88845192],[-123.62126418,55.88858544],[-123.62153839,55.88871896],[-123.62161857,55.88876347],[-123.6217798,55.88884358],[-123.62184964,55.88888524],[-123.62192534,55.88892654],[-123.62197913,55.88896535],[-123.62210331,55.88905436],[-123.62226528,55.88918254],[-123.62245915,55.88932532],[-123.62265295,55.88944994],[-123.62280916,55.88953325],[-123.62296421,55.88960126],[-123.62313623,55.88968137],[-123.62321664,55.88971697],[-123.62326523,55.88973442],[-123.62336173,55.88976112],[-123.62345794,55.88977857],[-123.62350548,55.88978712],[-123.62353834,55.88984088],[-123.62406835,55.88997298],[-123.62456101,55.89011148],[-123.62490699,55.89021331],[-123.62514453,55.89027313],[-123.62525662,55.89029058],[-123.62559302,55.89034256],[-123.62565757,55.89035146],[-123.62573791,55.89036891],[-123.6257859,55.8903746],[-123.62585191,55.89039134],[-123.62593615,55.89043691],[-123.62603861,55.89051133],[-123.62611726,55.89065161],[-123.62615468,55.89078015],[-123.62613017,55.89093289],[-123.62613137,55.89097811],[-123.62756172,55.89142887],[-123.62865336,55.89170197],[-123.6291869,55.89176321],[-123.62978989,55.8918038],[-123.63058998,55.89183869],[-123.63164053,55.89185115],[-123.63258803,55.89178065],[-123.63335888,55.89145522],[-123.63415051,55.89117359],[-123.63494434,55.89093788],[-123.63554423,55.8905861],[-123.63595055,55.89011896],[-123.63633351,55.89007196],[-123.63682907,55.89006947],[-123.63776851,55.89046896],[-123.63871406,55.89094927],[-123.63971304,55.89138437],[-123.64070419,55.89159301],[-123.64173329,55.89176036],[-123.64174413,55.89239805],[-123.64230507,55.89278472],[-123.64263827,55.89327109],[-123.64285679,55.89381193],[-123.64319468,55.8942894],[-123.64376426,55.89465186],[-123.64379046,55.8952778],[-123.64392285,55.89585496],[-123.64427136,55.89630465],[-123.64463368,55.89673477],[-123.64501003,55.89714636],[-123.6452684,55.89759107],[-123.64557729,55.89790119],[-123.64584594,55.89803649],[-123.6461566,55.89813476],[-123.6463975,55.8981693],[-123.64654152,55.89818639],[-123.64663734,55.89819494],[-123.64681331,55.89820313],[-123.6471335,55.8982195],[-123.64736884,55.89824194],[-123.64754461,55.89825903],[-123.64766221,55.89827042],[-123.64798396,55.89839468],[-123.64811828,55.89843563],[-123.6483697,55.89850933],[-123.64865948,55.89861579],[-123.64896452,55.89868878],[-123.64917314,55.89872973],[-123.64981833,55.89875323],[-123.65036842,55.89878634],[-123.65082227,55.89882871],[-123.65109428,55.89883654],[-123.65128553,55.89879951],[-123.65149317,55.89878954],[-123.65181265,55.89878776],[-123.65198896,55.8987867],[-123.65212391,55.89880592],[-123.65228262,55.89883619],[-123.65253482,55.89890953],[-123.65258858,55.89893019],[-123.65268472,55.89897469],[-123.65280715,55.89905196],[-123.6529116,55.89913812],[-123.65304115,55.8992485],[-123.65310743,55.89936493],[-123.65320912,55.89951019],[-123.65334699,55.89968395],[-123.65354468,55.89981391],[-123.65376692,55.89990933],[-123.65392904,55.9000343],[-123.65406984,55.90018029],[-123.65417269,55.90027571],[-123.6542697,55.90033802],[-123.65451229,55.9004986],[-123.65464148,55.90056981],[-123.6547709,55.90065882],[-123.6548684,55.90073323],[-123.65497116,55.9008105],[-123.65507373,55.90088491],[-123.65511313,55.90091162],[-123.65517755,55.90094936],[-123.65526713,55.90099778],[-123.655482,55.90107754],[-123.65570227,55.90119325],[-123.65585904,55.90129722],[-123.65617762,55.90143501],[-123.65659119,55.90161874],[-123.65709938,55.90184768],[-123.65742777,55.90214035],[-123.65767551,55.90239457],[-123.65784257,55.90261034],[-123.65803787,55.90278018],[-123.65824812,55.90294076],[-123.65849099,55.90311914],[-123.65865263,55.90321706],[-123.65871767,55.90326156],[-123.6588309,55.90335983],[-123.65897143,55.90346985],[-123.65907431,55.90356527],[-123.65913988,55.90363684],[-123.65922158,55.90375291],[-123.65927041,55.90380668],[-123.65940177,55.90401283],[-123.65949956,55.90412],[-123.65953251,55.90417377],[-123.65969202,55.90425388],[-123.65989537,55.90437245],[-123.66014116,55.90452982],[-123.66026999,55.90468577],[-123.6604027,55.90484991],[-123.66053879,55.90502188],[-123.66073384,55.90518246],[-123.66086296,55.90528073],[-123.66105854,55.90546837],[-123.66123737,55.90563821],[-123.66133431,55.90572758],[-123.66136717,55.90576319],[-123.6616265,55.90596863],[-123.66180535,55.90613846],[-123.66196821,55.90629014],[-123.66213021,55.90642402],[-123.66221094,55.90647743],[-123.66232387,55.90653974],[-123.66243172,55.90660205],[-123.66259867,55.90669106],[-123.66287294,55.90681532],[-123.66298587,55.90687763],[-123.66303462,55.90691324],[-123.66321227,55.90702931],[-123.66331563,55.90713862],[-123.66340869,55.90727676],[-123.66347558,55.90747722],[-123.66355936,55.90768338],[-123.66371234,55.90790306],[-123.66386339,55.90810103],[-123.66398945,55.90828617],[-123.66406874,55.90848912],[-123.66413676,55.90871344],[-123.664175,55.90877005],[-123.6642027,55.90882096],[-123.66433438,55.90904492],[-123.66444941,55.90922401],[-123.66448359,55.90933154],[-123.66453443,55.90952915],[-123.66460236,55.90973531],[-123.66461945,55.90978907],[-123.66463591,55.90984283],[-123.66466985,55.90993256],[-123.66468728,55.91002228],[-123.6646886,55.91009421],[-123.66477605,55.91024553],[-123.66478923,55.91039507],[-123.66472798,55.91054319],[-123.66480532,55.91069273],[-123.66497395,55.91090138],[-123.66511424,55.91121328],[-123.6652879,55.9114707],[-123.66549402,55.91167437],[-123.66566238,55.91185026],[-123.66579376,55.91203825],[-123.66595685,55.91223479],[-123.66602257,55.91232452],[-123.66613612,55.91244059],[-123.66631451,55.91258337],[-123.66646329,55.9127322],[-123.66661291,55.91286038],[-123.66673673,55.91293764],[-123.66682824,55.91298784],[-123.66688066,55.91303057],[-123.66694752,55.91309217],[-123.66704441,55.91316338],[-123.667303,55.9133058],[-123.66760937,55.91344786],[-123.66780276,55.91352762],[-123.66793162,55.91358993],[-123.66827029,55.91371383],[-123.66876395,55.91358637],[-123.66933763,55.91347742],[-123.67023329,55.91344252],[-123.67159463,55.91383347],[-123.67267883,55.91403037],[-123.6734984,55.91416282],[-123.67395774,55.91420305],[-123.67418224,55.91422085],[-123.67459781,55.91420056],[-123.6749495,55.91418952],[-123.67522152,55.9141792],[-123.675323,55.91416958],[-123.67539722,55.91416317],[-123.675477,55.91416388],[-123.6755891,55.91416816],[-123.67566929,55.9141678],[-123.67589302,55.91415748],[-123.67603706,55.91414786],[-123.6767731,55.91414359],[-123.67710834,55.91412401],[-123.67725252,55.91411404],[-123.67733227,55.91410478],[-123.67752379,55.91408555],[-123.67757177,55.9140763],[-123.67781089,55.91403036],[-123.67803062,55.91398194],[-123.67823681,55.91391394],[-123.67853195,55.91381068],[-123.67898301,55.91368321],[-123.67966615,55.91361058],[-123.68048029,55.91360809],[-123.68138876,55.91371383],[-123.68234974,55.91377151],[-123.68262944,55.91379288],[-123.68295861,55.91380107],[-123.68352755,55.91383204],[-123.68409596,55.91389969],[-123.68454608,55.91400793],[-123.68483533,55.91408128],[-123.6848782,55.91411404],[-123.68491638,55.91415249],[-123.68503119,55.91429562],[-123.68480452,55.91446475],[-123.68460537,55.91464847],[-123.68452654,55.91472075],[-123.68447893,55.91476597],[-123.68435417,55.9149294],[-123.68426076,55.91509389],[-123.68421682,55.91531571],[-123.68421763,55.91536058],[-123.68430277,55.91564755],[-123.68437042,55.91584481],[-123.68458462,55.91602248],[-123.68488405,55.91625534],[-123.68526792,55.91654374],[-123.68557738,55.91694821],[-123.68580533,55.91737334],[-123.68560439,55.91776998],[-123.68468558,55.91810254],[-123.68394608,55.91841123],[-123.68372971,55.91863875],[-123.68351443,55.91883992],[-123.68330062,55.91901367],[-123.68297444,55.9191771],[-123.68271766,55.91932842],[-123.68252976,55.91946728],[-123.68221805,55.91974358],[-123.68191175,55.91990986],[-123.68161075,55.91996647],[-123.68138264,55.92004872],[-123.68112848,55.92014272],[-123.68096276,55.92021962],[-123.68083279,55.92030614],[-123.68073845,55.92040263],[-123.68075733,55.92056428],[-123.68077428,55.92062695],[-123.68090047,55.92083915],[-123.68103718,55.92101184],[-123.68111385,55.92112827],[-123.68121827,55.92130736],[-123.68126937,55.92147791],[-123.68127274,55.92167552],[-123.6812939,55.92177913],[-123.68130306,55.92187918],[-123.68129947,55.92199276],[-123.68129651,55.92212486],[-123.68133224,55.92233101],[-123.68135162,55.92254678],[-123.68137548,55.92269027],[-123.68139847,55.92276219],[-123.6814207,55.92281596],[-123.68143728,55.92284266],[-123.68146943,55.92287862],[-123.68155152,55.92298579],[-123.6816829,55.92318269],[-123.68179827,55.92337994],[-123.6818823,55.9235861],[-123.68190002,55.92367867],[-123.6819117,55.92373849],[-123.68191067,55.92378655],[-123.68190297,55.92385563],[-123.68192131,55.92399022],[-123.68193846,55.92404398],[-123.68194242,55.92426865],[-123.68191391,55.92446661],[-123.68195563,55.92472084],[-123.6820344,55.92497791],[-123.68216574,55.9251481],[-123.68231788,55.92530868],[-123.68245431,55.92547887],[-123.68252694,55.92568503],[-123.68262715,55.92590898],[-123.68266031,55.92598091],[-123.68274299,55.92611514],[-123.68279452,55.92632165],[-123.68282914,55.9264922],[-123.68292376,55.92660329],[-123.68300891,55.92680659],[-123.68308538,55.92710176],[-123.68299319,55.92740262],[-123.68293178,55.92767251],[-123.68290243,55.92791142],[-123.68292162,55.92809087],[-123.68293878,55.92814464],[-123.68295588,55.92822546],[-123.68297335,55.92828848],[-123.68302376,55.92844087],[-123.68305764,55.9285395],[-123.68307697,55.92873711],[-123.68306229,55.92881793],[-123.68303229,55.92892581],[-123.68306408,55.92911737],[-123.68328147,55.92935593],[-123.68368525,55.92964112],[-123.68369629,55.93027917],[-123.68353448,55.93029697],[-123.68344424,55.93032047],[-123.6834257,55.93034931],[-123.68344172,55.93037922],[-123.68345895,55.93043619],[-123.683472,55.93056472],[-123.68350113,55.93072637],[-123.68354865,55.9308898],[-123.68359702,55.9310073],[-123.68368025,55.93119565],[-123.68371357,55.93126722],[-123.68375839,55.931384],[-123.6837978,55.93148654],[-123.68382097,55.93159336],[-123.68385945,55.9318547],[-123.68398817,55.93209254],[-123.68420387,55.93224493],[-123.68436202,55.93234107],[-123.68443772,55.93238629],[-123.68443926,55.93247637],[-123.6844511,55.93252408],[-123.68446307,55.93263196],[-123.68454201,55.93286197],[-123.68456877,55.93317957],[-123.68455372,55.93352708],[-123.68436432,55.93358084],[-123.68415194,55.93364493],[-123.68395474,55.9337311],[-123.68384123,55.93385144],[-123.68379345,55.93398959],[-123.68371496,55.93405261],[-123.68368343,55.93408893],[-123.68357522,55.93429615],[-123.68352864,55.93437733],[-123.68346572,55.93444961],[-123.68344329,55.93457957],[-123.68340271,55.93473232],[-123.68334562,55.93490856],[-123.68313511,55.93506523],[-123.68293643,55.93519732],[-123.68274985,55.93530414],[-123.68262855,55.93538959],[-123.68249643,55.93547006],[-123.68231711,55.93557616],[-123.68212673,55.93568796],[-123.68206851,55.93572428],[-123.68200037,55.9357784],[-123.68182717,55.93593221],[-123.6817479,55.93599559],[-123.68168459,55.93603191],[-123.68141444,55.93615297],[-123.68120841,55.93625907],[-123.68116068,55.93628613],[-123.68092287,55.9364225],[-123.68087558,55.93645846],[-123.6807644,55.93652219],[-123.68044713,55.93665856],[-123.68031969,55.93669132],[-123.68015721,55.9367579],[-123.68000415,55.9368786],[-123.67994103,55.93703882],[-123.67980032,55.93721934],[-123.67967602,55.93743547],[-123.67962667,55.93754584],[-123.67955738,55.9376669],[-123.67948938,55.93775093],[-123.67936372,55.93788658],[-123.67931758,55.93797667],[-123.67921831,55.93810306],[-123.67916137,55.93819315],[-123.67909935,55.93832524],[-123.67905297,55.93840927],[-123.6789118,55.93858089],[-123.67888581,55.93862611],[-123.67885969,55.93866491],[-123.67882417,55.93875215],[-123.67878905,55.93888709],[-123.67877452,55.93898607],[-123.67877028,55.93903094],[-123.67876539,55.9390758],[-123.67876102,55.93912102],[-123.67873201,55.93929192],[-123.67872346,55.93940871],[-123.67870372,55.93948953],[-123.67867805,55.93955576],[-123.67867113,55.9396615],[-123.67867634,55.93977722],[-123.67867958,55.93995703],[-123.67869839,55.94012758],[-123.67871603,55.94019024],[-123.67872769,55.94027712],[-123.67873542,55.94038785],[-123.6787205,55.94045087],[-123.67870624,55.94056766],[-123.67865299,55.94066985],[-123.67857673,55.94078414],[-123.67853359,55.94087137],[-123.678505,55.9409554],[-123.67844846,55.94108144],[-123.678398,55.94114767],[-123.67834887,55.94119858],[-123.67831753,55.941226],[-123.67820706,55.94131644],[-123.67819143,55.94133424],[-123.67819422,55.94150514],[-123.67864886,55.94153861],[-123.67899695,55.9416084],[-123.67923623,55.94165825],[-123.67936633,55.94168744],[-123.67960637,55.94169492],[-123.67965482,55.94169456],[-123.67992728,55.94170204],[-123.68007638,55.94170453],[-123.68021519,55.94170062],[-123.68032735,55.9416999],[-123.68058302,55.94168958],[-123.68082342,55.94167925],[-123.68091892,55.9416789],[-123.68124309,55.94170097],[-123.68160356,55.941738],[-123.68187108,55.94177539],[-123.68203842,55.94179355],[-123.68225705,55.94179711],[-123.68252734,55.94178678],[-123.68271196,55.94176257],[-123.68287862,55.94173373],[-123.68298492,55.94170311],[-123.68319381,55.94165504],[-123.6834159,55.9416141],[-123.68371435,55.94161338],[-123.68404037,55.94162549],[-123.68437713,55.94165967],[-123.68461742,55.9416732],[-123.68477791,55.94168424],[-123.68485797,55.94169278],[-123.68494903,55.94170418],[-123.68508225,55.94171842],[-123.68525889,55.94173551],[-123.68559611,55.94177859],[-123.68599761,55.94184838],[-123.68639835,55.94190001],[-123.68671941,55.94192529],[-123.68688518,55.94193917],[-123.68712047,55.94196766],[-123.68744174,55.9420378],[-123.68785883,55.94209833],[-123.68821253,55.94216847],[-123.6886299,55.9422468],[-123.68895122,55.94228988],[-123.68933554,55.94230591],[-123.6896566,55.94233119],[-123.68997697,55.94236501],[-123.69030371,55.9424291],[-123.69060396,55.94251455],[-123.69092656,55.94263846],[-123.6911523,55.94273602],[-123.69131392,55.94279797],[-123.69136219,55.94280652],[-123.69144257,55.94282432],[-123.69150655,55.94284176],[-123.69179646,55.94294787],[-123.69210332,55.94308993],[-123.69234627,55.94324126],[-123.69273424,55.94342783],[-123.69297675,55.94357025],[-123.69324043,55.94370377],[-123.69347786,55.94384619],[-123.69355853,55.94389354],[-123.69363958,55.94393485],[-123.69380108,55.94399715],[-123.69387041,55.94402065],[-123.69394573,55.94405021],[-123.69403687,55.94407655],[-123.69411913,55.94409614],[-123.69418182,55.9441086],[-123.69421889,55.94411145],[-123.69478566,55.94416129],[-123.69525178,55.94424532],[-123.69561263,55.94434715],[-123.69592268,55.94445219],[-123.69613378,55.94492218],[-123.69653477,55.9453473],[-123.69712514,55.94572721],[-123.69771514,55.94610142],[-123.69820091,55.9465059],[-123.6982126,55.94714394],[-123.69824119,55.94785356],[-123.69837724,55.94846882],[-123.69863612,55.94901642],[-123.69911425,55.9493942],[-123.69956669,55.94973387],[-123.69998993,55.94998916],[-123.70020363,55.95021668],[-123.70033142,55.95039043],[-123.700396,55.95071657],[-123.7004797,55.95120116],[-123.70050755,55.95186591],[-123.70135464,55.95218458],[-123.7019983,55.95264816],[-123.70233516,55.95324241],[-123.70246573,55.9538947],[-123.70249324,55.95452349],[-123.70244753,55.95512557],[-123.7023278,55.95570131],[-123.70219606,55.95610649],[-123.70220405,55.95634006],[-123.7022898,55.95654622],[-123.70250791,55.95671677],[-123.70285164,55.95689657],[-123.70359822,55.95717358],[-123.70461551,55.95762007],[-123.70502636,55.95787501],[-123.70549012,55.95816341],[-123.70604367,55.95849881],[-123.70647325,55.9587598],[-123.70729195,55.95916641],[-123.70808195,55.95946015],[-123.70885069,55.95972256],[-123.70968106,55.96000206],[-123.71052213,55.96034779],[-123.71137797,55.96072022],[-123.7120424,55.961025],[-123.71262121,55.96123116],[-123.71313307,55.96129418],[-123.71363612,55.96127922],[-123.7137349,55.96142236],[-123.71381284,55.96158365],[-123.71385187,55.96169118],[-123.71386994,55.96179016],[-123.71390372,55.96187953],[-123.71393691,55.96193329],[-123.71406842,55.96212129],[-123.71423186,55.96230893],[-123.71436292,55.96246096],[-123.71459183,55.96271127],[-123.71475499,55.9628811],[-123.71483713,55.96297047],[-123.71495304,55.96317627],[-123.71505356,55.9633486],[-123.71517281,55.96351345],[-123.71534606,55.96366833],[-123.71541137,55.96371284],[-123.71546,55.9637577],[-123.71555741,55.96382001],[-123.71581701,55.96400409],[-123.71609262,55.96417606],[-123.71629766,55.96430567],[-123.71646393,55.96443349],[-123.7165908,55.96455953],[-123.71678132,55.9646635],[-123.7169838,55.964734],[-123.71717186,55.96478705],[-123.71736862,55.96485078],[-123.71753206,55.96491345],[-123.71760756,55.96495796],[-123.71766159,55.96499356],[-123.7176945,55.96502952],[-123.71779251,55.9651545],[-123.71782542,55.96519046],[-123.7178912,55.96527093],[-123.71792378,55.96529763],[-123.71798862,55.96536029],[-123.71808698,55.96546747],[-123.71810365,55.96549417],[-123.71812048,55.96553903],[-123.71818673,55.96565546],[-123.71830146,55.9657986],[-123.7183504,55.96586126],[-123.71838298,55.96588796],[-123.71848653,55.96601009],[-123.71854039,55.96610872],[-123.71857269,55.96621731],[-123.71858393,55.96633623],[-123.71859126,55.96644697],[-123.71862024,55.96659651],[-123.71863725,55.96663247],[-123.71867059,55.96671294],[-123.71868853,55.96679376],[-123.718689,55.96682972],[-123.71870677,55.96691945],[-123.71874548,55.96700597],[-123.71877333,55.96705368],[-123.71878987,55.96708074],[-123.71885549,55.96717011],[-123.71893702,55.96725948],[-123.7190364,55.96741472],[-123.71908638,55.9675372],[-123.71910557,55.96770775],[-123.71913972,55.96780637],[-123.71918422,55.96792316],[-123.71920692,55.96799473],[-123.71925775,55.96814712],[-123.71926957,55.96819518],[-123.71929237,55.96825464],[-123.71932495,55.96830841],[-123.71935801,55.96837107],[-123.71939102,55.96842199],[-123.71942414,55.9684608],[-123.71945719,55.96852346],[-123.71947574,55.96866695],[-123.7194875,55.96871182],[-123.71950943,55.96875668],[-123.71959285,55.96893577],[-123.71960996,55.96898669],[-123.71963203,55.96902443],[-123.71965946,55.96906146],[-123.71970919,55.96915083],[-123.7197262,55.96921385],[-123.71972855,55.96933954],[-123.71974681,55.96943816],[-123.71977498,55.96953074],[-123.71983134,55.96968028],[-123.71986487,55.96975185],[-123.71987154,55.96982377],[-123.71986692,55.96988679],[-123.7198715,55.97011146],[-123.71992328,55.97030871],[-123.71997791,55.97038847],[-123.7200541,55.97047855],[-123.72021689,55.97061242],[-123.72097925,55.9704344],[-123.72160994,55.97026812],[-123.7221091,55.97011324],[-123.72277737,55.96987575],[-123.72348143,55.96964289],[-123.72428491,55.9693876],[-123.72518778,55.96910988],[-123.72638147,55.96869829],[-123.72752339,55.96835327],[-123.72857465,55.96801751],[-123.72963245,55.9677608],[-123.73070173,55.96754966],[-123.73048918,55.96732642],[-123.73034181,55.96712952],[-123.73029068,55.96688812],[-123.73045267,55.96658583],[-123.73082662,55.9662223],[-123.73124728,55.96570745],[-123.73137176,55.96523247],[-123.73120008,55.96479738],[-123.73116421,55.9643192],[-123.73137843,55.96377479],[-123.73180717,55.96328415],[-123.73220034,55.9629135],[-123.73273634,55.96235415],[-123.7333962,55.96175633],[-123.73443577,55.961678],[-123.73548395,55.96149214],[-123.73654088,55.9611984],[-123.73733582,55.96087902],[-123.73802528,55.96064225],[-123.7387644,55.96047811],[-123.73946137,55.9603364],[-123.74049927,55.96017439],[-123.74154712,55.95995542],[-123.74264767,55.95970618],[-123.7435217,55.95952317],[-123.74429562,55.9593188],[-123.74485422,55.95903574],[-123.74568937,55.95878009],[-123.74655054,55.9584924],[-123.74767667,55.95830191],[-123.74880516,55.95812033],[-123.74998105,55.9579277],[-123.75102869,55.95815771],[-123.75198244,55.9584244],[-123.75267057,55.95875481],[-123.75314335,55.95900156],[-123.75344479,55.95921341],[-123.75368675,55.9593245],[-123.75402509,55.95942455],[-123.75441606,55.95946407],[-123.75478054,55.95956056],[-123.75514076,55.95967521],[-123.75539907,55.95979021],[-123.75561101,55.95995079],[-123.75582265,55.96015623],[-123.75595448,55.96034387],[-123.75600477,55.96046066],[-123.75618246,55.96060237],[-123.75708949,55.96086335],[-123.75872716,55.96124362],[-123.7593254,55.96070384],[-123.76008532,55.96031966],[-123.7608546,55.96015623],[-123.76139817,55.96010781],[-123.76167754,55.96011422],[-123.76189331,55.96012063],[-123.76214973,55.96014413],[-123.76247068,55.96018721],[-123.76274919,55.96019932],[-123.76307105,55.96000776],[-123.76336912,55.95959652],[-123.7635611,55.95905105],[-123.76372183,55.95863803],[-123.76391959,55.95837206],[-123.76460782,55.95808045],[-123.76581077,55.95787821],[-123.76670166,55.95757023],[-123.76728063,55.95715614],[-123.76670671,55.95649068],[-123.76581413,55.95589144],[-123.76460254,55.95535772],[-123.76597208,55.95523844],[-123.76730734,55.95526301],[-123.76860757,55.95543178],[-123.76975896,55.95552435],[-123.77091623,55.95555212],[-123.77091524,55.95628879],[-123.77093019,55.95705253],[-123.77104679,55.95773864],[-123.77137966,55.95835354],[-123.77192817,55.95889723],[-123.77231614,55.95942811],[-123.77279712,55.95991625],[-123.77325318,55.95957195],[-123.77392504,55.95952566],[-123.77481259,55.95977775],[-123.77598178,55.95977917],[-123.77716788,55.95981692],[-123.77716499,55.96047276],[-123.77716358,55.96118238],[-123.77716091,55.96185638],[-123.77717412,55.96250333],[-123.77846825,55.96261798],[-123.77979508,55.96274723],[-123.78071117,55.96290318],[-123.78102347,55.9630221],[-123.78110644,55.96324036],[-123.78095958,55.9635576],[-123.78136412,55.96376482],[-123.78162215,55.96385882],[-123.78196967,55.96378192],[-123.78224184,55.96376518],[-123.78243854,55.96380897],[-123.78267919,55.96382713],[-123.782978,55.96382927],[-123.78351065,55.96376589],[-123.78411219,55.96385313],[-123.78474707,55.96391081],[-123.78535608,55.96408171],[-123.78582955,55.96434448],[-123.78720747,55.96437154],[-123.7871893,55.96503664],[-123.78720448,55.96579112],[-123.78720161,55.96645622],[-123.78721544,55.96712097],[-123.78719651,55.96776792],[-123.78719364,55.96840597],[-123.78717581,55.96912484],[-123.78859806,55.96903903],[-123.79000967,55.96902585],[-123.79047353,55.96903364],[-123.79135069,55.96904829],[-123.79268814,55.96914656],[-123.79394288,55.96939615],[-123.79449687,55.96993557],[-123.79536954,55.97039025],[-123.79656102,55.97075983],[-123.79788493,55.97098806],[-123.79801664,55.971614],[-123.79841855,55.97217763],[-123.79928708,55.97260632],[-123.79950295,55.97266281],[-123.80048851,55.97292071],[-123.8005032,55.97365738],[-123.8005166,55.97429543],[-123.80146576,55.97447808],[-123.80217325,55.97484767],[-123.8026388,55.97540489],[-123.80326384,55.97583001],[-123.80376337,55.97630499],[-123.80388095,55.97699324],[-123.80411654,55.97764161],[-123.80446548,55.97824725],[-123.80480915,55.97885005],[-123.80521683,55.97943148],[-123.80535064,55.97962672],[-123.80561922,55.98001861],[-123.80601606,55.98061215],[-123.8060141,55.98130396],[-123.80601138,55.98193311],[-123.80599276,55.98256225],[-123.8060226,55.983227],[-123.80615376,55.98381306],[-123.80652674,55.98427486],[-123.8071409,55.9846124],[-123.80770534,55.98519562],[-123.80803345,55.98582547],[-123.80812599,55.98650161],[-123.80812328,55.98713966],[-123.80802867,55.98780227],[-123.80769727,55.98839332],[-123.80697861,55.98886224],[-123.80598266,55.98927419],[-123.80481218,55.98978193],[-123.8036682,55.99028681],[-123.80469238,55.99053248],[-123.80549094,55.99090171],[-123.80591567,55.99145217],[-123.80619641,55.99203716],[-123.80647996,55.99255664],[-123.8069474,55.99291269],[-123.80748058,55.99319019],[-123.80779927,55.99315322],[-123.80789572,55.99315265],[-123.80826396,55.99310523],[-123.80859858,55.99304826],[-123.80893466,55.99303725],[-123.80907984,55.99302743],[-123.80930391,55.99300777],[-123.80973541,55.99294239],[-123.81008604,55.99281398],[-123.81035575,55.99276821],[-123.81054763,55.99271325],[-123.81091433,55.99262097],[-123.81129768,55.99259061],[-123.81171515,55.99256083],[-123.81211506,55.99252179],[-123.81235511,55.99250351],[-123.81272436,55.99247402],[-123.81302778,55.9923997],[-123.81315388,55.99237162],[-123.81349093,55.99230683],[-123.8138079,55.9922417],[-123.81414294,55.99217688],[-123.81440008,55.99210399],[-123.81462159,55.99202153],[-123.81497373,55.99193795],[-123.81511536,55.99188324]]]},"geometry_name":"SHAPE","properties":{"id":312,"slug":"prince-george-mackenzie","name":"Prince George-Mackenzie","abbreviation":"PRM","gazetteDate":"2023-12-07Z","boundarySet":11},"bbox":[-124.02860278,53.71569554,-121.41264333,55.99319019]}
